ARM GAS  C:\Users\31005\AppData\Local\Temp\ccDX7XtF.s 			page 1


   1              		.cpu cortex-m4
   2              		.arch armv7e-m
   3              		.fpu fpv4-sp-d16
   4              		.eabi_attribute 27, 1
   5              		.eabi_attribute 28, 1
   6              		.eabi_attribute 20, 1
   7              		.eabi_attribute 21, 1
   8              		.eabi_attribute 23, 3
   9              		.eabi_attribute 24, 1
  10              		.eabi_attribute 25, 1
  11              		.eabi_attribute 26, 1
  12              		.eabi_attribute 30, 1
  13              		.eabi_attribute 34, 1
  14              		.eabi_attribute 18, 4
  15              		.file	"cmsis_os2.c"
  16              		.text
  17              	.Ltext0:
  18              		.cfi_sections	.debug_frame
  19              		.file 1 "Middlewares/Third_Party/FreeRTOS/Source/CMSIS_RTOS_V2/cmsis_os2.c"
  20              		.section	.text.TimerCallback,"ax",%progbits
  21              		.align	1
  22              		.syntax unified
  23              		.thumb
  24              		.thumb_func
  26              	TimerCallback:
  27              	.LVL0:
  28              	.LFB138:
   1:Middlewares/Third_Party/FreeRTOS/Source/CMSIS_RTOS_V2/cmsis_os2.c **** /* --------------------------------------------------------------------------
   2:Middlewares/Third_Party/FreeRTOS/Source/CMSIS_RTOS_V2/cmsis_os2.c ****  * Portions Copyright © 2017 STMicroelectronics International N.V. All rights reserved.
   3:Middlewares/Third_Party/FreeRTOS/Source/CMSIS_RTOS_V2/cmsis_os2.c ****  * Portions Copyright (c) 2013-2017 ARM Limited. All rights reserved.
   4:Middlewares/Third_Party/FreeRTOS/Source/CMSIS_RTOS_V2/cmsis_os2.c ****  * --------------------------------------------------------------------------
   5:Middlewares/Third_Party/FreeRTOS/Source/CMSIS_RTOS_V2/cmsis_os2.c ****  *
   6:Middlewares/Third_Party/FreeRTOS/Source/CMSIS_RTOS_V2/cmsis_os2.c ****  * SPDX-License-Identifier: Apache-2.0
   7:Middlewares/Third_Party/FreeRTOS/Source/CMSIS_RTOS_V2/cmsis_os2.c ****  *
   8:Middlewares/Third_Party/FreeRTOS/Source/CMSIS_RTOS_V2/cmsis_os2.c ****  * Licensed under the Apache License, Version 2.0 (the License); you may
   9:Middlewares/Third_Party/FreeRTOS/Source/CMSIS_RTOS_V2/cmsis_os2.c ****  * not use this file except in compliance with the License.
  10:Middlewares/Third_Party/FreeRTOS/Source/CMSIS_RTOS_V2/cmsis_os2.c ****  * You may obtain a copy of the License at
  11:Middlewares/Third_Party/FreeRTOS/Source/CMSIS_RTOS_V2/cmsis_os2.c ****  *
  12:Middlewares/Third_Party/FreeRTOS/Source/CMSIS_RTOS_V2/cmsis_os2.c ****  * www.apache.org/licenses/LICENSE-2.0
  13:Middlewares/Third_Party/FreeRTOS/Source/CMSIS_RTOS_V2/cmsis_os2.c ****  *
  14:Middlewares/Third_Party/FreeRTOS/Source/CMSIS_RTOS_V2/cmsis_os2.c ****  * Unless required by applicable law or agreed to in writing, software
  15:Middlewares/Third_Party/FreeRTOS/Source/CMSIS_RTOS_V2/cmsis_os2.c ****  * distributed under the License is distributed on an AS IS BASIS, WITHOUT
  16:Middlewares/Third_Party/FreeRTOS/Source/CMSIS_RTOS_V2/cmsis_os2.c ****  * WARRANTIES OR CONDITIONS OF ANY KIND, either express or implied.
  17:Middlewares/Third_Party/FreeRTOS/Source/CMSIS_RTOS_V2/cmsis_os2.c ****  * See the License for the specific language governing permissions and
  18:Middlewares/Third_Party/FreeRTOS/Source/CMSIS_RTOS_V2/cmsis_os2.c ****  * limitations under the License.
  19:Middlewares/Third_Party/FreeRTOS/Source/CMSIS_RTOS_V2/cmsis_os2.c ****  *
  20:Middlewares/Third_Party/FreeRTOS/Source/CMSIS_RTOS_V2/cmsis_os2.c ****  *      Name:    cmsis_os2.c
  21:Middlewares/Third_Party/FreeRTOS/Source/CMSIS_RTOS_V2/cmsis_os2.c ****  *      Purpose: CMSIS RTOS2 wrapper for FreeRTOS
  22:Middlewares/Third_Party/FreeRTOS/Source/CMSIS_RTOS_V2/cmsis_os2.c ****  *
  23:Middlewares/Third_Party/FreeRTOS/Source/CMSIS_RTOS_V2/cmsis_os2.c ****  *---------------------------------------------------------------------------*/
  24:Middlewares/Third_Party/FreeRTOS/Source/CMSIS_RTOS_V2/cmsis_os2.c **** 
  25:Middlewares/Third_Party/FreeRTOS/Source/CMSIS_RTOS_V2/cmsis_os2.c **** #include <string.h>
  26:Middlewares/Third_Party/FreeRTOS/Source/CMSIS_RTOS_V2/cmsis_os2.c **** 
  27:Middlewares/Third_Party/FreeRTOS/Source/CMSIS_RTOS_V2/cmsis_os2.c **** #include "cmsis_os2.h"                  // ::CMSIS:RTOS2
  28:Middlewares/Third_Party/FreeRTOS/Source/CMSIS_RTOS_V2/cmsis_os2.c **** #include "cmsis_compiler.h"
  29:Middlewares/Third_Party/FreeRTOS/Source/CMSIS_RTOS_V2/cmsis_os2.c **** 
  30:Middlewares/Third_Party/FreeRTOS/Source/CMSIS_RTOS_V2/cmsis_os2.c **** #include "FreeRTOS.h"                   // ARM.FreeRTOS::RTOS:Core
ARM GAS  C:\Users\31005\AppData\Local\Temp\ccDX7XtF.s 			page 2


  31:Middlewares/Third_Party/FreeRTOS/Source/CMSIS_RTOS_V2/cmsis_os2.c **** #include "task.h"                       // ARM.FreeRTOS::RTOS:Core
  32:Middlewares/Third_Party/FreeRTOS/Source/CMSIS_RTOS_V2/cmsis_os2.c **** #include "event_groups.h"               // ARM.FreeRTOS::RTOS:Event Groups
  33:Middlewares/Third_Party/FreeRTOS/Source/CMSIS_RTOS_V2/cmsis_os2.c **** #include "semphr.h"                     // ARM.FreeRTOS::RTOS:Core
  34:Middlewares/Third_Party/FreeRTOS/Source/CMSIS_RTOS_V2/cmsis_os2.c **** 
  35:Middlewares/Third_Party/FreeRTOS/Source/CMSIS_RTOS_V2/cmsis_os2.c **** /*---------------------------------------------------------------------------*/
  36:Middlewares/Third_Party/FreeRTOS/Source/CMSIS_RTOS_V2/cmsis_os2.c **** #ifndef __ARM_ARCH_6M__
  37:Middlewares/Third_Party/FreeRTOS/Source/CMSIS_RTOS_V2/cmsis_os2.c ****   #define __ARM_ARCH_6M__         0
  38:Middlewares/Third_Party/FreeRTOS/Source/CMSIS_RTOS_V2/cmsis_os2.c **** #endif
  39:Middlewares/Third_Party/FreeRTOS/Source/CMSIS_RTOS_V2/cmsis_os2.c **** #ifndef __ARM_ARCH_7M__
  40:Middlewares/Third_Party/FreeRTOS/Source/CMSIS_RTOS_V2/cmsis_os2.c ****   #define __ARM_ARCH_7M__         0
  41:Middlewares/Third_Party/FreeRTOS/Source/CMSIS_RTOS_V2/cmsis_os2.c **** #endif
  42:Middlewares/Third_Party/FreeRTOS/Source/CMSIS_RTOS_V2/cmsis_os2.c **** #ifndef __ARM_ARCH_7EM__
  43:Middlewares/Third_Party/FreeRTOS/Source/CMSIS_RTOS_V2/cmsis_os2.c ****   #define __ARM_ARCH_7EM__        0
  44:Middlewares/Third_Party/FreeRTOS/Source/CMSIS_RTOS_V2/cmsis_os2.c **** #endif
  45:Middlewares/Third_Party/FreeRTOS/Source/CMSIS_RTOS_V2/cmsis_os2.c **** #ifndef __ARM_ARCH_8M_MAIN__
  46:Middlewares/Third_Party/FreeRTOS/Source/CMSIS_RTOS_V2/cmsis_os2.c ****   #define __ARM_ARCH_8M_MAIN__    0
  47:Middlewares/Third_Party/FreeRTOS/Source/CMSIS_RTOS_V2/cmsis_os2.c **** #endif
  48:Middlewares/Third_Party/FreeRTOS/Source/CMSIS_RTOS_V2/cmsis_os2.c **** #ifndef __ARM_ARCH_7A__
  49:Middlewares/Third_Party/FreeRTOS/Source/CMSIS_RTOS_V2/cmsis_os2.c ****   #define __ARM_ARCH_7A__         0
  50:Middlewares/Third_Party/FreeRTOS/Source/CMSIS_RTOS_V2/cmsis_os2.c **** #endif
  51:Middlewares/Third_Party/FreeRTOS/Source/CMSIS_RTOS_V2/cmsis_os2.c **** 
  52:Middlewares/Third_Party/FreeRTOS/Source/CMSIS_RTOS_V2/cmsis_os2.c **** #if   ((__ARM_ARCH_7M__      == 1U) || \
  53:Middlewares/Third_Party/FreeRTOS/Source/CMSIS_RTOS_V2/cmsis_os2.c ****        (__ARM_ARCH_7EM__     == 1U) || \
  54:Middlewares/Third_Party/FreeRTOS/Source/CMSIS_RTOS_V2/cmsis_os2.c ****        (__ARM_ARCH_8M_MAIN__ == 1U))
  55:Middlewares/Third_Party/FreeRTOS/Source/CMSIS_RTOS_V2/cmsis_os2.c **** #define IS_IRQ_MASKED()           ((__get_PRIMASK() != 0U) || ((KernelState == osKernelRunning) && 
  56:Middlewares/Third_Party/FreeRTOS/Source/CMSIS_RTOS_V2/cmsis_os2.c **** #elif  (__ARM_ARCH_6M__      == 1U)
  57:Middlewares/Third_Party/FreeRTOS/Source/CMSIS_RTOS_V2/cmsis_os2.c **** #define IS_IRQ_MASKED()           ((__get_PRIMASK() != 0U) &&  (KernelState == osKernelRunning))
  58:Middlewares/Third_Party/FreeRTOS/Source/CMSIS_RTOS_V2/cmsis_os2.c **** #elif (__ARM_ARCH_7A__       == 1)
  59:Middlewares/Third_Party/FreeRTOS/Source/CMSIS_RTOS_V2/cmsis_os2.c **** #define IS_IRQ_MASKED()           (0U)
  60:Middlewares/Third_Party/FreeRTOS/Source/CMSIS_RTOS_V2/cmsis_os2.c **** #else
  61:Middlewares/Third_Party/FreeRTOS/Source/CMSIS_RTOS_V2/cmsis_os2.c **** #define IS_IRQ_MASKED()           (__get_PRIMASK() != 0U)
  62:Middlewares/Third_Party/FreeRTOS/Source/CMSIS_RTOS_V2/cmsis_os2.c **** #endif
  63:Middlewares/Third_Party/FreeRTOS/Source/CMSIS_RTOS_V2/cmsis_os2.c **** 
  64:Middlewares/Third_Party/FreeRTOS/Source/CMSIS_RTOS_V2/cmsis_os2.c **** #if    (__ARM_ARCH_7A__      == 1U)
  65:Middlewares/Third_Party/FreeRTOS/Source/CMSIS_RTOS_V2/cmsis_os2.c **** /* CPSR mode bitmasks */
  66:Middlewares/Third_Party/FreeRTOS/Source/CMSIS_RTOS_V2/cmsis_os2.c **** #define CPSR_MODE_USER            0x10U
  67:Middlewares/Third_Party/FreeRTOS/Source/CMSIS_RTOS_V2/cmsis_os2.c **** #define CPSR_MODE_SYSTEM          0x1FU
  68:Middlewares/Third_Party/FreeRTOS/Source/CMSIS_RTOS_V2/cmsis_os2.c **** 
  69:Middlewares/Third_Party/FreeRTOS/Source/CMSIS_RTOS_V2/cmsis_os2.c **** #define IS_IRQ_MODE()             ((__get_mode() != CPSR_MODE_USER) && (__get_mode() != CPSR_MODE_S
  70:Middlewares/Third_Party/FreeRTOS/Source/CMSIS_RTOS_V2/cmsis_os2.c **** #else
  71:Middlewares/Third_Party/FreeRTOS/Source/CMSIS_RTOS_V2/cmsis_os2.c **** #define IS_IRQ_MODE()             (__get_IPSR() != 0U)
  72:Middlewares/Third_Party/FreeRTOS/Source/CMSIS_RTOS_V2/cmsis_os2.c **** #endif
  73:Middlewares/Third_Party/FreeRTOS/Source/CMSIS_RTOS_V2/cmsis_os2.c **** 
  74:Middlewares/Third_Party/FreeRTOS/Source/CMSIS_RTOS_V2/cmsis_os2.c **** #define IS_IRQ()                  (IS_IRQ_MODE() || IS_IRQ_MASKED())
  75:Middlewares/Third_Party/FreeRTOS/Source/CMSIS_RTOS_V2/cmsis_os2.c **** 
  76:Middlewares/Third_Party/FreeRTOS/Source/CMSIS_RTOS_V2/cmsis_os2.c **** /* Limits */
  77:Middlewares/Third_Party/FreeRTOS/Source/CMSIS_RTOS_V2/cmsis_os2.c **** #define MAX_BITS_TASK_NOTIFY      31U
  78:Middlewares/Third_Party/FreeRTOS/Source/CMSIS_RTOS_V2/cmsis_os2.c **** #define MAX_BITS_EVENT_GROUPS     24U
  79:Middlewares/Third_Party/FreeRTOS/Source/CMSIS_RTOS_V2/cmsis_os2.c **** 
  80:Middlewares/Third_Party/FreeRTOS/Source/CMSIS_RTOS_V2/cmsis_os2.c **** #define THREAD_FLAGS_INVALID_BITS (~((1UL << MAX_BITS_TASK_NOTIFY)  - 1U))
  81:Middlewares/Third_Party/FreeRTOS/Source/CMSIS_RTOS_V2/cmsis_os2.c **** #define EVENT_FLAGS_INVALID_BITS  (~((1UL << MAX_BITS_EVENT_GROUPS) - 1U))
  82:Middlewares/Third_Party/FreeRTOS/Source/CMSIS_RTOS_V2/cmsis_os2.c **** 
  83:Middlewares/Third_Party/FreeRTOS/Source/CMSIS_RTOS_V2/cmsis_os2.c **** /* Kernel version and identification string definition */
  84:Middlewares/Third_Party/FreeRTOS/Source/CMSIS_RTOS_V2/cmsis_os2.c **** #define KERNEL_VERSION            (((uint32_t)tskKERNEL_VERSION_MAJOR * 10000000UL) | \
  85:Middlewares/Third_Party/FreeRTOS/Source/CMSIS_RTOS_V2/cmsis_os2.c ****                                    ((uint32_t)tskKERNEL_VERSION_MINOR *    10000UL) | \
  86:Middlewares/Third_Party/FreeRTOS/Source/CMSIS_RTOS_V2/cmsis_os2.c ****                                    ((uint32_t)tskKERNEL_VERSION_BUILD *        1UL))
  87:Middlewares/Third_Party/FreeRTOS/Source/CMSIS_RTOS_V2/cmsis_os2.c **** 
ARM GAS  C:\Users\31005\AppData\Local\Temp\ccDX7XtF.s 			page 3


  88:Middlewares/Third_Party/FreeRTOS/Source/CMSIS_RTOS_V2/cmsis_os2.c **** #define KERNEL_ID                 "FreeRTOS V10.0.1"
  89:Middlewares/Third_Party/FreeRTOS/Source/CMSIS_RTOS_V2/cmsis_os2.c **** 
  90:Middlewares/Third_Party/FreeRTOS/Source/CMSIS_RTOS_V2/cmsis_os2.c **** /* Timer callback information structure definition */
  91:Middlewares/Third_Party/FreeRTOS/Source/CMSIS_RTOS_V2/cmsis_os2.c **** typedef struct {
  92:Middlewares/Third_Party/FreeRTOS/Source/CMSIS_RTOS_V2/cmsis_os2.c ****   osTimerFunc_t func;
  93:Middlewares/Third_Party/FreeRTOS/Source/CMSIS_RTOS_V2/cmsis_os2.c ****   void         *arg;
  94:Middlewares/Third_Party/FreeRTOS/Source/CMSIS_RTOS_V2/cmsis_os2.c **** } TimerCallback_t;
  95:Middlewares/Third_Party/FreeRTOS/Source/CMSIS_RTOS_V2/cmsis_os2.c **** 
  96:Middlewares/Third_Party/FreeRTOS/Source/CMSIS_RTOS_V2/cmsis_os2.c **** /* Kernel initialization state */
  97:Middlewares/Third_Party/FreeRTOS/Source/CMSIS_RTOS_V2/cmsis_os2.c **** static osKernelState_t KernelState;
  98:Middlewares/Third_Party/FreeRTOS/Source/CMSIS_RTOS_V2/cmsis_os2.c **** 
  99:Middlewares/Third_Party/FreeRTOS/Source/CMSIS_RTOS_V2/cmsis_os2.c **** /* Heap region definition used by heap_5 variant */
 100:Middlewares/Third_Party/FreeRTOS/Source/CMSIS_RTOS_V2/cmsis_os2.c **** #if defined(USE_FreeRTOS_HEAP_5)
 101:Middlewares/Third_Party/FreeRTOS/Source/CMSIS_RTOS_V2/cmsis_os2.c **** #if (configAPPLICATION_ALLOCATED_HEAP == 1)
 102:Middlewares/Third_Party/FreeRTOS/Source/CMSIS_RTOS_V2/cmsis_os2.c **** /*
 103:Middlewares/Third_Party/FreeRTOS/Source/CMSIS_RTOS_V2/cmsis_os2.c ****   The application writer has already defined the array used for the RTOS
 104:Middlewares/Third_Party/FreeRTOS/Source/CMSIS_RTOS_V2/cmsis_os2.c ****   heap - probably so it can be placed in a special segment or address.
 105:Middlewares/Third_Party/FreeRTOS/Source/CMSIS_RTOS_V2/cmsis_os2.c **** */
 106:Middlewares/Third_Party/FreeRTOS/Source/CMSIS_RTOS_V2/cmsis_os2.c ****   extern uint8_t ucHeap[configTOTAL_HEAP_SIZE];
 107:Middlewares/Third_Party/FreeRTOS/Source/CMSIS_RTOS_V2/cmsis_os2.c **** #else
 108:Middlewares/Third_Party/FreeRTOS/Source/CMSIS_RTOS_V2/cmsis_os2.c ****   static uint8_t ucHeap[configTOTAL_HEAP_SIZE];
 109:Middlewares/Third_Party/FreeRTOS/Source/CMSIS_RTOS_V2/cmsis_os2.c **** #endif /* configAPPLICATION_ALLOCATED_HEAP */
 110:Middlewares/Third_Party/FreeRTOS/Source/CMSIS_RTOS_V2/cmsis_os2.c **** 
 111:Middlewares/Third_Party/FreeRTOS/Source/CMSIS_RTOS_V2/cmsis_os2.c **** static HeapRegion_t xHeapRegions[] = {
 112:Middlewares/Third_Party/FreeRTOS/Source/CMSIS_RTOS_V2/cmsis_os2.c ****   { ucHeap, configTOTAL_HEAP_SIZE },
 113:Middlewares/Third_Party/FreeRTOS/Source/CMSIS_RTOS_V2/cmsis_os2.c ****   { NULL,   0                     }
 114:Middlewares/Third_Party/FreeRTOS/Source/CMSIS_RTOS_V2/cmsis_os2.c **** };
 115:Middlewares/Third_Party/FreeRTOS/Source/CMSIS_RTOS_V2/cmsis_os2.c **** #endif /* USE_FreeRTOS_HEAP_5 */
 116:Middlewares/Third_Party/FreeRTOS/Source/CMSIS_RTOS_V2/cmsis_os2.c **** 
 117:Middlewares/Third_Party/FreeRTOS/Source/CMSIS_RTOS_V2/cmsis_os2.c **** #if defined(SysTick)
 118:Middlewares/Third_Party/FreeRTOS/Source/CMSIS_RTOS_V2/cmsis_os2.c **** /* FreeRTOS tick timer interrupt handler prototype */
 119:Middlewares/Third_Party/FreeRTOS/Source/CMSIS_RTOS_V2/cmsis_os2.c **** extern void xPortSysTickHandler (void);
 120:Middlewares/Third_Party/FreeRTOS/Source/CMSIS_RTOS_V2/cmsis_os2.c **** 
 121:Middlewares/Third_Party/FreeRTOS/Source/CMSIS_RTOS_V2/cmsis_os2.c **** /*
 122:Middlewares/Third_Party/FreeRTOS/Source/CMSIS_RTOS_V2/cmsis_os2.c ****   SysTick handler implementation that also clears overflow flag.
 123:Middlewares/Third_Party/FreeRTOS/Source/CMSIS_RTOS_V2/cmsis_os2.c **** */
 124:Middlewares/Third_Party/FreeRTOS/Source/CMSIS_RTOS_V2/cmsis_os2.c **** void SysTick_Handler (void) {
 125:Middlewares/Third_Party/FreeRTOS/Source/CMSIS_RTOS_V2/cmsis_os2.c ****   /* Clear overflow flag */
 126:Middlewares/Third_Party/FreeRTOS/Source/CMSIS_RTOS_V2/cmsis_os2.c ****   SysTick->CTRL;
 127:Middlewares/Third_Party/FreeRTOS/Source/CMSIS_RTOS_V2/cmsis_os2.c **** 
 128:Middlewares/Third_Party/FreeRTOS/Source/CMSIS_RTOS_V2/cmsis_os2.c ****   /* Call tick handler */
 129:Middlewares/Third_Party/FreeRTOS/Source/CMSIS_RTOS_V2/cmsis_os2.c ****   xPortSysTickHandler();
 130:Middlewares/Third_Party/FreeRTOS/Source/CMSIS_RTOS_V2/cmsis_os2.c **** }
 131:Middlewares/Third_Party/FreeRTOS/Source/CMSIS_RTOS_V2/cmsis_os2.c **** #endif /* SysTick */
 132:Middlewares/Third_Party/FreeRTOS/Source/CMSIS_RTOS_V2/cmsis_os2.c **** 
 133:Middlewares/Third_Party/FreeRTOS/Source/CMSIS_RTOS_V2/cmsis_os2.c **** /*---------------------------------------------------------------------------*/
 134:Middlewares/Third_Party/FreeRTOS/Source/CMSIS_RTOS_V2/cmsis_os2.c **** 
 135:Middlewares/Third_Party/FreeRTOS/Source/CMSIS_RTOS_V2/cmsis_os2.c **** osStatus_t osKernelInitialize (void) {
 136:Middlewares/Third_Party/FreeRTOS/Source/CMSIS_RTOS_V2/cmsis_os2.c ****   osStatus_t stat;
 137:Middlewares/Third_Party/FreeRTOS/Source/CMSIS_RTOS_V2/cmsis_os2.c **** 
 138:Middlewares/Third_Party/FreeRTOS/Source/CMSIS_RTOS_V2/cmsis_os2.c ****   if (IS_IRQ()) {
 139:Middlewares/Third_Party/FreeRTOS/Source/CMSIS_RTOS_V2/cmsis_os2.c ****     stat = osErrorISR;
 140:Middlewares/Third_Party/FreeRTOS/Source/CMSIS_RTOS_V2/cmsis_os2.c ****   }
 141:Middlewares/Third_Party/FreeRTOS/Source/CMSIS_RTOS_V2/cmsis_os2.c ****   else {
 142:Middlewares/Third_Party/FreeRTOS/Source/CMSIS_RTOS_V2/cmsis_os2.c ****     if (KernelState == osKernelInactive) {
 143:Middlewares/Third_Party/FreeRTOS/Source/CMSIS_RTOS_V2/cmsis_os2.c ****       #if defined(USE_FreeRTOS_HEAP_5)
 144:Middlewares/Third_Party/FreeRTOS/Source/CMSIS_RTOS_V2/cmsis_os2.c ****         vPortDefineHeapRegions (xHeapRegions);
ARM GAS  C:\Users\31005\AppData\Local\Temp\ccDX7XtF.s 			page 4


 145:Middlewares/Third_Party/FreeRTOS/Source/CMSIS_RTOS_V2/cmsis_os2.c ****       #endif
 146:Middlewares/Third_Party/FreeRTOS/Source/CMSIS_RTOS_V2/cmsis_os2.c ****       KernelState = osKernelReady;
 147:Middlewares/Third_Party/FreeRTOS/Source/CMSIS_RTOS_V2/cmsis_os2.c ****       stat = osOK;
 148:Middlewares/Third_Party/FreeRTOS/Source/CMSIS_RTOS_V2/cmsis_os2.c ****     } else {
 149:Middlewares/Third_Party/FreeRTOS/Source/CMSIS_RTOS_V2/cmsis_os2.c ****       stat = osError;
 150:Middlewares/Third_Party/FreeRTOS/Source/CMSIS_RTOS_V2/cmsis_os2.c ****     }
 151:Middlewares/Third_Party/FreeRTOS/Source/CMSIS_RTOS_V2/cmsis_os2.c ****   }
 152:Middlewares/Third_Party/FreeRTOS/Source/CMSIS_RTOS_V2/cmsis_os2.c **** 
 153:Middlewares/Third_Party/FreeRTOS/Source/CMSIS_RTOS_V2/cmsis_os2.c ****   return (stat);
 154:Middlewares/Third_Party/FreeRTOS/Source/CMSIS_RTOS_V2/cmsis_os2.c **** }
 155:Middlewares/Third_Party/FreeRTOS/Source/CMSIS_RTOS_V2/cmsis_os2.c **** 
 156:Middlewares/Third_Party/FreeRTOS/Source/CMSIS_RTOS_V2/cmsis_os2.c **** osStatus_t osKernelGetInfo (osVersion_t *version, char *id_buf, uint32_t id_size) {
 157:Middlewares/Third_Party/FreeRTOS/Source/CMSIS_RTOS_V2/cmsis_os2.c **** 
 158:Middlewares/Third_Party/FreeRTOS/Source/CMSIS_RTOS_V2/cmsis_os2.c ****   if (version != NULL) {
 159:Middlewares/Third_Party/FreeRTOS/Source/CMSIS_RTOS_V2/cmsis_os2.c ****     version->api    = KERNEL_VERSION;
 160:Middlewares/Third_Party/FreeRTOS/Source/CMSIS_RTOS_V2/cmsis_os2.c ****     version->kernel = KERNEL_VERSION;
 161:Middlewares/Third_Party/FreeRTOS/Source/CMSIS_RTOS_V2/cmsis_os2.c ****   }
 162:Middlewares/Third_Party/FreeRTOS/Source/CMSIS_RTOS_V2/cmsis_os2.c **** 
 163:Middlewares/Third_Party/FreeRTOS/Source/CMSIS_RTOS_V2/cmsis_os2.c ****   if ((id_buf != NULL) && (id_size != 0U)) {
 164:Middlewares/Third_Party/FreeRTOS/Source/CMSIS_RTOS_V2/cmsis_os2.c ****     if (id_size > sizeof(KERNEL_ID)) {
 165:Middlewares/Third_Party/FreeRTOS/Source/CMSIS_RTOS_V2/cmsis_os2.c ****       id_size = sizeof(KERNEL_ID);
 166:Middlewares/Third_Party/FreeRTOS/Source/CMSIS_RTOS_V2/cmsis_os2.c ****     }
 167:Middlewares/Third_Party/FreeRTOS/Source/CMSIS_RTOS_V2/cmsis_os2.c ****     memcpy(id_buf, KERNEL_ID, id_size);
 168:Middlewares/Third_Party/FreeRTOS/Source/CMSIS_RTOS_V2/cmsis_os2.c ****   }
 169:Middlewares/Third_Party/FreeRTOS/Source/CMSIS_RTOS_V2/cmsis_os2.c **** 
 170:Middlewares/Third_Party/FreeRTOS/Source/CMSIS_RTOS_V2/cmsis_os2.c ****   return (osOK);
 171:Middlewares/Third_Party/FreeRTOS/Source/CMSIS_RTOS_V2/cmsis_os2.c **** }
 172:Middlewares/Third_Party/FreeRTOS/Source/CMSIS_RTOS_V2/cmsis_os2.c **** 
 173:Middlewares/Third_Party/FreeRTOS/Source/CMSIS_RTOS_V2/cmsis_os2.c **** osKernelState_t osKernelGetState (void) {
 174:Middlewares/Third_Party/FreeRTOS/Source/CMSIS_RTOS_V2/cmsis_os2.c ****   osKernelState_t state;
 175:Middlewares/Third_Party/FreeRTOS/Source/CMSIS_RTOS_V2/cmsis_os2.c **** 
 176:Middlewares/Third_Party/FreeRTOS/Source/CMSIS_RTOS_V2/cmsis_os2.c ****   switch (xTaskGetSchedulerState()) {
 177:Middlewares/Third_Party/FreeRTOS/Source/CMSIS_RTOS_V2/cmsis_os2.c ****     case taskSCHEDULER_RUNNING:
 178:Middlewares/Third_Party/FreeRTOS/Source/CMSIS_RTOS_V2/cmsis_os2.c ****       state = osKernelRunning;
 179:Middlewares/Third_Party/FreeRTOS/Source/CMSIS_RTOS_V2/cmsis_os2.c ****       break;
 180:Middlewares/Third_Party/FreeRTOS/Source/CMSIS_RTOS_V2/cmsis_os2.c **** 
 181:Middlewares/Third_Party/FreeRTOS/Source/CMSIS_RTOS_V2/cmsis_os2.c ****     case taskSCHEDULER_SUSPENDED:
 182:Middlewares/Third_Party/FreeRTOS/Source/CMSIS_RTOS_V2/cmsis_os2.c ****       state = osKernelLocked;
 183:Middlewares/Third_Party/FreeRTOS/Source/CMSIS_RTOS_V2/cmsis_os2.c ****       break;
 184:Middlewares/Third_Party/FreeRTOS/Source/CMSIS_RTOS_V2/cmsis_os2.c **** 
 185:Middlewares/Third_Party/FreeRTOS/Source/CMSIS_RTOS_V2/cmsis_os2.c ****     case taskSCHEDULER_NOT_STARTED:
 186:Middlewares/Third_Party/FreeRTOS/Source/CMSIS_RTOS_V2/cmsis_os2.c ****     default:
 187:Middlewares/Third_Party/FreeRTOS/Source/CMSIS_RTOS_V2/cmsis_os2.c ****       if (KernelState == osKernelReady) {
 188:Middlewares/Third_Party/FreeRTOS/Source/CMSIS_RTOS_V2/cmsis_os2.c ****         state = osKernelReady;
 189:Middlewares/Third_Party/FreeRTOS/Source/CMSIS_RTOS_V2/cmsis_os2.c ****       } else {
 190:Middlewares/Third_Party/FreeRTOS/Source/CMSIS_RTOS_V2/cmsis_os2.c ****         state = osKernelInactive;
 191:Middlewares/Third_Party/FreeRTOS/Source/CMSIS_RTOS_V2/cmsis_os2.c ****       }
 192:Middlewares/Third_Party/FreeRTOS/Source/CMSIS_RTOS_V2/cmsis_os2.c ****       break;
 193:Middlewares/Third_Party/FreeRTOS/Source/CMSIS_RTOS_V2/cmsis_os2.c ****   }
 194:Middlewares/Third_Party/FreeRTOS/Source/CMSIS_RTOS_V2/cmsis_os2.c **** 
 195:Middlewares/Third_Party/FreeRTOS/Source/CMSIS_RTOS_V2/cmsis_os2.c ****   return (state);
 196:Middlewares/Third_Party/FreeRTOS/Source/CMSIS_RTOS_V2/cmsis_os2.c **** }
 197:Middlewares/Third_Party/FreeRTOS/Source/CMSIS_RTOS_V2/cmsis_os2.c **** 
 198:Middlewares/Third_Party/FreeRTOS/Source/CMSIS_RTOS_V2/cmsis_os2.c **** osStatus_t osKernelStart (void) {
 199:Middlewares/Third_Party/FreeRTOS/Source/CMSIS_RTOS_V2/cmsis_os2.c ****   osStatus_t stat;
 200:Middlewares/Third_Party/FreeRTOS/Source/CMSIS_RTOS_V2/cmsis_os2.c **** 
 201:Middlewares/Third_Party/FreeRTOS/Source/CMSIS_RTOS_V2/cmsis_os2.c ****   if (IS_IRQ()) {
ARM GAS  C:\Users\31005\AppData\Local\Temp\ccDX7XtF.s 			page 5


 202:Middlewares/Third_Party/FreeRTOS/Source/CMSIS_RTOS_V2/cmsis_os2.c ****     stat = osErrorISR;
 203:Middlewares/Third_Party/FreeRTOS/Source/CMSIS_RTOS_V2/cmsis_os2.c ****   }
 204:Middlewares/Third_Party/FreeRTOS/Source/CMSIS_RTOS_V2/cmsis_os2.c ****   else {
 205:Middlewares/Third_Party/FreeRTOS/Source/CMSIS_RTOS_V2/cmsis_os2.c ****     if (KernelState == osKernelReady) {
 206:Middlewares/Third_Party/FreeRTOS/Source/CMSIS_RTOS_V2/cmsis_os2.c ****       KernelState = osKernelRunning;
 207:Middlewares/Third_Party/FreeRTOS/Source/CMSIS_RTOS_V2/cmsis_os2.c ****       vTaskStartScheduler();
 208:Middlewares/Third_Party/FreeRTOS/Source/CMSIS_RTOS_V2/cmsis_os2.c ****       stat = osOK;
 209:Middlewares/Third_Party/FreeRTOS/Source/CMSIS_RTOS_V2/cmsis_os2.c ****     } else {
 210:Middlewares/Third_Party/FreeRTOS/Source/CMSIS_RTOS_V2/cmsis_os2.c ****       stat = osError;
 211:Middlewares/Third_Party/FreeRTOS/Source/CMSIS_RTOS_V2/cmsis_os2.c ****     }
 212:Middlewares/Third_Party/FreeRTOS/Source/CMSIS_RTOS_V2/cmsis_os2.c ****   }
 213:Middlewares/Third_Party/FreeRTOS/Source/CMSIS_RTOS_V2/cmsis_os2.c **** 
 214:Middlewares/Third_Party/FreeRTOS/Source/CMSIS_RTOS_V2/cmsis_os2.c ****   return (stat);
 215:Middlewares/Third_Party/FreeRTOS/Source/CMSIS_RTOS_V2/cmsis_os2.c **** }
 216:Middlewares/Third_Party/FreeRTOS/Source/CMSIS_RTOS_V2/cmsis_os2.c **** 
 217:Middlewares/Third_Party/FreeRTOS/Source/CMSIS_RTOS_V2/cmsis_os2.c **** int32_t osKernelLock (void) {
 218:Middlewares/Third_Party/FreeRTOS/Source/CMSIS_RTOS_V2/cmsis_os2.c ****   int32_t lock;
 219:Middlewares/Third_Party/FreeRTOS/Source/CMSIS_RTOS_V2/cmsis_os2.c **** 
 220:Middlewares/Third_Party/FreeRTOS/Source/CMSIS_RTOS_V2/cmsis_os2.c ****   if (IS_IRQ()) {
 221:Middlewares/Third_Party/FreeRTOS/Source/CMSIS_RTOS_V2/cmsis_os2.c ****     lock = (int32_t)osErrorISR;
 222:Middlewares/Third_Party/FreeRTOS/Source/CMSIS_RTOS_V2/cmsis_os2.c ****   }
 223:Middlewares/Third_Party/FreeRTOS/Source/CMSIS_RTOS_V2/cmsis_os2.c ****   else {
 224:Middlewares/Third_Party/FreeRTOS/Source/CMSIS_RTOS_V2/cmsis_os2.c ****     switch (xTaskGetSchedulerState()) {
 225:Middlewares/Third_Party/FreeRTOS/Source/CMSIS_RTOS_V2/cmsis_os2.c ****       case taskSCHEDULER_SUSPENDED:
 226:Middlewares/Third_Party/FreeRTOS/Source/CMSIS_RTOS_V2/cmsis_os2.c ****         lock = 1;
 227:Middlewares/Third_Party/FreeRTOS/Source/CMSIS_RTOS_V2/cmsis_os2.c ****         break;
 228:Middlewares/Third_Party/FreeRTOS/Source/CMSIS_RTOS_V2/cmsis_os2.c **** 
 229:Middlewares/Third_Party/FreeRTOS/Source/CMSIS_RTOS_V2/cmsis_os2.c ****       case taskSCHEDULER_RUNNING:
 230:Middlewares/Third_Party/FreeRTOS/Source/CMSIS_RTOS_V2/cmsis_os2.c ****         vTaskSuspendAll();
 231:Middlewares/Third_Party/FreeRTOS/Source/CMSIS_RTOS_V2/cmsis_os2.c ****         lock = 0;
 232:Middlewares/Third_Party/FreeRTOS/Source/CMSIS_RTOS_V2/cmsis_os2.c ****         break;
 233:Middlewares/Third_Party/FreeRTOS/Source/CMSIS_RTOS_V2/cmsis_os2.c **** 
 234:Middlewares/Third_Party/FreeRTOS/Source/CMSIS_RTOS_V2/cmsis_os2.c ****       case taskSCHEDULER_NOT_STARTED:
 235:Middlewares/Third_Party/FreeRTOS/Source/CMSIS_RTOS_V2/cmsis_os2.c ****       default:
 236:Middlewares/Third_Party/FreeRTOS/Source/CMSIS_RTOS_V2/cmsis_os2.c ****         lock = (int32_t)osError;
 237:Middlewares/Third_Party/FreeRTOS/Source/CMSIS_RTOS_V2/cmsis_os2.c ****         break;
 238:Middlewares/Third_Party/FreeRTOS/Source/CMSIS_RTOS_V2/cmsis_os2.c ****     }
 239:Middlewares/Third_Party/FreeRTOS/Source/CMSIS_RTOS_V2/cmsis_os2.c ****   }
 240:Middlewares/Third_Party/FreeRTOS/Source/CMSIS_RTOS_V2/cmsis_os2.c **** 
 241:Middlewares/Third_Party/FreeRTOS/Source/CMSIS_RTOS_V2/cmsis_os2.c ****   return (lock);
 242:Middlewares/Third_Party/FreeRTOS/Source/CMSIS_RTOS_V2/cmsis_os2.c **** }
 243:Middlewares/Third_Party/FreeRTOS/Source/CMSIS_RTOS_V2/cmsis_os2.c **** 
 244:Middlewares/Third_Party/FreeRTOS/Source/CMSIS_RTOS_V2/cmsis_os2.c **** int32_t osKernelUnlock (void) {
 245:Middlewares/Third_Party/FreeRTOS/Source/CMSIS_RTOS_V2/cmsis_os2.c ****   int32_t lock;
 246:Middlewares/Third_Party/FreeRTOS/Source/CMSIS_RTOS_V2/cmsis_os2.c **** 
 247:Middlewares/Third_Party/FreeRTOS/Source/CMSIS_RTOS_V2/cmsis_os2.c ****   if (IS_IRQ()) {
 248:Middlewares/Third_Party/FreeRTOS/Source/CMSIS_RTOS_V2/cmsis_os2.c ****     lock = (int32_t)osErrorISR;
 249:Middlewares/Third_Party/FreeRTOS/Source/CMSIS_RTOS_V2/cmsis_os2.c ****   }
 250:Middlewares/Third_Party/FreeRTOS/Source/CMSIS_RTOS_V2/cmsis_os2.c ****   else {
 251:Middlewares/Third_Party/FreeRTOS/Source/CMSIS_RTOS_V2/cmsis_os2.c ****     switch (xTaskGetSchedulerState()) {
 252:Middlewares/Third_Party/FreeRTOS/Source/CMSIS_RTOS_V2/cmsis_os2.c ****       case taskSCHEDULER_SUSPENDED:
 253:Middlewares/Third_Party/FreeRTOS/Source/CMSIS_RTOS_V2/cmsis_os2.c ****         lock = 1;
 254:Middlewares/Third_Party/FreeRTOS/Source/CMSIS_RTOS_V2/cmsis_os2.c **** 
 255:Middlewares/Third_Party/FreeRTOS/Source/CMSIS_RTOS_V2/cmsis_os2.c ****         if (xTaskResumeAll() != pdTRUE) {
 256:Middlewares/Third_Party/FreeRTOS/Source/CMSIS_RTOS_V2/cmsis_os2.c ****           if (xTaskGetSchedulerState() == taskSCHEDULER_SUSPENDED) {
 257:Middlewares/Third_Party/FreeRTOS/Source/CMSIS_RTOS_V2/cmsis_os2.c ****             lock = (int32_t)osError;
 258:Middlewares/Third_Party/FreeRTOS/Source/CMSIS_RTOS_V2/cmsis_os2.c ****           }
ARM GAS  C:\Users\31005\AppData\Local\Temp\ccDX7XtF.s 			page 6


 259:Middlewares/Third_Party/FreeRTOS/Source/CMSIS_RTOS_V2/cmsis_os2.c ****         }
 260:Middlewares/Third_Party/FreeRTOS/Source/CMSIS_RTOS_V2/cmsis_os2.c ****         break;
 261:Middlewares/Third_Party/FreeRTOS/Source/CMSIS_RTOS_V2/cmsis_os2.c **** 
 262:Middlewares/Third_Party/FreeRTOS/Source/CMSIS_RTOS_V2/cmsis_os2.c ****       case taskSCHEDULER_RUNNING:
 263:Middlewares/Third_Party/FreeRTOS/Source/CMSIS_RTOS_V2/cmsis_os2.c ****         lock = 0;
 264:Middlewares/Third_Party/FreeRTOS/Source/CMSIS_RTOS_V2/cmsis_os2.c ****         break;
 265:Middlewares/Third_Party/FreeRTOS/Source/CMSIS_RTOS_V2/cmsis_os2.c **** 
 266:Middlewares/Third_Party/FreeRTOS/Source/CMSIS_RTOS_V2/cmsis_os2.c ****       case taskSCHEDULER_NOT_STARTED:
 267:Middlewares/Third_Party/FreeRTOS/Source/CMSIS_RTOS_V2/cmsis_os2.c ****       default:
 268:Middlewares/Third_Party/FreeRTOS/Source/CMSIS_RTOS_V2/cmsis_os2.c ****         lock = (int32_t)osError;
 269:Middlewares/Third_Party/FreeRTOS/Source/CMSIS_RTOS_V2/cmsis_os2.c ****         break;
 270:Middlewares/Third_Party/FreeRTOS/Source/CMSIS_RTOS_V2/cmsis_os2.c ****     }
 271:Middlewares/Third_Party/FreeRTOS/Source/CMSIS_RTOS_V2/cmsis_os2.c ****   }
 272:Middlewares/Third_Party/FreeRTOS/Source/CMSIS_RTOS_V2/cmsis_os2.c **** 
 273:Middlewares/Third_Party/FreeRTOS/Source/CMSIS_RTOS_V2/cmsis_os2.c ****   return (lock);
 274:Middlewares/Third_Party/FreeRTOS/Source/CMSIS_RTOS_V2/cmsis_os2.c **** }
 275:Middlewares/Third_Party/FreeRTOS/Source/CMSIS_RTOS_V2/cmsis_os2.c **** 
 276:Middlewares/Third_Party/FreeRTOS/Source/CMSIS_RTOS_V2/cmsis_os2.c **** int32_t osKernelRestoreLock (int32_t lock) {
 277:Middlewares/Third_Party/FreeRTOS/Source/CMSIS_RTOS_V2/cmsis_os2.c **** 
 278:Middlewares/Third_Party/FreeRTOS/Source/CMSIS_RTOS_V2/cmsis_os2.c ****   if (IS_IRQ()) {
 279:Middlewares/Third_Party/FreeRTOS/Source/CMSIS_RTOS_V2/cmsis_os2.c ****     lock = (int32_t)osErrorISR;
 280:Middlewares/Third_Party/FreeRTOS/Source/CMSIS_RTOS_V2/cmsis_os2.c ****   }
 281:Middlewares/Third_Party/FreeRTOS/Source/CMSIS_RTOS_V2/cmsis_os2.c ****   else {
 282:Middlewares/Third_Party/FreeRTOS/Source/CMSIS_RTOS_V2/cmsis_os2.c ****     switch (xTaskGetSchedulerState()) {
 283:Middlewares/Third_Party/FreeRTOS/Source/CMSIS_RTOS_V2/cmsis_os2.c ****       case taskSCHEDULER_SUSPENDED:
 284:Middlewares/Third_Party/FreeRTOS/Source/CMSIS_RTOS_V2/cmsis_os2.c ****       case taskSCHEDULER_RUNNING:
 285:Middlewares/Third_Party/FreeRTOS/Source/CMSIS_RTOS_V2/cmsis_os2.c ****         if (lock == 1) {
 286:Middlewares/Third_Party/FreeRTOS/Source/CMSIS_RTOS_V2/cmsis_os2.c ****           vTaskSuspendAll();
 287:Middlewares/Third_Party/FreeRTOS/Source/CMSIS_RTOS_V2/cmsis_os2.c ****         }
 288:Middlewares/Third_Party/FreeRTOS/Source/CMSIS_RTOS_V2/cmsis_os2.c ****         else {
 289:Middlewares/Third_Party/FreeRTOS/Source/CMSIS_RTOS_V2/cmsis_os2.c ****           if (lock != 0) {
 290:Middlewares/Third_Party/FreeRTOS/Source/CMSIS_RTOS_V2/cmsis_os2.c ****             lock = (int32_t)osError;
 291:Middlewares/Third_Party/FreeRTOS/Source/CMSIS_RTOS_V2/cmsis_os2.c ****           }
 292:Middlewares/Third_Party/FreeRTOS/Source/CMSIS_RTOS_V2/cmsis_os2.c ****           else {
 293:Middlewares/Third_Party/FreeRTOS/Source/CMSIS_RTOS_V2/cmsis_os2.c ****             if (xTaskResumeAll() != pdTRUE) {
 294:Middlewares/Third_Party/FreeRTOS/Source/CMSIS_RTOS_V2/cmsis_os2.c ****               if (xTaskGetSchedulerState() != taskSCHEDULER_RUNNING) {
 295:Middlewares/Third_Party/FreeRTOS/Source/CMSIS_RTOS_V2/cmsis_os2.c ****                 lock = (int32_t)osError;
 296:Middlewares/Third_Party/FreeRTOS/Source/CMSIS_RTOS_V2/cmsis_os2.c ****               }
 297:Middlewares/Third_Party/FreeRTOS/Source/CMSIS_RTOS_V2/cmsis_os2.c ****             }
 298:Middlewares/Third_Party/FreeRTOS/Source/CMSIS_RTOS_V2/cmsis_os2.c ****           }
 299:Middlewares/Third_Party/FreeRTOS/Source/CMSIS_RTOS_V2/cmsis_os2.c ****         }
 300:Middlewares/Third_Party/FreeRTOS/Source/CMSIS_RTOS_V2/cmsis_os2.c ****         break;
 301:Middlewares/Third_Party/FreeRTOS/Source/CMSIS_RTOS_V2/cmsis_os2.c **** 
 302:Middlewares/Third_Party/FreeRTOS/Source/CMSIS_RTOS_V2/cmsis_os2.c ****       case taskSCHEDULER_NOT_STARTED:
 303:Middlewares/Third_Party/FreeRTOS/Source/CMSIS_RTOS_V2/cmsis_os2.c ****       default:
 304:Middlewares/Third_Party/FreeRTOS/Source/CMSIS_RTOS_V2/cmsis_os2.c ****         lock = (int32_t)osError;
 305:Middlewares/Third_Party/FreeRTOS/Source/CMSIS_RTOS_V2/cmsis_os2.c ****         break;
 306:Middlewares/Third_Party/FreeRTOS/Source/CMSIS_RTOS_V2/cmsis_os2.c ****     }
 307:Middlewares/Third_Party/FreeRTOS/Source/CMSIS_RTOS_V2/cmsis_os2.c ****   }
 308:Middlewares/Third_Party/FreeRTOS/Source/CMSIS_RTOS_V2/cmsis_os2.c **** 
 309:Middlewares/Third_Party/FreeRTOS/Source/CMSIS_RTOS_V2/cmsis_os2.c ****   return (lock);
 310:Middlewares/Third_Party/FreeRTOS/Source/CMSIS_RTOS_V2/cmsis_os2.c **** }
 311:Middlewares/Third_Party/FreeRTOS/Source/CMSIS_RTOS_V2/cmsis_os2.c **** 
 312:Middlewares/Third_Party/FreeRTOS/Source/CMSIS_RTOS_V2/cmsis_os2.c **** uint32_t osKernelGetTickCount (void) {
 313:Middlewares/Third_Party/FreeRTOS/Source/CMSIS_RTOS_V2/cmsis_os2.c ****   TickType_t ticks;
 314:Middlewares/Third_Party/FreeRTOS/Source/CMSIS_RTOS_V2/cmsis_os2.c **** 
 315:Middlewares/Third_Party/FreeRTOS/Source/CMSIS_RTOS_V2/cmsis_os2.c ****   if (IS_IRQ()) {
ARM GAS  C:\Users\31005\AppData\Local\Temp\ccDX7XtF.s 			page 7


 316:Middlewares/Third_Party/FreeRTOS/Source/CMSIS_RTOS_V2/cmsis_os2.c ****     ticks = xTaskGetTickCountFromISR();
 317:Middlewares/Third_Party/FreeRTOS/Source/CMSIS_RTOS_V2/cmsis_os2.c ****   } else {
 318:Middlewares/Third_Party/FreeRTOS/Source/CMSIS_RTOS_V2/cmsis_os2.c ****     ticks = xTaskGetTickCount();
 319:Middlewares/Third_Party/FreeRTOS/Source/CMSIS_RTOS_V2/cmsis_os2.c ****   }
 320:Middlewares/Third_Party/FreeRTOS/Source/CMSIS_RTOS_V2/cmsis_os2.c **** 
 321:Middlewares/Third_Party/FreeRTOS/Source/CMSIS_RTOS_V2/cmsis_os2.c ****   return (ticks);
 322:Middlewares/Third_Party/FreeRTOS/Source/CMSIS_RTOS_V2/cmsis_os2.c **** }
 323:Middlewares/Third_Party/FreeRTOS/Source/CMSIS_RTOS_V2/cmsis_os2.c **** 
 324:Middlewares/Third_Party/FreeRTOS/Source/CMSIS_RTOS_V2/cmsis_os2.c **** uint32_t osKernelGetTickFreq (void) {
 325:Middlewares/Third_Party/FreeRTOS/Source/CMSIS_RTOS_V2/cmsis_os2.c ****   return (configTICK_RATE_HZ);
 326:Middlewares/Third_Party/FreeRTOS/Source/CMSIS_RTOS_V2/cmsis_os2.c **** }
 327:Middlewares/Third_Party/FreeRTOS/Source/CMSIS_RTOS_V2/cmsis_os2.c **** 
 328:Middlewares/Third_Party/FreeRTOS/Source/CMSIS_RTOS_V2/cmsis_os2.c **** uint32_t osKernelGetSysTimerCount (void) {
 329:Middlewares/Third_Party/FreeRTOS/Source/CMSIS_RTOS_V2/cmsis_os2.c ****   TickType_t ticks;
 330:Middlewares/Third_Party/FreeRTOS/Source/CMSIS_RTOS_V2/cmsis_os2.c ****   uint32_t val;
 331:Middlewares/Third_Party/FreeRTOS/Source/CMSIS_RTOS_V2/cmsis_os2.c **** 
 332:Middlewares/Third_Party/FreeRTOS/Source/CMSIS_RTOS_V2/cmsis_os2.c ****   portDISABLE_INTERRUPTS();
 333:Middlewares/Third_Party/FreeRTOS/Source/CMSIS_RTOS_V2/cmsis_os2.c **** 
 334:Middlewares/Third_Party/FreeRTOS/Source/CMSIS_RTOS_V2/cmsis_os2.c ****   ticks = xTaskGetTickCount();
 335:Middlewares/Third_Party/FreeRTOS/Source/CMSIS_RTOS_V2/cmsis_os2.c **** 
 336:Middlewares/Third_Party/FreeRTOS/Source/CMSIS_RTOS_V2/cmsis_os2.c ****   val = ticks * ( configCPU_CLOCK_HZ / configTICK_RATE_HZ );
 337:Middlewares/Third_Party/FreeRTOS/Source/CMSIS_RTOS_V2/cmsis_os2.c ****   portENABLE_INTERRUPTS();
 338:Middlewares/Third_Party/FreeRTOS/Source/CMSIS_RTOS_V2/cmsis_os2.c **** 
 339:Middlewares/Third_Party/FreeRTOS/Source/CMSIS_RTOS_V2/cmsis_os2.c ****   return (val);
 340:Middlewares/Third_Party/FreeRTOS/Source/CMSIS_RTOS_V2/cmsis_os2.c **** }
 341:Middlewares/Third_Party/FreeRTOS/Source/CMSIS_RTOS_V2/cmsis_os2.c **** 
 342:Middlewares/Third_Party/FreeRTOS/Source/CMSIS_RTOS_V2/cmsis_os2.c **** uint32_t osKernelGetSysTimerFreq (void) {
 343:Middlewares/Third_Party/FreeRTOS/Source/CMSIS_RTOS_V2/cmsis_os2.c ****   return (configCPU_CLOCK_HZ);
 344:Middlewares/Third_Party/FreeRTOS/Source/CMSIS_RTOS_V2/cmsis_os2.c **** }
 345:Middlewares/Third_Party/FreeRTOS/Source/CMSIS_RTOS_V2/cmsis_os2.c **** 
 346:Middlewares/Third_Party/FreeRTOS/Source/CMSIS_RTOS_V2/cmsis_os2.c **** /*---------------------------------------------------------------------------*/
 347:Middlewares/Third_Party/FreeRTOS/Source/CMSIS_RTOS_V2/cmsis_os2.c **** 
 348:Middlewares/Third_Party/FreeRTOS/Source/CMSIS_RTOS_V2/cmsis_os2.c **** osThreadId_t osThreadNew (osThreadFunc_t func, void *argument, const osThreadAttr_t *attr) {
 349:Middlewares/Third_Party/FreeRTOS/Source/CMSIS_RTOS_V2/cmsis_os2.c ****   char empty;
 350:Middlewares/Third_Party/FreeRTOS/Source/CMSIS_RTOS_V2/cmsis_os2.c ****   const char *name;
 351:Middlewares/Third_Party/FreeRTOS/Source/CMSIS_RTOS_V2/cmsis_os2.c ****   uint32_t stack;
 352:Middlewares/Third_Party/FreeRTOS/Source/CMSIS_RTOS_V2/cmsis_os2.c ****   TaskHandle_t hTask;
 353:Middlewares/Third_Party/FreeRTOS/Source/CMSIS_RTOS_V2/cmsis_os2.c ****   UBaseType_t prio;
 354:Middlewares/Third_Party/FreeRTOS/Source/CMSIS_RTOS_V2/cmsis_os2.c ****   int32_t mem;
 355:Middlewares/Third_Party/FreeRTOS/Source/CMSIS_RTOS_V2/cmsis_os2.c **** 
 356:Middlewares/Third_Party/FreeRTOS/Source/CMSIS_RTOS_V2/cmsis_os2.c ****   hTask = NULL;
 357:Middlewares/Third_Party/FreeRTOS/Source/CMSIS_RTOS_V2/cmsis_os2.c **** 
 358:Middlewares/Third_Party/FreeRTOS/Source/CMSIS_RTOS_V2/cmsis_os2.c ****   if (!IS_IRQ() && (func != NULL)) {
 359:Middlewares/Third_Party/FreeRTOS/Source/CMSIS_RTOS_V2/cmsis_os2.c ****     stack = configMINIMAL_STACK_SIZE;
 360:Middlewares/Third_Party/FreeRTOS/Source/CMSIS_RTOS_V2/cmsis_os2.c ****     prio  = (UBaseType_t)osPriorityNormal;
 361:Middlewares/Third_Party/FreeRTOS/Source/CMSIS_RTOS_V2/cmsis_os2.c **** 
 362:Middlewares/Third_Party/FreeRTOS/Source/CMSIS_RTOS_V2/cmsis_os2.c ****     empty = '\0';
 363:Middlewares/Third_Party/FreeRTOS/Source/CMSIS_RTOS_V2/cmsis_os2.c ****     name  = &empty;
 364:Middlewares/Third_Party/FreeRTOS/Source/CMSIS_RTOS_V2/cmsis_os2.c ****     mem   = -1;
 365:Middlewares/Third_Party/FreeRTOS/Source/CMSIS_RTOS_V2/cmsis_os2.c **** 
 366:Middlewares/Third_Party/FreeRTOS/Source/CMSIS_RTOS_V2/cmsis_os2.c ****     if (attr != NULL) {
 367:Middlewares/Third_Party/FreeRTOS/Source/CMSIS_RTOS_V2/cmsis_os2.c ****       if (attr->name != NULL) {
 368:Middlewares/Third_Party/FreeRTOS/Source/CMSIS_RTOS_V2/cmsis_os2.c ****         name = attr->name;
 369:Middlewares/Third_Party/FreeRTOS/Source/CMSIS_RTOS_V2/cmsis_os2.c ****       }
 370:Middlewares/Third_Party/FreeRTOS/Source/CMSIS_RTOS_V2/cmsis_os2.c ****       if (attr->priority != osPriorityNone) {
 371:Middlewares/Third_Party/FreeRTOS/Source/CMSIS_RTOS_V2/cmsis_os2.c ****         prio = (UBaseType_t)attr->priority;
 372:Middlewares/Third_Party/FreeRTOS/Source/CMSIS_RTOS_V2/cmsis_os2.c ****       }
ARM GAS  C:\Users\31005\AppData\Local\Temp\ccDX7XtF.s 			page 8


 373:Middlewares/Third_Party/FreeRTOS/Source/CMSIS_RTOS_V2/cmsis_os2.c **** 
 374:Middlewares/Third_Party/FreeRTOS/Source/CMSIS_RTOS_V2/cmsis_os2.c ****       if ((prio < osPriorityIdle) || (prio > osPriorityISR) || ((attr->attr_bits & osThreadJoinable
 375:Middlewares/Third_Party/FreeRTOS/Source/CMSIS_RTOS_V2/cmsis_os2.c ****         return (NULL);
 376:Middlewares/Third_Party/FreeRTOS/Source/CMSIS_RTOS_V2/cmsis_os2.c ****       }
 377:Middlewares/Third_Party/FreeRTOS/Source/CMSIS_RTOS_V2/cmsis_os2.c **** 
 378:Middlewares/Third_Party/FreeRTOS/Source/CMSIS_RTOS_V2/cmsis_os2.c ****       if (attr->stack_size > 0U) {
 379:Middlewares/Third_Party/FreeRTOS/Source/CMSIS_RTOS_V2/cmsis_os2.c ****         /* In FreeRTOS stack is not in bytes, but in sizeof(StackType_t) which is 4 on ARM ports.  
 380:Middlewares/Third_Party/FreeRTOS/Source/CMSIS_RTOS_V2/cmsis_os2.c ****         /* Stack size should be therefore 4 byte aligned in order to avoid division caused side eff
 381:Middlewares/Third_Party/FreeRTOS/Source/CMSIS_RTOS_V2/cmsis_os2.c ****         stack = attr->stack_size / sizeof(StackType_t);
 382:Middlewares/Third_Party/FreeRTOS/Source/CMSIS_RTOS_V2/cmsis_os2.c ****       }
 383:Middlewares/Third_Party/FreeRTOS/Source/CMSIS_RTOS_V2/cmsis_os2.c **** 
 384:Middlewares/Third_Party/FreeRTOS/Source/CMSIS_RTOS_V2/cmsis_os2.c ****       if ((attr->cb_mem    != NULL) && (attr->cb_size    >= sizeof(StaticTask_t)) &&
 385:Middlewares/Third_Party/FreeRTOS/Source/CMSIS_RTOS_V2/cmsis_os2.c ****           (attr->stack_mem != NULL) && (attr->stack_size >  0U)) {
 386:Middlewares/Third_Party/FreeRTOS/Source/CMSIS_RTOS_V2/cmsis_os2.c ****         mem = 1;
 387:Middlewares/Third_Party/FreeRTOS/Source/CMSIS_RTOS_V2/cmsis_os2.c ****       }
 388:Middlewares/Third_Party/FreeRTOS/Source/CMSIS_RTOS_V2/cmsis_os2.c ****       else {
 389:Middlewares/Third_Party/FreeRTOS/Source/CMSIS_RTOS_V2/cmsis_os2.c ****         if ((attr->cb_mem == NULL) && (attr->cb_size == 0U) && (attr->stack_mem == NULL)) {
 390:Middlewares/Third_Party/FreeRTOS/Source/CMSIS_RTOS_V2/cmsis_os2.c ****           mem = 0;
 391:Middlewares/Third_Party/FreeRTOS/Source/CMSIS_RTOS_V2/cmsis_os2.c ****         }
 392:Middlewares/Third_Party/FreeRTOS/Source/CMSIS_RTOS_V2/cmsis_os2.c ****       }
 393:Middlewares/Third_Party/FreeRTOS/Source/CMSIS_RTOS_V2/cmsis_os2.c ****     }
 394:Middlewares/Third_Party/FreeRTOS/Source/CMSIS_RTOS_V2/cmsis_os2.c ****     else {
 395:Middlewares/Third_Party/FreeRTOS/Source/CMSIS_RTOS_V2/cmsis_os2.c ****       mem = 0;
 396:Middlewares/Third_Party/FreeRTOS/Source/CMSIS_RTOS_V2/cmsis_os2.c ****     }
 397:Middlewares/Third_Party/FreeRTOS/Source/CMSIS_RTOS_V2/cmsis_os2.c **** 
 398:Middlewares/Third_Party/FreeRTOS/Source/CMSIS_RTOS_V2/cmsis_os2.c ****     if (mem == 1) {
 399:Middlewares/Third_Party/FreeRTOS/Source/CMSIS_RTOS_V2/cmsis_os2.c ****       hTask = xTaskCreateStatic ((TaskFunction_t)func, name, stack, argument, prio, (StackType_t  *
 400:Middlewares/Third_Party/FreeRTOS/Source/CMSIS_RTOS_V2/cmsis_os2.c ****                                                                                     (StaticTask_t *
 401:Middlewares/Third_Party/FreeRTOS/Source/CMSIS_RTOS_V2/cmsis_os2.c ****     }
 402:Middlewares/Third_Party/FreeRTOS/Source/CMSIS_RTOS_V2/cmsis_os2.c ****     else {
 403:Middlewares/Third_Party/FreeRTOS/Source/CMSIS_RTOS_V2/cmsis_os2.c ****       if (mem == 0) {
 404:Middlewares/Third_Party/FreeRTOS/Source/CMSIS_RTOS_V2/cmsis_os2.c ****         if (xTaskCreate ((TaskFunction_t)func, name, (uint16_t)stack, argument, prio, &hTask) != pd
 405:Middlewares/Third_Party/FreeRTOS/Source/CMSIS_RTOS_V2/cmsis_os2.c ****           hTask = NULL;
 406:Middlewares/Third_Party/FreeRTOS/Source/CMSIS_RTOS_V2/cmsis_os2.c ****         }
 407:Middlewares/Third_Party/FreeRTOS/Source/CMSIS_RTOS_V2/cmsis_os2.c ****       }
 408:Middlewares/Third_Party/FreeRTOS/Source/CMSIS_RTOS_V2/cmsis_os2.c ****     }
 409:Middlewares/Third_Party/FreeRTOS/Source/CMSIS_RTOS_V2/cmsis_os2.c ****   }
 410:Middlewares/Third_Party/FreeRTOS/Source/CMSIS_RTOS_V2/cmsis_os2.c **** 
 411:Middlewares/Third_Party/FreeRTOS/Source/CMSIS_RTOS_V2/cmsis_os2.c ****   return ((osThreadId_t)hTask);
 412:Middlewares/Third_Party/FreeRTOS/Source/CMSIS_RTOS_V2/cmsis_os2.c **** }
 413:Middlewares/Third_Party/FreeRTOS/Source/CMSIS_RTOS_V2/cmsis_os2.c **** 
 414:Middlewares/Third_Party/FreeRTOS/Source/CMSIS_RTOS_V2/cmsis_os2.c **** const char *osThreadGetName (osThreadId_t thread_id) {
 415:Middlewares/Third_Party/FreeRTOS/Source/CMSIS_RTOS_V2/cmsis_os2.c ****   TaskHandle_t hTask = (TaskHandle_t)thread_id;
 416:Middlewares/Third_Party/FreeRTOS/Source/CMSIS_RTOS_V2/cmsis_os2.c ****   const char *name;
 417:Middlewares/Third_Party/FreeRTOS/Source/CMSIS_RTOS_V2/cmsis_os2.c **** 
 418:Middlewares/Third_Party/FreeRTOS/Source/CMSIS_RTOS_V2/cmsis_os2.c ****   if (IS_IRQ() || (hTask == NULL)) {
 419:Middlewares/Third_Party/FreeRTOS/Source/CMSIS_RTOS_V2/cmsis_os2.c ****     name = NULL;
 420:Middlewares/Third_Party/FreeRTOS/Source/CMSIS_RTOS_V2/cmsis_os2.c ****   } else {
 421:Middlewares/Third_Party/FreeRTOS/Source/CMSIS_RTOS_V2/cmsis_os2.c ****     name = pcTaskGetName (hTask);
 422:Middlewares/Third_Party/FreeRTOS/Source/CMSIS_RTOS_V2/cmsis_os2.c ****   }
 423:Middlewares/Third_Party/FreeRTOS/Source/CMSIS_RTOS_V2/cmsis_os2.c **** 
 424:Middlewares/Third_Party/FreeRTOS/Source/CMSIS_RTOS_V2/cmsis_os2.c ****   return (name);
 425:Middlewares/Third_Party/FreeRTOS/Source/CMSIS_RTOS_V2/cmsis_os2.c **** }
 426:Middlewares/Third_Party/FreeRTOS/Source/CMSIS_RTOS_V2/cmsis_os2.c **** 
 427:Middlewares/Third_Party/FreeRTOS/Source/CMSIS_RTOS_V2/cmsis_os2.c **** osThreadId_t osThreadGetId (void) {
 428:Middlewares/Third_Party/FreeRTOS/Source/CMSIS_RTOS_V2/cmsis_os2.c ****   osThreadId_t id;
 429:Middlewares/Third_Party/FreeRTOS/Source/CMSIS_RTOS_V2/cmsis_os2.c **** 
ARM GAS  C:\Users\31005\AppData\Local\Temp\ccDX7XtF.s 			page 9


 430:Middlewares/Third_Party/FreeRTOS/Source/CMSIS_RTOS_V2/cmsis_os2.c ****   if (IS_IRQ()) {
 431:Middlewares/Third_Party/FreeRTOS/Source/CMSIS_RTOS_V2/cmsis_os2.c ****     id = NULL;
 432:Middlewares/Third_Party/FreeRTOS/Source/CMSIS_RTOS_V2/cmsis_os2.c ****   } else {
 433:Middlewares/Third_Party/FreeRTOS/Source/CMSIS_RTOS_V2/cmsis_os2.c ****     id = (osThreadId_t)xTaskGetCurrentTaskHandle();
 434:Middlewares/Third_Party/FreeRTOS/Source/CMSIS_RTOS_V2/cmsis_os2.c ****   }
 435:Middlewares/Third_Party/FreeRTOS/Source/CMSIS_RTOS_V2/cmsis_os2.c **** 
 436:Middlewares/Third_Party/FreeRTOS/Source/CMSIS_RTOS_V2/cmsis_os2.c ****   return (id);
 437:Middlewares/Third_Party/FreeRTOS/Source/CMSIS_RTOS_V2/cmsis_os2.c **** }
 438:Middlewares/Third_Party/FreeRTOS/Source/CMSIS_RTOS_V2/cmsis_os2.c **** 
 439:Middlewares/Third_Party/FreeRTOS/Source/CMSIS_RTOS_V2/cmsis_os2.c **** osThreadState_t osThreadGetState (osThreadId_t thread_id) {
 440:Middlewares/Third_Party/FreeRTOS/Source/CMSIS_RTOS_V2/cmsis_os2.c ****   TaskHandle_t hTask = (TaskHandle_t)thread_id;
 441:Middlewares/Third_Party/FreeRTOS/Source/CMSIS_RTOS_V2/cmsis_os2.c ****   osThreadState_t state;
 442:Middlewares/Third_Party/FreeRTOS/Source/CMSIS_RTOS_V2/cmsis_os2.c **** 
 443:Middlewares/Third_Party/FreeRTOS/Source/CMSIS_RTOS_V2/cmsis_os2.c ****   if (IS_IRQ() || (hTask == NULL)) {
 444:Middlewares/Third_Party/FreeRTOS/Source/CMSIS_RTOS_V2/cmsis_os2.c ****     state = osThreadError;
 445:Middlewares/Third_Party/FreeRTOS/Source/CMSIS_RTOS_V2/cmsis_os2.c ****   }
 446:Middlewares/Third_Party/FreeRTOS/Source/CMSIS_RTOS_V2/cmsis_os2.c ****   else {
 447:Middlewares/Third_Party/FreeRTOS/Source/CMSIS_RTOS_V2/cmsis_os2.c ****     switch (eTaskGetState (hTask)) {
 448:Middlewares/Third_Party/FreeRTOS/Source/CMSIS_RTOS_V2/cmsis_os2.c ****       case eRunning:   state = osThreadRunning;    break;
 449:Middlewares/Third_Party/FreeRTOS/Source/CMSIS_RTOS_V2/cmsis_os2.c ****       case eReady:     state = osThreadReady;      break;
 450:Middlewares/Third_Party/FreeRTOS/Source/CMSIS_RTOS_V2/cmsis_os2.c ****       case eBlocked:
 451:Middlewares/Third_Party/FreeRTOS/Source/CMSIS_RTOS_V2/cmsis_os2.c ****       case eSuspended: state = osThreadBlocked;    break;
 452:Middlewares/Third_Party/FreeRTOS/Source/CMSIS_RTOS_V2/cmsis_os2.c ****       case eDeleted:   state = osThreadTerminated; break;
 453:Middlewares/Third_Party/FreeRTOS/Source/CMSIS_RTOS_V2/cmsis_os2.c ****       case eInvalid:
 454:Middlewares/Third_Party/FreeRTOS/Source/CMSIS_RTOS_V2/cmsis_os2.c ****       default:         state = osThreadError;      break;
 455:Middlewares/Third_Party/FreeRTOS/Source/CMSIS_RTOS_V2/cmsis_os2.c ****     }
 456:Middlewares/Third_Party/FreeRTOS/Source/CMSIS_RTOS_V2/cmsis_os2.c ****   }
 457:Middlewares/Third_Party/FreeRTOS/Source/CMSIS_RTOS_V2/cmsis_os2.c **** 
 458:Middlewares/Third_Party/FreeRTOS/Source/CMSIS_RTOS_V2/cmsis_os2.c ****   return (state);
 459:Middlewares/Third_Party/FreeRTOS/Source/CMSIS_RTOS_V2/cmsis_os2.c **** }
 460:Middlewares/Third_Party/FreeRTOS/Source/CMSIS_RTOS_V2/cmsis_os2.c **** 
 461:Middlewares/Third_Party/FreeRTOS/Source/CMSIS_RTOS_V2/cmsis_os2.c **** uint32_t osThreadGetStackSpace (osThreadId_t thread_id) {
 462:Middlewares/Third_Party/FreeRTOS/Source/CMSIS_RTOS_V2/cmsis_os2.c ****   TaskHandle_t hTask = (TaskHandle_t)thread_id;
 463:Middlewares/Third_Party/FreeRTOS/Source/CMSIS_RTOS_V2/cmsis_os2.c ****   uint32_t sz;
 464:Middlewares/Third_Party/FreeRTOS/Source/CMSIS_RTOS_V2/cmsis_os2.c **** 
 465:Middlewares/Third_Party/FreeRTOS/Source/CMSIS_RTOS_V2/cmsis_os2.c ****   if (IS_IRQ() || (hTask == NULL)) {
 466:Middlewares/Third_Party/FreeRTOS/Source/CMSIS_RTOS_V2/cmsis_os2.c ****     sz = 0U;
 467:Middlewares/Third_Party/FreeRTOS/Source/CMSIS_RTOS_V2/cmsis_os2.c ****   } else {
 468:Middlewares/Third_Party/FreeRTOS/Source/CMSIS_RTOS_V2/cmsis_os2.c ****     sz = (uint32_t)uxTaskGetStackHighWaterMark (hTask);
 469:Middlewares/Third_Party/FreeRTOS/Source/CMSIS_RTOS_V2/cmsis_os2.c ****   }
 470:Middlewares/Third_Party/FreeRTOS/Source/CMSIS_RTOS_V2/cmsis_os2.c **** 
 471:Middlewares/Third_Party/FreeRTOS/Source/CMSIS_RTOS_V2/cmsis_os2.c ****   return (sz);
 472:Middlewares/Third_Party/FreeRTOS/Source/CMSIS_RTOS_V2/cmsis_os2.c **** }
 473:Middlewares/Third_Party/FreeRTOS/Source/CMSIS_RTOS_V2/cmsis_os2.c **** 
 474:Middlewares/Third_Party/FreeRTOS/Source/CMSIS_RTOS_V2/cmsis_os2.c **** uint32_t osThreadGetStackSize	(osThreadId_t thread_id) {
 475:Middlewares/Third_Party/FreeRTOS/Source/CMSIS_RTOS_V2/cmsis_os2.c ****   /*
 476:Middlewares/Third_Party/FreeRTOS/Source/CMSIS_RTOS_V2/cmsis_os2.c ****    * this implmentation is not correct.
 477:Middlewares/Third_Party/FreeRTOS/Source/CMSIS_RTOS_V2/cmsis_os2.c ****    * this function is implmented to avoid link errors (undefined reference)
 478:Middlewares/Third_Party/FreeRTOS/Source/CMSIS_RTOS_V2/cmsis_os2.c ****    * Bug reported : https://github.com/ARM-software/CMSIS-FreeRTOS/issues/14
 479:Middlewares/Third_Party/FreeRTOS/Source/CMSIS_RTOS_V2/cmsis_os2.c ****    */
 480:Middlewares/Third_Party/FreeRTOS/Source/CMSIS_RTOS_V2/cmsis_os2.c ****   (void) thread_id;
 481:Middlewares/Third_Party/FreeRTOS/Source/CMSIS_RTOS_V2/cmsis_os2.c ****   return 0;
 482:Middlewares/Third_Party/FreeRTOS/Source/CMSIS_RTOS_V2/cmsis_os2.c **** }
 483:Middlewares/Third_Party/FreeRTOS/Source/CMSIS_RTOS_V2/cmsis_os2.c **** 
 484:Middlewares/Third_Party/FreeRTOS/Source/CMSIS_RTOS_V2/cmsis_os2.c **** osStatus_t osThreadSetPriority (osThreadId_t thread_id, osPriority_t priority) {
 485:Middlewares/Third_Party/FreeRTOS/Source/CMSIS_RTOS_V2/cmsis_os2.c ****   TaskHandle_t hTask = (TaskHandle_t)thread_id;
 486:Middlewares/Third_Party/FreeRTOS/Source/CMSIS_RTOS_V2/cmsis_os2.c ****   osStatus_t stat;
ARM GAS  C:\Users\31005\AppData\Local\Temp\ccDX7XtF.s 			page 10


 487:Middlewares/Third_Party/FreeRTOS/Source/CMSIS_RTOS_V2/cmsis_os2.c **** 
 488:Middlewares/Third_Party/FreeRTOS/Source/CMSIS_RTOS_V2/cmsis_os2.c ****   if (IS_IRQ()) {
 489:Middlewares/Third_Party/FreeRTOS/Source/CMSIS_RTOS_V2/cmsis_os2.c ****     stat = osErrorISR;
 490:Middlewares/Third_Party/FreeRTOS/Source/CMSIS_RTOS_V2/cmsis_os2.c ****   }
 491:Middlewares/Third_Party/FreeRTOS/Source/CMSIS_RTOS_V2/cmsis_os2.c ****   else if ((hTask == NULL) || (priority < osPriorityIdle) || (priority > osPriorityISR)) {
 492:Middlewares/Third_Party/FreeRTOS/Source/CMSIS_RTOS_V2/cmsis_os2.c ****     stat = osErrorParameter;
 493:Middlewares/Third_Party/FreeRTOS/Source/CMSIS_RTOS_V2/cmsis_os2.c ****   }
 494:Middlewares/Third_Party/FreeRTOS/Source/CMSIS_RTOS_V2/cmsis_os2.c ****   else {
 495:Middlewares/Third_Party/FreeRTOS/Source/CMSIS_RTOS_V2/cmsis_os2.c ****     stat = osOK;
 496:Middlewares/Third_Party/FreeRTOS/Source/CMSIS_RTOS_V2/cmsis_os2.c ****     vTaskPrioritySet (hTask, (UBaseType_t)priority);
 497:Middlewares/Third_Party/FreeRTOS/Source/CMSIS_RTOS_V2/cmsis_os2.c ****   }
 498:Middlewares/Third_Party/FreeRTOS/Source/CMSIS_RTOS_V2/cmsis_os2.c **** 
 499:Middlewares/Third_Party/FreeRTOS/Source/CMSIS_RTOS_V2/cmsis_os2.c ****   return (stat);
 500:Middlewares/Third_Party/FreeRTOS/Source/CMSIS_RTOS_V2/cmsis_os2.c **** }
 501:Middlewares/Third_Party/FreeRTOS/Source/CMSIS_RTOS_V2/cmsis_os2.c **** 
 502:Middlewares/Third_Party/FreeRTOS/Source/CMSIS_RTOS_V2/cmsis_os2.c **** osPriority_t osThreadGetPriority (osThreadId_t thread_id) {
 503:Middlewares/Third_Party/FreeRTOS/Source/CMSIS_RTOS_V2/cmsis_os2.c ****   TaskHandle_t hTask = (TaskHandle_t)thread_id;
 504:Middlewares/Third_Party/FreeRTOS/Source/CMSIS_RTOS_V2/cmsis_os2.c ****   osPriority_t prio;
 505:Middlewares/Third_Party/FreeRTOS/Source/CMSIS_RTOS_V2/cmsis_os2.c **** 
 506:Middlewares/Third_Party/FreeRTOS/Source/CMSIS_RTOS_V2/cmsis_os2.c ****   if (IS_IRQ() || (hTask == NULL)) {
 507:Middlewares/Third_Party/FreeRTOS/Source/CMSIS_RTOS_V2/cmsis_os2.c ****     prio = osPriorityError;
 508:Middlewares/Third_Party/FreeRTOS/Source/CMSIS_RTOS_V2/cmsis_os2.c ****   } else {
 509:Middlewares/Third_Party/FreeRTOS/Source/CMSIS_RTOS_V2/cmsis_os2.c ****     prio = (osPriority_t)uxTaskPriorityGet (hTask);
 510:Middlewares/Third_Party/FreeRTOS/Source/CMSIS_RTOS_V2/cmsis_os2.c ****   }
 511:Middlewares/Third_Party/FreeRTOS/Source/CMSIS_RTOS_V2/cmsis_os2.c **** 
 512:Middlewares/Third_Party/FreeRTOS/Source/CMSIS_RTOS_V2/cmsis_os2.c ****   return (prio);
 513:Middlewares/Third_Party/FreeRTOS/Source/CMSIS_RTOS_V2/cmsis_os2.c **** }
 514:Middlewares/Third_Party/FreeRTOS/Source/CMSIS_RTOS_V2/cmsis_os2.c **** 
 515:Middlewares/Third_Party/FreeRTOS/Source/CMSIS_RTOS_V2/cmsis_os2.c **** osStatus_t osThreadYield (void) {
 516:Middlewares/Third_Party/FreeRTOS/Source/CMSIS_RTOS_V2/cmsis_os2.c ****   osStatus_t stat;
 517:Middlewares/Third_Party/FreeRTOS/Source/CMSIS_RTOS_V2/cmsis_os2.c **** 
 518:Middlewares/Third_Party/FreeRTOS/Source/CMSIS_RTOS_V2/cmsis_os2.c ****   if (IS_IRQ()) {
 519:Middlewares/Third_Party/FreeRTOS/Source/CMSIS_RTOS_V2/cmsis_os2.c ****     stat = osErrorISR;
 520:Middlewares/Third_Party/FreeRTOS/Source/CMSIS_RTOS_V2/cmsis_os2.c ****   } else {
 521:Middlewares/Third_Party/FreeRTOS/Source/CMSIS_RTOS_V2/cmsis_os2.c ****     stat = osOK;
 522:Middlewares/Third_Party/FreeRTOS/Source/CMSIS_RTOS_V2/cmsis_os2.c ****     taskYIELD();
 523:Middlewares/Third_Party/FreeRTOS/Source/CMSIS_RTOS_V2/cmsis_os2.c ****   }
 524:Middlewares/Third_Party/FreeRTOS/Source/CMSIS_RTOS_V2/cmsis_os2.c **** 
 525:Middlewares/Third_Party/FreeRTOS/Source/CMSIS_RTOS_V2/cmsis_os2.c ****   return (stat);
 526:Middlewares/Third_Party/FreeRTOS/Source/CMSIS_RTOS_V2/cmsis_os2.c **** }
 527:Middlewares/Third_Party/FreeRTOS/Source/CMSIS_RTOS_V2/cmsis_os2.c **** 
 528:Middlewares/Third_Party/FreeRTOS/Source/CMSIS_RTOS_V2/cmsis_os2.c **** osStatus_t osThreadSuspend (osThreadId_t thread_id) {
 529:Middlewares/Third_Party/FreeRTOS/Source/CMSIS_RTOS_V2/cmsis_os2.c ****   TaskHandle_t hTask = (TaskHandle_t)thread_id;
 530:Middlewares/Third_Party/FreeRTOS/Source/CMSIS_RTOS_V2/cmsis_os2.c ****   osStatus_t stat;
 531:Middlewares/Third_Party/FreeRTOS/Source/CMSIS_RTOS_V2/cmsis_os2.c **** 
 532:Middlewares/Third_Party/FreeRTOS/Source/CMSIS_RTOS_V2/cmsis_os2.c ****   if (IS_IRQ()) {
 533:Middlewares/Third_Party/FreeRTOS/Source/CMSIS_RTOS_V2/cmsis_os2.c ****     stat = osErrorISR;
 534:Middlewares/Third_Party/FreeRTOS/Source/CMSIS_RTOS_V2/cmsis_os2.c ****   }
 535:Middlewares/Third_Party/FreeRTOS/Source/CMSIS_RTOS_V2/cmsis_os2.c ****   else if (hTask == NULL) {
 536:Middlewares/Third_Party/FreeRTOS/Source/CMSIS_RTOS_V2/cmsis_os2.c ****     stat = osErrorParameter;
 537:Middlewares/Third_Party/FreeRTOS/Source/CMSIS_RTOS_V2/cmsis_os2.c ****   }
 538:Middlewares/Third_Party/FreeRTOS/Source/CMSIS_RTOS_V2/cmsis_os2.c ****   else {
 539:Middlewares/Third_Party/FreeRTOS/Source/CMSIS_RTOS_V2/cmsis_os2.c ****     stat = osOK;
 540:Middlewares/Third_Party/FreeRTOS/Source/CMSIS_RTOS_V2/cmsis_os2.c ****     vTaskSuspend (hTask);
 541:Middlewares/Third_Party/FreeRTOS/Source/CMSIS_RTOS_V2/cmsis_os2.c ****   }
 542:Middlewares/Third_Party/FreeRTOS/Source/CMSIS_RTOS_V2/cmsis_os2.c **** 
 543:Middlewares/Third_Party/FreeRTOS/Source/CMSIS_RTOS_V2/cmsis_os2.c ****   return (stat);
ARM GAS  C:\Users\31005\AppData\Local\Temp\ccDX7XtF.s 			page 11


 544:Middlewares/Third_Party/FreeRTOS/Source/CMSIS_RTOS_V2/cmsis_os2.c **** }
 545:Middlewares/Third_Party/FreeRTOS/Source/CMSIS_RTOS_V2/cmsis_os2.c **** 
 546:Middlewares/Third_Party/FreeRTOS/Source/CMSIS_RTOS_V2/cmsis_os2.c **** osStatus_t osThreadResume (osThreadId_t thread_id) {
 547:Middlewares/Third_Party/FreeRTOS/Source/CMSIS_RTOS_V2/cmsis_os2.c ****   TaskHandle_t hTask = (TaskHandle_t)thread_id;
 548:Middlewares/Third_Party/FreeRTOS/Source/CMSIS_RTOS_V2/cmsis_os2.c ****   osStatus_t stat;
 549:Middlewares/Third_Party/FreeRTOS/Source/CMSIS_RTOS_V2/cmsis_os2.c **** 
 550:Middlewares/Third_Party/FreeRTOS/Source/CMSIS_RTOS_V2/cmsis_os2.c ****   if (IS_IRQ()) {
 551:Middlewares/Third_Party/FreeRTOS/Source/CMSIS_RTOS_V2/cmsis_os2.c ****     stat = osErrorISR;
 552:Middlewares/Third_Party/FreeRTOS/Source/CMSIS_RTOS_V2/cmsis_os2.c ****   }
 553:Middlewares/Third_Party/FreeRTOS/Source/CMSIS_RTOS_V2/cmsis_os2.c ****   else if (hTask == NULL) {
 554:Middlewares/Third_Party/FreeRTOS/Source/CMSIS_RTOS_V2/cmsis_os2.c ****     stat = osErrorParameter;
 555:Middlewares/Third_Party/FreeRTOS/Source/CMSIS_RTOS_V2/cmsis_os2.c ****   }
 556:Middlewares/Third_Party/FreeRTOS/Source/CMSIS_RTOS_V2/cmsis_os2.c ****   else {
 557:Middlewares/Third_Party/FreeRTOS/Source/CMSIS_RTOS_V2/cmsis_os2.c ****     stat = osOK;
 558:Middlewares/Third_Party/FreeRTOS/Source/CMSIS_RTOS_V2/cmsis_os2.c ****     vTaskResume (hTask);
 559:Middlewares/Third_Party/FreeRTOS/Source/CMSIS_RTOS_V2/cmsis_os2.c ****   }
 560:Middlewares/Third_Party/FreeRTOS/Source/CMSIS_RTOS_V2/cmsis_os2.c **** 
 561:Middlewares/Third_Party/FreeRTOS/Source/CMSIS_RTOS_V2/cmsis_os2.c ****   return (stat);
 562:Middlewares/Third_Party/FreeRTOS/Source/CMSIS_RTOS_V2/cmsis_os2.c **** }
 563:Middlewares/Third_Party/FreeRTOS/Source/CMSIS_RTOS_V2/cmsis_os2.c **** 
 564:Middlewares/Third_Party/FreeRTOS/Source/CMSIS_RTOS_V2/cmsis_os2.c **** __NO_RETURN void osThreadExit (void) {
 565:Middlewares/Third_Party/FreeRTOS/Source/CMSIS_RTOS_V2/cmsis_os2.c **** #ifndef USE_FreeRTOS_HEAP_1
 566:Middlewares/Third_Party/FreeRTOS/Source/CMSIS_RTOS_V2/cmsis_os2.c ****   vTaskDelete (NULL);
 567:Middlewares/Third_Party/FreeRTOS/Source/CMSIS_RTOS_V2/cmsis_os2.c **** #endif
 568:Middlewares/Third_Party/FreeRTOS/Source/CMSIS_RTOS_V2/cmsis_os2.c ****   for (;;);
 569:Middlewares/Third_Party/FreeRTOS/Source/CMSIS_RTOS_V2/cmsis_os2.c **** }
 570:Middlewares/Third_Party/FreeRTOS/Source/CMSIS_RTOS_V2/cmsis_os2.c **** 
 571:Middlewares/Third_Party/FreeRTOS/Source/CMSIS_RTOS_V2/cmsis_os2.c **** osStatus_t osThreadTerminate (osThreadId_t thread_id) {
 572:Middlewares/Third_Party/FreeRTOS/Source/CMSIS_RTOS_V2/cmsis_os2.c ****   TaskHandle_t hTask = (TaskHandle_t)thread_id;
 573:Middlewares/Third_Party/FreeRTOS/Source/CMSIS_RTOS_V2/cmsis_os2.c ****   osStatus_t stat;
 574:Middlewares/Third_Party/FreeRTOS/Source/CMSIS_RTOS_V2/cmsis_os2.c **** #ifndef USE_FreeRTOS_HEAP_1
 575:Middlewares/Third_Party/FreeRTOS/Source/CMSIS_RTOS_V2/cmsis_os2.c ****   eTaskState tstate;
 576:Middlewares/Third_Party/FreeRTOS/Source/CMSIS_RTOS_V2/cmsis_os2.c **** 
 577:Middlewares/Third_Party/FreeRTOS/Source/CMSIS_RTOS_V2/cmsis_os2.c ****   if (IS_IRQ()) {
 578:Middlewares/Third_Party/FreeRTOS/Source/CMSIS_RTOS_V2/cmsis_os2.c ****     stat = osErrorISR;
 579:Middlewares/Third_Party/FreeRTOS/Source/CMSIS_RTOS_V2/cmsis_os2.c ****   }
 580:Middlewares/Third_Party/FreeRTOS/Source/CMSIS_RTOS_V2/cmsis_os2.c ****   else if (hTask == NULL) {
 581:Middlewares/Third_Party/FreeRTOS/Source/CMSIS_RTOS_V2/cmsis_os2.c ****     stat = osErrorParameter;
 582:Middlewares/Third_Party/FreeRTOS/Source/CMSIS_RTOS_V2/cmsis_os2.c ****   }
 583:Middlewares/Third_Party/FreeRTOS/Source/CMSIS_RTOS_V2/cmsis_os2.c ****   else {
 584:Middlewares/Third_Party/FreeRTOS/Source/CMSIS_RTOS_V2/cmsis_os2.c ****     tstate = eTaskGetState (hTask);
 585:Middlewares/Third_Party/FreeRTOS/Source/CMSIS_RTOS_V2/cmsis_os2.c **** 
 586:Middlewares/Third_Party/FreeRTOS/Source/CMSIS_RTOS_V2/cmsis_os2.c ****     if (tstate != eDeleted) {
 587:Middlewares/Third_Party/FreeRTOS/Source/CMSIS_RTOS_V2/cmsis_os2.c ****       stat = osOK;
 588:Middlewares/Third_Party/FreeRTOS/Source/CMSIS_RTOS_V2/cmsis_os2.c ****       vTaskDelete (hTask);
 589:Middlewares/Third_Party/FreeRTOS/Source/CMSIS_RTOS_V2/cmsis_os2.c ****     } else {
 590:Middlewares/Third_Party/FreeRTOS/Source/CMSIS_RTOS_V2/cmsis_os2.c ****       stat = osErrorResource;
 591:Middlewares/Third_Party/FreeRTOS/Source/CMSIS_RTOS_V2/cmsis_os2.c ****     }
 592:Middlewares/Third_Party/FreeRTOS/Source/CMSIS_RTOS_V2/cmsis_os2.c ****   }
 593:Middlewares/Third_Party/FreeRTOS/Source/CMSIS_RTOS_V2/cmsis_os2.c **** #else
 594:Middlewares/Third_Party/FreeRTOS/Source/CMSIS_RTOS_V2/cmsis_os2.c ****   stat = osError;
 595:Middlewares/Third_Party/FreeRTOS/Source/CMSIS_RTOS_V2/cmsis_os2.c **** #endif
 596:Middlewares/Third_Party/FreeRTOS/Source/CMSIS_RTOS_V2/cmsis_os2.c **** 
 597:Middlewares/Third_Party/FreeRTOS/Source/CMSIS_RTOS_V2/cmsis_os2.c ****   return (stat);
 598:Middlewares/Third_Party/FreeRTOS/Source/CMSIS_RTOS_V2/cmsis_os2.c **** }
 599:Middlewares/Third_Party/FreeRTOS/Source/CMSIS_RTOS_V2/cmsis_os2.c **** 
 600:Middlewares/Third_Party/FreeRTOS/Source/CMSIS_RTOS_V2/cmsis_os2.c **** uint32_t osThreadGetCount (void) {
ARM GAS  C:\Users\31005\AppData\Local\Temp\ccDX7XtF.s 			page 12


 601:Middlewares/Third_Party/FreeRTOS/Source/CMSIS_RTOS_V2/cmsis_os2.c ****   uint32_t count;
 602:Middlewares/Third_Party/FreeRTOS/Source/CMSIS_RTOS_V2/cmsis_os2.c **** 
 603:Middlewares/Third_Party/FreeRTOS/Source/CMSIS_RTOS_V2/cmsis_os2.c ****   if (IS_IRQ()) {
 604:Middlewares/Third_Party/FreeRTOS/Source/CMSIS_RTOS_V2/cmsis_os2.c ****     count = 0U;
 605:Middlewares/Third_Party/FreeRTOS/Source/CMSIS_RTOS_V2/cmsis_os2.c ****   } else {
 606:Middlewares/Third_Party/FreeRTOS/Source/CMSIS_RTOS_V2/cmsis_os2.c ****     count = uxTaskGetNumberOfTasks();
 607:Middlewares/Third_Party/FreeRTOS/Source/CMSIS_RTOS_V2/cmsis_os2.c ****   }
 608:Middlewares/Third_Party/FreeRTOS/Source/CMSIS_RTOS_V2/cmsis_os2.c **** 
 609:Middlewares/Third_Party/FreeRTOS/Source/CMSIS_RTOS_V2/cmsis_os2.c ****   return (count);
 610:Middlewares/Third_Party/FreeRTOS/Source/CMSIS_RTOS_V2/cmsis_os2.c **** }
 611:Middlewares/Third_Party/FreeRTOS/Source/CMSIS_RTOS_V2/cmsis_os2.c **** 
 612:Middlewares/Third_Party/FreeRTOS/Source/CMSIS_RTOS_V2/cmsis_os2.c **** uint32_t osThreadEnumerate (osThreadId_t *thread_array, uint32_t array_items) {
 613:Middlewares/Third_Party/FreeRTOS/Source/CMSIS_RTOS_V2/cmsis_os2.c ****   uint32_t i, count;
 614:Middlewares/Third_Party/FreeRTOS/Source/CMSIS_RTOS_V2/cmsis_os2.c ****   TaskStatus_t *task;
 615:Middlewares/Third_Party/FreeRTOS/Source/CMSIS_RTOS_V2/cmsis_os2.c **** 
 616:Middlewares/Third_Party/FreeRTOS/Source/CMSIS_RTOS_V2/cmsis_os2.c ****   if (IS_IRQ() || (thread_array == NULL) || (array_items == 0U)) {
 617:Middlewares/Third_Party/FreeRTOS/Source/CMSIS_RTOS_V2/cmsis_os2.c ****     count = 0U;
 618:Middlewares/Third_Party/FreeRTOS/Source/CMSIS_RTOS_V2/cmsis_os2.c ****   } else {
 619:Middlewares/Third_Party/FreeRTOS/Source/CMSIS_RTOS_V2/cmsis_os2.c ****     vTaskSuspendAll();
 620:Middlewares/Third_Party/FreeRTOS/Source/CMSIS_RTOS_V2/cmsis_os2.c **** 
 621:Middlewares/Third_Party/FreeRTOS/Source/CMSIS_RTOS_V2/cmsis_os2.c ****     count = uxTaskGetNumberOfTasks();
 622:Middlewares/Third_Party/FreeRTOS/Source/CMSIS_RTOS_V2/cmsis_os2.c ****     task  = pvPortMalloc (count * sizeof(TaskStatus_t));
 623:Middlewares/Third_Party/FreeRTOS/Source/CMSIS_RTOS_V2/cmsis_os2.c **** 
 624:Middlewares/Third_Party/FreeRTOS/Source/CMSIS_RTOS_V2/cmsis_os2.c ****     if (task != NULL) {
 625:Middlewares/Third_Party/FreeRTOS/Source/CMSIS_RTOS_V2/cmsis_os2.c ****       count = uxTaskGetSystemState (task, count, NULL);
 626:Middlewares/Third_Party/FreeRTOS/Source/CMSIS_RTOS_V2/cmsis_os2.c **** 
 627:Middlewares/Third_Party/FreeRTOS/Source/CMSIS_RTOS_V2/cmsis_os2.c ****       for (i = 0U; (i < count) && (i < array_items); i++) {
 628:Middlewares/Third_Party/FreeRTOS/Source/CMSIS_RTOS_V2/cmsis_os2.c ****         thread_array[i] = (osThreadId_t)task[i].xHandle;
 629:Middlewares/Third_Party/FreeRTOS/Source/CMSIS_RTOS_V2/cmsis_os2.c ****       }
 630:Middlewares/Third_Party/FreeRTOS/Source/CMSIS_RTOS_V2/cmsis_os2.c ****       count = i;
 631:Middlewares/Third_Party/FreeRTOS/Source/CMSIS_RTOS_V2/cmsis_os2.c ****     }
 632:Middlewares/Third_Party/FreeRTOS/Source/CMSIS_RTOS_V2/cmsis_os2.c ****     (void)xTaskResumeAll();
 633:Middlewares/Third_Party/FreeRTOS/Source/CMSIS_RTOS_V2/cmsis_os2.c **** 
 634:Middlewares/Third_Party/FreeRTOS/Source/CMSIS_RTOS_V2/cmsis_os2.c ****     vPortFree (task);
 635:Middlewares/Third_Party/FreeRTOS/Source/CMSIS_RTOS_V2/cmsis_os2.c ****   }
 636:Middlewares/Third_Party/FreeRTOS/Source/CMSIS_RTOS_V2/cmsis_os2.c **** 
 637:Middlewares/Third_Party/FreeRTOS/Source/CMSIS_RTOS_V2/cmsis_os2.c ****   return (count);
 638:Middlewares/Third_Party/FreeRTOS/Source/CMSIS_RTOS_V2/cmsis_os2.c **** }
 639:Middlewares/Third_Party/FreeRTOS/Source/CMSIS_RTOS_V2/cmsis_os2.c **** 
 640:Middlewares/Third_Party/FreeRTOS/Source/CMSIS_RTOS_V2/cmsis_os2.c **** uint32_t osThreadFlagsSet (osThreadId_t thread_id, uint32_t flags) {
 641:Middlewares/Third_Party/FreeRTOS/Source/CMSIS_RTOS_V2/cmsis_os2.c ****   TaskHandle_t hTask = (TaskHandle_t)thread_id;
 642:Middlewares/Third_Party/FreeRTOS/Source/CMSIS_RTOS_V2/cmsis_os2.c ****   uint32_t rflags;
 643:Middlewares/Third_Party/FreeRTOS/Source/CMSIS_RTOS_V2/cmsis_os2.c ****   BaseType_t yield;
 644:Middlewares/Third_Party/FreeRTOS/Source/CMSIS_RTOS_V2/cmsis_os2.c **** 
 645:Middlewares/Third_Party/FreeRTOS/Source/CMSIS_RTOS_V2/cmsis_os2.c ****   if ((hTask == NULL) || ((flags & THREAD_FLAGS_INVALID_BITS) != 0U)) {
 646:Middlewares/Third_Party/FreeRTOS/Source/CMSIS_RTOS_V2/cmsis_os2.c ****     rflags = (uint32_t)osErrorParameter;
 647:Middlewares/Third_Party/FreeRTOS/Source/CMSIS_RTOS_V2/cmsis_os2.c ****   }
 648:Middlewares/Third_Party/FreeRTOS/Source/CMSIS_RTOS_V2/cmsis_os2.c ****   else {
 649:Middlewares/Third_Party/FreeRTOS/Source/CMSIS_RTOS_V2/cmsis_os2.c ****     rflags = (uint32_t)osError;
 650:Middlewares/Third_Party/FreeRTOS/Source/CMSIS_RTOS_V2/cmsis_os2.c **** 
 651:Middlewares/Third_Party/FreeRTOS/Source/CMSIS_RTOS_V2/cmsis_os2.c ****     if (IS_IRQ()) {
 652:Middlewares/Third_Party/FreeRTOS/Source/CMSIS_RTOS_V2/cmsis_os2.c ****       yield = pdFALSE;
 653:Middlewares/Third_Party/FreeRTOS/Source/CMSIS_RTOS_V2/cmsis_os2.c **** 
 654:Middlewares/Third_Party/FreeRTOS/Source/CMSIS_RTOS_V2/cmsis_os2.c ****       (void)xTaskNotifyFromISR (hTask, flags, eSetBits, &yield);
 655:Middlewares/Third_Party/FreeRTOS/Source/CMSIS_RTOS_V2/cmsis_os2.c ****       (void)xTaskNotifyAndQueryFromISR (hTask, 0, eNoAction, &rflags, NULL);
 656:Middlewares/Third_Party/FreeRTOS/Source/CMSIS_RTOS_V2/cmsis_os2.c **** 
 657:Middlewares/Third_Party/FreeRTOS/Source/CMSIS_RTOS_V2/cmsis_os2.c ****       portYIELD_FROM_ISR (yield);
ARM GAS  C:\Users\31005\AppData\Local\Temp\ccDX7XtF.s 			page 13


 658:Middlewares/Third_Party/FreeRTOS/Source/CMSIS_RTOS_V2/cmsis_os2.c ****     }
 659:Middlewares/Third_Party/FreeRTOS/Source/CMSIS_RTOS_V2/cmsis_os2.c ****     else {
 660:Middlewares/Third_Party/FreeRTOS/Source/CMSIS_RTOS_V2/cmsis_os2.c ****       (void)xTaskNotify (hTask, flags, eSetBits);
 661:Middlewares/Third_Party/FreeRTOS/Source/CMSIS_RTOS_V2/cmsis_os2.c ****       (void)xTaskNotifyAndQuery (hTask, 0, eNoAction, &rflags);
 662:Middlewares/Third_Party/FreeRTOS/Source/CMSIS_RTOS_V2/cmsis_os2.c ****     }
 663:Middlewares/Third_Party/FreeRTOS/Source/CMSIS_RTOS_V2/cmsis_os2.c ****   }
 664:Middlewares/Third_Party/FreeRTOS/Source/CMSIS_RTOS_V2/cmsis_os2.c ****   /* Return flags after setting */
 665:Middlewares/Third_Party/FreeRTOS/Source/CMSIS_RTOS_V2/cmsis_os2.c ****   return (rflags);
 666:Middlewares/Third_Party/FreeRTOS/Source/CMSIS_RTOS_V2/cmsis_os2.c **** }
 667:Middlewares/Third_Party/FreeRTOS/Source/CMSIS_RTOS_V2/cmsis_os2.c **** 
 668:Middlewares/Third_Party/FreeRTOS/Source/CMSIS_RTOS_V2/cmsis_os2.c **** uint32_t osThreadFlagsClear (uint32_t flags) {
 669:Middlewares/Third_Party/FreeRTOS/Source/CMSIS_RTOS_V2/cmsis_os2.c ****   TaskHandle_t hTask;
 670:Middlewares/Third_Party/FreeRTOS/Source/CMSIS_RTOS_V2/cmsis_os2.c ****   uint32_t rflags, cflags;
 671:Middlewares/Third_Party/FreeRTOS/Source/CMSIS_RTOS_V2/cmsis_os2.c **** 
 672:Middlewares/Third_Party/FreeRTOS/Source/CMSIS_RTOS_V2/cmsis_os2.c ****   if (IS_IRQ()) {
 673:Middlewares/Third_Party/FreeRTOS/Source/CMSIS_RTOS_V2/cmsis_os2.c ****     rflags = (uint32_t)osErrorISR;
 674:Middlewares/Third_Party/FreeRTOS/Source/CMSIS_RTOS_V2/cmsis_os2.c ****   }
 675:Middlewares/Third_Party/FreeRTOS/Source/CMSIS_RTOS_V2/cmsis_os2.c ****   else if ((flags & THREAD_FLAGS_INVALID_BITS) != 0U) {
 676:Middlewares/Third_Party/FreeRTOS/Source/CMSIS_RTOS_V2/cmsis_os2.c ****     rflags = (uint32_t)osErrorParameter;
 677:Middlewares/Third_Party/FreeRTOS/Source/CMSIS_RTOS_V2/cmsis_os2.c ****   }
 678:Middlewares/Third_Party/FreeRTOS/Source/CMSIS_RTOS_V2/cmsis_os2.c ****   else {
 679:Middlewares/Third_Party/FreeRTOS/Source/CMSIS_RTOS_V2/cmsis_os2.c ****     hTask = xTaskGetCurrentTaskHandle();
 680:Middlewares/Third_Party/FreeRTOS/Source/CMSIS_RTOS_V2/cmsis_os2.c **** 
 681:Middlewares/Third_Party/FreeRTOS/Source/CMSIS_RTOS_V2/cmsis_os2.c ****     if (xTaskNotifyAndQuery (hTask, 0, eNoAction, &cflags) == pdPASS) {
 682:Middlewares/Third_Party/FreeRTOS/Source/CMSIS_RTOS_V2/cmsis_os2.c ****       rflags = cflags;
 683:Middlewares/Third_Party/FreeRTOS/Source/CMSIS_RTOS_V2/cmsis_os2.c ****       cflags &= ~flags;
 684:Middlewares/Third_Party/FreeRTOS/Source/CMSIS_RTOS_V2/cmsis_os2.c **** 
 685:Middlewares/Third_Party/FreeRTOS/Source/CMSIS_RTOS_V2/cmsis_os2.c ****       if (xTaskNotify (hTask, cflags, eSetValueWithOverwrite) != pdPASS) {
 686:Middlewares/Third_Party/FreeRTOS/Source/CMSIS_RTOS_V2/cmsis_os2.c ****         rflags = (uint32_t)osError;
 687:Middlewares/Third_Party/FreeRTOS/Source/CMSIS_RTOS_V2/cmsis_os2.c ****       }
 688:Middlewares/Third_Party/FreeRTOS/Source/CMSIS_RTOS_V2/cmsis_os2.c ****     }
 689:Middlewares/Third_Party/FreeRTOS/Source/CMSIS_RTOS_V2/cmsis_os2.c ****     else {
 690:Middlewares/Third_Party/FreeRTOS/Source/CMSIS_RTOS_V2/cmsis_os2.c ****       rflags = (uint32_t)osError;
 691:Middlewares/Third_Party/FreeRTOS/Source/CMSIS_RTOS_V2/cmsis_os2.c ****     }
 692:Middlewares/Third_Party/FreeRTOS/Source/CMSIS_RTOS_V2/cmsis_os2.c ****   }
 693:Middlewares/Third_Party/FreeRTOS/Source/CMSIS_RTOS_V2/cmsis_os2.c **** 
 694:Middlewares/Third_Party/FreeRTOS/Source/CMSIS_RTOS_V2/cmsis_os2.c ****   /* Return flags before clearing */
 695:Middlewares/Third_Party/FreeRTOS/Source/CMSIS_RTOS_V2/cmsis_os2.c ****   return (rflags);
 696:Middlewares/Third_Party/FreeRTOS/Source/CMSIS_RTOS_V2/cmsis_os2.c **** }
 697:Middlewares/Third_Party/FreeRTOS/Source/CMSIS_RTOS_V2/cmsis_os2.c **** 
 698:Middlewares/Third_Party/FreeRTOS/Source/CMSIS_RTOS_V2/cmsis_os2.c **** uint32_t osThreadFlagsGet (void) {
 699:Middlewares/Third_Party/FreeRTOS/Source/CMSIS_RTOS_V2/cmsis_os2.c ****   TaskHandle_t hTask;
 700:Middlewares/Third_Party/FreeRTOS/Source/CMSIS_RTOS_V2/cmsis_os2.c ****   uint32_t rflags;
 701:Middlewares/Third_Party/FreeRTOS/Source/CMSIS_RTOS_V2/cmsis_os2.c **** 
 702:Middlewares/Third_Party/FreeRTOS/Source/CMSIS_RTOS_V2/cmsis_os2.c ****   if (IS_IRQ()) {
 703:Middlewares/Third_Party/FreeRTOS/Source/CMSIS_RTOS_V2/cmsis_os2.c ****     rflags = (uint32_t)osErrorISR;
 704:Middlewares/Third_Party/FreeRTOS/Source/CMSIS_RTOS_V2/cmsis_os2.c ****   }
 705:Middlewares/Third_Party/FreeRTOS/Source/CMSIS_RTOS_V2/cmsis_os2.c ****   else {
 706:Middlewares/Third_Party/FreeRTOS/Source/CMSIS_RTOS_V2/cmsis_os2.c ****     hTask = xTaskGetCurrentTaskHandle();
 707:Middlewares/Third_Party/FreeRTOS/Source/CMSIS_RTOS_V2/cmsis_os2.c **** 
 708:Middlewares/Third_Party/FreeRTOS/Source/CMSIS_RTOS_V2/cmsis_os2.c ****     if (xTaskNotifyAndQuery (hTask, 0, eNoAction, &rflags) != pdPASS) {
 709:Middlewares/Third_Party/FreeRTOS/Source/CMSIS_RTOS_V2/cmsis_os2.c ****       rflags = (uint32_t)osError;
 710:Middlewares/Third_Party/FreeRTOS/Source/CMSIS_RTOS_V2/cmsis_os2.c ****     }
 711:Middlewares/Third_Party/FreeRTOS/Source/CMSIS_RTOS_V2/cmsis_os2.c ****   }
 712:Middlewares/Third_Party/FreeRTOS/Source/CMSIS_RTOS_V2/cmsis_os2.c **** 
 713:Middlewares/Third_Party/FreeRTOS/Source/CMSIS_RTOS_V2/cmsis_os2.c ****   return (rflags);
 714:Middlewares/Third_Party/FreeRTOS/Source/CMSIS_RTOS_V2/cmsis_os2.c **** }
ARM GAS  C:\Users\31005\AppData\Local\Temp\ccDX7XtF.s 			page 14


 715:Middlewares/Third_Party/FreeRTOS/Source/CMSIS_RTOS_V2/cmsis_os2.c **** 
 716:Middlewares/Third_Party/FreeRTOS/Source/CMSIS_RTOS_V2/cmsis_os2.c **** uint32_t osThreadFlagsWait (uint32_t flags, uint32_t options, uint32_t timeout) {
 717:Middlewares/Third_Party/FreeRTOS/Source/CMSIS_RTOS_V2/cmsis_os2.c ****   uint32_t rflags, nval;
 718:Middlewares/Third_Party/FreeRTOS/Source/CMSIS_RTOS_V2/cmsis_os2.c ****   uint32_t clear;
 719:Middlewares/Third_Party/FreeRTOS/Source/CMSIS_RTOS_V2/cmsis_os2.c ****   TickType_t t0, td, tout;
 720:Middlewares/Third_Party/FreeRTOS/Source/CMSIS_RTOS_V2/cmsis_os2.c ****   BaseType_t rval;
 721:Middlewares/Third_Party/FreeRTOS/Source/CMSIS_RTOS_V2/cmsis_os2.c **** 
 722:Middlewares/Third_Party/FreeRTOS/Source/CMSIS_RTOS_V2/cmsis_os2.c ****   if (IS_IRQ()) {
 723:Middlewares/Third_Party/FreeRTOS/Source/CMSIS_RTOS_V2/cmsis_os2.c ****     rflags = (uint32_t)osErrorISR;
 724:Middlewares/Third_Party/FreeRTOS/Source/CMSIS_RTOS_V2/cmsis_os2.c ****   }
 725:Middlewares/Third_Party/FreeRTOS/Source/CMSIS_RTOS_V2/cmsis_os2.c ****   else if ((flags & THREAD_FLAGS_INVALID_BITS) != 0U) {
 726:Middlewares/Third_Party/FreeRTOS/Source/CMSIS_RTOS_V2/cmsis_os2.c ****     rflags = (uint32_t)osErrorParameter;
 727:Middlewares/Third_Party/FreeRTOS/Source/CMSIS_RTOS_V2/cmsis_os2.c ****   }
 728:Middlewares/Third_Party/FreeRTOS/Source/CMSIS_RTOS_V2/cmsis_os2.c ****   else {
 729:Middlewares/Third_Party/FreeRTOS/Source/CMSIS_RTOS_V2/cmsis_os2.c ****     if ((options & osFlagsNoClear) == osFlagsNoClear) {
 730:Middlewares/Third_Party/FreeRTOS/Source/CMSIS_RTOS_V2/cmsis_os2.c ****       clear = 0U;
 731:Middlewares/Third_Party/FreeRTOS/Source/CMSIS_RTOS_V2/cmsis_os2.c ****     } else {
 732:Middlewares/Third_Party/FreeRTOS/Source/CMSIS_RTOS_V2/cmsis_os2.c ****       clear = flags;
 733:Middlewares/Third_Party/FreeRTOS/Source/CMSIS_RTOS_V2/cmsis_os2.c ****     }
 734:Middlewares/Third_Party/FreeRTOS/Source/CMSIS_RTOS_V2/cmsis_os2.c **** 
 735:Middlewares/Third_Party/FreeRTOS/Source/CMSIS_RTOS_V2/cmsis_os2.c ****     rflags = 0U;
 736:Middlewares/Third_Party/FreeRTOS/Source/CMSIS_RTOS_V2/cmsis_os2.c ****     tout   = timeout;
 737:Middlewares/Third_Party/FreeRTOS/Source/CMSIS_RTOS_V2/cmsis_os2.c **** 
 738:Middlewares/Third_Party/FreeRTOS/Source/CMSIS_RTOS_V2/cmsis_os2.c ****     t0 = xTaskGetTickCount();
 739:Middlewares/Third_Party/FreeRTOS/Source/CMSIS_RTOS_V2/cmsis_os2.c ****     do {
 740:Middlewares/Third_Party/FreeRTOS/Source/CMSIS_RTOS_V2/cmsis_os2.c ****       rval = xTaskNotifyWait (0, clear, &nval, tout);
 741:Middlewares/Third_Party/FreeRTOS/Source/CMSIS_RTOS_V2/cmsis_os2.c **** 
 742:Middlewares/Third_Party/FreeRTOS/Source/CMSIS_RTOS_V2/cmsis_os2.c ****       if (rval == pdPASS) {
 743:Middlewares/Third_Party/FreeRTOS/Source/CMSIS_RTOS_V2/cmsis_os2.c ****         rflags &= flags;
 744:Middlewares/Third_Party/FreeRTOS/Source/CMSIS_RTOS_V2/cmsis_os2.c ****         rflags |= nval;
 745:Middlewares/Third_Party/FreeRTOS/Source/CMSIS_RTOS_V2/cmsis_os2.c **** 
 746:Middlewares/Third_Party/FreeRTOS/Source/CMSIS_RTOS_V2/cmsis_os2.c ****         if ((options & osFlagsWaitAll) == osFlagsWaitAll) {
 747:Middlewares/Third_Party/FreeRTOS/Source/CMSIS_RTOS_V2/cmsis_os2.c ****           if ((flags & rflags) == flags) {
 748:Middlewares/Third_Party/FreeRTOS/Source/CMSIS_RTOS_V2/cmsis_os2.c ****             break;
 749:Middlewares/Third_Party/FreeRTOS/Source/CMSIS_RTOS_V2/cmsis_os2.c ****           } else {
 750:Middlewares/Third_Party/FreeRTOS/Source/CMSIS_RTOS_V2/cmsis_os2.c ****             if (timeout == 0U) {
 751:Middlewares/Third_Party/FreeRTOS/Source/CMSIS_RTOS_V2/cmsis_os2.c ****               rflags = (uint32_t)osErrorResource;
 752:Middlewares/Third_Party/FreeRTOS/Source/CMSIS_RTOS_V2/cmsis_os2.c ****               break;
 753:Middlewares/Third_Party/FreeRTOS/Source/CMSIS_RTOS_V2/cmsis_os2.c ****             }
 754:Middlewares/Third_Party/FreeRTOS/Source/CMSIS_RTOS_V2/cmsis_os2.c ****           }
 755:Middlewares/Third_Party/FreeRTOS/Source/CMSIS_RTOS_V2/cmsis_os2.c ****         }
 756:Middlewares/Third_Party/FreeRTOS/Source/CMSIS_RTOS_V2/cmsis_os2.c ****         else {
 757:Middlewares/Third_Party/FreeRTOS/Source/CMSIS_RTOS_V2/cmsis_os2.c ****           if ((flags & rflags) != 0) {
 758:Middlewares/Third_Party/FreeRTOS/Source/CMSIS_RTOS_V2/cmsis_os2.c ****             break;
 759:Middlewares/Third_Party/FreeRTOS/Source/CMSIS_RTOS_V2/cmsis_os2.c ****           } else {
 760:Middlewares/Third_Party/FreeRTOS/Source/CMSIS_RTOS_V2/cmsis_os2.c ****             if (timeout == 0U) {
 761:Middlewares/Third_Party/FreeRTOS/Source/CMSIS_RTOS_V2/cmsis_os2.c ****               rflags = (uint32_t)osErrorResource;
 762:Middlewares/Third_Party/FreeRTOS/Source/CMSIS_RTOS_V2/cmsis_os2.c ****               break;
 763:Middlewares/Third_Party/FreeRTOS/Source/CMSIS_RTOS_V2/cmsis_os2.c ****             }
 764:Middlewares/Third_Party/FreeRTOS/Source/CMSIS_RTOS_V2/cmsis_os2.c ****           }
 765:Middlewares/Third_Party/FreeRTOS/Source/CMSIS_RTOS_V2/cmsis_os2.c ****         }
 766:Middlewares/Third_Party/FreeRTOS/Source/CMSIS_RTOS_V2/cmsis_os2.c **** 
 767:Middlewares/Third_Party/FreeRTOS/Source/CMSIS_RTOS_V2/cmsis_os2.c ****         /* Update timeout */
 768:Middlewares/Third_Party/FreeRTOS/Source/CMSIS_RTOS_V2/cmsis_os2.c ****         td = xTaskGetTickCount() - t0;
 769:Middlewares/Third_Party/FreeRTOS/Source/CMSIS_RTOS_V2/cmsis_os2.c **** 
 770:Middlewares/Third_Party/FreeRTOS/Source/CMSIS_RTOS_V2/cmsis_os2.c ****         if (td > tout) {
 771:Middlewares/Third_Party/FreeRTOS/Source/CMSIS_RTOS_V2/cmsis_os2.c ****           tout  = 0;
ARM GAS  C:\Users\31005\AppData\Local\Temp\ccDX7XtF.s 			page 15


 772:Middlewares/Third_Party/FreeRTOS/Source/CMSIS_RTOS_V2/cmsis_os2.c ****         } else {
 773:Middlewares/Third_Party/FreeRTOS/Source/CMSIS_RTOS_V2/cmsis_os2.c ****           tout -= td;
 774:Middlewares/Third_Party/FreeRTOS/Source/CMSIS_RTOS_V2/cmsis_os2.c ****         }
 775:Middlewares/Third_Party/FreeRTOS/Source/CMSIS_RTOS_V2/cmsis_os2.c ****       }
 776:Middlewares/Third_Party/FreeRTOS/Source/CMSIS_RTOS_V2/cmsis_os2.c ****       else {
 777:Middlewares/Third_Party/FreeRTOS/Source/CMSIS_RTOS_V2/cmsis_os2.c ****         if (timeout == 0) {
 778:Middlewares/Third_Party/FreeRTOS/Source/CMSIS_RTOS_V2/cmsis_os2.c ****           rflags = (uint32_t)osErrorResource;
 779:Middlewares/Third_Party/FreeRTOS/Source/CMSIS_RTOS_V2/cmsis_os2.c ****         } else {
 780:Middlewares/Third_Party/FreeRTOS/Source/CMSIS_RTOS_V2/cmsis_os2.c ****           rflags = (uint32_t)osErrorTimeout;
 781:Middlewares/Third_Party/FreeRTOS/Source/CMSIS_RTOS_V2/cmsis_os2.c ****         }
 782:Middlewares/Third_Party/FreeRTOS/Source/CMSIS_RTOS_V2/cmsis_os2.c ****       }
 783:Middlewares/Third_Party/FreeRTOS/Source/CMSIS_RTOS_V2/cmsis_os2.c ****     }
 784:Middlewares/Third_Party/FreeRTOS/Source/CMSIS_RTOS_V2/cmsis_os2.c ****     while (rval != pdFAIL);
 785:Middlewares/Third_Party/FreeRTOS/Source/CMSIS_RTOS_V2/cmsis_os2.c ****   }
 786:Middlewares/Third_Party/FreeRTOS/Source/CMSIS_RTOS_V2/cmsis_os2.c **** 
 787:Middlewares/Third_Party/FreeRTOS/Source/CMSIS_RTOS_V2/cmsis_os2.c ****   /* Return flags before clearing */
 788:Middlewares/Third_Party/FreeRTOS/Source/CMSIS_RTOS_V2/cmsis_os2.c ****   return (rflags);
 789:Middlewares/Third_Party/FreeRTOS/Source/CMSIS_RTOS_V2/cmsis_os2.c **** }
 790:Middlewares/Third_Party/FreeRTOS/Source/CMSIS_RTOS_V2/cmsis_os2.c **** 
 791:Middlewares/Third_Party/FreeRTOS/Source/CMSIS_RTOS_V2/cmsis_os2.c **** osStatus_t osDelay (uint32_t ticks) {
 792:Middlewares/Third_Party/FreeRTOS/Source/CMSIS_RTOS_V2/cmsis_os2.c ****   osStatus_t stat;
 793:Middlewares/Third_Party/FreeRTOS/Source/CMSIS_RTOS_V2/cmsis_os2.c **** 
 794:Middlewares/Third_Party/FreeRTOS/Source/CMSIS_RTOS_V2/cmsis_os2.c ****   if (IS_IRQ()) {
 795:Middlewares/Third_Party/FreeRTOS/Source/CMSIS_RTOS_V2/cmsis_os2.c ****     stat = osErrorISR;
 796:Middlewares/Third_Party/FreeRTOS/Source/CMSIS_RTOS_V2/cmsis_os2.c ****   }
 797:Middlewares/Third_Party/FreeRTOS/Source/CMSIS_RTOS_V2/cmsis_os2.c ****   else {
 798:Middlewares/Third_Party/FreeRTOS/Source/CMSIS_RTOS_V2/cmsis_os2.c ****     stat = osOK;
 799:Middlewares/Third_Party/FreeRTOS/Source/CMSIS_RTOS_V2/cmsis_os2.c **** 
 800:Middlewares/Third_Party/FreeRTOS/Source/CMSIS_RTOS_V2/cmsis_os2.c ****     if (ticks != 0U) {
 801:Middlewares/Third_Party/FreeRTOS/Source/CMSIS_RTOS_V2/cmsis_os2.c ****       vTaskDelay(ticks);
 802:Middlewares/Third_Party/FreeRTOS/Source/CMSIS_RTOS_V2/cmsis_os2.c ****     }
 803:Middlewares/Third_Party/FreeRTOS/Source/CMSIS_RTOS_V2/cmsis_os2.c ****   }
 804:Middlewares/Third_Party/FreeRTOS/Source/CMSIS_RTOS_V2/cmsis_os2.c **** 
 805:Middlewares/Third_Party/FreeRTOS/Source/CMSIS_RTOS_V2/cmsis_os2.c ****   return (stat);
 806:Middlewares/Third_Party/FreeRTOS/Source/CMSIS_RTOS_V2/cmsis_os2.c **** }
 807:Middlewares/Third_Party/FreeRTOS/Source/CMSIS_RTOS_V2/cmsis_os2.c **** 
 808:Middlewares/Third_Party/FreeRTOS/Source/CMSIS_RTOS_V2/cmsis_os2.c **** osStatus_t osDelayUntil (uint32_t ticks) {
 809:Middlewares/Third_Party/FreeRTOS/Source/CMSIS_RTOS_V2/cmsis_os2.c ****   TickType_t tcnt;
 810:Middlewares/Third_Party/FreeRTOS/Source/CMSIS_RTOS_V2/cmsis_os2.c ****   osStatus_t stat;
 811:Middlewares/Third_Party/FreeRTOS/Source/CMSIS_RTOS_V2/cmsis_os2.c **** 
 812:Middlewares/Third_Party/FreeRTOS/Source/CMSIS_RTOS_V2/cmsis_os2.c ****   if (IS_IRQ()) {
 813:Middlewares/Third_Party/FreeRTOS/Source/CMSIS_RTOS_V2/cmsis_os2.c ****     stat = osErrorISR;
 814:Middlewares/Third_Party/FreeRTOS/Source/CMSIS_RTOS_V2/cmsis_os2.c ****   }
 815:Middlewares/Third_Party/FreeRTOS/Source/CMSIS_RTOS_V2/cmsis_os2.c ****   else {
 816:Middlewares/Third_Party/FreeRTOS/Source/CMSIS_RTOS_V2/cmsis_os2.c ****     stat = osOK;
 817:Middlewares/Third_Party/FreeRTOS/Source/CMSIS_RTOS_V2/cmsis_os2.c ****     tcnt = xTaskGetTickCount();
 818:Middlewares/Third_Party/FreeRTOS/Source/CMSIS_RTOS_V2/cmsis_os2.c **** 
 819:Middlewares/Third_Party/FreeRTOS/Source/CMSIS_RTOS_V2/cmsis_os2.c ****     vTaskDelayUntil (&tcnt, (TickType_t)(ticks - tcnt));
 820:Middlewares/Third_Party/FreeRTOS/Source/CMSIS_RTOS_V2/cmsis_os2.c ****   }
 821:Middlewares/Third_Party/FreeRTOS/Source/CMSIS_RTOS_V2/cmsis_os2.c **** 
 822:Middlewares/Third_Party/FreeRTOS/Source/CMSIS_RTOS_V2/cmsis_os2.c ****   return (stat);
 823:Middlewares/Third_Party/FreeRTOS/Source/CMSIS_RTOS_V2/cmsis_os2.c **** }
 824:Middlewares/Third_Party/FreeRTOS/Source/CMSIS_RTOS_V2/cmsis_os2.c **** 
 825:Middlewares/Third_Party/FreeRTOS/Source/CMSIS_RTOS_V2/cmsis_os2.c **** /*---------------------------------------------------------------------------*/
 826:Middlewares/Third_Party/FreeRTOS/Source/CMSIS_RTOS_V2/cmsis_os2.c **** 
 827:Middlewares/Third_Party/FreeRTOS/Source/CMSIS_RTOS_V2/cmsis_os2.c **** static void TimerCallback (TimerHandle_t hTimer) {
  29              		.loc 1 827 50 view -0
ARM GAS  C:\Users\31005\AppData\Local\Temp\ccDX7XtF.s 			page 16


  30              		.cfi_startproc
  31              		@ args = 0, pretend = 0, frame = 0
  32              		@ frame_needed = 0, uses_anonymous_args = 0
  33              		.loc 1 827 50 is_stmt 0 view .LVU1
  34 0000 08B5     		push	{r3, lr}
  35              	.LCFI0:
  36              		.cfi_def_cfa_offset 8
  37              		.cfi_offset 3, -8
  38              		.cfi_offset 14, -4
 828:Middlewares/Third_Party/FreeRTOS/Source/CMSIS_RTOS_V2/cmsis_os2.c ****   TimerCallback_t *callb;
  39              		.loc 1 828 3 is_stmt 1 view .LVU2
 829:Middlewares/Third_Party/FreeRTOS/Source/CMSIS_RTOS_V2/cmsis_os2.c **** 
 830:Middlewares/Third_Party/FreeRTOS/Source/CMSIS_RTOS_V2/cmsis_os2.c ****   callb = (TimerCallback_t *)pvTimerGetTimerID (hTimer);
  40              		.loc 1 830 3 view .LVU3
  41              		.loc 1 830 30 is_stmt 0 view .LVU4
  42 0002 FFF7FEFF 		bl	pvTimerGetTimerID
  43              	.LVL1:
 831:Middlewares/Third_Party/FreeRTOS/Source/CMSIS_RTOS_V2/cmsis_os2.c **** 
 832:Middlewares/Third_Party/FreeRTOS/Source/CMSIS_RTOS_V2/cmsis_os2.c ****   if (callb != NULL) {
  44              		.loc 1 832 3 is_stmt 1 view .LVU5
  45              		.loc 1 832 6 is_stmt 0 view .LVU6
  46 0006 10B1     		cbz	r0, .L1
 833:Middlewares/Third_Party/FreeRTOS/Source/CMSIS_RTOS_V2/cmsis_os2.c ****     callb->func (callb->arg);
  47              		.loc 1 833 5 is_stmt 1 view .LVU7
  48              		.loc 1 833 10 is_stmt 0 view .LVU8
  49 0008 0268     		ldr	r2, [r0]
  50              		.loc 1 833 5 view .LVU9
  51 000a 4068     		ldr	r0, [r0, #4]
  52              	.LVL2:
  53              		.loc 1 833 5 view .LVU10
  54 000c 9047     		blx	r2
  55              	.LVL3:
  56              	.L1:
 834:Middlewares/Third_Party/FreeRTOS/Source/CMSIS_RTOS_V2/cmsis_os2.c ****   }
 835:Middlewares/Third_Party/FreeRTOS/Source/CMSIS_RTOS_V2/cmsis_os2.c **** }
  57              		.loc 1 835 1 view .LVU11
  58 000e 08BD     		pop	{r3, pc}
  59              		.cfi_endproc
  60              	.LFE138:
  62              		.section	.text.osKernelInitialize,"ax",%progbits
  63              		.align	1
  64              		.global	osKernelInitialize
  65              		.syntax unified
  66              		.thumb
  67              		.thumb_func
  69              	osKernelInitialize:
  70              	.LFB106:
 135:Middlewares/Third_Party/FreeRTOS/Source/CMSIS_RTOS_V2/cmsis_os2.c ****   osStatus_t stat;
  71              		.loc 1 135 38 is_stmt 1 view -0
  72              		.cfi_startproc
  73              		@ args = 0, pretend = 0, frame = 0
  74              		@ frame_needed = 0, uses_anonymous_args = 0
  75              		@ link register save eliminated.
 136:Middlewares/Third_Party/FreeRTOS/Source/CMSIS_RTOS_V2/cmsis_os2.c **** 
  76              		.loc 1 136 3 view .LVU13
 138:Middlewares/Third_Party/FreeRTOS/Source/CMSIS_RTOS_V2/cmsis_os2.c ****     stat = osErrorISR;
  77              		.loc 1 138 3 view .LVU14
ARM GAS  C:\Users\31005\AppData\Local\Temp\ccDX7XtF.s 			page 17


  78              	.LBB334:
  79              	.LBI334:
  80              		.file 2 "Drivers/CMSIS/Include/cmsis_gcc.h"
   1:Drivers/CMSIS/Include/cmsis_gcc.h **** /**************************************************************************//**
   2:Drivers/CMSIS/Include/cmsis_gcc.h ****  * @file     cmsis_gcc.h
   3:Drivers/CMSIS/Include/cmsis_gcc.h ****  * @brief    CMSIS compiler GCC header file
   4:Drivers/CMSIS/Include/cmsis_gcc.h ****  * @version  V5.0.4
   5:Drivers/CMSIS/Include/cmsis_gcc.h ****  * @date     09. April 2018
   6:Drivers/CMSIS/Include/cmsis_gcc.h ****  ******************************************************************************/
   7:Drivers/CMSIS/Include/cmsis_gcc.h **** /*
   8:Drivers/CMSIS/Include/cmsis_gcc.h ****  * Copyright (c) 2009-2018 Arm Limited. All rights reserved.
   9:Drivers/CMSIS/Include/cmsis_gcc.h ****  *
  10:Drivers/CMSIS/Include/cmsis_gcc.h ****  * SPDX-License-Identifier: Apache-2.0
  11:Drivers/CMSIS/Include/cmsis_gcc.h ****  *
  12:Drivers/CMSIS/Include/cmsis_gcc.h ****  * Licensed under the Apache License, Version 2.0 (the License); you may
  13:Drivers/CMSIS/Include/cmsis_gcc.h ****  * not use this file except in compliance with the License.
  14:Drivers/CMSIS/Include/cmsis_gcc.h ****  * You may obtain a copy of the License at
  15:Drivers/CMSIS/Include/cmsis_gcc.h ****  *
  16:Drivers/CMSIS/Include/cmsis_gcc.h ****  * www.apache.org/licenses/LICENSE-2.0
  17:Drivers/CMSIS/Include/cmsis_gcc.h ****  *
  18:Drivers/CMSIS/Include/cmsis_gcc.h ****  * Unless required by applicable law or agreed to in writing, software
  19:Drivers/CMSIS/Include/cmsis_gcc.h ****  * distributed under the License is distributed on an AS IS BASIS, WITHOUT
  20:Drivers/CMSIS/Include/cmsis_gcc.h ****  * WARRANTIES OR CONDITIONS OF ANY KIND, either express or implied.
  21:Drivers/CMSIS/Include/cmsis_gcc.h ****  * See the License for the specific language governing permissions and
  22:Drivers/CMSIS/Include/cmsis_gcc.h ****  * limitations under the License.
  23:Drivers/CMSIS/Include/cmsis_gcc.h ****  */
  24:Drivers/CMSIS/Include/cmsis_gcc.h **** 
  25:Drivers/CMSIS/Include/cmsis_gcc.h **** #ifndef __CMSIS_GCC_H
  26:Drivers/CMSIS/Include/cmsis_gcc.h **** #define __CMSIS_GCC_H
  27:Drivers/CMSIS/Include/cmsis_gcc.h **** 
  28:Drivers/CMSIS/Include/cmsis_gcc.h **** /* ignore some GCC warnings */
  29:Drivers/CMSIS/Include/cmsis_gcc.h **** #pragma GCC diagnostic push
  30:Drivers/CMSIS/Include/cmsis_gcc.h **** #pragma GCC diagnostic ignored "-Wsign-conversion"
  31:Drivers/CMSIS/Include/cmsis_gcc.h **** #pragma GCC diagnostic ignored "-Wconversion"
  32:Drivers/CMSIS/Include/cmsis_gcc.h **** #pragma GCC diagnostic ignored "-Wunused-parameter"
  33:Drivers/CMSIS/Include/cmsis_gcc.h **** 
  34:Drivers/CMSIS/Include/cmsis_gcc.h **** /* Fallback for __has_builtin */
  35:Drivers/CMSIS/Include/cmsis_gcc.h **** #ifndef __has_builtin
  36:Drivers/CMSIS/Include/cmsis_gcc.h ****   #define __has_builtin(x) (0)
  37:Drivers/CMSIS/Include/cmsis_gcc.h **** #endif
  38:Drivers/CMSIS/Include/cmsis_gcc.h **** 
  39:Drivers/CMSIS/Include/cmsis_gcc.h **** /* CMSIS compiler specific defines */
  40:Drivers/CMSIS/Include/cmsis_gcc.h **** #ifndef   __ASM
  41:Drivers/CMSIS/Include/cmsis_gcc.h ****   #define __ASM                                  __asm
  42:Drivers/CMSIS/Include/cmsis_gcc.h **** #endif
  43:Drivers/CMSIS/Include/cmsis_gcc.h **** #ifndef   __INLINE
  44:Drivers/CMSIS/Include/cmsis_gcc.h ****   #define __INLINE                               inline
  45:Drivers/CMSIS/Include/cmsis_gcc.h **** #endif
  46:Drivers/CMSIS/Include/cmsis_gcc.h **** #ifndef   __STATIC_INLINE
  47:Drivers/CMSIS/Include/cmsis_gcc.h ****   #define __STATIC_INLINE                        static inline
  48:Drivers/CMSIS/Include/cmsis_gcc.h **** #endif
  49:Drivers/CMSIS/Include/cmsis_gcc.h **** #ifndef   __STATIC_FORCEINLINE                 
  50:Drivers/CMSIS/Include/cmsis_gcc.h ****   #define __STATIC_FORCEINLINE                   __attribute__((always_inline)) static inline
  51:Drivers/CMSIS/Include/cmsis_gcc.h **** #endif                                           
  52:Drivers/CMSIS/Include/cmsis_gcc.h **** #ifndef   __NO_RETURN
  53:Drivers/CMSIS/Include/cmsis_gcc.h ****   #define __NO_RETURN                            __attribute__((__noreturn__))
  54:Drivers/CMSIS/Include/cmsis_gcc.h **** #endif
ARM GAS  C:\Users\31005\AppData\Local\Temp\ccDX7XtF.s 			page 18


  55:Drivers/CMSIS/Include/cmsis_gcc.h **** #ifndef   __USED
  56:Drivers/CMSIS/Include/cmsis_gcc.h ****   #define __USED                                 __attribute__((used))
  57:Drivers/CMSIS/Include/cmsis_gcc.h **** #endif
  58:Drivers/CMSIS/Include/cmsis_gcc.h **** #ifndef   __WEAK
  59:Drivers/CMSIS/Include/cmsis_gcc.h ****   #define __WEAK                                 __attribute__((weak))
  60:Drivers/CMSIS/Include/cmsis_gcc.h **** #endif
  61:Drivers/CMSIS/Include/cmsis_gcc.h **** #ifndef   __PACKED
  62:Drivers/CMSIS/Include/cmsis_gcc.h ****   #define __PACKED                               __attribute__((packed, aligned(1)))
  63:Drivers/CMSIS/Include/cmsis_gcc.h **** #endif
  64:Drivers/CMSIS/Include/cmsis_gcc.h **** #ifndef   __PACKED_STRUCT
  65:Drivers/CMSIS/Include/cmsis_gcc.h ****   #define __PACKED_STRUCT                        struct __attribute__((packed, aligned(1)))
  66:Drivers/CMSIS/Include/cmsis_gcc.h **** #endif
  67:Drivers/CMSIS/Include/cmsis_gcc.h **** #ifndef   __PACKED_UNION
  68:Drivers/CMSIS/Include/cmsis_gcc.h ****   #define __PACKED_UNION                         union __attribute__((packed, aligned(1)))
  69:Drivers/CMSIS/Include/cmsis_gcc.h **** #endif
  70:Drivers/CMSIS/Include/cmsis_gcc.h **** #ifndef   __UNALIGNED_UINT32        /* deprecated */
  71:Drivers/CMSIS/Include/cmsis_gcc.h ****   #pragma GCC diagnostic push
  72:Drivers/CMSIS/Include/cmsis_gcc.h ****   #pragma GCC diagnostic ignored "-Wpacked"
  73:Drivers/CMSIS/Include/cmsis_gcc.h ****   #pragma GCC diagnostic ignored "-Wattributes"
  74:Drivers/CMSIS/Include/cmsis_gcc.h ****   struct __attribute__((packed)) T_UINT32 { uint32_t v; };
  75:Drivers/CMSIS/Include/cmsis_gcc.h ****   #pragma GCC diagnostic pop
  76:Drivers/CMSIS/Include/cmsis_gcc.h ****   #define __UNALIGNED_UINT32(x)                  (((struct T_UINT32 *)(x))->v)
  77:Drivers/CMSIS/Include/cmsis_gcc.h **** #endif
  78:Drivers/CMSIS/Include/cmsis_gcc.h **** #ifndef   __UNALIGNED_UINT16_WRITE
  79:Drivers/CMSIS/Include/cmsis_gcc.h ****   #pragma GCC diagnostic push
  80:Drivers/CMSIS/Include/cmsis_gcc.h ****   #pragma GCC diagnostic ignored "-Wpacked"
  81:Drivers/CMSIS/Include/cmsis_gcc.h ****   #pragma GCC diagnostic ignored "-Wattributes"
  82:Drivers/CMSIS/Include/cmsis_gcc.h ****   __PACKED_STRUCT T_UINT16_WRITE { uint16_t v; };
  83:Drivers/CMSIS/Include/cmsis_gcc.h ****   #pragma GCC diagnostic pop
  84:Drivers/CMSIS/Include/cmsis_gcc.h ****   #define __UNALIGNED_UINT16_WRITE(addr, val)    (void)((((struct T_UINT16_WRITE *)(void *)(addr))-
  85:Drivers/CMSIS/Include/cmsis_gcc.h **** #endif
  86:Drivers/CMSIS/Include/cmsis_gcc.h **** #ifndef   __UNALIGNED_UINT16_READ
  87:Drivers/CMSIS/Include/cmsis_gcc.h ****   #pragma GCC diagnostic push
  88:Drivers/CMSIS/Include/cmsis_gcc.h ****   #pragma GCC diagnostic ignored "-Wpacked"
  89:Drivers/CMSIS/Include/cmsis_gcc.h ****   #pragma GCC diagnostic ignored "-Wattributes"
  90:Drivers/CMSIS/Include/cmsis_gcc.h ****   __PACKED_STRUCT T_UINT16_READ { uint16_t v; };
  91:Drivers/CMSIS/Include/cmsis_gcc.h ****   #pragma GCC diagnostic pop
  92:Drivers/CMSIS/Include/cmsis_gcc.h ****   #define __UNALIGNED_UINT16_READ(addr)          (((const struct T_UINT16_READ *)(const void *)(add
  93:Drivers/CMSIS/Include/cmsis_gcc.h **** #endif
  94:Drivers/CMSIS/Include/cmsis_gcc.h **** #ifndef   __UNALIGNED_UINT32_WRITE
  95:Drivers/CMSIS/Include/cmsis_gcc.h ****   #pragma GCC diagnostic push
  96:Drivers/CMSIS/Include/cmsis_gcc.h ****   #pragma GCC diagnostic ignored "-Wpacked"
  97:Drivers/CMSIS/Include/cmsis_gcc.h ****   #pragma GCC diagnostic ignored "-Wattributes"
  98:Drivers/CMSIS/Include/cmsis_gcc.h ****   __PACKED_STRUCT T_UINT32_WRITE { uint32_t v; };
  99:Drivers/CMSIS/Include/cmsis_gcc.h ****   #pragma GCC diagnostic pop
 100:Drivers/CMSIS/Include/cmsis_gcc.h ****   #define __UNALIGNED_UINT32_WRITE(addr, val)    (void)((((struct T_UINT32_WRITE *)(void *)(addr))-
 101:Drivers/CMSIS/Include/cmsis_gcc.h **** #endif
 102:Drivers/CMSIS/Include/cmsis_gcc.h **** #ifndef   __UNALIGNED_UINT32_READ
 103:Drivers/CMSIS/Include/cmsis_gcc.h ****   #pragma GCC diagnostic push
 104:Drivers/CMSIS/Include/cmsis_gcc.h ****   #pragma GCC diagnostic ignored "-Wpacked"
 105:Drivers/CMSIS/Include/cmsis_gcc.h ****   #pragma GCC diagnostic ignored "-Wattributes"
 106:Drivers/CMSIS/Include/cmsis_gcc.h ****   __PACKED_STRUCT T_UINT32_READ { uint32_t v; };
 107:Drivers/CMSIS/Include/cmsis_gcc.h ****   #pragma GCC diagnostic pop
 108:Drivers/CMSIS/Include/cmsis_gcc.h ****   #define __UNALIGNED_UINT32_READ(addr)          (((const struct T_UINT32_READ *)(const void *)(add
 109:Drivers/CMSIS/Include/cmsis_gcc.h **** #endif
 110:Drivers/CMSIS/Include/cmsis_gcc.h **** #ifndef   __ALIGNED
 111:Drivers/CMSIS/Include/cmsis_gcc.h ****   #define __ALIGNED(x)                           __attribute__((aligned(x)))
ARM GAS  C:\Users\31005\AppData\Local\Temp\ccDX7XtF.s 			page 19


 112:Drivers/CMSIS/Include/cmsis_gcc.h **** #endif
 113:Drivers/CMSIS/Include/cmsis_gcc.h **** #ifndef   __RESTRICT
 114:Drivers/CMSIS/Include/cmsis_gcc.h ****   #define __RESTRICT                             __restrict
 115:Drivers/CMSIS/Include/cmsis_gcc.h **** #endif
 116:Drivers/CMSIS/Include/cmsis_gcc.h **** 
 117:Drivers/CMSIS/Include/cmsis_gcc.h **** 
 118:Drivers/CMSIS/Include/cmsis_gcc.h **** /* ###########################  Core Function Access  ########################### */
 119:Drivers/CMSIS/Include/cmsis_gcc.h **** /** \ingroup  CMSIS_Core_FunctionInterface
 120:Drivers/CMSIS/Include/cmsis_gcc.h ****     \defgroup CMSIS_Core_RegAccFunctions CMSIS Core Register Access Functions
 121:Drivers/CMSIS/Include/cmsis_gcc.h ****   @{
 122:Drivers/CMSIS/Include/cmsis_gcc.h ****  */
 123:Drivers/CMSIS/Include/cmsis_gcc.h **** 
 124:Drivers/CMSIS/Include/cmsis_gcc.h **** /**
 125:Drivers/CMSIS/Include/cmsis_gcc.h ****   \brief   Enable IRQ Interrupts
 126:Drivers/CMSIS/Include/cmsis_gcc.h ****   \details Enables IRQ interrupts by clearing the I-bit in the CPSR.
 127:Drivers/CMSIS/Include/cmsis_gcc.h ****            Can only be executed in Privileged modes.
 128:Drivers/CMSIS/Include/cmsis_gcc.h ****  */
 129:Drivers/CMSIS/Include/cmsis_gcc.h **** __STATIC_FORCEINLINE void __enable_irq(void)
 130:Drivers/CMSIS/Include/cmsis_gcc.h **** {
 131:Drivers/CMSIS/Include/cmsis_gcc.h ****   __ASM volatile ("cpsie i" : : : "memory");
 132:Drivers/CMSIS/Include/cmsis_gcc.h **** }
 133:Drivers/CMSIS/Include/cmsis_gcc.h **** 
 134:Drivers/CMSIS/Include/cmsis_gcc.h **** 
 135:Drivers/CMSIS/Include/cmsis_gcc.h **** /**
 136:Drivers/CMSIS/Include/cmsis_gcc.h ****   \brief   Disable IRQ Interrupts
 137:Drivers/CMSIS/Include/cmsis_gcc.h ****   \details Disables IRQ interrupts by setting the I-bit in the CPSR.
 138:Drivers/CMSIS/Include/cmsis_gcc.h ****            Can only be executed in Privileged modes.
 139:Drivers/CMSIS/Include/cmsis_gcc.h ****  */
 140:Drivers/CMSIS/Include/cmsis_gcc.h **** __STATIC_FORCEINLINE void __disable_irq(void)
 141:Drivers/CMSIS/Include/cmsis_gcc.h **** {
 142:Drivers/CMSIS/Include/cmsis_gcc.h ****   __ASM volatile ("cpsid i" : : : "memory");
 143:Drivers/CMSIS/Include/cmsis_gcc.h **** }
 144:Drivers/CMSIS/Include/cmsis_gcc.h **** 
 145:Drivers/CMSIS/Include/cmsis_gcc.h **** 
 146:Drivers/CMSIS/Include/cmsis_gcc.h **** /**
 147:Drivers/CMSIS/Include/cmsis_gcc.h ****   \brief   Get Control Register
 148:Drivers/CMSIS/Include/cmsis_gcc.h ****   \details Returns the content of the Control Register.
 149:Drivers/CMSIS/Include/cmsis_gcc.h ****   \return               Control Register value
 150:Drivers/CMSIS/Include/cmsis_gcc.h ****  */
 151:Drivers/CMSIS/Include/cmsis_gcc.h **** __STATIC_FORCEINLINE uint32_t __get_CONTROL(void)
 152:Drivers/CMSIS/Include/cmsis_gcc.h **** {
 153:Drivers/CMSIS/Include/cmsis_gcc.h ****   uint32_t result;
 154:Drivers/CMSIS/Include/cmsis_gcc.h **** 
 155:Drivers/CMSIS/Include/cmsis_gcc.h ****   __ASM volatile ("MRS %0, control" : "=r" (result) );
 156:Drivers/CMSIS/Include/cmsis_gcc.h ****   return(result);
 157:Drivers/CMSIS/Include/cmsis_gcc.h **** }
 158:Drivers/CMSIS/Include/cmsis_gcc.h **** 
 159:Drivers/CMSIS/Include/cmsis_gcc.h **** 
 160:Drivers/CMSIS/Include/cmsis_gcc.h **** #if (defined (__ARM_FEATURE_CMSE ) && (__ARM_FEATURE_CMSE == 3))
 161:Drivers/CMSIS/Include/cmsis_gcc.h **** /**
 162:Drivers/CMSIS/Include/cmsis_gcc.h ****   \brief   Get Control Register (non-secure)
 163:Drivers/CMSIS/Include/cmsis_gcc.h ****   \details Returns the content of the non-secure Control Register when in secure mode.
 164:Drivers/CMSIS/Include/cmsis_gcc.h ****   \return               non-secure Control Register value
 165:Drivers/CMSIS/Include/cmsis_gcc.h ****  */
 166:Drivers/CMSIS/Include/cmsis_gcc.h **** __STATIC_FORCEINLINE uint32_t __TZ_get_CONTROL_NS(void)
 167:Drivers/CMSIS/Include/cmsis_gcc.h **** {
 168:Drivers/CMSIS/Include/cmsis_gcc.h ****   uint32_t result;
ARM GAS  C:\Users\31005\AppData\Local\Temp\ccDX7XtF.s 			page 20


 169:Drivers/CMSIS/Include/cmsis_gcc.h **** 
 170:Drivers/CMSIS/Include/cmsis_gcc.h ****   __ASM volatile ("MRS %0, control_ns" : "=r" (result) );
 171:Drivers/CMSIS/Include/cmsis_gcc.h ****   return(result);
 172:Drivers/CMSIS/Include/cmsis_gcc.h **** }
 173:Drivers/CMSIS/Include/cmsis_gcc.h **** #endif
 174:Drivers/CMSIS/Include/cmsis_gcc.h **** 
 175:Drivers/CMSIS/Include/cmsis_gcc.h **** 
 176:Drivers/CMSIS/Include/cmsis_gcc.h **** /**
 177:Drivers/CMSIS/Include/cmsis_gcc.h ****   \brief   Set Control Register
 178:Drivers/CMSIS/Include/cmsis_gcc.h ****   \details Writes the given value to the Control Register.
 179:Drivers/CMSIS/Include/cmsis_gcc.h ****   \param [in]    control  Control Register value to set
 180:Drivers/CMSIS/Include/cmsis_gcc.h ****  */
 181:Drivers/CMSIS/Include/cmsis_gcc.h **** __STATIC_FORCEINLINE void __set_CONTROL(uint32_t control)
 182:Drivers/CMSIS/Include/cmsis_gcc.h **** {
 183:Drivers/CMSIS/Include/cmsis_gcc.h ****   __ASM volatile ("MSR control, %0" : : "r" (control) : "memory");
 184:Drivers/CMSIS/Include/cmsis_gcc.h **** }
 185:Drivers/CMSIS/Include/cmsis_gcc.h **** 
 186:Drivers/CMSIS/Include/cmsis_gcc.h **** 
 187:Drivers/CMSIS/Include/cmsis_gcc.h **** #if (defined (__ARM_FEATURE_CMSE ) && (__ARM_FEATURE_CMSE == 3))
 188:Drivers/CMSIS/Include/cmsis_gcc.h **** /**
 189:Drivers/CMSIS/Include/cmsis_gcc.h ****   \brief   Set Control Register (non-secure)
 190:Drivers/CMSIS/Include/cmsis_gcc.h ****   \details Writes the given value to the non-secure Control Register when in secure state.
 191:Drivers/CMSIS/Include/cmsis_gcc.h ****   \param [in]    control  Control Register value to set
 192:Drivers/CMSIS/Include/cmsis_gcc.h ****  */
 193:Drivers/CMSIS/Include/cmsis_gcc.h **** __STATIC_FORCEINLINE void __TZ_set_CONTROL_NS(uint32_t control)
 194:Drivers/CMSIS/Include/cmsis_gcc.h **** {
 195:Drivers/CMSIS/Include/cmsis_gcc.h ****   __ASM volatile ("MSR control_ns, %0" : : "r" (control) : "memory");
 196:Drivers/CMSIS/Include/cmsis_gcc.h **** }
 197:Drivers/CMSIS/Include/cmsis_gcc.h **** #endif
 198:Drivers/CMSIS/Include/cmsis_gcc.h **** 
 199:Drivers/CMSIS/Include/cmsis_gcc.h **** 
 200:Drivers/CMSIS/Include/cmsis_gcc.h **** /**
 201:Drivers/CMSIS/Include/cmsis_gcc.h ****   \brief   Get IPSR Register
 202:Drivers/CMSIS/Include/cmsis_gcc.h ****   \details Returns the content of the IPSR Register.
 203:Drivers/CMSIS/Include/cmsis_gcc.h ****   \return               IPSR Register value
 204:Drivers/CMSIS/Include/cmsis_gcc.h ****  */
 205:Drivers/CMSIS/Include/cmsis_gcc.h **** __STATIC_FORCEINLINE uint32_t __get_IPSR(void)
  81              		.loc 2 205 31 view .LVU15
  82              	.LBB335:
 206:Drivers/CMSIS/Include/cmsis_gcc.h **** {
 207:Drivers/CMSIS/Include/cmsis_gcc.h ****   uint32_t result;
  83              		.loc 2 207 3 view .LVU16
 208:Drivers/CMSIS/Include/cmsis_gcc.h **** 
 209:Drivers/CMSIS/Include/cmsis_gcc.h ****   __ASM volatile ("MRS %0, ipsr" : "=r" (result) );
  84              		.loc 2 209 3 view .LVU17
  85              		.syntax unified
  86              	@ 209 "Drivers/CMSIS/Include/cmsis_gcc.h" 1
  87 0000 EFF30583 		MRS r3, ipsr
  88              	@ 0 "" 2
  89              	.LVL4:
 210:Drivers/CMSIS/Include/cmsis_gcc.h ****   return(result);
  90              		.loc 2 210 3 view .LVU18
  91              		.loc 2 210 3 is_stmt 0 view .LVU19
  92              		.thumb
  93              		.syntax unified
  94              	.LBE335:
  95              	.LBE334:
ARM GAS  C:\Users\31005\AppData\Local\Temp\ccDX7XtF.s 			page 21


 138:Middlewares/Third_Party/FreeRTOS/Source/CMSIS_RTOS_V2/cmsis_os2.c ****     stat = osErrorISR;
  96              		.loc 1 138 6 view .LVU20
  97 0004 93B9     		cbnz	r3, .L7
  98              	.LBB336:
  99              	.LBI336:
 211:Drivers/CMSIS/Include/cmsis_gcc.h **** }
 212:Drivers/CMSIS/Include/cmsis_gcc.h **** 
 213:Drivers/CMSIS/Include/cmsis_gcc.h **** 
 214:Drivers/CMSIS/Include/cmsis_gcc.h **** /**
 215:Drivers/CMSIS/Include/cmsis_gcc.h ****   \brief   Get APSR Register
 216:Drivers/CMSIS/Include/cmsis_gcc.h ****   \details Returns the content of the APSR Register.
 217:Drivers/CMSIS/Include/cmsis_gcc.h ****   \return               APSR Register value
 218:Drivers/CMSIS/Include/cmsis_gcc.h ****  */
 219:Drivers/CMSIS/Include/cmsis_gcc.h **** __STATIC_FORCEINLINE uint32_t __get_APSR(void)
 220:Drivers/CMSIS/Include/cmsis_gcc.h **** {
 221:Drivers/CMSIS/Include/cmsis_gcc.h ****   uint32_t result;
 222:Drivers/CMSIS/Include/cmsis_gcc.h **** 
 223:Drivers/CMSIS/Include/cmsis_gcc.h ****   __ASM volatile ("MRS %0, apsr" : "=r" (result) );
 224:Drivers/CMSIS/Include/cmsis_gcc.h ****   return(result);
 225:Drivers/CMSIS/Include/cmsis_gcc.h **** }
 226:Drivers/CMSIS/Include/cmsis_gcc.h **** 
 227:Drivers/CMSIS/Include/cmsis_gcc.h **** 
 228:Drivers/CMSIS/Include/cmsis_gcc.h **** /**
 229:Drivers/CMSIS/Include/cmsis_gcc.h ****   \brief   Get xPSR Register
 230:Drivers/CMSIS/Include/cmsis_gcc.h ****   \details Returns the content of the xPSR Register.
 231:Drivers/CMSIS/Include/cmsis_gcc.h ****   \return               xPSR Register value
 232:Drivers/CMSIS/Include/cmsis_gcc.h ****  */
 233:Drivers/CMSIS/Include/cmsis_gcc.h **** __STATIC_FORCEINLINE uint32_t __get_xPSR(void)
 234:Drivers/CMSIS/Include/cmsis_gcc.h **** {
 235:Drivers/CMSIS/Include/cmsis_gcc.h ****   uint32_t result;
 236:Drivers/CMSIS/Include/cmsis_gcc.h **** 
 237:Drivers/CMSIS/Include/cmsis_gcc.h ****   __ASM volatile ("MRS %0, xpsr" : "=r" (result) );
 238:Drivers/CMSIS/Include/cmsis_gcc.h ****   return(result);
 239:Drivers/CMSIS/Include/cmsis_gcc.h **** }
 240:Drivers/CMSIS/Include/cmsis_gcc.h **** 
 241:Drivers/CMSIS/Include/cmsis_gcc.h **** 
 242:Drivers/CMSIS/Include/cmsis_gcc.h **** /**
 243:Drivers/CMSIS/Include/cmsis_gcc.h ****   \brief   Get Process Stack Pointer
 244:Drivers/CMSIS/Include/cmsis_gcc.h ****   \details Returns the current value of the Process Stack Pointer (PSP).
 245:Drivers/CMSIS/Include/cmsis_gcc.h ****   \return               PSP Register value
 246:Drivers/CMSIS/Include/cmsis_gcc.h ****  */
 247:Drivers/CMSIS/Include/cmsis_gcc.h **** __STATIC_FORCEINLINE uint32_t __get_PSP(void)
 248:Drivers/CMSIS/Include/cmsis_gcc.h **** {
 249:Drivers/CMSIS/Include/cmsis_gcc.h ****   uint32_t result;
 250:Drivers/CMSIS/Include/cmsis_gcc.h **** 
 251:Drivers/CMSIS/Include/cmsis_gcc.h ****   __ASM volatile ("MRS %0, psp"  : "=r" (result) );
 252:Drivers/CMSIS/Include/cmsis_gcc.h ****   return(result);
 253:Drivers/CMSIS/Include/cmsis_gcc.h **** }
 254:Drivers/CMSIS/Include/cmsis_gcc.h **** 
 255:Drivers/CMSIS/Include/cmsis_gcc.h **** 
 256:Drivers/CMSIS/Include/cmsis_gcc.h **** #if (defined (__ARM_FEATURE_CMSE ) && (__ARM_FEATURE_CMSE == 3))
 257:Drivers/CMSIS/Include/cmsis_gcc.h **** /**
 258:Drivers/CMSIS/Include/cmsis_gcc.h ****   \brief   Get Process Stack Pointer (non-secure)
 259:Drivers/CMSIS/Include/cmsis_gcc.h ****   \details Returns the current value of the non-secure Process Stack Pointer (PSP) when in secure s
 260:Drivers/CMSIS/Include/cmsis_gcc.h ****   \return               PSP Register value
 261:Drivers/CMSIS/Include/cmsis_gcc.h ****  */
 262:Drivers/CMSIS/Include/cmsis_gcc.h **** __STATIC_FORCEINLINE uint32_t __TZ_get_PSP_NS(void)
ARM GAS  C:\Users\31005\AppData\Local\Temp\ccDX7XtF.s 			page 22


 263:Drivers/CMSIS/Include/cmsis_gcc.h **** {
 264:Drivers/CMSIS/Include/cmsis_gcc.h ****   uint32_t result;
 265:Drivers/CMSIS/Include/cmsis_gcc.h **** 
 266:Drivers/CMSIS/Include/cmsis_gcc.h ****   __ASM volatile ("MRS %0, psp_ns"  : "=r" (result) );
 267:Drivers/CMSIS/Include/cmsis_gcc.h ****   return(result);
 268:Drivers/CMSIS/Include/cmsis_gcc.h **** }
 269:Drivers/CMSIS/Include/cmsis_gcc.h **** #endif
 270:Drivers/CMSIS/Include/cmsis_gcc.h **** 
 271:Drivers/CMSIS/Include/cmsis_gcc.h **** 
 272:Drivers/CMSIS/Include/cmsis_gcc.h **** /**
 273:Drivers/CMSIS/Include/cmsis_gcc.h ****   \brief   Set Process Stack Pointer
 274:Drivers/CMSIS/Include/cmsis_gcc.h ****   \details Assigns the given value to the Process Stack Pointer (PSP).
 275:Drivers/CMSIS/Include/cmsis_gcc.h ****   \param [in]    topOfProcStack  Process Stack Pointer value to set
 276:Drivers/CMSIS/Include/cmsis_gcc.h ****  */
 277:Drivers/CMSIS/Include/cmsis_gcc.h **** __STATIC_FORCEINLINE void __set_PSP(uint32_t topOfProcStack)
 278:Drivers/CMSIS/Include/cmsis_gcc.h **** {
 279:Drivers/CMSIS/Include/cmsis_gcc.h ****   __ASM volatile ("MSR psp, %0" : : "r" (topOfProcStack) : );
 280:Drivers/CMSIS/Include/cmsis_gcc.h **** }
 281:Drivers/CMSIS/Include/cmsis_gcc.h **** 
 282:Drivers/CMSIS/Include/cmsis_gcc.h **** 
 283:Drivers/CMSIS/Include/cmsis_gcc.h **** #if (defined (__ARM_FEATURE_CMSE ) && (__ARM_FEATURE_CMSE == 3))
 284:Drivers/CMSIS/Include/cmsis_gcc.h **** /**
 285:Drivers/CMSIS/Include/cmsis_gcc.h ****   \brief   Set Process Stack Pointer (non-secure)
 286:Drivers/CMSIS/Include/cmsis_gcc.h ****   \details Assigns the given value to the non-secure Process Stack Pointer (PSP) when in secure sta
 287:Drivers/CMSIS/Include/cmsis_gcc.h ****   \param [in]    topOfProcStack  Process Stack Pointer value to set
 288:Drivers/CMSIS/Include/cmsis_gcc.h ****  */
 289:Drivers/CMSIS/Include/cmsis_gcc.h **** __STATIC_FORCEINLINE void __TZ_set_PSP_NS(uint32_t topOfProcStack)
 290:Drivers/CMSIS/Include/cmsis_gcc.h **** {
 291:Drivers/CMSIS/Include/cmsis_gcc.h ****   __ASM volatile ("MSR psp_ns, %0" : : "r" (topOfProcStack) : );
 292:Drivers/CMSIS/Include/cmsis_gcc.h **** }
 293:Drivers/CMSIS/Include/cmsis_gcc.h **** #endif
 294:Drivers/CMSIS/Include/cmsis_gcc.h **** 
 295:Drivers/CMSIS/Include/cmsis_gcc.h **** 
 296:Drivers/CMSIS/Include/cmsis_gcc.h **** /**
 297:Drivers/CMSIS/Include/cmsis_gcc.h ****   \brief   Get Main Stack Pointer
 298:Drivers/CMSIS/Include/cmsis_gcc.h ****   \details Returns the current value of the Main Stack Pointer (MSP).
 299:Drivers/CMSIS/Include/cmsis_gcc.h ****   \return               MSP Register value
 300:Drivers/CMSIS/Include/cmsis_gcc.h ****  */
 301:Drivers/CMSIS/Include/cmsis_gcc.h **** __STATIC_FORCEINLINE uint32_t __get_MSP(void)
 302:Drivers/CMSIS/Include/cmsis_gcc.h **** {
 303:Drivers/CMSIS/Include/cmsis_gcc.h ****   uint32_t result;
 304:Drivers/CMSIS/Include/cmsis_gcc.h **** 
 305:Drivers/CMSIS/Include/cmsis_gcc.h ****   __ASM volatile ("MRS %0, msp" : "=r" (result) );
 306:Drivers/CMSIS/Include/cmsis_gcc.h ****   return(result);
 307:Drivers/CMSIS/Include/cmsis_gcc.h **** }
 308:Drivers/CMSIS/Include/cmsis_gcc.h **** 
 309:Drivers/CMSIS/Include/cmsis_gcc.h **** 
 310:Drivers/CMSIS/Include/cmsis_gcc.h **** #if (defined (__ARM_FEATURE_CMSE ) && (__ARM_FEATURE_CMSE == 3))
 311:Drivers/CMSIS/Include/cmsis_gcc.h **** /**
 312:Drivers/CMSIS/Include/cmsis_gcc.h ****   \brief   Get Main Stack Pointer (non-secure)
 313:Drivers/CMSIS/Include/cmsis_gcc.h ****   \details Returns the current value of the non-secure Main Stack Pointer (MSP) when in secure stat
 314:Drivers/CMSIS/Include/cmsis_gcc.h ****   \return               MSP Register value
 315:Drivers/CMSIS/Include/cmsis_gcc.h ****  */
 316:Drivers/CMSIS/Include/cmsis_gcc.h **** __STATIC_FORCEINLINE uint32_t __TZ_get_MSP_NS(void)
 317:Drivers/CMSIS/Include/cmsis_gcc.h **** {
 318:Drivers/CMSIS/Include/cmsis_gcc.h ****   uint32_t result;
 319:Drivers/CMSIS/Include/cmsis_gcc.h **** 
ARM GAS  C:\Users\31005\AppData\Local\Temp\ccDX7XtF.s 			page 23


 320:Drivers/CMSIS/Include/cmsis_gcc.h ****   __ASM volatile ("MRS %0, msp_ns" : "=r" (result) );
 321:Drivers/CMSIS/Include/cmsis_gcc.h ****   return(result);
 322:Drivers/CMSIS/Include/cmsis_gcc.h **** }
 323:Drivers/CMSIS/Include/cmsis_gcc.h **** #endif
 324:Drivers/CMSIS/Include/cmsis_gcc.h **** 
 325:Drivers/CMSIS/Include/cmsis_gcc.h **** 
 326:Drivers/CMSIS/Include/cmsis_gcc.h **** /**
 327:Drivers/CMSIS/Include/cmsis_gcc.h ****   \brief   Set Main Stack Pointer
 328:Drivers/CMSIS/Include/cmsis_gcc.h ****   \details Assigns the given value to the Main Stack Pointer (MSP).
 329:Drivers/CMSIS/Include/cmsis_gcc.h ****   \param [in]    topOfMainStack  Main Stack Pointer value to set
 330:Drivers/CMSIS/Include/cmsis_gcc.h ****  */
 331:Drivers/CMSIS/Include/cmsis_gcc.h **** __STATIC_FORCEINLINE void __set_MSP(uint32_t topOfMainStack)
 332:Drivers/CMSIS/Include/cmsis_gcc.h **** {
 333:Drivers/CMSIS/Include/cmsis_gcc.h ****   __ASM volatile ("MSR msp, %0" : : "r" (topOfMainStack) : );
 334:Drivers/CMSIS/Include/cmsis_gcc.h **** }
 335:Drivers/CMSIS/Include/cmsis_gcc.h **** 
 336:Drivers/CMSIS/Include/cmsis_gcc.h **** 
 337:Drivers/CMSIS/Include/cmsis_gcc.h **** #if (defined (__ARM_FEATURE_CMSE ) && (__ARM_FEATURE_CMSE == 3))
 338:Drivers/CMSIS/Include/cmsis_gcc.h **** /**
 339:Drivers/CMSIS/Include/cmsis_gcc.h ****   \brief   Set Main Stack Pointer (non-secure)
 340:Drivers/CMSIS/Include/cmsis_gcc.h ****   \details Assigns the given value to the non-secure Main Stack Pointer (MSP) when in secure state.
 341:Drivers/CMSIS/Include/cmsis_gcc.h ****   \param [in]    topOfMainStack  Main Stack Pointer value to set
 342:Drivers/CMSIS/Include/cmsis_gcc.h ****  */
 343:Drivers/CMSIS/Include/cmsis_gcc.h **** __STATIC_FORCEINLINE void __TZ_set_MSP_NS(uint32_t topOfMainStack)
 344:Drivers/CMSIS/Include/cmsis_gcc.h **** {
 345:Drivers/CMSIS/Include/cmsis_gcc.h ****   __ASM volatile ("MSR msp_ns, %0" : : "r" (topOfMainStack) : );
 346:Drivers/CMSIS/Include/cmsis_gcc.h **** }
 347:Drivers/CMSIS/Include/cmsis_gcc.h **** #endif
 348:Drivers/CMSIS/Include/cmsis_gcc.h **** 
 349:Drivers/CMSIS/Include/cmsis_gcc.h **** 
 350:Drivers/CMSIS/Include/cmsis_gcc.h **** #if (defined (__ARM_FEATURE_CMSE ) && (__ARM_FEATURE_CMSE == 3))
 351:Drivers/CMSIS/Include/cmsis_gcc.h **** /**
 352:Drivers/CMSIS/Include/cmsis_gcc.h ****   \brief   Get Stack Pointer (non-secure)
 353:Drivers/CMSIS/Include/cmsis_gcc.h ****   \details Returns the current value of the non-secure Stack Pointer (SP) when in secure state.
 354:Drivers/CMSIS/Include/cmsis_gcc.h ****   \return               SP Register value
 355:Drivers/CMSIS/Include/cmsis_gcc.h ****  */
 356:Drivers/CMSIS/Include/cmsis_gcc.h **** __STATIC_FORCEINLINE uint32_t __TZ_get_SP_NS(void)
 357:Drivers/CMSIS/Include/cmsis_gcc.h **** {
 358:Drivers/CMSIS/Include/cmsis_gcc.h ****   uint32_t result;
 359:Drivers/CMSIS/Include/cmsis_gcc.h **** 
 360:Drivers/CMSIS/Include/cmsis_gcc.h ****   __ASM volatile ("MRS %0, sp_ns" : "=r" (result) );
 361:Drivers/CMSIS/Include/cmsis_gcc.h ****   return(result);
 362:Drivers/CMSIS/Include/cmsis_gcc.h **** }
 363:Drivers/CMSIS/Include/cmsis_gcc.h **** 
 364:Drivers/CMSIS/Include/cmsis_gcc.h **** 
 365:Drivers/CMSIS/Include/cmsis_gcc.h **** /**
 366:Drivers/CMSIS/Include/cmsis_gcc.h ****   \brief   Set Stack Pointer (non-secure)
 367:Drivers/CMSIS/Include/cmsis_gcc.h ****   \details Assigns the given value to the non-secure Stack Pointer (SP) when in secure state.
 368:Drivers/CMSIS/Include/cmsis_gcc.h ****   \param [in]    topOfStack  Stack Pointer value to set
 369:Drivers/CMSIS/Include/cmsis_gcc.h ****  */
 370:Drivers/CMSIS/Include/cmsis_gcc.h **** __STATIC_FORCEINLINE void __TZ_set_SP_NS(uint32_t topOfStack)
 371:Drivers/CMSIS/Include/cmsis_gcc.h **** {
 372:Drivers/CMSIS/Include/cmsis_gcc.h ****   __ASM volatile ("MSR sp_ns, %0" : : "r" (topOfStack) : );
 373:Drivers/CMSIS/Include/cmsis_gcc.h **** }
 374:Drivers/CMSIS/Include/cmsis_gcc.h **** #endif
 375:Drivers/CMSIS/Include/cmsis_gcc.h **** 
 376:Drivers/CMSIS/Include/cmsis_gcc.h **** 
ARM GAS  C:\Users\31005\AppData\Local\Temp\ccDX7XtF.s 			page 24


 377:Drivers/CMSIS/Include/cmsis_gcc.h **** /**
 378:Drivers/CMSIS/Include/cmsis_gcc.h ****   \brief   Get Priority Mask
 379:Drivers/CMSIS/Include/cmsis_gcc.h ****   \details Returns the current state of the priority mask bit from the Priority Mask Register.
 380:Drivers/CMSIS/Include/cmsis_gcc.h ****   \return               Priority Mask value
 381:Drivers/CMSIS/Include/cmsis_gcc.h ****  */
 382:Drivers/CMSIS/Include/cmsis_gcc.h **** __STATIC_FORCEINLINE uint32_t __get_PRIMASK(void)
 100              		.loc 2 382 31 is_stmt 1 view .LVU21
 101              	.LBB337:
 383:Drivers/CMSIS/Include/cmsis_gcc.h **** {
 384:Drivers/CMSIS/Include/cmsis_gcc.h ****   uint32_t result;
 102              		.loc 2 384 3 view .LVU22
 385:Drivers/CMSIS/Include/cmsis_gcc.h **** 
 386:Drivers/CMSIS/Include/cmsis_gcc.h ****   __ASM volatile ("MRS %0, primask" : "=r" (result) :: "memory");
 103              		.loc 2 386 3 view .LVU23
 104              		.syntax unified
 105              	@ 386 "Drivers/CMSIS/Include/cmsis_gcc.h" 1
 106 0006 EFF31083 		MRS r3, primask
 107              	@ 0 "" 2
 108              	.LVL5:
 387:Drivers/CMSIS/Include/cmsis_gcc.h ****   return(result);
 109              		.loc 2 387 3 view .LVU24
 110              		.loc 2 387 3 is_stmt 0 view .LVU25
 111              		.thumb
 112              		.syntax unified
 113              	.LBE337:
 114              	.LBE336:
 138:Middlewares/Third_Party/FreeRTOS/Source/CMSIS_RTOS_V2/cmsis_os2.c ****     stat = osErrorISR;
 115              		.loc 1 138 7 view .LVU26
 116 000a 93B9     		cbnz	r3, .L8
 138:Middlewares/Third_Party/FreeRTOS/Source/CMSIS_RTOS_V2/cmsis_os2.c ****     stat = osErrorISR;
 117              		.loc 1 138 7 discriminator 2 view .LVU27
 118 000c 0C4B     		ldr	r3, .L12
 119 000e 1868     		ldr	r0, [r3]
 120 0010 0228     		cmp	r0, #2
 121 0012 04D0     		beq	.L11
 122              	.L6:
 142:Middlewares/Third_Party/FreeRTOS/Source/CMSIS_RTOS_V2/cmsis_os2.c ****       #if defined(USE_FreeRTOS_HEAP_5)
 123              		.loc 1 142 5 is_stmt 1 view .LVU28
 142:Middlewares/Third_Party/FreeRTOS/Source/CMSIS_RTOS_V2/cmsis_os2.c ****       #if defined(USE_FreeRTOS_HEAP_5)
 124              		.loc 1 142 8 is_stmt 0 view .LVU29
 125 0014 80B9     		cbnz	r0, .L10
 146:Middlewares/Third_Party/FreeRTOS/Source/CMSIS_RTOS_V2/cmsis_os2.c ****       stat = osOK;
 126              		.loc 1 146 7 is_stmt 1 view .LVU30
 146:Middlewares/Third_Party/FreeRTOS/Source/CMSIS_RTOS_V2/cmsis_os2.c ****       stat = osOK;
 127              		.loc 1 146 19 is_stmt 0 view .LVU31
 128 0016 0A4B     		ldr	r3, .L12
 129 0018 0122     		movs	r2, #1
 130 001a 1A60     		str	r2, [r3]
 147:Middlewares/Third_Party/FreeRTOS/Source/CMSIS_RTOS_V2/cmsis_os2.c ****     } else {
 131              		.loc 1 147 7 is_stmt 1 view .LVU32
 132              	.LVL6:
 147:Middlewares/Third_Party/FreeRTOS/Source/CMSIS_RTOS_V2/cmsis_os2.c ****     } else {
 133              		.loc 1 147 7 is_stmt 0 view .LVU33
 134 001c 7047     		bx	lr
 135              	.LVL7:
 136              	.L11:
 137              	.LBB338:
ARM GAS  C:\Users\31005\AppData\Local\Temp\ccDX7XtF.s 			page 25


 138              	.LBI338:
 388:Drivers/CMSIS/Include/cmsis_gcc.h **** }
 389:Drivers/CMSIS/Include/cmsis_gcc.h **** 
 390:Drivers/CMSIS/Include/cmsis_gcc.h **** 
 391:Drivers/CMSIS/Include/cmsis_gcc.h **** #if (defined (__ARM_FEATURE_CMSE ) && (__ARM_FEATURE_CMSE == 3))
 392:Drivers/CMSIS/Include/cmsis_gcc.h **** /**
 393:Drivers/CMSIS/Include/cmsis_gcc.h ****   \brief   Get Priority Mask (non-secure)
 394:Drivers/CMSIS/Include/cmsis_gcc.h ****   \details Returns the current state of the non-secure priority mask bit from the Priority Mask Reg
 395:Drivers/CMSIS/Include/cmsis_gcc.h ****   \return               Priority Mask value
 396:Drivers/CMSIS/Include/cmsis_gcc.h ****  */
 397:Drivers/CMSIS/Include/cmsis_gcc.h **** __STATIC_FORCEINLINE uint32_t __TZ_get_PRIMASK_NS(void)
 398:Drivers/CMSIS/Include/cmsis_gcc.h **** {
 399:Drivers/CMSIS/Include/cmsis_gcc.h ****   uint32_t result;
 400:Drivers/CMSIS/Include/cmsis_gcc.h **** 
 401:Drivers/CMSIS/Include/cmsis_gcc.h ****   __ASM volatile ("MRS %0, primask_ns" : "=r" (result) :: "memory");
 402:Drivers/CMSIS/Include/cmsis_gcc.h ****   return(result);
 403:Drivers/CMSIS/Include/cmsis_gcc.h **** }
 404:Drivers/CMSIS/Include/cmsis_gcc.h **** #endif
 405:Drivers/CMSIS/Include/cmsis_gcc.h **** 
 406:Drivers/CMSIS/Include/cmsis_gcc.h **** 
 407:Drivers/CMSIS/Include/cmsis_gcc.h **** /**
 408:Drivers/CMSIS/Include/cmsis_gcc.h ****   \brief   Set Priority Mask
 409:Drivers/CMSIS/Include/cmsis_gcc.h ****   \details Assigns the given value to the Priority Mask Register.
 410:Drivers/CMSIS/Include/cmsis_gcc.h ****   \param [in]    priMask  Priority Mask
 411:Drivers/CMSIS/Include/cmsis_gcc.h ****  */
 412:Drivers/CMSIS/Include/cmsis_gcc.h **** __STATIC_FORCEINLINE void __set_PRIMASK(uint32_t priMask)
 413:Drivers/CMSIS/Include/cmsis_gcc.h **** {
 414:Drivers/CMSIS/Include/cmsis_gcc.h ****   __ASM volatile ("MSR primask, %0" : : "r" (priMask) : "memory");
 415:Drivers/CMSIS/Include/cmsis_gcc.h **** }
 416:Drivers/CMSIS/Include/cmsis_gcc.h **** 
 417:Drivers/CMSIS/Include/cmsis_gcc.h **** 
 418:Drivers/CMSIS/Include/cmsis_gcc.h **** #if (defined (__ARM_FEATURE_CMSE ) && (__ARM_FEATURE_CMSE == 3))
 419:Drivers/CMSIS/Include/cmsis_gcc.h **** /**
 420:Drivers/CMSIS/Include/cmsis_gcc.h ****   \brief   Set Priority Mask (non-secure)
 421:Drivers/CMSIS/Include/cmsis_gcc.h ****   \details Assigns the given value to the non-secure Priority Mask Register when in secure state.
 422:Drivers/CMSIS/Include/cmsis_gcc.h ****   \param [in]    priMask  Priority Mask
 423:Drivers/CMSIS/Include/cmsis_gcc.h ****  */
 424:Drivers/CMSIS/Include/cmsis_gcc.h **** __STATIC_FORCEINLINE void __TZ_set_PRIMASK_NS(uint32_t priMask)
 425:Drivers/CMSIS/Include/cmsis_gcc.h **** {
 426:Drivers/CMSIS/Include/cmsis_gcc.h ****   __ASM volatile ("MSR primask_ns, %0" : : "r" (priMask) : "memory");
 427:Drivers/CMSIS/Include/cmsis_gcc.h **** }
 428:Drivers/CMSIS/Include/cmsis_gcc.h **** #endif
 429:Drivers/CMSIS/Include/cmsis_gcc.h **** 
 430:Drivers/CMSIS/Include/cmsis_gcc.h **** 
 431:Drivers/CMSIS/Include/cmsis_gcc.h **** #if ((defined (__ARM_ARCH_7M__      ) && (__ARM_ARCH_7M__      == 1)) || \
 432:Drivers/CMSIS/Include/cmsis_gcc.h ****      (defined (__ARM_ARCH_7EM__     ) && (__ARM_ARCH_7EM__     == 1)) || \
 433:Drivers/CMSIS/Include/cmsis_gcc.h ****      (defined (__ARM_ARCH_8M_MAIN__ ) && (__ARM_ARCH_8M_MAIN__ == 1))    )
 434:Drivers/CMSIS/Include/cmsis_gcc.h **** /**
 435:Drivers/CMSIS/Include/cmsis_gcc.h ****   \brief   Enable FIQ
 436:Drivers/CMSIS/Include/cmsis_gcc.h ****   \details Enables FIQ interrupts by clearing the F-bit in the CPSR.
 437:Drivers/CMSIS/Include/cmsis_gcc.h ****            Can only be executed in Privileged modes.
 438:Drivers/CMSIS/Include/cmsis_gcc.h ****  */
 439:Drivers/CMSIS/Include/cmsis_gcc.h **** __STATIC_FORCEINLINE void __enable_fault_irq(void)
 440:Drivers/CMSIS/Include/cmsis_gcc.h **** {
 441:Drivers/CMSIS/Include/cmsis_gcc.h ****   __ASM volatile ("cpsie f" : : : "memory");
 442:Drivers/CMSIS/Include/cmsis_gcc.h **** }
 443:Drivers/CMSIS/Include/cmsis_gcc.h **** 
ARM GAS  C:\Users\31005\AppData\Local\Temp\ccDX7XtF.s 			page 26


 444:Drivers/CMSIS/Include/cmsis_gcc.h **** 
 445:Drivers/CMSIS/Include/cmsis_gcc.h **** /**
 446:Drivers/CMSIS/Include/cmsis_gcc.h ****   \brief   Disable FIQ
 447:Drivers/CMSIS/Include/cmsis_gcc.h ****   \details Disables FIQ interrupts by setting the F-bit in the CPSR.
 448:Drivers/CMSIS/Include/cmsis_gcc.h ****            Can only be executed in Privileged modes.
 449:Drivers/CMSIS/Include/cmsis_gcc.h ****  */
 450:Drivers/CMSIS/Include/cmsis_gcc.h **** __STATIC_FORCEINLINE void __disable_fault_irq(void)
 451:Drivers/CMSIS/Include/cmsis_gcc.h **** {
 452:Drivers/CMSIS/Include/cmsis_gcc.h ****   __ASM volatile ("cpsid f" : : : "memory");
 453:Drivers/CMSIS/Include/cmsis_gcc.h **** }
 454:Drivers/CMSIS/Include/cmsis_gcc.h **** 
 455:Drivers/CMSIS/Include/cmsis_gcc.h **** 
 456:Drivers/CMSIS/Include/cmsis_gcc.h **** /**
 457:Drivers/CMSIS/Include/cmsis_gcc.h ****   \brief   Get Base Priority
 458:Drivers/CMSIS/Include/cmsis_gcc.h ****   \details Returns the current value of the Base Priority register.
 459:Drivers/CMSIS/Include/cmsis_gcc.h ****   \return               Base Priority register value
 460:Drivers/CMSIS/Include/cmsis_gcc.h ****  */
 461:Drivers/CMSIS/Include/cmsis_gcc.h **** __STATIC_FORCEINLINE uint32_t __get_BASEPRI(void)
 139              		.loc 2 461 31 is_stmt 1 view .LVU34
 140              	.LBB339:
 462:Drivers/CMSIS/Include/cmsis_gcc.h **** {
 463:Drivers/CMSIS/Include/cmsis_gcc.h ****   uint32_t result;
 141              		.loc 2 463 3 view .LVU35
 464:Drivers/CMSIS/Include/cmsis_gcc.h **** 
 465:Drivers/CMSIS/Include/cmsis_gcc.h ****   __ASM volatile ("MRS %0, basepri" : "=r" (result) );
 142              		.loc 2 465 3 view .LVU36
 143              		.syntax unified
 144              	@ 465 "Drivers/CMSIS/Include/cmsis_gcc.h" 1
 145 001e EFF31183 		MRS r3, basepri
 146              	@ 0 "" 2
 147              	.LVL8:
 466:Drivers/CMSIS/Include/cmsis_gcc.h ****   return(result);
 148              		.loc 2 466 3 view .LVU37
 149              		.loc 2 466 3 is_stmt 0 view .LVU38
 150              		.thumb
 151              		.syntax unified
 152              	.LBE339:
 153              	.LBE338:
 138:Middlewares/Third_Party/FreeRTOS/Source/CMSIS_RTOS_V2/cmsis_os2.c ****     stat = osErrorISR;
 154              		.loc 1 138 7 view .LVU39
 155 0022 002B     		cmp	r3, #0
 156 0024 F6D0     		beq	.L6
 139:Middlewares/Third_Party/FreeRTOS/Source/CMSIS_RTOS_V2/cmsis_os2.c ****   }
 157              		.loc 1 139 10 view .LVU40
 158 0026 6FF00500 		mvn	r0, #5
 159 002a 7047     		bx	lr
 160              	.L7:
 161 002c 6FF00500 		mvn	r0, #5
 162 0030 7047     		bx	lr
 163              	.L8:
 164 0032 6FF00500 		mvn	r0, #5
 165 0036 7047     		bx	lr
 166              	.L10:
 149:Middlewares/Third_Party/FreeRTOS/Source/CMSIS_RTOS_V2/cmsis_os2.c ****     }
 167              		.loc 1 149 12 view .LVU41
 168 0038 4FF0FF30 		mov	r0, #-1
 169              	.LVL9:
ARM GAS  C:\Users\31005\AppData\Local\Temp\ccDX7XtF.s 			page 27


 153:Middlewares/Third_Party/FreeRTOS/Source/CMSIS_RTOS_V2/cmsis_os2.c **** }
 170              		.loc 1 153 3 is_stmt 1 view .LVU42
 154:Middlewares/Third_Party/FreeRTOS/Source/CMSIS_RTOS_V2/cmsis_os2.c **** 
 171              		.loc 1 154 1 is_stmt 0 view .LVU43
 172 003c 7047     		bx	lr
 173              	.L13:
 174 003e 00BF     		.align	2
 175              	.L12:
 176 0040 00000000 		.word	KernelState
 177              		.cfi_endproc
 178              	.LFE106:
 180              		.section	.rodata.osKernelGetInfo.str1.4,"aMS",%progbits,1
 181              		.align	2
 182              	.LC0:
 183 0000 46726565 		.ascii	"FreeRTOS V10.0.1\000"
 183      52544F53 
 183      20563130 
 183      2E302E31 
 183      00
 184              		.section	.text.osKernelGetInfo,"ax",%progbits
 185              		.align	1
 186              		.global	osKernelGetInfo
 187              		.syntax unified
 188              		.thumb
 189              		.thumb_func
 191              	osKernelGetInfo:
 192              	.LVL10:
 193              	.LFB107:
 156:Middlewares/Third_Party/FreeRTOS/Source/CMSIS_RTOS_V2/cmsis_os2.c **** 
 194              		.loc 1 156 83 is_stmt 1 view -0
 195              		.cfi_startproc
 196              		@ args = 0, pretend = 0, frame = 0
 197              		@ frame_needed = 0, uses_anonymous_args = 0
 156:Middlewares/Third_Party/FreeRTOS/Source/CMSIS_RTOS_V2/cmsis_os2.c **** 
 198              		.loc 1 156 83 is_stmt 0 view .LVU45
 199 0000 08B5     		push	{r3, lr}
 200              	.LCFI1:
 201              		.cfi_def_cfa_offset 8
 202              		.cfi_offset 3, -8
 203              		.cfi_offset 14, -4
 204 0002 0B46     		mov	r3, r1
 158:Middlewares/Third_Party/FreeRTOS/Source/CMSIS_RTOS_V2/cmsis_os2.c ****     version->api    = KERNEL_VERSION;
 205              		.loc 1 158 3 is_stmt 1 view .LVU46
 158:Middlewares/Third_Party/FreeRTOS/Source/CMSIS_RTOS_V2/cmsis_os2.c ****     version->api    = KERNEL_VERSION;
 206              		.loc 1 158 6 is_stmt 0 view .LVU47
 207 0004 18B1     		cbz	r0, .L15
 208 0006 0146     		mov	r1, r0
 209              	.LVL11:
 159:Middlewares/Third_Party/FreeRTOS/Source/CMSIS_RTOS_V2/cmsis_os2.c ****     version->kernel = KERNEL_VERSION;
 210              		.loc 1 159 5 is_stmt 1 view .LVU48
 159:Middlewares/Third_Party/FreeRTOS/Source/CMSIS_RTOS_V2/cmsis_os2.c ****     version->kernel = KERNEL_VERSION;
 211              		.loc 1 159 21 is_stmt 0 view .LVU49
 212 0008 0648     		ldr	r0, .L20
 213              	.LVL12:
 159:Middlewares/Third_Party/FreeRTOS/Source/CMSIS_RTOS_V2/cmsis_os2.c ****     version->kernel = KERNEL_VERSION;
 214              		.loc 1 159 21 view .LVU50
 215 000a 0860     		str	r0, [r1]
ARM GAS  C:\Users\31005\AppData\Local\Temp\ccDX7XtF.s 			page 28


 160:Middlewares/Third_Party/FreeRTOS/Source/CMSIS_RTOS_V2/cmsis_os2.c ****   }
 216              		.loc 1 160 5 is_stmt 1 view .LVU51
 160:Middlewares/Third_Party/FreeRTOS/Source/CMSIS_RTOS_V2/cmsis_os2.c ****   }
 217              		.loc 1 160 21 is_stmt 0 view .LVU52
 218 000c 4860     		str	r0, [r1, #4]
 219              	.LVL13:
 220              	.L15:
 163:Middlewares/Third_Party/FreeRTOS/Source/CMSIS_RTOS_V2/cmsis_os2.c ****     if (id_size > sizeof(KERNEL_ID)) {
 221              		.loc 1 163 3 is_stmt 1 view .LVU53
 163:Middlewares/Third_Party/FreeRTOS/Source/CMSIS_RTOS_V2/cmsis_os2.c ****     if (id_size > sizeof(KERNEL_ID)) {
 222              		.loc 1 163 6 is_stmt 0 view .LVU54
 223 000e 3BB1     		cbz	r3, .L16
 163:Middlewares/Third_Party/FreeRTOS/Source/CMSIS_RTOS_V2/cmsis_os2.c ****     if (id_size > sizeof(KERNEL_ID)) {
 224              		.loc 1 163 24 discriminator 1 view .LVU55
 225 0010 32B1     		cbz	r2, .L16
 164:Middlewares/Third_Party/FreeRTOS/Source/CMSIS_RTOS_V2/cmsis_os2.c ****       id_size = sizeof(KERNEL_ID);
 226              		.loc 1 164 5 is_stmt 1 view .LVU56
 164:Middlewares/Third_Party/FreeRTOS/Source/CMSIS_RTOS_V2/cmsis_os2.c ****       id_size = sizeof(KERNEL_ID);
 227              		.loc 1 164 8 is_stmt 0 view .LVU57
 228 0012 112A     		cmp	r2, #17
 229 0014 00D9     		bls	.L17
 165:Middlewares/Third_Party/FreeRTOS/Source/CMSIS_RTOS_V2/cmsis_os2.c ****     }
 230              		.loc 1 165 15 view .LVU58
 231 0016 1122     		movs	r2, #17
 232              	.LVL14:
 233              	.L17:
 167:Middlewares/Third_Party/FreeRTOS/Source/CMSIS_RTOS_V2/cmsis_os2.c ****   }
 234              		.loc 1 167 5 is_stmt 1 view .LVU59
 235 0018 0349     		ldr	r1, .L20+4
 236 001a 1846     		mov	r0, r3
 237 001c FFF7FEFF 		bl	memcpy
 238              	.LVL15:
 239              	.L16:
 170:Middlewares/Third_Party/FreeRTOS/Source/CMSIS_RTOS_V2/cmsis_os2.c **** }
 240              		.loc 1 170 3 view .LVU60
 171:Middlewares/Third_Party/FreeRTOS/Source/CMSIS_RTOS_V2/cmsis_os2.c **** 
 241              		.loc 1 171 1 is_stmt 0 view .LVU61
 242 0020 0020     		movs	r0, #0
 243 0022 08BD     		pop	{r3, pc}
 244              	.L21:
 245              		.align	2
 246              	.L20:
 247 0024 01E1F505 		.word	100000001
 248 0028 00000000 		.word	.LC0
 249              		.cfi_endproc
 250              	.LFE107:
 252              		.section	.text.osKernelGetState,"ax",%progbits
 253              		.align	1
 254              		.global	osKernelGetState
 255              		.syntax unified
 256              		.thumb
 257              		.thumb_func
 259              	osKernelGetState:
 260              	.LFB108:
 173:Middlewares/Third_Party/FreeRTOS/Source/CMSIS_RTOS_V2/cmsis_os2.c ****   osKernelState_t state;
 261              		.loc 1 173 41 is_stmt 1 view -0
 262              		.cfi_startproc
ARM GAS  C:\Users\31005\AppData\Local\Temp\ccDX7XtF.s 			page 29


 263              		@ args = 0, pretend = 0, frame = 0
 264              		@ frame_needed = 0, uses_anonymous_args = 0
 265 0000 08B5     		push	{r3, lr}
 266              	.LCFI2:
 267              		.cfi_def_cfa_offset 8
 268              		.cfi_offset 3, -8
 269              		.cfi_offset 14, -4
 174:Middlewares/Third_Party/FreeRTOS/Source/CMSIS_RTOS_V2/cmsis_os2.c **** 
 270              		.loc 1 174 3 view .LVU63
 176:Middlewares/Third_Party/FreeRTOS/Source/CMSIS_RTOS_V2/cmsis_os2.c ****     case taskSCHEDULER_RUNNING:
 271              		.loc 1 176 3 view .LVU64
 176:Middlewares/Third_Party/FreeRTOS/Source/CMSIS_RTOS_V2/cmsis_os2.c ****     case taskSCHEDULER_RUNNING:
 272              		.loc 1 176 11 is_stmt 0 view .LVU65
 273 0002 FFF7FEFF 		bl	xTaskGetSchedulerState
 274              	.LVL16:
 176:Middlewares/Third_Party/FreeRTOS/Source/CMSIS_RTOS_V2/cmsis_os2.c ****     case taskSCHEDULER_RUNNING:
 275              		.loc 1 176 3 view .LVU66
 276 0006 40B1     		cbz	r0, .L24
 277 0008 0346     		mov	r3, r0
 278 000a 0228     		cmp	r0, #2
 279 000c 06D0     		beq	.L22
 187:Middlewares/Third_Party/FreeRTOS/Source/CMSIS_RTOS_V2/cmsis_os2.c ****         state = osKernelReady;
 280              		.loc 1 187 7 is_stmt 1 view .LVU67
 187:Middlewares/Third_Party/FreeRTOS/Source/CMSIS_RTOS_V2/cmsis_os2.c ****         state = osKernelReady;
 281              		.loc 1 187 23 is_stmt 0 view .LVU68
 282 000e 044B     		ldr	r3, .L27
 283 0010 1B68     		ldr	r3, [r3]
 187:Middlewares/Third_Party/FreeRTOS/Source/CMSIS_RTOS_V2/cmsis_os2.c ****         state = osKernelReady;
 284              		.loc 1 187 10 view .LVU69
 285 0012 012B     		cmp	r3, #1
 286 0014 02D0     		beq	.L22
 190:Middlewares/Third_Party/FreeRTOS/Source/CMSIS_RTOS_V2/cmsis_os2.c ****       }
 287              		.loc 1 190 15 view .LVU70
 288 0016 0023     		movs	r3, #0
 289              	.LVL17:
 195:Middlewares/Third_Party/FreeRTOS/Source/CMSIS_RTOS_V2/cmsis_os2.c **** }
 290              		.loc 1 195 3 is_stmt 1 view .LVU71
 195:Middlewares/Third_Party/FreeRTOS/Source/CMSIS_RTOS_V2/cmsis_os2.c **** }
 291              		.loc 1 195 10 is_stmt 0 view .LVU72
 292 0018 00E0     		b	.L22
 293              	.LVL18:
 294              	.L24:
 182:Middlewares/Third_Party/FreeRTOS/Source/CMSIS_RTOS_V2/cmsis_os2.c ****       break;
 295              		.loc 1 182 13 view .LVU73
 296 001a 0323     		movs	r3, #3
 297              	.L22:
 196:Middlewares/Third_Party/FreeRTOS/Source/CMSIS_RTOS_V2/cmsis_os2.c **** 
 298              		.loc 1 196 1 view .LVU74
 299 001c 1846     		mov	r0, r3
 300 001e 08BD     		pop	{r3, pc}
 301              	.L28:
 302              		.align	2
 303              	.L27:
 304 0020 00000000 		.word	KernelState
 305              		.cfi_endproc
 306              	.LFE108:
 308              		.section	.text.osKernelStart,"ax",%progbits
ARM GAS  C:\Users\31005\AppData\Local\Temp\ccDX7XtF.s 			page 30


 309              		.align	1
 310              		.global	osKernelStart
 311              		.syntax unified
 312              		.thumb
 313              		.thumb_func
 315              	osKernelStart:
 316              	.LFB109:
 198:Middlewares/Third_Party/FreeRTOS/Source/CMSIS_RTOS_V2/cmsis_os2.c ****   osStatus_t stat;
 317              		.loc 1 198 33 is_stmt 1 view -0
 318              		.cfi_startproc
 319              		@ args = 0, pretend = 0, frame = 0
 320              		@ frame_needed = 0, uses_anonymous_args = 0
 321 0000 08B5     		push	{r3, lr}
 322              	.LCFI3:
 323              		.cfi_def_cfa_offset 8
 324              		.cfi_offset 3, -8
 325              		.cfi_offset 14, -4
 199:Middlewares/Third_Party/FreeRTOS/Source/CMSIS_RTOS_V2/cmsis_os2.c **** 
 326              		.loc 1 199 3 view .LVU76
 201:Middlewares/Third_Party/FreeRTOS/Source/CMSIS_RTOS_V2/cmsis_os2.c ****     stat = osErrorISR;
 327              		.loc 1 201 3 view .LVU77
 328              	.LBB340:
 329              	.LBI340:
 205:Drivers/CMSIS/Include/cmsis_gcc.h **** {
 330              		.loc 2 205 31 view .LVU78
 331              	.LBB341:
 207:Drivers/CMSIS/Include/cmsis_gcc.h **** 
 332              		.loc 2 207 3 view .LVU79
 209:Drivers/CMSIS/Include/cmsis_gcc.h ****   return(result);
 333              		.loc 2 209 3 view .LVU80
 334              		.syntax unified
 335              	@ 209 "Drivers/CMSIS/Include/cmsis_gcc.h" 1
 336 0002 EFF30583 		MRS r3, ipsr
 337              	@ 0 "" 2
 338              	.LVL19:
 210:Drivers/CMSIS/Include/cmsis_gcc.h **** }
 339              		.loc 2 210 3 view .LVU81
 210:Drivers/CMSIS/Include/cmsis_gcc.h **** }
 340              		.loc 2 210 3 is_stmt 0 view .LVU82
 341              		.thumb
 342              		.syntax unified
 343              	.LBE341:
 344              	.LBE340:
 201:Middlewares/Third_Party/FreeRTOS/Source/CMSIS_RTOS_V2/cmsis_os2.c ****     stat = osErrorISR;
 345              		.loc 1 201 6 view .LVU83
 346 0006 B3B9     		cbnz	r3, .L32
 347              	.LBB342:
 348              	.LBI342:
 382:Drivers/CMSIS/Include/cmsis_gcc.h **** {
 349              		.loc 2 382 31 is_stmt 1 view .LVU84
 350              	.LBB343:
 384:Drivers/CMSIS/Include/cmsis_gcc.h **** 
 351              		.loc 2 384 3 view .LVU85
 386:Drivers/CMSIS/Include/cmsis_gcc.h ****   return(result);
 352              		.loc 2 386 3 view .LVU86
 353              		.syntax unified
 354              	@ 386 "Drivers/CMSIS/Include/cmsis_gcc.h" 1
ARM GAS  C:\Users\31005\AppData\Local\Temp\ccDX7XtF.s 			page 31


 355 0008 EFF31083 		MRS r3, primask
 356              	@ 0 "" 2
 357              	.LVL20:
 387:Drivers/CMSIS/Include/cmsis_gcc.h **** }
 358              		.loc 2 387 3 view .LVU87
 387:Drivers/CMSIS/Include/cmsis_gcc.h **** }
 359              		.loc 2 387 3 is_stmt 0 view .LVU88
 360              		.thumb
 361              		.syntax unified
 362              	.LBE343:
 363              	.LBE342:
 201:Middlewares/Third_Party/FreeRTOS/Source/CMSIS_RTOS_V2/cmsis_os2.c ****     stat = osErrorISR;
 364              		.loc 1 201 7 view .LVU89
 365 000c B3B9     		cbnz	r3, .L33
 201:Middlewares/Third_Party/FreeRTOS/Source/CMSIS_RTOS_V2/cmsis_os2.c ****     stat = osErrorISR;
 366              		.loc 1 201 7 discriminator 2 view .LVU90
 367 000e 0E4B     		ldr	r3, .L38
 368 0010 1B68     		ldr	r3, [r3]
 369 0012 022B     		cmp	r3, #2
 370 0014 08D0     		beq	.L37
 371              	.L31:
 205:Middlewares/Third_Party/FreeRTOS/Source/CMSIS_RTOS_V2/cmsis_os2.c ****       KernelState = osKernelRunning;
 372              		.loc 1 205 5 is_stmt 1 view .LVU91
 205:Middlewares/Third_Party/FreeRTOS/Source/CMSIS_RTOS_V2/cmsis_os2.c ****       KernelState = osKernelRunning;
 373              		.loc 1 205 8 is_stmt 0 view .LVU92
 374 0016 012B     		cmp	r3, #1
 375 0018 13D1     		bne	.L35
 206:Middlewares/Third_Party/FreeRTOS/Source/CMSIS_RTOS_V2/cmsis_os2.c ****       vTaskStartScheduler();
 376              		.loc 1 206 7 is_stmt 1 view .LVU93
 206:Middlewares/Third_Party/FreeRTOS/Source/CMSIS_RTOS_V2/cmsis_os2.c ****       vTaskStartScheduler();
 377              		.loc 1 206 19 is_stmt 0 view .LVU94
 378 001a 0B4B     		ldr	r3, .L38
 379 001c 0222     		movs	r2, #2
 380 001e 1A60     		str	r2, [r3]
 207:Middlewares/Third_Party/FreeRTOS/Source/CMSIS_RTOS_V2/cmsis_os2.c ****       stat = osOK;
 381              		.loc 1 207 7 is_stmt 1 view .LVU95
 382 0020 FFF7FEFF 		bl	vTaskStartScheduler
 383              	.LVL21:
 208:Middlewares/Third_Party/FreeRTOS/Source/CMSIS_RTOS_V2/cmsis_os2.c ****     } else {
 384              		.loc 1 208 7 view .LVU96
 208:Middlewares/Third_Party/FreeRTOS/Source/CMSIS_RTOS_V2/cmsis_os2.c ****     } else {
 385              		.loc 1 208 12 is_stmt 0 view .LVU97
 386 0024 0020     		movs	r0, #0
 387              	.LVL22:
 388              	.L29:
 215:Middlewares/Third_Party/FreeRTOS/Source/CMSIS_RTOS_V2/cmsis_os2.c **** 
 389              		.loc 1 215 1 view .LVU98
 390 0026 08BD     		pop	{r3, pc}
 391              	.L37:
 392              	.LBB344:
 393              	.LBI344:
 461:Drivers/CMSIS/Include/cmsis_gcc.h **** {
 394              		.loc 2 461 31 is_stmt 1 view .LVU99
 395              	.LBB345:
 463:Drivers/CMSIS/Include/cmsis_gcc.h **** 
 396              		.loc 2 463 3 view .LVU100
 465:Drivers/CMSIS/Include/cmsis_gcc.h ****   return(result);
ARM GAS  C:\Users\31005\AppData\Local\Temp\ccDX7XtF.s 			page 32


 397              		.loc 2 465 3 view .LVU101
 398              		.syntax unified
 399              	@ 465 "Drivers/CMSIS/Include/cmsis_gcc.h" 1
 400 0028 EFF31182 		MRS r2, basepri
 401              	@ 0 "" 2
 402              	.LVL23:
 403              		.loc 2 466 3 view .LVU102
 404              		.loc 2 466 3 is_stmt 0 view .LVU103
 405              		.thumb
 406              		.syntax unified
 407              	.LBE345:
 408              	.LBE344:
 201:Middlewares/Third_Party/FreeRTOS/Source/CMSIS_RTOS_V2/cmsis_os2.c ****     stat = osErrorISR;
 409              		.loc 1 201 7 view .LVU104
 410 002c 002A     		cmp	r2, #0
 411 002e F2D0     		beq	.L31
 202:Middlewares/Third_Party/FreeRTOS/Source/CMSIS_RTOS_V2/cmsis_os2.c ****   }
 412              		.loc 1 202 10 view .LVU105
 413 0030 6FF00500 		mvn	r0, #5
 414 0034 F7E7     		b	.L29
 415              	.L32:
 416 0036 6FF00500 		mvn	r0, #5
 417 003a F4E7     		b	.L29
 418              	.L33:
 419 003c 6FF00500 		mvn	r0, #5
 420 0040 F1E7     		b	.L29
 421              	.L35:
 210:Middlewares/Third_Party/FreeRTOS/Source/CMSIS_RTOS_V2/cmsis_os2.c ****     }
 422              		.loc 1 210 12 view .LVU106
 423 0042 4FF0FF30 		mov	r0, #-1
 424              	.LVL24:
 214:Middlewares/Third_Party/FreeRTOS/Source/CMSIS_RTOS_V2/cmsis_os2.c **** }
 425              		.loc 1 214 3 is_stmt 1 view .LVU107
 214:Middlewares/Third_Party/FreeRTOS/Source/CMSIS_RTOS_V2/cmsis_os2.c **** }
 426              		.loc 1 214 10 is_stmt 0 view .LVU108
 427 0046 EEE7     		b	.L29
 428              	.L39:
 429              		.align	2
 430              	.L38:
 431 0048 00000000 		.word	KernelState
 432              		.cfi_endproc
 433              	.LFE109:
 435              		.section	.text.osKernelLock,"ax",%progbits
 436              		.align	1
 437              		.global	osKernelLock
 438              		.syntax unified
 439              		.thumb
 440              		.thumb_func
 442              	osKernelLock:
 443              	.LFB110:
 217:Middlewares/Third_Party/FreeRTOS/Source/CMSIS_RTOS_V2/cmsis_os2.c ****   int32_t lock;
 444              		.loc 1 217 29 is_stmt 1 view -0
 445              		.cfi_startproc
 446              		@ args = 0, pretend = 0, frame = 0
 447              		@ frame_needed = 0, uses_anonymous_args = 0
 448 0000 08B5     		push	{r3, lr}
 449              	.LCFI4:
ARM GAS  C:\Users\31005\AppData\Local\Temp\ccDX7XtF.s 			page 33


 450              		.cfi_def_cfa_offset 8
 451              		.cfi_offset 3, -8
 452              		.cfi_offset 14, -4
 218:Middlewares/Third_Party/FreeRTOS/Source/CMSIS_RTOS_V2/cmsis_os2.c **** 
 453              		.loc 1 218 3 view .LVU110
 220:Middlewares/Third_Party/FreeRTOS/Source/CMSIS_RTOS_V2/cmsis_os2.c ****     lock = (int32_t)osErrorISR;
 454              		.loc 1 220 3 view .LVU111
 455              	.LBB346:
 456              	.LBI346:
 205:Drivers/CMSIS/Include/cmsis_gcc.h **** {
 457              		.loc 2 205 31 view .LVU112
 458              	.LBB347:
 207:Drivers/CMSIS/Include/cmsis_gcc.h **** 
 459              		.loc 2 207 3 view .LVU113
 209:Drivers/CMSIS/Include/cmsis_gcc.h ****   return(result);
 460              		.loc 2 209 3 view .LVU114
 461              		.syntax unified
 462              	@ 209 "Drivers/CMSIS/Include/cmsis_gcc.h" 1
 463 0002 EFF30583 		MRS r3, ipsr
 464              	@ 0 "" 2
 465              	.LVL25:
 210:Drivers/CMSIS/Include/cmsis_gcc.h **** }
 466              		.loc 2 210 3 view .LVU115
 210:Drivers/CMSIS/Include/cmsis_gcc.h **** }
 467              		.loc 2 210 3 is_stmt 0 view .LVU116
 468              		.thumb
 469              		.syntax unified
 470              	.LBE347:
 471              	.LBE346:
 220:Middlewares/Third_Party/FreeRTOS/Source/CMSIS_RTOS_V2/cmsis_os2.c ****     lock = (int32_t)osErrorISR;
 472              		.loc 1 220 6 view .LVU117
 473 0006 93B9     		cbnz	r3, .L43
 474              	.LBB348:
 475              	.LBI348:
 382:Drivers/CMSIS/Include/cmsis_gcc.h **** {
 476              		.loc 2 382 31 is_stmt 1 view .LVU118
 477              	.LBB349:
 384:Drivers/CMSIS/Include/cmsis_gcc.h **** 
 478              		.loc 2 384 3 view .LVU119
 386:Drivers/CMSIS/Include/cmsis_gcc.h ****   return(result);
 479              		.loc 2 386 3 view .LVU120
 480              		.syntax unified
 481              	@ 386 "Drivers/CMSIS/Include/cmsis_gcc.h" 1
 482 0008 EFF31083 		MRS r3, primask
 483              	@ 0 "" 2
 484              	.LVL26:
 387:Drivers/CMSIS/Include/cmsis_gcc.h **** }
 485              		.loc 2 387 3 view .LVU121
 387:Drivers/CMSIS/Include/cmsis_gcc.h **** }
 486              		.loc 2 387 3 is_stmt 0 view .LVU122
 487              		.thumb
 488              		.syntax unified
 489              	.LBE349:
 490              	.LBE348:
 220:Middlewares/Third_Party/FreeRTOS/Source/CMSIS_RTOS_V2/cmsis_os2.c ****     lock = (int32_t)osErrorISR;
 491              		.loc 1 220 7 view .LVU123
 492 000c 93B9     		cbnz	r3, .L44
ARM GAS  C:\Users\31005\AppData\Local\Temp\ccDX7XtF.s 			page 34


 220:Middlewares/Third_Party/FreeRTOS/Source/CMSIS_RTOS_V2/cmsis_os2.c ****     lock = (int32_t)osErrorISR;
 493              		.loc 1 220 7 discriminator 2 view .LVU124
 494 000e 0F4B     		ldr	r3, .L49
 495 0010 1B68     		ldr	r3, [r3]
 496 0012 022B     		cmp	r3, #2
 497 0014 02D1     		bne	.L42
 498              	.LBB350:
 499              	.LBI350:
 461:Drivers/CMSIS/Include/cmsis_gcc.h **** {
 500              		.loc 2 461 31 is_stmt 1 view .LVU125
 501              	.LBB351:
 463:Drivers/CMSIS/Include/cmsis_gcc.h **** 
 502              		.loc 2 463 3 view .LVU126
 465:Drivers/CMSIS/Include/cmsis_gcc.h ****   return(result);
 503              		.loc 2 465 3 view .LVU127
 504              		.syntax unified
 505              	@ 465 "Drivers/CMSIS/Include/cmsis_gcc.h" 1
 506 0016 EFF31183 		MRS r3, basepri
 507              	@ 0 "" 2
 508              	.LVL27:
 509              		.loc 2 466 3 view .LVU128
 510              		.loc 2 466 3 is_stmt 0 view .LVU129
 511              		.thumb
 512              		.syntax unified
 513              	.LBE351:
 514              	.LBE350:
 220:Middlewares/Third_Party/FreeRTOS/Source/CMSIS_RTOS_V2/cmsis_os2.c ****     lock = (int32_t)osErrorISR;
 515              		.loc 1 220 7 view .LVU130
 516 001a 73B9     		cbnz	r3, .L45
 517              	.L42:
 224:Middlewares/Third_Party/FreeRTOS/Source/CMSIS_RTOS_V2/cmsis_os2.c ****       case taskSCHEDULER_SUSPENDED:
 518              		.loc 1 224 5 is_stmt 1 view .LVU131
 224:Middlewares/Third_Party/FreeRTOS/Source/CMSIS_RTOS_V2/cmsis_os2.c ****       case taskSCHEDULER_SUSPENDED:
 519              		.loc 1 224 13 is_stmt 0 view .LVU132
 520 001c FFF7FEFF 		bl	xTaskGetSchedulerState
 521              	.LVL28:
 224:Middlewares/Third_Party/FreeRTOS/Source/CMSIS_RTOS_V2/cmsis_os2.c ****       case taskSCHEDULER_SUSPENDED:
 522              		.loc 1 224 5 view .LVU133
 523 0020 70B1     		cbz	r0, .L46
 524 0022 0228     		cmp	r0, #2
 525 0024 0ED1     		bne	.L47
 230:Middlewares/Third_Party/FreeRTOS/Source/CMSIS_RTOS_V2/cmsis_os2.c ****         lock = 0;
 526              		.loc 1 230 9 is_stmt 1 view .LVU134
 527 0026 FFF7FEFF 		bl	vTaskSuspendAll
 528              	.LVL29:
 231:Middlewares/Third_Party/FreeRTOS/Source/CMSIS_RTOS_V2/cmsis_os2.c ****         break;
 529              		.loc 1 231 9 view .LVU135
 232:Middlewares/Third_Party/FreeRTOS/Source/CMSIS_RTOS_V2/cmsis_os2.c **** 
 530              		.loc 1 232 9 view .LVU136
 231:Middlewares/Third_Party/FreeRTOS/Source/CMSIS_RTOS_V2/cmsis_os2.c ****         break;
 531              		.loc 1 231 14 is_stmt 0 view .LVU137
 532 002a 0020     		movs	r0, #0
 232:Middlewares/Third_Party/FreeRTOS/Source/CMSIS_RTOS_V2/cmsis_os2.c **** 
 533              		.loc 1 232 9 view .LVU138
 534 002c 0CE0     		b	.L40
 535              	.LVL30:
 536              	.L43:
ARM GAS  C:\Users\31005\AppData\Local\Temp\ccDX7XtF.s 			page 35


 221:Middlewares/Third_Party/FreeRTOS/Source/CMSIS_RTOS_V2/cmsis_os2.c ****   }
 537              		.loc 1 221 10 view .LVU139
 538 002e 6FF00500 		mvn	r0, #5
 539 0032 09E0     		b	.L40
 540              	.L44:
 541 0034 6FF00500 		mvn	r0, #5
 542 0038 06E0     		b	.L40
 543              	.L45:
 544 003a 6FF00500 		mvn	r0, #5
 545 003e 03E0     		b	.L40
 546              	.L46:
 224:Middlewares/Third_Party/FreeRTOS/Source/CMSIS_RTOS_V2/cmsis_os2.c ****       case taskSCHEDULER_SUSPENDED:
 547              		.loc 1 224 5 view .LVU140
 548 0040 0120     		movs	r0, #1
 549 0042 01E0     		b	.L40
 550              	.L47:
 236:Middlewares/Third_Party/FreeRTOS/Source/CMSIS_RTOS_V2/cmsis_os2.c ****         break;
 551              		.loc 1 236 14 view .LVU141
 552 0044 4FF0FF30 		mov	r0, #-1
 553              	.LVL31:
 241:Middlewares/Third_Party/FreeRTOS/Source/CMSIS_RTOS_V2/cmsis_os2.c **** }
 554              		.loc 1 241 3 is_stmt 1 view .LVU142
 555              	.L40:
 242:Middlewares/Third_Party/FreeRTOS/Source/CMSIS_RTOS_V2/cmsis_os2.c **** 
 556              		.loc 1 242 1 is_stmt 0 view .LVU143
 557 0048 08BD     		pop	{r3, pc}
 558              	.L50:
 559 004a 00BF     		.align	2
 560              	.L49:
 561 004c 00000000 		.word	KernelState
 562              		.cfi_endproc
 563              	.LFE110:
 565              		.section	.text.osKernelUnlock,"ax",%progbits
 566              		.align	1
 567              		.global	osKernelUnlock
 568              		.syntax unified
 569              		.thumb
 570              		.thumb_func
 572              	osKernelUnlock:
 573              	.LFB111:
 244:Middlewares/Third_Party/FreeRTOS/Source/CMSIS_RTOS_V2/cmsis_os2.c ****   int32_t lock;
 574              		.loc 1 244 31 is_stmt 1 view -0
 575              		.cfi_startproc
 576              		@ args = 0, pretend = 0, frame = 0
 577              		@ frame_needed = 0, uses_anonymous_args = 0
 578 0000 08B5     		push	{r3, lr}
 579              	.LCFI5:
 580              		.cfi_def_cfa_offset 8
 581              		.cfi_offset 3, -8
 582              		.cfi_offset 14, -4
 245:Middlewares/Third_Party/FreeRTOS/Source/CMSIS_RTOS_V2/cmsis_os2.c **** 
 583              		.loc 1 245 3 view .LVU145
 247:Middlewares/Third_Party/FreeRTOS/Source/CMSIS_RTOS_V2/cmsis_os2.c ****     lock = (int32_t)osErrorISR;
 584              		.loc 1 247 3 view .LVU146
 585              	.LBB352:
 586              	.LBI352:
 205:Drivers/CMSIS/Include/cmsis_gcc.h **** {
ARM GAS  C:\Users\31005\AppData\Local\Temp\ccDX7XtF.s 			page 36


 587              		.loc 2 205 31 view .LVU147
 588              	.LBB353:
 207:Drivers/CMSIS/Include/cmsis_gcc.h **** 
 589              		.loc 2 207 3 view .LVU148
 209:Drivers/CMSIS/Include/cmsis_gcc.h ****   return(result);
 590              		.loc 2 209 3 view .LVU149
 591              		.syntax unified
 592              	@ 209 "Drivers/CMSIS/Include/cmsis_gcc.h" 1
 593 0002 EFF30583 		MRS r3, ipsr
 594              	@ 0 "" 2
 595              	.LVL32:
 210:Drivers/CMSIS/Include/cmsis_gcc.h **** }
 596              		.loc 2 210 3 view .LVU150
 210:Drivers/CMSIS/Include/cmsis_gcc.h **** }
 597              		.loc 2 210 3 is_stmt 0 view .LVU151
 598              		.thumb
 599              		.syntax unified
 600              	.LBE353:
 601              	.LBE352:
 247:Middlewares/Third_Party/FreeRTOS/Source/CMSIS_RTOS_V2/cmsis_os2.c ****     lock = (int32_t)osErrorISR;
 602              		.loc 1 247 6 view .LVU152
 603 0006 CBB9     		cbnz	r3, .L55
 604              	.LBB354:
 605              	.LBI354:
 382:Drivers/CMSIS/Include/cmsis_gcc.h **** {
 606              		.loc 2 382 31 is_stmt 1 view .LVU153
 607              	.LBB355:
 384:Drivers/CMSIS/Include/cmsis_gcc.h **** 
 608              		.loc 2 384 3 view .LVU154
 386:Drivers/CMSIS/Include/cmsis_gcc.h ****   return(result);
 609              		.loc 2 386 3 view .LVU155
 610              		.syntax unified
 611              	@ 386 "Drivers/CMSIS/Include/cmsis_gcc.h" 1
 612 0008 EFF31083 		MRS r3, primask
 613              	@ 0 "" 2
 614              	.LVL33:
 387:Drivers/CMSIS/Include/cmsis_gcc.h **** }
 615              		.loc 2 387 3 view .LVU156
 387:Drivers/CMSIS/Include/cmsis_gcc.h **** }
 616              		.loc 2 387 3 is_stmt 0 view .LVU157
 617              		.thumb
 618              		.syntax unified
 619              	.LBE355:
 620              	.LBE354:
 247:Middlewares/Third_Party/FreeRTOS/Source/CMSIS_RTOS_V2/cmsis_os2.c ****     lock = (int32_t)osErrorISR;
 621              		.loc 1 247 7 view .LVU158
 622 000c CBB9     		cbnz	r3, .L56
 247:Middlewares/Third_Party/FreeRTOS/Source/CMSIS_RTOS_V2/cmsis_os2.c ****     lock = (int32_t)osErrorISR;
 623              		.loc 1 247 7 discriminator 2 view .LVU159
 624 000e 134B     		ldr	r3, .L61
 625 0010 1B68     		ldr	r3, [r3]
 626 0012 022B     		cmp	r3, #2
 627 0014 02D1     		bne	.L53
 628              	.LBB356:
 629              	.LBI356:
 461:Drivers/CMSIS/Include/cmsis_gcc.h **** {
 630              		.loc 2 461 31 is_stmt 1 view .LVU160
ARM GAS  C:\Users\31005\AppData\Local\Temp\ccDX7XtF.s 			page 37


 631              	.LBB357:
 463:Drivers/CMSIS/Include/cmsis_gcc.h **** 
 632              		.loc 2 463 3 view .LVU161
 465:Drivers/CMSIS/Include/cmsis_gcc.h ****   return(result);
 633              		.loc 2 465 3 view .LVU162
 634              		.syntax unified
 635              	@ 465 "Drivers/CMSIS/Include/cmsis_gcc.h" 1
 636 0016 EFF31183 		MRS r3, basepri
 637              	@ 0 "" 2
 638              	.LVL34:
 639              		.loc 2 466 3 view .LVU163
 640              		.loc 2 466 3 is_stmt 0 view .LVU164
 641              		.thumb
 642              		.syntax unified
 643              	.LBE357:
 644              	.LBE356:
 247:Middlewares/Third_Party/FreeRTOS/Source/CMSIS_RTOS_V2/cmsis_os2.c ****     lock = (int32_t)osErrorISR;
 645              		.loc 1 247 7 view .LVU165
 646 001a ABB9     		cbnz	r3, .L57
 647              	.L53:
 251:Middlewares/Third_Party/FreeRTOS/Source/CMSIS_RTOS_V2/cmsis_os2.c ****       case taskSCHEDULER_SUSPENDED:
 648              		.loc 1 251 5 is_stmt 1 view .LVU166
 251:Middlewares/Third_Party/FreeRTOS/Source/CMSIS_RTOS_V2/cmsis_os2.c ****       case taskSCHEDULER_SUSPENDED:
 649              		.loc 1 251 13 is_stmt 0 view .LVU167
 650 001c FFF7FEFF 		bl	xTaskGetSchedulerState
 651              	.LVL35:
 251:Middlewares/Third_Party/FreeRTOS/Source/CMSIS_RTOS_V2/cmsis_os2.c ****       case taskSCHEDULER_SUSPENDED:
 652              		.loc 1 251 5 view .LVU168
 653 0020 18B1     		cbz	r0, .L54
 654 0022 0228     		cmp	r0, #2
 655 0024 13D1     		bne	.L58
 656 0026 0020     		movs	r0, #0
 657              	.L51:
 274:Middlewares/Third_Party/FreeRTOS/Source/CMSIS_RTOS_V2/cmsis_os2.c **** 
 658              		.loc 1 274 1 view .LVU169
 659 0028 08BD     		pop	{r3, pc}
 660              	.L54:
 253:Middlewares/Third_Party/FreeRTOS/Source/CMSIS_RTOS_V2/cmsis_os2.c **** 
 661              		.loc 1 253 9 is_stmt 1 view .LVU170
 662              	.LVL36:
 255:Middlewares/Third_Party/FreeRTOS/Source/CMSIS_RTOS_V2/cmsis_os2.c ****           if (xTaskGetSchedulerState() == taskSCHEDULER_SUSPENDED) {
 663              		.loc 1 255 9 view .LVU171
 255:Middlewares/Third_Party/FreeRTOS/Source/CMSIS_RTOS_V2/cmsis_os2.c ****           if (xTaskGetSchedulerState() == taskSCHEDULER_SUSPENDED) {
 664              		.loc 1 255 13 is_stmt 0 view .LVU172
 665 002a FFF7FEFF 		bl	xTaskResumeAll
 666              	.LVL37:
 255:Middlewares/Third_Party/FreeRTOS/Source/CMSIS_RTOS_V2/cmsis_os2.c ****           if (xTaskGetSchedulerState() == taskSCHEDULER_SUSPENDED) {
 667              		.loc 1 255 12 view .LVU173
 668 002e 0128     		cmp	r0, #1
 669 0030 FAD0     		beq	.L51
 256:Middlewares/Third_Party/FreeRTOS/Source/CMSIS_RTOS_V2/cmsis_os2.c ****             lock = (int32_t)osError;
 670              		.loc 1 256 11 is_stmt 1 view .LVU174
 256:Middlewares/Third_Party/FreeRTOS/Source/CMSIS_RTOS_V2/cmsis_os2.c ****             lock = (int32_t)osError;
 671              		.loc 1 256 15 is_stmt 0 view .LVU175
 672 0032 FFF7FEFF 		bl	xTaskGetSchedulerState
 673              	.LVL38:
 256:Middlewares/Third_Party/FreeRTOS/Source/CMSIS_RTOS_V2/cmsis_os2.c ****             lock = (int32_t)osError;
ARM GAS  C:\Users\31005\AppData\Local\Temp\ccDX7XtF.s 			page 38


 674              		.loc 1 256 14 view .LVU176
 675 0036 68B1     		cbz	r0, .L59
 253:Middlewares/Third_Party/FreeRTOS/Source/CMSIS_RTOS_V2/cmsis_os2.c **** 
 676              		.loc 1 253 14 view .LVU177
 677 0038 0120     		movs	r0, #1
 678 003a F5E7     		b	.L51
 679              	.LVL39:
 680              	.L55:
 248:Middlewares/Third_Party/FreeRTOS/Source/CMSIS_RTOS_V2/cmsis_os2.c ****   }
 681              		.loc 1 248 10 view .LVU178
 682 003c 6FF00500 		mvn	r0, #5
 683 0040 F2E7     		b	.L51
 684              	.L56:
 685 0042 6FF00500 		mvn	r0, #5
 686 0046 EFE7     		b	.L51
 687              	.L57:
 688 0048 6FF00500 		mvn	r0, #5
 689 004c ECE7     		b	.L51
 690              	.L58:
 268:Middlewares/Third_Party/FreeRTOS/Source/CMSIS_RTOS_V2/cmsis_os2.c ****         break;
 691              		.loc 1 268 14 view .LVU179
 692 004e 4FF0FF30 		mov	r0, #-1
 693 0052 E9E7     		b	.L51
 694              	.LVL40:
 695              	.L59:
 257:Middlewares/Third_Party/FreeRTOS/Source/CMSIS_RTOS_V2/cmsis_os2.c ****           }
 696              		.loc 1 257 18 view .LVU180
 697 0054 4FF0FF30 		mov	r0, #-1
 698              	.LVL41:
 273:Middlewares/Third_Party/FreeRTOS/Source/CMSIS_RTOS_V2/cmsis_os2.c **** }
 699              		.loc 1 273 3 is_stmt 1 view .LVU181
 273:Middlewares/Third_Party/FreeRTOS/Source/CMSIS_RTOS_V2/cmsis_os2.c **** }
 700              		.loc 1 273 10 is_stmt 0 view .LVU182
 701 0058 E6E7     		b	.L51
 702              	.L62:
 703 005a 00BF     		.align	2
 704              	.L61:
 705 005c 00000000 		.word	KernelState
 706              		.cfi_endproc
 707              	.LFE111:
 709              		.section	.text.osKernelRestoreLock,"ax",%progbits
 710              		.align	1
 711              		.global	osKernelRestoreLock
 712              		.syntax unified
 713              		.thumb
 714              		.thumb_func
 716              	osKernelRestoreLock:
 717              	.LVL42:
 718              	.LFB112:
 276:Middlewares/Third_Party/FreeRTOS/Source/CMSIS_RTOS_V2/cmsis_os2.c **** 
 719              		.loc 1 276 44 is_stmt 1 view -0
 720              		.cfi_startproc
 721              		@ args = 0, pretend = 0, frame = 0
 722              		@ frame_needed = 0, uses_anonymous_args = 0
 276:Middlewares/Third_Party/FreeRTOS/Source/CMSIS_RTOS_V2/cmsis_os2.c **** 
 723              		.loc 1 276 44 is_stmt 0 view .LVU184
 724 0000 10B5     		push	{r4, lr}
ARM GAS  C:\Users\31005\AppData\Local\Temp\ccDX7XtF.s 			page 39


 725              	.LCFI6:
 726              		.cfi_def_cfa_offset 8
 727              		.cfi_offset 4, -8
 728              		.cfi_offset 14, -4
 278:Middlewares/Third_Party/FreeRTOS/Source/CMSIS_RTOS_V2/cmsis_os2.c ****     lock = (int32_t)osErrorISR;
 729              		.loc 1 278 3 is_stmt 1 view .LVU185
 730              	.LBB358:
 731              	.LBI358:
 205:Drivers/CMSIS/Include/cmsis_gcc.h **** {
 732              		.loc 2 205 31 view .LVU186
 733              	.LBB359:
 207:Drivers/CMSIS/Include/cmsis_gcc.h **** 
 734              		.loc 2 207 3 view .LVU187
 209:Drivers/CMSIS/Include/cmsis_gcc.h ****   return(result);
 735              		.loc 2 209 3 view .LVU188
 736              		.syntax unified
 737              	@ 209 "Drivers/CMSIS/Include/cmsis_gcc.h" 1
 738 0002 EFF30583 		MRS r3, ipsr
 739              	@ 0 "" 2
 740              	.LVL43:
 210:Drivers/CMSIS/Include/cmsis_gcc.h **** }
 741              		.loc 2 210 3 view .LVU189
 210:Drivers/CMSIS/Include/cmsis_gcc.h **** }
 742              		.loc 2 210 3 is_stmt 0 view .LVU190
 743              		.thumb
 744              		.syntax unified
 745              	.LBE359:
 746              	.LBE358:
 278:Middlewares/Third_Party/FreeRTOS/Source/CMSIS_RTOS_V2/cmsis_os2.c ****     lock = (int32_t)osErrorISR;
 747              		.loc 1 278 6 view .LVU191
 748 0006 13BB     		cbnz	r3, .L68
 749 0008 0446     		mov	r4, r0
 750              	.LBB360:
 751              	.LBI360:
 382:Drivers/CMSIS/Include/cmsis_gcc.h **** {
 752              		.loc 2 382 31 is_stmt 1 view .LVU192
 753              	.LBB361:
 384:Drivers/CMSIS/Include/cmsis_gcc.h **** 
 754              		.loc 2 384 3 view .LVU193
 386:Drivers/CMSIS/Include/cmsis_gcc.h ****   return(result);
 755              		.loc 2 386 3 view .LVU194
 756              		.syntax unified
 757              	@ 386 "Drivers/CMSIS/Include/cmsis_gcc.h" 1
 758 000a EFF31083 		MRS r3, primask
 759              	@ 0 "" 2
 760              	.LVL44:
 387:Drivers/CMSIS/Include/cmsis_gcc.h **** }
 761              		.loc 2 387 3 view .LVU195
 387:Drivers/CMSIS/Include/cmsis_gcc.h **** }
 762              		.loc 2 387 3 is_stmt 0 view .LVU196
 763              		.thumb
 764              		.syntax unified
 765              	.LBE361:
 766              	.LBE360:
 278:Middlewares/Third_Party/FreeRTOS/Source/CMSIS_RTOS_V2/cmsis_os2.c ****     lock = (int32_t)osErrorISR;
 767              		.loc 1 278 7 view .LVU197
 768 000e 0BBB     		cbnz	r3, .L69
ARM GAS  C:\Users\31005\AppData\Local\Temp\ccDX7XtF.s 			page 40


 278:Middlewares/Third_Party/FreeRTOS/Source/CMSIS_RTOS_V2/cmsis_os2.c ****     lock = (int32_t)osErrorISR;
 769              		.loc 1 278 7 discriminator 2 view .LVU198
 770 0010 164B     		ldr	r3, .L77
 771 0012 1B68     		ldr	r3, [r3]
 772 0014 022B     		cmp	r3, #2
 773 0016 02D1     		bne	.L65
 774              	.LBB362:
 775              	.LBI362:
 461:Drivers/CMSIS/Include/cmsis_gcc.h **** {
 776              		.loc 2 461 31 is_stmt 1 view .LVU199
 777              	.LBB363:
 463:Drivers/CMSIS/Include/cmsis_gcc.h **** 
 778              		.loc 2 463 3 view .LVU200
 465:Drivers/CMSIS/Include/cmsis_gcc.h ****   return(result);
 779              		.loc 2 465 3 view .LVU201
 780              		.syntax unified
 781              	@ 465 "Drivers/CMSIS/Include/cmsis_gcc.h" 1
 782 0018 EFF31183 		MRS r3, basepri
 783              	@ 0 "" 2
 784              	.LVL45:
 785              		.loc 2 466 3 view .LVU202
 786              		.loc 2 466 3 is_stmt 0 view .LVU203
 787              		.thumb
 788              		.syntax unified
 789              	.LBE363:
 790              	.LBE362:
 278:Middlewares/Third_Party/FreeRTOS/Source/CMSIS_RTOS_V2/cmsis_os2.c ****     lock = (int32_t)osErrorISR;
 791              		.loc 1 278 7 view .LVU204
 792 001c EBB9     		cbnz	r3, .L70
 793              	.L65:
 282:Middlewares/Third_Party/FreeRTOS/Source/CMSIS_RTOS_V2/cmsis_os2.c ****       case taskSCHEDULER_SUSPENDED:
 794              		.loc 1 282 5 is_stmt 1 view .LVU205
 282:Middlewares/Third_Party/FreeRTOS/Source/CMSIS_RTOS_V2/cmsis_os2.c ****       case taskSCHEDULER_SUSPENDED:
 795              		.loc 1 282 13 is_stmt 0 view .LVU206
 796 001e FFF7FEFF 		bl	xTaskGetSchedulerState
 797              	.LVL46:
 282:Middlewares/Third_Party/FreeRTOS/Source/CMSIS_RTOS_V2/cmsis_os2.c ****       case taskSCHEDULER_SUSPENDED:
 798              		.loc 1 282 5 view .LVU207
 799 0022 08B1     		cbz	r0, .L66
 800 0024 0228     		cmp	r0, #2
 801 0026 1BD1     		bne	.L71
 802              	.L66:
 285:Middlewares/Third_Party/FreeRTOS/Source/CMSIS_RTOS_V2/cmsis_os2.c ****           vTaskSuspendAll();
 803              		.loc 1 285 9 is_stmt 1 view .LVU208
 285:Middlewares/Third_Party/FreeRTOS/Source/CMSIS_RTOS_V2/cmsis_os2.c ****           vTaskSuspendAll();
 804              		.loc 1 285 12 is_stmt 0 view .LVU209
 805 0028 012C     		cmp	r4, #1
 806 002a 06D0     		beq	.L75
 289:Middlewares/Third_Party/FreeRTOS/Source/CMSIS_RTOS_V2/cmsis_os2.c ****             lock = (int32_t)osError;
 807              		.loc 1 289 11 is_stmt 1 view .LVU210
 289:Middlewares/Third_Party/FreeRTOS/Source/CMSIS_RTOS_V2/cmsis_os2.c ****             lock = (int32_t)osError;
 808              		.loc 1 289 14 is_stmt 0 view .LVU211
 809 002c DCB9     		cbnz	r4, .L72
 293:Middlewares/Third_Party/FreeRTOS/Source/CMSIS_RTOS_V2/cmsis_os2.c ****               if (xTaskGetSchedulerState() != taskSCHEDULER_RUNNING) {
 810              		.loc 1 293 13 is_stmt 1 view .LVU212
 293:Middlewares/Third_Party/FreeRTOS/Source/CMSIS_RTOS_V2/cmsis_os2.c ****               if (xTaskGetSchedulerState() != taskSCHEDULER_RUNNING) {
 811              		.loc 1 293 17 is_stmt 0 view .LVU213
ARM GAS  C:\Users\31005\AppData\Local\Temp\ccDX7XtF.s 			page 41


 812 002e FFF7FEFF 		bl	xTaskResumeAll
 813              	.LVL47:
 293:Middlewares/Third_Party/FreeRTOS/Source/CMSIS_RTOS_V2/cmsis_os2.c ****               if (xTaskGetSchedulerState() != taskSCHEDULER_RUNNING) {
 814              		.loc 1 293 16 view .LVU214
 815 0032 0128     		cmp	r0, #1
 816 0034 04D1     		bne	.L76
 817              	.LVL48:
 818              	.L64:
 309:Middlewares/Third_Party/FreeRTOS/Source/CMSIS_RTOS_V2/cmsis_os2.c **** }
 819              		.loc 1 309 3 is_stmt 1 view .LVU215
 310:Middlewares/Third_Party/FreeRTOS/Source/CMSIS_RTOS_V2/cmsis_os2.c **** 
 820              		.loc 1 310 1 is_stmt 0 view .LVU216
 821 0036 2046     		mov	r0, r4
 822 0038 10BD     		pop	{r4, pc}
 823              	.LVL49:
 824              	.L75:
 286:Middlewares/Third_Party/FreeRTOS/Source/CMSIS_RTOS_V2/cmsis_os2.c ****         }
 825              		.loc 1 286 11 is_stmt 1 view .LVU217
 826 003a FFF7FEFF 		bl	vTaskSuspendAll
 827              	.LVL50:
 828 003e FAE7     		b	.L64
 829              	.L76:
 294:Middlewares/Third_Party/FreeRTOS/Source/CMSIS_RTOS_V2/cmsis_os2.c ****                 lock = (int32_t)osError;
 830              		.loc 1 294 15 view .LVU218
 294:Middlewares/Third_Party/FreeRTOS/Source/CMSIS_RTOS_V2/cmsis_os2.c ****                 lock = (int32_t)osError;
 831              		.loc 1 294 19 is_stmt 0 view .LVU219
 832 0040 FFF7FEFF 		bl	xTaskGetSchedulerState
 833              	.LVL51:
 294:Middlewares/Third_Party/FreeRTOS/Source/CMSIS_RTOS_V2/cmsis_os2.c ****                 lock = (int32_t)osError;
 834              		.loc 1 294 18 view .LVU220
 835 0044 0228     		cmp	r0, #2
 836 0046 F6D0     		beq	.L64
 295:Middlewares/Third_Party/FreeRTOS/Source/CMSIS_RTOS_V2/cmsis_os2.c ****               }
 837              		.loc 1 295 22 view .LVU221
 838 0048 4FF0FF34 		mov	r4, #-1
 839              	.LVL52:
 295:Middlewares/Third_Party/FreeRTOS/Source/CMSIS_RTOS_V2/cmsis_os2.c ****               }
 840              		.loc 1 295 22 view .LVU222
 841 004c F3E7     		b	.L64
 842              	.LVL53:
 843              	.L68:
 279:Middlewares/Third_Party/FreeRTOS/Source/CMSIS_RTOS_V2/cmsis_os2.c ****   }
 844              		.loc 1 279 10 view .LVU223
 845 004e 6FF00504 		mvn	r4, #5
 846 0052 F0E7     		b	.L64
 847              	.L69:
 279:Middlewares/Third_Party/FreeRTOS/Source/CMSIS_RTOS_V2/cmsis_os2.c ****   }
 848              		.loc 1 279 10 view .LVU224
 849 0054 6FF00504 		mvn	r4, #5
 850 0058 EDE7     		b	.L64
 851              	.L70:
 279:Middlewares/Third_Party/FreeRTOS/Source/CMSIS_RTOS_V2/cmsis_os2.c ****   }
 852              		.loc 1 279 10 view .LVU225
 853 005a 6FF00504 		mvn	r4, #5
 854 005e EAE7     		b	.L64
 855              	.LVL54:
 856              	.L71:
ARM GAS  C:\Users\31005\AppData\Local\Temp\ccDX7XtF.s 			page 42


 282:Middlewares/Third_Party/FreeRTOS/Source/CMSIS_RTOS_V2/cmsis_os2.c ****       case taskSCHEDULER_SUSPENDED:
 857              		.loc 1 282 5 view .LVU226
 858 0060 4FF0FF34 		mov	r4, #-1
 859              	.LVL55:
 282:Middlewares/Third_Party/FreeRTOS/Source/CMSIS_RTOS_V2/cmsis_os2.c ****       case taskSCHEDULER_SUSPENDED:
 860              		.loc 1 282 5 view .LVU227
 861 0064 E7E7     		b	.L64
 862              	.LVL56:
 863              	.L72:
 290:Middlewares/Third_Party/FreeRTOS/Source/CMSIS_RTOS_V2/cmsis_os2.c ****           }
 864              		.loc 1 290 18 view .LVU228
 865 0066 4FF0FF34 		mov	r4, #-1
 866              	.LVL57:
 290:Middlewares/Third_Party/FreeRTOS/Source/CMSIS_RTOS_V2/cmsis_os2.c ****           }
 867              		.loc 1 290 18 view .LVU229
 868 006a E4E7     		b	.L64
 869              	.L78:
 870              		.align	2
 871              	.L77:
 872 006c 00000000 		.word	KernelState
 873              		.cfi_endproc
 874              	.LFE112:
 876              		.section	.text.osKernelGetTickCount,"ax",%progbits
 877              		.align	1
 878              		.global	osKernelGetTickCount
 879              		.syntax unified
 880              		.thumb
 881              		.thumb_func
 883              	osKernelGetTickCount:
 884              	.LFB113:
 312:Middlewares/Third_Party/FreeRTOS/Source/CMSIS_RTOS_V2/cmsis_os2.c ****   TickType_t ticks;
 885              		.loc 1 312 38 is_stmt 1 view -0
 886              		.cfi_startproc
 887              		@ args = 0, pretend = 0, frame = 0
 888              		@ frame_needed = 0, uses_anonymous_args = 0
 889 0000 08B5     		push	{r3, lr}
 890              	.LCFI7:
 891              		.cfi_def_cfa_offset 8
 892              		.cfi_offset 3, -8
 893              		.cfi_offset 14, -4
 313:Middlewares/Third_Party/FreeRTOS/Source/CMSIS_RTOS_V2/cmsis_os2.c **** 
 894              		.loc 1 313 3 view .LVU231
 315:Middlewares/Third_Party/FreeRTOS/Source/CMSIS_RTOS_V2/cmsis_os2.c ****     ticks = xTaskGetTickCountFromISR();
 895              		.loc 1 315 3 view .LVU232
 896              	.LBB364:
 897              	.LBI364:
 205:Drivers/CMSIS/Include/cmsis_gcc.h **** {
 898              		.loc 2 205 31 view .LVU233
 899              	.LBB365:
 207:Drivers/CMSIS/Include/cmsis_gcc.h **** 
 900              		.loc 2 207 3 view .LVU234
 209:Drivers/CMSIS/Include/cmsis_gcc.h ****   return(result);
 901              		.loc 2 209 3 view .LVU235
 902              		.syntax unified
 903              	@ 209 "Drivers/CMSIS/Include/cmsis_gcc.h" 1
 904 0002 EFF30583 		MRS r3, ipsr
 905              	@ 0 "" 2
ARM GAS  C:\Users\31005\AppData\Local\Temp\ccDX7XtF.s 			page 43


 906              	.LVL58:
 210:Drivers/CMSIS/Include/cmsis_gcc.h **** }
 907              		.loc 2 210 3 view .LVU236
 210:Drivers/CMSIS/Include/cmsis_gcc.h **** }
 908              		.loc 2 210 3 is_stmt 0 view .LVU237
 909              		.thumb
 910              		.syntax unified
 911              	.LBE365:
 912              	.LBE364:
 315:Middlewares/Third_Party/FreeRTOS/Source/CMSIS_RTOS_V2/cmsis_os2.c ****     ticks = xTaskGetTickCountFromISR();
 913              		.loc 1 315 6 view .LVU238
 914 0006 4BB9     		cbnz	r3, .L80
 915              	.LBB366:
 916              	.LBI366:
 382:Drivers/CMSIS/Include/cmsis_gcc.h **** {
 917              		.loc 2 382 31 is_stmt 1 view .LVU239
 918              	.LBB367:
 384:Drivers/CMSIS/Include/cmsis_gcc.h **** 
 919              		.loc 2 384 3 view .LVU240
 386:Drivers/CMSIS/Include/cmsis_gcc.h ****   return(result);
 920              		.loc 2 386 3 view .LVU241
 921              		.syntax unified
 922              	@ 386 "Drivers/CMSIS/Include/cmsis_gcc.h" 1
 923 0008 EFF31083 		MRS r3, primask
 924              	@ 0 "" 2
 925              	.LVL59:
 387:Drivers/CMSIS/Include/cmsis_gcc.h **** }
 926              		.loc 2 387 3 view .LVU242
 387:Drivers/CMSIS/Include/cmsis_gcc.h **** }
 927              		.loc 2 387 3 is_stmt 0 view .LVU243
 928              		.thumb
 929              		.syntax unified
 930              	.LBE367:
 931              	.LBE366:
 315:Middlewares/Third_Party/FreeRTOS/Source/CMSIS_RTOS_V2/cmsis_os2.c ****     ticks = xTaskGetTickCountFromISR();
 932              		.loc 1 315 7 view .LVU244
 933 000c 33B9     		cbnz	r3, .L80
 315:Middlewares/Third_Party/FreeRTOS/Source/CMSIS_RTOS_V2/cmsis_os2.c ****     ticks = xTaskGetTickCountFromISR();
 934              		.loc 1 315 7 discriminator 2 view .LVU245
 935 000e 064B     		ldr	r3, .L84
 936 0010 1B68     		ldr	r3, [r3]
 937 0012 022B     		cmp	r3, #2
 938 0014 05D1     		bne	.L81
 939              	.LBB368:
 940              	.LBI368:
 461:Drivers/CMSIS/Include/cmsis_gcc.h **** {
 941              		.loc 2 461 31 is_stmt 1 view .LVU246
 942              	.LBB369:
 463:Drivers/CMSIS/Include/cmsis_gcc.h **** 
 943              		.loc 2 463 3 view .LVU247
 465:Drivers/CMSIS/Include/cmsis_gcc.h ****   return(result);
 944              		.loc 2 465 3 view .LVU248
 945              		.syntax unified
 946              	@ 465 "Drivers/CMSIS/Include/cmsis_gcc.h" 1
 947 0016 EFF31183 		MRS r3, basepri
 948              	@ 0 "" 2
 949              	.LVL60:
ARM GAS  C:\Users\31005\AppData\Local\Temp\ccDX7XtF.s 			page 44


 950              		.loc 2 466 3 view .LVU249
 951              		.loc 2 466 3 is_stmt 0 view .LVU250
 952              		.thumb
 953              		.syntax unified
 954              	.LBE369:
 955              	.LBE368:
 315:Middlewares/Third_Party/FreeRTOS/Source/CMSIS_RTOS_V2/cmsis_os2.c ****     ticks = xTaskGetTickCountFromISR();
 956              		.loc 1 315 7 view .LVU251
 957 001a 13B1     		cbz	r3, .L81
 958              	.L80:
 316:Middlewares/Third_Party/FreeRTOS/Source/CMSIS_RTOS_V2/cmsis_os2.c ****   } else {
 959              		.loc 1 316 5 is_stmt 1 view .LVU252
 316:Middlewares/Third_Party/FreeRTOS/Source/CMSIS_RTOS_V2/cmsis_os2.c ****   } else {
 960              		.loc 1 316 13 is_stmt 0 view .LVU253
 961 001c FFF7FEFF 		bl	xTaskGetTickCountFromISR
 962              	.LVL61:
 963              	.L79:
 322:Middlewares/Third_Party/FreeRTOS/Source/CMSIS_RTOS_V2/cmsis_os2.c **** 
 964              		.loc 1 322 1 view .LVU254
 965 0020 08BD     		pop	{r3, pc}
 966              	.LVL62:
 967              	.L81:
 318:Middlewares/Third_Party/FreeRTOS/Source/CMSIS_RTOS_V2/cmsis_os2.c ****   }
 968              		.loc 1 318 5 is_stmt 1 view .LVU255
 318:Middlewares/Third_Party/FreeRTOS/Source/CMSIS_RTOS_V2/cmsis_os2.c ****   }
 969              		.loc 1 318 13 is_stmt 0 view .LVU256
 970 0022 FFF7FEFF 		bl	xTaskGetTickCount
 971              	.LVL63:
 321:Middlewares/Third_Party/FreeRTOS/Source/CMSIS_RTOS_V2/cmsis_os2.c **** }
 972              		.loc 1 321 3 is_stmt 1 view .LVU257
 321:Middlewares/Third_Party/FreeRTOS/Source/CMSIS_RTOS_V2/cmsis_os2.c **** }
 973              		.loc 1 321 10 is_stmt 0 view .LVU258
 974 0026 FBE7     		b	.L79
 975              	.L85:
 976              		.align	2
 977              	.L84:
 978 0028 00000000 		.word	KernelState
 979              		.cfi_endproc
 980              	.LFE113:
 982              		.section	.text.osKernelGetTickFreq,"ax",%progbits
 983              		.align	1
 984              		.global	osKernelGetTickFreq
 985              		.syntax unified
 986              		.thumb
 987              		.thumb_func
 989              	osKernelGetTickFreq:
 990              	.LFB114:
 324:Middlewares/Third_Party/FreeRTOS/Source/CMSIS_RTOS_V2/cmsis_os2.c ****   return (configTICK_RATE_HZ);
 991              		.loc 1 324 37 is_stmt 1 view -0
 992              		.cfi_startproc
 993              		@ args = 0, pretend = 0, frame = 0
 994              		@ frame_needed = 0, uses_anonymous_args = 0
 995              		@ link register save eliminated.
 325:Middlewares/Third_Party/FreeRTOS/Source/CMSIS_RTOS_V2/cmsis_os2.c **** }
 996              		.loc 1 325 3 view .LVU260
 326:Middlewares/Third_Party/FreeRTOS/Source/CMSIS_RTOS_V2/cmsis_os2.c **** 
 997              		.loc 1 326 1 is_stmt 0 view .LVU261
ARM GAS  C:\Users\31005\AppData\Local\Temp\ccDX7XtF.s 			page 45


 998 0000 4FF47A70 		mov	r0, #1000
 999 0004 7047     		bx	lr
 1000              		.cfi_endproc
 1001              	.LFE114:
 1003              		.section	.text.osKernelGetSysTimerCount,"ax",%progbits
 1004              		.align	1
 1005              		.global	osKernelGetSysTimerCount
 1006              		.syntax unified
 1007              		.thumb
 1008              		.thumb_func
 1010              	osKernelGetSysTimerCount:
 1011              	.LFB115:
 328:Middlewares/Third_Party/FreeRTOS/Source/CMSIS_RTOS_V2/cmsis_os2.c ****   TickType_t ticks;
 1012              		.loc 1 328 42 is_stmt 1 view -0
 1013              		.cfi_startproc
 1014              		@ args = 0, pretend = 0, frame = 0
 1015              		@ frame_needed = 0, uses_anonymous_args = 0
 1016 0000 08B5     		push	{r3, lr}
 1017              	.LCFI8:
 1018              		.cfi_def_cfa_offset 8
 1019              		.cfi_offset 3, -8
 1020              		.cfi_offset 14, -4
 329:Middlewares/Third_Party/FreeRTOS/Source/CMSIS_RTOS_V2/cmsis_os2.c ****   uint32_t val;
 1021              		.loc 1 329 3 view .LVU263
 330:Middlewares/Third_Party/FreeRTOS/Source/CMSIS_RTOS_V2/cmsis_os2.c **** 
 1022              		.loc 1 330 3 view .LVU264
 332:Middlewares/Third_Party/FreeRTOS/Source/CMSIS_RTOS_V2/cmsis_os2.c **** 
 1023              		.loc 1 332 3 view .LVU265
 1024              	.LBB370:
 1025              	.LBI370:
 1026              		.file 3 "Middlewares/Third_Party/FreeRTOS/Source/portable/GCC/ARM_CM4F/portmacro.h"
   1:Middlewares/Third_Party/FreeRTOS/Source/portable/GCC/ARM_CM4F/portmacro.h **** /*
   2:Middlewares/Third_Party/FreeRTOS/Source/portable/GCC/ARM_CM4F/portmacro.h ****  * FreeRTOS Kernel V10.0.1
   3:Middlewares/Third_Party/FreeRTOS/Source/portable/GCC/ARM_CM4F/portmacro.h ****  * Copyright (C) 2017 Amazon.com, Inc. or its affiliates.  All Rights Reserved.
   4:Middlewares/Third_Party/FreeRTOS/Source/portable/GCC/ARM_CM4F/portmacro.h ****  *
   5:Middlewares/Third_Party/FreeRTOS/Source/portable/GCC/ARM_CM4F/portmacro.h ****  * Permission is hereby granted, free of charge, to any person obtaining a copy of
   6:Middlewares/Third_Party/FreeRTOS/Source/portable/GCC/ARM_CM4F/portmacro.h ****  * this software and associated documentation files (the "Software"), to deal in
   7:Middlewares/Third_Party/FreeRTOS/Source/portable/GCC/ARM_CM4F/portmacro.h ****  * the Software without restriction, including without limitation the rights to
   8:Middlewares/Third_Party/FreeRTOS/Source/portable/GCC/ARM_CM4F/portmacro.h ****  * use, copy, modify, merge, publish, distribute, sublicense, and/or sell copies of
   9:Middlewares/Third_Party/FreeRTOS/Source/portable/GCC/ARM_CM4F/portmacro.h ****  * the Software, and to permit persons to whom the Software is furnished to do so,
  10:Middlewares/Third_Party/FreeRTOS/Source/portable/GCC/ARM_CM4F/portmacro.h ****  * subject to the following conditions:
  11:Middlewares/Third_Party/FreeRTOS/Source/portable/GCC/ARM_CM4F/portmacro.h ****  *
  12:Middlewares/Third_Party/FreeRTOS/Source/portable/GCC/ARM_CM4F/portmacro.h ****  * The above copyright notice and this permission notice shall be included in all
  13:Middlewares/Third_Party/FreeRTOS/Source/portable/GCC/ARM_CM4F/portmacro.h ****  * copies or substantial portions of the Software.
  14:Middlewares/Third_Party/FreeRTOS/Source/portable/GCC/ARM_CM4F/portmacro.h ****  *
  15:Middlewares/Third_Party/FreeRTOS/Source/portable/GCC/ARM_CM4F/portmacro.h ****  * THE SOFTWARE IS PROVIDED "AS IS", WITHOUT WARRANTY OF ANY KIND, EXPRESS OR
  16:Middlewares/Third_Party/FreeRTOS/Source/portable/GCC/ARM_CM4F/portmacro.h ****  * IMPLIED, INCLUDING BUT NOT LIMITED TO THE WARRANTIES OF MERCHANTABILITY, FITNESS
  17:Middlewares/Third_Party/FreeRTOS/Source/portable/GCC/ARM_CM4F/portmacro.h ****  * FOR A PARTICULAR PURPOSE AND NONINFRINGEMENT. IN NO EVENT SHALL THE AUTHORS OR
  18:Middlewares/Third_Party/FreeRTOS/Source/portable/GCC/ARM_CM4F/portmacro.h ****  * COPYRIGHT HOLDERS BE LIABLE FOR ANY CLAIM, DAMAGES OR OTHER LIABILITY, WHETHER
  19:Middlewares/Third_Party/FreeRTOS/Source/portable/GCC/ARM_CM4F/portmacro.h ****  * IN AN ACTION OF CONTRACT, TORT OR OTHERWISE, ARISING FROM, OUT OF OR IN
  20:Middlewares/Third_Party/FreeRTOS/Source/portable/GCC/ARM_CM4F/portmacro.h ****  * CONNECTION WITH THE SOFTWARE OR THE USE OR OTHER DEALINGS IN THE SOFTWARE.
  21:Middlewares/Third_Party/FreeRTOS/Source/portable/GCC/ARM_CM4F/portmacro.h ****  *
  22:Middlewares/Third_Party/FreeRTOS/Source/portable/GCC/ARM_CM4F/portmacro.h ****  * http://www.FreeRTOS.org
  23:Middlewares/Third_Party/FreeRTOS/Source/portable/GCC/ARM_CM4F/portmacro.h ****  * http://aws.amazon.com/freertos
  24:Middlewares/Third_Party/FreeRTOS/Source/portable/GCC/ARM_CM4F/portmacro.h ****  *
  25:Middlewares/Third_Party/FreeRTOS/Source/portable/GCC/ARM_CM4F/portmacro.h ****  * 1 tab == 4 spaces!
  26:Middlewares/Third_Party/FreeRTOS/Source/portable/GCC/ARM_CM4F/portmacro.h ****  */
ARM GAS  C:\Users\31005\AppData\Local\Temp\ccDX7XtF.s 			page 46


  27:Middlewares/Third_Party/FreeRTOS/Source/portable/GCC/ARM_CM4F/portmacro.h **** 
  28:Middlewares/Third_Party/FreeRTOS/Source/portable/GCC/ARM_CM4F/portmacro.h **** 
  29:Middlewares/Third_Party/FreeRTOS/Source/portable/GCC/ARM_CM4F/portmacro.h **** #ifndef PORTMACRO_H
  30:Middlewares/Third_Party/FreeRTOS/Source/portable/GCC/ARM_CM4F/portmacro.h **** #define PORTMACRO_H
  31:Middlewares/Third_Party/FreeRTOS/Source/portable/GCC/ARM_CM4F/portmacro.h **** 
  32:Middlewares/Third_Party/FreeRTOS/Source/portable/GCC/ARM_CM4F/portmacro.h **** #ifdef __cplusplus
  33:Middlewares/Third_Party/FreeRTOS/Source/portable/GCC/ARM_CM4F/portmacro.h **** extern "C" {
  34:Middlewares/Third_Party/FreeRTOS/Source/portable/GCC/ARM_CM4F/portmacro.h **** #endif
  35:Middlewares/Third_Party/FreeRTOS/Source/portable/GCC/ARM_CM4F/portmacro.h **** 
  36:Middlewares/Third_Party/FreeRTOS/Source/portable/GCC/ARM_CM4F/portmacro.h **** /*-----------------------------------------------------------
  37:Middlewares/Third_Party/FreeRTOS/Source/portable/GCC/ARM_CM4F/portmacro.h ****  * Port specific definitions.
  38:Middlewares/Third_Party/FreeRTOS/Source/portable/GCC/ARM_CM4F/portmacro.h ****  *
  39:Middlewares/Third_Party/FreeRTOS/Source/portable/GCC/ARM_CM4F/portmacro.h ****  * The settings in this file configure FreeRTOS correctly for the
  40:Middlewares/Third_Party/FreeRTOS/Source/portable/GCC/ARM_CM4F/portmacro.h ****  * given hardware and compiler.
  41:Middlewares/Third_Party/FreeRTOS/Source/portable/GCC/ARM_CM4F/portmacro.h ****  *
  42:Middlewares/Third_Party/FreeRTOS/Source/portable/GCC/ARM_CM4F/portmacro.h ****  * These settings should not be altered.
  43:Middlewares/Third_Party/FreeRTOS/Source/portable/GCC/ARM_CM4F/portmacro.h ****  *-----------------------------------------------------------
  44:Middlewares/Third_Party/FreeRTOS/Source/portable/GCC/ARM_CM4F/portmacro.h ****  */
  45:Middlewares/Third_Party/FreeRTOS/Source/portable/GCC/ARM_CM4F/portmacro.h **** 
  46:Middlewares/Third_Party/FreeRTOS/Source/portable/GCC/ARM_CM4F/portmacro.h **** /* Type definitions. */
  47:Middlewares/Third_Party/FreeRTOS/Source/portable/GCC/ARM_CM4F/portmacro.h **** #define portCHAR		char
  48:Middlewares/Third_Party/FreeRTOS/Source/portable/GCC/ARM_CM4F/portmacro.h **** #define portFLOAT		float
  49:Middlewares/Third_Party/FreeRTOS/Source/portable/GCC/ARM_CM4F/portmacro.h **** #define portDOUBLE		double
  50:Middlewares/Third_Party/FreeRTOS/Source/portable/GCC/ARM_CM4F/portmacro.h **** #define portLONG		long
  51:Middlewares/Third_Party/FreeRTOS/Source/portable/GCC/ARM_CM4F/portmacro.h **** #define portSHORT		short
  52:Middlewares/Third_Party/FreeRTOS/Source/portable/GCC/ARM_CM4F/portmacro.h **** #define portSTACK_TYPE	uint32_t
  53:Middlewares/Third_Party/FreeRTOS/Source/portable/GCC/ARM_CM4F/portmacro.h **** #define portBASE_TYPE	long
  54:Middlewares/Third_Party/FreeRTOS/Source/portable/GCC/ARM_CM4F/portmacro.h **** 
  55:Middlewares/Third_Party/FreeRTOS/Source/portable/GCC/ARM_CM4F/portmacro.h **** typedef portSTACK_TYPE StackType_t;
  56:Middlewares/Third_Party/FreeRTOS/Source/portable/GCC/ARM_CM4F/portmacro.h **** typedef long BaseType_t;
  57:Middlewares/Third_Party/FreeRTOS/Source/portable/GCC/ARM_CM4F/portmacro.h **** typedef unsigned long UBaseType_t;
  58:Middlewares/Third_Party/FreeRTOS/Source/portable/GCC/ARM_CM4F/portmacro.h **** 
  59:Middlewares/Third_Party/FreeRTOS/Source/portable/GCC/ARM_CM4F/portmacro.h **** #if( configUSE_16_BIT_TICKS == 1 )
  60:Middlewares/Third_Party/FreeRTOS/Source/portable/GCC/ARM_CM4F/portmacro.h **** 	typedef uint16_t TickType_t;
  61:Middlewares/Third_Party/FreeRTOS/Source/portable/GCC/ARM_CM4F/portmacro.h **** 	#define portMAX_DELAY ( TickType_t ) 0xffff
  62:Middlewares/Third_Party/FreeRTOS/Source/portable/GCC/ARM_CM4F/portmacro.h **** #else
  63:Middlewares/Third_Party/FreeRTOS/Source/portable/GCC/ARM_CM4F/portmacro.h **** 	typedef uint32_t TickType_t;
  64:Middlewares/Third_Party/FreeRTOS/Source/portable/GCC/ARM_CM4F/portmacro.h **** 	#define portMAX_DELAY ( TickType_t ) 0xffffffffUL
  65:Middlewares/Third_Party/FreeRTOS/Source/portable/GCC/ARM_CM4F/portmacro.h **** 
  66:Middlewares/Third_Party/FreeRTOS/Source/portable/GCC/ARM_CM4F/portmacro.h **** 	/* 32-bit tick type on a 32-bit architecture, so reads of the tick count do
  67:Middlewares/Third_Party/FreeRTOS/Source/portable/GCC/ARM_CM4F/portmacro.h **** 	not need to be guarded with a critical section. */
  68:Middlewares/Third_Party/FreeRTOS/Source/portable/GCC/ARM_CM4F/portmacro.h **** 	#define portTICK_TYPE_IS_ATOMIC 1
  69:Middlewares/Third_Party/FreeRTOS/Source/portable/GCC/ARM_CM4F/portmacro.h **** #endif
  70:Middlewares/Third_Party/FreeRTOS/Source/portable/GCC/ARM_CM4F/portmacro.h **** /*-----------------------------------------------------------*/
  71:Middlewares/Third_Party/FreeRTOS/Source/portable/GCC/ARM_CM4F/portmacro.h **** 
  72:Middlewares/Third_Party/FreeRTOS/Source/portable/GCC/ARM_CM4F/portmacro.h **** /* Architecture specifics. */
  73:Middlewares/Third_Party/FreeRTOS/Source/portable/GCC/ARM_CM4F/portmacro.h **** #define portSTACK_GROWTH			( -1 )
  74:Middlewares/Third_Party/FreeRTOS/Source/portable/GCC/ARM_CM4F/portmacro.h **** #define portTICK_PERIOD_MS			( ( TickType_t ) 1000 / configTICK_RATE_HZ )
  75:Middlewares/Third_Party/FreeRTOS/Source/portable/GCC/ARM_CM4F/portmacro.h **** #define portBYTE_ALIGNMENT			8
  76:Middlewares/Third_Party/FreeRTOS/Source/portable/GCC/ARM_CM4F/portmacro.h **** /*-----------------------------------------------------------*/
  77:Middlewares/Third_Party/FreeRTOS/Source/portable/GCC/ARM_CM4F/portmacro.h **** 
  78:Middlewares/Third_Party/FreeRTOS/Source/portable/GCC/ARM_CM4F/portmacro.h **** /* Scheduler utilities. */
  79:Middlewares/Third_Party/FreeRTOS/Source/portable/GCC/ARM_CM4F/portmacro.h **** #define portYIELD() 															\
  80:Middlewares/Third_Party/FreeRTOS/Source/portable/GCC/ARM_CM4F/portmacro.h **** {																				\
  81:Middlewares/Third_Party/FreeRTOS/Source/portable/GCC/ARM_CM4F/portmacro.h **** 	/* Set a PendSV to request a context switch. */								\
  82:Middlewares/Third_Party/FreeRTOS/Source/portable/GCC/ARM_CM4F/portmacro.h **** 	portNVIC_INT_CTRL_REG = portNVIC_PENDSVSET_BIT;								\
  83:Middlewares/Third_Party/FreeRTOS/Source/portable/GCC/ARM_CM4F/portmacro.h **** 																				\
ARM GAS  C:\Users\31005\AppData\Local\Temp\ccDX7XtF.s 			page 47


  84:Middlewares/Third_Party/FreeRTOS/Source/portable/GCC/ARM_CM4F/portmacro.h **** 	/* Barriers are normally not required but do ensure the code is completely	\
  85:Middlewares/Third_Party/FreeRTOS/Source/portable/GCC/ARM_CM4F/portmacro.h **** 	within the specified behaviour for the architecture. */						\
  86:Middlewares/Third_Party/FreeRTOS/Source/portable/GCC/ARM_CM4F/portmacro.h **** 	__asm volatile( "dsb" ::: "memory" );										\
  87:Middlewares/Third_Party/FreeRTOS/Source/portable/GCC/ARM_CM4F/portmacro.h **** 	__asm volatile( "isb" );													\
  88:Middlewares/Third_Party/FreeRTOS/Source/portable/GCC/ARM_CM4F/portmacro.h **** }
  89:Middlewares/Third_Party/FreeRTOS/Source/portable/GCC/ARM_CM4F/portmacro.h **** 
  90:Middlewares/Third_Party/FreeRTOS/Source/portable/GCC/ARM_CM4F/portmacro.h **** #define portNVIC_INT_CTRL_REG		( * ( ( volatile uint32_t * ) 0xe000ed04 ) )
  91:Middlewares/Third_Party/FreeRTOS/Source/portable/GCC/ARM_CM4F/portmacro.h **** #define portNVIC_PENDSVSET_BIT		( 1UL << 28UL )
  92:Middlewares/Third_Party/FreeRTOS/Source/portable/GCC/ARM_CM4F/portmacro.h **** #define portEND_SWITCHING_ISR( xSwitchRequired ) if( xSwitchRequired != pdFALSE ) portYIELD()
  93:Middlewares/Third_Party/FreeRTOS/Source/portable/GCC/ARM_CM4F/portmacro.h **** #define portYIELD_FROM_ISR( x ) portEND_SWITCHING_ISR( x )
  94:Middlewares/Third_Party/FreeRTOS/Source/portable/GCC/ARM_CM4F/portmacro.h **** /*-----------------------------------------------------------*/
  95:Middlewares/Third_Party/FreeRTOS/Source/portable/GCC/ARM_CM4F/portmacro.h **** 
  96:Middlewares/Third_Party/FreeRTOS/Source/portable/GCC/ARM_CM4F/portmacro.h **** /* Critical section management. */
  97:Middlewares/Third_Party/FreeRTOS/Source/portable/GCC/ARM_CM4F/portmacro.h **** extern void vPortEnterCritical( void );
  98:Middlewares/Third_Party/FreeRTOS/Source/portable/GCC/ARM_CM4F/portmacro.h **** extern void vPortExitCritical( void );
  99:Middlewares/Third_Party/FreeRTOS/Source/portable/GCC/ARM_CM4F/portmacro.h **** #define portSET_INTERRUPT_MASK_FROM_ISR()		ulPortRaiseBASEPRI()
 100:Middlewares/Third_Party/FreeRTOS/Source/portable/GCC/ARM_CM4F/portmacro.h **** #define portCLEAR_INTERRUPT_MASK_FROM_ISR(x)	vPortSetBASEPRI(x)
 101:Middlewares/Third_Party/FreeRTOS/Source/portable/GCC/ARM_CM4F/portmacro.h **** #define portDISABLE_INTERRUPTS()				vPortRaiseBASEPRI()
 102:Middlewares/Third_Party/FreeRTOS/Source/portable/GCC/ARM_CM4F/portmacro.h **** #define portENABLE_INTERRUPTS()					vPortSetBASEPRI(0)
 103:Middlewares/Third_Party/FreeRTOS/Source/portable/GCC/ARM_CM4F/portmacro.h **** #define portENTER_CRITICAL()					vPortEnterCritical()
 104:Middlewares/Third_Party/FreeRTOS/Source/portable/GCC/ARM_CM4F/portmacro.h **** #define portEXIT_CRITICAL()						vPortExitCritical()
 105:Middlewares/Third_Party/FreeRTOS/Source/portable/GCC/ARM_CM4F/portmacro.h **** 
 106:Middlewares/Third_Party/FreeRTOS/Source/portable/GCC/ARM_CM4F/portmacro.h **** /*-----------------------------------------------------------*/
 107:Middlewares/Third_Party/FreeRTOS/Source/portable/GCC/ARM_CM4F/portmacro.h **** 
 108:Middlewares/Third_Party/FreeRTOS/Source/portable/GCC/ARM_CM4F/portmacro.h **** /* Task function macros as described on the FreeRTOS.org WEB site.  These are
 109:Middlewares/Third_Party/FreeRTOS/Source/portable/GCC/ARM_CM4F/portmacro.h **** not necessary for to use this port.  They are defined so the common demo files
 110:Middlewares/Third_Party/FreeRTOS/Source/portable/GCC/ARM_CM4F/portmacro.h **** (which build with all the ports) will build. */
 111:Middlewares/Third_Party/FreeRTOS/Source/portable/GCC/ARM_CM4F/portmacro.h **** #define portTASK_FUNCTION_PROTO( vFunction, pvParameters ) void vFunction( void *pvParameters )
 112:Middlewares/Third_Party/FreeRTOS/Source/portable/GCC/ARM_CM4F/portmacro.h **** #define portTASK_FUNCTION( vFunction, pvParameters ) void vFunction( void *pvParameters )
 113:Middlewares/Third_Party/FreeRTOS/Source/portable/GCC/ARM_CM4F/portmacro.h **** /*-----------------------------------------------------------*/
 114:Middlewares/Third_Party/FreeRTOS/Source/portable/GCC/ARM_CM4F/portmacro.h **** 
 115:Middlewares/Third_Party/FreeRTOS/Source/portable/GCC/ARM_CM4F/portmacro.h **** /* Tickless idle/low power functionality. */
 116:Middlewares/Third_Party/FreeRTOS/Source/portable/GCC/ARM_CM4F/portmacro.h **** #ifndef portSUPPRESS_TICKS_AND_SLEEP
 117:Middlewares/Third_Party/FreeRTOS/Source/portable/GCC/ARM_CM4F/portmacro.h **** 	extern void vPortSuppressTicksAndSleep( TickType_t xExpectedIdleTime );
 118:Middlewares/Third_Party/FreeRTOS/Source/portable/GCC/ARM_CM4F/portmacro.h **** 	#define portSUPPRESS_TICKS_AND_SLEEP( xExpectedIdleTime ) vPortSuppressTicksAndSleep( xExpectedIdl
 119:Middlewares/Third_Party/FreeRTOS/Source/portable/GCC/ARM_CM4F/portmacro.h **** #endif
 120:Middlewares/Third_Party/FreeRTOS/Source/portable/GCC/ARM_CM4F/portmacro.h **** /*-----------------------------------------------------------*/
 121:Middlewares/Third_Party/FreeRTOS/Source/portable/GCC/ARM_CM4F/portmacro.h **** 
 122:Middlewares/Third_Party/FreeRTOS/Source/portable/GCC/ARM_CM4F/portmacro.h **** /* Architecture specific optimisations. */
 123:Middlewares/Third_Party/FreeRTOS/Source/portable/GCC/ARM_CM4F/portmacro.h **** #ifndef configUSE_PORT_OPTIMISED_TASK_SELECTION
 124:Middlewares/Third_Party/FreeRTOS/Source/portable/GCC/ARM_CM4F/portmacro.h **** 	#define configUSE_PORT_OPTIMISED_TASK_SELECTION 1
 125:Middlewares/Third_Party/FreeRTOS/Source/portable/GCC/ARM_CM4F/portmacro.h **** #endif
 126:Middlewares/Third_Party/FreeRTOS/Source/portable/GCC/ARM_CM4F/portmacro.h **** 
 127:Middlewares/Third_Party/FreeRTOS/Source/portable/GCC/ARM_CM4F/portmacro.h **** #if configUSE_PORT_OPTIMISED_TASK_SELECTION == 1
 128:Middlewares/Third_Party/FreeRTOS/Source/portable/GCC/ARM_CM4F/portmacro.h **** 
 129:Middlewares/Third_Party/FreeRTOS/Source/portable/GCC/ARM_CM4F/portmacro.h **** 	/* Generic helper function. */
 130:Middlewares/Third_Party/FreeRTOS/Source/portable/GCC/ARM_CM4F/portmacro.h **** 	__attribute__( ( always_inline ) ) static inline uint8_t ucPortCountLeadingZeros( uint32_t ulBitma
 131:Middlewares/Third_Party/FreeRTOS/Source/portable/GCC/ARM_CM4F/portmacro.h **** 	{
 132:Middlewares/Third_Party/FreeRTOS/Source/portable/GCC/ARM_CM4F/portmacro.h **** 	uint8_t ucReturn;
 133:Middlewares/Third_Party/FreeRTOS/Source/portable/GCC/ARM_CM4F/portmacro.h **** 
 134:Middlewares/Third_Party/FreeRTOS/Source/portable/GCC/ARM_CM4F/portmacro.h **** 		__asm volatile ( "clz %0, %1" : "=r" ( ucReturn ) : "r" ( ulBitmap ) : "memory" );
 135:Middlewares/Third_Party/FreeRTOS/Source/portable/GCC/ARM_CM4F/portmacro.h **** 		return ucReturn;
 136:Middlewares/Third_Party/FreeRTOS/Source/portable/GCC/ARM_CM4F/portmacro.h **** 	}
 137:Middlewares/Third_Party/FreeRTOS/Source/portable/GCC/ARM_CM4F/portmacro.h **** 
 138:Middlewares/Third_Party/FreeRTOS/Source/portable/GCC/ARM_CM4F/portmacro.h **** 	/* Check the configuration. */
 139:Middlewares/Third_Party/FreeRTOS/Source/portable/GCC/ARM_CM4F/portmacro.h **** 	#if( configMAX_PRIORITIES > 32 )
 140:Middlewares/Third_Party/FreeRTOS/Source/portable/GCC/ARM_CM4F/portmacro.h **** 		#error configUSE_PORT_OPTIMISED_TASK_SELECTION can only be set to 1 when configMAX_PRIORITIES is 
ARM GAS  C:\Users\31005\AppData\Local\Temp\ccDX7XtF.s 			page 48


 141:Middlewares/Third_Party/FreeRTOS/Source/portable/GCC/ARM_CM4F/portmacro.h **** 	#endif
 142:Middlewares/Third_Party/FreeRTOS/Source/portable/GCC/ARM_CM4F/portmacro.h **** 
 143:Middlewares/Third_Party/FreeRTOS/Source/portable/GCC/ARM_CM4F/portmacro.h **** 	/* Store/clear the ready priorities in a bit map. */
 144:Middlewares/Third_Party/FreeRTOS/Source/portable/GCC/ARM_CM4F/portmacro.h **** 	#define portRECORD_READY_PRIORITY( uxPriority, uxReadyPriorities ) ( uxReadyPriorities ) |= ( 1UL 
 145:Middlewares/Third_Party/FreeRTOS/Source/portable/GCC/ARM_CM4F/portmacro.h **** 	#define portRESET_READY_PRIORITY( uxPriority, uxReadyPriorities ) ( uxReadyPriorities ) &= ~( 1UL 
 146:Middlewares/Third_Party/FreeRTOS/Source/portable/GCC/ARM_CM4F/portmacro.h **** 
 147:Middlewares/Third_Party/FreeRTOS/Source/portable/GCC/ARM_CM4F/portmacro.h **** 	/*-----------------------------------------------------------*/
 148:Middlewares/Third_Party/FreeRTOS/Source/portable/GCC/ARM_CM4F/portmacro.h **** 
 149:Middlewares/Third_Party/FreeRTOS/Source/portable/GCC/ARM_CM4F/portmacro.h **** 	#define portGET_HIGHEST_PRIORITY( uxTopPriority, uxReadyPriorities ) uxTopPriority = ( 31UL - ( ui
 150:Middlewares/Third_Party/FreeRTOS/Source/portable/GCC/ARM_CM4F/portmacro.h **** 
 151:Middlewares/Third_Party/FreeRTOS/Source/portable/GCC/ARM_CM4F/portmacro.h **** #endif /* configUSE_PORT_OPTIMISED_TASK_SELECTION */
 152:Middlewares/Third_Party/FreeRTOS/Source/portable/GCC/ARM_CM4F/portmacro.h **** 
 153:Middlewares/Third_Party/FreeRTOS/Source/portable/GCC/ARM_CM4F/portmacro.h **** /*-----------------------------------------------------------*/
 154:Middlewares/Third_Party/FreeRTOS/Source/portable/GCC/ARM_CM4F/portmacro.h **** 
 155:Middlewares/Third_Party/FreeRTOS/Source/portable/GCC/ARM_CM4F/portmacro.h **** #ifdef configASSERT
 156:Middlewares/Third_Party/FreeRTOS/Source/portable/GCC/ARM_CM4F/portmacro.h **** 	void vPortValidateInterruptPriority( void );
 157:Middlewares/Third_Party/FreeRTOS/Source/portable/GCC/ARM_CM4F/portmacro.h **** 	#define portASSERT_IF_INTERRUPT_PRIORITY_INVALID() 	vPortValidateInterruptPriority()
 158:Middlewares/Third_Party/FreeRTOS/Source/portable/GCC/ARM_CM4F/portmacro.h **** #endif
 159:Middlewares/Third_Party/FreeRTOS/Source/portable/GCC/ARM_CM4F/portmacro.h **** 
 160:Middlewares/Third_Party/FreeRTOS/Source/portable/GCC/ARM_CM4F/portmacro.h **** /* portNOP() is not required by this port. */
 161:Middlewares/Third_Party/FreeRTOS/Source/portable/GCC/ARM_CM4F/portmacro.h **** #define portNOP()
 162:Middlewares/Third_Party/FreeRTOS/Source/portable/GCC/ARM_CM4F/portmacro.h **** 
 163:Middlewares/Third_Party/FreeRTOS/Source/portable/GCC/ARM_CM4F/portmacro.h **** #define portINLINE	__inline
 164:Middlewares/Third_Party/FreeRTOS/Source/portable/GCC/ARM_CM4F/portmacro.h **** 
 165:Middlewares/Third_Party/FreeRTOS/Source/portable/GCC/ARM_CM4F/portmacro.h **** #ifndef portFORCE_INLINE
 166:Middlewares/Third_Party/FreeRTOS/Source/portable/GCC/ARM_CM4F/portmacro.h **** 	#define portFORCE_INLINE inline __attribute__(( always_inline))
 167:Middlewares/Third_Party/FreeRTOS/Source/portable/GCC/ARM_CM4F/portmacro.h **** #endif
 168:Middlewares/Third_Party/FreeRTOS/Source/portable/GCC/ARM_CM4F/portmacro.h **** 
 169:Middlewares/Third_Party/FreeRTOS/Source/portable/GCC/ARM_CM4F/portmacro.h **** portFORCE_INLINE static BaseType_t xPortIsInsideInterrupt( void )
 170:Middlewares/Third_Party/FreeRTOS/Source/portable/GCC/ARM_CM4F/portmacro.h **** {
 171:Middlewares/Third_Party/FreeRTOS/Source/portable/GCC/ARM_CM4F/portmacro.h **** uint32_t ulCurrentInterrupt;
 172:Middlewares/Third_Party/FreeRTOS/Source/portable/GCC/ARM_CM4F/portmacro.h **** BaseType_t xReturn;
 173:Middlewares/Third_Party/FreeRTOS/Source/portable/GCC/ARM_CM4F/portmacro.h **** 
 174:Middlewares/Third_Party/FreeRTOS/Source/portable/GCC/ARM_CM4F/portmacro.h **** 	/* Obtain the number of the currently executing interrupt. */
 175:Middlewares/Third_Party/FreeRTOS/Source/portable/GCC/ARM_CM4F/portmacro.h **** 	__asm volatile( "mrs %0, ipsr" : "=r"( ulCurrentInterrupt ) :: "memory" );
 176:Middlewares/Third_Party/FreeRTOS/Source/portable/GCC/ARM_CM4F/portmacro.h **** 
 177:Middlewares/Third_Party/FreeRTOS/Source/portable/GCC/ARM_CM4F/portmacro.h **** 	if( ulCurrentInterrupt == 0 )
 178:Middlewares/Third_Party/FreeRTOS/Source/portable/GCC/ARM_CM4F/portmacro.h **** 	{
 179:Middlewares/Third_Party/FreeRTOS/Source/portable/GCC/ARM_CM4F/portmacro.h **** 		xReturn = pdFALSE;
 180:Middlewares/Third_Party/FreeRTOS/Source/portable/GCC/ARM_CM4F/portmacro.h **** 	}
 181:Middlewares/Third_Party/FreeRTOS/Source/portable/GCC/ARM_CM4F/portmacro.h **** 	else
 182:Middlewares/Third_Party/FreeRTOS/Source/portable/GCC/ARM_CM4F/portmacro.h **** 	{
 183:Middlewares/Third_Party/FreeRTOS/Source/portable/GCC/ARM_CM4F/portmacro.h **** 		xReturn = pdTRUE;
 184:Middlewares/Third_Party/FreeRTOS/Source/portable/GCC/ARM_CM4F/portmacro.h **** 	}
 185:Middlewares/Third_Party/FreeRTOS/Source/portable/GCC/ARM_CM4F/portmacro.h **** 
 186:Middlewares/Third_Party/FreeRTOS/Source/portable/GCC/ARM_CM4F/portmacro.h **** 	return xReturn;
 187:Middlewares/Third_Party/FreeRTOS/Source/portable/GCC/ARM_CM4F/portmacro.h **** }
 188:Middlewares/Third_Party/FreeRTOS/Source/portable/GCC/ARM_CM4F/portmacro.h **** 
 189:Middlewares/Third_Party/FreeRTOS/Source/portable/GCC/ARM_CM4F/portmacro.h **** /*-----------------------------------------------------------*/
 190:Middlewares/Third_Party/FreeRTOS/Source/portable/GCC/ARM_CM4F/portmacro.h **** 
 191:Middlewares/Third_Party/FreeRTOS/Source/portable/GCC/ARM_CM4F/portmacro.h **** portFORCE_INLINE static void vPortRaiseBASEPRI( void )
 1027              		.loc 3 191 30 view .LVU266
 1028              	.LBB371:
 192:Middlewares/Third_Party/FreeRTOS/Source/portable/GCC/ARM_CM4F/portmacro.h **** {
 193:Middlewares/Third_Party/FreeRTOS/Source/portable/GCC/ARM_CM4F/portmacro.h **** uint32_t ulNewBASEPRI;
 1029              		.loc 3 193 1 view .LVU267
 194:Middlewares/Third_Party/FreeRTOS/Source/portable/GCC/ARM_CM4F/portmacro.h **** 
ARM GAS  C:\Users\31005\AppData\Local\Temp\ccDX7XtF.s 			page 49


 195:Middlewares/Third_Party/FreeRTOS/Source/portable/GCC/ARM_CM4F/portmacro.h **** 	__asm volatile
 1030              		.loc 3 195 2 view .LVU268
 1031              		.syntax unified
 1032              	@ 195 "Middlewares/Third_Party/FreeRTOS/Source/portable/GCC/ARM_CM4F/portmacro.h" 1
 1033 0002 4FF05003 			mov r3, #80												
 1034 0006 83F31188 		msr basepri, r3											
 1035 000a BFF36F8F 		isb														
 1036 000e BFF34F8F 		dsb														
 1037              	
 1038              	@ 0 "" 2
 1039              		.thumb
 1040              		.syntax unified
 1041              	.LBE371:
 1042              	.LBE370:
 334:Middlewares/Third_Party/FreeRTOS/Source/CMSIS_RTOS_V2/cmsis_os2.c **** 
 1043              		.loc 1 334 3 view .LVU269
 334:Middlewares/Third_Party/FreeRTOS/Source/CMSIS_RTOS_V2/cmsis_os2.c **** 
 1044              		.loc 1 334 11 is_stmt 0 view .LVU270
 1045 0012 FFF7FEFF 		bl	xTaskGetTickCount
 1046              	.LVL64:
 336:Middlewares/Third_Party/FreeRTOS/Source/CMSIS_RTOS_V2/cmsis_os2.c ****   portENABLE_INTERRUPTS();
 1047              		.loc 1 336 3 is_stmt 1 view .LVU271
 336:Middlewares/Third_Party/FreeRTOS/Source/CMSIS_RTOS_V2/cmsis_os2.c ****   portENABLE_INTERRUPTS();
 1048              		.loc 1 336 38 is_stmt 0 view .LVU272
 1049 0016 064B     		ldr	r3, .L89
 1050 0018 1B68     		ldr	r3, [r3]
 1051 001a 064A     		ldr	r2, .L89+4
 1052 001c A2FB0323 		umull	r2, r3, r2, r3
 1053 0020 9B09     		lsrs	r3, r3, #6
 336:Middlewares/Third_Party/FreeRTOS/Source/CMSIS_RTOS_V2/cmsis_os2.c ****   portENABLE_INTERRUPTS();
 1054              		.loc 1 336 7 view .LVU273
 1055 0022 03FB00F0 		mul	r0, r3, r0
 1056              	.LVL65:
 337:Middlewares/Third_Party/FreeRTOS/Source/CMSIS_RTOS_V2/cmsis_os2.c **** 
 1057              		.loc 1 337 3 is_stmt 1 view .LVU274
 1058              	.LBB372:
 1059              	.LBI372:
 196:Middlewares/Third_Party/FreeRTOS/Source/portable/GCC/ARM_CM4F/portmacro.h **** 	(
 197:Middlewares/Third_Party/FreeRTOS/Source/portable/GCC/ARM_CM4F/portmacro.h **** 		"	mov %0, %1												\n"	\
 198:Middlewares/Third_Party/FreeRTOS/Source/portable/GCC/ARM_CM4F/portmacro.h **** 		"	msr basepri, %0											\n" \
 199:Middlewares/Third_Party/FreeRTOS/Source/portable/GCC/ARM_CM4F/portmacro.h **** 		"	isb														\n" \
 200:Middlewares/Third_Party/FreeRTOS/Source/portable/GCC/ARM_CM4F/portmacro.h **** 		"	dsb														\n" \
 201:Middlewares/Third_Party/FreeRTOS/Source/portable/GCC/ARM_CM4F/portmacro.h **** 		:"=r" (ulNewBASEPRI) : "i" ( configMAX_SYSCALL_INTERRUPT_PRIORITY ) : "memory"
 202:Middlewares/Third_Party/FreeRTOS/Source/portable/GCC/ARM_CM4F/portmacro.h **** 	);
 203:Middlewares/Third_Party/FreeRTOS/Source/portable/GCC/ARM_CM4F/portmacro.h **** }
 204:Middlewares/Third_Party/FreeRTOS/Source/portable/GCC/ARM_CM4F/portmacro.h **** 
 205:Middlewares/Third_Party/FreeRTOS/Source/portable/GCC/ARM_CM4F/portmacro.h **** /*-----------------------------------------------------------*/
 206:Middlewares/Third_Party/FreeRTOS/Source/portable/GCC/ARM_CM4F/portmacro.h **** 
 207:Middlewares/Third_Party/FreeRTOS/Source/portable/GCC/ARM_CM4F/portmacro.h **** portFORCE_INLINE static uint32_t ulPortRaiseBASEPRI( void )
 208:Middlewares/Third_Party/FreeRTOS/Source/portable/GCC/ARM_CM4F/portmacro.h **** {
 209:Middlewares/Third_Party/FreeRTOS/Source/portable/GCC/ARM_CM4F/portmacro.h **** uint32_t ulOriginalBASEPRI, ulNewBASEPRI;
 210:Middlewares/Third_Party/FreeRTOS/Source/portable/GCC/ARM_CM4F/portmacro.h **** 
 211:Middlewares/Third_Party/FreeRTOS/Source/portable/GCC/ARM_CM4F/portmacro.h **** 	__asm volatile
 212:Middlewares/Third_Party/FreeRTOS/Source/portable/GCC/ARM_CM4F/portmacro.h **** 	(
 213:Middlewares/Third_Party/FreeRTOS/Source/portable/GCC/ARM_CM4F/portmacro.h **** 		"	mrs %0, basepri											\n" \
 214:Middlewares/Third_Party/FreeRTOS/Source/portable/GCC/ARM_CM4F/portmacro.h **** 		"	mov %1, %2												\n"	\
 215:Middlewares/Third_Party/FreeRTOS/Source/portable/GCC/ARM_CM4F/portmacro.h **** 		"	msr basepri, %1											\n" \
ARM GAS  C:\Users\31005\AppData\Local\Temp\ccDX7XtF.s 			page 50


 216:Middlewares/Third_Party/FreeRTOS/Source/portable/GCC/ARM_CM4F/portmacro.h **** 		"	isb														\n" \
 217:Middlewares/Third_Party/FreeRTOS/Source/portable/GCC/ARM_CM4F/portmacro.h **** 		"	dsb														\n" \
 218:Middlewares/Third_Party/FreeRTOS/Source/portable/GCC/ARM_CM4F/portmacro.h **** 		:"=r" (ulOriginalBASEPRI), "=r" (ulNewBASEPRI) : "i" ( configMAX_SYSCALL_INTERRUPT_PRIORITY ) : "
 219:Middlewares/Third_Party/FreeRTOS/Source/portable/GCC/ARM_CM4F/portmacro.h **** 	);
 220:Middlewares/Third_Party/FreeRTOS/Source/portable/GCC/ARM_CM4F/portmacro.h **** 
 221:Middlewares/Third_Party/FreeRTOS/Source/portable/GCC/ARM_CM4F/portmacro.h **** 	/* This return will not be reached but is necessary to prevent compiler
 222:Middlewares/Third_Party/FreeRTOS/Source/portable/GCC/ARM_CM4F/portmacro.h **** 	warnings. */
 223:Middlewares/Third_Party/FreeRTOS/Source/portable/GCC/ARM_CM4F/portmacro.h **** 	return ulOriginalBASEPRI;
 224:Middlewares/Third_Party/FreeRTOS/Source/portable/GCC/ARM_CM4F/portmacro.h **** }
 225:Middlewares/Third_Party/FreeRTOS/Source/portable/GCC/ARM_CM4F/portmacro.h **** /*-----------------------------------------------------------*/
 226:Middlewares/Third_Party/FreeRTOS/Source/portable/GCC/ARM_CM4F/portmacro.h **** 
 227:Middlewares/Third_Party/FreeRTOS/Source/portable/GCC/ARM_CM4F/portmacro.h **** portFORCE_INLINE static void vPortSetBASEPRI( uint32_t ulNewMaskValue )
 1060              		.loc 3 227 30 view .LVU275
 1061              	.LBB373:
 228:Middlewares/Third_Party/FreeRTOS/Source/portable/GCC/ARM_CM4F/portmacro.h **** {
 229:Middlewares/Third_Party/FreeRTOS/Source/portable/GCC/ARM_CM4F/portmacro.h **** 	__asm volatile
 1062              		.loc 3 229 2 view .LVU276
 1063 0026 0023     		movs	r3, #0
 1064              		.syntax unified
 1065              	@ 229 "Middlewares/Third_Party/FreeRTOS/Source/portable/GCC/ARM_CM4F/portmacro.h" 1
 1066 0028 83F31188 			msr basepri, r3	
 1067              	@ 0 "" 2
 1068              	.LVL66:
 1069              		.loc 3 229 2 is_stmt 0 view .LVU277
 1070              		.thumb
 1071              		.syntax unified
 1072              	.LBE373:
 1073              	.LBE372:
 339:Middlewares/Third_Party/FreeRTOS/Source/CMSIS_RTOS_V2/cmsis_os2.c **** }
 1074              		.loc 1 339 3 is_stmt 1 view .LVU278
 340:Middlewares/Third_Party/FreeRTOS/Source/CMSIS_RTOS_V2/cmsis_os2.c **** 
 1075              		.loc 1 340 1 is_stmt 0 view .LVU279
 1076 002c 08BD     		pop	{r3, pc}
 1077              	.L90:
 1078 002e 00BF     		.align	2
 1079              	.L89:
 1080 0030 00000000 		.word	SystemCoreClock
 1081 0034 D34D6210 		.word	274877907
 1082              		.cfi_endproc
 1083              	.LFE115:
 1085              		.section	.text.osKernelGetSysTimerFreq,"ax",%progbits
 1086              		.align	1
 1087              		.global	osKernelGetSysTimerFreq
 1088              		.syntax unified
 1089              		.thumb
 1090              		.thumb_func
 1092              	osKernelGetSysTimerFreq:
 1093              	.LFB116:
 342:Middlewares/Third_Party/FreeRTOS/Source/CMSIS_RTOS_V2/cmsis_os2.c ****   return (configCPU_CLOCK_HZ);
 1094              		.loc 1 342 41 is_stmt 1 view -0
 1095              		.cfi_startproc
 1096              		@ args = 0, pretend = 0, frame = 0
 1097              		@ frame_needed = 0, uses_anonymous_args = 0
 1098              		@ link register save eliminated.
 343:Middlewares/Third_Party/FreeRTOS/Source/CMSIS_RTOS_V2/cmsis_os2.c **** }
 1099              		.loc 1 343 3 view .LVU281
 344:Middlewares/Third_Party/FreeRTOS/Source/CMSIS_RTOS_V2/cmsis_os2.c **** 
ARM GAS  C:\Users\31005\AppData\Local\Temp\ccDX7XtF.s 			page 51


 1100              		.loc 1 344 1 is_stmt 0 view .LVU282
 1101 0000 014B     		ldr	r3, .L92
 1102 0002 1868     		ldr	r0, [r3]
 1103 0004 7047     		bx	lr
 1104              	.L93:
 1105 0006 00BF     		.align	2
 1106              	.L92:
 1107 0008 00000000 		.word	SystemCoreClock
 1108              		.cfi_endproc
 1109              	.LFE116:
 1111              		.section	.text.osThreadNew,"ax",%progbits
 1112              		.align	1
 1113              		.global	osThreadNew
 1114              		.syntax unified
 1115              		.thumb
 1116              		.thumb_func
 1118              	osThreadNew:
 1119              	.LVL67:
 1120              	.LFB117:
 348:Middlewares/Third_Party/FreeRTOS/Source/CMSIS_RTOS_V2/cmsis_os2.c ****   char empty;
 1121              		.loc 1 348 92 is_stmt 1 view -0
 1122              		.cfi_startproc
 1123              		@ args = 0, pretend = 0, frame = 8
 1124              		@ frame_needed = 0, uses_anonymous_args = 0
 348:Middlewares/Third_Party/FreeRTOS/Source/CMSIS_RTOS_V2/cmsis_os2.c ****   char empty;
 1125              		.loc 1 348 92 is_stmt 0 view .LVU284
 1126 0000 F0B5     		push	{r4, r5, r6, r7, lr}
 1127              	.LCFI9:
 1128              		.cfi_def_cfa_offset 20
 1129              		.cfi_offset 4, -20
 1130              		.cfi_offset 5, -16
 1131              		.cfi_offset 6, -12
 1132              		.cfi_offset 7, -8
 1133              		.cfi_offset 14, -4
 1134 0002 87B0     		sub	sp, sp, #28
 1135              	.LCFI10:
 1136              		.cfi_def_cfa_offset 48
 349:Middlewares/Third_Party/FreeRTOS/Source/CMSIS_RTOS_V2/cmsis_os2.c ****   const char *name;
 1137              		.loc 1 349 3 is_stmt 1 view .LVU285
 350:Middlewares/Third_Party/FreeRTOS/Source/CMSIS_RTOS_V2/cmsis_os2.c ****   uint32_t stack;
 1138              		.loc 1 350 3 view .LVU286
 351:Middlewares/Third_Party/FreeRTOS/Source/CMSIS_RTOS_V2/cmsis_os2.c ****   TaskHandle_t hTask;
 1139              		.loc 1 351 3 view .LVU287
 352:Middlewares/Third_Party/FreeRTOS/Source/CMSIS_RTOS_V2/cmsis_os2.c ****   UBaseType_t prio;
 1140              		.loc 1 352 3 view .LVU288
 353:Middlewares/Third_Party/FreeRTOS/Source/CMSIS_RTOS_V2/cmsis_os2.c ****   int32_t mem;
 1141              		.loc 1 353 3 view .LVU289
 354:Middlewares/Third_Party/FreeRTOS/Source/CMSIS_RTOS_V2/cmsis_os2.c **** 
 1142              		.loc 1 354 3 view .LVU290
 356:Middlewares/Third_Party/FreeRTOS/Source/CMSIS_RTOS_V2/cmsis_os2.c **** 
 1143              		.loc 1 356 3 view .LVU291
 356:Middlewares/Third_Party/FreeRTOS/Source/CMSIS_RTOS_V2/cmsis_os2.c **** 
 1144              		.loc 1 356 9 is_stmt 0 view .LVU292
 1145 0004 0024     		movs	r4, #0
 1146 0006 0494     		str	r4, [sp, #16]
 358:Middlewares/Third_Party/FreeRTOS/Source/CMSIS_RTOS_V2/cmsis_os2.c ****     stack = configMINIMAL_STACK_SIZE;
 1147              		.loc 1 358 3 is_stmt 1 view .LVU293
ARM GAS  C:\Users\31005\AppData\Local\Temp\ccDX7XtF.s 			page 52


 1148              	.LBB374:
 1149              	.LBI374:
 205:Drivers/CMSIS/Include/cmsis_gcc.h **** {
 1150              		.loc 2 205 31 view .LVU294
 1151              	.LBB375:
 207:Drivers/CMSIS/Include/cmsis_gcc.h **** 
 1152              		.loc 2 207 3 view .LVU295
 209:Drivers/CMSIS/Include/cmsis_gcc.h ****   return(result);
 1153              		.loc 2 209 3 view .LVU296
 1154              		.syntax unified
 1155              	@ 209 "Drivers/CMSIS/Include/cmsis_gcc.h" 1
 1156 0008 EFF30584 		MRS r4, ipsr
 1157              	@ 0 "" 2
 1158              	.LVL68:
 210:Drivers/CMSIS/Include/cmsis_gcc.h **** }
 1159              		.loc 2 210 3 view .LVU297
 210:Drivers/CMSIS/Include/cmsis_gcc.h **** }
 1160              		.loc 2 210 3 is_stmt 0 view .LVU298
 1161              		.thumb
 1162              		.syntax unified
 1163              	.LBE375:
 1164              	.LBE374:
 358:Middlewares/Third_Party/FreeRTOS/Source/CMSIS_RTOS_V2/cmsis_os2.c ****     stack = configMINIMAL_STACK_SIZE;
 1165              		.loc 1 358 6 view .LVU299
 1166 000c 002C     		cmp	r4, #0
 1167 000e 43D1     		bne	.L95
 1168              	.LBB376:
 1169              	.LBI376:
 382:Drivers/CMSIS/Include/cmsis_gcc.h **** {
 1170              		.loc 2 382 31 is_stmt 1 view .LVU300
 1171              	.LBB377:
 384:Drivers/CMSIS/Include/cmsis_gcc.h **** 
 1172              		.loc 2 384 3 view .LVU301
 386:Drivers/CMSIS/Include/cmsis_gcc.h ****   return(result);
 1173              		.loc 2 386 3 view .LVU302
 1174              		.syntax unified
 1175              	@ 386 "Drivers/CMSIS/Include/cmsis_gcc.h" 1
 1176 0010 EFF31083 		MRS r3, primask
 1177              	@ 0 "" 2
 1178              	.LVL69:
 387:Drivers/CMSIS/Include/cmsis_gcc.h **** }
 1179              		.loc 2 387 3 view .LVU303
 387:Drivers/CMSIS/Include/cmsis_gcc.h **** }
 1180              		.loc 2 387 3 is_stmt 0 view .LVU304
 1181              		.thumb
 1182              		.syntax unified
 1183              	.LBE377:
 1184              	.LBE376:
 358:Middlewares/Third_Party/FreeRTOS/Source/CMSIS_RTOS_V2/cmsis_os2.c ****     stack = configMINIMAL_STACK_SIZE;
 1185              		.loc 1 358 7 view .LVU305
 1186 0014 002B     		cmp	r3, #0
 1187 0016 3FD1     		bne	.L95
 358:Middlewares/Third_Party/FreeRTOS/Source/CMSIS_RTOS_V2/cmsis_os2.c ****     stack = configMINIMAL_STACK_SIZE;
 1188              		.loc 1 358 8 discriminator 2 view .LVU306
 1189 0018 334B     		ldr	r3, .L119
 1190 001a 1B68     		ldr	r3, [r3]
 1191 001c 022B     		cmp	r3, #2
ARM GAS  C:\Users\31005\AppData\Local\Temp\ccDX7XtF.s 			page 53


 1192 001e 16D0     		beq	.L114
 1193              	.L96:
 358:Middlewares/Third_Party/FreeRTOS/Source/CMSIS_RTOS_V2/cmsis_os2.c ****     stack = configMINIMAL_STACK_SIZE;
 1194              		.loc 1 358 17 discriminator 5 view .LVU307
 1195 0020 0028     		cmp	r0, #0
 1196 0022 39D0     		beq	.L95
 359:Middlewares/Third_Party/FreeRTOS/Source/CMSIS_RTOS_V2/cmsis_os2.c ****     prio  = (UBaseType_t)osPriorityNormal;
 1197              		.loc 1 359 5 is_stmt 1 view .LVU308
 1198              	.LVL70:
 360:Middlewares/Third_Party/FreeRTOS/Source/CMSIS_RTOS_V2/cmsis_os2.c **** 
 1199              		.loc 1 360 5 view .LVU309
 362:Middlewares/Third_Party/FreeRTOS/Source/CMSIS_RTOS_V2/cmsis_os2.c ****     name  = &empty;
 1200              		.loc 1 362 5 view .LVU310
 362:Middlewares/Third_Party/FreeRTOS/Source/CMSIS_RTOS_V2/cmsis_os2.c ****     name  = &empty;
 1201              		.loc 1 362 11 is_stmt 0 view .LVU311
 1202 0024 0023     		movs	r3, #0
 1203 0026 8DF81730 		strb	r3, [sp, #23]
 363:Middlewares/Third_Party/FreeRTOS/Source/CMSIS_RTOS_V2/cmsis_os2.c ****     mem   = -1;
 1204              		.loc 1 363 5 is_stmt 1 view .LVU312
 1205              	.LVL71:
 364:Middlewares/Third_Party/FreeRTOS/Source/CMSIS_RTOS_V2/cmsis_os2.c **** 
 1206              		.loc 1 364 5 view .LVU313
 366:Middlewares/Third_Party/FreeRTOS/Source/CMSIS_RTOS_V2/cmsis_os2.c ****       if (attr->name != NULL) {
 1207              		.loc 1 366 5 view .LVU314
 366:Middlewares/Third_Party/FreeRTOS/Source/CMSIS_RTOS_V2/cmsis_os2.c ****       if (attr->name != NULL) {
 1208              		.loc 1 366 8 is_stmt 0 view .LVU315
 1209 002a 62B3     		cbz	r2, .L104
 367:Middlewares/Third_Party/FreeRTOS/Source/CMSIS_RTOS_V2/cmsis_os2.c ****         name = attr->name;
 1210              		.loc 1 367 7 is_stmt 1 view .LVU316
 367:Middlewares/Third_Party/FreeRTOS/Source/CMSIS_RTOS_V2/cmsis_os2.c ****         name = attr->name;
 1211              		.loc 1 367 15 is_stmt 0 view .LVU317
 1212 002c 1568     		ldr	r5, [r2]
 367:Middlewares/Third_Party/FreeRTOS/Source/CMSIS_RTOS_V2/cmsis_os2.c ****         name = attr->name;
 1213              		.loc 1 367 10 view .LVU318
 1214 002e 95B1     		cbz	r5, .L115
 1215              	.L98:
 1216              	.LVL72:
 370:Middlewares/Third_Party/FreeRTOS/Source/CMSIS_RTOS_V2/cmsis_os2.c ****         prio = (UBaseType_t)attr->priority;
 1217              		.loc 1 370 7 is_stmt 1 view .LVU319
 370:Middlewares/Third_Party/FreeRTOS/Source/CMSIS_RTOS_V2/cmsis_os2.c ****         prio = (UBaseType_t)attr->priority;
 1218              		.loc 1 370 15 is_stmt 0 view .LVU320
 1219 0030 9369     		ldr	r3, [r2, #24]
 370:Middlewares/Third_Party/FreeRTOS/Source/CMSIS_RTOS_V2/cmsis_os2.c ****         prio = (UBaseType_t)attr->priority;
 1220              		.loc 1 370 10 view .LVU321
 1221 0032 03B9     		cbnz	r3, .L99
 360:Middlewares/Third_Party/FreeRTOS/Source/CMSIS_RTOS_V2/cmsis_os2.c **** 
 1222              		.loc 1 360 11 view .LVU322
 1223 0034 1823     		movs	r3, #24
 1224              	.L99:
 1225              	.LVL73:
 374:Middlewares/Third_Party/FreeRTOS/Source/CMSIS_RTOS_V2/cmsis_os2.c ****         return (NULL);
 1226              		.loc 1 374 7 is_stmt 1 view .LVU323
 374:Middlewares/Third_Party/FreeRTOS/Source/CMSIS_RTOS_V2/cmsis_os2.c ****         return (NULL);
 1227              		.loc 1 374 35 is_stmt 0 view .LVU324
 1228 0036 5C1E     		subs	r4, r3, #1
 374:Middlewares/Third_Party/FreeRTOS/Source/CMSIS_RTOS_V2/cmsis_os2.c ****         return (NULL);
 1229              		.loc 1 374 10 view .LVU325
ARM GAS  C:\Users\31005\AppData\Local\Temp\ccDX7XtF.s 			page 54


 1230 0038 372C     		cmp	r4, #55
 1231 003a 51D8     		bhi	.L106
 374:Middlewares/Third_Party/FreeRTOS/Source/CMSIS_RTOS_V2/cmsis_os2.c ****         return (NULL);
 1232              		.loc 1 374 70 discriminator 1 view .LVU326
 1233 003c 5468     		ldr	r4, [r2, #4]
 374:Middlewares/Third_Party/FreeRTOS/Source/CMSIS_RTOS_V2/cmsis_os2.c ****         return (NULL);
 1234              		.loc 1 374 61 discriminator 1 view .LVU327
 1235 003e 14F0010F 		tst	r4, #1
 1236 0042 4FD1     		bne	.L107
 378:Middlewares/Third_Party/FreeRTOS/Source/CMSIS_RTOS_V2/cmsis_os2.c ****         /* In FreeRTOS stack is not in bytes, but in sizeof(StackType_t) which is 4 on ARM ports.  
 1237              		.loc 1 378 7 is_stmt 1 view .LVU328
 378:Middlewares/Third_Party/FreeRTOS/Source/CMSIS_RTOS_V2/cmsis_os2.c ****         /* In FreeRTOS stack is not in bytes, but in sizeof(StackType_t) which is 4 on ARM ports.  
 1238              		.loc 1 378 15 is_stmt 0 view .LVU329
 1239 0044 5669     		ldr	r6, [r2, #20]
 378:Middlewares/Third_Party/FreeRTOS/Source/CMSIS_RTOS_V2/cmsis_os2.c ****         /* In FreeRTOS stack is not in bytes, but in sizeof(StackType_t) which is 4 on ARM ports.  
 1240              		.loc 1 378 10 view .LVU330
 1241 0046 4EB1     		cbz	r6, .L108
 381:Middlewares/Third_Party/FreeRTOS/Source/CMSIS_RTOS_V2/cmsis_os2.c ****       }
 1242              		.loc 1 381 9 is_stmt 1 view .LVU331
 381:Middlewares/Third_Party/FreeRTOS/Source/CMSIS_RTOS_V2/cmsis_os2.c ****       }
 1243              		.loc 1 381 15 is_stmt 0 view .LVU332
 1244 0048 4FEA960C 		lsr	ip, r6, #2
 1245              	.LVL74:
 381:Middlewares/Third_Party/FreeRTOS/Source/CMSIS_RTOS_V2/cmsis_os2.c ****       }
 1246              		.loc 1 381 15 view .LVU333
 1247 004c 08E0     		b	.L101
 1248              	.LVL75:
 1249              	.L114:
 1250              	.LBB378:
 1251              	.LBI378:
 461:Drivers/CMSIS/Include/cmsis_gcc.h **** {
 1252              		.loc 2 461 31 is_stmt 1 view .LVU334
 1253              	.LBB379:
 463:Drivers/CMSIS/Include/cmsis_gcc.h **** 
 1254              		.loc 2 463 3 view .LVU335
 465:Drivers/CMSIS/Include/cmsis_gcc.h ****   return(result);
 1255              		.loc 2 465 3 view .LVU336
 1256              		.syntax unified
 1257              	@ 465 "Drivers/CMSIS/Include/cmsis_gcc.h" 1
 1258 004e EFF31183 		MRS r3, basepri
 1259              	@ 0 "" 2
 1260              	.LVL76:
 1261              		.loc 2 466 3 view .LVU337
 1262              		.loc 2 466 3 is_stmt 0 view .LVU338
 1263              		.thumb
 1264              		.syntax unified
 1265              	.LBE379:
 1266              	.LBE378:
 358:Middlewares/Third_Party/FreeRTOS/Source/CMSIS_RTOS_V2/cmsis_os2.c ****     stack = configMINIMAL_STACK_SIZE;
 1267              		.loc 1 358 8 view .LVU339
 1268 0052 0BBB     		cbnz	r3, .L95
 1269 0054 E4E7     		b	.L96
 1270              	.LVL77:
 1271              	.L115:
 363:Middlewares/Third_Party/FreeRTOS/Source/CMSIS_RTOS_V2/cmsis_os2.c ****     mem   = -1;
 1272              		.loc 1 363 11 view .LVU340
 1273 0056 0DF11705 		add	r5, sp, #23
ARM GAS  C:\Users\31005\AppData\Local\Temp\ccDX7XtF.s 			page 55


 1274              	.LVL78:
 363:Middlewares/Third_Party/FreeRTOS/Source/CMSIS_RTOS_V2/cmsis_os2.c ****     mem   = -1;
 1275              		.loc 1 363 11 view .LVU341
 1276 005a E9E7     		b	.L98
 1277              	.LVL79:
 1278              	.L108:
 359:Middlewares/Third_Party/FreeRTOS/Source/CMSIS_RTOS_V2/cmsis_os2.c ****     prio  = (UBaseType_t)osPriorityNormal;
 1279              		.loc 1 359 11 view .LVU342
 1280 005c 4FF0800C 		mov	ip, #128
 1281              	.LVL80:
 1282              	.L101:
 384:Middlewares/Third_Party/FreeRTOS/Source/CMSIS_RTOS_V2/cmsis_os2.c ****           (attr->stack_mem != NULL) && (attr->stack_size >  0U)) {
 1283              		.loc 1 384 7 is_stmt 1 view .LVU343
 384:Middlewares/Third_Party/FreeRTOS/Source/CMSIS_RTOS_V2/cmsis_os2.c ****           (attr->stack_mem != NULL) && (attr->stack_size >  0U)) {
 1284              		.loc 1 384 16 is_stmt 0 view .LVU344
 1285 0060 9468     		ldr	r4, [r2, #8]
 384:Middlewares/Third_Party/FreeRTOS/Source/CMSIS_RTOS_V2/cmsis_os2.c ****           (attr->stack_mem != NULL) && (attr->stack_size >  0U)) {
 1286              		.loc 1 384 10 view .LVU345
 1287 0062 2CB1     		cbz	r4, .L102
 384:Middlewares/Third_Party/FreeRTOS/Source/CMSIS_RTOS_V2/cmsis_os2.c ****           (attr->stack_mem != NULL) && (attr->stack_size >  0U)) {
 1288              		.loc 1 384 37 discriminator 1 view .LVU346
 1289 0064 D768     		ldr	r7, [r2, #12]
 1290 0066 5B2F     		cmp	r7, #91
 1291 0068 02D9     		bls	.L102
 384:Middlewares/Third_Party/FreeRTOS/Source/CMSIS_RTOS_V2/cmsis_os2.c ****           (attr->stack_mem != NULL) && (attr->stack_size >  0U)) {
 1292              		.loc 1 384 83 discriminator 2 view .LVU347
 1293 006a 1769     		ldr	r7, [r2, #16]
 1294 006c 07B1     		cbz	r7, .L102
 385:Middlewares/Third_Party/FreeRTOS/Source/CMSIS_RTOS_V2/cmsis_os2.c ****         mem = 1;
 1295              		.loc 1 385 37 view .LVU348
 1296 006e B6B9     		cbnz	r6, .L109
 1297              	.L102:
 389:Middlewares/Third_Party/FreeRTOS/Source/CMSIS_RTOS_V2/cmsis_os2.c ****           mem = 0;
 1298              		.loc 1 389 9 is_stmt 1 view .LVU349
 389:Middlewares/Third_Party/FreeRTOS/Source/CMSIS_RTOS_V2/cmsis_os2.c ****           mem = 0;
 1299              		.loc 1 389 12 is_stmt 0 view .LVU350
 1300 0070 14B1     		cbz	r4, .L116
 364:Middlewares/Third_Party/FreeRTOS/Source/CMSIS_RTOS_V2/cmsis_os2.c **** 
 1301              		.loc 1 364 11 view .LVU351
 1302 0072 4FF0FF34 		mov	r4, #-1
 1303 0076 0CE0     		b	.L97
 1304              	.L116:
 389:Middlewares/Third_Party/FreeRTOS/Source/CMSIS_RTOS_V2/cmsis_os2.c ****           mem = 0;
 1305              		.loc 1 389 44 discriminator 1 view .LVU352
 1306 0078 D468     		ldr	r4, [r2, #12]
 389:Middlewares/Third_Party/FreeRTOS/Source/CMSIS_RTOS_V2/cmsis_os2.c ****           mem = 0;
 1307              		.loc 1 389 36 discriminator 1 view .LVU353
 1308 007a 94B9     		cbnz	r4, .L111
 389:Middlewares/Third_Party/FreeRTOS/Source/CMSIS_RTOS_V2/cmsis_os2.c ****           mem = 0;
 1309              		.loc 1 389 69 discriminator 2 view .LVU354
 1310 007c 1469     		ldr	r4, [r2, #16]
 389:Middlewares/Third_Party/FreeRTOS/Source/CMSIS_RTOS_V2/cmsis_os2.c ****           mem = 0;
 1311              		.loc 1 389 61 discriminator 2 view .LVU355
 1312 007e 9CB1     		cbz	r4, .L112
 364:Middlewares/Third_Party/FreeRTOS/Source/CMSIS_RTOS_V2/cmsis_os2.c **** 
 1313              		.loc 1 364 11 view .LVU356
 1314 0080 4FF0FF34 		mov	r4, #-1
ARM GAS  C:\Users\31005\AppData\Local\Temp\ccDX7XtF.s 			page 56


 1315 0084 05E0     		b	.L97
 1316              	.LVL81:
 1317              	.L104:
 395:Middlewares/Third_Party/FreeRTOS/Source/CMSIS_RTOS_V2/cmsis_os2.c ****     }
 1318              		.loc 1 395 11 view .LVU357
 1319 0086 0024     		movs	r4, #0
 360:Middlewares/Third_Party/FreeRTOS/Source/CMSIS_RTOS_V2/cmsis_os2.c **** 
 1320              		.loc 1 360 11 view .LVU358
 1321 0088 1823     		movs	r3, #24
 359:Middlewares/Third_Party/FreeRTOS/Source/CMSIS_RTOS_V2/cmsis_os2.c ****     prio  = (UBaseType_t)osPriorityNormal;
 1322              		.loc 1 359 11 view .LVU359
 1323 008a 4FF0800C 		mov	ip, #128
 363:Middlewares/Third_Party/FreeRTOS/Source/CMSIS_RTOS_V2/cmsis_os2.c ****     mem   = -1;
 1324              		.loc 1 363 11 view .LVU360
 1325 008e 0DF11705 		add	r5, sp, #23
 1326              	.LVL82:
 1327              	.L97:
 398:Middlewares/Third_Party/FreeRTOS/Source/CMSIS_RTOS_V2/cmsis_os2.c ****       hTask = xTaskCreateStatic ((TaskFunction_t)func, name, stack, argument, prio, (StackType_t  *
 1328              		.loc 1 398 5 is_stmt 1 view .LVU361
 398:Middlewares/Third_Party/FreeRTOS/Source/CMSIS_RTOS_V2/cmsis_os2.c ****       hTask = xTaskCreateStatic ((TaskFunction_t)func, name, stack, argument, prio, (StackType_t  *
 1329              		.loc 1 398 8 is_stmt 0 view .LVU362
 1330 0092 012C     		cmp	r4, #1
 1331 0094 0AD0     		beq	.L117
 403:Middlewares/Third_Party/FreeRTOS/Source/CMSIS_RTOS_V2/cmsis_os2.c ****         if (xTaskCreate ((TaskFunction_t)func, name, (uint16_t)stack, argument, prio, &hTask) != pd
 1332              		.loc 1 403 7 is_stmt 1 view .LVU363
 403:Middlewares/Third_Party/FreeRTOS/Source/CMSIS_RTOS_V2/cmsis_os2.c ****         if (xTaskCreate ((TaskFunction_t)func, name, (uint16_t)stack, argument, prio, &hTask) != pd
 1333              		.loc 1 403 10 is_stmt 0 view .LVU364
 1334 0096 ACB1     		cbz	r4, .L118
 1335              	.LVL83:
 1336              	.L95:
 411:Middlewares/Third_Party/FreeRTOS/Source/CMSIS_RTOS_V2/cmsis_os2.c **** }
 1337              		.loc 1 411 3 is_stmt 1 view .LVU365
 411:Middlewares/Third_Party/FreeRTOS/Source/CMSIS_RTOS_V2/cmsis_os2.c **** }
 1338              		.loc 1 411 11 is_stmt 0 view .LVU366
 1339 0098 0498     		ldr	r0, [sp, #16]
 1340              	.L94:
 412:Middlewares/Third_Party/FreeRTOS/Source/CMSIS_RTOS_V2/cmsis_os2.c **** 
 1341              		.loc 1 412 1 view .LVU367
 1342 009a 07B0     		add	sp, sp, #28
 1343              	.LCFI11:
 1344              		.cfi_remember_state
 1345              		.cfi_def_cfa_offset 20
 1346              		@ sp needed
 1347 009c F0BD     		pop	{r4, r5, r6, r7, pc}
 1348              	.LVL84:
 1349              	.L109:
 1350              	.LCFI12:
 1351              		.cfi_restore_state
 386:Middlewares/Third_Party/FreeRTOS/Source/CMSIS_RTOS_V2/cmsis_os2.c ****       }
 1352              		.loc 1 386 13 view .LVU368
 1353 009e 0124     		movs	r4, #1
 1354 00a0 F7E7     		b	.L97
 1355              	.L111:
 364:Middlewares/Third_Party/FreeRTOS/Source/CMSIS_RTOS_V2/cmsis_os2.c **** 
 1356              		.loc 1 364 11 view .LVU369
 1357 00a2 4FF0FF34 		mov	r4, #-1
 1358 00a6 F4E7     		b	.L97
ARM GAS  C:\Users\31005\AppData\Local\Temp\ccDX7XtF.s 			page 57


 1359              	.L112:
 390:Middlewares/Third_Party/FreeRTOS/Source/CMSIS_RTOS_V2/cmsis_os2.c ****         }
 1360              		.loc 1 390 15 view .LVU370
 1361 00a8 0024     		movs	r4, #0
 1362 00aa F2E7     		b	.L97
 1363              	.LVL85:
 1364              	.L117:
 399:Middlewares/Third_Party/FreeRTOS/Source/CMSIS_RTOS_V2/cmsis_os2.c ****                                                                                     (StaticTask_t *
 1365              		.loc 1 399 7 is_stmt 1 view .LVU371
 399:Middlewares/Third_Party/FreeRTOS/Source/CMSIS_RTOS_V2/cmsis_os2.c ****                                                                                     (StaticTask_t *
 1366              		.loc 1 399 105 is_stmt 0 view .LVU372
 1367 00ac 1469     		ldr	r4, [r2, #16]
 1368              	.LVL86:
 400:Middlewares/Third_Party/FreeRTOS/Source/CMSIS_RTOS_V2/cmsis_os2.c ****     }
 1369              		.loc 1 400 105 view .LVU373
 1370 00ae 9268     		ldr	r2, [r2, #8]
 1371              	.LVL87:
 399:Middlewares/Third_Party/FreeRTOS/Source/CMSIS_RTOS_V2/cmsis_os2.c ****                                                                                     (StaticTask_t *
 1372              		.loc 1 399 15 view .LVU374
 1373 00b0 0292     		str	r2, [sp, #8]
 1374 00b2 0194     		str	r4, [sp, #4]
 1375 00b4 0093     		str	r3, [sp]
 1376 00b6 0B46     		mov	r3, r1
 1377              	.LVL88:
 399:Middlewares/Third_Party/FreeRTOS/Source/CMSIS_RTOS_V2/cmsis_os2.c ****                                                                                     (StaticTask_t *
 1378              		.loc 1 399 15 view .LVU375
 1379 00b8 6246     		mov	r2, ip
 1380 00ba 2946     		mov	r1, r5
 1381              	.LVL89:
 399:Middlewares/Third_Party/FreeRTOS/Source/CMSIS_RTOS_V2/cmsis_os2.c ****                                                                                     (StaticTask_t *
 1382              		.loc 1 399 15 view .LVU376
 1383 00bc FFF7FEFF 		bl	xTaskCreateStatic
 1384              	.LVL90:
 399:Middlewares/Third_Party/FreeRTOS/Source/CMSIS_RTOS_V2/cmsis_os2.c ****                                                                                     (StaticTask_t *
 1385              		.loc 1 399 13 view .LVU377
 1386 00c0 0490     		str	r0, [sp, #16]
 1387 00c2 E9E7     		b	.L95
 1388              	.LVL91:
 1389              	.L118:
 404:Middlewares/Third_Party/FreeRTOS/Source/CMSIS_RTOS_V2/cmsis_os2.c ****           hTask = NULL;
 1390              		.loc 1 404 9 is_stmt 1 view .LVU378
 404:Middlewares/Third_Party/FreeRTOS/Source/CMSIS_RTOS_V2/cmsis_os2.c ****           hTask = NULL;
 1391              		.loc 1 404 13 is_stmt 0 view .LVU379
 1392 00c4 04AA     		add	r2, sp, #16
 1393              	.LVL92:
 404:Middlewares/Third_Party/FreeRTOS/Source/CMSIS_RTOS_V2/cmsis_os2.c ****           hTask = NULL;
 1394              		.loc 1 404 13 view .LVU380
 1395 00c6 0192     		str	r2, [sp, #4]
 1396 00c8 0093     		str	r3, [sp]
 1397 00ca 0B46     		mov	r3, r1
 1398              	.LVL93:
 404:Middlewares/Third_Party/FreeRTOS/Source/CMSIS_RTOS_V2/cmsis_os2.c ****           hTask = NULL;
 1399              		.loc 1 404 13 view .LVU381
 1400 00cc 1FFA8CF2 		uxth	r2, ip
 1401 00d0 2946     		mov	r1, r5
 1402              	.LVL94:
 404:Middlewares/Third_Party/FreeRTOS/Source/CMSIS_RTOS_V2/cmsis_os2.c ****           hTask = NULL;
ARM GAS  C:\Users\31005\AppData\Local\Temp\ccDX7XtF.s 			page 58


 1403              		.loc 1 404 13 view .LVU382
 1404 00d2 FFF7FEFF 		bl	xTaskCreate
 1405              	.LVL95:
 404:Middlewares/Third_Party/FreeRTOS/Source/CMSIS_RTOS_V2/cmsis_os2.c ****           hTask = NULL;
 1406              		.loc 1 404 12 view .LVU383
 1407 00d6 0128     		cmp	r0, #1
 1408 00d8 DED0     		beq	.L95
 405:Middlewares/Third_Party/FreeRTOS/Source/CMSIS_RTOS_V2/cmsis_os2.c ****         }
 1409              		.loc 1 405 11 is_stmt 1 view .LVU384
 405:Middlewares/Third_Party/FreeRTOS/Source/CMSIS_RTOS_V2/cmsis_os2.c ****         }
 1410              		.loc 1 405 17 is_stmt 0 view .LVU385
 1411 00da 0023     		movs	r3, #0
 1412 00dc 0493     		str	r3, [sp, #16]
 1413 00de DBE7     		b	.L95
 1414              	.LVL96:
 1415              	.L106:
 375:Middlewares/Third_Party/FreeRTOS/Source/CMSIS_RTOS_V2/cmsis_os2.c ****       }
 1416              		.loc 1 375 16 view .LVU386
 1417 00e0 0020     		movs	r0, #0
 1418              	.LVL97:
 375:Middlewares/Third_Party/FreeRTOS/Source/CMSIS_RTOS_V2/cmsis_os2.c ****       }
 1419              		.loc 1 375 16 view .LVU387
 1420 00e2 DAE7     		b	.L94
 1421              	.LVL98:
 1422              	.L107:
 375:Middlewares/Third_Party/FreeRTOS/Source/CMSIS_RTOS_V2/cmsis_os2.c ****       }
 1423              		.loc 1 375 16 view .LVU388
 1424 00e4 0020     		movs	r0, #0
 1425              	.LVL99:
 375:Middlewares/Third_Party/FreeRTOS/Source/CMSIS_RTOS_V2/cmsis_os2.c ****       }
 1426              		.loc 1 375 16 view .LVU389
 1427 00e6 D8E7     		b	.L94
 1428              	.L120:
 1429              		.align	2
 1430              	.L119:
 1431 00e8 00000000 		.word	KernelState
 1432              		.cfi_endproc
 1433              	.LFE117:
 1435              		.section	.text.osThreadGetName,"ax",%progbits
 1436              		.align	1
 1437              		.global	osThreadGetName
 1438              		.syntax unified
 1439              		.thumb
 1440              		.thumb_func
 1442              	osThreadGetName:
 1443              	.LVL100:
 1444              	.LFB118:
 414:Middlewares/Third_Party/FreeRTOS/Source/CMSIS_RTOS_V2/cmsis_os2.c ****   TaskHandle_t hTask = (TaskHandle_t)thread_id;
 1445              		.loc 1 414 54 is_stmt 1 view -0
 1446              		.cfi_startproc
 1447              		@ args = 0, pretend = 0, frame = 0
 1448              		@ frame_needed = 0, uses_anonymous_args = 0
 414:Middlewares/Third_Party/FreeRTOS/Source/CMSIS_RTOS_V2/cmsis_os2.c ****   TaskHandle_t hTask = (TaskHandle_t)thread_id;
 1449              		.loc 1 414 54 is_stmt 0 view .LVU391
 1450 0000 08B5     		push	{r3, lr}
 1451              	.LCFI13:
 1452              		.cfi_def_cfa_offset 8
ARM GAS  C:\Users\31005\AppData\Local\Temp\ccDX7XtF.s 			page 59


 1453              		.cfi_offset 3, -8
 1454              		.cfi_offset 14, -4
 415:Middlewares/Third_Party/FreeRTOS/Source/CMSIS_RTOS_V2/cmsis_os2.c ****   const char *name;
 1455              		.loc 1 415 3 is_stmt 1 view .LVU392
 1456              	.LVL101:
 416:Middlewares/Third_Party/FreeRTOS/Source/CMSIS_RTOS_V2/cmsis_os2.c **** 
 1457              		.loc 1 416 3 view .LVU393
 418:Middlewares/Third_Party/FreeRTOS/Source/CMSIS_RTOS_V2/cmsis_os2.c ****     name = NULL;
 1458              		.loc 1 418 3 view .LVU394
 1459              	.LBB380:
 1460              	.LBI380:
 205:Drivers/CMSIS/Include/cmsis_gcc.h **** {
 1461              		.loc 2 205 31 view .LVU395
 1462              	.LBB381:
 207:Drivers/CMSIS/Include/cmsis_gcc.h **** 
 1463              		.loc 2 207 3 view .LVU396
 209:Drivers/CMSIS/Include/cmsis_gcc.h ****   return(result);
 1464              		.loc 2 209 3 view .LVU397
 1465              		.syntax unified
 1466              	@ 209 "Drivers/CMSIS/Include/cmsis_gcc.h" 1
 1467 0002 EFF30583 		MRS r3, ipsr
 1468              	@ 0 "" 2
 1469              	.LVL102:
 210:Drivers/CMSIS/Include/cmsis_gcc.h **** }
 1470              		.loc 2 210 3 view .LVU398
 210:Drivers/CMSIS/Include/cmsis_gcc.h **** }
 1471              		.loc 2 210 3 is_stmt 0 view .LVU399
 1472              		.thumb
 1473              		.syntax unified
 1474              	.LBE381:
 1475              	.LBE380:
 418:Middlewares/Third_Party/FreeRTOS/Source/CMSIS_RTOS_V2/cmsis_os2.c ****     name = NULL;
 1476              		.loc 1 418 6 view .LVU400
 1477 0006 83B9     		cbnz	r3, .L124
 1478              	.LBB382:
 1479              	.LBI382:
 382:Drivers/CMSIS/Include/cmsis_gcc.h **** {
 1480              		.loc 2 382 31 is_stmt 1 view .LVU401
 1481              	.LBB383:
 384:Drivers/CMSIS/Include/cmsis_gcc.h **** 
 1482              		.loc 2 384 3 view .LVU402
 386:Drivers/CMSIS/Include/cmsis_gcc.h ****   return(result);
 1483              		.loc 2 386 3 view .LVU403
 1484              		.syntax unified
 1485              	@ 386 "Drivers/CMSIS/Include/cmsis_gcc.h" 1
 1486 0008 EFF31083 		MRS r3, primask
 1487              	@ 0 "" 2
 1488              	.LVL103:
 387:Drivers/CMSIS/Include/cmsis_gcc.h **** }
 1489              		.loc 2 387 3 view .LVU404
 387:Drivers/CMSIS/Include/cmsis_gcc.h **** }
 1490              		.loc 2 387 3 is_stmt 0 view .LVU405
 1491              		.thumb
 1492              		.syntax unified
 1493              	.LBE383:
 1494              	.LBE382:
 418:Middlewares/Third_Party/FreeRTOS/Source/CMSIS_RTOS_V2/cmsis_os2.c ****     name = NULL;
ARM GAS  C:\Users\31005\AppData\Local\Temp\ccDX7XtF.s 			page 60


 1495              		.loc 1 418 7 view .LVU406
 1496 000c 7BB9     		cbnz	r3, .L125
 418:Middlewares/Third_Party/FreeRTOS/Source/CMSIS_RTOS_V2/cmsis_os2.c ****     name = NULL;
 1497              		.loc 1 418 7 discriminator 2 view .LVU407
 1498 000e 094B     		ldr	r3, .L130
 1499 0010 1B68     		ldr	r3, [r3]
 1500 0012 022B     		cmp	r3, #2
 1501 0014 03D0     		beq	.L129
 1502              	.L123:
 418:Middlewares/Third_Party/FreeRTOS/Source/CMSIS_RTOS_V2/cmsis_os2.c ****     name = NULL;
 1503              		.loc 1 418 16 discriminator 5 view .LVU408
 1504 0016 08B1     		cbz	r0, .L121
 421:Middlewares/Third_Party/FreeRTOS/Source/CMSIS_RTOS_V2/cmsis_os2.c ****   }
 1505              		.loc 1 421 5 is_stmt 1 view .LVU409
 421:Middlewares/Third_Party/FreeRTOS/Source/CMSIS_RTOS_V2/cmsis_os2.c ****   }
 1506              		.loc 1 421 12 is_stmt 0 view .LVU410
 1507 0018 FFF7FEFF 		bl	pcTaskGetName
 1508              	.LVL104:
 1509              	.L121:
 425:Middlewares/Third_Party/FreeRTOS/Source/CMSIS_RTOS_V2/cmsis_os2.c **** 
 1510              		.loc 1 425 1 view .LVU411
 1511 001c 08BD     		pop	{r3, pc}
 1512              	.LVL105:
 1513              	.L129:
 1514              	.LBB384:
 1515              	.LBI384:
 461:Drivers/CMSIS/Include/cmsis_gcc.h **** {
 1516              		.loc 2 461 31 is_stmt 1 view .LVU412
 1517              	.LBB385:
 463:Drivers/CMSIS/Include/cmsis_gcc.h **** 
 1518              		.loc 2 463 3 view .LVU413
 465:Drivers/CMSIS/Include/cmsis_gcc.h ****   return(result);
 1519              		.loc 2 465 3 view .LVU414
 1520              		.syntax unified
 1521              	@ 465 "Drivers/CMSIS/Include/cmsis_gcc.h" 1
 1522 001e EFF31183 		MRS r3, basepri
 1523              	@ 0 "" 2
 1524              	.LVL106:
 1525              		.loc 2 466 3 view .LVU415
 1526              		.loc 2 466 3 is_stmt 0 view .LVU416
 1527              		.thumb
 1528              		.syntax unified
 1529              	.LBE385:
 1530              	.LBE384:
 418:Middlewares/Third_Party/FreeRTOS/Source/CMSIS_RTOS_V2/cmsis_os2.c ****     name = NULL;
 1531              		.loc 1 418 7 view .LVU417
 1532 0022 002B     		cmp	r3, #0
 1533 0024 F7D0     		beq	.L123
 419:Middlewares/Third_Party/FreeRTOS/Source/CMSIS_RTOS_V2/cmsis_os2.c ****   } else {
 1534              		.loc 1 419 10 view .LVU418
 1535 0026 0020     		movs	r0, #0
 1536              	.LVL107:
 419:Middlewares/Third_Party/FreeRTOS/Source/CMSIS_RTOS_V2/cmsis_os2.c ****   } else {
 1537              		.loc 1 419 10 view .LVU419
 1538 0028 F8E7     		b	.L121
 1539              	.LVL108:
 1540              	.L124:
ARM GAS  C:\Users\31005\AppData\Local\Temp\ccDX7XtF.s 			page 61


 419:Middlewares/Third_Party/FreeRTOS/Source/CMSIS_RTOS_V2/cmsis_os2.c ****   } else {
 1541              		.loc 1 419 10 view .LVU420
 1542 002a 0020     		movs	r0, #0
 1543              	.LVL109:
 419:Middlewares/Third_Party/FreeRTOS/Source/CMSIS_RTOS_V2/cmsis_os2.c ****   } else {
 1544              		.loc 1 419 10 view .LVU421
 1545 002c F6E7     		b	.L121
 1546              	.LVL110:
 1547              	.L125:
 419:Middlewares/Third_Party/FreeRTOS/Source/CMSIS_RTOS_V2/cmsis_os2.c ****   } else {
 1548              		.loc 1 419 10 view .LVU422
 1549 002e 0020     		movs	r0, #0
 1550              	.LVL111:
 419:Middlewares/Third_Party/FreeRTOS/Source/CMSIS_RTOS_V2/cmsis_os2.c ****   } else {
 1551              		.loc 1 419 10 view .LVU423
 1552 0030 F4E7     		b	.L121
 1553              	.L131:
 1554 0032 00BF     		.align	2
 1555              	.L130:
 1556 0034 00000000 		.word	KernelState
 1557              		.cfi_endproc
 1558              	.LFE118:
 1560              		.section	.text.osThreadGetId,"ax",%progbits
 1561              		.align	1
 1562              		.global	osThreadGetId
 1563              		.syntax unified
 1564              		.thumb
 1565              		.thumb_func
 1567              	osThreadGetId:
 1568              	.LFB119:
 427:Middlewares/Third_Party/FreeRTOS/Source/CMSIS_RTOS_V2/cmsis_os2.c ****   osThreadId_t id;
 1569              		.loc 1 427 35 is_stmt 1 view -0
 1570              		.cfi_startproc
 1571              		@ args = 0, pretend = 0, frame = 0
 1572              		@ frame_needed = 0, uses_anonymous_args = 0
 1573 0000 08B5     		push	{r3, lr}
 1574              	.LCFI14:
 1575              		.cfi_def_cfa_offset 8
 1576              		.cfi_offset 3, -8
 1577              		.cfi_offset 14, -4
 428:Middlewares/Third_Party/FreeRTOS/Source/CMSIS_RTOS_V2/cmsis_os2.c **** 
 1578              		.loc 1 428 3 view .LVU425
 430:Middlewares/Third_Party/FreeRTOS/Source/CMSIS_RTOS_V2/cmsis_os2.c ****     id = NULL;
 1579              		.loc 1 430 3 view .LVU426
 1580              	.LBB386:
 1581              	.LBI386:
 205:Drivers/CMSIS/Include/cmsis_gcc.h **** {
 1582              		.loc 2 205 31 view .LVU427
 1583              	.LBB387:
 207:Drivers/CMSIS/Include/cmsis_gcc.h **** 
 1584              		.loc 2 207 3 view .LVU428
 209:Drivers/CMSIS/Include/cmsis_gcc.h ****   return(result);
 1585              		.loc 2 209 3 view .LVU429
 1586              		.syntax unified
 1587              	@ 209 "Drivers/CMSIS/Include/cmsis_gcc.h" 1
 1588 0002 EFF30583 		MRS r3, ipsr
 1589              	@ 0 "" 2
ARM GAS  C:\Users\31005\AppData\Local\Temp\ccDX7XtF.s 			page 62


 1590              	.LVL112:
 210:Drivers/CMSIS/Include/cmsis_gcc.h **** }
 1591              		.loc 2 210 3 view .LVU430
 210:Drivers/CMSIS/Include/cmsis_gcc.h **** }
 1592              		.loc 2 210 3 is_stmt 0 view .LVU431
 1593              		.thumb
 1594              		.syntax unified
 1595              	.LBE387:
 1596              	.LBE386:
 430:Middlewares/Third_Party/FreeRTOS/Source/CMSIS_RTOS_V2/cmsis_os2.c ****     id = NULL;
 1597              		.loc 1 430 6 view .LVU432
 1598 0006 63B9     		cbnz	r3, .L135
 1599              	.LBB388:
 1600              	.LBI388:
 382:Drivers/CMSIS/Include/cmsis_gcc.h **** {
 1601              		.loc 2 382 31 is_stmt 1 view .LVU433
 1602              	.LBB389:
 384:Drivers/CMSIS/Include/cmsis_gcc.h **** 
 1603              		.loc 2 384 3 view .LVU434
 386:Drivers/CMSIS/Include/cmsis_gcc.h ****   return(result);
 1604              		.loc 2 386 3 view .LVU435
 1605              		.syntax unified
 1606              	@ 386 "Drivers/CMSIS/Include/cmsis_gcc.h" 1
 1607 0008 EFF31083 		MRS r3, primask
 1608              	@ 0 "" 2
 1609              	.LVL113:
 387:Drivers/CMSIS/Include/cmsis_gcc.h **** }
 1610              		.loc 2 387 3 view .LVU436
 387:Drivers/CMSIS/Include/cmsis_gcc.h **** }
 1611              		.loc 2 387 3 is_stmt 0 view .LVU437
 1612              		.thumb
 1613              		.syntax unified
 1614              	.LBE389:
 1615              	.LBE388:
 430:Middlewares/Third_Party/FreeRTOS/Source/CMSIS_RTOS_V2/cmsis_os2.c ****     id = NULL;
 1616              		.loc 1 430 7 view .LVU438
 1617 000c 5BB9     		cbnz	r3, .L136
 430:Middlewares/Third_Party/FreeRTOS/Source/CMSIS_RTOS_V2/cmsis_os2.c ****     id = NULL;
 1618              		.loc 1 430 7 discriminator 2 view .LVU439
 1619 000e 084B     		ldr	r3, .L139
 1620 0010 1B68     		ldr	r3, [r3]
 1621 0012 022B     		cmp	r3, #2
 1622 0014 02D1     		bne	.L134
 1623              	.LBB390:
 1624              	.LBI390:
 461:Drivers/CMSIS/Include/cmsis_gcc.h **** {
 1625              		.loc 2 461 31 is_stmt 1 view .LVU440
 1626              	.LBB391:
 463:Drivers/CMSIS/Include/cmsis_gcc.h **** 
 1627              		.loc 2 463 3 view .LVU441
 465:Drivers/CMSIS/Include/cmsis_gcc.h ****   return(result);
 1628              		.loc 2 465 3 view .LVU442
 1629              		.syntax unified
 1630              	@ 465 "Drivers/CMSIS/Include/cmsis_gcc.h" 1
 1631 0016 EFF31183 		MRS r3, basepri
 1632              	@ 0 "" 2
 1633              	.LVL114:
ARM GAS  C:\Users\31005\AppData\Local\Temp\ccDX7XtF.s 			page 63


 1634              		.loc 2 466 3 view .LVU443
 1635              		.loc 2 466 3 is_stmt 0 view .LVU444
 1636              		.thumb
 1637              		.syntax unified
 1638              	.LBE391:
 1639              	.LBE390:
 430:Middlewares/Third_Party/FreeRTOS/Source/CMSIS_RTOS_V2/cmsis_os2.c ****     id = NULL;
 1640              		.loc 1 430 7 view .LVU445
 1641 001a 33B9     		cbnz	r3, .L137
 1642              	.L134:
 433:Middlewares/Third_Party/FreeRTOS/Source/CMSIS_RTOS_V2/cmsis_os2.c ****   }
 1643              		.loc 1 433 5 is_stmt 1 view .LVU446
 433:Middlewares/Third_Party/FreeRTOS/Source/CMSIS_RTOS_V2/cmsis_os2.c ****   }
 1644              		.loc 1 433 24 is_stmt 0 view .LVU447
 1645 001c FFF7FEFF 		bl	xTaskGetCurrentTaskHandle
 1646              	.LVL115:
 1647              	.L132:
 437:Middlewares/Third_Party/FreeRTOS/Source/CMSIS_RTOS_V2/cmsis_os2.c **** 
 1648              		.loc 1 437 1 view .LVU448
 1649 0020 08BD     		pop	{r3, pc}
 1650              	.L135:
 431:Middlewares/Third_Party/FreeRTOS/Source/CMSIS_RTOS_V2/cmsis_os2.c ****   } else {
 1651              		.loc 1 431 8 view .LVU449
 1652 0022 0020     		movs	r0, #0
 1653 0024 FCE7     		b	.L132
 1654              	.L136:
 1655 0026 0020     		movs	r0, #0
 1656 0028 FAE7     		b	.L132
 1657              	.L137:
 1658 002a 0020     		movs	r0, #0
 1659              	.LVL116:
 436:Middlewares/Third_Party/FreeRTOS/Source/CMSIS_RTOS_V2/cmsis_os2.c **** }
 1660              		.loc 1 436 3 is_stmt 1 view .LVU450
 436:Middlewares/Third_Party/FreeRTOS/Source/CMSIS_RTOS_V2/cmsis_os2.c **** }
 1661              		.loc 1 436 10 is_stmt 0 view .LVU451
 1662 002c F8E7     		b	.L132
 1663              	.L140:
 1664 002e 00BF     		.align	2
 1665              	.L139:
 1666 0030 00000000 		.word	KernelState
 1667              		.cfi_endproc
 1668              	.LFE119:
 1670              		.section	.text.osThreadGetState,"ax",%progbits
 1671              		.align	1
 1672              		.global	osThreadGetState
 1673              		.syntax unified
 1674              		.thumb
 1675              		.thumb_func
 1677              	osThreadGetState:
 1678              	.LVL117:
 1679              	.LFB120:
 439:Middlewares/Third_Party/FreeRTOS/Source/CMSIS_RTOS_V2/cmsis_os2.c ****   TaskHandle_t hTask = (TaskHandle_t)thread_id;
 1680              		.loc 1 439 59 is_stmt 1 view -0
 1681              		.cfi_startproc
 1682              		@ args = 0, pretend = 0, frame = 0
 1683              		@ frame_needed = 0, uses_anonymous_args = 0
 439:Middlewares/Third_Party/FreeRTOS/Source/CMSIS_RTOS_V2/cmsis_os2.c ****   TaskHandle_t hTask = (TaskHandle_t)thread_id;
ARM GAS  C:\Users\31005\AppData\Local\Temp\ccDX7XtF.s 			page 64


 1684              		.loc 1 439 59 is_stmt 0 view .LVU453
 1685 0000 08B5     		push	{r3, lr}
 1686              	.LCFI15:
 1687              		.cfi_def_cfa_offset 8
 1688              		.cfi_offset 3, -8
 1689              		.cfi_offset 14, -4
 440:Middlewares/Third_Party/FreeRTOS/Source/CMSIS_RTOS_V2/cmsis_os2.c ****   osThreadState_t state;
 1690              		.loc 1 440 3 is_stmt 1 view .LVU454
 1691              	.LVL118:
 441:Middlewares/Third_Party/FreeRTOS/Source/CMSIS_RTOS_V2/cmsis_os2.c **** 
 1692              		.loc 1 441 3 view .LVU455
 443:Middlewares/Third_Party/FreeRTOS/Source/CMSIS_RTOS_V2/cmsis_os2.c ****     state = osThreadError;
 1693              		.loc 1 443 3 view .LVU456
 1694              	.LBB392:
 1695              	.LBI392:
 205:Drivers/CMSIS/Include/cmsis_gcc.h **** {
 1696              		.loc 2 205 31 view .LVU457
 1697              	.LBB393:
 207:Drivers/CMSIS/Include/cmsis_gcc.h **** 
 1698              		.loc 2 207 3 view .LVU458
 209:Drivers/CMSIS/Include/cmsis_gcc.h ****   return(result);
 1699              		.loc 2 209 3 view .LVU459
 1700              		.syntax unified
 1701              	@ 209 "Drivers/CMSIS/Include/cmsis_gcc.h" 1
 1702 0002 EFF30583 		MRS r3, ipsr
 1703              	@ 0 "" 2
 1704              	.LVL119:
 210:Drivers/CMSIS/Include/cmsis_gcc.h **** }
 1705              		.loc 2 210 3 view .LVU460
 210:Drivers/CMSIS/Include/cmsis_gcc.h **** }
 1706              		.loc 2 210 3 is_stmt 0 view .LVU461
 1707              		.thumb
 1708              		.syntax unified
 1709              	.LBE393:
 1710              	.LBE392:
 443:Middlewares/Third_Party/FreeRTOS/Source/CMSIS_RTOS_V2/cmsis_os2.c ****     state = osThreadError;
 1711              		.loc 1 443 6 view .LVU462
 1712 0006 03BB     		cbnz	r3, .L149
 1713              	.LBB394:
 1714              	.LBI394:
 382:Drivers/CMSIS/Include/cmsis_gcc.h **** {
 1715              		.loc 2 382 31 is_stmt 1 view .LVU463
 1716              	.LBB395:
 384:Drivers/CMSIS/Include/cmsis_gcc.h **** 
 1717              		.loc 2 384 3 view .LVU464
 386:Drivers/CMSIS/Include/cmsis_gcc.h ****   return(result);
 1718              		.loc 2 386 3 view .LVU465
 1719              		.syntax unified
 1720              	@ 386 "Drivers/CMSIS/Include/cmsis_gcc.h" 1
 1721 0008 EFF31083 		MRS r3, primask
 1722              	@ 0 "" 2
 1723              	.LVL120:
 387:Drivers/CMSIS/Include/cmsis_gcc.h **** }
 1724              		.loc 2 387 3 view .LVU466
 387:Drivers/CMSIS/Include/cmsis_gcc.h **** }
 1725              		.loc 2 387 3 is_stmt 0 view .LVU467
 1726              		.thumb
ARM GAS  C:\Users\31005\AppData\Local\Temp\ccDX7XtF.s 			page 65


 1727              		.syntax unified
 1728              	.LBE395:
 1729              	.LBE394:
 443:Middlewares/Third_Party/FreeRTOS/Source/CMSIS_RTOS_V2/cmsis_os2.c ****     state = osThreadError;
 1730              		.loc 1 443 7 view .LVU468
 1731 000c 03BB     		cbnz	r3, .L150
 443:Middlewares/Third_Party/FreeRTOS/Source/CMSIS_RTOS_V2/cmsis_os2.c ****     state = osThreadError;
 1732              		.loc 1 443 7 discriminator 2 view .LVU469
 1733 000e 144B     		ldr	r3, .L156
 1734 0010 1B68     		ldr	r3, [r3]
 1735 0012 022B     		cmp	r3, #2
 1736 0014 09D0     		beq	.L155
 1737              	.L143:
 443:Middlewares/Third_Party/FreeRTOS/Source/CMSIS_RTOS_V2/cmsis_os2.c ****     state = osThreadError;
 1738              		.loc 1 443 16 discriminator 5 view .LVU470
 1739 0016 F0B1     		cbz	r0, .L152
 447:Middlewares/Third_Party/FreeRTOS/Source/CMSIS_RTOS_V2/cmsis_os2.c ****       case eRunning:   state = osThreadRunning;    break;
 1740              		.loc 1 447 5 is_stmt 1 view .LVU471
 447:Middlewares/Third_Party/FreeRTOS/Source/CMSIS_RTOS_V2/cmsis_os2.c ****       case eRunning:   state = osThreadRunning;    break;
 1741              		.loc 1 447 13 is_stmt 0 view .LVU472
 1742 0018 FFF7FEFF 		bl	eTaskGetState
 1743              	.LVL121:
 447:Middlewares/Third_Party/FreeRTOS/Source/CMSIS_RTOS_V2/cmsis_os2.c ****       case eRunning:   state = osThreadRunning;    break;
 1744              		.loc 1 447 5 view .LVU473
 1745 001c 0428     		cmp	r0, #4
 1746 001e 11D8     		bhi	.L144
 1747 0020 DFE800F0 		tbb	[pc, r0]
 1748              	.L146:
 1749 0024 0A       		.byte	(.L148-.L146)/2
 1750 0025 1C       		.byte	(.L153-.L146)/2
 1751 0026 0C       		.byte	(.L147-.L146)/2
 1752 0027 0C       		.byte	(.L147-.L146)/2
 1753 0028 0E       		.byte	(.L145-.L146)/2
 1754              	.LVL122:
 1755 0029 00       		.p2align 1
 1756              	.L155:
 1757              	.LBB396:
 1758              	.LBI396:
 461:Drivers/CMSIS/Include/cmsis_gcc.h **** {
 1759              		.loc 2 461 31 is_stmt 1 view .LVU474
 1760              	.LBB397:
 463:Drivers/CMSIS/Include/cmsis_gcc.h **** 
 1761              		.loc 2 463 3 view .LVU475
 465:Drivers/CMSIS/Include/cmsis_gcc.h ****   return(result);
 1762              		.loc 2 465 3 view .LVU476
 1763              		.syntax unified
 1764              	@ 465 "Drivers/CMSIS/Include/cmsis_gcc.h" 1
 1765 002a EFF31183 		MRS r3, basepri
 1766              	@ 0 "" 2
 1767              	.LVL123:
 1768              		.loc 2 466 3 view .LVU477
 1769              		.loc 2 466 3 is_stmt 0 view .LVU478
 1770              		.thumb
 1771              		.syntax unified
 1772              	.LBE397:
 1773              	.LBE396:
 443:Middlewares/Third_Party/FreeRTOS/Source/CMSIS_RTOS_V2/cmsis_os2.c ****     state = osThreadError;
ARM GAS  C:\Users\31005\AppData\Local\Temp\ccDX7XtF.s 			page 66


 1774              		.loc 1 443 7 view .LVU479
 1775 002e 002B     		cmp	r3, #0
 1776 0030 F1D0     		beq	.L143
 444:Middlewares/Third_Party/FreeRTOS/Source/CMSIS_RTOS_V2/cmsis_os2.c ****   }
 1777              		.loc 1 444 11 view .LVU480
 1778 0032 4FF0FF30 		mov	r0, #-1
 1779              	.LVL124:
 444:Middlewares/Third_Party/FreeRTOS/Source/CMSIS_RTOS_V2/cmsis_os2.c ****   }
 1780              		.loc 1 444 11 view .LVU481
 1781 0036 00E0     		b	.L141
 1782              	.L148:
 447:Middlewares/Third_Party/FreeRTOS/Source/CMSIS_RTOS_V2/cmsis_os2.c ****       case eRunning:   state = osThreadRunning;    break;
 1783              		.loc 1 447 5 view .LVU482
 1784 0038 0220     		movs	r0, #2
 1785              	.L141:
 459:Middlewares/Third_Party/FreeRTOS/Source/CMSIS_RTOS_V2/cmsis_os2.c **** 
 1786              		.loc 1 459 1 view .LVU483
 1787 003a 08BD     		pop	{r3, pc}
 1788              	.L147:
 451:Middlewares/Third_Party/FreeRTOS/Source/CMSIS_RTOS_V2/cmsis_os2.c ****       case eDeleted:   state = osThreadTerminated; break;
 1789              		.loc 1 451 24 is_stmt 1 view .LVU484
 1790              	.LVL125:
 451:Middlewares/Third_Party/FreeRTOS/Source/CMSIS_RTOS_V2/cmsis_os2.c ****       case eDeleted:   state = osThreadTerminated; break;
 1791              		.loc 1 451 52 view .LVU485
 451:Middlewares/Third_Party/FreeRTOS/Source/CMSIS_RTOS_V2/cmsis_os2.c ****       case eDeleted:   state = osThreadTerminated; break;
 1792              		.loc 1 451 30 is_stmt 0 view .LVU486
 1793 003c 0320     		movs	r0, #3
 451:Middlewares/Third_Party/FreeRTOS/Source/CMSIS_RTOS_V2/cmsis_os2.c ****       case eDeleted:   state = osThreadTerminated; break;
 1794              		.loc 1 451 52 view .LVU487
 1795 003e FCE7     		b	.L141
 1796              	.LVL126:
 1797              	.L145:
 452:Middlewares/Third_Party/FreeRTOS/Source/CMSIS_RTOS_V2/cmsis_os2.c ****       case eInvalid:
 1798              		.loc 1 452 24 is_stmt 1 view .LVU488
 452:Middlewares/Third_Party/FreeRTOS/Source/CMSIS_RTOS_V2/cmsis_os2.c ****       case eInvalid:
 1799              		.loc 1 452 52 view .LVU489
 452:Middlewares/Third_Party/FreeRTOS/Source/CMSIS_RTOS_V2/cmsis_os2.c ****       case eInvalid:
 1800              		.loc 1 452 30 is_stmt 0 view .LVU490
 1801 0040 0420     		movs	r0, #4
 452:Middlewares/Third_Party/FreeRTOS/Source/CMSIS_RTOS_V2/cmsis_os2.c ****       case eInvalid:
 1802              		.loc 1 452 52 view .LVU491
 1803 0042 FAE7     		b	.L141
 1804              	.LVL127:
 1805              	.L144:
 454:Middlewares/Third_Party/FreeRTOS/Source/CMSIS_RTOS_V2/cmsis_os2.c ****     }
 1806              		.loc 1 454 24 is_stmt 1 view .LVU492
 454:Middlewares/Third_Party/FreeRTOS/Source/CMSIS_RTOS_V2/cmsis_os2.c ****     }
 1807              		.loc 1 454 52 view .LVU493
 454:Middlewares/Third_Party/FreeRTOS/Source/CMSIS_RTOS_V2/cmsis_os2.c ****     }
 1808              		.loc 1 454 30 is_stmt 0 view .LVU494
 1809 0044 4FF0FF30 		mov	r0, #-1
 454:Middlewares/Third_Party/FreeRTOS/Source/CMSIS_RTOS_V2/cmsis_os2.c ****     }
 1810              		.loc 1 454 52 view .LVU495
 1811 0048 F7E7     		b	.L141
 1812              	.LVL128:
 1813              	.L149:
 444:Middlewares/Third_Party/FreeRTOS/Source/CMSIS_RTOS_V2/cmsis_os2.c ****   }
ARM GAS  C:\Users\31005\AppData\Local\Temp\ccDX7XtF.s 			page 67


 1814              		.loc 1 444 11 view .LVU496
 1815 004a 4FF0FF30 		mov	r0, #-1
 1816              	.LVL129:
 444:Middlewares/Third_Party/FreeRTOS/Source/CMSIS_RTOS_V2/cmsis_os2.c ****   }
 1817              		.loc 1 444 11 view .LVU497
 1818 004e F4E7     		b	.L141
 1819              	.LVL130:
 1820              	.L150:
 444:Middlewares/Third_Party/FreeRTOS/Source/CMSIS_RTOS_V2/cmsis_os2.c ****   }
 1821              		.loc 1 444 11 view .LVU498
 1822 0050 4FF0FF30 		mov	r0, #-1
 1823              	.LVL131:
 444:Middlewares/Third_Party/FreeRTOS/Source/CMSIS_RTOS_V2/cmsis_os2.c ****   }
 1824              		.loc 1 444 11 view .LVU499
 1825 0054 F1E7     		b	.L141
 1826              	.LVL132:
 1827              	.L152:
 444:Middlewares/Third_Party/FreeRTOS/Source/CMSIS_RTOS_V2/cmsis_os2.c ****   }
 1828              		.loc 1 444 11 view .LVU500
 1829 0056 4FF0FF30 		mov	r0, #-1
 1830              	.LVL133:
 444:Middlewares/Third_Party/FreeRTOS/Source/CMSIS_RTOS_V2/cmsis_os2.c ****   }
 1831              		.loc 1 444 11 view .LVU501
 1832 005a EEE7     		b	.L141
 1833              	.L153:
 449:Middlewares/Third_Party/FreeRTOS/Source/CMSIS_RTOS_V2/cmsis_os2.c ****       case eBlocked:
 1834              		.loc 1 449 30 view .LVU502
 1835 005c 0120     		movs	r0, #1
 1836              	.LVL134:
 458:Middlewares/Third_Party/FreeRTOS/Source/CMSIS_RTOS_V2/cmsis_os2.c **** }
 1837              		.loc 1 458 3 is_stmt 1 view .LVU503
 458:Middlewares/Third_Party/FreeRTOS/Source/CMSIS_RTOS_V2/cmsis_os2.c **** }
 1838              		.loc 1 458 10 is_stmt 0 view .LVU504
 1839 005e ECE7     		b	.L141
 1840              	.L157:
 1841              		.align	2
 1842              	.L156:
 1843 0060 00000000 		.word	KernelState
 1844              		.cfi_endproc
 1845              	.LFE120:
 1847              		.section	.text.osThreadGetStackSpace,"ax",%progbits
 1848              		.align	1
 1849              		.global	osThreadGetStackSpace
 1850              		.syntax unified
 1851              		.thumb
 1852              		.thumb_func
 1854              	osThreadGetStackSpace:
 1855              	.LVL135:
 1856              	.LFB121:
 461:Middlewares/Third_Party/FreeRTOS/Source/CMSIS_RTOS_V2/cmsis_os2.c ****   TaskHandle_t hTask = (TaskHandle_t)thread_id;
 1857              		.loc 1 461 57 is_stmt 1 view -0
 1858              		.cfi_startproc
 1859              		@ args = 0, pretend = 0, frame = 0
 1860              		@ frame_needed = 0, uses_anonymous_args = 0
 461:Middlewares/Third_Party/FreeRTOS/Source/CMSIS_RTOS_V2/cmsis_os2.c ****   TaskHandle_t hTask = (TaskHandle_t)thread_id;
 1861              		.loc 1 461 57 is_stmt 0 view .LVU506
 1862 0000 08B5     		push	{r3, lr}
ARM GAS  C:\Users\31005\AppData\Local\Temp\ccDX7XtF.s 			page 68


 1863              	.LCFI16:
 1864              		.cfi_def_cfa_offset 8
 1865              		.cfi_offset 3, -8
 1866              		.cfi_offset 14, -4
 1867 0002 0346     		mov	r3, r0
 462:Middlewares/Third_Party/FreeRTOS/Source/CMSIS_RTOS_V2/cmsis_os2.c ****   uint32_t sz;
 1868              		.loc 1 462 3 is_stmt 1 view .LVU507
 1869              	.LVL136:
 463:Middlewares/Third_Party/FreeRTOS/Source/CMSIS_RTOS_V2/cmsis_os2.c **** 
 1870              		.loc 1 463 3 view .LVU508
 465:Middlewares/Third_Party/FreeRTOS/Source/CMSIS_RTOS_V2/cmsis_os2.c ****     sz = 0U;
 1871              		.loc 1 465 3 view .LVU509
 1872              	.LBB398:
 1873              	.LBI398:
 205:Drivers/CMSIS/Include/cmsis_gcc.h **** {
 1874              		.loc 2 205 31 view .LVU510
 1875              	.LBB399:
 207:Drivers/CMSIS/Include/cmsis_gcc.h **** 
 1876              		.loc 2 207 3 view .LVU511
 209:Drivers/CMSIS/Include/cmsis_gcc.h ****   return(result);
 1877              		.loc 2 209 3 view .LVU512
 1878              		.syntax unified
 1879              	@ 209 "Drivers/CMSIS/Include/cmsis_gcc.h" 1
 1880 0004 EFF30580 		MRS r0, ipsr
 1881              	@ 0 "" 2
 1882              	.LVL137:
 210:Drivers/CMSIS/Include/cmsis_gcc.h **** }
 1883              		.loc 2 210 3 view .LVU513
 210:Drivers/CMSIS/Include/cmsis_gcc.h **** }
 1884              		.loc 2 210 3 is_stmt 0 view .LVU514
 1885              		.thumb
 1886              		.syntax unified
 1887              	.LBE399:
 1888              	.LBE398:
 465:Middlewares/Third_Party/FreeRTOS/Source/CMSIS_RTOS_V2/cmsis_os2.c ****     sz = 0U;
 1889              		.loc 1 465 6 view .LVU515
 1890 0008 88B9     		cbnz	r0, .L161
 1891              	.LBB400:
 1892              	.LBI400:
 382:Drivers/CMSIS/Include/cmsis_gcc.h **** {
 1893              		.loc 2 382 31 is_stmt 1 view .LVU516
 1894              	.LBB401:
 384:Drivers/CMSIS/Include/cmsis_gcc.h **** 
 1895              		.loc 2 384 3 view .LVU517
 386:Drivers/CMSIS/Include/cmsis_gcc.h ****   return(result);
 1896              		.loc 2 386 3 view .LVU518
 1897              		.syntax unified
 1898              	@ 386 "Drivers/CMSIS/Include/cmsis_gcc.h" 1
 1899 000a EFF31082 		MRS r2, primask
 1900              	@ 0 "" 2
 1901              	.LVL138:
 387:Drivers/CMSIS/Include/cmsis_gcc.h **** }
 1902              		.loc 2 387 3 view .LVU519
 387:Drivers/CMSIS/Include/cmsis_gcc.h **** }
 1903              		.loc 2 387 3 is_stmt 0 view .LVU520
 1904              		.thumb
 1905              		.syntax unified
ARM GAS  C:\Users\31005\AppData\Local\Temp\ccDX7XtF.s 			page 69


 1906              	.LBE401:
 1907              	.LBE400:
 465:Middlewares/Third_Party/FreeRTOS/Source/CMSIS_RTOS_V2/cmsis_os2.c ****     sz = 0U;
 1908              		.loc 1 465 7 view .LVU521
 1909 000e 7AB9     		cbnz	r2, .L158
 465:Middlewares/Third_Party/FreeRTOS/Source/CMSIS_RTOS_V2/cmsis_os2.c ****     sz = 0U;
 1910              		.loc 1 465 7 discriminator 2 view .LVU522
 1911 0010 0949     		ldr	r1, .L166
 1912 0012 0968     		ldr	r1, [r1]
 1913 0014 0229     		cmp	r1, #2
 1914 0016 04D0     		beq	.L165
 1915              	.L160:
 465:Middlewares/Third_Party/FreeRTOS/Source/CMSIS_RTOS_V2/cmsis_os2.c ****     sz = 0U;
 1916              		.loc 1 465 16 discriminator 5 view .LVU523
 1917 0018 5BB1     		cbz	r3, .L163
 468:Middlewares/Third_Party/FreeRTOS/Source/CMSIS_RTOS_V2/cmsis_os2.c ****   }
 1918              		.loc 1 468 5 is_stmt 1 view .LVU524
 468:Middlewares/Third_Party/FreeRTOS/Source/CMSIS_RTOS_V2/cmsis_os2.c ****   }
 1919              		.loc 1 468 20 is_stmt 0 view .LVU525
 1920 001a 1846     		mov	r0, r3
 1921 001c FFF7FEFF 		bl	uxTaskGetStackHighWaterMark
 1922              	.LVL139:
 468:Middlewares/Third_Party/FreeRTOS/Source/CMSIS_RTOS_V2/cmsis_os2.c ****   }
 1923              		.loc 1 468 20 view .LVU526
 1924 0020 06E0     		b	.L158
 1925              	.LVL140:
 1926              	.L165:
 1927              	.LBB402:
 1928              	.LBI402:
 461:Drivers/CMSIS/Include/cmsis_gcc.h **** {
 1929              		.loc 2 461 31 is_stmt 1 view .LVU527
 1930              	.LBB403:
 463:Drivers/CMSIS/Include/cmsis_gcc.h **** 
 1931              		.loc 2 463 3 view .LVU528
 465:Drivers/CMSIS/Include/cmsis_gcc.h ****   return(result);
 1932              		.loc 2 465 3 view .LVU529
 1933              		.syntax unified
 1934              	@ 465 "Drivers/CMSIS/Include/cmsis_gcc.h" 1
 1935 0022 EFF31181 		MRS r1, basepri
 1936              	@ 0 "" 2
 1937              	.LVL141:
 1938              		.loc 2 466 3 view .LVU530
 1939              		.loc 2 466 3 is_stmt 0 view .LVU531
 1940              		.thumb
 1941              		.syntax unified
 1942              	.LBE403:
 1943              	.LBE402:
 465:Middlewares/Third_Party/FreeRTOS/Source/CMSIS_RTOS_V2/cmsis_os2.c ****     sz = 0U;
 1944              		.loc 1 465 7 view .LVU532
 1945 0026 0029     		cmp	r1, #0
 1946 0028 F6D0     		beq	.L160
 466:Middlewares/Third_Party/FreeRTOS/Source/CMSIS_RTOS_V2/cmsis_os2.c ****   } else {
 1947              		.loc 1 466 8 view .LVU533
 1948 002a 1046     		mov	r0, r2
 1949 002c 00E0     		b	.L158
 1950              	.L161:
 1951 002e 0020     		movs	r0, #0
ARM GAS  C:\Users\31005\AppData\Local\Temp\ccDX7XtF.s 			page 70


 1952              	.LVL142:
 1953              	.L158:
 472:Middlewares/Third_Party/FreeRTOS/Source/CMSIS_RTOS_V2/cmsis_os2.c **** 
 1954              		.loc 1 472 1 view .LVU534
 1955 0030 08BD     		pop	{r3, pc}
 1956              	.LVL143:
 1957              	.L163:
 466:Middlewares/Third_Party/FreeRTOS/Source/CMSIS_RTOS_V2/cmsis_os2.c ****   } else {
 1958              		.loc 1 466 8 view .LVU535
 1959 0032 1046     		mov	r0, r2
 1960              	.LVL144:
 471:Middlewares/Third_Party/FreeRTOS/Source/CMSIS_RTOS_V2/cmsis_os2.c **** }
 1961              		.loc 1 471 3 is_stmt 1 view .LVU536
 471:Middlewares/Third_Party/FreeRTOS/Source/CMSIS_RTOS_V2/cmsis_os2.c **** }
 1962              		.loc 1 471 10 is_stmt 0 view .LVU537
 1963 0034 FCE7     		b	.L158
 1964              	.L167:
 1965 0036 00BF     		.align	2
 1966              	.L166:
 1967 0038 00000000 		.word	KernelState
 1968              		.cfi_endproc
 1969              	.LFE121:
 1971              		.section	.text.osThreadGetStackSize,"ax",%progbits
 1972              		.align	1
 1973              		.global	osThreadGetStackSize
 1974              		.syntax unified
 1975              		.thumb
 1976              		.thumb_func
 1978              	osThreadGetStackSize:
 1979              	.LVL145:
 1980              	.LFB122:
 474:Middlewares/Third_Party/FreeRTOS/Source/CMSIS_RTOS_V2/cmsis_os2.c ****   /*
 1981              		.loc 1 474 56 is_stmt 1 view -0
 1982              		.cfi_startproc
 1983              		@ args = 0, pretend = 0, frame = 0
 1984              		@ frame_needed = 0, uses_anonymous_args = 0
 1985              		@ link register save eliminated.
 480:Middlewares/Third_Party/FreeRTOS/Source/CMSIS_RTOS_V2/cmsis_os2.c ****   return 0;
 1986              		.loc 1 480 3 view .LVU539
 481:Middlewares/Third_Party/FreeRTOS/Source/CMSIS_RTOS_V2/cmsis_os2.c **** }
 1987              		.loc 1 481 3 view .LVU540
 482:Middlewares/Third_Party/FreeRTOS/Source/CMSIS_RTOS_V2/cmsis_os2.c **** 
 1988              		.loc 1 482 1 is_stmt 0 view .LVU541
 1989 0000 0020     		movs	r0, #0
 1990              	.LVL146:
 482:Middlewares/Third_Party/FreeRTOS/Source/CMSIS_RTOS_V2/cmsis_os2.c **** 
 1991              		.loc 1 482 1 view .LVU542
 1992 0002 7047     		bx	lr
 1993              		.cfi_endproc
 1994              	.LFE122:
 1996              		.section	.text.osThreadSetPriority,"ax",%progbits
 1997              		.align	1
 1998              		.global	osThreadSetPriority
 1999              		.syntax unified
 2000              		.thumb
 2001              		.thumb_func
 2003              	osThreadSetPriority:
ARM GAS  C:\Users\31005\AppData\Local\Temp\ccDX7XtF.s 			page 71


 2004              	.LVL147:
 2005              	.LFB123:
 484:Middlewares/Third_Party/FreeRTOS/Source/CMSIS_RTOS_V2/cmsis_os2.c ****   TaskHandle_t hTask = (TaskHandle_t)thread_id;
 2006              		.loc 1 484 80 is_stmt 1 view -0
 2007              		.cfi_startproc
 2008              		@ args = 0, pretend = 0, frame = 0
 2009              		@ frame_needed = 0, uses_anonymous_args = 0
 484:Middlewares/Third_Party/FreeRTOS/Source/CMSIS_RTOS_V2/cmsis_os2.c ****   TaskHandle_t hTask = (TaskHandle_t)thread_id;
 2010              		.loc 1 484 80 is_stmt 0 view .LVU544
 2011 0000 08B5     		push	{r3, lr}
 2012              	.LCFI17:
 2013              		.cfi_def_cfa_offset 8
 2014              		.cfi_offset 3, -8
 2015              		.cfi_offset 14, -4
 485:Middlewares/Third_Party/FreeRTOS/Source/CMSIS_RTOS_V2/cmsis_os2.c ****   osStatus_t stat;
 2016              		.loc 1 485 3 is_stmt 1 view .LVU545
 2017              	.LVL148:
 486:Middlewares/Third_Party/FreeRTOS/Source/CMSIS_RTOS_V2/cmsis_os2.c **** 
 2018              		.loc 1 486 3 view .LVU546
 488:Middlewares/Third_Party/FreeRTOS/Source/CMSIS_RTOS_V2/cmsis_os2.c ****     stat = osErrorISR;
 2019              		.loc 1 488 3 view .LVU547
 2020              	.LBB404:
 2021              	.LBI404:
 205:Drivers/CMSIS/Include/cmsis_gcc.h **** {
 2022              		.loc 2 205 31 view .LVU548
 2023              	.LBB405:
 207:Drivers/CMSIS/Include/cmsis_gcc.h **** 
 2024              		.loc 2 207 3 view .LVU549
 209:Drivers/CMSIS/Include/cmsis_gcc.h ****   return(result);
 2025              		.loc 2 209 3 view .LVU550
 2026              		.syntax unified
 2027              	@ 209 "Drivers/CMSIS/Include/cmsis_gcc.h" 1
 2028 0002 EFF30583 		MRS r3, ipsr
 2029              	@ 0 "" 2
 2030              	.LVL149:
 210:Drivers/CMSIS/Include/cmsis_gcc.h **** }
 2031              		.loc 2 210 3 view .LVU551
 210:Drivers/CMSIS/Include/cmsis_gcc.h **** }
 2032              		.loc 2 210 3 is_stmt 0 view .LVU552
 2033              		.thumb
 2034              		.syntax unified
 2035              	.LBE405:
 2036              	.LBE404:
 488:Middlewares/Third_Party/FreeRTOS/Source/CMSIS_RTOS_V2/cmsis_os2.c ****     stat = osErrorISR;
 2037              		.loc 1 488 6 view .LVU553
 2038 0006 B3B9     		cbnz	r3, .L172
 2039              	.LBB406:
 2040              	.LBI406:
 382:Drivers/CMSIS/Include/cmsis_gcc.h **** {
 2041              		.loc 2 382 31 is_stmt 1 view .LVU554
 2042              	.LBB407:
 384:Drivers/CMSIS/Include/cmsis_gcc.h **** 
 2043              		.loc 2 384 3 view .LVU555
 386:Drivers/CMSIS/Include/cmsis_gcc.h ****   return(result);
 2044              		.loc 2 386 3 view .LVU556
 2045              		.syntax unified
 2046              	@ 386 "Drivers/CMSIS/Include/cmsis_gcc.h" 1
ARM GAS  C:\Users\31005\AppData\Local\Temp\ccDX7XtF.s 			page 72


 2047 0008 EFF31083 		MRS r3, primask
 2048              	@ 0 "" 2
 2049              	.LVL150:
 387:Drivers/CMSIS/Include/cmsis_gcc.h **** }
 2050              		.loc 2 387 3 view .LVU557
 387:Drivers/CMSIS/Include/cmsis_gcc.h **** }
 2051              		.loc 2 387 3 is_stmt 0 view .LVU558
 2052              		.thumb
 2053              		.syntax unified
 2054              	.LBE407:
 2055              	.LBE406:
 488:Middlewares/Third_Party/FreeRTOS/Source/CMSIS_RTOS_V2/cmsis_os2.c ****     stat = osErrorISR;
 2056              		.loc 1 488 7 view .LVU559
 2057 000c B3B9     		cbnz	r3, .L173
 488:Middlewares/Third_Party/FreeRTOS/Source/CMSIS_RTOS_V2/cmsis_os2.c ****     stat = osErrorISR;
 2058              		.loc 1 488 7 discriminator 2 view .LVU560
 2059 000e 114B     		ldr	r3, .L180
 2060 0010 1B68     		ldr	r3, [r3]
 2061 0012 022B     		cmp	r3, #2
 2062 0014 08D0     		beq	.L179
 2063              	.L171:
 491:Middlewares/Third_Party/FreeRTOS/Source/CMSIS_RTOS_V2/cmsis_os2.c ****     stat = osErrorParameter;
 2064              		.loc 1 491 8 is_stmt 1 view .LVU561
 491:Middlewares/Third_Party/FreeRTOS/Source/CMSIS_RTOS_V2/cmsis_os2.c ****     stat = osErrorParameter;
 2065              		.loc 1 491 11 is_stmt 0 view .LVU562
 2066 0016 A0B1     		cbz	r0, .L175
 491:Middlewares/Third_Party/FreeRTOS/Source/CMSIS_RTOS_V2/cmsis_os2.c ****     stat = osErrorParameter;
 2067              		.loc 1 491 28 discriminator 1 view .LVU563
 2068 0018 0029     		cmp	r1, #0
 2069 001a 15DD     		ble	.L176
 491:Middlewares/Third_Party/FreeRTOS/Source/CMSIS_RTOS_V2/cmsis_os2.c ****     stat = osErrorParameter;
 2070              		.loc 1 491 59 discriminator 2 view .LVU564
 2071 001c 3829     		cmp	r1, #56
 2072 001e 16DC     		bgt	.L177
 495:Middlewares/Third_Party/FreeRTOS/Source/CMSIS_RTOS_V2/cmsis_os2.c ****     vTaskPrioritySet (hTask, (UBaseType_t)priority);
 2073              		.loc 1 495 5 is_stmt 1 view .LVU565
 2074              	.LVL151:
 496:Middlewares/Third_Party/FreeRTOS/Source/CMSIS_RTOS_V2/cmsis_os2.c ****   }
 2075              		.loc 1 496 5 view .LVU566
 2076 0020 FFF7FEFF 		bl	vTaskPrioritySet
 2077              	.LVL152:
 495:Middlewares/Third_Party/FreeRTOS/Source/CMSIS_RTOS_V2/cmsis_os2.c ****     vTaskPrioritySet (hTask, (UBaseType_t)priority);
 2078              		.loc 1 495 10 is_stmt 0 view .LVU567
 2079 0024 0020     		movs	r0, #0
 2080              	.LVL153:
 2081              	.L169:
 500:Middlewares/Third_Party/FreeRTOS/Source/CMSIS_RTOS_V2/cmsis_os2.c **** 
 2082              		.loc 1 500 1 view .LVU568
 2083 0026 08BD     		pop	{r3, pc}
 2084              	.LVL154:
 2085              	.L179:
 2086              	.LBB408:
 2087              	.LBI408:
 461:Drivers/CMSIS/Include/cmsis_gcc.h **** {
 2088              		.loc 2 461 31 is_stmt 1 view .LVU569
 2089              	.LBB409:
 463:Drivers/CMSIS/Include/cmsis_gcc.h **** 
ARM GAS  C:\Users\31005\AppData\Local\Temp\ccDX7XtF.s 			page 73


 2090              		.loc 2 463 3 view .LVU570
 465:Drivers/CMSIS/Include/cmsis_gcc.h ****   return(result);
 2091              		.loc 2 465 3 view .LVU571
 2092              		.syntax unified
 2093              	@ 465 "Drivers/CMSIS/Include/cmsis_gcc.h" 1
 2094 0028 EFF31183 		MRS r3, basepri
 2095              	@ 0 "" 2
 2096              	.LVL155:
 2097              		.loc 2 466 3 view .LVU572
 2098              		.loc 2 466 3 is_stmt 0 view .LVU573
 2099              		.thumb
 2100              		.syntax unified
 2101              	.LBE409:
 2102              	.LBE408:
 488:Middlewares/Third_Party/FreeRTOS/Source/CMSIS_RTOS_V2/cmsis_os2.c ****     stat = osErrorISR;
 2103              		.loc 1 488 7 view .LVU574
 2104 002c 002B     		cmp	r3, #0
 2105 002e F2D0     		beq	.L171
 489:Middlewares/Third_Party/FreeRTOS/Source/CMSIS_RTOS_V2/cmsis_os2.c ****   }
 2106              		.loc 1 489 10 view .LVU575
 2107 0030 6FF00500 		mvn	r0, #5
 2108              	.LVL156:
 489:Middlewares/Third_Party/FreeRTOS/Source/CMSIS_RTOS_V2/cmsis_os2.c ****   }
 2109              		.loc 1 489 10 view .LVU576
 2110 0034 F7E7     		b	.L169
 2111              	.LVL157:
 2112              	.L172:
 489:Middlewares/Third_Party/FreeRTOS/Source/CMSIS_RTOS_V2/cmsis_os2.c ****   }
 2113              		.loc 1 489 10 view .LVU577
 2114 0036 6FF00500 		mvn	r0, #5
 2115              	.LVL158:
 489:Middlewares/Third_Party/FreeRTOS/Source/CMSIS_RTOS_V2/cmsis_os2.c ****   }
 2116              		.loc 1 489 10 view .LVU578
 2117 003a F4E7     		b	.L169
 2118              	.LVL159:
 2119              	.L173:
 489:Middlewares/Third_Party/FreeRTOS/Source/CMSIS_RTOS_V2/cmsis_os2.c ****   }
 2120              		.loc 1 489 10 view .LVU579
 2121 003c 6FF00500 		mvn	r0, #5
 2122              	.LVL160:
 489:Middlewares/Third_Party/FreeRTOS/Source/CMSIS_RTOS_V2/cmsis_os2.c ****   }
 2123              		.loc 1 489 10 view .LVU580
 2124 0040 F1E7     		b	.L169
 2125              	.LVL161:
 2126              	.L175:
 492:Middlewares/Third_Party/FreeRTOS/Source/CMSIS_RTOS_V2/cmsis_os2.c ****   }
 2127              		.loc 1 492 10 view .LVU581
 2128 0042 6FF00300 		mvn	r0, #3
 2129              	.LVL162:
 492:Middlewares/Third_Party/FreeRTOS/Source/CMSIS_RTOS_V2/cmsis_os2.c ****   }
 2130              		.loc 1 492 10 view .LVU582
 2131 0046 EEE7     		b	.L169
 2132              	.LVL163:
 2133              	.L176:
 492:Middlewares/Third_Party/FreeRTOS/Source/CMSIS_RTOS_V2/cmsis_os2.c ****   }
 2134              		.loc 1 492 10 view .LVU583
 2135 0048 6FF00300 		mvn	r0, #3
ARM GAS  C:\Users\31005\AppData\Local\Temp\ccDX7XtF.s 			page 74


 2136              	.LVL164:
 492:Middlewares/Third_Party/FreeRTOS/Source/CMSIS_RTOS_V2/cmsis_os2.c ****   }
 2137              		.loc 1 492 10 view .LVU584
 2138 004c EBE7     		b	.L169
 2139              	.LVL165:
 2140              	.L177:
 492:Middlewares/Third_Party/FreeRTOS/Source/CMSIS_RTOS_V2/cmsis_os2.c ****   }
 2141              		.loc 1 492 10 view .LVU585
 2142 004e 6FF00300 		mvn	r0, #3
 2143              	.LVL166:
 499:Middlewares/Third_Party/FreeRTOS/Source/CMSIS_RTOS_V2/cmsis_os2.c **** }
 2144              		.loc 1 499 3 is_stmt 1 view .LVU586
 499:Middlewares/Third_Party/FreeRTOS/Source/CMSIS_RTOS_V2/cmsis_os2.c **** }
 2145              		.loc 1 499 10 is_stmt 0 view .LVU587
 2146 0052 E8E7     		b	.L169
 2147              	.L181:
 2148              		.align	2
 2149              	.L180:
 2150 0054 00000000 		.word	KernelState
 2151              		.cfi_endproc
 2152              	.LFE123:
 2154              		.section	.text.osThreadGetPriority,"ax",%progbits
 2155              		.align	1
 2156              		.global	osThreadGetPriority
 2157              		.syntax unified
 2158              		.thumb
 2159              		.thumb_func
 2161              	osThreadGetPriority:
 2162              	.LVL167:
 2163              	.LFB124:
 502:Middlewares/Third_Party/FreeRTOS/Source/CMSIS_RTOS_V2/cmsis_os2.c ****   TaskHandle_t hTask = (TaskHandle_t)thread_id;
 2164              		.loc 1 502 59 is_stmt 1 view -0
 2165              		.cfi_startproc
 2166              		@ args = 0, pretend = 0, frame = 0
 2167              		@ frame_needed = 0, uses_anonymous_args = 0
 502:Middlewares/Third_Party/FreeRTOS/Source/CMSIS_RTOS_V2/cmsis_os2.c ****   TaskHandle_t hTask = (TaskHandle_t)thread_id;
 2168              		.loc 1 502 59 is_stmt 0 view .LVU589
 2169 0000 08B5     		push	{r3, lr}
 2170              	.LCFI18:
 2171              		.cfi_def_cfa_offset 8
 2172              		.cfi_offset 3, -8
 2173              		.cfi_offset 14, -4
 503:Middlewares/Third_Party/FreeRTOS/Source/CMSIS_RTOS_V2/cmsis_os2.c ****   osPriority_t prio;
 2174              		.loc 1 503 3 is_stmt 1 view .LVU590
 2175              	.LVL168:
 504:Middlewares/Third_Party/FreeRTOS/Source/CMSIS_RTOS_V2/cmsis_os2.c **** 
 2176              		.loc 1 504 3 view .LVU591
 506:Middlewares/Third_Party/FreeRTOS/Source/CMSIS_RTOS_V2/cmsis_os2.c ****     prio = osPriorityError;
 2177              		.loc 1 506 3 view .LVU592
 2178              	.LBB410:
 2179              	.LBI410:
 205:Drivers/CMSIS/Include/cmsis_gcc.h **** {
 2180              		.loc 2 205 31 view .LVU593
 2181              	.LBB411:
 207:Drivers/CMSIS/Include/cmsis_gcc.h **** 
 2182              		.loc 2 207 3 view .LVU594
 209:Drivers/CMSIS/Include/cmsis_gcc.h ****   return(result);
ARM GAS  C:\Users\31005\AppData\Local\Temp\ccDX7XtF.s 			page 75


 2183              		.loc 2 209 3 view .LVU595
 2184              		.syntax unified
 2185              	@ 209 "Drivers/CMSIS/Include/cmsis_gcc.h" 1
 2186 0002 EFF30583 		MRS r3, ipsr
 2187              	@ 0 "" 2
 2188              	.LVL169:
 210:Drivers/CMSIS/Include/cmsis_gcc.h **** }
 2189              		.loc 2 210 3 view .LVU596
 210:Drivers/CMSIS/Include/cmsis_gcc.h **** }
 2190              		.loc 2 210 3 is_stmt 0 view .LVU597
 2191              		.thumb
 2192              		.syntax unified
 2193              	.LBE411:
 2194              	.LBE410:
 506:Middlewares/Third_Party/FreeRTOS/Source/CMSIS_RTOS_V2/cmsis_os2.c ****     prio = osPriorityError;
 2195              		.loc 1 506 6 view .LVU598
 2196 0006 8BB9     		cbnz	r3, .L185
 2197              	.LBB412:
 2198              	.LBI412:
 382:Drivers/CMSIS/Include/cmsis_gcc.h **** {
 2199              		.loc 2 382 31 is_stmt 1 view .LVU599
 2200              	.LBB413:
 384:Drivers/CMSIS/Include/cmsis_gcc.h **** 
 2201              		.loc 2 384 3 view .LVU600
 386:Drivers/CMSIS/Include/cmsis_gcc.h ****   return(result);
 2202              		.loc 2 386 3 view .LVU601
 2203              		.syntax unified
 2204              	@ 386 "Drivers/CMSIS/Include/cmsis_gcc.h" 1
 2205 0008 EFF31083 		MRS r3, primask
 2206              	@ 0 "" 2
 2207              	.LVL170:
 387:Drivers/CMSIS/Include/cmsis_gcc.h **** }
 2208              		.loc 2 387 3 view .LVU602
 387:Drivers/CMSIS/Include/cmsis_gcc.h **** }
 2209              		.loc 2 387 3 is_stmt 0 view .LVU603
 2210              		.thumb
 2211              		.syntax unified
 2212              	.LBE413:
 2213              	.LBE412:
 506:Middlewares/Third_Party/FreeRTOS/Source/CMSIS_RTOS_V2/cmsis_os2.c ****     prio = osPriorityError;
 2214              		.loc 1 506 7 view .LVU604
 2215 000c 8BB9     		cbnz	r3, .L186
 506:Middlewares/Third_Party/FreeRTOS/Source/CMSIS_RTOS_V2/cmsis_os2.c ****     prio = osPriorityError;
 2216              		.loc 1 506 7 discriminator 2 view .LVU605
 2217 000e 0C4B     		ldr	r3, .L191
 2218 0010 1B68     		ldr	r3, [r3]
 2219 0012 022B     		cmp	r3, #2
 2220 0014 03D0     		beq	.L190
 2221              	.L184:
 506:Middlewares/Third_Party/FreeRTOS/Source/CMSIS_RTOS_V2/cmsis_os2.c ****     prio = osPriorityError;
 2222              		.loc 1 506 16 discriminator 5 view .LVU606
 2223 0016 78B1     		cbz	r0, .L188
 509:Middlewares/Third_Party/FreeRTOS/Source/CMSIS_RTOS_V2/cmsis_os2.c ****   }
 2224              		.loc 1 509 5 is_stmt 1 view .LVU607
 509:Middlewares/Third_Party/FreeRTOS/Source/CMSIS_RTOS_V2/cmsis_os2.c ****   }
 2225              		.loc 1 509 26 is_stmt 0 view .LVU608
 2226 0018 FFF7FEFF 		bl	uxTaskPriorityGet
ARM GAS  C:\Users\31005\AppData\Local\Temp\ccDX7XtF.s 			page 76


 2227              	.LVL171:
 2228              	.L182:
 513:Middlewares/Third_Party/FreeRTOS/Source/CMSIS_RTOS_V2/cmsis_os2.c **** 
 2229              		.loc 1 513 1 view .LVU609
 2230 001c 08BD     		pop	{r3, pc}
 2231              	.LVL172:
 2232              	.L190:
 2233              	.LBB414:
 2234              	.LBI414:
 461:Drivers/CMSIS/Include/cmsis_gcc.h **** {
 2235              		.loc 2 461 31 is_stmt 1 view .LVU610
 2236              	.LBB415:
 463:Drivers/CMSIS/Include/cmsis_gcc.h **** 
 2237              		.loc 2 463 3 view .LVU611
 465:Drivers/CMSIS/Include/cmsis_gcc.h ****   return(result);
 2238              		.loc 2 465 3 view .LVU612
 2239              		.syntax unified
 2240              	@ 465 "Drivers/CMSIS/Include/cmsis_gcc.h" 1
 2241 001e EFF31183 		MRS r3, basepri
 2242              	@ 0 "" 2
 2243              	.LVL173:
 2244              		.loc 2 466 3 view .LVU613
 2245              		.loc 2 466 3 is_stmt 0 view .LVU614
 2246              		.thumb
 2247              		.syntax unified
 2248              	.LBE415:
 2249              	.LBE414:
 506:Middlewares/Third_Party/FreeRTOS/Source/CMSIS_RTOS_V2/cmsis_os2.c ****     prio = osPriorityError;
 2250              		.loc 1 506 7 view .LVU615
 2251 0022 002B     		cmp	r3, #0
 2252 0024 F7D0     		beq	.L184
 507:Middlewares/Third_Party/FreeRTOS/Source/CMSIS_RTOS_V2/cmsis_os2.c ****   } else {
 2253              		.loc 1 507 10 view .LVU616
 2254 0026 4FF0FF30 		mov	r0, #-1
 2255              	.LVL174:
 507:Middlewares/Third_Party/FreeRTOS/Source/CMSIS_RTOS_V2/cmsis_os2.c ****   } else {
 2256              		.loc 1 507 10 view .LVU617
 2257 002a F7E7     		b	.L182
 2258              	.LVL175:
 2259              	.L185:
 507:Middlewares/Third_Party/FreeRTOS/Source/CMSIS_RTOS_V2/cmsis_os2.c ****   } else {
 2260              		.loc 1 507 10 view .LVU618
 2261 002c 4FF0FF30 		mov	r0, #-1
 2262              	.LVL176:
 507:Middlewares/Third_Party/FreeRTOS/Source/CMSIS_RTOS_V2/cmsis_os2.c ****   } else {
 2263              		.loc 1 507 10 view .LVU619
 2264 0030 F4E7     		b	.L182
 2265              	.LVL177:
 2266              	.L186:
 507:Middlewares/Third_Party/FreeRTOS/Source/CMSIS_RTOS_V2/cmsis_os2.c ****   } else {
 2267              		.loc 1 507 10 view .LVU620
 2268 0032 4FF0FF30 		mov	r0, #-1
 2269              	.LVL178:
 507:Middlewares/Third_Party/FreeRTOS/Source/CMSIS_RTOS_V2/cmsis_os2.c ****   } else {
 2270              		.loc 1 507 10 view .LVU621
 2271 0036 F1E7     		b	.L182
 2272              	.LVL179:
ARM GAS  C:\Users\31005\AppData\Local\Temp\ccDX7XtF.s 			page 77


 2273              	.L188:
 507:Middlewares/Third_Party/FreeRTOS/Source/CMSIS_RTOS_V2/cmsis_os2.c ****   } else {
 2274              		.loc 1 507 10 view .LVU622
 2275 0038 4FF0FF30 		mov	r0, #-1
 2276              	.LVL180:
 512:Middlewares/Third_Party/FreeRTOS/Source/CMSIS_RTOS_V2/cmsis_os2.c **** }
 2277              		.loc 1 512 3 is_stmt 1 view .LVU623
 512:Middlewares/Third_Party/FreeRTOS/Source/CMSIS_RTOS_V2/cmsis_os2.c **** }
 2278              		.loc 1 512 10 is_stmt 0 view .LVU624
 2279 003c EEE7     		b	.L182
 2280              	.L192:
 2281 003e 00BF     		.align	2
 2282              	.L191:
 2283 0040 00000000 		.word	KernelState
 2284              		.cfi_endproc
 2285              	.LFE124:
 2287              		.section	.text.osThreadYield,"ax",%progbits
 2288              		.align	1
 2289              		.global	osThreadYield
 2290              		.syntax unified
 2291              		.thumb
 2292              		.thumb_func
 2294              	osThreadYield:
 2295              	.LFB125:
 515:Middlewares/Third_Party/FreeRTOS/Source/CMSIS_RTOS_V2/cmsis_os2.c ****   osStatus_t stat;
 2296              		.loc 1 515 33 is_stmt 1 view -0
 2297              		.cfi_startproc
 2298              		@ args = 0, pretend = 0, frame = 0
 2299              		@ frame_needed = 0, uses_anonymous_args = 0
 2300              		@ link register save eliminated.
 516:Middlewares/Third_Party/FreeRTOS/Source/CMSIS_RTOS_V2/cmsis_os2.c **** 
 2301              		.loc 1 516 3 view .LVU626
 518:Middlewares/Third_Party/FreeRTOS/Source/CMSIS_RTOS_V2/cmsis_os2.c ****     stat = osErrorISR;
 2302              		.loc 1 518 3 view .LVU627
 2303              	.LBB416:
 2304              	.LBI416:
 205:Drivers/CMSIS/Include/cmsis_gcc.h **** {
 2305              		.loc 2 205 31 view .LVU628
 2306              	.LBB417:
 207:Drivers/CMSIS/Include/cmsis_gcc.h **** 
 2307              		.loc 2 207 3 view .LVU629
 209:Drivers/CMSIS/Include/cmsis_gcc.h ****   return(result);
 2308              		.loc 2 209 3 view .LVU630
 2309              		.syntax unified
 2310              	@ 209 "Drivers/CMSIS/Include/cmsis_gcc.h" 1
 2311 0000 EFF30583 		MRS r3, ipsr
 2312              	@ 0 "" 2
 2313              	.LVL181:
 210:Drivers/CMSIS/Include/cmsis_gcc.h **** }
 2314              		.loc 2 210 3 view .LVU631
 210:Drivers/CMSIS/Include/cmsis_gcc.h **** }
 2315              		.loc 2 210 3 is_stmt 0 view .LVU632
 2316              		.thumb
 2317              		.syntax unified
 2318              	.LBE417:
 2319              	.LBE416:
 518:Middlewares/Third_Party/FreeRTOS/Source/CMSIS_RTOS_V2/cmsis_os2.c ****     stat = osErrorISR;
ARM GAS  C:\Users\31005\AppData\Local\Temp\ccDX7XtF.s 			page 78


 2320              		.loc 1 518 6 view .LVU633
 2321 0004 CBB9     		cbnz	r3, .L196
 2322              	.LBB418:
 2323              	.LBI418:
 382:Drivers/CMSIS/Include/cmsis_gcc.h **** {
 2324              		.loc 2 382 31 is_stmt 1 view .LVU634
 2325              	.LBB419:
 384:Drivers/CMSIS/Include/cmsis_gcc.h **** 
 2326              		.loc 2 384 3 view .LVU635
 386:Drivers/CMSIS/Include/cmsis_gcc.h ****   return(result);
 2327              		.loc 2 386 3 view .LVU636
 2328              		.syntax unified
 2329              	@ 386 "Drivers/CMSIS/Include/cmsis_gcc.h" 1
 2330 0006 EFF31083 		MRS r3, primask
 2331              	@ 0 "" 2
 2332              	.LVL182:
 387:Drivers/CMSIS/Include/cmsis_gcc.h **** }
 2333              		.loc 2 387 3 view .LVU637
 387:Drivers/CMSIS/Include/cmsis_gcc.h **** }
 2334              		.loc 2 387 3 is_stmt 0 view .LVU638
 2335              		.thumb
 2336              		.syntax unified
 2337              	.LBE419:
 2338              	.LBE418:
 518:Middlewares/Third_Party/FreeRTOS/Source/CMSIS_RTOS_V2/cmsis_os2.c ****     stat = osErrorISR;
 2339              		.loc 1 518 7 view .LVU639
 2340 000a CBB9     		cbnz	r3, .L197
 518:Middlewares/Third_Party/FreeRTOS/Source/CMSIS_RTOS_V2/cmsis_os2.c ****     stat = osErrorISR;
 2341              		.loc 1 518 7 discriminator 2 view .LVU640
 2342 000c 0E4B     		ldr	r3, .L200
 2343 000e 1B68     		ldr	r3, [r3]
 2344 0010 022B     		cmp	r3, #2
 2345 0012 0BD0     		beq	.L199
 2346              	.L195:
 521:Middlewares/Third_Party/FreeRTOS/Source/CMSIS_RTOS_V2/cmsis_os2.c ****     taskYIELD();
 2347              		.loc 1 521 5 is_stmt 1 view .LVU641
 2348              	.LVL183:
 522:Middlewares/Third_Party/FreeRTOS/Source/CMSIS_RTOS_V2/cmsis_os2.c ****   }
 2349              		.loc 1 522 5 view .LVU642
 2350 0014 4FF0E023 		mov	r3, #-536813568
 2351 0018 4FF08052 		mov	r2, #268435456
 2352 001c C3F8042D 		str	r2, [r3, #3332]
 522:Middlewares/Third_Party/FreeRTOS/Source/CMSIS_RTOS_V2/cmsis_os2.c ****   }
 2353              		.loc 1 522 5 view .LVU643
 2354              		.syntax unified
 2355              	@ 522 "Middlewares/Third_Party/FreeRTOS/Source/CMSIS_RTOS_V2/cmsis_os2.c" 1
 2356 0020 BFF34F8F 		dsb
 2357              	@ 0 "" 2
 522:Middlewares/Third_Party/FreeRTOS/Source/CMSIS_RTOS_V2/cmsis_os2.c ****   }
 2358              		.loc 1 522 5 view .LVU644
 2359              	@ 522 "Middlewares/Third_Party/FreeRTOS/Source/CMSIS_RTOS_V2/cmsis_os2.c" 1
 2360 0024 BFF36F8F 		isb
 2361              	@ 0 "" 2
 521:Middlewares/Third_Party/FreeRTOS/Source/CMSIS_RTOS_V2/cmsis_os2.c ****     taskYIELD();
 2362              		.loc 1 521 10 is_stmt 0 view .LVU645
 2363              		.thumb
 2364              		.syntax unified
ARM GAS  C:\Users\31005\AppData\Local\Temp\ccDX7XtF.s 			page 79


 2365 0028 0020     		movs	r0, #0
 2366 002a 7047     		bx	lr
 2367              	.LVL184:
 2368              	.L199:
 2369              	.LBB420:
 2370              	.LBI420:
 461:Drivers/CMSIS/Include/cmsis_gcc.h **** {
 2371              		.loc 2 461 31 is_stmt 1 view .LVU646
 2372              	.LBB421:
 463:Drivers/CMSIS/Include/cmsis_gcc.h **** 
 2373              		.loc 2 463 3 view .LVU647
 465:Drivers/CMSIS/Include/cmsis_gcc.h ****   return(result);
 2374              		.loc 2 465 3 view .LVU648
 2375              		.syntax unified
 2376              	@ 465 "Drivers/CMSIS/Include/cmsis_gcc.h" 1
 2377 002c EFF31183 		MRS r3, basepri
 2378              	@ 0 "" 2
 2379              	.LVL185:
 2380              		.loc 2 466 3 view .LVU649
 2381              		.loc 2 466 3 is_stmt 0 view .LVU650
 2382              		.thumb
 2383              		.syntax unified
 2384              	.LBE421:
 2385              	.LBE420:
 518:Middlewares/Third_Party/FreeRTOS/Source/CMSIS_RTOS_V2/cmsis_os2.c ****     stat = osErrorISR;
 2386              		.loc 1 518 7 view .LVU651
 2387 0030 002B     		cmp	r3, #0
 2388 0032 EFD0     		beq	.L195
 519:Middlewares/Third_Party/FreeRTOS/Source/CMSIS_RTOS_V2/cmsis_os2.c ****   } else {
 2389              		.loc 1 519 10 view .LVU652
 2390 0034 6FF00500 		mvn	r0, #5
 2391              	.LVL186:
 522:Middlewares/Third_Party/FreeRTOS/Source/CMSIS_RTOS_V2/cmsis_os2.c ****   }
 2392              		.loc 1 522 16 is_stmt 1 view .LVU653
 525:Middlewares/Third_Party/FreeRTOS/Source/CMSIS_RTOS_V2/cmsis_os2.c **** }
 2393              		.loc 1 525 3 view .LVU654
 526:Middlewares/Third_Party/FreeRTOS/Source/CMSIS_RTOS_V2/cmsis_os2.c **** 
 2394              		.loc 1 526 1 is_stmt 0 view .LVU655
 2395 0038 7047     		bx	lr
 2396              	.LVL187:
 2397              	.L196:
 519:Middlewares/Third_Party/FreeRTOS/Source/CMSIS_RTOS_V2/cmsis_os2.c ****   } else {
 2398              		.loc 1 519 10 view .LVU656
 2399 003a 6FF00500 		mvn	r0, #5
 2400 003e 7047     		bx	lr
 2401              	.L197:
 2402 0040 6FF00500 		mvn	r0, #5
 2403 0044 7047     		bx	lr
 2404              	.L201:
 2405 0046 00BF     		.align	2
 2406              	.L200:
 2407 0048 00000000 		.word	KernelState
 2408              		.cfi_endproc
 2409              	.LFE125:
 2411              		.section	.text.osThreadSuspend,"ax",%progbits
 2412              		.align	1
 2413              		.global	osThreadSuspend
ARM GAS  C:\Users\31005\AppData\Local\Temp\ccDX7XtF.s 			page 80


 2414              		.syntax unified
 2415              		.thumb
 2416              		.thumb_func
 2418              	osThreadSuspend:
 2419              	.LVL188:
 2420              	.LFB126:
 528:Middlewares/Third_Party/FreeRTOS/Source/CMSIS_RTOS_V2/cmsis_os2.c ****   TaskHandle_t hTask = (TaskHandle_t)thread_id;
 2421              		.loc 1 528 53 is_stmt 1 view -0
 2422              		.cfi_startproc
 2423              		@ args = 0, pretend = 0, frame = 0
 2424              		@ frame_needed = 0, uses_anonymous_args = 0
 528:Middlewares/Third_Party/FreeRTOS/Source/CMSIS_RTOS_V2/cmsis_os2.c ****   TaskHandle_t hTask = (TaskHandle_t)thread_id;
 2425              		.loc 1 528 53 is_stmt 0 view .LVU658
 2426 0000 08B5     		push	{r3, lr}
 2427              	.LCFI19:
 2428              		.cfi_def_cfa_offset 8
 2429              		.cfi_offset 3, -8
 2430              		.cfi_offset 14, -4
 529:Middlewares/Third_Party/FreeRTOS/Source/CMSIS_RTOS_V2/cmsis_os2.c ****   osStatus_t stat;
 2431              		.loc 1 529 3 is_stmt 1 view .LVU659
 2432              	.LVL189:
 530:Middlewares/Third_Party/FreeRTOS/Source/CMSIS_RTOS_V2/cmsis_os2.c **** 
 2433              		.loc 1 530 3 view .LVU660
 532:Middlewares/Third_Party/FreeRTOS/Source/CMSIS_RTOS_V2/cmsis_os2.c ****     stat = osErrorISR;
 2434              		.loc 1 532 3 view .LVU661
 2435              	.LBB422:
 2436              	.LBI422:
 205:Drivers/CMSIS/Include/cmsis_gcc.h **** {
 2437              		.loc 2 205 31 view .LVU662
 2438              	.LBB423:
 207:Drivers/CMSIS/Include/cmsis_gcc.h **** 
 2439              		.loc 2 207 3 view .LVU663
 209:Drivers/CMSIS/Include/cmsis_gcc.h ****   return(result);
 2440              		.loc 2 209 3 view .LVU664
 2441              		.syntax unified
 2442              	@ 209 "Drivers/CMSIS/Include/cmsis_gcc.h" 1
 2443 0002 EFF30583 		MRS r3, ipsr
 2444              	@ 0 "" 2
 2445              	.LVL190:
 210:Drivers/CMSIS/Include/cmsis_gcc.h **** }
 2446              		.loc 2 210 3 view .LVU665
 210:Drivers/CMSIS/Include/cmsis_gcc.h **** }
 2447              		.loc 2 210 3 is_stmt 0 view .LVU666
 2448              		.thumb
 2449              		.syntax unified
 2450              	.LBE423:
 2451              	.LBE422:
 532:Middlewares/Third_Party/FreeRTOS/Source/CMSIS_RTOS_V2/cmsis_os2.c ****     stat = osErrorISR;
 2452              		.loc 1 532 6 view .LVU667
 2453 0006 93B9     		cbnz	r3, .L205
 2454              	.LBB424:
 2455              	.LBI424:
 382:Drivers/CMSIS/Include/cmsis_gcc.h **** {
 2456              		.loc 2 382 31 is_stmt 1 view .LVU668
 2457              	.LBB425:
 384:Drivers/CMSIS/Include/cmsis_gcc.h **** 
 2458              		.loc 2 384 3 view .LVU669
ARM GAS  C:\Users\31005\AppData\Local\Temp\ccDX7XtF.s 			page 81


 386:Drivers/CMSIS/Include/cmsis_gcc.h ****   return(result);
 2459              		.loc 2 386 3 view .LVU670
 2460              		.syntax unified
 2461              	@ 386 "Drivers/CMSIS/Include/cmsis_gcc.h" 1
 2462 0008 EFF31083 		MRS r3, primask
 2463              	@ 0 "" 2
 2464              	.LVL191:
 387:Drivers/CMSIS/Include/cmsis_gcc.h **** }
 2465              		.loc 2 387 3 view .LVU671
 387:Drivers/CMSIS/Include/cmsis_gcc.h **** }
 2466              		.loc 2 387 3 is_stmt 0 view .LVU672
 2467              		.thumb
 2468              		.syntax unified
 2469              	.LBE425:
 2470              	.LBE424:
 532:Middlewares/Third_Party/FreeRTOS/Source/CMSIS_RTOS_V2/cmsis_os2.c ****     stat = osErrorISR;
 2471              		.loc 1 532 7 view .LVU673
 2472 000c 93B9     		cbnz	r3, .L206
 532:Middlewares/Third_Party/FreeRTOS/Source/CMSIS_RTOS_V2/cmsis_os2.c ****     stat = osErrorISR;
 2473              		.loc 1 532 7 discriminator 2 view .LVU674
 2474 000e 0C4B     		ldr	r3, .L211
 2475 0010 1B68     		ldr	r3, [r3]
 2476 0012 022B     		cmp	r3, #2
 2477 0014 04D0     		beq	.L210
 2478              	.L204:
 535:Middlewares/Third_Party/FreeRTOS/Source/CMSIS_RTOS_V2/cmsis_os2.c ****     stat = osErrorParameter;
 2479              		.loc 1 535 8 is_stmt 1 view .LVU675
 535:Middlewares/Third_Party/FreeRTOS/Source/CMSIS_RTOS_V2/cmsis_os2.c ****     stat = osErrorParameter;
 2480              		.loc 1 535 11 is_stmt 0 view .LVU676
 2481 0016 80B1     		cbz	r0, .L208
 539:Middlewares/Third_Party/FreeRTOS/Source/CMSIS_RTOS_V2/cmsis_os2.c ****     vTaskSuspend (hTask);
 2482              		.loc 1 539 5 is_stmt 1 view .LVU677
 2483              	.LVL192:
 540:Middlewares/Third_Party/FreeRTOS/Source/CMSIS_RTOS_V2/cmsis_os2.c ****   }
 2484              		.loc 1 540 5 view .LVU678
 2485 0018 FFF7FEFF 		bl	vTaskSuspend
 2486              	.LVL193:
 539:Middlewares/Third_Party/FreeRTOS/Source/CMSIS_RTOS_V2/cmsis_os2.c ****     vTaskSuspend (hTask);
 2487              		.loc 1 539 10 is_stmt 0 view .LVU679
 2488 001c 0020     		movs	r0, #0
 2489              	.LVL194:
 2490              	.L202:
 544:Middlewares/Third_Party/FreeRTOS/Source/CMSIS_RTOS_V2/cmsis_os2.c **** 
 2491              		.loc 1 544 1 view .LVU680
 2492 001e 08BD     		pop	{r3, pc}
 2493              	.LVL195:
 2494              	.L210:
 2495              	.LBB426:
 2496              	.LBI426:
 461:Drivers/CMSIS/Include/cmsis_gcc.h **** {
 2497              		.loc 2 461 31 is_stmt 1 view .LVU681
 2498              	.LBB427:
 463:Drivers/CMSIS/Include/cmsis_gcc.h **** 
 2499              		.loc 2 463 3 view .LVU682
 465:Drivers/CMSIS/Include/cmsis_gcc.h ****   return(result);
 2500              		.loc 2 465 3 view .LVU683
 2501              		.syntax unified
ARM GAS  C:\Users\31005\AppData\Local\Temp\ccDX7XtF.s 			page 82


 2502              	@ 465 "Drivers/CMSIS/Include/cmsis_gcc.h" 1
 2503 0020 EFF31183 		MRS r3, basepri
 2504              	@ 0 "" 2
 2505              	.LVL196:
 2506              		.loc 2 466 3 view .LVU684
 2507              		.loc 2 466 3 is_stmt 0 view .LVU685
 2508              		.thumb
 2509              		.syntax unified
 2510              	.LBE427:
 2511              	.LBE426:
 532:Middlewares/Third_Party/FreeRTOS/Source/CMSIS_RTOS_V2/cmsis_os2.c ****     stat = osErrorISR;
 2512              		.loc 1 532 7 view .LVU686
 2513 0024 002B     		cmp	r3, #0
 2514 0026 F6D0     		beq	.L204
 533:Middlewares/Third_Party/FreeRTOS/Source/CMSIS_RTOS_V2/cmsis_os2.c ****   }
 2515              		.loc 1 533 10 view .LVU687
 2516 0028 6FF00500 		mvn	r0, #5
 2517              	.LVL197:
 533:Middlewares/Third_Party/FreeRTOS/Source/CMSIS_RTOS_V2/cmsis_os2.c ****   }
 2518              		.loc 1 533 10 view .LVU688
 2519 002c F7E7     		b	.L202
 2520              	.LVL198:
 2521              	.L205:
 533:Middlewares/Third_Party/FreeRTOS/Source/CMSIS_RTOS_V2/cmsis_os2.c ****   }
 2522              		.loc 1 533 10 view .LVU689
 2523 002e 6FF00500 		mvn	r0, #5
 2524              	.LVL199:
 533:Middlewares/Third_Party/FreeRTOS/Source/CMSIS_RTOS_V2/cmsis_os2.c ****   }
 2525              		.loc 1 533 10 view .LVU690
 2526 0032 F4E7     		b	.L202
 2527              	.LVL200:
 2528              	.L206:
 533:Middlewares/Third_Party/FreeRTOS/Source/CMSIS_RTOS_V2/cmsis_os2.c ****   }
 2529              		.loc 1 533 10 view .LVU691
 2530 0034 6FF00500 		mvn	r0, #5
 2531              	.LVL201:
 533:Middlewares/Third_Party/FreeRTOS/Source/CMSIS_RTOS_V2/cmsis_os2.c ****   }
 2532              		.loc 1 533 10 view .LVU692
 2533 0038 F1E7     		b	.L202
 2534              	.LVL202:
 2535              	.L208:
 536:Middlewares/Third_Party/FreeRTOS/Source/CMSIS_RTOS_V2/cmsis_os2.c ****   }
 2536              		.loc 1 536 10 view .LVU693
 2537 003a 6FF00300 		mvn	r0, #3
 2538              	.LVL203:
 543:Middlewares/Third_Party/FreeRTOS/Source/CMSIS_RTOS_V2/cmsis_os2.c **** }
 2539              		.loc 1 543 3 is_stmt 1 view .LVU694
 543:Middlewares/Third_Party/FreeRTOS/Source/CMSIS_RTOS_V2/cmsis_os2.c **** }
 2540              		.loc 1 543 10 is_stmt 0 view .LVU695
 2541 003e EEE7     		b	.L202
 2542              	.L212:
 2543              		.align	2
 2544              	.L211:
 2545 0040 00000000 		.word	KernelState
 2546              		.cfi_endproc
 2547              	.LFE126:
 2549              		.section	.text.osThreadResume,"ax",%progbits
ARM GAS  C:\Users\31005\AppData\Local\Temp\ccDX7XtF.s 			page 83


 2550              		.align	1
 2551              		.global	osThreadResume
 2552              		.syntax unified
 2553              		.thumb
 2554              		.thumb_func
 2556              	osThreadResume:
 2557              	.LVL204:
 2558              	.LFB127:
 546:Middlewares/Third_Party/FreeRTOS/Source/CMSIS_RTOS_V2/cmsis_os2.c ****   TaskHandle_t hTask = (TaskHandle_t)thread_id;
 2559              		.loc 1 546 52 is_stmt 1 view -0
 2560              		.cfi_startproc
 2561              		@ args = 0, pretend = 0, frame = 0
 2562              		@ frame_needed = 0, uses_anonymous_args = 0
 546:Middlewares/Third_Party/FreeRTOS/Source/CMSIS_RTOS_V2/cmsis_os2.c ****   TaskHandle_t hTask = (TaskHandle_t)thread_id;
 2563              		.loc 1 546 52 is_stmt 0 view .LVU697
 2564 0000 08B5     		push	{r3, lr}
 2565              	.LCFI20:
 2566              		.cfi_def_cfa_offset 8
 2567              		.cfi_offset 3, -8
 2568              		.cfi_offset 14, -4
 547:Middlewares/Third_Party/FreeRTOS/Source/CMSIS_RTOS_V2/cmsis_os2.c ****   osStatus_t stat;
 2569              		.loc 1 547 3 is_stmt 1 view .LVU698
 2570              	.LVL205:
 548:Middlewares/Third_Party/FreeRTOS/Source/CMSIS_RTOS_V2/cmsis_os2.c **** 
 2571              		.loc 1 548 3 view .LVU699
 550:Middlewares/Third_Party/FreeRTOS/Source/CMSIS_RTOS_V2/cmsis_os2.c ****     stat = osErrorISR;
 2572              		.loc 1 550 3 view .LVU700
 2573              	.LBB428:
 2574              	.LBI428:
 205:Drivers/CMSIS/Include/cmsis_gcc.h **** {
 2575              		.loc 2 205 31 view .LVU701
 2576              	.LBB429:
 207:Drivers/CMSIS/Include/cmsis_gcc.h **** 
 2577              		.loc 2 207 3 view .LVU702
 209:Drivers/CMSIS/Include/cmsis_gcc.h ****   return(result);
 2578              		.loc 2 209 3 view .LVU703
 2579              		.syntax unified
 2580              	@ 209 "Drivers/CMSIS/Include/cmsis_gcc.h" 1
 2581 0002 EFF30583 		MRS r3, ipsr
 2582              	@ 0 "" 2
 2583              	.LVL206:
 210:Drivers/CMSIS/Include/cmsis_gcc.h **** }
 2584              		.loc 2 210 3 view .LVU704
 210:Drivers/CMSIS/Include/cmsis_gcc.h **** }
 2585              		.loc 2 210 3 is_stmt 0 view .LVU705
 2586              		.thumb
 2587              		.syntax unified
 2588              	.LBE429:
 2589              	.LBE428:
 550:Middlewares/Third_Party/FreeRTOS/Source/CMSIS_RTOS_V2/cmsis_os2.c ****     stat = osErrorISR;
 2590              		.loc 1 550 6 view .LVU706
 2591 0006 93B9     		cbnz	r3, .L216
 2592              	.LBB430:
 2593              	.LBI430:
 382:Drivers/CMSIS/Include/cmsis_gcc.h **** {
 2594              		.loc 2 382 31 is_stmt 1 view .LVU707
 2595              	.LBB431:
ARM GAS  C:\Users\31005\AppData\Local\Temp\ccDX7XtF.s 			page 84


 384:Drivers/CMSIS/Include/cmsis_gcc.h **** 
 2596              		.loc 2 384 3 view .LVU708
 386:Drivers/CMSIS/Include/cmsis_gcc.h ****   return(result);
 2597              		.loc 2 386 3 view .LVU709
 2598              		.syntax unified
 2599              	@ 386 "Drivers/CMSIS/Include/cmsis_gcc.h" 1
 2600 0008 EFF31083 		MRS r3, primask
 2601              	@ 0 "" 2
 2602              	.LVL207:
 387:Drivers/CMSIS/Include/cmsis_gcc.h **** }
 2603              		.loc 2 387 3 view .LVU710
 387:Drivers/CMSIS/Include/cmsis_gcc.h **** }
 2604              		.loc 2 387 3 is_stmt 0 view .LVU711
 2605              		.thumb
 2606              		.syntax unified
 2607              	.LBE431:
 2608              	.LBE430:
 550:Middlewares/Third_Party/FreeRTOS/Source/CMSIS_RTOS_V2/cmsis_os2.c ****     stat = osErrorISR;
 2609              		.loc 1 550 7 view .LVU712
 2610 000c 93B9     		cbnz	r3, .L217
 550:Middlewares/Third_Party/FreeRTOS/Source/CMSIS_RTOS_V2/cmsis_os2.c ****     stat = osErrorISR;
 2611              		.loc 1 550 7 discriminator 2 view .LVU713
 2612 000e 0C4B     		ldr	r3, .L222
 2613 0010 1B68     		ldr	r3, [r3]
 2614 0012 022B     		cmp	r3, #2
 2615 0014 04D0     		beq	.L221
 2616              	.L215:
 553:Middlewares/Third_Party/FreeRTOS/Source/CMSIS_RTOS_V2/cmsis_os2.c ****     stat = osErrorParameter;
 2617              		.loc 1 553 8 is_stmt 1 view .LVU714
 553:Middlewares/Third_Party/FreeRTOS/Source/CMSIS_RTOS_V2/cmsis_os2.c ****     stat = osErrorParameter;
 2618              		.loc 1 553 11 is_stmt 0 view .LVU715
 2619 0016 80B1     		cbz	r0, .L219
 557:Middlewares/Third_Party/FreeRTOS/Source/CMSIS_RTOS_V2/cmsis_os2.c ****     vTaskResume (hTask);
 2620              		.loc 1 557 5 is_stmt 1 view .LVU716
 2621              	.LVL208:
 558:Middlewares/Third_Party/FreeRTOS/Source/CMSIS_RTOS_V2/cmsis_os2.c ****   }
 2622              		.loc 1 558 5 view .LVU717
 2623 0018 FFF7FEFF 		bl	vTaskResume
 2624              	.LVL209:
 557:Middlewares/Third_Party/FreeRTOS/Source/CMSIS_RTOS_V2/cmsis_os2.c ****     vTaskResume (hTask);
 2625              		.loc 1 557 10 is_stmt 0 view .LVU718
 2626 001c 0020     		movs	r0, #0
 2627              	.LVL210:
 2628              	.L213:
 562:Middlewares/Third_Party/FreeRTOS/Source/CMSIS_RTOS_V2/cmsis_os2.c **** 
 2629              		.loc 1 562 1 view .LVU719
 2630 001e 08BD     		pop	{r3, pc}
 2631              	.LVL211:
 2632              	.L221:
 2633              	.LBB432:
 2634              	.LBI432:
 461:Drivers/CMSIS/Include/cmsis_gcc.h **** {
 2635              		.loc 2 461 31 is_stmt 1 view .LVU720
 2636              	.LBB433:
 463:Drivers/CMSIS/Include/cmsis_gcc.h **** 
 2637              		.loc 2 463 3 view .LVU721
 465:Drivers/CMSIS/Include/cmsis_gcc.h ****   return(result);
ARM GAS  C:\Users\31005\AppData\Local\Temp\ccDX7XtF.s 			page 85


 2638              		.loc 2 465 3 view .LVU722
 2639              		.syntax unified
 2640              	@ 465 "Drivers/CMSIS/Include/cmsis_gcc.h" 1
 2641 0020 EFF31183 		MRS r3, basepri
 2642              	@ 0 "" 2
 2643              	.LVL212:
 2644              		.loc 2 466 3 view .LVU723
 2645              		.loc 2 466 3 is_stmt 0 view .LVU724
 2646              		.thumb
 2647              		.syntax unified
 2648              	.LBE433:
 2649              	.LBE432:
 550:Middlewares/Third_Party/FreeRTOS/Source/CMSIS_RTOS_V2/cmsis_os2.c ****     stat = osErrorISR;
 2650              		.loc 1 550 7 view .LVU725
 2651 0024 002B     		cmp	r3, #0
 2652 0026 F6D0     		beq	.L215
 551:Middlewares/Third_Party/FreeRTOS/Source/CMSIS_RTOS_V2/cmsis_os2.c ****   }
 2653              		.loc 1 551 10 view .LVU726
 2654 0028 6FF00500 		mvn	r0, #5
 2655              	.LVL213:
 551:Middlewares/Third_Party/FreeRTOS/Source/CMSIS_RTOS_V2/cmsis_os2.c ****   }
 2656              		.loc 1 551 10 view .LVU727
 2657 002c F7E7     		b	.L213
 2658              	.LVL214:
 2659              	.L216:
 551:Middlewares/Third_Party/FreeRTOS/Source/CMSIS_RTOS_V2/cmsis_os2.c ****   }
 2660              		.loc 1 551 10 view .LVU728
 2661 002e 6FF00500 		mvn	r0, #5
 2662              	.LVL215:
 551:Middlewares/Third_Party/FreeRTOS/Source/CMSIS_RTOS_V2/cmsis_os2.c ****   }
 2663              		.loc 1 551 10 view .LVU729
 2664 0032 F4E7     		b	.L213
 2665              	.LVL216:
 2666              	.L217:
 551:Middlewares/Third_Party/FreeRTOS/Source/CMSIS_RTOS_V2/cmsis_os2.c ****   }
 2667              		.loc 1 551 10 view .LVU730
 2668 0034 6FF00500 		mvn	r0, #5
 2669              	.LVL217:
 551:Middlewares/Third_Party/FreeRTOS/Source/CMSIS_RTOS_V2/cmsis_os2.c ****   }
 2670              		.loc 1 551 10 view .LVU731
 2671 0038 F1E7     		b	.L213
 2672              	.LVL218:
 2673              	.L219:
 554:Middlewares/Third_Party/FreeRTOS/Source/CMSIS_RTOS_V2/cmsis_os2.c ****   }
 2674              		.loc 1 554 10 view .LVU732
 2675 003a 6FF00300 		mvn	r0, #3
 2676              	.LVL219:
 561:Middlewares/Third_Party/FreeRTOS/Source/CMSIS_RTOS_V2/cmsis_os2.c **** }
 2677              		.loc 1 561 3 is_stmt 1 view .LVU733
 561:Middlewares/Third_Party/FreeRTOS/Source/CMSIS_RTOS_V2/cmsis_os2.c **** }
 2678              		.loc 1 561 10 is_stmt 0 view .LVU734
 2679 003e EEE7     		b	.L213
 2680              	.L223:
 2681              		.align	2
 2682              	.L222:
 2683 0040 00000000 		.word	KernelState
 2684              		.cfi_endproc
ARM GAS  C:\Users\31005\AppData\Local\Temp\ccDX7XtF.s 			page 86


 2685              	.LFE127:
 2687              		.section	.text.osThreadExit,"ax",%progbits
 2688              		.align	1
 2689              		.global	osThreadExit
 2690              		.syntax unified
 2691              		.thumb
 2692              		.thumb_func
 2694              	osThreadExit:
 2695              	.LFB128:
 564:Middlewares/Third_Party/FreeRTOS/Source/CMSIS_RTOS_V2/cmsis_os2.c **** #ifndef USE_FreeRTOS_HEAP_1
 2696              		.loc 1 564 38 is_stmt 1 view -0
 2697              		.cfi_startproc
 2698              		@ Volatile: function does not return.
 2699              		@ args = 0, pretend = 0, frame = 0
 2700              		@ frame_needed = 0, uses_anonymous_args = 0
 2701 0000 08B5     		push	{r3, lr}
 2702              	.LCFI21:
 2703              		.cfi_def_cfa_offset 8
 2704              		.cfi_offset 3, -8
 2705              		.cfi_offset 14, -4
 566:Middlewares/Third_Party/FreeRTOS/Source/CMSIS_RTOS_V2/cmsis_os2.c **** #endif
 2706              		.loc 1 566 3 view .LVU736
 2707 0002 0020     		movs	r0, #0
 2708 0004 FFF7FEFF 		bl	vTaskDelete
 2709              	.LVL220:
 2710              	.L225:
 568:Middlewares/Third_Party/FreeRTOS/Source/CMSIS_RTOS_V2/cmsis_os2.c **** }
 2711              		.loc 1 568 3 discriminator 1 view .LVU737
 568:Middlewares/Third_Party/FreeRTOS/Source/CMSIS_RTOS_V2/cmsis_os2.c **** }
 2712              		.loc 1 568 3 discriminator 1 view .LVU738
 2713 0008 FEE7     		b	.L225
 2714              		.cfi_endproc
 2715              	.LFE128:
 2717              		.section	.text.osThreadTerminate,"ax",%progbits
 2718              		.align	1
 2719              		.global	osThreadTerminate
 2720              		.syntax unified
 2721              		.thumb
 2722              		.thumb_func
 2724              	osThreadTerminate:
 2725              	.LVL221:
 2726              	.LFB129:
 571:Middlewares/Third_Party/FreeRTOS/Source/CMSIS_RTOS_V2/cmsis_os2.c ****   TaskHandle_t hTask = (TaskHandle_t)thread_id;
 2727              		.loc 1 571 55 view -0
 2728              		.cfi_startproc
 2729              		@ args = 0, pretend = 0, frame = 0
 2730              		@ frame_needed = 0, uses_anonymous_args = 0
 572:Middlewares/Third_Party/FreeRTOS/Source/CMSIS_RTOS_V2/cmsis_os2.c ****   osStatus_t stat;
 2731              		.loc 1 572 3 view .LVU740
 573:Middlewares/Third_Party/FreeRTOS/Source/CMSIS_RTOS_V2/cmsis_os2.c **** #ifndef USE_FreeRTOS_HEAP_1
 2732              		.loc 1 573 3 view .LVU741
 575:Middlewares/Third_Party/FreeRTOS/Source/CMSIS_RTOS_V2/cmsis_os2.c **** 
 2733              		.loc 1 575 3 view .LVU742
 577:Middlewares/Third_Party/FreeRTOS/Source/CMSIS_RTOS_V2/cmsis_os2.c ****     stat = osErrorISR;
 2734              		.loc 1 577 3 view .LVU743
 2735              	.LBB434:
 2736              	.LBI434:
ARM GAS  C:\Users\31005\AppData\Local\Temp\ccDX7XtF.s 			page 87


 205:Drivers/CMSIS/Include/cmsis_gcc.h **** {
 2737              		.loc 2 205 31 view .LVU744
 2738              	.LBB435:
 207:Drivers/CMSIS/Include/cmsis_gcc.h **** 
 2739              		.loc 2 207 3 view .LVU745
 209:Drivers/CMSIS/Include/cmsis_gcc.h ****   return(result);
 2740              		.loc 2 209 3 view .LVU746
 2741              		.syntax unified
 2742              	@ 209 "Drivers/CMSIS/Include/cmsis_gcc.h" 1
 2743 0000 EFF30583 		MRS r3, ipsr
 2744              	@ 0 "" 2
 2745              	.LVL222:
 210:Drivers/CMSIS/Include/cmsis_gcc.h **** }
 2746              		.loc 2 210 3 view .LVU747
 210:Drivers/CMSIS/Include/cmsis_gcc.h **** }
 2747              		.loc 2 210 3 is_stmt 0 view .LVU748
 2748              		.thumb
 2749              		.syntax unified
 2750              	.LBE435:
 2751              	.LBE434:
 577:Middlewares/Third_Party/FreeRTOS/Source/CMSIS_RTOS_V2/cmsis_os2.c ****     stat = osErrorISR;
 2752              		.loc 1 577 6 view .LVU749
 2753 0004 D3B9     		cbnz	r3, .L230
 571:Middlewares/Third_Party/FreeRTOS/Source/CMSIS_RTOS_V2/cmsis_os2.c ****   TaskHandle_t hTask = (TaskHandle_t)thread_id;
 2754              		.loc 1 571 55 view .LVU750
 2755 0006 10B5     		push	{r4, lr}
 2756              	.LCFI22:
 2757              		.cfi_def_cfa_offset 8
 2758              		.cfi_offset 4, -8
 2759              		.cfi_offset 14, -4
 2760 0008 0446     		mov	r4, r0
 2761              	.LBB436:
 2762              	.LBI436:
 382:Drivers/CMSIS/Include/cmsis_gcc.h **** {
 2763              		.loc 2 382 31 is_stmt 1 view .LVU751
 2764              	.LBB437:
 384:Drivers/CMSIS/Include/cmsis_gcc.h **** 
 2765              		.loc 2 384 3 view .LVU752
 386:Drivers/CMSIS/Include/cmsis_gcc.h ****   return(result);
 2766              		.loc 2 386 3 view .LVU753
 2767              		.syntax unified
 2768              	@ 386 "Drivers/CMSIS/Include/cmsis_gcc.h" 1
 2769 000a EFF31083 		MRS r3, primask
 2770              	@ 0 "" 2
 2771              	.LVL223:
 387:Drivers/CMSIS/Include/cmsis_gcc.h **** }
 2772              		.loc 2 387 3 view .LVU754
 387:Drivers/CMSIS/Include/cmsis_gcc.h **** }
 2773              		.loc 2 387 3 is_stmt 0 view .LVU755
 2774              		.thumb
 2775              		.syntax unified
 2776              	.LBE437:
 2777              	.LBE436:
 577:Middlewares/Third_Party/FreeRTOS/Source/CMSIS_RTOS_V2/cmsis_os2.c ****     stat = osErrorISR;
 2778              		.loc 1 577 7 view .LVU756
 2779 000e C3B9     		cbnz	r3, .L231
 577:Middlewares/Third_Party/FreeRTOS/Source/CMSIS_RTOS_V2/cmsis_os2.c ****     stat = osErrorISR;
ARM GAS  C:\Users\31005\AppData\Local\Temp\ccDX7XtF.s 			page 88


 2780              		.loc 1 577 7 discriminator 2 view .LVU757
 2781 0010 104B     		ldr	r3, .L240
 2782 0012 1B68     		ldr	r3, [r3]
 2783 0014 022B     		cmp	r3, #2
 2784 0016 0AD0     		beq	.L239
 2785              	.L229:
 580:Middlewares/Third_Party/FreeRTOS/Source/CMSIS_RTOS_V2/cmsis_os2.c ****     stat = osErrorParameter;
 2786              		.loc 1 580 8 is_stmt 1 view .LVU758
 580:Middlewares/Third_Party/FreeRTOS/Source/CMSIS_RTOS_V2/cmsis_os2.c ****     stat = osErrorParameter;
 2787              		.loc 1 580 11 is_stmt 0 view .LVU759
 2788 0018 B4B1     		cbz	r4, .L233
 584:Middlewares/Third_Party/FreeRTOS/Source/CMSIS_RTOS_V2/cmsis_os2.c **** 
 2789              		.loc 1 584 5 is_stmt 1 view .LVU760
 584:Middlewares/Third_Party/FreeRTOS/Source/CMSIS_RTOS_V2/cmsis_os2.c **** 
 2790              		.loc 1 584 14 is_stmt 0 view .LVU761
 2791 001a 2046     		mov	r0, r4
 2792              	.LVL224:
 584:Middlewares/Third_Party/FreeRTOS/Source/CMSIS_RTOS_V2/cmsis_os2.c **** 
 2793              		.loc 1 584 14 view .LVU762
 2794 001c FFF7FEFF 		bl	eTaskGetState
 2795              	.LVL225:
 586:Middlewares/Third_Party/FreeRTOS/Source/CMSIS_RTOS_V2/cmsis_os2.c ****       stat = osOK;
 2796              		.loc 1 586 5 is_stmt 1 view .LVU763
 586:Middlewares/Third_Party/FreeRTOS/Source/CMSIS_RTOS_V2/cmsis_os2.c ****       stat = osOK;
 2797              		.loc 1 586 8 is_stmt 0 view .LVU764
 2798 0020 0428     		cmp	r0, #4
 2799 0022 14D0     		beq	.L234
 587:Middlewares/Third_Party/FreeRTOS/Source/CMSIS_RTOS_V2/cmsis_os2.c ****       vTaskDelete (hTask);
 2800              		.loc 1 587 7 is_stmt 1 view .LVU765
 2801              	.LVL226:
 588:Middlewares/Third_Party/FreeRTOS/Source/CMSIS_RTOS_V2/cmsis_os2.c ****     } else {
 2802              		.loc 1 588 7 view .LVU766
 2803 0024 2046     		mov	r0, r4
 2804              	.LVL227:
 588:Middlewares/Third_Party/FreeRTOS/Source/CMSIS_RTOS_V2/cmsis_os2.c ****     } else {
 2805              		.loc 1 588 7 is_stmt 0 view .LVU767
 2806 0026 FFF7FEFF 		bl	vTaskDelete
 2807              	.LVL228:
 587:Middlewares/Third_Party/FreeRTOS/Source/CMSIS_RTOS_V2/cmsis_os2.c ****       vTaskDelete (hTask);
 2808              		.loc 1 587 12 view .LVU768
 2809 002a 0020     		movs	r0, #0
 2810              	.LVL229:
 2811              	.L227:
 598:Middlewares/Third_Party/FreeRTOS/Source/CMSIS_RTOS_V2/cmsis_os2.c **** 
 2812              		.loc 1 598 1 view .LVU769
 2813 002c 10BD     		pop	{r4, pc}
 2814              	.LVL230:
 2815              	.L239:
 2816              	.LBB438:
 2817              	.LBI438:
 461:Drivers/CMSIS/Include/cmsis_gcc.h **** {
 2818              		.loc 2 461 31 is_stmt 1 view .LVU770
 2819              	.LBB439:
 463:Drivers/CMSIS/Include/cmsis_gcc.h **** 
 2820              		.loc 2 463 3 view .LVU771
 465:Drivers/CMSIS/Include/cmsis_gcc.h ****   return(result);
 2821              		.loc 2 465 3 view .LVU772
ARM GAS  C:\Users\31005\AppData\Local\Temp\ccDX7XtF.s 			page 89


 2822              		.syntax unified
 2823              	@ 465 "Drivers/CMSIS/Include/cmsis_gcc.h" 1
 2824 002e EFF31183 		MRS r3, basepri
 2825              	@ 0 "" 2
 2826              	.LVL231:
 2827              		.loc 2 466 3 view .LVU773
 2828              		.loc 2 466 3 is_stmt 0 view .LVU774
 2829              		.thumb
 2830              		.syntax unified
 2831              	.LBE439:
 2832              	.LBE438:
 577:Middlewares/Third_Party/FreeRTOS/Source/CMSIS_RTOS_V2/cmsis_os2.c ****     stat = osErrorISR;
 2833              		.loc 1 577 7 view .LVU775
 2834 0032 002B     		cmp	r3, #0
 2835 0034 F0D0     		beq	.L229
 578:Middlewares/Third_Party/FreeRTOS/Source/CMSIS_RTOS_V2/cmsis_os2.c ****   }
 2836              		.loc 1 578 10 view .LVU776
 2837 0036 6FF00500 		mvn	r0, #5
 2838              	.LVL232:
 578:Middlewares/Third_Party/FreeRTOS/Source/CMSIS_RTOS_V2/cmsis_os2.c ****   }
 2839              		.loc 1 578 10 view .LVU777
 2840 003a F7E7     		b	.L227
 2841              	.LVL233:
 2842              	.L230:
 2843              	.LCFI23:
 2844              		.cfi_def_cfa_offset 0
 2845              		.cfi_restore 4
 2846              		.cfi_restore 14
 578:Middlewares/Third_Party/FreeRTOS/Source/CMSIS_RTOS_V2/cmsis_os2.c ****   }
 2847              		.loc 1 578 10 view .LVU778
 2848 003c 6FF00500 		mvn	r0, #5
 2849              	.LVL234:
 598:Middlewares/Third_Party/FreeRTOS/Source/CMSIS_RTOS_V2/cmsis_os2.c **** 
 2850              		.loc 1 598 1 view .LVU779
 2851 0040 7047     		bx	lr
 2852              	.LVL235:
 2853              	.L231:
 2854              	.LCFI24:
 2855              		.cfi_def_cfa_offset 8
 2856              		.cfi_offset 4, -8
 2857              		.cfi_offset 14, -4
 578:Middlewares/Third_Party/FreeRTOS/Source/CMSIS_RTOS_V2/cmsis_os2.c ****   }
 2858              		.loc 1 578 10 view .LVU780
 2859 0042 6FF00500 		mvn	r0, #5
 2860              	.LVL236:
 578:Middlewares/Third_Party/FreeRTOS/Source/CMSIS_RTOS_V2/cmsis_os2.c ****   }
 2861              		.loc 1 578 10 view .LVU781
 2862 0046 F1E7     		b	.L227
 2863              	.LVL237:
 2864              	.L233:
 581:Middlewares/Third_Party/FreeRTOS/Source/CMSIS_RTOS_V2/cmsis_os2.c ****   }
 2865              		.loc 1 581 10 view .LVU782
 2866 0048 6FF00300 		mvn	r0, #3
 2867              	.LVL238:
 581:Middlewares/Third_Party/FreeRTOS/Source/CMSIS_RTOS_V2/cmsis_os2.c ****   }
 2868              		.loc 1 581 10 view .LVU783
 2869 004c EEE7     		b	.L227
ARM GAS  C:\Users\31005\AppData\Local\Temp\ccDX7XtF.s 			page 90


 2870              	.LVL239:
 2871              	.L234:
 590:Middlewares/Third_Party/FreeRTOS/Source/CMSIS_RTOS_V2/cmsis_os2.c ****     }
 2872              		.loc 1 590 12 view .LVU784
 2873 004e 6FF00200 		mvn	r0, #2
 2874              	.LVL240:
 597:Middlewares/Third_Party/FreeRTOS/Source/CMSIS_RTOS_V2/cmsis_os2.c **** }
 2875              		.loc 1 597 3 is_stmt 1 view .LVU785
 597:Middlewares/Third_Party/FreeRTOS/Source/CMSIS_RTOS_V2/cmsis_os2.c **** }
 2876              		.loc 1 597 10 is_stmt 0 view .LVU786
 2877 0052 EBE7     		b	.L227
 2878              	.L241:
 2879              		.align	2
 2880              	.L240:
 2881 0054 00000000 		.word	KernelState
 2882              		.cfi_endproc
 2883              	.LFE129:
 2885              		.section	.text.osThreadGetCount,"ax",%progbits
 2886              		.align	1
 2887              		.global	osThreadGetCount
 2888              		.syntax unified
 2889              		.thumb
 2890              		.thumb_func
 2892              	osThreadGetCount:
 2893              	.LFB130:
 600:Middlewares/Third_Party/FreeRTOS/Source/CMSIS_RTOS_V2/cmsis_os2.c ****   uint32_t count;
 2894              		.loc 1 600 34 is_stmt 1 view -0
 2895              		.cfi_startproc
 2896              		@ args = 0, pretend = 0, frame = 0
 2897              		@ frame_needed = 0, uses_anonymous_args = 0
 601:Middlewares/Third_Party/FreeRTOS/Source/CMSIS_RTOS_V2/cmsis_os2.c **** 
 2898              		.loc 1 601 3 view .LVU788
 603:Middlewares/Third_Party/FreeRTOS/Source/CMSIS_RTOS_V2/cmsis_os2.c ****     count = 0U;
 2899              		.loc 1 603 3 view .LVU789
 2900              	.LBB440:
 2901              	.LBI440:
 205:Drivers/CMSIS/Include/cmsis_gcc.h **** {
 2902              		.loc 2 205 31 view .LVU790
 2903              	.LBB441:
 207:Drivers/CMSIS/Include/cmsis_gcc.h **** 
 2904              		.loc 2 207 3 view .LVU791
 209:Drivers/CMSIS/Include/cmsis_gcc.h ****   return(result);
 2905              		.loc 2 209 3 view .LVU792
 2906              		.syntax unified
 2907              	@ 209 "Drivers/CMSIS/Include/cmsis_gcc.h" 1
 2908 0000 EFF30580 		MRS r0, ipsr
 2909              	@ 0 "" 2
 2910              	.LVL241:
 210:Drivers/CMSIS/Include/cmsis_gcc.h **** }
 2911              		.loc 2 210 3 view .LVU793
 210:Drivers/CMSIS/Include/cmsis_gcc.h **** }
 2912              		.loc 2 210 3 is_stmt 0 view .LVU794
 2913              		.thumb
 2914              		.syntax unified
 2915              	.LBE441:
 2916              	.LBE440:
 603:Middlewares/Third_Party/FreeRTOS/Source/CMSIS_RTOS_V2/cmsis_os2.c ****     count = 0U;
ARM GAS  C:\Users\31005\AppData\Local\Temp\ccDX7XtF.s 			page 91


 2917              		.loc 1 603 6 view .LVU795
 2918 0004 68B9     		cbnz	r0, .L245
 600:Middlewares/Third_Party/FreeRTOS/Source/CMSIS_RTOS_V2/cmsis_os2.c ****   uint32_t count;
 2919              		.loc 1 600 34 view .LVU796
 2920 0006 08B5     		push	{r3, lr}
 2921              	.LCFI25:
 2922              		.cfi_def_cfa_offset 8
 2923              		.cfi_offset 3, -8
 2924              		.cfi_offset 14, -4
 2925              	.LBB442:
 2926              	.LBI442:
 382:Drivers/CMSIS/Include/cmsis_gcc.h **** {
 2927              		.loc 2 382 31 is_stmt 1 view .LVU797
 2928              	.LBB443:
 384:Drivers/CMSIS/Include/cmsis_gcc.h **** 
 2929              		.loc 2 384 3 view .LVU798
 386:Drivers/CMSIS/Include/cmsis_gcc.h ****   return(result);
 2930              		.loc 2 386 3 view .LVU799
 2931              		.syntax unified
 2932              	@ 386 "Drivers/CMSIS/Include/cmsis_gcc.h" 1
 2933 0008 EFF31083 		MRS r3, primask
 2934              	@ 0 "" 2
 2935              	.LVL242:
 387:Drivers/CMSIS/Include/cmsis_gcc.h **** }
 2936              		.loc 2 387 3 view .LVU800
 387:Drivers/CMSIS/Include/cmsis_gcc.h **** }
 2937              		.loc 2 387 3 is_stmt 0 view .LVU801
 2938              		.thumb
 2939              		.syntax unified
 2940              	.LBE443:
 2941              	.LBE442:
 603:Middlewares/Third_Party/FreeRTOS/Source/CMSIS_RTOS_V2/cmsis_os2.c ****     count = 0U;
 2942              		.loc 1 603 7 view .LVU802
 2943 000c 43B9     		cbnz	r3, .L242
 603:Middlewares/Third_Party/FreeRTOS/Source/CMSIS_RTOS_V2/cmsis_os2.c ****     count = 0U;
 2944              		.loc 1 603 7 discriminator 2 view .LVU803
 2945 000e 074A     		ldr	r2, .L251
 2946 0010 1268     		ldr	r2, [r2]
 2947 0012 022A     		cmp	r2, #2
 2948 0014 02D1     		bne	.L244
 2949              	.LBB444:
 2950              	.LBI444:
 461:Drivers/CMSIS/Include/cmsis_gcc.h **** {
 2951              		.loc 2 461 31 is_stmt 1 view .LVU804
 2952              	.LBB445:
 463:Drivers/CMSIS/Include/cmsis_gcc.h **** 
 2953              		.loc 2 463 3 view .LVU805
 465:Drivers/CMSIS/Include/cmsis_gcc.h ****   return(result);
 2954              		.loc 2 465 3 view .LVU806
 2955              		.syntax unified
 2956              	@ 465 "Drivers/CMSIS/Include/cmsis_gcc.h" 1
 2957 0016 EFF31182 		MRS r2, basepri
 2958              	@ 0 "" 2
 2959              	.LVL243:
 2960              		.loc 2 466 3 view .LVU807
 2961              		.loc 2 466 3 is_stmt 0 view .LVU808
 2962              		.thumb
ARM GAS  C:\Users\31005\AppData\Local\Temp\ccDX7XtF.s 			page 92


 2963              		.syntax unified
 2964              	.LBE445:
 2965              	.LBE444:
 603:Middlewares/Third_Party/FreeRTOS/Source/CMSIS_RTOS_V2/cmsis_os2.c ****     count = 0U;
 2966              		.loc 1 603 7 view .LVU809
 2967 001a 22B9     		cbnz	r2, .L246
 2968              	.L244:
 606:Middlewares/Third_Party/FreeRTOS/Source/CMSIS_RTOS_V2/cmsis_os2.c ****   }
 2969              		.loc 1 606 5 is_stmt 1 view .LVU810
 606:Middlewares/Third_Party/FreeRTOS/Source/CMSIS_RTOS_V2/cmsis_os2.c ****   }
 2970              		.loc 1 606 13 is_stmt 0 view .LVU811
 2971 001c FFF7FEFF 		bl	uxTaskGetNumberOfTasks
 2972              	.LVL244:
 2973              	.L242:
 610:Middlewares/Third_Party/FreeRTOS/Source/CMSIS_RTOS_V2/cmsis_os2.c **** 
 2974              		.loc 1 610 1 view .LVU812
 2975 0020 08BD     		pop	{r3, pc}
 2976              	.L245:
 2977              	.LCFI26:
 2978              		.cfi_def_cfa_offset 0
 2979              		.cfi_restore 3
 2980              		.cfi_restore 14
 604:Middlewares/Third_Party/FreeRTOS/Source/CMSIS_RTOS_V2/cmsis_os2.c ****   } else {
 2981              		.loc 1 604 11 view .LVU813
 2982 0022 0020     		movs	r0, #0
 610:Middlewares/Third_Party/FreeRTOS/Source/CMSIS_RTOS_V2/cmsis_os2.c **** 
 2983              		.loc 1 610 1 view .LVU814
 2984 0024 7047     		bx	lr
 2985              	.L246:
 2986              	.LCFI27:
 2987              		.cfi_def_cfa_offset 8
 2988              		.cfi_offset 3, -8
 2989              		.cfi_offset 14, -4
 604:Middlewares/Third_Party/FreeRTOS/Source/CMSIS_RTOS_V2/cmsis_os2.c ****   } else {
 2990              		.loc 1 604 11 view .LVU815
 2991 0026 1846     		mov	r0, r3
 2992              	.LVL245:
 609:Middlewares/Third_Party/FreeRTOS/Source/CMSIS_RTOS_V2/cmsis_os2.c **** }
 2993              		.loc 1 609 3 is_stmt 1 view .LVU816
 609:Middlewares/Third_Party/FreeRTOS/Source/CMSIS_RTOS_V2/cmsis_os2.c **** }
 2994              		.loc 1 609 10 is_stmt 0 view .LVU817
 2995 0028 FAE7     		b	.L242
 2996              	.L252:
 2997 002a 00BF     		.align	2
 2998              	.L251:
 2999 002c 00000000 		.word	KernelState
 3000              		.cfi_endproc
 3001              	.LFE130:
 3003              		.section	.text.osThreadEnumerate,"ax",%progbits
 3004              		.align	1
 3005              		.global	osThreadEnumerate
 3006              		.syntax unified
 3007              		.thumb
 3008              		.thumb_func
 3010              	osThreadEnumerate:
 3011              	.LVL246:
 3012              	.LFB131:
ARM GAS  C:\Users\31005\AppData\Local\Temp\ccDX7XtF.s 			page 93


 612:Middlewares/Third_Party/FreeRTOS/Source/CMSIS_RTOS_V2/cmsis_os2.c ****   uint32_t i, count;
 3013              		.loc 1 612 79 is_stmt 1 view -0
 3014              		.cfi_startproc
 3015              		@ args = 0, pretend = 0, frame = 0
 3016              		@ frame_needed = 0, uses_anonymous_args = 0
 612:Middlewares/Third_Party/FreeRTOS/Source/CMSIS_RTOS_V2/cmsis_os2.c ****   uint32_t i, count;
 3017              		.loc 1 612 79 is_stmt 0 view .LVU819
 3018 0000 2DE9F041 		push	{r4, r5, r6, r7, r8, lr}
 3019              	.LCFI28:
 3020              		.cfi_def_cfa_offset 24
 3021              		.cfi_offset 4, -24
 3022              		.cfi_offset 5, -20
 3023              		.cfi_offset 6, -16
 3024              		.cfi_offset 7, -12
 3025              		.cfi_offset 8, -8
 3026              		.cfi_offset 14, -4
 613:Middlewares/Third_Party/FreeRTOS/Source/CMSIS_RTOS_V2/cmsis_os2.c ****   TaskStatus_t *task;
 3027              		.loc 1 613 3 is_stmt 1 view .LVU820
 614:Middlewares/Third_Party/FreeRTOS/Source/CMSIS_RTOS_V2/cmsis_os2.c **** 
 3028              		.loc 1 614 3 view .LVU821
 616:Middlewares/Third_Party/FreeRTOS/Source/CMSIS_RTOS_V2/cmsis_os2.c ****     count = 0U;
 3029              		.loc 1 616 3 view .LVU822
 3030              	.LBB446:
 3031              	.LBI446:
 205:Drivers/CMSIS/Include/cmsis_gcc.h **** {
 3032              		.loc 2 205 31 view .LVU823
 3033              	.LBB447:
 207:Drivers/CMSIS/Include/cmsis_gcc.h **** 
 3034              		.loc 2 207 3 view .LVU824
 209:Drivers/CMSIS/Include/cmsis_gcc.h ****   return(result);
 3035              		.loc 2 209 3 view .LVU825
 3036              		.syntax unified
 3037              	@ 209 "Drivers/CMSIS/Include/cmsis_gcc.h" 1
 3038 0004 EFF30584 		MRS r4, ipsr
 3039              	@ 0 "" 2
 3040              	.LVL247:
 210:Drivers/CMSIS/Include/cmsis_gcc.h **** }
 3041              		.loc 2 210 3 view .LVU826
 210:Drivers/CMSIS/Include/cmsis_gcc.h **** }
 3042              		.loc 2 210 3 is_stmt 0 view .LVU827
 3043              		.thumb
 3044              		.syntax unified
 3045              	.LBE447:
 3046              	.LBE446:
 616:Middlewares/Third_Party/FreeRTOS/Source/CMSIS_RTOS_V2/cmsis_os2.c ****     count = 0U;
 3047              		.loc 1 616 6 view .LVU828
 3048 0008 ACBB     		cbnz	r4, .L259
 3049 000a 0646     		mov	r6, r0
 3050 000c 0D46     		mov	r5, r1
 3051              	.LBB448:
 3052              	.LBI448:
 382:Drivers/CMSIS/Include/cmsis_gcc.h **** {
 3053              		.loc 2 382 31 is_stmt 1 view .LVU829
 3054              	.LBB449:
 384:Drivers/CMSIS/Include/cmsis_gcc.h **** 
 3055              		.loc 2 384 3 view .LVU830
 386:Drivers/CMSIS/Include/cmsis_gcc.h ****   return(result);
ARM GAS  C:\Users\31005\AppData\Local\Temp\ccDX7XtF.s 			page 94


 3056              		.loc 2 386 3 view .LVU831
 3057              		.syntax unified
 3058              	@ 386 "Drivers/CMSIS/Include/cmsis_gcc.h" 1
 3059 000e EFF31087 		MRS r7, primask
 3060              	@ 0 "" 2
 3061              	.LVL248:
 387:Drivers/CMSIS/Include/cmsis_gcc.h **** }
 3062              		.loc 2 387 3 view .LVU832
 387:Drivers/CMSIS/Include/cmsis_gcc.h **** }
 3063              		.loc 2 387 3 is_stmt 0 view .LVU833
 3064              		.thumb
 3065              		.syntax unified
 3066              	.LBE449:
 3067              	.LBE448:
 616:Middlewares/Third_Party/FreeRTOS/Source/CMSIS_RTOS_V2/cmsis_os2.c ****     count = 0U;
 3068              		.loc 1 616 7 view .LVU834
 3069 0012 8FBB     		cbnz	r7, .L253
 616:Middlewares/Third_Party/FreeRTOS/Source/CMSIS_RTOS_V2/cmsis_os2.c ****     count = 0U;
 3070              		.loc 1 616 7 discriminator 2 view .LVU835
 3071 0014 1B4B     		ldr	r3, .L266
 3072 0016 1B68     		ldr	r3, [r3]
 3073 0018 022B     		cmp	r3, #2
 3074 001a 03D0     		beq	.L264
 3075              	.L255:
 616:Middlewares/Third_Party/FreeRTOS/Source/CMSIS_RTOS_V2/cmsis_os2.c ****     count = 0U;
 3076              		.loc 1 616 16 discriminator 5 view .LVU836
 3077 001c 7EB3     		cbz	r6, .L261
 616:Middlewares/Third_Party/FreeRTOS/Source/CMSIS_RTOS_V2/cmsis_os2.c ****     count = 0U;
 3078              		.loc 1 616 42 discriminator 6 view .LVU837
 3079 001e 3DB9     		cbnz	r5, .L265
 617:Middlewares/Third_Party/FreeRTOS/Source/CMSIS_RTOS_V2/cmsis_os2.c ****   } else {
 3080              		.loc 1 617 11 view .LVU838
 3081 0020 2C46     		mov	r4, r5
 3082              	.LVL249:
 637:Middlewares/Third_Party/FreeRTOS/Source/CMSIS_RTOS_V2/cmsis_os2.c **** }
 3083              		.loc 1 637 3 is_stmt 1 view .LVU839
 637:Middlewares/Third_Party/FreeRTOS/Source/CMSIS_RTOS_V2/cmsis_os2.c **** }
 3084              		.loc 1 637 10 is_stmt 0 view .LVU840
 3085 0022 29E0     		b	.L253
 3086              	.LVL250:
 3087              	.L264:
 3088              	.LBB450:
 3089              	.LBI450:
 461:Drivers/CMSIS/Include/cmsis_gcc.h **** {
 3090              		.loc 2 461 31 is_stmt 1 view .LVU841
 3091              	.LBB451:
 463:Drivers/CMSIS/Include/cmsis_gcc.h **** 
 3092              		.loc 2 463 3 view .LVU842
 465:Drivers/CMSIS/Include/cmsis_gcc.h ****   return(result);
 3093              		.loc 2 465 3 view .LVU843
 3094              		.syntax unified
 3095              	@ 465 "Drivers/CMSIS/Include/cmsis_gcc.h" 1
 3096 0024 EFF31183 		MRS r3, basepri
 3097              	@ 0 "" 2
 3098              	.LVL251:
 3099              		.loc 2 466 3 view .LVU844
 3100              		.loc 2 466 3 is_stmt 0 view .LVU845
ARM GAS  C:\Users\31005\AppData\Local\Temp\ccDX7XtF.s 			page 95


 3101              		.thumb
 3102              		.syntax unified
 3103              	.LBE451:
 3104              	.LBE450:
 616:Middlewares/Third_Party/FreeRTOS/Source/CMSIS_RTOS_V2/cmsis_os2.c ****     count = 0U;
 3105              		.loc 1 616 7 view .LVU846
 3106 0028 002B     		cmp	r3, #0
 3107 002a F7D0     		beq	.L255
 617:Middlewares/Third_Party/FreeRTOS/Source/CMSIS_RTOS_V2/cmsis_os2.c ****   } else {
 3108              		.loc 1 617 11 view .LVU847
 3109 002c 3C46     		mov	r4, r7
 3110 002e 23E0     		b	.L253
 3111              	.L265:
 619:Middlewares/Third_Party/FreeRTOS/Source/CMSIS_RTOS_V2/cmsis_os2.c **** 
 3112              		.loc 1 619 5 is_stmt 1 view .LVU848
 3113 0030 FFF7FEFF 		bl	vTaskSuspendAll
 3114              	.LVL252:
 621:Middlewares/Third_Party/FreeRTOS/Source/CMSIS_RTOS_V2/cmsis_os2.c ****     task  = pvPortMalloc (count * sizeof(TaskStatus_t));
 3115              		.loc 1 621 5 view .LVU849
 621:Middlewares/Third_Party/FreeRTOS/Source/CMSIS_RTOS_V2/cmsis_os2.c ****     task  = pvPortMalloc (count * sizeof(TaskStatus_t));
 3116              		.loc 1 621 13 is_stmt 0 view .LVU850
 3117 0034 FFF7FEFF 		bl	uxTaskGetNumberOfTasks
 3118              	.LVL253:
 3119 0038 0446     		mov	r4, r0
 3120              	.LVL254:
 622:Middlewares/Third_Party/FreeRTOS/Source/CMSIS_RTOS_V2/cmsis_os2.c **** 
 3121              		.loc 1 622 5 is_stmt 1 view .LVU851
 622:Middlewares/Third_Party/FreeRTOS/Source/CMSIS_RTOS_V2/cmsis_os2.c **** 
 3122              		.loc 1 622 33 is_stmt 0 view .LVU852
 3123 003a 00EBC000 		add	r0, r0, r0, lsl #3
 3124              	.LVL255:
 622:Middlewares/Third_Party/FreeRTOS/Source/CMSIS_RTOS_V2/cmsis_os2.c **** 
 3125              		.loc 1 622 13 view .LVU853
 3126 003e 8000     		lsls	r0, r0, #2
 3127 0040 FFF7FEFF 		bl	pvPortMalloc
 3128              	.LVL256:
 624:Middlewares/Third_Party/FreeRTOS/Source/CMSIS_RTOS_V2/cmsis_os2.c ****       count = uxTaskGetSystemState (task, count, NULL);
 3129              		.loc 1 624 5 is_stmt 1 view .LVU854
 624:Middlewares/Third_Party/FreeRTOS/Source/CMSIS_RTOS_V2/cmsis_os2.c ****       count = uxTaskGetSystemState (task, count, NULL);
 3130              		.loc 1 624 8 is_stmt 0 view .LVU855
 3131 0044 8046     		mov	r8, r0
 3132 0046 80B1     		cbz	r0, .L256
 625:Middlewares/Third_Party/FreeRTOS/Source/CMSIS_RTOS_V2/cmsis_os2.c **** 
 3133              		.loc 1 625 7 is_stmt 1 view .LVU856
 625:Middlewares/Third_Party/FreeRTOS/Source/CMSIS_RTOS_V2/cmsis_os2.c **** 
 3134              		.loc 1 625 15 is_stmt 0 view .LVU857
 3135 0048 0022     		movs	r2, #0
 3136 004a 2146     		mov	r1, r4
 3137 004c FFF7FEFF 		bl	uxTaskGetSystemState
 3138              	.LVL257:
 627:Middlewares/Third_Party/FreeRTOS/Source/CMSIS_RTOS_V2/cmsis_os2.c ****         thread_array[i] = (osThreadId_t)task[i].xHandle;
 3139              		.loc 1 627 7 is_stmt 1 view .LVU858
 627:Middlewares/Third_Party/FreeRTOS/Source/CMSIS_RTOS_V2/cmsis_os2.c ****         thread_array[i] = (osThreadId_t)task[i].xHandle;
 3140              		.loc 1 627 14 is_stmt 0 view .LVU859
 3141 0050 3C46     		mov	r4, r7
 3142              	.LVL258:
 3143              	.L257:
ARM GAS  C:\Users\31005\AppData\Local\Temp\ccDX7XtF.s 			page 96


 627:Middlewares/Third_Party/FreeRTOS/Source/CMSIS_RTOS_V2/cmsis_os2.c ****         thread_array[i] = (osThreadId_t)task[i].xHandle;
 3144              		.loc 1 627 32 is_stmt 1 discriminator 1 view .LVU860
 3145 0052 8442     		cmp	r4, r0
 3146 0054 09D2     		bcs	.L256
 627:Middlewares/Third_Party/FreeRTOS/Source/CMSIS_RTOS_V2/cmsis_os2.c ****         thread_array[i] = (osThreadId_t)task[i].xHandle;
 3147              		.loc 1 627 32 is_stmt 0 discriminator 3 view .LVU861
 3148 0056 AC42     		cmp	r4, r5
 3149 0058 07D2     		bcs	.L256
 628:Middlewares/Third_Party/FreeRTOS/Source/CMSIS_RTOS_V2/cmsis_os2.c ****       }
 3150              		.loc 1 628 9 is_stmt 1 discriminator 4 view .LVU862
 628:Middlewares/Third_Party/FreeRTOS/Source/CMSIS_RTOS_V2/cmsis_os2.c ****       }
 3151              		.loc 1 628 45 is_stmt 0 discriminator 4 view .LVU863
 3152 005a 04EBC403 		add	r3, r4, r4, lsl #3
 628:Middlewares/Third_Party/FreeRTOS/Source/CMSIS_RTOS_V2/cmsis_os2.c ****       }
 3153              		.loc 1 628 48 discriminator 4 view .LVU864
 3154 005e 58F82330 		ldr	r3, [r8, r3, lsl #2]
 628:Middlewares/Third_Party/FreeRTOS/Source/CMSIS_RTOS_V2/cmsis_os2.c ****       }
 3155              		.loc 1 628 25 discriminator 4 view .LVU865
 3156 0062 46F82430 		str	r3, [r6, r4, lsl #2]
 627:Middlewares/Third_Party/FreeRTOS/Source/CMSIS_RTOS_V2/cmsis_os2.c ****         thread_array[i] = (osThreadId_t)task[i].xHandle;
 3157              		.loc 1 627 55 is_stmt 1 discriminator 4 view .LVU866
 3158 0066 0134     		adds	r4, r4, #1
 3159              	.LVL259:
 627:Middlewares/Third_Party/FreeRTOS/Source/CMSIS_RTOS_V2/cmsis_os2.c ****         thread_array[i] = (osThreadId_t)task[i].xHandle;
 3160              		.loc 1 627 55 is_stmt 0 discriminator 4 view .LVU867
 3161 0068 F3E7     		b	.L257
 3162              	.LVL260:
 3163              	.L256:
 632:Middlewares/Third_Party/FreeRTOS/Source/CMSIS_RTOS_V2/cmsis_os2.c **** 
 3164              		.loc 1 632 5 is_stmt 1 view .LVU868
 632:Middlewares/Third_Party/FreeRTOS/Source/CMSIS_RTOS_V2/cmsis_os2.c **** 
 3165              		.loc 1 632 11 is_stmt 0 view .LVU869
 3166 006a FFF7FEFF 		bl	xTaskResumeAll
 3167              	.LVL261:
 634:Middlewares/Third_Party/FreeRTOS/Source/CMSIS_RTOS_V2/cmsis_os2.c ****   }
 3168              		.loc 1 634 5 is_stmt 1 view .LVU870
 3169 006e 4046     		mov	r0, r8
 3170 0070 FFF7FEFF 		bl	vPortFree
 3171              	.LVL262:
 3172 0074 00E0     		b	.L253
 3173              	.LVL263:
 3174              	.L259:
 617:Middlewares/Third_Party/FreeRTOS/Source/CMSIS_RTOS_V2/cmsis_os2.c ****   } else {
 3175              		.loc 1 617 11 is_stmt 0 view .LVU871
 3176 0076 0024     		movs	r4, #0
 3177              	.LVL264:
 3178              	.L253:
 638:Middlewares/Third_Party/FreeRTOS/Source/CMSIS_RTOS_V2/cmsis_os2.c **** 
 3179              		.loc 1 638 1 view .LVU872
 3180 0078 2046     		mov	r0, r4
 3181 007a BDE8F081 		pop	{r4, r5, r6, r7, r8, pc}
 3182              	.LVL265:
 3183              	.L261:
 617:Middlewares/Third_Party/FreeRTOS/Source/CMSIS_RTOS_V2/cmsis_os2.c ****   } else {
 3184              		.loc 1 617 11 view .LVU873
 3185 007e 3C46     		mov	r4, r7
 3186 0080 FAE7     		b	.L253
ARM GAS  C:\Users\31005\AppData\Local\Temp\ccDX7XtF.s 			page 97


 3187              	.L267:
 3188 0082 00BF     		.align	2
 3189              	.L266:
 3190 0084 00000000 		.word	KernelState
 3191              		.cfi_endproc
 3192              	.LFE131:
 3194              		.section	.text.osThreadFlagsSet,"ax",%progbits
 3195              		.align	1
 3196              		.global	osThreadFlagsSet
 3197              		.syntax unified
 3198              		.thumb
 3199              		.thumb_func
 3201              	osThreadFlagsSet:
 3202              	.LVL266:
 3203              	.LFB132:
 640:Middlewares/Third_Party/FreeRTOS/Source/CMSIS_RTOS_V2/cmsis_os2.c ****   TaskHandle_t hTask = (TaskHandle_t)thread_id;
 3204              		.loc 1 640 68 is_stmt 1 view -0
 3205              		.cfi_startproc
 3206              		@ args = 0, pretend = 0, frame = 8
 3207              		@ frame_needed = 0, uses_anonymous_args = 0
 640:Middlewares/Third_Party/FreeRTOS/Source/CMSIS_RTOS_V2/cmsis_os2.c ****   TaskHandle_t hTask = (TaskHandle_t)thread_id;
 3208              		.loc 1 640 68 is_stmt 0 view .LVU875
 3209 0000 30B5     		push	{r4, r5, lr}
 3210              	.LCFI29:
 3211              		.cfi_def_cfa_offset 12
 3212              		.cfi_offset 4, -12
 3213              		.cfi_offset 5, -8
 3214              		.cfi_offset 14, -4
 3215 0002 85B0     		sub	sp, sp, #20
 3216              	.LCFI30:
 3217              		.cfi_def_cfa_offset 32
 641:Middlewares/Third_Party/FreeRTOS/Source/CMSIS_RTOS_V2/cmsis_os2.c ****   uint32_t rflags;
 3218              		.loc 1 641 3 is_stmt 1 view .LVU876
 3219              	.LVL267:
 642:Middlewares/Third_Party/FreeRTOS/Source/CMSIS_RTOS_V2/cmsis_os2.c ****   BaseType_t yield;
 3220              		.loc 1 642 3 view .LVU877
 643:Middlewares/Third_Party/FreeRTOS/Source/CMSIS_RTOS_V2/cmsis_os2.c **** 
 3221              		.loc 1 643 3 view .LVU878
 645:Middlewares/Third_Party/FreeRTOS/Source/CMSIS_RTOS_V2/cmsis_os2.c ****     rflags = (uint32_t)osErrorParameter;
 3222              		.loc 1 645 3 view .LVU879
 645:Middlewares/Third_Party/FreeRTOS/Source/CMSIS_RTOS_V2/cmsis_os2.c ****     rflags = (uint32_t)osErrorParameter;
 3223              		.loc 1 645 6 is_stmt 0 view .LVU880
 3224 0004 78B3     		cbz	r0, .L269
 3225 0006 0546     		mov	r5, r0
 645:Middlewares/Third_Party/FreeRTOS/Source/CMSIS_RTOS_V2/cmsis_os2.c ****     rflags = (uint32_t)osErrorParameter;
 3226              		.loc 1 645 23 discriminator 1 view .LVU881
 3227 0008 0029     		cmp	r1, #0
 3228 000a 2CDB     		blt	.L269
 649:Middlewares/Third_Party/FreeRTOS/Source/CMSIS_RTOS_V2/cmsis_os2.c **** 
 3229              		.loc 1 649 5 is_stmt 1 view .LVU882
 649:Middlewares/Third_Party/FreeRTOS/Source/CMSIS_RTOS_V2/cmsis_os2.c **** 
 3230              		.loc 1 649 12 is_stmt 0 view .LVU883
 3231 000c 4FF0FF33 		mov	r3, #-1
 3232 0010 0393     		str	r3, [sp, #12]
 651:Middlewares/Third_Party/FreeRTOS/Source/CMSIS_RTOS_V2/cmsis_os2.c ****       yield = pdFALSE;
 3233              		.loc 1 651 5 is_stmt 1 view .LVU884
 3234              	.LBB452:
ARM GAS  C:\Users\31005\AppData\Local\Temp\ccDX7XtF.s 			page 98


 3235              	.LBI452:
 205:Drivers/CMSIS/Include/cmsis_gcc.h **** {
 3236              		.loc 2 205 31 view .LVU885
 3237              	.LBB453:
 207:Drivers/CMSIS/Include/cmsis_gcc.h **** 
 3238              		.loc 2 207 3 view .LVU886
 209:Drivers/CMSIS/Include/cmsis_gcc.h ****   return(result);
 3239              		.loc 2 209 3 view .LVU887
 3240              		.syntax unified
 3241              	@ 209 "Drivers/CMSIS/Include/cmsis_gcc.h" 1
 3242 0012 EFF30583 		MRS r3, ipsr
 3243              	@ 0 "" 2
 3244              	.LVL268:
 210:Drivers/CMSIS/Include/cmsis_gcc.h **** }
 3245              		.loc 2 210 3 view .LVU888
 210:Drivers/CMSIS/Include/cmsis_gcc.h **** }
 3246              		.loc 2 210 3 is_stmt 0 view .LVU889
 3247              		.thumb
 3248              		.syntax unified
 3249              	.LBE453:
 3250              	.LBE452:
 651:Middlewares/Third_Party/FreeRTOS/Source/CMSIS_RTOS_V2/cmsis_os2.c ****       yield = pdFALSE;
 3251              		.loc 1 651 8 view .LVU890
 3252 0016 4BB9     		cbnz	r3, .L272
 3253              	.LBB454:
 3254              	.LBI454:
 382:Drivers/CMSIS/Include/cmsis_gcc.h **** {
 3255              		.loc 2 382 31 is_stmt 1 view .LVU891
 3256              	.LBB455:
 384:Drivers/CMSIS/Include/cmsis_gcc.h **** 
 3257              		.loc 2 384 3 view .LVU892
 386:Drivers/CMSIS/Include/cmsis_gcc.h ****   return(result);
 3258              		.loc 2 386 3 view .LVU893
 3259              		.syntax unified
 3260              	@ 386 "Drivers/CMSIS/Include/cmsis_gcc.h" 1
 3261 0018 EFF31083 		MRS r3, primask
 3262              	@ 0 "" 2
 3263              	.LVL269:
 387:Drivers/CMSIS/Include/cmsis_gcc.h **** }
 3264              		.loc 2 387 3 view .LVU894
 387:Drivers/CMSIS/Include/cmsis_gcc.h **** }
 3265              		.loc 2 387 3 is_stmt 0 view .LVU895
 3266              		.thumb
 3267              		.syntax unified
 3268              	.LBE455:
 3269              	.LBE454:
 651:Middlewares/Third_Party/FreeRTOS/Source/CMSIS_RTOS_V2/cmsis_os2.c ****       yield = pdFALSE;
 3270              		.loc 1 651 9 view .LVU896
 3271 001c 33B9     		cbnz	r3, .L272
 651:Middlewares/Third_Party/FreeRTOS/Source/CMSIS_RTOS_V2/cmsis_os2.c ****       yield = pdFALSE;
 3272              		.loc 1 651 9 discriminator 2 view .LVU897
 3273 001e 1B4B     		ldr	r3, .L275
 3274 0020 1B68     		ldr	r3, [r3]
 3275 0022 022B     		cmp	r3, #2
 3276 0024 25D1     		bne	.L273
 3277              	.LBB456:
 3278              	.LBI456:
ARM GAS  C:\Users\31005\AppData\Local\Temp\ccDX7XtF.s 			page 99


 461:Drivers/CMSIS/Include/cmsis_gcc.h **** {
 3279              		.loc 2 461 31 is_stmt 1 view .LVU898
 3280              	.LBB457:
 463:Drivers/CMSIS/Include/cmsis_gcc.h **** 
 3281              		.loc 2 463 3 view .LVU899
 465:Drivers/CMSIS/Include/cmsis_gcc.h ****   return(result);
 3282              		.loc 2 465 3 view .LVU900
 3283              		.syntax unified
 3284              	@ 465 "Drivers/CMSIS/Include/cmsis_gcc.h" 1
 3285 0026 EFF31183 		MRS r3, basepri
 3286              	@ 0 "" 2
 3287              	.LVL270:
 3288              		.loc 2 466 3 view .LVU901
 3289              		.loc 2 466 3 is_stmt 0 view .LVU902
 3290              		.thumb
 3291              		.syntax unified
 3292              	.LBE457:
 3293              	.LBE456:
 651:Middlewares/Third_Party/FreeRTOS/Source/CMSIS_RTOS_V2/cmsis_os2.c ****       yield = pdFALSE;
 3294              		.loc 1 651 9 view .LVU903
 3295 002a 13B3     		cbz	r3, .L273
 3296              	.L272:
 652:Middlewares/Third_Party/FreeRTOS/Source/CMSIS_RTOS_V2/cmsis_os2.c **** 
 3297              		.loc 1 652 7 is_stmt 1 view .LVU904
 652:Middlewares/Third_Party/FreeRTOS/Source/CMSIS_RTOS_V2/cmsis_os2.c **** 
 3298              		.loc 1 652 13 is_stmt 0 view .LVU905
 3299 002c 0024     		movs	r4, #0
 3300 002e 0294     		str	r4, [sp, #8]
 654:Middlewares/Third_Party/FreeRTOS/Source/CMSIS_RTOS_V2/cmsis_os2.c ****       (void)xTaskNotifyAndQueryFromISR (hTask, 0, eNoAction, &rflags, NULL);
 3301              		.loc 1 654 7 is_stmt 1 view .LVU906
 654:Middlewares/Third_Party/FreeRTOS/Source/CMSIS_RTOS_V2/cmsis_os2.c ****       (void)xTaskNotifyAndQueryFromISR (hTask, 0, eNoAction, &rflags, NULL);
 3302              		.loc 1 654 13 is_stmt 0 view .LVU907
 3303 0030 02AB     		add	r3, sp, #8
 3304 0032 0093     		str	r3, [sp]
 3305 0034 2346     		mov	r3, r4
 3306 0036 0122     		movs	r2, #1
 3307 0038 2846     		mov	r0, r5
 3308              	.LVL271:
 654:Middlewares/Third_Party/FreeRTOS/Source/CMSIS_RTOS_V2/cmsis_os2.c ****       (void)xTaskNotifyAndQueryFromISR (hTask, 0, eNoAction, &rflags, NULL);
 3309              		.loc 1 654 13 view .LVU908
 3310 003a FFF7FEFF 		bl	xTaskGenericNotifyFromISR
 3311              	.LVL272:
 655:Middlewares/Third_Party/FreeRTOS/Source/CMSIS_RTOS_V2/cmsis_os2.c **** 
 3312              		.loc 1 655 7 is_stmt 1 view .LVU909
 655:Middlewares/Third_Party/FreeRTOS/Source/CMSIS_RTOS_V2/cmsis_os2.c **** 
 3313              		.loc 1 655 13 is_stmt 0 view .LVU910
 3314 003e 0094     		str	r4, [sp]
 3315 0040 03AB     		add	r3, sp, #12
 3316 0042 2246     		mov	r2, r4
 3317 0044 2146     		mov	r1, r4
 3318 0046 2846     		mov	r0, r5
 3319 0048 FFF7FEFF 		bl	xTaskGenericNotifyFromISR
 3320              	.LVL273:
 657:Middlewares/Third_Party/FreeRTOS/Source/CMSIS_RTOS_V2/cmsis_os2.c ****     }
 3321              		.loc 1 657 7 is_stmt 1 view .LVU911
 3322 004c 029B     		ldr	r3, [sp, #8]
 3323 004e 6BB1     		cbz	r3, .L271
ARM GAS  C:\Users\31005\AppData\Local\Temp\ccDX7XtF.s 			page 100


 657:Middlewares/Third_Party/FreeRTOS/Source/CMSIS_RTOS_V2/cmsis_os2.c ****     }
 3324              		.loc 1 657 7 discriminator 1 view .LVU912
 3325 0050 4FF0E023 		mov	r3, #-536813568
 3326 0054 4FF08052 		mov	r2, #268435456
 3327 0058 C3F8042D 		str	r2, [r3, #3332]
 657:Middlewares/Third_Party/FreeRTOS/Source/CMSIS_RTOS_V2/cmsis_os2.c ****     }
 3328              		.loc 1 657 7 discriminator 1 view .LVU913
 3329              		.syntax unified
 3330              	@ 657 "Middlewares/Third_Party/FreeRTOS/Source/CMSIS_RTOS_V2/cmsis_os2.c" 1
 3331 005c BFF34F8F 		dsb
 3332              	@ 0 "" 2
 657:Middlewares/Third_Party/FreeRTOS/Source/CMSIS_RTOS_V2/cmsis_os2.c ****     }
 3333              		.loc 1 657 7 discriminator 1 view .LVU914
 3334              	@ 657 "Middlewares/Third_Party/FreeRTOS/Source/CMSIS_RTOS_V2/cmsis_os2.c" 1
 3335 0060 BFF36F8F 		isb
 3336              	@ 0 "" 2
 3337              		.thumb
 3338              		.syntax unified
 3339 0064 02E0     		b	.L271
 3340              	.LVL274:
 3341              	.L269:
 646:Middlewares/Third_Party/FreeRTOS/Source/CMSIS_RTOS_V2/cmsis_os2.c ****   }
 3342              		.loc 1 646 5 view .LVU915
 646:Middlewares/Third_Party/FreeRTOS/Source/CMSIS_RTOS_V2/cmsis_os2.c ****   }
 3343              		.loc 1 646 12 is_stmt 0 view .LVU916
 3344 0066 6FF00303 		mvn	r3, #3
 3345 006a 0393     		str	r3, [sp, #12]
 3346              	.LVL275:
 3347              	.L271:
 665:Middlewares/Third_Party/FreeRTOS/Source/CMSIS_RTOS_V2/cmsis_os2.c **** }
 3348              		.loc 1 665 3 is_stmt 1 view .LVU917
 666:Middlewares/Third_Party/FreeRTOS/Source/CMSIS_RTOS_V2/cmsis_os2.c **** 
 3349              		.loc 1 666 1 is_stmt 0 view .LVU918
 3350 006c 0398     		ldr	r0, [sp, #12]
 3351 006e 05B0     		add	sp, sp, #20
 3352              	.LCFI31:
 3353              		.cfi_remember_state
 3354              		.cfi_def_cfa_offset 12
 3355              		@ sp needed
 3356 0070 30BD     		pop	{r4, r5, pc}
 3357              	.LVL276:
 3358              	.L273:
 3359              	.LCFI32:
 3360              		.cfi_restore_state
 660:Middlewares/Third_Party/FreeRTOS/Source/CMSIS_RTOS_V2/cmsis_os2.c ****       (void)xTaskNotifyAndQuery (hTask, 0, eNoAction, &rflags);
 3361              		.loc 1 660 7 is_stmt 1 view .LVU919
 660:Middlewares/Third_Party/FreeRTOS/Source/CMSIS_RTOS_V2/cmsis_os2.c ****       (void)xTaskNotifyAndQuery (hTask, 0, eNoAction, &rflags);
 3362              		.loc 1 660 13 is_stmt 0 view .LVU920
 3363 0072 0023     		movs	r3, #0
 3364 0074 0122     		movs	r2, #1
 3365 0076 2846     		mov	r0, r5
 3366              	.LVL277:
 660:Middlewares/Third_Party/FreeRTOS/Source/CMSIS_RTOS_V2/cmsis_os2.c ****       (void)xTaskNotifyAndQuery (hTask, 0, eNoAction, &rflags);
 3367              		.loc 1 660 13 view .LVU921
 3368 0078 FFF7FEFF 		bl	xTaskGenericNotify
 3369              	.LVL278:
 661:Middlewares/Third_Party/FreeRTOS/Source/CMSIS_RTOS_V2/cmsis_os2.c ****     }
ARM GAS  C:\Users\31005\AppData\Local\Temp\ccDX7XtF.s 			page 101


 3370              		.loc 1 661 7 is_stmt 1 view .LVU922
 661:Middlewares/Third_Party/FreeRTOS/Source/CMSIS_RTOS_V2/cmsis_os2.c ****     }
 3371              		.loc 1 661 13 is_stmt 0 view .LVU923
 3372 007c 03AB     		add	r3, sp, #12
 3373 007e 0022     		movs	r2, #0
 3374 0080 1146     		mov	r1, r2
 3375 0082 2846     		mov	r0, r5
 3376 0084 FFF7FEFF 		bl	xTaskGenericNotify
 3377              	.LVL279:
 3378 0088 F0E7     		b	.L271
 3379              	.L276:
 3380 008a 00BF     		.align	2
 3381              	.L275:
 3382 008c 00000000 		.word	KernelState
 3383              		.cfi_endproc
 3384              	.LFE132:
 3386              		.section	.text.osThreadFlagsClear,"ax",%progbits
 3387              		.align	1
 3388              		.global	osThreadFlagsClear
 3389              		.syntax unified
 3390              		.thumb
 3391              		.thumb_func
 3393              	osThreadFlagsClear:
 3394              	.LVL280:
 3395              	.LFB133:
 668:Middlewares/Third_Party/FreeRTOS/Source/CMSIS_RTOS_V2/cmsis_os2.c ****   TaskHandle_t hTask;
 3396              		.loc 1 668 46 is_stmt 1 view -0
 3397              		.cfi_startproc
 3398              		@ args = 0, pretend = 0, frame = 8
 3399              		@ frame_needed = 0, uses_anonymous_args = 0
 668:Middlewares/Third_Party/FreeRTOS/Source/CMSIS_RTOS_V2/cmsis_os2.c ****   TaskHandle_t hTask;
 3400              		.loc 1 668 46 is_stmt 0 view .LVU925
 3401 0000 70B5     		push	{r4, r5, r6, lr}
 3402              	.LCFI33:
 3403              		.cfi_def_cfa_offset 16
 3404              		.cfi_offset 4, -16
 3405              		.cfi_offset 5, -12
 3406              		.cfi_offset 6, -8
 3407              		.cfi_offset 14, -4
 3408 0002 82B0     		sub	sp, sp, #8
 3409              	.LCFI34:
 3410              		.cfi_def_cfa_offset 24
 669:Middlewares/Third_Party/FreeRTOS/Source/CMSIS_RTOS_V2/cmsis_os2.c ****   uint32_t rflags, cflags;
 3411              		.loc 1 669 3 is_stmt 1 view .LVU926
 670:Middlewares/Third_Party/FreeRTOS/Source/CMSIS_RTOS_V2/cmsis_os2.c **** 
 3412              		.loc 1 670 3 view .LVU927
 672:Middlewares/Third_Party/FreeRTOS/Source/CMSIS_RTOS_V2/cmsis_os2.c ****     rflags = (uint32_t)osErrorISR;
 3413              		.loc 1 672 3 view .LVU928
 3414              	.LBB458:
 3415              	.LBI458:
 205:Drivers/CMSIS/Include/cmsis_gcc.h **** {
 3416              		.loc 2 205 31 view .LVU929
 3417              	.LBB459:
 207:Drivers/CMSIS/Include/cmsis_gcc.h **** 
 3418              		.loc 2 207 3 view .LVU930
 209:Drivers/CMSIS/Include/cmsis_gcc.h ****   return(result);
 3419              		.loc 2 209 3 view .LVU931
ARM GAS  C:\Users\31005\AppData\Local\Temp\ccDX7XtF.s 			page 102


 3420              		.syntax unified
 3421              	@ 209 "Drivers/CMSIS/Include/cmsis_gcc.h" 1
 3422 0004 EFF30583 		MRS r3, ipsr
 3423              	@ 0 "" 2
 3424              	.LVL281:
 210:Drivers/CMSIS/Include/cmsis_gcc.h **** }
 3425              		.loc 2 210 3 view .LVU932
 210:Drivers/CMSIS/Include/cmsis_gcc.h **** }
 3426              		.loc 2 210 3 is_stmt 0 view .LVU933
 3427              		.thumb
 3428              		.syntax unified
 3429              	.LBE459:
 3430              	.LBE458:
 672:Middlewares/Third_Party/FreeRTOS/Source/CMSIS_RTOS_V2/cmsis_os2.c ****     rflags = (uint32_t)osErrorISR;
 3431              		.loc 1 672 6 view .LVU934
 3432 0008 5BBB     		cbnz	r3, .L280
 3433 000a 0546     		mov	r5, r0
 3434              	.LBB460:
 3435              	.LBI460:
 382:Drivers/CMSIS/Include/cmsis_gcc.h **** {
 3436              		.loc 2 382 31 is_stmt 1 view .LVU935
 3437              	.LBB461:
 384:Drivers/CMSIS/Include/cmsis_gcc.h **** 
 3438              		.loc 2 384 3 view .LVU936
 386:Drivers/CMSIS/Include/cmsis_gcc.h ****   return(result);
 3439              		.loc 2 386 3 view .LVU937
 3440              		.syntax unified
 3441              	@ 386 "Drivers/CMSIS/Include/cmsis_gcc.h" 1
 3442 000c EFF31083 		MRS r3, primask
 3443              	@ 0 "" 2
 3444              	.LVL282:
 387:Drivers/CMSIS/Include/cmsis_gcc.h **** }
 3445              		.loc 2 387 3 view .LVU938
 387:Drivers/CMSIS/Include/cmsis_gcc.h **** }
 3446              		.loc 2 387 3 is_stmt 0 view .LVU939
 3447              		.thumb
 3448              		.syntax unified
 3449              	.LBE461:
 3450              	.LBE460:
 672:Middlewares/Third_Party/FreeRTOS/Source/CMSIS_RTOS_V2/cmsis_os2.c ****     rflags = (uint32_t)osErrorISR;
 3451              		.loc 1 672 7 view .LVU940
 3452 0010 63BB     		cbnz	r3, .L281
 672:Middlewares/Third_Party/FreeRTOS/Source/CMSIS_RTOS_V2/cmsis_os2.c ****     rflags = (uint32_t)osErrorISR;
 3453              		.loc 1 672 7 discriminator 2 view .LVU941
 3454 0012 194B     		ldr	r3, .L289
 3455 0014 1B68     		ldr	r3, [r3]
 3456 0016 022B     		cmp	r3, #2
 3457 0018 0ED0     		beq	.L287
 3458              	.L279:
 675:Middlewares/Third_Party/FreeRTOS/Source/CMSIS_RTOS_V2/cmsis_os2.c ****     rflags = (uint32_t)osErrorParameter;
 3459              		.loc 1 675 8 is_stmt 1 view .LVU942
 675:Middlewares/Third_Party/FreeRTOS/Source/CMSIS_RTOS_V2/cmsis_os2.c ****     rflags = (uint32_t)osErrorParameter;
 3460              		.loc 1 675 11 is_stmt 0 view .LVU943
 3461 001a 002D     		cmp	r5, #0
 3462 001c 29DB     		blt	.L283
 679:Middlewares/Third_Party/FreeRTOS/Source/CMSIS_RTOS_V2/cmsis_os2.c **** 
 3463              		.loc 1 679 5 is_stmt 1 view .LVU944
ARM GAS  C:\Users\31005\AppData\Local\Temp\ccDX7XtF.s 			page 103


 679:Middlewares/Third_Party/FreeRTOS/Source/CMSIS_RTOS_V2/cmsis_os2.c **** 
 3464              		.loc 1 679 13 is_stmt 0 view .LVU945
 3465 001e FFF7FEFF 		bl	xTaskGetCurrentTaskHandle
 3466              	.LVL283:
 679:Middlewares/Third_Party/FreeRTOS/Source/CMSIS_RTOS_V2/cmsis_os2.c **** 
 3467              		.loc 1 679 13 view .LVU946
 3468 0022 0646     		mov	r6, r0
 3469              	.LVL284:
 681:Middlewares/Third_Party/FreeRTOS/Source/CMSIS_RTOS_V2/cmsis_os2.c ****       rflags = cflags;
 3470              		.loc 1 681 5 is_stmt 1 view .LVU947
 681:Middlewares/Third_Party/FreeRTOS/Source/CMSIS_RTOS_V2/cmsis_os2.c ****       rflags = cflags;
 3471              		.loc 1 681 9 is_stmt 0 view .LVU948
 3472 0024 01AB     		add	r3, sp, #4
 3473 0026 0022     		movs	r2, #0
 3474 0028 1146     		mov	r1, r2
 3475 002a FFF7FEFF 		bl	xTaskGenericNotify
 3476              	.LVL285:
 681:Middlewares/Third_Party/FreeRTOS/Source/CMSIS_RTOS_V2/cmsis_os2.c ****       rflags = cflags;
 3477              		.loc 1 681 8 view .LVU949
 3478 002e 0128     		cmp	r0, #1
 3479 0030 09D0     		beq	.L288
 690:Middlewares/Third_Party/FreeRTOS/Source/CMSIS_RTOS_V2/cmsis_os2.c ****     }
 3480              		.loc 1 690 14 view .LVU950
 3481 0032 4FF0FF34 		mov	r4, #-1
 3482 0036 16E0     		b	.L277
 3483              	.LVL286:
 3484              	.L287:
 3485              	.LBB462:
 3486              	.LBI462:
 461:Drivers/CMSIS/Include/cmsis_gcc.h **** {
 3487              		.loc 2 461 31 is_stmt 1 view .LVU951
 3488              	.LBB463:
 463:Drivers/CMSIS/Include/cmsis_gcc.h **** 
 3489              		.loc 2 463 3 view .LVU952
 465:Drivers/CMSIS/Include/cmsis_gcc.h ****   return(result);
 3490              		.loc 2 465 3 view .LVU953
 3491              		.syntax unified
 3492              	@ 465 "Drivers/CMSIS/Include/cmsis_gcc.h" 1
 3493 0038 EFF31183 		MRS r3, basepri
 3494              	@ 0 "" 2
 3495              	.LVL287:
 3496              		.loc 2 466 3 view .LVU954
 3497              		.loc 2 466 3 is_stmt 0 view .LVU955
 3498              		.thumb
 3499              		.syntax unified
 3500              	.LBE463:
 3501              	.LBE462:
 672:Middlewares/Third_Party/FreeRTOS/Source/CMSIS_RTOS_V2/cmsis_os2.c ****     rflags = (uint32_t)osErrorISR;
 3502              		.loc 1 672 7 view .LVU956
 3503 003c 002B     		cmp	r3, #0
 3504 003e ECD0     		beq	.L279
 673:Middlewares/Third_Party/FreeRTOS/Source/CMSIS_RTOS_V2/cmsis_os2.c ****   }
 3505              		.loc 1 673 12 view .LVU957
 3506 0040 6FF00504 		mvn	r4, #5
 3507 0044 0FE0     		b	.L277
 3508              	.LVL288:
 3509              	.L288:
ARM GAS  C:\Users\31005\AppData\Local\Temp\ccDX7XtF.s 			page 104


 682:Middlewares/Third_Party/FreeRTOS/Source/CMSIS_RTOS_V2/cmsis_os2.c ****       cflags &= ~flags;
 3510              		.loc 1 682 7 is_stmt 1 view .LVU958
 682:Middlewares/Third_Party/FreeRTOS/Source/CMSIS_RTOS_V2/cmsis_os2.c ****       cflags &= ~flags;
 3511              		.loc 1 682 14 is_stmt 0 view .LVU959
 3512 0046 019C     		ldr	r4, [sp, #4]
 3513              	.LVL289:
 683:Middlewares/Third_Party/FreeRTOS/Source/CMSIS_RTOS_V2/cmsis_os2.c **** 
 3514              		.loc 1 683 7 is_stmt 1 view .LVU960
 683:Middlewares/Third_Party/FreeRTOS/Source/CMSIS_RTOS_V2/cmsis_os2.c **** 
 3515              		.loc 1 683 14 is_stmt 0 view .LVU961
 3516 0048 24EA0501 		bic	r1, r4, r5
 3517 004c 0191     		str	r1, [sp, #4]
 685:Middlewares/Third_Party/FreeRTOS/Source/CMSIS_RTOS_V2/cmsis_os2.c ****         rflags = (uint32_t)osError;
 3518              		.loc 1 685 7 is_stmt 1 view .LVU962
 685:Middlewares/Third_Party/FreeRTOS/Source/CMSIS_RTOS_V2/cmsis_os2.c ****         rflags = (uint32_t)osError;
 3519              		.loc 1 685 11 is_stmt 0 view .LVU963
 3520 004e 0023     		movs	r3, #0
 3521 0050 0322     		movs	r2, #3
 3522 0052 3046     		mov	r0, r6
 3523 0054 FFF7FEFF 		bl	xTaskGenericNotify
 3524              	.LVL290:
 685:Middlewares/Third_Party/FreeRTOS/Source/CMSIS_RTOS_V2/cmsis_os2.c ****         rflags = (uint32_t)osError;
 3525              		.loc 1 685 10 view .LVU964
 3526 0058 0128     		cmp	r0, #1
 3527 005a 04D0     		beq	.L277
 686:Middlewares/Third_Party/FreeRTOS/Source/CMSIS_RTOS_V2/cmsis_os2.c ****       }
 3528              		.loc 1 686 16 view .LVU965
 3529 005c 4FF0FF34 		mov	r4, #-1
 3530              	.LVL291:
 695:Middlewares/Third_Party/FreeRTOS/Source/CMSIS_RTOS_V2/cmsis_os2.c **** }
 3531              		.loc 1 695 3 is_stmt 1 view .LVU966
 695:Middlewares/Third_Party/FreeRTOS/Source/CMSIS_RTOS_V2/cmsis_os2.c **** }
 3532              		.loc 1 695 10 is_stmt 0 view .LVU967
 3533 0060 01E0     		b	.L277
 3534              	.LVL292:
 3535              	.L280:
 673:Middlewares/Third_Party/FreeRTOS/Source/CMSIS_RTOS_V2/cmsis_os2.c ****   }
 3536              		.loc 1 673 12 view .LVU968
 3537 0062 6FF00504 		mvn	r4, #5
 3538              	.LVL293:
 3539              	.L277:
 696:Middlewares/Third_Party/FreeRTOS/Source/CMSIS_RTOS_V2/cmsis_os2.c **** 
 3540              		.loc 1 696 1 view .LVU969
 3541 0066 2046     		mov	r0, r4
 3542 0068 02B0     		add	sp, sp, #8
 3543              	.LCFI35:
 3544              		.cfi_remember_state
 3545              		.cfi_def_cfa_offset 16
 3546              		@ sp needed
 3547 006a 70BD     		pop	{r4, r5, r6, pc}
 3548              	.LVL294:
 3549              	.L281:
 3550              	.LCFI36:
 3551              		.cfi_restore_state
 673:Middlewares/Third_Party/FreeRTOS/Source/CMSIS_RTOS_V2/cmsis_os2.c ****   }
 3552              		.loc 1 673 12 view .LVU970
 3553 006c 6FF00504 		mvn	r4, #5
ARM GAS  C:\Users\31005\AppData\Local\Temp\ccDX7XtF.s 			page 105


 3554 0070 F9E7     		b	.L277
 3555              	.L283:
 676:Middlewares/Third_Party/FreeRTOS/Source/CMSIS_RTOS_V2/cmsis_os2.c ****   }
 3556              		.loc 1 676 12 view .LVU971
 3557 0072 6FF00304 		mvn	r4, #3
 3558 0076 F6E7     		b	.L277
 3559              	.L290:
 3560              		.align	2
 3561              	.L289:
 3562 0078 00000000 		.word	KernelState
 3563              		.cfi_endproc
 3564              	.LFE133:
 3566              		.section	.text.osThreadFlagsGet,"ax",%progbits
 3567              		.align	1
 3568              		.global	osThreadFlagsGet
 3569              		.syntax unified
 3570              		.thumb
 3571              		.thumb_func
 3573              	osThreadFlagsGet:
 3574              	.LFB134:
 698:Middlewares/Third_Party/FreeRTOS/Source/CMSIS_RTOS_V2/cmsis_os2.c ****   TaskHandle_t hTask;
 3575              		.loc 1 698 34 is_stmt 1 view -0
 3576              		.cfi_startproc
 3577              		@ args = 0, pretend = 0, frame = 8
 3578              		@ frame_needed = 0, uses_anonymous_args = 0
 3579 0000 00B5     		push	{lr}
 3580              	.LCFI37:
 3581              		.cfi_def_cfa_offset 4
 3582              		.cfi_offset 14, -4
 3583 0002 83B0     		sub	sp, sp, #12
 3584              	.LCFI38:
 3585              		.cfi_def_cfa_offset 16
 699:Middlewares/Third_Party/FreeRTOS/Source/CMSIS_RTOS_V2/cmsis_os2.c ****   uint32_t rflags;
 3586              		.loc 1 699 3 view .LVU973
 700:Middlewares/Third_Party/FreeRTOS/Source/CMSIS_RTOS_V2/cmsis_os2.c **** 
 3587              		.loc 1 700 3 view .LVU974
 702:Middlewares/Third_Party/FreeRTOS/Source/CMSIS_RTOS_V2/cmsis_os2.c ****     rflags = (uint32_t)osErrorISR;
 3588              		.loc 1 702 3 view .LVU975
 3589              	.LBB464:
 3590              	.LBI464:
 205:Drivers/CMSIS/Include/cmsis_gcc.h **** {
 3591              		.loc 2 205 31 view .LVU976
 3592              	.LBB465:
 207:Drivers/CMSIS/Include/cmsis_gcc.h **** 
 3593              		.loc 2 207 3 view .LVU977
 209:Drivers/CMSIS/Include/cmsis_gcc.h ****   return(result);
 3594              		.loc 2 209 3 view .LVU978
 3595              		.syntax unified
 3596              	@ 209 "Drivers/CMSIS/Include/cmsis_gcc.h" 1
 3597 0004 EFF30583 		MRS r3, ipsr
 3598              	@ 0 "" 2
 3599              	.LVL295:
 210:Drivers/CMSIS/Include/cmsis_gcc.h **** }
 3600              		.loc 2 210 3 view .LVU979
 210:Drivers/CMSIS/Include/cmsis_gcc.h **** }
 3601              		.loc 2 210 3 is_stmt 0 view .LVU980
 3602              		.thumb
ARM GAS  C:\Users\31005\AppData\Local\Temp\ccDX7XtF.s 			page 106


 3603              		.syntax unified
 3604              	.LBE465:
 3605              	.LBE464:
 702:Middlewares/Third_Party/FreeRTOS/Source/CMSIS_RTOS_V2/cmsis_os2.c ****     rflags = (uint32_t)osErrorISR;
 3606              		.loc 1 702 6 view .LVU981
 3607 0008 4BB9     		cbnz	r3, .L292
 3608              	.LBB466:
 3609              	.LBI466:
 382:Drivers/CMSIS/Include/cmsis_gcc.h **** {
 3610              		.loc 2 382 31 is_stmt 1 view .LVU982
 3611              	.LBB467:
 384:Drivers/CMSIS/Include/cmsis_gcc.h **** 
 3612              		.loc 2 384 3 view .LVU983
 386:Drivers/CMSIS/Include/cmsis_gcc.h ****   return(result);
 3613              		.loc 2 386 3 view .LVU984
 3614              		.syntax unified
 3615              	@ 386 "Drivers/CMSIS/Include/cmsis_gcc.h" 1
 3616 000a EFF31083 		MRS r3, primask
 3617              	@ 0 "" 2
 3618              	.LVL296:
 387:Drivers/CMSIS/Include/cmsis_gcc.h **** }
 3619              		.loc 2 387 3 view .LVU985
 387:Drivers/CMSIS/Include/cmsis_gcc.h **** }
 3620              		.loc 2 387 3 is_stmt 0 view .LVU986
 3621              		.thumb
 3622              		.syntax unified
 3623              	.LBE467:
 3624              	.LBE466:
 702:Middlewares/Third_Party/FreeRTOS/Source/CMSIS_RTOS_V2/cmsis_os2.c ****     rflags = (uint32_t)osErrorISR;
 3625              		.loc 1 702 7 view .LVU987
 3626 000e 33B9     		cbnz	r3, .L292
 702:Middlewares/Third_Party/FreeRTOS/Source/CMSIS_RTOS_V2/cmsis_os2.c ****     rflags = (uint32_t)osErrorISR;
 3627              		.loc 1 702 7 discriminator 2 view .LVU988
 3628 0010 0D4B     		ldr	r3, .L296
 3629 0012 1B68     		ldr	r3, [r3]
 3630 0014 022B     		cmp	r3, #2
 3631 0016 09D1     		bne	.L293
 3632              	.LBB468:
 3633              	.LBI468:
 461:Drivers/CMSIS/Include/cmsis_gcc.h **** {
 3634              		.loc 2 461 31 is_stmt 1 view .LVU989
 3635              	.LBB469:
 463:Drivers/CMSIS/Include/cmsis_gcc.h **** 
 3636              		.loc 2 463 3 view .LVU990
 465:Drivers/CMSIS/Include/cmsis_gcc.h ****   return(result);
 3637              		.loc 2 465 3 view .LVU991
 3638              		.syntax unified
 3639              	@ 465 "Drivers/CMSIS/Include/cmsis_gcc.h" 1
 3640 0018 EFF31183 		MRS r3, basepri
 3641              	@ 0 "" 2
 3642              	.LVL297:
 3643              		.loc 2 466 3 view .LVU992
 3644              		.loc 2 466 3 is_stmt 0 view .LVU993
 3645              		.thumb
 3646              		.syntax unified
 3647              	.LBE469:
 3648              	.LBE468:
ARM GAS  C:\Users\31005\AppData\Local\Temp\ccDX7XtF.s 			page 107


 702:Middlewares/Third_Party/FreeRTOS/Source/CMSIS_RTOS_V2/cmsis_os2.c ****     rflags = (uint32_t)osErrorISR;
 3649              		.loc 1 702 7 view .LVU994
 3650 001c 33B1     		cbz	r3, .L293
 3651              	.L292:
 703:Middlewares/Third_Party/FreeRTOS/Source/CMSIS_RTOS_V2/cmsis_os2.c ****   }
 3652              		.loc 1 703 5 is_stmt 1 view .LVU995
 703:Middlewares/Third_Party/FreeRTOS/Source/CMSIS_RTOS_V2/cmsis_os2.c ****   }
 3653              		.loc 1 703 12 is_stmt 0 view .LVU996
 3654 001e 6FF00503 		mvn	r3, #5
 3655 0022 0193     		str	r3, [sp, #4]
 3656              	.L294:
 713:Middlewares/Third_Party/FreeRTOS/Source/CMSIS_RTOS_V2/cmsis_os2.c **** }
 3657              		.loc 1 713 3 is_stmt 1 view .LVU997
 714:Middlewares/Third_Party/FreeRTOS/Source/CMSIS_RTOS_V2/cmsis_os2.c **** 
 3658              		.loc 1 714 1 is_stmt 0 view .LVU998
 3659 0024 0198     		ldr	r0, [sp, #4]
 3660 0026 03B0     		add	sp, sp, #12
 3661              	.LCFI39:
 3662              		.cfi_remember_state
 3663              		.cfi_def_cfa_offset 4
 3664              		@ sp needed
 3665 0028 5DF804FB 		ldr	pc, [sp], #4
 3666              	.L293:
 3667              	.LCFI40:
 3668              		.cfi_restore_state
 706:Middlewares/Third_Party/FreeRTOS/Source/CMSIS_RTOS_V2/cmsis_os2.c **** 
 3669              		.loc 1 706 5 is_stmt 1 view .LVU999
 706:Middlewares/Third_Party/FreeRTOS/Source/CMSIS_RTOS_V2/cmsis_os2.c **** 
 3670              		.loc 1 706 13 is_stmt 0 view .LVU1000
 3671 002c FFF7FEFF 		bl	xTaskGetCurrentTaskHandle
 3672              	.LVL298:
 708:Middlewares/Third_Party/FreeRTOS/Source/CMSIS_RTOS_V2/cmsis_os2.c ****       rflags = (uint32_t)osError;
 3673              		.loc 1 708 5 is_stmt 1 view .LVU1001
 708:Middlewares/Third_Party/FreeRTOS/Source/CMSIS_RTOS_V2/cmsis_os2.c ****       rflags = (uint32_t)osError;
 3674              		.loc 1 708 9 is_stmt 0 view .LVU1002
 3675 0030 01AB     		add	r3, sp, #4
 3676 0032 0022     		movs	r2, #0
 3677 0034 1146     		mov	r1, r2
 3678 0036 FFF7FEFF 		bl	xTaskGenericNotify
 3679              	.LVL299:
 708:Middlewares/Third_Party/FreeRTOS/Source/CMSIS_RTOS_V2/cmsis_os2.c ****       rflags = (uint32_t)osError;
 3680              		.loc 1 708 8 view .LVU1003
 3681 003a 0128     		cmp	r0, #1
 3682 003c F2D0     		beq	.L294
 709:Middlewares/Third_Party/FreeRTOS/Source/CMSIS_RTOS_V2/cmsis_os2.c ****     }
 3683              		.loc 1 709 7 is_stmt 1 view .LVU1004
 709:Middlewares/Third_Party/FreeRTOS/Source/CMSIS_RTOS_V2/cmsis_os2.c ****     }
 3684              		.loc 1 709 14 is_stmt 0 view .LVU1005
 3685 003e 4FF0FF33 		mov	r3, #-1
 3686 0042 0193     		str	r3, [sp, #4]
 3687 0044 EEE7     		b	.L294
 3688              	.L297:
 3689 0046 00BF     		.align	2
 3690              	.L296:
 3691 0048 00000000 		.word	KernelState
 3692              		.cfi_endproc
 3693              	.LFE134:
ARM GAS  C:\Users\31005\AppData\Local\Temp\ccDX7XtF.s 			page 108


 3695              		.section	.text.osThreadFlagsWait,"ax",%progbits
 3696              		.align	1
 3697              		.global	osThreadFlagsWait
 3698              		.syntax unified
 3699              		.thumb
 3700              		.thumb_func
 3702              	osThreadFlagsWait:
 3703              	.LVL300:
 3704              	.LFB135:
 716:Middlewares/Third_Party/FreeRTOS/Source/CMSIS_RTOS_V2/cmsis_os2.c ****   uint32_t rflags, nval;
 3705              		.loc 1 716 81 is_stmt 1 view -0
 3706              		.cfi_startproc
 3707              		@ args = 0, pretend = 0, frame = 16
 3708              		@ frame_needed = 0, uses_anonymous_args = 0
 716:Middlewares/Third_Party/FreeRTOS/Source/CMSIS_RTOS_V2/cmsis_os2.c ****   uint32_t rflags, nval;
 3709              		.loc 1 716 81 is_stmt 0 view .LVU1007
 3710 0000 2DE9F04F 		push	{r4, r5, r6, r7, r8, r9, r10, fp, lr}
 3711              	.LCFI41:
 3712              		.cfi_def_cfa_offset 36
 3713              		.cfi_offset 4, -36
 3714              		.cfi_offset 5, -32
 3715              		.cfi_offset 6, -28
 3716              		.cfi_offset 7, -24
 3717              		.cfi_offset 8, -20
 3718              		.cfi_offset 9, -16
 3719              		.cfi_offset 10, -12
 3720              		.cfi_offset 11, -8
 3721              		.cfi_offset 14, -4
 3722 0004 85B0     		sub	sp, sp, #20
 3723              	.LCFI42:
 3724              		.cfi_def_cfa_offset 56
 717:Middlewares/Third_Party/FreeRTOS/Source/CMSIS_RTOS_V2/cmsis_os2.c ****   uint32_t clear;
 3725              		.loc 1 717 3 is_stmt 1 view .LVU1008
 718:Middlewares/Third_Party/FreeRTOS/Source/CMSIS_RTOS_V2/cmsis_os2.c ****   TickType_t t0, td, tout;
 3726              		.loc 1 718 3 view .LVU1009
 719:Middlewares/Third_Party/FreeRTOS/Source/CMSIS_RTOS_V2/cmsis_os2.c ****   BaseType_t rval;
 3727              		.loc 1 719 3 view .LVU1010
 720:Middlewares/Third_Party/FreeRTOS/Source/CMSIS_RTOS_V2/cmsis_os2.c **** 
 3728              		.loc 1 720 3 view .LVU1011
 722:Middlewares/Third_Party/FreeRTOS/Source/CMSIS_RTOS_V2/cmsis_os2.c ****     rflags = (uint32_t)osErrorISR;
 3729              		.loc 1 722 3 view .LVU1012
 3730              	.LBB470:
 3731              	.LBI470:
 205:Drivers/CMSIS/Include/cmsis_gcc.h **** {
 3732              		.loc 2 205 31 view .LVU1013
 3733              	.LBB471:
 207:Drivers/CMSIS/Include/cmsis_gcc.h **** 
 3734              		.loc 2 207 3 view .LVU1014
 209:Drivers/CMSIS/Include/cmsis_gcc.h ****   return(result);
 3735              		.loc 2 209 3 view .LVU1015
 3736              		.syntax unified
 3737              	@ 209 "Drivers/CMSIS/Include/cmsis_gcc.h" 1
 3738 0006 EFF30583 		MRS r3, ipsr
 3739              	@ 0 "" 2
 3740              	.LVL301:
 210:Drivers/CMSIS/Include/cmsis_gcc.h **** }
 3741              		.loc 2 210 3 view .LVU1016
ARM GAS  C:\Users\31005\AppData\Local\Temp\ccDX7XtF.s 			page 109


 210:Drivers/CMSIS/Include/cmsis_gcc.h **** }
 3742              		.loc 2 210 3 is_stmt 0 view .LVU1017
 3743              		.thumb
 3744              		.syntax unified
 3745              	.LBE471:
 3746              	.LBE470:
 722:Middlewares/Third_Party/FreeRTOS/Source/CMSIS_RTOS_V2/cmsis_os2.c ****     rflags = (uint32_t)osErrorISR;
 3747              		.loc 1 722 6 view .LVU1018
 3748 000a 002B     		cmp	r3, #0
 3749 000c 52D1     		bne	.L307
 3750 000e 8046     		mov	r8, r0
 3751 0010 8A46     		mov	r10, r1
 3752 0012 1746     		mov	r7, r2
 3753              	.LBB472:
 3754              	.LBI472:
 382:Drivers/CMSIS/Include/cmsis_gcc.h **** {
 3755              		.loc 2 382 31 is_stmt 1 view .LVU1019
 3756              	.LBB473:
 384:Drivers/CMSIS/Include/cmsis_gcc.h **** 
 3757              		.loc 2 384 3 view .LVU1020
 386:Drivers/CMSIS/Include/cmsis_gcc.h ****   return(result);
 3758              		.loc 2 386 3 view .LVU1021
 3759              		.syntax unified
 3760              	@ 386 "Drivers/CMSIS/Include/cmsis_gcc.h" 1
 3761 0014 EFF31083 		MRS r3, primask
 3762              	@ 0 "" 2
 3763              		.thumb
 3764              		.syntax unified
 3765 0018 0193     		str	r3, [sp, #4]
 3766              	.LVL302:
 387:Drivers/CMSIS/Include/cmsis_gcc.h **** }
 3767              		.loc 2 387 3 view .LVU1022
 387:Drivers/CMSIS/Include/cmsis_gcc.h **** }
 3768              		.loc 2 387 3 is_stmt 0 view .LVU1023
 3769              	.LBE473:
 3770              	.LBE472:
 722:Middlewares/Third_Party/FreeRTOS/Source/CMSIS_RTOS_V2/cmsis_os2.c ****     rflags = (uint32_t)osErrorISR;
 3771              		.loc 1 722 7 view .LVU1024
 3772 001a 002B     		cmp	r3, #0
 3773 001c 50D1     		bne	.L308
 722:Middlewares/Third_Party/FreeRTOS/Source/CMSIS_RTOS_V2/cmsis_os2.c ****     rflags = (uint32_t)osErrorISR;
 3774              		.loc 1 722 7 discriminator 2 view .LVU1025
 3775 001e 2D4B     		ldr	r3, .L320
 3776 0020 1B68     		ldr	r3, [r3]
 3777 0022 022B     		cmp	r3, #2
 3778 0024 0DD0     		beq	.L317
 3779              	.L300:
 725:Middlewares/Third_Party/FreeRTOS/Source/CMSIS_RTOS_V2/cmsis_os2.c ****     rflags = (uint32_t)osErrorParameter;
 3780              		.loc 1 725 8 is_stmt 1 view .LVU1026
 725:Middlewares/Third_Party/FreeRTOS/Source/CMSIS_RTOS_V2/cmsis_os2.c ****     rflags = (uint32_t)osErrorParameter;
 3781              		.loc 1 725 11 is_stmt 0 view .LVU1027
 3782 0026 B8F1000F 		cmp	r8, #0
 3783 002a 4CDB     		blt	.L310
 729:Middlewares/Third_Party/FreeRTOS/Source/CMSIS_RTOS_V2/cmsis_os2.c ****       clear = 0U;
 3784              		.loc 1 729 5 is_stmt 1 view .LVU1028
 729:Middlewares/Third_Party/FreeRTOS/Source/CMSIS_RTOS_V2/cmsis_os2.c ****       clear = 0U;
 3785              		.loc 1 729 8 is_stmt 0 view .LVU1029
ARM GAS  C:\Users\31005\AppData\Local\Temp\ccDX7XtF.s 			page 110


 3786 002c 1AF0020F 		tst	r10, #2
 3787 0030 0ED0     		beq	.L311
 730:Middlewares/Third_Party/FreeRTOS/Source/CMSIS_RTOS_V2/cmsis_os2.c ****     } else {
 3788              		.loc 1 730 13 view .LVU1030
 3789 0032 DDF80490 		ldr	r9, [sp, #4]
 3790              	.L301:
 3791              	.LVL303:
 735:Middlewares/Third_Party/FreeRTOS/Source/CMSIS_RTOS_V2/cmsis_os2.c ****     tout   = timeout;
 3792              		.loc 1 735 5 is_stmt 1 view .LVU1031
 736:Middlewares/Third_Party/FreeRTOS/Source/CMSIS_RTOS_V2/cmsis_os2.c **** 
 3793              		.loc 1 736 5 view .LVU1032
 738:Middlewares/Third_Party/FreeRTOS/Source/CMSIS_RTOS_V2/cmsis_os2.c ****     do {
 3794              		.loc 1 738 5 view .LVU1033
 738:Middlewares/Third_Party/FreeRTOS/Source/CMSIS_RTOS_V2/cmsis_os2.c ****     do {
 3795              		.loc 1 738 10 is_stmt 0 view .LVU1034
 3796 0036 FFF7FEFF 		bl	xTaskGetTickCount
 3797              	.LVL304:
 738:Middlewares/Third_Party/FreeRTOS/Source/CMSIS_RTOS_V2/cmsis_os2.c ****     do {
 3798              		.loc 1 738 10 view .LVU1035
 3799 003a 8346     		mov	fp, r0
 3800              	.LVL305:
 736:Middlewares/Third_Party/FreeRTOS/Source/CMSIS_RTOS_V2/cmsis_os2.c **** 
 3801              		.loc 1 736 12 view .LVU1036
 3802 003c 3E46     		mov	r6, r7
 735:Middlewares/Third_Party/FreeRTOS/Source/CMSIS_RTOS_V2/cmsis_os2.c ****     tout   = timeout;
 3803              		.loc 1 735 12 view .LVU1037
 3804 003e 019D     		ldr	r5, [sp, #4]
 3805 0040 2AE0     		b	.L306
 3806              	.LVL306:
 3807              	.L317:
 3808              	.LBB474:
 3809              	.LBI474:
 461:Drivers/CMSIS/Include/cmsis_gcc.h **** {
 3810              		.loc 2 461 31 is_stmt 1 view .LVU1038
 3811              	.LBB475:
 463:Drivers/CMSIS/Include/cmsis_gcc.h **** 
 3812              		.loc 2 463 3 view .LVU1039
 465:Drivers/CMSIS/Include/cmsis_gcc.h ****   return(result);
 3813              		.loc 2 465 3 view .LVU1040
 3814              		.syntax unified
 3815              	@ 465 "Drivers/CMSIS/Include/cmsis_gcc.h" 1
 3816 0042 EFF31183 		MRS r3, basepri
 3817              	@ 0 "" 2
 3818              	.LVL307:
 3819              		.loc 2 466 3 view .LVU1041
 3820              		.loc 2 466 3 is_stmt 0 view .LVU1042
 3821              		.thumb
 3822              		.syntax unified
 3823              	.LBE475:
 3824              	.LBE474:
 722:Middlewares/Third_Party/FreeRTOS/Source/CMSIS_RTOS_V2/cmsis_os2.c ****     rflags = (uint32_t)osErrorISR;
 3825              		.loc 1 722 7 view .LVU1043
 3826 0046 002B     		cmp	r3, #0
 3827 0048 EDD0     		beq	.L300
 723:Middlewares/Third_Party/FreeRTOS/Source/CMSIS_RTOS_V2/cmsis_os2.c ****   }
 3828              		.loc 1 723 12 view .LVU1044
 3829 004a 6FF00505 		mvn	r5, #5
ARM GAS  C:\Users\31005\AppData\Local\Temp\ccDX7XtF.s 			page 111


 3830 004e 33E0     		b	.L298
 3831              	.L311:
 732:Middlewares/Third_Party/FreeRTOS/Source/CMSIS_RTOS_V2/cmsis_os2.c ****     }
 3832              		.loc 1 732 13 view .LVU1045
 3833 0050 C146     		mov	r9, r8
 3834 0052 F0E7     		b	.L301
 3835              	.LVL308:
 3836              	.L319:
 743:Middlewares/Third_Party/FreeRTOS/Source/CMSIS_RTOS_V2/cmsis_os2.c ****         rflags |= nval;
 3837              		.loc 1 743 9 is_stmt 1 view .LVU1046
 743:Middlewares/Third_Party/FreeRTOS/Source/CMSIS_RTOS_V2/cmsis_os2.c ****         rflags |= nval;
 3838              		.loc 1 743 16 is_stmt 0 view .LVU1047
 3839 0054 05EA0805 		and	r5, r5, r8
 3840              	.LVL309:
 744:Middlewares/Third_Party/FreeRTOS/Source/CMSIS_RTOS_V2/cmsis_os2.c **** 
 3841              		.loc 1 744 9 is_stmt 1 view .LVU1048
 744:Middlewares/Third_Party/FreeRTOS/Source/CMSIS_RTOS_V2/cmsis_os2.c **** 
 3842              		.loc 1 744 16 is_stmt 0 view .LVU1049
 3843 0058 039B     		ldr	r3, [sp, #12]
 3844 005a 1D43     		orrs	r5, r5, r3
 3845              	.LVL310:
 746:Middlewares/Third_Party/FreeRTOS/Source/CMSIS_RTOS_V2/cmsis_os2.c ****           if ((flags & rflags) == flags) {
 3846              		.loc 1 746 9 is_stmt 1 view .LVU1050
 746:Middlewares/Third_Party/FreeRTOS/Source/CMSIS_RTOS_V2/cmsis_os2.c ****           if ((flags & rflags) == flags) {
 3847              		.loc 1 746 12 is_stmt 0 view .LVU1051
 3848 005c 1AF0010F 		tst	r10, #1
 3849 0060 0DD0     		beq	.L303
 747:Middlewares/Third_Party/FreeRTOS/Source/CMSIS_RTOS_V2/cmsis_os2.c ****             break;
 3850              		.loc 1 747 11 is_stmt 1 view .LVU1052
 747:Middlewares/Third_Party/FreeRTOS/Source/CMSIS_RTOS_V2/cmsis_os2.c ****             break;
 3851              		.loc 1 747 14 is_stmt 0 view .LVU1053
 3852 0062 38EA0503 		bics	r3, r8, r5
 3853 0066 27D0     		beq	.L298
 750:Middlewares/Third_Party/FreeRTOS/Source/CMSIS_RTOS_V2/cmsis_os2.c ****               rflags = (uint32_t)osErrorResource;
 3854              		.loc 1 750 13 is_stmt 1 view .LVU1054
 750:Middlewares/Third_Party/FreeRTOS/Source/CMSIS_RTOS_V2/cmsis_os2.c ****               rflags = (uint32_t)osErrorResource;
 3855              		.loc 1 750 16 is_stmt 0 view .LVU1055
 3856 0068 87B3     		cbz	r7, .L318
 3857              	.L304:
 768:Middlewares/Third_Party/FreeRTOS/Source/CMSIS_RTOS_V2/cmsis_os2.c **** 
 3858              		.loc 1 768 9 is_stmt 1 view .LVU1056
 768:Middlewares/Third_Party/FreeRTOS/Source/CMSIS_RTOS_V2/cmsis_os2.c **** 
 3859              		.loc 1 768 14 is_stmt 0 view .LVU1057
 3860 006a FFF7FEFF 		bl	xTaskGetTickCount
 3861              	.LVL311:
 768:Middlewares/Third_Party/FreeRTOS/Source/CMSIS_RTOS_V2/cmsis_os2.c **** 
 3862              		.loc 1 768 12 view .LVU1058
 3863 006e A0EB0B03 		sub	r3, r0, fp
 3864              	.LVL312:
 770:Middlewares/Third_Party/FreeRTOS/Source/CMSIS_RTOS_V2/cmsis_os2.c ****           tout  = 0;
 3865              		.loc 1 770 9 is_stmt 1 view .LVU1059
 770:Middlewares/Third_Party/FreeRTOS/Source/CMSIS_RTOS_V2/cmsis_os2.c ****           tout  = 0;
 3866              		.loc 1 770 12 is_stmt 0 view .LVU1060
 3867 0072 9E42     		cmp	r6, r3
 3868 0074 0BD3     		bcc	.L314
 773:Middlewares/Third_Party/FreeRTOS/Source/CMSIS_RTOS_V2/cmsis_os2.c ****         }
 3869              		.loc 1 773 11 is_stmt 1 view .LVU1061
ARM GAS  C:\Users\31005\AppData\Local\Temp\ccDX7XtF.s 			page 112


 773:Middlewares/Third_Party/FreeRTOS/Source/CMSIS_RTOS_V2/cmsis_os2.c ****         }
 3870              		.loc 1 773 16 is_stmt 0 view .LVU1062
 3871 0076 ABEB0000 		sub	r0, fp, r0
 3872 007a 0644     		add	r6, r6, r0
 3873              	.LVL313:
 773:Middlewares/Third_Party/FreeRTOS/Source/CMSIS_RTOS_V2/cmsis_os2.c ****         }
 3874              		.loc 1 773 16 view .LVU1063
 3875 007c 0BE0     		b	.L305
 3876              	.LVL314:
 3877              	.L303:
 757:Middlewares/Third_Party/FreeRTOS/Source/CMSIS_RTOS_V2/cmsis_os2.c ****             break;
 3878              		.loc 1 757 11 is_stmt 1 view .LVU1064
 757:Middlewares/Third_Party/FreeRTOS/Source/CMSIS_RTOS_V2/cmsis_os2.c ****             break;
 3879              		.loc 1 757 14 is_stmt 0 view .LVU1065
 3880 007e 18EA050F 		tst	r8, r5
 3881 0082 19D1     		bne	.L298
 760:Middlewares/Third_Party/FreeRTOS/Source/CMSIS_RTOS_V2/cmsis_os2.c ****               rflags = (uint32_t)osErrorResource;
 3882              		.loc 1 760 13 is_stmt 1 view .LVU1066
 760:Middlewares/Third_Party/FreeRTOS/Source/CMSIS_RTOS_V2/cmsis_os2.c ****               rflags = (uint32_t)osErrorResource;
 3883              		.loc 1 760 16 is_stmt 0 view .LVU1067
 3884 0084 002F     		cmp	r7, #0
 3885 0086 F0D1     		bne	.L304
 761:Middlewares/Third_Party/FreeRTOS/Source/CMSIS_RTOS_V2/cmsis_os2.c ****               break;
 3886              		.loc 1 761 22 view .LVU1068
 3887 0088 6FF00205 		mvn	r5, #2
 3888              	.LVL315:
 788:Middlewares/Third_Party/FreeRTOS/Source/CMSIS_RTOS_V2/cmsis_os2.c **** }
 3889              		.loc 1 788 3 is_stmt 1 view .LVU1069
 788:Middlewares/Third_Party/FreeRTOS/Source/CMSIS_RTOS_V2/cmsis_os2.c **** }
 3890              		.loc 1 788 10 is_stmt 0 view .LVU1070
 3891 008c 14E0     		b	.L298
 3892              	.LVL316:
 3893              	.L314:
 771:Middlewares/Third_Party/FreeRTOS/Source/CMSIS_RTOS_V2/cmsis_os2.c ****         } else {
 3894              		.loc 1 771 17 view .LVU1071
 3895 008e 019E     		ldr	r6, [sp, #4]
 3896              	.LVL317:
 771:Middlewares/Third_Party/FreeRTOS/Source/CMSIS_RTOS_V2/cmsis_os2.c ****         } else {
 3897              		.loc 1 771 17 view .LVU1072
 3898 0090 01E0     		b	.L305
 3899              	.LVL318:
 3900              	.L315:
 780:Middlewares/Third_Party/FreeRTOS/Source/CMSIS_RTOS_V2/cmsis_os2.c ****         }
 3901              		.loc 1 780 18 view .LVU1073
 3902 0092 6FF00105 		mvn	r5, #1
 3903              	.LVL319:
 3904              	.L305:
 784:Middlewares/Third_Party/FreeRTOS/Source/CMSIS_RTOS_V2/cmsis_os2.c ****   }
 3905              		.loc 1 784 17 is_stmt 1 view .LVU1074
 3906 0096 7CB1     		cbz	r4, .L298
 3907              	.LVL320:
 3908              	.L306:
 739:Middlewares/Third_Party/FreeRTOS/Source/CMSIS_RTOS_V2/cmsis_os2.c ****       rval = xTaskNotifyWait (0, clear, &nval, tout);
 3909              		.loc 1 739 5 view .LVU1075
 740:Middlewares/Third_Party/FreeRTOS/Source/CMSIS_RTOS_V2/cmsis_os2.c **** 
 3910              		.loc 1 740 7 view .LVU1076
 740:Middlewares/Third_Party/FreeRTOS/Source/CMSIS_RTOS_V2/cmsis_os2.c **** 
ARM GAS  C:\Users\31005\AppData\Local\Temp\ccDX7XtF.s 			page 113


 3911              		.loc 1 740 14 is_stmt 0 view .LVU1077
 3912 0098 3346     		mov	r3, r6
 3913 009a 03AA     		add	r2, sp, #12
 3914 009c 4946     		mov	r1, r9
 3915 009e 0020     		movs	r0, #0
 3916 00a0 FFF7FEFF 		bl	xTaskNotifyWait
 3917              	.LVL321:
 3918 00a4 0446     		mov	r4, r0
 3919              	.LVL322:
 742:Middlewares/Third_Party/FreeRTOS/Source/CMSIS_RTOS_V2/cmsis_os2.c ****         rflags &= flags;
 3920              		.loc 1 742 7 is_stmt 1 view .LVU1078
 742:Middlewares/Third_Party/FreeRTOS/Source/CMSIS_RTOS_V2/cmsis_os2.c ****         rflags &= flags;
 3921              		.loc 1 742 10 is_stmt 0 view .LVU1079
 3922 00a6 0128     		cmp	r0, #1
 3923 00a8 D4D0     		beq	.L319
 777:Middlewares/Third_Party/FreeRTOS/Source/CMSIS_RTOS_V2/cmsis_os2.c ****           rflags = (uint32_t)osErrorResource;
 3924              		.loc 1 777 9 is_stmt 1 view .LVU1080
 777:Middlewares/Third_Party/FreeRTOS/Source/CMSIS_RTOS_V2/cmsis_os2.c ****           rflags = (uint32_t)osErrorResource;
 3925              		.loc 1 777 12 is_stmt 0 view .LVU1081
 3926 00aa 002F     		cmp	r7, #0
 3927 00ac F1D1     		bne	.L315
 778:Middlewares/Third_Party/FreeRTOS/Source/CMSIS_RTOS_V2/cmsis_os2.c ****         } else {
 3928              		.loc 1 778 18 view .LVU1082
 3929 00ae 6FF00205 		mvn	r5, #2
 3930              	.LVL323:
 778:Middlewares/Third_Party/FreeRTOS/Source/CMSIS_RTOS_V2/cmsis_os2.c ****         } else {
 3931              		.loc 1 778 18 view .LVU1083
 3932 00b2 F0E7     		b	.L305
 3933              	.LVL324:
 3934              	.L307:
 723:Middlewares/Third_Party/FreeRTOS/Source/CMSIS_RTOS_V2/cmsis_os2.c ****   }
 3935              		.loc 1 723 12 view .LVU1084
 3936 00b4 6FF00505 		mvn	r5, #5
 3937              	.LVL325:
 3938              	.L298:
 789:Middlewares/Third_Party/FreeRTOS/Source/CMSIS_RTOS_V2/cmsis_os2.c **** 
 3939              		.loc 1 789 1 view .LVU1085
 3940 00b8 2846     		mov	r0, r5
 3941 00ba 05B0     		add	sp, sp, #20
 3942              	.LCFI43:
 3943              		.cfi_remember_state
 3944              		.cfi_def_cfa_offset 36
 3945              		@ sp needed
 3946 00bc BDE8F08F 		pop	{r4, r5, r6, r7, r8, r9, r10, fp, pc}
 3947              	.LVL326:
 3948              	.L308:
 3949              	.LCFI44:
 3950              		.cfi_restore_state
 723:Middlewares/Third_Party/FreeRTOS/Source/CMSIS_RTOS_V2/cmsis_os2.c ****   }
 3951              		.loc 1 723 12 view .LVU1086
 3952 00c0 6FF00505 		mvn	r5, #5
 3953 00c4 F8E7     		b	.L298
 3954              	.L310:
 726:Middlewares/Third_Party/FreeRTOS/Source/CMSIS_RTOS_V2/cmsis_os2.c ****   }
 3955              		.loc 1 726 12 view .LVU1087
 3956 00c6 6FF00305 		mvn	r5, #3
 3957 00ca F5E7     		b	.L298
ARM GAS  C:\Users\31005\AppData\Local\Temp\ccDX7XtF.s 			page 114


 3958              	.LVL327:
 3959              	.L318:
 751:Middlewares/Third_Party/FreeRTOS/Source/CMSIS_RTOS_V2/cmsis_os2.c ****               break;
 3960              		.loc 1 751 22 view .LVU1088
 3961 00cc 6FF00205 		mvn	r5, #2
 3962              	.LVL328:
 751:Middlewares/Third_Party/FreeRTOS/Source/CMSIS_RTOS_V2/cmsis_os2.c ****               break;
 3963              		.loc 1 751 22 view .LVU1089
 3964 00d0 F2E7     		b	.L298
 3965              	.L321:
 3966 00d2 00BF     		.align	2
 3967              	.L320:
 3968 00d4 00000000 		.word	KernelState
 3969              		.cfi_endproc
 3970              	.LFE135:
 3972              		.section	.text.osDelay,"ax",%progbits
 3973              		.align	1
 3974              		.global	osDelay
 3975              		.syntax unified
 3976              		.thumb
 3977              		.thumb_func
 3979              	osDelay:
 3980              	.LVL329:
 3981              	.LFB136:
 791:Middlewares/Third_Party/FreeRTOS/Source/CMSIS_RTOS_V2/cmsis_os2.c ****   osStatus_t stat;
 3982              		.loc 1 791 37 is_stmt 1 view -0
 3983              		.cfi_startproc
 3984              		@ args = 0, pretend = 0, frame = 0
 3985              		@ frame_needed = 0, uses_anonymous_args = 0
 791:Middlewares/Third_Party/FreeRTOS/Source/CMSIS_RTOS_V2/cmsis_os2.c ****   osStatus_t stat;
 3986              		.loc 1 791 37 is_stmt 0 view .LVU1091
 3987 0000 08B5     		push	{r3, lr}
 3988              	.LCFI45:
 3989              		.cfi_def_cfa_offset 8
 3990              		.cfi_offset 3, -8
 3991              		.cfi_offset 14, -4
 792:Middlewares/Third_Party/FreeRTOS/Source/CMSIS_RTOS_V2/cmsis_os2.c **** 
 3992              		.loc 1 792 3 is_stmt 1 view .LVU1092
 794:Middlewares/Third_Party/FreeRTOS/Source/CMSIS_RTOS_V2/cmsis_os2.c ****     stat = osErrorISR;
 3993              		.loc 1 794 3 view .LVU1093
 3994              	.LBB476:
 3995              	.LBI476:
 205:Drivers/CMSIS/Include/cmsis_gcc.h **** {
 3996              		.loc 2 205 31 view .LVU1094
 3997              	.LBB477:
 207:Drivers/CMSIS/Include/cmsis_gcc.h **** 
 3998              		.loc 2 207 3 view .LVU1095
 209:Drivers/CMSIS/Include/cmsis_gcc.h ****   return(result);
 3999              		.loc 2 209 3 view .LVU1096
 4000              		.syntax unified
 4001              	@ 209 "Drivers/CMSIS/Include/cmsis_gcc.h" 1
 4002 0002 EFF30583 		MRS r3, ipsr
 4003              	@ 0 "" 2
 4004              	.LVL330:
 210:Drivers/CMSIS/Include/cmsis_gcc.h **** }
 4005              		.loc 2 210 3 view .LVU1097
 210:Drivers/CMSIS/Include/cmsis_gcc.h **** }
ARM GAS  C:\Users\31005\AppData\Local\Temp\ccDX7XtF.s 			page 115


 4006              		.loc 2 210 3 is_stmt 0 view .LVU1098
 4007              		.thumb
 4008              		.syntax unified
 4009              	.LBE477:
 4010              	.LBE476:
 794:Middlewares/Third_Party/FreeRTOS/Source/CMSIS_RTOS_V2/cmsis_os2.c ****     stat = osErrorISR;
 4011              		.loc 1 794 6 view .LVU1099
 4012 0006 A3B9     		cbnz	r3, .L325
 4013              	.LBB478:
 4014              	.LBI478:
 382:Drivers/CMSIS/Include/cmsis_gcc.h **** {
 4015              		.loc 2 382 31 is_stmt 1 view .LVU1100
 4016              	.LBB479:
 384:Drivers/CMSIS/Include/cmsis_gcc.h **** 
 4017              		.loc 2 384 3 view .LVU1101
 386:Drivers/CMSIS/Include/cmsis_gcc.h ****   return(result);
 4018              		.loc 2 386 3 view .LVU1102
 4019              		.syntax unified
 4020              	@ 386 "Drivers/CMSIS/Include/cmsis_gcc.h" 1
 4021 0008 EFF31083 		MRS r3, primask
 4022              	@ 0 "" 2
 4023              	.LVL331:
 387:Drivers/CMSIS/Include/cmsis_gcc.h **** }
 4024              		.loc 2 387 3 view .LVU1103
 387:Drivers/CMSIS/Include/cmsis_gcc.h **** }
 4025              		.loc 2 387 3 is_stmt 0 view .LVU1104
 4026              		.thumb
 4027              		.syntax unified
 4028              	.LBE479:
 4029              	.LBE478:
 794:Middlewares/Third_Party/FreeRTOS/Source/CMSIS_RTOS_V2/cmsis_os2.c ****     stat = osErrorISR;
 4030              		.loc 1 794 7 view .LVU1105
 4031 000c A3B9     		cbnz	r3, .L326
 794:Middlewares/Third_Party/FreeRTOS/Source/CMSIS_RTOS_V2/cmsis_os2.c ****     stat = osErrorISR;
 4032              		.loc 1 794 7 discriminator 2 view .LVU1106
 4033 000e 0C4B     		ldr	r3, .L332
 4034 0010 1B68     		ldr	r3, [r3]
 4035 0012 022B     		cmp	r3, #2
 4036 0014 02D0     		beq	.L330
 4037              	.L324:
 798:Middlewares/Third_Party/FreeRTOS/Source/CMSIS_RTOS_V2/cmsis_os2.c **** 
 4038              		.loc 1 798 5 is_stmt 1 view .LVU1107
 4039              	.LVL332:
 800:Middlewares/Third_Party/FreeRTOS/Source/CMSIS_RTOS_V2/cmsis_os2.c ****       vTaskDelay(ticks);
 4040              		.loc 1 800 5 view .LVU1108
 800:Middlewares/Third_Party/FreeRTOS/Source/CMSIS_RTOS_V2/cmsis_os2.c ****       vTaskDelay(ticks);
 4041              		.loc 1 800 8 is_stmt 0 view .LVU1109
 4042 0016 40B9     		cbnz	r0, .L331
 798:Middlewares/Third_Party/FreeRTOS/Source/CMSIS_RTOS_V2/cmsis_os2.c **** 
 4043              		.loc 1 798 10 view .LVU1110
 4044 0018 0020     		movs	r0, #0
 4045              	.LVL333:
 805:Middlewares/Third_Party/FreeRTOS/Source/CMSIS_RTOS_V2/cmsis_os2.c **** }
 4046              		.loc 1 805 3 is_stmt 1 view .LVU1111
 4047              	.L322:
 806:Middlewares/Third_Party/FreeRTOS/Source/CMSIS_RTOS_V2/cmsis_os2.c **** 
 4048              		.loc 1 806 1 is_stmt 0 view .LVU1112
ARM GAS  C:\Users\31005\AppData\Local\Temp\ccDX7XtF.s 			page 116


 4049 001a 08BD     		pop	{r3, pc}
 4050              	.LVL334:
 4051              	.L330:
 4052              	.LBB480:
 4053              	.LBI480:
 461:Drivers/CMSIS/Include/cmsis_gcc.h **** {
 4054              		.loc 2 461 31 is_stmt 1 view .LVU1113
 4055              	.LBB481:
 463:Drivers/CMSIS/Include/cmsis_gcc.h **** 
 4056              		.loc 2 463 3 view .LVU1114
 465:Drivers/CMSIS/Include/cmsis_gcc.h ****   return(result);
 4057              		.loc 2 465 3 view .LVU1115
 4058              		.syntax unified
 4059              	@ 465 "Drivers/CMSIS/Include/cmsis_gcc.h" 1
 4060 001c EFF31183 		MRS r3, basepri
 4061              	@ 0 "" 2
 4062              	.LVL335:
 4063              		.loc 2 466 3 view .LVU1116
 4064              		.loc 2 466 3 is_stmt 0 view .LVU1117
 4065              		.thumb
 4066              		.syntax unified
 4067              	.LBE481:
 4068              	.LBE480:
 794:Middlewares/Third_Party/FreeRTOS/Source/CMSIS_RTOS_V2/cmsis_os2.c ****     stat = osErrorISR;
 4069              		.loc 1 794 7 view .LVU1118
 4070 0020 002B     		cmp	r3, #0
 4071 0022 F8D0     		beq	.L324
 795:Middlewares/Third_Party/FreeRTOS/Source/CMSIS_RTOS_V2/cmsis_os2.c ****   }
 4072              		.loc 1 795 10 view .LVU1119
 4073 0024 6FF00500 		mvn	r0, #5
 4074              	.LVL336:
 795:Middlewares/Third_Party/FreeRTOS/Source/CMSIS_RTOS_V2/cmsis_os2.c ****   }
 4075              		.loc 1 795 10 view .LVU1120
 4076 0028 F7E7     		b	.L322
 4077              	.LVL337:
 4078              	.L331:
 801:Middlewares/Third_Party/FreeRTOS/Source/CMSIS_RTOS_V2/cmsis_os2.c ****     }
 4079              		.loc 1 801 7 is_stmt 1 view .LVU1121
 4080 002a FFF7FEFF 		bl	vTaskDelay
 4081              	.LVL338:
 798:Middlewares/Third_Party/FreeRTOS/Source/CMSIS_RTOS_V2/cmsis_os2.c **** 
 4082              		.loc 1 798 10 is_stmt 0 view .LVU1122
 4083 002e 0020     		movs	r0, #0
 4084 0030 F3E7     		b	.L322
 4085              	.LVL339:
 4086              	.L325:
 795:Middlewares/Third_Party/FreeRTOS/Source/CMSIS_RTOS_V2/cmsis_os2.c ****   }
 4087              		.loc 1 795 10 view .LVU1123
 4088 0032 6FF00500 		mvn	r0, #5
 4089              	.LVL340:
 795:Middlewares/Third_Party/FreeRTOS/Source/CMSIS_RTOS_V2/cmsis_os2.c ****   }
 4090              		.loc 1 795 10 view .LVU1124
 4091 0036 F0E7     		b	.L322
 4092              	.LVL341:
 4093              	.L326:
 795:Middlewares/Third_Party/FreeRTOS/Source/CMSIS_RTOS_V2/cmsis_os2.c ****   }
 4094              		.loc 1 795 10 view .LVU1125
ARM GAS  C:\Users\31005\AppData\Local\Temp\ccDX7XtF.s 			page 117


 4095 0038 6FF00500 		mvn	r0, #5
 4096              	.LVL342:
 795:Middlewares/Third_Party/FreeRTOS/Source/CMSIS_RTOS_V2/cmsis_os2.c ****   }
 4097              		.loc 1 795 10 view .LVU1126
 4098 003c EDE7     		b	.L322
 4099              	.L333:
 4100 003e 00BF     		.align	2
 4101              	.L332:
 4102 0040 00000000 		.word	KernelState
 4103              		.cfi_endproc
 4104              	.LFE136:
 4106              		.section	.text.osDelayUntil,"ax",%progbits
 4107              		.align	1
 4108              		.global	osDelayUntil
 4109              		.syntax unified
 4110              		.thumb
 4111              		.thumb_func
 4113              	osDelayUntil:
 4114              	.LVL343:
 4115              	.LFB137:
 808:Middlewares/Third_Party/FreeRTOS/Source/CMSIS_RTOS_V2/cmsis_os2.c ****   TickType_t tcnt;
 4116              		.loc 1 808 42 is_stmt 1 view -0
 4117              		.cfi_startproc
 4118              		@ args = 0, pretend = 0, frame = 8
 4119              		@ frame_needed = 0, uses_anonymous_args = 0
 809:Middlewares/Third_Party/FreeRTOS/Source/CMSIS_RTOS_V2/cmsis_os2.c ****   osStatus_t stat;
 4120              		.loc 1 809 3 view .LVU1128
 810:Middlewares/Third_Party/FreeRTOS/Source/CMSIS_RTOS_V2/cmsis_os2.c **** 
 4121              		.loc 1 810 3 view .LVU1129
 812:Middlewares/Third_Party/FreeRTOS/Source/CMSIS_RTOS_V2/cmsis_os2.c ****     stat = osErrorISR;
 4122              		.loc 1 812 3 view .LVU1130
 4123              	.LBB482:
 4124              	.LBI482:
 205:Drivers/CMSIS/Include/cmsis_gcc.h **** {
 4125              		.loc 2 205 31 view .LVU1131
 4126              	.LBB483:
 207:Drivers/CMSIS/Include/cmsis_gcc.h **** 
 4127              		.loc 2 207 3 view .LVU1132
 209:Drivers/CMSIS/Include/cmsis_gcc.h ****   return(result);
 4128              		.loc 2 209 3 view .LVU1133
 4129              		.syntax unified
 4130              	@ 209 "Drivers/CMSIS/Include/cmsis_gcc.h" 1
 4131 0000 EFF30583 		MRS r3, ipsr
 4132              	@ 0 "" 2
 4133              	.LVL344:
 210:Drivers/CMSIS/Include/cmsis_gcc.h **** }
 4134              		.loc 2 210 3 view .LVU1134
 210:Drivers/CMSIS/Include/cmsis_gcc.h **** }
 4135              		.loc 2 210 3 is_stmt 0 view .LVU1135
 4136              		.thumb
 4137              		.syntax unified
 4138              	.LBE483:
 4139              	.LBE482:
 812:Middlewares/Third_Party/FreeRTOS/Source/CMSIS_RTOS_V2/cmsis_os2.c ****     stat = osErrorISR;
 4140              		.loc 1 812 6 view .LVU1136
 4141 0004 B3B9     		cbnz	r3, .L337
 808:Middlewares/Third_Party/FreeRTOS/Source/CMSIS_RTOS_V2/cmsis_os2.c ****   TickType_t tcnt;
ARM GAS  C:\Users\31005\AppData\Local\Temp\ccDX7XtF.s 			page 118


 4142              		.loc 1 808 42 view .LVU1137
 4143 0006 10B5     		push	{r4, lr}
 4144              	.LCFI46:
 4145              		.cfi_def_cfa_offset 8
 4146              		.cfi_offset 4, -8
 4147              		.cfi_offset 14, -4
 4148 0008 82B0     		sub	sp, sp, #8
 4149              	.LCFI47:
 4150              		.cfi_def_cfa_offset 16
 4151 000a 0446     		mov	r4, r0
 4152              	.LBB484:
 4153              	.LBI484:
 382:Drivers/CMSIS/Include/cmsis_gcc.h **** {
 4154              		.loc 2 382 31 is_stmt 1 view .LVU1138
 4155              	.LBB485:
 384:Drivers/CMSIS/Include/cmsis_gcc.h **** 
 4156              		.loc 2 384 3 view .LVU1139
 386:Drivers/CMSIS/Include/cmsis_gcc.h ****   return(result);
 4157              		.loc 2 386 3 view .LVU1140
 4158              		.syntax unified
 4159              	@ 386 "Drivers/CMSIS/Include/cmsis_gcc.h" 1
 4160 000c EFF31083 		MRS r3, primask
 4161              	@ 0 "" 2
 4162              	.LVL345:
 387:Drivers/CMSIS/Include/cmsis_gcc.h **** }
 4163              		.loc 2 387 3 view .LVU1141
 387:Drivers/CMSIS/Include/cmsis_gcc.h **** }
 4164              		.loc 2 387 3 is_stmt 0 view .LVU1142
 4165              		.thumb
 4166              		.syntax unified
 4167              	.LBE485:
 4168              	.LBE484:
 812:Middlewares/Third_Party/FreeRTOS/Source/CMSIS_RTOS_V2/cmsis_os2.c ****     stat = osErrorISR;
 4169              		.loc 1 812 7 view .LVU1143
 4170 0010 9BB9     		cbnz	r3, .L338
 812:Middlewares/Third_Party/FreeRTOS/Source/CMSIS_RTOS_V2/cmsis_os2.c ****     stat = osErrorISR;
 4171              		.loc 1 812 7 discriminator 2 view .LVU1144
 4172 0012 0D4B     		ldr	r3, .L344
 4173 0014 1B68     		ldr	r3, [r3]
 4174 0016 022B     		cmp	r3, #2
 4175 0018 02D1     		bne	.L336
 4176              	.LBB486:
 4177              	.LBI486:
 461:Drivers/CMSIS/Include/cmsis_gcc.h **** {
 4178              		.loc 2 461 31 is_stmt 1 view .LVU1145
 4179              	.LBB487:
 463:Drivers/CMSIS/Include/cmsis_gcc.h **** 
 4180              		.loc 2 463 3 view .LVU1146
 465:Drivers/CMSIS/Include/cmsis_gcc.h ****   return(result);
 4181              		.loc 2 465 3 view .LVU1147
 4182              		.syntax unified
 4183              	@ 465 "Drivers/CMSIS/Include/cmsis_gcc.h" 1
 4184 001a EFF31183 		MRS r3, basepri
 4185              	@ 0 "" 2
 4186              	.LVL346:
 4187              		.loc 2 466 3 view .LVU1148
 4188              		.loc 2 466 3 is_stmt 0 view .LVU1149
ARM GAS  C:\Users\31005\AppData\Local\Temp\ccDX7XtF.s 			page 119


 4189              		.thumb
 4190              		.syntax unified
 4191              	.LBE487:
 4192              	.LBE486:
 812:Middlewares/Third_Party/FreeRTOS/Source/CMSIS_RTOS_V2/cmsis_os2.c ****     stat = osErrorISR;
 4193              		.loc 1 812 7 view .LVU1150
 4194 001e 7BB9     		cbnz	r3, .L339
 4195              	.L336:
 816:Middlewares/Third_Party/FreeRTOS/Source/CMSIS_RTOS_V2/cmsis_os2.c ****     tcnt = xTaskGetTickCount();
 4196              		.loc 1 816 5 is_stmt 1 view .LVU1151
 4197              	.LVL347:
 817:Middlewares/Third_Party/FreeRTOS/Source/CMSIS_RTOS_V2/cmsis_os2.c **** 
 4198              		.loc 1 817 5 view .LVU1152
 817:Middlewares/Third_Party/FreeRTOS/Source/CMSIS_RTOS_V2/cmsis_os2.c **** 
 4199              		.loc 1 817 12 is_stmt 0 view .LVU1153
 4200 0020 FFF7FEFF 		bl	xTaskGetTickCount
 4201              	.LVL348:
 817:Middlewares/Third_Party/FreeRTOS/Source/CMSIS_RTOS_V2/cmsis_os2.c **** 
 4202              		.loc 1 817 10 view .LVU1154
 4203 0024 0190     		str	r0, [sp, #4]
 819:Middlewares/Third_Party/FreeRTOS/Source/CMSIS_RTOS_V2/cmsis_os2.c ****   }
 4204              		.loc 1 819 5 is_stmt 1 view .LVU1155
 4205 0026 211A     		subs	r1, r4, r0
 4206 0028 01A8     		add	r0, sp, #4
 4207 002a FFF7FEFF 		bl	vTaskDelayUntil
 4208              	.LVL349:
 816:Middlewares/Third_Party/FreeRTOS/Source/CMSIS_RTOS_V2/cmsis_os2.c ****     tcnt = xTaskGetTickCount();
 4209              		.loc 1 816 10 is_stmt 0 view .LVU1156
 4210 002e 0020     		movs	r0, #0
 4211              	.LVL350:
 4212              	.L334:
 823:Middlewares/Third_Party/FreeRTOS/Source/CMSIS_RTOS_V2/cmsis_os2.c **** 
 4213              		.loc 1 823 1 view .LVU1157
 4214 0030 02B0     		add	sp, sp, #8
 4215              	.LCFI48:
 4216              		.cfi_def_cfa_offset 8
 4217              		@ sp needed
 4218 0032 10BD     		pop	{r4, pc}
 4219              	.LVL351:
 4220              	.L337:
 4221              	.LCFI49:
 4222              		.cfi_def_cfa_offset 0
 4223              		.cfi_restore 4
 4224              		.cfi_restore 14
 813:Middlewares/Third_Party/FreeRTOS/Source/CMSIS_RTOS_V2/cmsis_os2.c ****   }
 4225              		.loc 1 813 10 view .LVU1158
 4226 0034 6FF00500 		mvn	r0, #5
 4227              	.LVL352:
 823:Middlewares/Third_Party/FreeRTOS/Source/CMSIS_RTOS_V2/cmsis_os2.c **** 
 4228              		.loc 1 823 1 view .LVU1159
 4229 0038 7047     		bx	lr
 4230              	.LVL353:
 4231              	.L338:
 4232              	.LCFI50:
 4233              		.cfi_def_cfa_offset 16
 4234              		.cfi_offset 4, -8
 4235              		.cfi_offset 14, -4
ARM GAS  C:\Users\31005\AppData\Local\Temp\ccDX7XtF.s 			page 120


 813:Middlewares/Third_Party/FreeRTOS/Source/CMSIS_RTOS_V2/cmsis_os2.c ****   }
 4236              		.loc 1 813 10 view .LVU1160
 4237 003a 6FF00500 		mvn	r0, #5
 4238              	.LVL354:
 813:Middlewares/Third_Party/FreeRTOS/Source/CMSIS_RTOS_V2/cmsis_os2.c ****   }
 4239              		.loc 1 813 10 view .LVU1161
 4240 003e F7E7     		b	.L334
 4241              	.LVL355:
 4242              	.L339:
 813:Middlewares/Third_Party/FreeRTOS/Source/CMSIS_RTOS_V2/cmsis_os2.c ****   }
 4243              		.loc 1 813 10 view .LVU1162
 4244 0040 6FF00500 		mvn	r0, #5
 4245              	.LVL356:
 822:Middlewares/Third_Party/FreeRTOS/Source/CMSIS_RTOS_V2/cmsis_os2.c **** }
 4246              		.loc 1 822 3 is_stmt 1 view .LVU1163
 822:Middlewares/Third_Party/FreeRTOS/Source/CMSIS_RTOS_V2/cmsis_os2.c **** }
 4247              		.loc 1 822 10 is_stmt 0 view .LVU1164
 4248 0044 F4E7     		b	.L334
 4249              	.L345:
 4250 0046 00BF     		.align	2
 4251              	.L344:
 4252 0048 00000000 		.word	KernelState
 4253              		.cfi_endproc
 4254              	.LFE137:
 4256              		.section	.text.osTimerNew,"ax",%progbits
 4257              		.align	1
 4258              		.global	osTimerNew
 4259              		.syntax unified
 4260              		.thumb
 4261              		.thumb_func
 4263              	osTimerNew:
 4264              	.LVL357:
 4265              	.LFB139:
 836:Middlewares/Third_Party/FreeRTOS/Source/CMSIS_RTOS_V2/cmsis_os2.c **** 
 837:Middlewares/Third_Party/FreeRTOS/Source/CMSIS_RTOS_V2/cmsis_os2.c **** osTimerId_t osTimerNew (osTimerFunc_t func, osTimerType_t type, void *argument, const osTimerAttr_t
 4266              		.loc 1 837 108 is_stmt 1 view -0
 4267              		.cfi_startproc
 4268              		@ args = 0, pretend = 0, frame = 0
 4269              		@ frame_needed = 0, uses_anonymous_args = 0
 4270              		.loc 1 837 108 is_stmt 0 view .LVU1166
 4271 0000 2DE9F043 		push	{r4, r5, r6, r7, r8, r9, lr}
 4272              	.LCFI51:
 4273              		.cfi_def_cfa_offset 28
 4274              		.cfi_offset 4, -28
 4275              		.cfi_offset 5, -24
 4276              		.cfi_offset 6, -20
 4277              		.cfi_offset 7, -16
 4278              		.cfi_offset 8, -12
 4279              		.cfi_offset 9, -8
 4280              		.cfi_offset 14, -4
 4281 0004 83B0     		sub	sp, sp, #12
 4282              	.LCFI52:
 4283              		.cfi_def_cfa_offset 40
 838:Middlewares/Third_Party/FreeRTOS/Source/CMSIS_RTOS_V2/cmsis_os2.c ****   const char *name;
 4284              		.loc 1 838 3 is_stmt 1 view .LVU1167
 839:Middlewares/Third_Party/FreeRTOS/Source/CMSIS_RTOS_V2/cmsis_os2.c ****   TimerHandle_t hTimer;
 4285              		.loc 1 839 3 view .LVU1168
ARM GAS  C:\Users\31005\AppData\Local\Temp\ccDX7XtF.s 			page 121


 840:Middlewares/Third_Party/FreeRTOS/Source/CMSIS_RTOS_V2/cmsis_os2.c ****   TimerCallback_t *callb;
 4286              		.loc 1 840 3 view .LVU1169
 841:Middlewares/Third_Party/FreeRTOS/Source/CMSIS_RTOS_V2/cmsis_os2.c ****   UBaseType_t reload;
 4287              		.loc 1 841 3 view .LVU1170
 842:Middlewares/Third_Party/FreeRTOS/Source/CMSIS_RTOS_V2/cmsis_os2.c ****   int32_t mem;
 4288              		.loc 1 842 3 view .LVU1171
 843:Middlewares/Third_Party/FreeRTOS/Source/CMSIS_RTOS_V2/cmsis_os2.c **** 
 844:Middlewares/Third_Party/FreeRTOS/Source/CMSIS_RTOS_V2/cmsis_os2.c ****   hTimer = NULL;
 4289              		.loc 1 844 3 view .LVU1172
 4290              	.LVL358:
 845:Middlewares/Third_Party/FreeRTOS/Source/CMSIS_RTOS_V2/cmsis_os2.c **** 
 846:Middlewares/Third_Party/FreeRTOS/Source/CMSIS_RTOS_V2/cmsis_os2.c ****   if (!IS_IRQ() && (func != NULL)) {
 4291              		.loc 1 846 3 view .LVU1173
 4292              	.LBB488:
 4293              	.LBI488:
 205:Drivers/CMSIS/Include/cmsis_gcc.h **** {
 4294              		.loc 2 205 31 view .LVU1174
 4295              	.LBB489:
 207:Drivers/CMSIS/Include/cmsis_gcc.h **** 
 4296              		.loc 2 207 3 view .LVU1175
 209:Drivers/CMSIS/Include/cmsis_gcc.h ****   return(result);
 4297              		.loc 2 209 3 view .LVU1176
 4298              		.syntax unified
 4299              	@ 209 "Drivers/CMSIS/Include/cmsis_gcc.h" 1
 4300 0006 EFF30584 		MRS r4, ipsr
 4301              	@ 0 "" 2
 4302              	.LVL359:
 210:Drivers/CMSIS/Include/cmsis_gcc.h **** }
 4303              		.loc 2 210 3 view .LVU1177
 210:Drivers/CMSIS/Include/cmsis_gcc.h **** }
 4304              		.loc 2 210 3 is_stmt 0 view .LVU1178
 4305              		.thumb
 4306              		.syntax unified
 4307              	.LBE489:
 4308              	.LBE488:
 4309              		.loc 1 846 6 view .LVU1179
 4310 000a 002C     		cmp	r4, #0
 4311 000c 47D1     		bne	.L353
 4312 000e 0646     		mov	r6, r0
 4313 0010 0F46     		mov	r7, r1
 4314 0012 9046     		mov	r8, r2
 4315 0014 1D46     		mov	r5, r3
 4316              	.LBB490:
 4317              	.LBI490:
 382:Drivers/CMSIS/Include/cmsis_gcc.h **** {
 4318              		.loc 2 382 31 is_stmt 1 view .LVU1180
 4319              	.LBB491:
 384:Drivers/CMSIS/Include/cmsis_gcc.h **** 
 4320              		.loc 2 384 3 view .LVU1181
 386:Drivers/CMSIS/Include/cmsis_gcc.h ****   return(result);
 4321              		.loc 2 386 3 view .LVU1182
 4322              		.syntax unified
 4323              	@ 386 "Drivers/CMSIS/Include/cmsis_gcc.h" 1
 4324 0016 EFF31084 		MRS r4, primask
 4325              	@ 0 "" 2
 4326              		.thumb
 4327              		.syntax unified
ARM GAS  C:\Users\31005\AppData\Local\Temp\ccDX7XtF.s 			page 122


 4328 001a A146     		mov	r9, r4
 4329              	.LVL360:
 387:Drivers/CMSIS/Include/cmsis_gcc.h **** }
 4330              		.loc 2 387 3 view .LVU1183
 387:Drivers/CMSIS/Include/cmsis_gcc.h **** }
 4331              		.loc 2 387 3 is_stmt 0 view .LVU1184
 4332              	.LBE491:
 4333              	.LBE490:
 4334              		.loc 1 846 7 view .LVU1185
 4335 001c 002C     		cmp	r4, #0
 4336 001e 42D1     		bne	.L354
 4337              		.loc 1 846 8 discriminator 2 view .LVU1186
 4338 0020 244B     		ldr	r3, .L365
 4339              	.LVL361:
 4340              		.loc 1 846 8 discriminator 2 view .LVU1187
 4341 0022 1B68     		ldr	r3, [r3]
 4342 0024 022B     		cmp	r3, #2
 4343 0026 20D0     		beq	.L363
 4344              	.L348:
 4345              		.loc 1 846 17 discriminator 5 view .LVU1188
 4346 0028 002E     		cmp	r6, #0
 4347 002a 3ED0     		beq	.L356
 847:Middlewares/Third_Party/FreeRTOS/Source/CMSIS_RTOS_V2/cmsis_os2.c ****     /* Allocate memory to store callback function and argument */
 848:Middlewares/Third_Party/FreeRTOS/Source/CMSIS_RTOS_V2/cmsis_os2.c ****     callb = pvPortMalloc (sizeof(TimerCallback_t));
 4348              		.loc 1 848 5 is_stmt 1 view .LVU1189
 4349              		.loc 1 848 13 is_stmt 0 view .LVU1190
 4350 002c 0820     		movs	r0, #8
 4351              	.LVL362:
 4352              		.loc 1 848 13 view .LVU1191
 4353 002e FFF7FEFF 		bl	pvPortMalloc
 4354              	.LVL363:
 849:Middlewares/Third_Party/FreeRTOS/Source/CMSIS_RTOS_V2/cmsis_os2.c **** 
 850:Middlewares/Third_Party/FreeRTOS/Source/CMSIS_RTOS_V2/cmsis_os2.c ****     if (callb != NULL) {
 4355              		.loc 1 850 5 is_stmt 1 view .LVU1192
 4356              		.loc 1 850 8 is_stmt 0 view .LVU1193
 4357 0032 0028     		cmp	r0, #0
 4358 0034 34D0     		beq	.L346
 851:Middlewares/Third_Party/FreeRTOS/Source/CMSIS_RTOS_V2/cmsis_os2.c ****       callb->func = func;
 4359              		.loc 1 851 7 is_stmt 1 view .LVU1194
 4360              		.loc 1 851 19 is_stmt 0 view .LVU1195
 4361 0036 0660     		str	r6, [r0]
 852:Middlewares/Third_Party/FreeRTOS/Source/CMSIS_RTOS_V2/cmsis_os2.c ****       callb->arg  = argument;
 4362              		.loc 1 852 7 is_stmt 1 view .LVU1196
 4363              		.loc 1 852 19 is_stmt 0 view .LVU1197
 4364 0038 C0F80480 		str	r8, [r0, #4]
 853:Middlewares/Third_Party/FreeRTOS/Source/CMSIS_RTOS_V2/cmsis_os2.c **** 
 854:Middlewares/Third_Party/FreeRTOS/Source/CMSIS_RTOS_V2/cmsis_os2.c ****       if (type == osTimerOnce) {
 4365              		.loc 1 854 7 is_stmt 1 view .LVU1198
 4366              		.loc 1 854 10 is_stmt 0 view .LVU1199
 4367 003c 0FB1     		cbz	r7, .L349
 855:Middlewares/Third_Party/FreeRTOS/Source/CMSIS_RTOS_V2/cmsis_os2.c ****         reload = pdFALSE;
 856:Middlewares/Third_Party/FreeRTOS/Source/CMSIS_RTOS_V2/cmsis_os2.c ****       } else {
 857:Middlewares/Third_Party/FreeRTOS/Source/CMSIS_RTOS_V2/cmsis_os2.c ****         reload = pdTRUE;
 4368              		.loc 1 857 16 view .LVU1200
 4369 003e 4FF00109 		mov	r9, #1
 4370              	.L349:
 4371              	.LVL364:
ARM GAS  C:\Users\31005\AppData\Local\Temp\ccDX7XtF.s 			page 123


 858:Middlewares/Third_Party/FreeRTOS/Source/CMSIS_RTOS_V2/cmsis_os2.c ****       }
 859:Middlewares/Third_Party/FreeRTOS/Source/CMSIS_RTOS_V2/cmsis_os2.c **** 
 860:Middlewares/Third_Party/FreeRTOS/Source/CMSIS_RTOS_V2/cmsis_os2.c ****       mem  = -1;
 4372              		.loc 1 860 7 is_stmt 1 view .LVU1201
 861:Middlewares/Third_Party/FreeRTOS/Source/CMSIS_RTOS_V2/cmsis_os2.c ****       name = NULL;
 4373              		.loc 1 861 7 view .LVU1202
 862:Middlewares/Third_Party/FreeRTOS/Source/CMSIS_RTOS_V2/cmsis_os2.c **** 
 863:Middlewares/Third_Party/FreeRTOS/Source/CMSIS_RTOS_V2/cmsis_os2.c ****       if (attr != NULL) {
 4374              		.loc 1 863 7 view .LVU1203
 4375              		.loc 1 863 10 is_stmt 0 view .LVU1204
 4376 0042 3DB3     		cbz	r5, .L358
 864:Middlewares/Third_Party/FreeRTOS/Source/CMSIS_RTOS_V2/cmsis_os2.c ****         if (attr->name != NULL) {
 4377              		.loc 1 864 9 is_stmt 1 view .LVU1205
 4378              		.loc 1 864 17 is_stmt 0 view .LVU1206
 4379 0044 2C68     		ldr	r4, [r5]
 4380              	.LVL365:
 865:Middlewares/Third_Party/FreeRTOS/Source/CMSIS_RTOS_V2/cmsis_os2.c ****           name = attr->name;
 866:Middlewares/Third_Party/FreeRTOS/Source/CMSIS_RTOS_V2/cmsis_os2.c ****         }
 867:Middlewares/Third_Party/FreeRTOS/Source/CMSIS_RTOS_V2/cmsis_os2.c **** 
 868:Middlewares/Third_Party/FreeRTOS/Source/CMSIS_RTOS_V2/cmsis_os2.c ****         if ((attr->cb_mem != NULL) && (attr->cb_size >= sizeof(StaticTimer_t))) {
 4381              		.loc 1 868 9 is_stmt 1 view .LVU1207
 4382              		.loc 1 868 18 is_stmt 0 view .LVU1208
 4383 0046 AB68     		ldr	r3, [r5, #8]
 4384              		.loc 1 868 12 view .LVU1209
 4385 0048 13B1     		cbz	r3, .L351
 4386              		.loc 1 868 44 discriminator 1 view .LVU1210
 4387 004a EA68     		ldr	r2, [r5, #12]
 4388              		.loc 1 868 36 discriminator 1 view .LVU1211
 4389 004c 2F2A     		cmp	r2, #47
 4390 004e 17D8     		bhi	.L352
 4391              	.L351:
 869:Middlewares/Third_Party/FreeRTOS/Source/CMSIS_RTOS_V2/cmsis_os2.c ****           mem = 1;
 870:Middlewares/Third_Party/FreeRTOS/Source/CMSIS_RTOS_V2/cmsis_os2.c ****         }
 871:Middlewares/Third_Party/FreeRTOS/Source/CMSIS_RTOS_V2/cmsis_os2.c ****         else {
 872:Middlewares/Third_Party/FreeRTOS/Source/CMSIS_RTOS_V2/cmsis_os2.c ****           if ((attr->cb_mem == NULL) && (attr->cb_size == 0U)) {
 4392              		.loc 1 872 11 is_stmt 1 view .LVU1212
 4393              		.loc 1 872 14 is_stmt 0 view .LVU1213
 4394 0050 8BB1     		cbz	r3, .L364
 860:Middlewares/Third_Party/FreeRTOS/Source/CMSIS_RTOS_V2/cmsis_os2.c ****       name = NULL;
 4395              		.loc 1 860 12 view .LVU1214
 4396 0052 4FF0FF33 		mov	r3, #-1
 4397              	.LVL366:
 4398              	.L350:
 873:Middlewares/Third_Party/FreeRTOS/Source/CMSIS_RTOS_V2/cmsis_os2.c ****             mem = 0;
 874:Middlewares/Third_Party/FreeRTOS/Source/CMSIS_RTOS_V2/cmsis_os2.c ****           }
 875:Middlewares/Third_Party/FreeRTOS/Source/CMSIS_RTOS_V2/cmsis_os2.c ****         }
 876:Middlewares/Third_Party/FreeRTOS/Source/CMSIS_RTOS_V2/cmsis_os2.c ****       }
 877:Middlewares/Third_Party/FreeRTOS/Source/CMSIS_RTOS_V2/cmsis_os2.c ****       else {
 878:Middlewares/Third_Party/FreeRTOS/Source/CMSIS_RTOS_V2/cmsis_os2.c ****         mem = 0;
 879:Middlewares/Third_Party/FreeRTOS/Source/CMSIS_RTOS_V2/cmsis_os2.c ****       }
 880:Middlewares/Third_Party/FreeRTOS/Source/CMSIS_RTOS_V2/cmsis_os2.c **** 
 881:Middlewares/Third_Party/FreeRTOS/Source/CMSIS_RTOS_V2/cmsis_os2.c ****       if (mem == 1) {
 882:Middlewares/Third_Party/FreeRTOS/Source/CMSIS_RTOS_V2/cmsis_os2.c ****         hTimer = xTimerCreateStatic (name, 1, reload, callb, TimerCallback, (StaticTimer_t *)attr->
 883:Middlewares/Third_Party/FreeRTOS/Source/CMSIS_RTOS_V2/cmsis_os2.c ****       }
 884:Middlewares/Third_Party/FreeRTOS/Source/CMSIS_RTOS_V2/cmsis_os2.c ****       else {
 885:Middlewares/Third_Party/FreeRTOS/Source/CMSIS_RTOS_V2/cmsis_os2.c ****         if (mem == 0) {
 4399              		.loc 1 885 9 is_stmt 1 view .LVU1215
ARM GAS  C:\Users\31005\AppData\Local\Temp\ccDX7XtF.s 			page 124


 4400              		.loc 1 885 12 is_stmt 0 view .LVU1216
 4401 0056 53BB     		cbnz	r3, .L361
 886:Middlewares/Third_Party/FreeRTOS/Source/CMSIS_RTOS_V2/cmsis_os2.c ****           hTimer = xTimerCreate (name, 1, reload, callb, TimerCallback);
 4402              		.loc 1 886 11 is_stmt 1 view .LVU1217
 4403              		.loc 1 886 20 is_stmt 0 view .LVU1218
 4404 0058 174B     		ldr	r3, .L365+4
 4405 005a 0093     		str	r3, [sp]
 4406 005c 0346     		mov	r3, r0
 4407 005e 4A46     		mov	r2, r9
 4408 0060 0121     		movs	r1, #1
 4409 0062 2046     		mov	r0, r4
 4410              	.LVL367:
 4411              		.loc 1 886 20 view .LVU1219
 4412 0064 FFF7FEFF 		bl	xTimerCreate
 4413              	.LVL368:
 4414              		.loc 1 886 20 view .LVU1220
 4415 0068 1AE0     		b	.L346
 4416              	.LVL369:
 4417              	.L363:
 4418              	.LBB492:
 4419              	.LBI492:
 461:Drivers/CMSIS/Include/cmsis_gcc.h **** {
 4420              		.loc 2 461 31 is_stmt 1 view .LVU1221
 4421              	.LBB493:
 463:Drivers/CMSIS/Include/cmsis_gcc.h **** 
 4422              		.loc 2 463 3 view .LVU1222
 465:Drivers/CMSIS/Include/cmsis_gcc.h ****   return(result);
 4423              		.loc 2 465 3 view .LVU1223
 4424              		.syntax unified
 4425              	@ 465 "Drivers/CMSIS/Include/cmsis_gcc.h" 1
 4426 006a EFF31183 		MRS r3, basepri
 4427              	@ 0 "" 2
 4428              	.LVL370:
 4429              		.loc 2 466 3 view .LVU1224
 4430              		.loc 2 466 3 is_stmt 0 view .LVU1225
 4431              		.thumb
 4432              		.syntax unified
 4433              	.LBE493:
 4434              	.LBE492:
 846:Middlewares/Third_Party/FreeRTOS/Source/CMSIS_RTOS_V2/cmsis_os2.c ****     /* Allocate memory to store callback function and argument */
 4435              		.loc 1 846 8 view .LVU1226
 4436 006e 002B     		cmp	r3, #0
 4437 0070 DAD0     		beq	.L348
 844:Middlewares/Third_Party/FreeRTOS/Source/CMSIS_RTOS_V2/cmsis_os2.c **** 
 4438              		.loc 1 844 10 view .LVU1227
 4439 0072 0020     		movs	r0, #0
 4440              	.LVL371:
 844:Middlewares/Third_Party/FreeRTOS/Source/CMSIS_RTOS_V2/cmsis_os2.c **** 
 4441              		.loc 1 844 10 view .LVU1228
 4442 0074 14E0     		b	.L346
 4443              	.LVL372:
 4444              	.L364:
 872:Middlewares/Third_Party/FreeRTOS/Source/CMSIS_RTOS_V2/cmsis_os2.c ****             mem = 0;
 4445              		.loc 1 872 46 discriminator 1 view .LVU1229
 4446 0076 EB68     		ldr	r3, [r5, #12]
 872:Middlewares/Third_Party/FreeRTOS/Source/CMSIS_RTOS_V2/cmsis_os2.c ****             mem = 0;
 4447              		.loc 1 872 38 discriminator 1 view .LVU1230
ARM GAS  C:\Users\31005\AppData\Local\Temp\ccDX7XtF.s 			page 125


 4448 0078 7BB1     		cbz	r3, .L360
 860:Middlewares/Third_Party/FreeRTOS/Source/CMSIS_RTOS_V2/cmsis_os2.c ****       name = NULL;
 4449              		.loc 1 860 12 view .LVU1231
 4450 007a 4FF0FF33 		mov	r3, #-1
 4451 007e EAE7     		b	.L350
 4452              	.L352:
 4453              	.LVL373:
 881:Middlewares/Third_Party/FreeRTOS/Source/CMSIS_RTOS_V2/cmsis_os2.c ****         hTimer = xTimerCreateStatic (name, 1, reload, callb, TimerCallback, (StaticTimer_t *)attr->
 4454              		.loc 1 881 7 is_stmt 1 view .LVU1232
 882:Middlewares/Third_Party/FreeRTOS/Source/CMSIS_RTOS_V2/cmsis_os2.c ****       }
 4455              		.loc 1 882 9 view .LVU1233
 882:Middlewares/Third_Party/FreeRTOS/Source/CMSIS_RTOS_V2/cmsis_os2.c ****       }
 4456              		.loc 1 882 18 is_stmt 0 view .LVU1234
 4457 0080 0193     		str	r3, [sp, #4]
 4458 0082 0D4B     		ldr	r3, .L365+4
 4459 0084 0093     		str	r3, [sp]
 4460 0086 0346     		mov	r3, r0
 4461 0088 4A46     		mov	r2, r9
 4462 008a 0121     		movs	r1, #1
 4463 008c 2046     		mov	r0, r4
 4464              	.LVL374:
 882:Middlewares/Third_Party/FreeRTOS/Source/CMSIS_RTOS_V2/cmsis_os2.c ****       }
 4465              		.loc 1 882 18 view .LVU1235
 4466 008e FFF7FEFF 		bl	xTimerCreateStatic
 4467              	.LVL375:
 882:Middlewares/Third_Party/FreeRTOS/Source/CMSIS_RTOS_V2/cmsis_os2.c ****       }
 4468              		.loc 1 882 18 view .LVU1236
 4469 0092 05E0     		b	.L346
 4470              	.LVL376:
 4471              	.L358:
 861:Middlewares/Third_Party/FreeRTOS/Source/CMSIS_RTOS_V2/cmsis_os2.c **** 
 4472              		.loc 1 861 12 view .LVU1237
 4473 0094 2C46     		mov	r4, r5
 878:Middlewares/Third_Party/FreeRTOS/Source/CMSIS_RTOS_V2/cmsis_os2.c ****       }
 4474              		.loc 1 878 13 view .LVU1238
 4475 0096 0023     		movs	r3, #0
 4476 0098 DDE7     		b	.L350
 4477              	.LVL377:
 4478              	.L360:
 873:Middlewares/Third_Party/FreeRTOS/Source/CMSIS_RTOS_V2/cmsis_os2.c ****           }
 4479              		.loc 1 873 17 view .LVU1239
 4480 009a 0023     		movs	r3, #0
 4481 009c DBE7     		b	.L350
 4482              	.LVL378:
 4483              	.L353:
 844:Middlewares/Third_Party/FreeRTOS/Source/CMSIS_RTOS_V2/cmsis_os2.c **** 
 4484              		.loc 1 844 10 view .LVU1240
 4485 009e 0020     		movs	r0, #0
 4486              	.LVL379:
 4487              	.L346:
 887:Middlewares/Third_Party/FreeRTOS/Source/CMSIS_RTOS_V2/cmsis_os2.c ****         }
 888:Middlewares/Third_Party/FreeRTOS/Source/CMSIS_RTOS_V2/cmsis_os2.c ****       }
 889:Middlewares/Third_Party/FreeRTOS/Source/CMSIS_RTOS_V2/cmsis_os2.c ****     }
 890:Middlewares/Third_Party/FreeRTOS/Source/CMSIS_RTOS_V2/cmsis_os2.c ****   }
 891:Middlewares/Third_Party/FreeRTOS/Source/CMSIS_RTOS_V2/cmsis_os2.c **** 
 892:Middlewares/Third_Party/FreeRTOS/Source/CMSIS_RTOS_V2/cmsis_os2.c ****   return ((osTimerId_t)hTimer);
 893:Middlewares/Third_Party/FreeRTOS/Source/CMSIS_RTOS_V2/cmsis_os2.c **** }
ARM GAS  C:\Users\31005\AppData\Local\Temp\ccDX7XtF.s 			page 126


 4488              		.loc 1 893 1 view .LVU1241
 4489 00a0 03B0     		add	sp, sp, #12
 4490              	.LCFI53:
 4491              		.cfi_remember_state
 4492              		.cfi_def_cfa_offset 28
 4493              		@ sp needed
 4494 00a2 BDE8F083 		pop	{r4, r5, r6, r7, r8, r9, pc}
 4495              	.LVL380:
 4496              	.L354:
 4497              	.LCFI54:
 4498              		.cfi_restore_state
 844:Middlewares/Third_Party/FreeRTOS/Source/CMSIS_RTOS_V2/cmsis_os2.c **** 
 4499              		.loc 1 844 10 view .LVU1242
 4500 00a6 0020     		movs	r0, #0
 4501              	.LVL381:
 844:Middlewares/Third_Party/FreeRTOS/Source/CMSIS_RTOS_V2/cmsis_os2.c **** 
 4502              		.loc 1 844 10 view .LVU1243
 4503 00a8 FAE7     		b	.L346
 4504              	.LVL382:
 4505              	.L356:
 844:Middlewares/Third_Party/FreeRTOS/Source/CMSIS_RTOS_V2/cmsis_os2.c **** 
 4506              		.loc 1 844 10 view .LVU1244
 4507 00aa 0020     		movs	r0, #0
 4508              	.LVL383:
 844:Middlewares/Third_Party/FreeRTOS/Source/CMSIS_RTOS_V2/cmsis_os2.c **** 
 4509              		.loc 1 844 10 view .LVU1245
 4510 00ac F8E7     		b	.L346
 4511              	.LVL384:
 4512              	.L361:
 844:Middlewares/Third_Party/FreeRTOS/Source/CMSIS_RTOS_V2/cmsis_os2.c **** 
 4513              		.loc 1 844 10 view .LVU1246
 4514 00ae 0020     		movs	r0, #0
 4515              	.LVL385:
 892:Middlewares/Third_Party/FreeRTOS/Source/CMSIS_RTOS_V2/cmsis_os2.c **** }
 4516              		.loc 1 892 3 is_stmt 1 view .LVU1247
 892:Middlewares/Third_Party/FreeRTOS/Source/CMSIS_RTOS_V2/cmsis_os2.c **** }
 4517              		.loc 1 892 11 is_stmt 0 view .LVU1248
 4518 00b0 F6E7     		b	.L346
 4519              	.L366:
 4520 00b2 00BF     		.align	2
 4521              	.L365:
 4522 00b4 00000000 		.word	KernelState
 4523 00b8 00000000 		.word	TimerCallback
 4524              		.cfi_endproc
 4525              	.LFE139:
 4527              		.section	.text.osTimerGetName,"ax",%progbits
 4528              		.align	1
 4529              		.global	osTimerGetName
 4530              		.syntax unified
 4531              		.thumb
 4532              		.thumb_func
 4534              	osTimerGetName:
 4535              	.LVL386:
 4536              	.LFB140:
 894:Middlewares/Third_Party/FreeRTOS/Source/CMSIS_RTOS_V2/cmsis_os2.c **** 
 895:Middlewares/Third_Party/FreeRTOS/Source/CMSIS_RTOS_V2/cmsis_os2.c **** const char *osTimerGetName (osTimerId_t timer_id) {
 4537              		.loc 1 895 51 is_stmt 1 view -0
ARM GAS  C:\Users\31005\AppData\Local\Temp\ccDX7XtF.s 			page 127


 4538              		.cfi_startproc
 4539              		@ args = 0, pretend = 0, frame = 0
 4540              		@ frame_needed = 0, uses_anonymous_args = 0
 4541              		.loc 1 895 51 is_stmt 0 view .LVU1250
 4542 0000 08B5     		push	{r3, lr}
 4543              	.LCFI55:
 4544              		.cfi_def_cfa_offset 8
 4545              		.cfi_offset 3, -8
 4546              		.cfi_offset 14, -4
 896:Middlewares/Third_Party/FreeRTOS/Source/CMSIS_RTOS_V2/cmsis_os2.c ****   TimerHandle_t hTimer = (TimerHandle_t)timer_id;
 4547              		.loc 1 896 3 is_stmt 1 view .LVU1251
 4548              	.LVL387:
 897:Middlewares/Third_Party/FreeRTOS/Source/CMSIS_RTOS_V2/cmsis_os2.c ****   const char *p;
 4549              		.loc 1 897 3 view .LVU1252
 898:Middlewares/Third_Party/FreeRTOS/Source/CMSIS_RTOS_V2/cmsis_os2.c **** 
 899:Middlewares/Third_Party/FreeRTOS/Source/CMSIS_RTOS_V2/cmsis_os2.c ****   if (IS_IRQ() || (hTimer == NULL)) {
 4550              		.loc 1 899 3 view .LVU1253
 4551              	.LBB494:
 4552              	.LBI494:
 205:Drivers/CMSIS/Include/cmsis_gcc.h **** {
 4553              		.loc 2 205 31 view .LVU1254
 4554              	.LBB495:
 207:Drivers/CMSIS/Include/cmsis_gcc.h **** 
 4555              		.loc 2 207 3 view .LVU1255
 209:Drivers/CMSIS/Include/cmsis_gcc.h ****   return(result);
 4556              		.loc 2 209 3 view .LVU1256
 4557              		.syntax unified
 4558              	@ 209 "Drivers/CMSIS/Include/cmsis_gcc.h" 1
 4559 0002 EFF30583 		MRS r3, ipsr
 4560              	@ 0 "" 2
 4561              	.LVL388:
 210:Drivers/CMSIS/Include/cmsis_gcc.h **** }
 4562              		.loc 2 210 3 view .LVU1257
 210:Drivers/CMSIS/Include/cmsis_gcc.h **** }
 4563              		.loc 2 210 3 is_stmt 0 view .LVU1258
 4564              		.thumb
 4565              		.syntax unified
 4566              	.LBE495:
 4567              	.LBE494:
 4568              		.loc 1 899 6 view .LVU1259
 4569 0006 83B9     		cbnz	r3, .L370
 4570              	.LBB496:
 4571              	.LBI496:
 382:Drivers/CMSIS/Include/cmsis_gcc.h **** {
 4572              		.loc 2 382 31 is_stmt 1 view .LVU1260
 4573              	.LBB497:
 384:Drivers/CMSIS/Include/cmsis_gcc.h **** 
 4574              		.loc 2 384 3 view .LVU1261
 386:Drivers/CMSIS/Include/cmsis_gcc.h ****   return(result);
 4575              		.loc 2 386 3 view .LVU1262
 4576              		.syntax unified
 4577              	@ 386 "Drivers/CMSIS/Include/cmsis_gcc.h" 1
 4578 0008 EFF31083 		MRS r3, primask
 4579              	@ 0 "" 2
 4580              	.LVL389:
 387:Drivers/CMSIS/Include/cmsis_gcc.h **** }
 4581              		.loc 2 387 3 view .LVU1263
ARM GAS  C:\Users\31005\AppData\Local\Temp\ccDX7XtF.s 			page 128


 387:Drivers/CMSIS/Include/cmsis_gcc.h **** }
 4582              		.loc 2 387 3 is_stmt 0 view .LVU1264
 4583              		.thumb
 4584              		.syntax unified
 4585              	.LBE497:
 4586              	.LBE496:
 4587              		.loc 1 899 7 view .LVU1265
 4588 000c 7BB9     		cbnz	r3, .L371
 4589              		.loc 1 899 7 discriminator 2 view .LVU1266
 4590 000e 094B     		ldr	r3, .L376
 4591 0010 1B68     		ldr	r3, [r3]
 4592 0012 022B     		cmp	r3, #2
 4593 0014 03D0     		beq	.L375
 4594              	.L369:
 4595              		.loc 1 899 16 discriminator 5 view .LVU1267
 4596 0016 08B1     		cbz	r0, .L367
 900:Middlewares/Third_Party/FreeRTOS/Source/CMSIS_RTOS_V2/cmsis_os2.c ****     p = NULL;
 901:Middlewares/Third_Party/FreeRTOS/Source/CMSIS_RTOS_V2/cmsis_os2.c ****   } else {
 902:Middlewares/Third_Party/FreeRTOS/Source/CMSIS_RTOS_V2/cmsis_os2.c ****     p = pcTimerGetName (hTimer);
 4597              		.loc 1 902 5 is_stmt 1 view .LVU1268
 4598              		.loc 1 902 9 is_stmt 0 view .LVU1269
 4599 0018 FFF7FEFF 		bl	pcTimerGetName
 4600              	.LVL390:
 4601              	.L367:
 903:Middlewares/Third_Party/FreeRTOS/Source/CMSIS_RTOS_V2/cmsis_os2.c ****   }
 904:Middlewares/Third_Party/FreeRTOS/Source/CMSIS_RTOS_V2/cmsis_os2.c **** 
 905:Middlewares/Third_Party/FreeRTOS/Source/CMSIS_RTOS_V2/cmsis_os2.c ****   return (p);
 906:Middlewares/Third_Party/FreeRTOS/Source/CMSIS_RTOS_V2/cmsis_os2.c **** }
 4602              		.loc 1 906 1 view .LVU1270
 4603 001c 08BD     		pop	{r3, pc}
 4604              	.LVL391:
 4605              	.L375:
 4606              	.LBB498:
 4607              	.LBI498:
 461:Drivers/CMSIS/Include/cmsis_gcc.h **** {
 4608              		.loc 2 461 31 is_stmt 1 view .LVU1271
 4609              	.LBB499:
 463:Drivers/CMSIS/Include/cmsis_gcc.h **** 
 4610              		.loc 2 463 3 view .LVU1272
 465:Drivers/CMSIS/Include/cmsis_gcc.h ****   return(result);
 4611              		.loc 2 465 3 view .LVU1273
 4612              		.syntax unified
 4613              	@ 465 "Drivers/CMSIS/Include/cmsis_gcc.h" 1
 4614 001e EFF31183 		MRS r3, basepri
 4615              	@ 0 "" 2
 4616              	.LVL392:
 4617              		.loc 2 466 3 view .LVU1274
 4618              		.loc 2 466 3 is_stmt 0 view .LVU1275
 4619              		.thumb
 4620              		.syntax unified
 4621              	.LBE499:
 4622              	.LBE498:
 899:Middlewares/Third_Party/FreeRTOS/Source/CMSIS_RTOS_V2/cmsis_os2.c ****     p = NULL;
 4623              		.loc 1 899 7 view .LVU1276
 4624 0022 002B     		cmp	r3, #0
 4625 0024 F7D0     		beq	.L369
 900:Middlewares/Third_Party/FreeRTOS/Source/CMSIS_RTOS_V2/cmsis_os2.c ****   } else {
ARM GAS  C:\Users\31005\AppData\Local\Temp\ccDX7XtF.s 			page 129


 4626              		.loc 1 900 7 view .LVU1277
 4627 0026 0020     		movs	r0, #0
 4628              	.LVL393:
 900:Middlewares/Third_Party/FreeRTOS/Source/CMSIS_RTOS_V2/cmsis_os2.c ****   } else {
 4629              		.loc 1 900 7 view .LVU1278
 4630 0028 F8E7     		b	.L367
 4631              	.LVL394:
 4632              	.L370:
 900:Middlewares/Third_Party/FreeRTOS/Source/CMSIS_RTOS_V2/cmsis_os2.c ****   } else {
 4633              		.loc 1 900 7 view .LVU1279
 4634 002a 0020     		movs	r0, #0
 4635              	.LVL395:
 900:Middlewares/Third_Party/FreeRTOS/Source/CMSIS_RTOS_V2/cmsis_os2.c ****   } else {
 4636              		.loc 1 900 7 view .LVU1280
 4637 002c F6E7     		b	.L367
 4638              	.LVL396:
 4639              	.L371:
 900:Middlewares/Third_Party/FreeRTOS/Source/CMSIS_RTOS_V2/cmsis_os2.c ****   } else {
 4640              		.loc 1 900 7 view .LVU1281
 4641 002e 0020     		movs	r0, #0
 4642              	.LVL397:
 900:Middlewares/Third_Party/FreeRTOS/Source/CMSIS_RTOS_V2/cmsis_os2.c ****   } else {
 4643              		.loc 1 900 7 view .LVU1282
 4644 0030 F4E7     		b	.L367
 4645              	.L377:
 4646 0032 00BF     		.align	2
 4647              	.L376:
 4648 0034 00000000 		.word	KernelState
 4649              		.cfi_endproc
 4650              	.LFE140:
 4652              		.section	.text.osTimerStart,"ax",%progbits
 4653              		.align	1
 4654              		.global	osTimerStart
 4655              		.syntax unified
 4656              		.thumb
 4657              		.thumb_func
 4659              	osTimerStart:
 4660              	.LVL398:
 4661              	.LFB141:
 907:Middlewares/Third_Party/FreeRTOS/Source/CMSIS_RTOS_V2/cmsis_os2.c **** 
 908:Middlewares/Third_Party/FreeRTOS/Source/CMSIS_RTOS_V2/cmsis_os2.c **** osStatus_t osTimerStart (osTimerId_t timer_id, uint32_t ticks) {
 4662              		.loc 1 908 64 is_stmt 1 view -0
 4663              		.cfi_startproc
 4664              		@ args = 0, pretend = 0, frame = 0
 4665              		@ frame_needed = 0, uses_anonymous_args = 0
 909:Middlewares/Third_Party/FreeRTOS/Source/CMSIS_RTOS_V2/cmsis_os2.c ****   TimerHandle_t hTimer = (TimerHandle_t)timer_id;
 4666              		.loc 1 909 3 view .LVU1284
 910:Middlewares/Third_Party/FreeRTOS/Source/CMSIS_RTOS_V2/cmsis_os2.c ****   osStatus_t stat;
 4667              		.loc 1 910 3 view .LVU1285
 911:Middlewares/Third_Party/FreeRTOS/Source/CMSIS_RTOS_V2/cmsis_os2.c **** 
 912:Middlewares/Third_Party/FreeRTOS/Source/CMSIS_RTOS_V2/cmsis_os2.c ****   if (IS_IRQ()) {
 4668              		.loc 1 912 3 view .LVU1286
 4669              	.LBB500:
 4670              	.LBI500:
 205:Drivers/CMSIS/Include/cmsis_gcc.h **** {
 4671              		.loc 2 205 31 view .LVU1287
 4672              	.LBB501:
ARM GAS  C:\Users\31005\AppData\Local\Temp\ccDX7XtF.s 			page 130


 207:Drivers/CMSIS/Include/cmsis_gcc.h **** 
 4673              		.loc 2 207 3 view .LVU1288
 209:Drivers/CMSIS/Include/cmsis_gcc.h ****   return(result);
 4674              		.loc 2 209 3 view .LVU1289
 4675              		.syntax unified
 4676              	@ 209 "Drivers/CMSIS/Include/cmsis_gcc.h" 1
 4677 0000 EFF30583 		MRS r3, ipsr
 4678              	@ 0 "" 2
 4679              	.LVL399:
 210:Drivers/CMSIS/Include/cmsis_gcc.h **** }
 4680              		.loc 2 210 3 view .LVU1290
 210:Drivers/CMSIS/Include/cmsis_gcc.h **** }
 4681              		.loc 2 210 3 is_stmt 0 view .LVU1291
 4682              		.thumb
 4683              		.syntax unified
 4684              	.LBE501:
 4685              	.LBE500:
 4686              		.loc 1 912 6 view .LVU1292
 4687 0004 E3B9     		cbnz	r3, .L381
 4688 0006 0A46     		mov	r2, r1
 4689              	.LBB502:
 4690              	.LBI502:
 382:Drivers/CMSIS/Include/cmsis_gcc.h **** {
 4691              		.loc 2 382 31 is_stmt 1 view .LVU1293
 4692              	.LBB503:
 384:Drivers/CMSIS/Include/cmsis_gcc.h **** 
 4693              		.loc 2 384 3 view .LVU1294
 386:Drivers/CMSIS/Include/cmsis_gcc.h ****   return(result);
 4694              		.loc 2 386 3 view .LVU1295
 4695              		.syntax unified
 4696              	@ 386 "Drivers/CMSIS/Include/cmsis_gcc.h" 1
 4697 0008 EFF31083 		MRS r3, primask
 4698              	@ 0 "" 2
 4699              	.LVL400:
 387:Drivers/CMSIS/Include/cmsis_gcc.h **** }
 4700              		.loc 2 387 3 view .LVU1296
 387:Drivers/CMSIS/Include/cmsis_gcc.h **** }
 4701              		.loc 2 387 3 is_stmt 0 view .LVU1297
 4702              		.thumb
 4703              		.syntax unified
 4704              	.LBE503:
 4705              	.LBE502:
 4706              		.loc 1 912 7 view .LVU1298
 4707 000c DBB9     		cbnz	r3, .L382
 4708              		.loc 1 912 7 discriminator 2 view .LVU1299
 4709 000e 124B     		ldr	r3, .L391
 4710 0010 1B68     		ldr	r3, [r3]
 4711 0012 022B     		cmp	r3, #2
 4712 0014 0DD0     		beq	.L390
 4713              	.L380:
 913:Middlewares/Third_Party/FreeRTOS/Source/CMSIS_RTOS_V2/cmsis_os2.c ****     stat = osErrorISR;
 914:Middlewares/Third_Party/FreeRTOS/Source/CMSIS_RTOS_V2/cmsis_os2.c ****   }
 915:Middlewares/Third_Party/FreeRTOS/Source/CMSIS_RTOS_V2/cmsis_os2.c ****   else if (hTimer == NULL) {
 4714              		.loc 1 915 8 is_stmt 1 view .LVU1300
 4715              		.loc 1 915 11 is_stmt 0 view .LVU1301
 4716 0016 C8B1     		cbz	r0, .L384
 908:Middlewares/Third_Party/FreeRTOS/Source/CMSIS_RTOS_V2/cmsis_os2.c ****   TimerHandle_t hTimer = (TimerHandle_t)timer_id;
ARM GAS  C:\Users\31005\AppData\Local\Temp\ccDX7XtF.s 			page 131


 4717              		.loc 1 908 64 view .LVU1302
 4718 0018 00B5     		push	{lr}
 4719              	.LCFI56:
 4720              		.cfi_def_cfa_offset 4
 4721              		.cfi_offset 14, -4
 4722 001a 83B0     		sub	sp, sp, #12
 4723              	.LCFI57:
 4724              		.cfi_def_cfa_offset 16
 916:Middlewares/Third_Party/FreeRTOS/Source/CMSIS_RTOS_V2/cmsis_os2.c ****     stat = osErrorParameter;
 917:Middlewares/Third_Party/FreeRTOS/Source/CMSIS_RTOS_V2/cmsis_os2.c ****   }
 918:Middlewares/Third_Party/FreeRTOS/Source/CMSIS_RTOS_V2/cmsis_os2.c ****   else {
 919:Middlewares/Third_Party/FreeRTOS/Source/CMSIS_RTOS_V2/cmsis_os2.c ****     if (xTimerChangePeriod (hTimer, ticks, 0) == pdPASS) {
 4725              		.loc 1 919 5 is_stmt 1 view .LVU1303
 4726              		.loc 1 919 9 is_stmt 0 view .LVU1304
 4727 001c 0023     		movs	r3, #0
 4728 001e 0093     		str	r3, [sp]
 4729 0020 0421     		movs	r1, #4
 4730              	.LVL401:
 4731              		.loc 1 919 9 view .LVU1305
 4732 0022 FFF7FEFF 		bl	xTimerGenericCommand
 4733              	.LVL402:
 4734              		.loc 1 919 8 view .LVU1306
 4735 0026 0128     		cmp	r0, #1
 4736 0028 13D1     		bne	.L385
 920:Middlewares/Third_Party/FreeRTOS/Source/CMSIS_RTOS_V2/cmsis_os2.c ****       stat = osOK;
 4737              		.loc 1 920 12 view .LVU1307
 4738 002a 0020     		movs	r0, #0
 4739              	.L378:
 921:Middlewares/Third_Party/FreeRTOS/Source/CMSIS_RTOS_V2/cmsis_os2.c ****     } else {
 922:Middlewares/Third_Party/FreeRTOS/Source/CMSIS_RTOS_V2/cmsis_os2.c ****       stat = osErrorResource;
 923:Middlewares/Third_Party/FreeRTOS/Source/CMSIS_RTOS_V2/cmsis_os2.c ****     }
 924:Middlewares/Third_Party/FreeRTOS/Source/CMSIS_RTOS_V2/cmsis_os2.c ****   }
 925:Middlewares/Third_Party/FreeRTOS/Source/CMSIS_RTOS_V2/cmsis_os2.c **** 
 926:Middlewares/Third_Party/FreeRTOS/Source/CMSIS_RTOS_V2/cmsis_os2.c ****   return (stat);
 927:Middlewares/Third_Party/FreeRTOS/Source/CMSIS_RTOS_V2/cmsis_os2.c **** }
 4740              		.loc 1 927 1 view .LVU1308
 4741 002c 03B0     		add	sp, sp, #12
 4742              	.LCFI58:
 4743              		.cfi_def_cfa_offset 4
 4744              		@ sp needed
 4745 002e 5DF804FB 		ldr	pc, [sp], #4
 4746              	.LVL403:
 4747              	.L390:
 4748              	.LCFI59:
 4749              		.cfi_def_cfa_offset 0
 4750              		.cfi_restore 14
 4751              	.LBB504:
 4752              	.LBI504:
 461:Drivers/CMSIS/Include/cmsis_gcc.h **** {
 4753              		.loc 2 461 31 is_stmt 1 view .LVU1309
 4754              	.LBB505:
 463:Drivers/CMSIS/Include/cmsis_gcc.h **** 
 4755              		.loc 2 463 3 view .LVU1310
 465:Drivers/CMSIS/Include/cmsis_gcc.h ****   return(result);
 4756              		.loc 2 465 3 view .LVU1311
 4757              		.syntax unified
 4758              	@ 465 "Drivers/CMSIS/Include/cmsis_gcc.h" 1
ARM GAS  C:\Users\31005\AppData\Local\Temp\ccDX7XtF.s 			page 132


 4759 0032 EFF31183 		MRS r3, basepri
 4760              	@ 0 "" 2
 4761              	.LVL404:
 4762              		.loc 2 466 3 view .LVU1312
 4763              		.loc 2 466 3 is_stmt 0 view .LVU1313
 4764              		.thumb
 4765              		.syntax unified
 4766              	.LBE505:
 4767              	.LBE504:
 912:Middlewares/Third_Party/FreeRTOS/Source/CMSIS_RTOS_V2/cmsis_os2.c ****     stat = osErrorISR;
 4768              		.loc 1 912 7 view .LVU1314
 4769 0036 002B     		cmp	r3, #0
 4770 0038 EDD0     		beq	.L380
 913:Middlewares/Third_Party/FreeRTOS/Source/CMSIS_RTOS_V2/cmsis_os2.c ****   }
 4771              		.loc 1 913 10 view .LVU1315
 4772 003a 6FF00500 		mvn	r0, #5
 4773              	.LVL405:
 913:Middlewares/Third_Party/FreeRTOS/Source/CMSIS_RTOS_V2/cmsis_os2.c ****   }
 4774              		.loc 1 913 10 view .LVU1316
 4775 003e 7047     		bx	lr
 4776              	.LVL406:
 4777              	.L381:
 913:Middlewares/Third_Party/FreeRTOS/Source/CMSIS_RTOS_V2/cmsis_os2.c ****   }
 4778              		.loc 1 913 10 view .LVU1317
 4779 0040 6FF00500 		mvn	r0, #5
 4780              	.LVL407:
 913:Middlewares/Third_Party/FreeRTOS/Source/CMSIS_RTOS_V2/cmsis_os2.c ****   }
 4781              		.loc 1 913 10 view .LVU1318
 4782 0044 7047     		bx	lr
 4783              	.LVL408:
 4784              	.L382:
 913:Middlewares/Third_Party/FreeRTOS/Source/CMSIS_RTOS_V2/cmsis_os2.c ****   }
 4785              		.loc 1 913 10 view .LVU1319
 4786 0046 6FF00500 		mvn	r0, #5
 4787              	.LVL409:
 913:Middlewares/Third_Party/FreeRTOS/Source/CMSIS_RTOS_V2/cmsis_os2.c ****   }
 4788              		.loc 1 913 10 view .LVU1320
 4789 004a 7047     		bx	lr
 4790              	.LVL410:
 4791              	.L384:
 916:Middlewares/Third_Party/FreeRTOS/Source/CMSIS_RTOS_V2/cmsis_os2.c ****   }
 4792              		.loc 1 916 10 view .LVU1321
 4793 004c 6FF00300 		mvn	r0, #3
 4794              	.LVL411:
 4795              		.loc 1 927 1 view .LVU1322
 4796 0050 7047     		bx	lr
 4797              	.LVL412:
 4798              	.L385:
 4799              	.LCFI60:
 4800              		.cfi_def_cfa_offset 16
 4801              		.cfi_offset 14, -4
 922:Middlewares/Third_Party/FreeRTOS/Source/CMSIS_RTOS_V2/cmsis_os2.c ****     }
 4802              		.loc 1 922 12 view .LVU1323
 4803 0052 6FF00200 		mvn	r0, #2
 4804              	.LVL413:
 926:Middlewares/Third_Party/FreeRTOS/Source/CMSIS_RTOS_V2/cmsis_os2.c **** }
 4805              		.loc 1 926 3 is_stmt 1 view .LVU1324
ARM GAS  C:\Users\31005\AppData\Local\Temp\ccDX7XtF.s 			page 133


 926:Middlewares/Third_Party/FreeRTOS/Source/CMSIS_RTOS_V2/cmsis_os2.c **** }
 4806              		.loc 1 926 10 is_stmt 0 view .LVU1325
 4807 0056 E9E7     		b	.L378
 4808              	.L392:
 4809              		.align	2
 4810              	.L391:
 4811 0058 00000000 		.word	KernelState
 4812              		.cfi_endproc
 4813              	.LFE141:
 4815              		.section	.text.osTimerStop,"ax",%progbits
 4816              		.align	1
 4817              		.global	osTimerStop
 4818              		.syntax unified
 4819              		.thumb
 4820              		.thumb_func
 4822              	osTimerStop:
 4823              	.LVL414:
 4824              	.LFB142:
 928:Middlewares/Third_Party/FreeRTOS/Source/CMSIS_RTOS_V2/cmsis_os2.c **** 
 929:Middlewares/Third_Party/FreeRTOS/Source/CMSIS_RTOS_V2/cmsis_os2.c **** osStatus_t osTimerStop (osTimerId_t timer_id) {
 4825              		.loc 1 929 47 is_stmt 1 view -0
 4826              		.cfi_startproc
 4827              		@ args = 0, pretend = 0, frame = 0
 4828              		@ frame_needed = 0, uses_anonymous_args = 0
 930:Middlewares/Third_Party/FreeRTOS/Source/CMSIS_RTOS_V2/cmsis_os2.c ****   TimerHandle_t hTimer = (TimerHandle_t)timer_id;
 4829              		.loc 1 930 3 view .LVU1327
 931:Middlewares/Third_Party/FreeRTOS/Source/CMSIS_RTOS_V2/cmsis_os2.c ****   osStatus_t stat;
 4830              		.loc 1 931 3 view .LVU1328
 932:Middlewares/Third_Party/FreeRTOS/Source/CMSIS_RTOS_V2/cmsis_os2.c **** 
 933:Middlewares/Third_Party/FreeRTOS/Source/CMSIS_RTOS_V2/cmsis_os2.c ****   if (IS_IRQ()) {
 4831              		.loc 1 933 3 view .LVU1329
 4832              	.LBB506:
 4833              	.LBI506:
 205:Drivers/CMSIS/Include/cmsis_gcc.h **** {
 4834              		.loc 2 205 31 view .LVU1330
 4835              	.LBB507:
 207:Drivers/CMSIS/Include/cmsis_gcc.h **** 
 4836              		.loc 2 207 3 view .LVU1331
 209:Drivers/CMSIS/Include/cmsis_gcc.h ****   return(result);
 4837              		.loc 2 209 3 view .LVU1332
 4838              		.syntax unified
 4839              	@ 209 "Drivers/CMSIS/Include/cmsis_gcc.h" 1
 4840 0000 EFF30583 		MRS r3, ipsr
 4841              	@ 0 "" 2
 4842              	.LVL415:
 210:Drivers/CMSIS/Include/cmsis_gcc.h **** }
 4843              		.loc 2 210 3 view .LVU1333
 210:Drivers/CMSIS/Include/cmsis_gcc.h **** }
 4844              		.loc 2 210 3 is_stmt 0 view .LVU1334
 4845              		.thumb
 4846              		.syntax unified
 4847              	.LBE507:
 4848              	.LBE506:
 4849              		.loc 1 933 6 view .LVU1335
 4850 0004 0BBB     		cbnz	r3, .L396
 929:Middlewares/Third_Party/FreeRTOS/Source/CMSIS_RTOS_V2/cmsis_os2.c ****   TimerHandle_t hTimer = (TimerHandle_t)timer_id;
 4851              		.loc 1 929 47 view .LVU1336
ARM GAS  C:\Users\31005\AppData\Local\Temp\ccDX7XtF.s 			page 134


 4852 0006 10B5     		push	{r4, lr}
 4853              	.LCFI61:
 4854              		.cfi_def_cfa_offset 8
 4855              		.cfi_offset 4, -8
 4856              		.cfi_offset 14, -4
 4857 0008 82B0     		sub	sp, sp, #8
 4858              	.LCFI62:
 4859              		.cfi_def_cfa_offset 16
 4860 000a 0446     		mov	r4, r0
 4861              	.LBB508:
 4862              	.LBI508:
 382:Drivers/CMSIS/Include/cmsis_gcc.h **** {
 4863              		.loc 2 382 31 is_stmt 1 view .LVU1337
 4864              	.LBB509:
 384:Drivers/CMSIS/Include/cmsis_gcc.h **** 
 4865              		.loc 2 384 3 view .LVU1338
 386:Drivers/CMSIS/Include/cmsis_gcc.h ****   return(result);
 4866              		.loc 2 386 3 view .LVU1339
 4867              		.syntax unified
 4868              	@ 386 "Drivers/CMSIS/Include/cmsis_gcc.h" 1
 4869 000c EFF31083 		MRS r3, primask
 4870              	@ 0 "" 2
 4871              	.LVL416:
 387:Drivers/CMSIS/Include/cmsis_gcc.h **** }
 4872              		.loc 2 387 3 view .LVU1340
 387:Drivers/CMSIS/Include/cmsis_gcc.h **** }
 4873              		.loc 2 387 3 is_stmt 0 view .LVU1341
 4874              		.thumb
 4875              		.syntax unified
 4876              	.LBE509:
 4877              	.LBE508:
 4878              		.loc 1 933 7 view .LVU1342
 4879 0010 F3B9     		cbnz	r3, .L397
 4880              		.loc 1 933 7 discriminator 2 view .LVU1343
 4881 0012 154B     		ldr	r3, .L407
 4882 0014 1B68     		ldr	r3, [r3]
 4883 0016 022B     		cmp	r3, #2
 4884 0018 10D0     		beq	.L406
 4885              	.L395:
 934:Middlewares/Third_Party/FreeRTOS/Source/CMSIS_RTOS_V2/cmsis_os2.c ****     stat = osErrorISR;
 935:Middlewares/Third_Party/FreeRTOS/Source/CMSIS_RTOS_V2/cmsis_os2.c ****   }
 936:Middlewares/Third_Party/FreeRTOS/Source/CMSIS_RTOS_V2/cmsis_os2.c ****   else if (hTimer == NULL) {
 4886              		.loc 1 936 8 is_stmt 1 view .LVU1344
 4887              		.loc 1 936 11 is_stmt 0 view .LVU1345
 4888 001a E4B1     		cbz	r4, .L399
 937:Middlewares/Third_Party/FreeRTOS/Source/CMSIS_RTOS_V2/cmsis_os2.c ****     stat = osErrorParameter;
 938:Middlewares/Third_Party/FreeRTOS/Source/CMSIS_RTOS_V2/cmsis_os2.c ****   }
 939:Middlewares/Third_Party/FreeRTOS/Source/CMSIS_RTOS_V2/cmsis_os2.c ****   else {
 940:Middlewares/Third_Party/FreeRTOS/Source/CMSIS_RTOS_V2/cmsis_os2.c ****     if (xTimerIsTimerActive (hTimer) == pdFALSE) {
 4889              		.loc 1 940 5 is_stmt 1 view .LVU1346
 4890              		.loc 1 940 9 is_stmt 0 view .LVU1347
 4891 001c 2046     		mov	r0, r4
 4892              	.LVL417:
 4893              		.loc 1 940 9 view .LVU1348
 4894 001e FFF7FEFF 		bl	xTimerIsTimerActive
 4895              	.LVL418:
 4896              		.loc 1 940 8 view .LVU1349
ARM GAS  C:\Users\31005\AppData\Local\Temp\ccDX7XtF.s 			page 135


 4897 0022 D8B1     		cbz	r0, .L400
 941:Middlewares/Third_Party/FreeRTOS/Source/CMSIS_RTOS_V2/cmsis_os2.c ****       stat = osErrorResource;
 942:Middlewares/Third_Party/FreeRTOS/Source/CMSIS_RTOS_V2/cmsis_os2.c ****     }
 943:Middlewares/Third_Party/FreeRTOS/Source/CMSIS_RTOS_V2/cmsis_os2.c ****     else {
 944:Middlewares/Third_Party/FreeRTOS/Source/CMSIS_RTOS_V2/cmsis_os2.c ****       if (xTimerStop (hTimer, 0) == pdPASS) {
 4898              		.loc 1 944 7 is_stmt 1 view .LVU1350
 4899              		.loc 1 944 11 is_stmt 0 view .LVU1351
 4900 0024 0022     		movs	r2, #0
 4901 0026 0092     		str	r2, [sp]
 4902 0028 1346     		mov	r3, r2
 4903 002a 0321     		movs	r1, #3
 4904 002c 2046     		mov	r0, r4
 4905 002e FFF7FEFF 		bl	xTimerGenericCommand
 4906              	.LVL419:
 4907              		.loc 1 944 10 view .LVU1352
 4908 0032 0128     		cmp	r0, #1
 4909 0034 15D1     		bne	.L401
 945:Middlewares/Third_Party/FreeRTOS/Source/CMSIS_RTOS_V2/cmsis_os2.c ****         stat = osOK;
 4910              		.loc 1 945 14 view .LVU1353
 4911 0036 0020     		movs	r0, #0
 4912              	.L393:
 946:Middlewares/Third_Party/FreeRTOS/Source/CMSIS_RTOS_V2/cmsis_os2.c ****       } else {
 947:Middlewares/Third_Party/FreeRTOS/Source/CMSIS_RTOS_V2/cmsis_os2.c ****         stat = osError;
 948:Middlewares/Third_Party/FreeRTOS/Source/CMSIS_RTOS_V2/cmsis_os2.c ****       }
 949:Middlewares/Third_Party/FreeRTOS/Source/CMSIS_RTOS_V2/cmsis_os2.c ****     }
 950:Middlewares/Third_Party/FreeRTOS/Source/CMSIS_RTOS_V2/cmsis_os2.c ****   }
 951:Middlewares/Third_Party/FreeRTOS/Source/CMSIS_RTOS_V2/cmsis_os2.c **** 
 952:Middlewares/Third_Party/FreeRTOS/Source/CMSIS_RTOS_V2/cmsis_os2.c ****   return (stat);
 953:Middlewares/Third_Party/FreeRTOS/Source/CMSIS_RTOS_V2/cmsis_os2.c **** }
 4913              		.loc 1 953 1 view .LVU1354
 4914 0038 02B0     		add	sp, sp, #8
 4915              	.LCFI63:
 4916              		.cfi_remember_state
 4917              		.cfi_def_cfa_offset 8
 4918              		@ sp needed
 4919 003a 10BD     		pop	{r4, pc}
 4920              	.LVL420:
 4921              	.L406:
 4922              	.LCFI64:
 4923              		.cfi_restore_state
 4924              	.LBB510:
 4925              	.LBI510:
 461:Drivers/CMSIS/Include/cmsis_gcc.h **** {
 4926              		.loc 2 461 31 is_stmt 1 view .LVU1355
 4927              	.LBB511:
 463:Drivers/CMSIS/Include/cmsis_gcc.h **** 
 4928              		.loc 2 463 3 view .LVU1356
 465:Drivers/CMSIS/Include/cmsis_gcc.h ****   return(result);
 4929              		.loc 2 465 3 view .LVU1357
 4930              		.syntax unified
 4931              	@ 465 "Drivers/CMSIS/Include/cmsis_gcc.h" 1
 4932 003c EFF31183 		MRS r3, basepri
 4933              	@ 0 "" 2
 4934              	.LVL421:
 4935              		.loc 2 466 3 view .LVU1358
 4936              		.loc 2 466 3 is_stmt 0 view .LVU1359
 4937              		.thumb
ARM GAS  C:\Users\31005\AppData\Local\Temp\ccDX7XtF.s 			page 136


 4938              		.syntax unified
 4939              	.LBE511:
 4940              	.LBE510:
 933:Middlewares/Third_Party/FreeRTOS/Source/CMSIS_RTOS_V2/cmsis_os2.c ****     stat = osErrorISR;
 4941              		.loc 1 933 7 view .LVU1360
 4942 0040 002B     		cmp	r3, #0
 4943 0042 EAD0     		beq	.L395
 934:Middlewares/Third_Party/FreeRTOS/Source/CMSIS_RTOS_V2/cmsis_os2.c ****   }
 4944              		.loc 1 934 10 view .LVU1361
 4945 0044 6FF00500 		mvn	r0, #5
 4946              	.LVL422:
 934:Middlewares/Third_Party/FreeRTOS/Source/CMSIS_RTOS_V2/cmsis_os2.c ****   }
 4947              		.loc 1 934 10 view .LVU1362
 4948 0048 F6E7     		b	.L393
 4949              	.LVL423:
 4950              	.L396:
 4951              	.LCFI65:
 4952              		.cfi_def_cfa_offset 0
 4953              		.cfi_restore 4
 4954              		.cfi_restore 14
 934:Middlewares/Third_Party/FreeRTOS/Source/CMSIS_RTOS_V2/cmsis_os2.c ****   }
 4955              		.loc 1 934 10 view .LVU1363
 4956 004a 6FF00500 		mvn	r0, #5
 4957              	.LVL424:
 4958              		.loc 1 953 1 view .LVU1364
 4959 004e 7047     		bx	lr
 4960              	.LVL425:
 4961              	.L397:
 4962              	.LCFI66:
 4963              		.cfi_def_cfa_offset 16
 4964              		.cfi_offset 4, -8
 4965              		.cfi_offset 14, -4
 934:Middlewares/Third_Party/FreeRTOS/Source/CMSIS_RTOS_V2/cmsis_os2.c ****   }
 4966              		.loc 1 934 10 view .LVU1365
 4967 0050 6FF00500 		mvn	r0, #5
 4968              	.LVL426:
 934:Middlewares/Third_Party/FreeRTOS/Source/CMSIS_RTOS_V2/cmsis_os2.c ****   }
 4969              		.loc 1 934 10 view .LVU1366
 4970 0054 F0E7     		b	.L393
 4971              	.LVL427:
 4972              	.L399:
 937:Middlewares/Third_Party/FreeRTOS/Source/CMSIS_RTOS_V2/cmsis_os2.c ****   }
 4973              		.loc 1 937 10 view .LVU1367
 4974 0056 6FF00300 		mvn	r0, #3
 4975              	.LVL428:
 937:Middlewares/Third_Party/FreeRTOS/Source/CMSIS_RTOS_V2/cmsis_os2.c ****   }
 4976              		.loc 1 937 10 view .LVU1368
 4977 005a EDE7     		b	.L393
 4978              	.L400:
 941:Middlewares/Third_Party/FreeRTOS/Source/CMSIS_RTOS_V2/cmsis_os2.c ****     }
 4979              		.loc 1 941 12 view .LVU1369
 4980 005c 6FF00200 		mvn	r0, #2
 4981 0060 EAE7     		b	.L393
 4982              	.L401:
 947:Middlewares/Third_Party/FreeRTOS/Source/CMSIS_RTOS_V2/cmsis_os2.c ****       }
 4983              		.loc 1 947 14 view .LVU1370
 4984 0062 4FF0FF30 		mov	r0, #-1
ARM GAS  C:\Users\31005\AppData\Local\Temp\ccDX7XtF.s 			page 137


 4985              	.LVL429:
 952:Middlewares/Third_Party/FreeRTOS/Source/CMSIS_RTOS_V2/cmsis_os2.c **** }
 4986              		.loc 1 952 3 is_stmt 1 view .LVU1371
 952:Middlewares/Third_Party/FreeRTOS/Source/CMSIS_RTOS_V2/cmsis_os2.c **** }
 4987              		.loc 1 952 10 is_stmt 0 view .LVU1372
 4988 0066 E7E7     		b	.L393
 4989              	.L408:
 4990              		.align	2
 4991              	.L407:
 4992 0068 00000000 		.word	KernelState
 4993              		.cfi_endproc
 4994              	.LFE142:
 4996              		.section	.text.osTimerIsRunning,"ax",%progbits
 4997              		.align	1
 4998              		.global	osTimerIsRunning
 4999              		.syntax unified
 5000              		.thumb
 5001              		.thumb_func
 5003              	osTimerIsRunning:
 5004              	.LVL430:
 5005              	.LFB143:
 954:Middlewares/Third_Party/FreeRTOS/Source/CMSIS_RTOS_V2/cmsis_os2.c **** 
 955:Middlewares/Third_Party/FreeRTOS/Source/CMSIS_RTOS_V2/cmsis_os2.c **** uint32_t osTimerIsRunning (osTimerId_t timer_id) {
 5006              		.loc 1 955 50 is_stmt 1 view -0
 5007              		.cfi_startproc
 5008              		@ args = 0, pretend = 0, frame = 0
 5009              		@ frame_needed = 0, uses_anonymous_args = 0
 5010              		.loc 1 955 50 is_stmt 0 view .LVU1374
 5011 0000 08B5     		push	{r3, lr}
 5012              	.LCFI67:
 5013              		.cfi_def_cfa_offset 8
 5014              		.cfi_offset 3, -8
 5015              		.cfi_offset 14, -4
 5016 0002 0346     		mov	r3, r0
 956:Middlewares/Third_Party/FreeRTOS/Source/CMSIS_RTOS_V2/cmsis_os2.c ****   TimerHandle_t hTimer = (TimerHandle_t)timer_id;
 5017              		.loc 1 956 3 is_stmt 1 view .LVU1375
 5018              	.LVL431:
 957:Middlewares/Third_Party/FreeRTOS/Source/CMSIS_RTOS_V2/cmsis_os2.c ****   uint32_t running;
 5019              		.loc 1 957 3 view .LVU1376
 958:Middlewares/Third_Party/FreeRTOS/Source/CMSIS_RTOS_V2/cmsis_os2.c **** 
 959:Middlewares/Third_Party/FreeRTOS/Source/CMSIS_RTOS_V2/cmsis_os2.c ****   if (IS_IRQ() || (hTimer == NULL)) {
 5020              		.loc 1 959 3 view .LVU1377
 5021              	.LBB512:
 5022              	.LBI512:
 205:Drivers/CMSIS/Include/cmsis_gcc.h **** {
 5023              		.loc 2 205 31 view .LVU1378
 5024              	.LBB513:
 207:Drivers/CMSIS/Include/cmsis_gcc.h **** 
 5025              		.loc 2 207 3 view .LVU1379
 209:Drivers/CMSIS/Include/cmsis_gcc.h ****   return(result);
 5026              		.loc 2 209 3 view .LVU1380
 5027              		.syntax unified
 5028              	@ 209 "Drivers/CMSIS/Include/cmsis_gcc.h" 1
 5029 0004 EFF30580 		MRS r0, ipsr
 5030              	@ 0 "" 2
 5031              	.LVL432:
 210:Drivers/CMSIS/Include/cmsis_gcc.h **** }
ARM GAS  C:\Users\31005\AppData\Local\Temp\ccDX7XtF.s 			page 138


 5032              		.loc 2 210 3 view .LVU1381
 210:Drivers/CMSIS/Include/cmsis_gcc.h **** }
 5033              		.loc 2 210 3 is_stmt 0 view .LVU1382
 5034              		.thumb
 5035              		.syntax unified
 5036              	.LBE513:
 5037              	.LBE512:
 5038              		.loc 1 959 6 view .LVU1383
 5039 0008 88B9     		cbnz	r0, .L412
 5040              	.LBB514:
 5041              	.LBI514:
 382:Drivers/CMSIS/Include/cmsis_gcc.h **** {
 5042              		.loc 2 382 31 is_stmt 1 view .LVU1384
 5043              	.LBB515:
 384:Drivers/CMSIS/Include/cmsis_gcc.h **** 
 5044              		.loc 2 384 3 view .LVU1385
 386:Drivers/CMSIS/Include/cmsis_gcc.h ****   return(result);
 5045              		.loc 2 386 3 view .LVU1386
 5046              		.syntax unified
 5047              	@ 386 "Drivers/CMSIS/Include/cmsis_gcc.h" 1
 5048 000a EFF31082 		MRS r2, primask
 5049              	@ 0 "" 2
 5050              	.LVL433:
 387:Drivers/CMSIS/Include/cmsis_gcc.h **** }
 5051              		.loc 2 387 3 view .LVU1387
 387:Drivers/CMSIS/Include/cmsis_gcc.h **** }
 5052              		.loc 2 387 3 is_stmt 0 view .LVU1388
 5053              		.thumb
 5054              		.syntax unified
 5055              	.LBE515:
 5056              	.LBE514:
 5057              		.loc 1 959 7 view .LVU1389
 5058 000e 7AB9     		cbnz	r2, .L409
 5059              		.loc 1 959 7 discriminator 2 view .LVU1390
 5060 0010 0949     		ldr	r1, .L417
 5061 0012 0968     		ldr	r1, [r1]
 5062 0014 0229     		cmp	r1, #2
 5063 0016 04D0     		beq	.L416
 5064              	.L411:
 5065              		.loc 1 959 16 discriminator 5 view .LVU1391
 5066 0018 5BB1     		cbz	r3, .L414
 960:Middlewares/Third_Party/FreeRTOS/Source/CMSIS_RTOS_V2/cmsis_os2.c ****     running = 0U;
 961:Middlewares/Third_Party/FreeRTOS/Source/CMSIS_RTOS_V2/cmsis_os2.c ****   } else {
 962:Middlewares/Third_Party/FreeRTOS/Source/CMSIS_RTOS_V2/cmsis_os2.c ****     running = (uint32_t)xTimerIsTimerActive (hTimer);
 5067              		.loc 1 962 5 is_stmt 1 view .LVU1392
 5068              		.loc 1 962 25 is_stmt 0 view .LVU1393
 5069 001a 1846     		mov	r0, r3
 5070 001c FFF7FEFF 		bl	xTimerIsTimerActive
 5071              	.LVL434:
 5072              		.loc 1 962 25 view .LVU1394
 5073 0020 06E0     		b	.L409
 5074              	.LVL435:
 5075              	.L416:
 5076              	.LBB516:
 5077              	.LBI516:
 461:Drivers/CMSIS/Include/cmsis_gcc.h **** {
 5078              		.loc 2 461 31 is_stmt 1 view .LVU1395
ARM GAS  C:\Users\31005\AppData\Local\Temp\ccDX7XtF.s 			page 139


 5079              	.LBB517:
 463:Drivers/CMSIS/Include/cmsis_gcc.h **** 
 5080              		.loc 2 463 3 view .LVU1396
 465:Drivers/CMSIS/Include/cmsis_gcc.h ****   return(result);
 5081              		.loc 2 465 3 view .LVU1397
 5082              		.syntax unified
 5083              	@ 465 "Drivers/CMSIS/Include/cmsis_gcc.h" 1
 5084 0022 EFF31181 		MRS r1, basepri
 5085              	@ 0 "" 2
 5086              	.LVL436:
 5087              		.loc 2 466 3 view .LVU1398
 5088              		.loc 2 466 3 is_stmt 0 view .LVU1399
 5089              		.thumb
 5090              		.syntax unified
 5091              	.LBE517:
 5092              	.LBE516:
 959:Middlewares/Third_Party/FreeRTOS/Source/CMSIS_RTOS_V2/cmsis_os2.c ****     running = 0U;
 5093              		.loc 1 959 7 view .LVU1400
 5094 0026 0029     		cmp	r1, #0
 5095 0028 F6D0     		beq	.L411
 960:Middlewares/Third_Party/FreeRTOS/Source/CMSIS_RTOS_V2/cmsis_os2.c ****   } else {
 5096              		.loc 1 960 13 view .LVU1401
 5097 002a 1046     		mov	r0, r2
 5098 002c 00E0     		b	.L409
 5099              	.L412:
 5100 002e 0020     		movs	r0, #0
 5101              	.LVL437:
 5102              	.L409:
 963:Middlewares/Third_Party/FreeRTOS/Source/CMSIS_RTOS_V2/cmsis_os2.c ****   }
 964:Middlewares/Third_Party/FreeRTOS/Source/CMSIS_RTOS_V2/cmsis_os2.c **** 
 965:Middlewares/Third_Party/FreeRTOS/Source/CMSIS_RTOS_V2/cmsis_os2.c ****   return (running);
 966:Middlewares/Third_Party/FreeRTOS/Source/CMSIS_RTOS_V2/cmsis_os2.c **** }
 5103              		.loc 1 966 1 view .LVU1402
 5104 0030 08BD     		pop	{r3, pc}
 5105              	.LVL438:
 5106              	.L414:
 960:Middlewares/Third_Party/FreeRTOS/Source/CMSIS_RTOS_V2/cmsis_os2.c ****   } else {
 5107              		.loc 1 960 13 view .LVU1403
 5108 0032 1046     		mov	r0, r2
 5109              	.LVL439:
 965:Middlewares/Third_Party/FreeRTOS/Source/CMSIS_RTOS_V2/cmsis_os2.c **** }
 5110              		.loc 1 965 3 is_stmt 1 view .LVU1404
 965:Middlewares/Third_Party/FreeRTOS/Source/CMSIS_RTOS_V2/cmsis_os2.c **** }
 5111              		.loc 1 965 10 is_stmt 0 view .LVU1405
 5112 0034 FCE7     		b	.L409
 5113              	.L418:
 5114 0036 00BF     		.align	2
 5115              	.L417:
 5116 0038 00000000 		.word	KernelState
 5117              		.cfi_endproc
 5118              	.LFE143:
 5120              		.section	.text.osTimerDelete,"ax",%progbits
 5121              		.align	1
 5122              		.global	osTimerDelete
 5123              		.syntax unified
 5124              		.thumb
 5125              		.thumb_func
ARM GAS  C:\Users\31005\AppData\Local\Temp\ccDX7XtF.s 			page 140


 5127              	osTimerDelete:
 5128              	.LVL440:
 5129              	.LFB144:
 967:Middlewares/Third_Party/FreeRTOS/Source/CMSIS_RTOS_V2/cmsis_os2.c **** 
 968:Middlewares/Third_Party/FreeRTOS/Source/CMSIS_RTOS_V2/cmsis_os2.c **** osStatus_t osTimerDelete (osTimerId_t timer_id) {
 5130              		.loc 1 968 49 is_stmt 1 view -0
 5131              		.cfi_startproc
 5132              		@ args = 0, pretend = 0, frame = 0
 5133              		@ frame_needed = 0, uses_anonymous_args = 0
 969:Middlewares/Third_Party/FreeRTOS/Source/CMSIS_RTOS_V2/cmsis_os2.c ****   TimerHandle_t hTimer = (TimerHandle_t)timer_id;
 5134              		.loc 1 969 3 view .LVU1407
 970:Middlewares/Third_Party/FreeRTOS/Source/CMSIS_RTOS_V2/cmsis_os2.c ****   osStatus_t stat;
 5135              		.loc 1 970 3 view .LVU1408
 971:Middlewares/Third_Party/FreeRTOS/Source/CMSIS_RTOS_V2/cmsis_os2.c **** #ifndef USE_FreeRTOS_HEAP_1
 972:Middlewares/Third_Party/FreeRTOS/Source/CMSIS_RTOS_V2/cmsis_os2.c ****   TimerCallback_t *callb;
 5136              		.loc 1 972 3 view .LVU1409
 973:Middlewares/Third_Party/FreeRTOS/Source/CMSIS_RTOS_V2/cmsis_os2.c **** 
 974:Middlewares/Third_Party/FreeRTOS/Source/CMSIS_RTOS_V2/cmsis_os2.c ****   if (IS_IRQ()) {
 5137              		.loc 1 974 3 view .LVU1410
 5138              	.LBB518:
 5139              	.LBI518:
 205:Drivers/CMSIS/Include/cmsis_gcc.h **** {
 5140              		.loc 2 205 31 view .LVU1411
 5141              	.LBB519:
 207:Drivers/CMSIS/Include/cmsis_gcc.h **** 
 5142              		.loc 2 207 3 view .LVU1412
 209:Drivers/CMSIS/Include/cmsis_gcc.h ****   return(result);
 5143              		.loc 2 209 3 view .LVU1413
 5144              		.syntax unified
 5145              	@ 209 "Drivers/CMSIS/Include/cmsis_gcc.h" 1
 5146 0000 EFF30583 		MRS r3, ipsr
 5147              	@ 0 "" 2
 5148              	.LVL441:
 210:Drivers/CMSIS/Include/cmsis_gcc.h **** }
 5149              		.loc 2 210 3 view .LVU1414
 210:Drivers/CMSIS/Include/cmsis_gcc.h **** }
 5150              		.loc 2 210 3 is_stmt 0 view .LVU1415
 5151              		.thumb
 5152              		.syntax unified
 5153              	.LBE519:
 5154              	.LBE518:
 5155              		.loc 1 974 6 view .LVU1416
 5156 0004 23BB     		cbnz	r3, .L422
 968:Middlewares/Third_Party/FreeRTOS/Source/CMSIS_RTOS_V2/cmsis_os2.c ****   TimerHandle_t hTimer = (TimerHandle_t)timer_id;
 5157              		.loc 1 968 49 view .LVU1417
 5158 0006 30B5     		push	{r4, r5, lr}
 5159              	.LCFI68:
 5160              		.cfi_def_cfa_offset 12
 5161              		.cfi_offset 4, -12
 5162              		.cfi_offset 5, -8
 5163              		.cfi_offset 14, -4
 5164 0008 83B0     		sub	sp, sp, #12
 5165              	.LCFI69:
 5166              		.cfi_def_cfa_offset 24
 5167 000a 0446     		mov	r4, r0
 5168              	.LBB520:
 5169              	.LBI520:
ARM GAS  C:\Users\31005\AppData\Local\Temp\ccDX7XtF.s 			page 141


 382:Drivers/CMSIS/Include/cmsis_gcc.h **** {
 5170              		.loc 2 382 31 is_stmt 1 view .LVU1418
 5171              	.LBB521:
 384:Drivers/CMSIS/Include/cmsis_gcc.h **** 
 5172              		.loc 2 384 3 view .LVU1419
 386:Drivers/CMSIS/Include/cmsis_gcc.h ****   return(result);
 5173              		.loc 2 386 3 view .LVU1420
 5174              		.syntax unified
 5175              	@ 386 "Drivers/CMSIS/Include/cmsis_gcc.h" 1
 5176 000c EFF31083 		MRS r3, primask
 5177              	@ 0 "" 2
 5178              	.LVL442:
 387:Drivers/CMSIS/Include/cmsis_gcc.h **** }
 5179              		.loc 2 387 3 view .LVU1421
 387:Drivers/CMSIS/Include/cmsis_gcc.h **** }
 5180              		.loc 2 387 3 is_stmt 0 view .LVU1422
 5181              		.thumb
 5182              		.syntax unified
 5183              	.LBE521:
 5184              	.LBE520:
 5185              		.loc 1 974 7 view .LVU1423
 5186 0010 0BBB     		cbnz	r3, .L423
 5187              		.loc 1 974 7 discriminator 2 view .LVU1424
 5188 0012 154B     		ldr	r3, .L432
 5189 0014 1B68     		ldr	r3, [r3]
 5190 0016 022B     		cmp	r3, #2
 5191 0018 13D0     		beq	.L431
 5192              	.L421:
 975:Middlewares/Third_Party/FreeRTOS/Source/CMSIS_RTOS_V2/cmsis_os2.c ****     stat = osErrorISR;
 976:Middlewares/Third_Party/FreeRTOS/Source/CMSIS_RTOS_V2/cmsis_os2.c ****   }
 977:Middlewares/Third_Party/FreeRTOS/Source/CMSIS_RTOS_V2/cmsis_os2.c ****   else if (hTimer == NULL) {
 5193              		.loc 1 977 8 is_stmt 1 view .LVU1425
 5194              		.loc 1 977 11 is_stmt 0 view .LVU1426
 5195 001a FCB1     		cbz	r4, .L425
 978:Middlewares/Third_Party/FreeRTOS/Source/CMSIS_RTOS_V2/cmsis_os2.c ****     stat = osErrorParameter;
 979:Middlewares/Third_Party/FreeRTOS/Source/CMSIS_RTOS_V2/cmsis_os2.c ****   }
 980:Middlewares/Third_Party/FreeRTOS/Source/CMSIS_RTOS_V2/cmsis_os2.c ****   else {
 981:Middlewares/Third_Party/FreeRTOS/Source/CMSIS_RTOS_V2/cmsis_os2.c ****     callb = (TimerCallback_t *)pvTimerGetTimerID (hTimer);
 5196              		.loc 1 981 5 is_stmt 1 view .LVU1427
 5197              		.loc 1 981 32 is_stmt 0 view .LVU1428
 5198 001c 2046     		mov	r0, r4
 5199              	.LVL443:
 5200              		.loc 1 981 32 view .LVU1429
 5201 001e FFF7FEFF 		bl	pvTimerGetTimerID
 5202              	.LVL444:
 5203 0022 0546     		mov	r5, r0
 5204              	.LVL445:
 982:Middlewares/Third_Party/FreeRTOS/Source/CMSIS_RTOS_V2/cmsis_os2.c **** 
 983:Middlewares/Third_Party/FreeRTOS/Source/CMSIS_RTOS_V2/cmsis_os2.c ****     if (xTimerDelete (hTimer, 0) == pdPASS) {
 5205              		.loc 1 983 5 is_stmt 1 view .LVU1430
 5206              		.loc 1 983 9 is_stmt 0 view .LVU1431
 5207 0024 0022     		movs	r2, #0
 5208 0026 0092     		str	r2, [sp]
 5209 0028 1346     		mov	r3, r2
 5210 002a 0521     		movs	r1, #5
 5211 002c 2046     		mov	r0, r4
 5212              	.LVL446:
ARM GAS  C:\Users\31005\AppData\Local\Temp\ccDX7XtF.s 			page 142


 5213              		.loc 1 983 9 view .LVU1432
 5214 002e FFF7FEFF 		bl	xTimerGenericCommand
 5215              	.LVL447:
 5216              		.loc 1 983 8 view .LVU1433
 5217 0032 0128     		cmp	r0, #1
 5218 0034 15D1     		bne	.L426
 984:Middlewares/Third_Party/FreeRTOS/Source/CMSIS_RTOS_V2/cmsis_os2.c ****       vPortFree (callb);
 5219              		.loc 1 984 7 is_stmt 1 view .LVU1434
 5220 0036 2846     		mov	r0, r5
 5221 0038 FFF7FEFF 		bl	vPortFree
 5222              	.LVL448:
 985:Middlewares/Third_Party/FreeRTOS/Source/CMSIS_RTOS_V2/cmsis_os2.c ****       stat = osOK;
 5223              		.loc 1 985 7 view .LVU1435
 5224              		.loc 1 985 12 is_stmt 0 view .LVU1436
 5225 003c 0020     		movs	r0, #0
 5226              	.LVL449:
 5227              	.L419:
 986:Middlewares/Third_Party/FreeRTOS/Source/CMSIS_RTOS_V2/cmsis_os2.c ****     } else {
 987:Middlewares/Third_Party/FreeRTOS/Source/CMSIS_RTOS_V2/cmsis_os2.c ****       stat = osErrorResource;
 988:Middlewares/Third_Party/FreeRTOS/Source/CMSIS_RTOS_V2/cmsis_os2.c ****     }
 989:Middlewares/Third_Party/FreeRTOS/Source/CMSIS_RTOS_V2/cmsis_os2.c ****   }
 990:Middlewares/Third_Party/FreeRTOS/Source/CMSIS_RTOS_V2/cmsis_os2.c **** #else
 991:Middlewares/Third_Party/FreeRTOS/Source/CMSIS_RTOS_V2/cmsis_os2.c ****   stat = osError;
 992:Middlewares/Third_Party/FreeRTOS/Source/CMSIS_RTOS_V2/cmsis_os2.c **** #endif
 993:Middlewares/Third_Party/FreeRTOS/Source/CMSIS_RTOS_V2/cmsis_os2.c **** 
 994:Middlewares/Third_Party/FreeRTOS/Source/CMSIS_RTOS_V2/cmsis_os2.c ****   return (stat);
 995:Middlewares/Third_Party/FreeRTOS/Source/CMSIS_RTOS_V2/cmsis_os2.c **** }
 5228              		.loc 1 995 1 view .LVU1437
 5229 003e 03B0     		add	sp, sp, #12
 5230              	.LCFI70:
 5231              		.cfi_remember_state
 5232              		.cfi_def_cfa_offset 12
 5233              		@ sp needed
 5234 0040 30BD     		pop	{r4, r5, pc}
 5235              	.LVL450:
 5236              	.L431:
 5237              	.LCFI71:
 5238              		.cfi_restore_state
 5239              	.LBB522:
 5240              	.LBI522:
 461:Drivers/CMSIS/Include/cmsis_gcc.h **** {
 5241              		.loc 2 461 31 is_stmt 1 view .LVU1438
 5242              	.LBB523:
 463:Drivers/CMSIS/Include/cmsis_gcc.h **** 
 5243              		.loc 2 463 3 view .LVU1439
 465:Drivers/CMSIS/Include/cmsis_gcc.h ****   return(result);
 5244              		.loc 2 465 3 view .LVU1440
 5245              		.syntax unified
 5246              	@ 465 "Drivers/CMSIS/Include/cmsis_gcc.h" 1
 5247 0042 EFF31183 		MRS r3, basepri
 5248              	@ 0 "" 2
 5249              	.LVL451:
 5250              		.loc 2 466 3 view .LVU1441
 5251              		.loc 2 466 3 is_stmt 0 view .LVU1442
 5252              		.thumb
 5253              		.syntax unified
 5254              	.LBE523:
ARM GAS  C:\Users\31005\AppData\Local\Temp\ccDX7XtF.s 			page 143


 5255              	.LBE522:
 974:Middlewares/Third_Party/FreeRTOS/Source/CMSIS_RTOS_V2/cmsis_os2.c ****     stat = osErrorISR;
 5256              		.loc 1 974 7 view .LVU1443
 5257 0046 002B     		cmp	r3, #0
 5258 0048 E7D0     		beq	.L421
 975:Middlewares/Third_Party/FreeRTOS/Source/CMSIS_RTOS_V2/cmsis_os2.c ****   }
 5259              		.loc 1 975 10 view .LVU1444
 5260 004a 6FF00500 		mvn	r0, #5
 5261              	.LVL452:
 975:Middlewares/Third_Party/FreeRTOS/Source/CMSIS_RTOS_V2/cmsis_os2.c ****   }
 5262              		.loc 1 975 10 view .LVU1445
 5263 004e F6E7     		b	.L419
 5264              	.LVL453:
 5265              	.L422:
 5266              	.LCFI72:
 5267              		.cfi_def_cfa_offset 0
 5268              		.cfi_restore 4
 5269              		.cfi_restore 5
 5270              		.cfi_restore 14
 975:Middlewares/Third_Party/FreeRTOS/Source/CMSIS_RTOS_V2/cmsis_os2.c ****   }
 5271              		.loc 1 975 10 view .LVU1446
 5272 0050 6FF00500 		mvn	r0, #5
 5273              	.LVL454:
 5274              		.loc 1 995 1 view .LVU1447
 5275 0054 7047     		bx	lr
 5276              	.LVL455:
 5277              	.L423:
 5278              	.LCFI73:
 5279              		.cfi_def_cfa_offset 24
 5280              		.cfi_offset 4, -12
 5281              		.cfi_offset 5, -8
 5282              		.cfi_offset 14, -4
 975:Middlewares/Third_Party/FreeRTOS/Source/CMSIS_RTOS_V2/cmsis_os2.c ****   }
 5283              		.loc 1 975 10 view .LVU1448
 5284 0056 6FF00500 		mvn	r0, #5
 5285              	.LVL456:
 975:Middlewares/Third_Party/FreeRTOS/Source/CMSIS_RTOS_V2/cmsis_os2.c ****   }
 5286              		.loc 1 975 10 view .LVU1449
 5287 005a F0E7     		b	.L419
 5288              	.LVL457:
 5289              	.L425:
 978:Middlewares/Third_Party/FreeRTOS/Source/CMSIS_RTOS_V2/cmsis_os2.c ****   }
 5290              		.loc 1 978 10 view .LVU1450
 5291 005c 6FF00300 		mvn	r0, #3
 5292              	.LVL458:
 978:Middlewares/Third_Party/FreeRTOS/Source/CMSIS_RTOS_V2/cmsis_os2.c ****   }
 5293              		.loc 1 978 10 view .LVU1451
 5294 0060 EDE7     		b	.L419
 5295              	.LVL459:
 5296              	.L426:
 987:Middlewares/Third_Party/FreeRTOS/Source/CMSIS_RTOS_V2/cmsis_os2.c ****     }
 5297              		.loc 1 987 12 view .LVU1452
 5298 0062 6FF00200 		mvn	r0, #2
 5299              	.LVL460:
 994:Middlewares/Third_Party/FreeRTOS/Source/CMSIS_RTOS_V2/cmsis_os2.c **** }
 5300              		.loc 1 994 3 is_stmt 1 view .LVU1453
 994:Middlewares/Third_Party/FreeRTOS/Source/CMSIS_RTOS_V2/cmsis_os2.c **** }
ARM GAS  C:\Users\31005\AppData\Local\Temp\ccDX7XtF.s 			page 144


 5301              		.loc 1 994 10 is_stmt 0 view .LVU1454
 5302 0066 EAE7     		b	.L419
 5303              	.L433:
 5304              		.align	2
 5305              	.L432:
 5306 0068 00000000 		.word	KernelState
 5307              		.cfi_endproc
 5308              	.LFE144:
 5310              		.section	.text.osEventFlagsNew,"ax",%progbits
 5311              		.align	1
 5312              		.global	osEventFlagsNew
 5313              		.syntax unified
 5314              		.thumb
 5315              		.thumb_func
 5317              	osEventFlagsNew:
 5318              	.LVL461:
 5319              	.LFB145:
 996:Middlewares/Third_Party/FreeRTOS/Source/CMSIS_RTOS_V2/cmsis_os2.c **** 
 997:Middlewares/Third_Party/FreeRTOS/Source/CMSIS_RTOS_V2/cmsis_os2.c **** /*---------------------------------------------------------------------------*/
 998:Middlewares/Third_Party/FreeRTOS/Source/CMSIS_RTOS_V2/cmsis_os2.c **** 
 999:Middlewares/Third_Party/FreeRTOS/Source/CMSIS_RTOS_V2/cmsis_os2.c **** osEventFlagsId_t osEventFlagsNew (const osEventFlagsAttr_t *attr) {
 5320              		.loc 1 999 67 is_stmt 1 view -0
 5321              		.cfi_startproc
 5322              		@ args = 0, pretend = 0, frame = 0
 5323              		@ frame_needed = 0, uses_anonymous_args = 0
 5324              		.loc 1 999 67 is_stmt 0 view .LVU1456
 5325 0000 08B5     		push	{r3, lr}
 5326              	.LCFI74:
 5327              		.cfi_def_cfa_offset 8
 5328              		.cfi_offset 3, -8
 5329              		.cfi_offset 14, -4
1000:Middlewares/Third_Party/FreeRTOS/Source/CMSIS_RTOS_V2/cmsis_os2.c ****   EventGroupHandle_t hEventGroup;
 5330              		.loc 1 1000 3 is_stmt 1 view .LVU1457
1001:Middlewares/Third_Party/FreeRTOS/Source/CMSIS_RTOS_V2/cmsis_os2.c ****   int32_t mem;
 5331              		.loc 1 1001 3 view .LVU1458
1002:Middlewares/Third_Party/FreeRTOS/Source/CMSIS_RTOS_V2/cmsis_os2.c **** 
1003:Middlewares/Third_Party/FreeRTOS/Source/CMSIS_RTOS_V2/cmsis_os2.c ****   hEventGroup = NULL;
 5332              		.loc 1 1003 3 view .LVU1459
 5333              	.LVL462:
1004:Middlewares/Third_Party/FreeRTOS/Source/CMSIS_RTOS_V2/cmsis_os2.c **** 
1005:Middlewares/Third_Party/FreeRTOS/Source/CMSIS_RTOS_V2/cmsis_os2.c ****   if (!IS_IRQ()) {
 5334              		.loc 1 1005 3 view .LVU1460
 5335              	.LBB524:
 5336              	.LBI524:
 205:Drivers/CMSIS/Include/cmsis_gcc.h **** {
 5337              		.loc 2 205 31 view .LVU1461
 5338              	.LBB525:
 207:Drivers/CMSIS/Include/cmsis_gcc.h **** 
 5339              		.loc 2 207 3 view .LVU1462
 209:Drivers/CMSIS/Include/cmsis_gcc.h ****   return(result);
 5340              		.loc 2 209 3 view .LVU1463
 5341              		.syntax unified
 5342              	@ 209 "Drivers/CMSIS/Include/cmsis_gcc.h" 1
 5343 0002 EFF30583 		MRS r3, ipsr
 5344              	@ 0 "" 2
 5345              	.LVL463:
 210:Drivers/CMSIS/Include/cmsis_gcc.h **** }
ARM GAS  C:\Users\31005\AppData\Local\Temp\ccDX7XtF.s 			page 145


 5346              		.loc 2 210 3 view .LVU1464
 210:Drivers/CMSIS/Include/cmsis_gcc.h **** }
 5347              		.loc 2 210 3 is_stmt 0 view .LVU1465
 5348              		.thumb
 5349              		.syntax unified
 5350              	.LBE525:
 5351              	.LBE524:
 5352              		.loc 1 1005 6 view .LVU1466
 5353 0006 33BB     		cbnz	r3, .L440
 5354              	.LBB526:
 5355              	.LBI526:
 382:Drivers/CMSIS/Include/cmsis_gcc.h **** {
 5356              		.loc 2 382 31 is_stmt 1 view .LVU1467
 5357              	.LBB527:
 384:Drivers/CMSIS/Include/cmsis_gcc.h **** 
 5358              		.loc 2 384 3 view .LVU1468
 386:Drivers/CMSIS/Include/cmsis_gcc.h ****   return(result);
 5359              		.loc 2 386 3 view .LVU1469
 5360              		.syntax unified
 5361              	@ 386 "Drivers/CMSIS/Include/cmsis_gcc.h" 1
 5362 0008 EFF31083 		MRS r3, primask
 5363              	@ 0 "" 2
 5364              	.LVL464:
 387:Drivers/CMSIS/Include/cmsis_gcc.h **** }
 5365              		.loc 2 387 3 view .LVU1470
 387:Drivers/CMSIS/Include/cmsis_gcc.h **** }
 5366              		.loc 2 387 3 is_stmt 0 view .LVU1471
 5367              		.thumb
 5368              		.syntax unified
 5369              	.LBE527:
 5370              	.LBE526:
 5371              		.loc 1 1005 7 view .LVU1472
 5372 000c 2BBB     		cbnz	r3, .L441
 5373              		.loc 1 1005 8 discriminator 2 view .LVU1473
 5374 000e 154B     		ldr	r3, .L450
 5375 0010 1B68     		ldr	r3, [r3]
 5376 0012 022B     		cmp	r3, #2
 5377 0014 0CD0     		beq	.L448
 5378              	.L436:
1006:Middlewares/Third_Party/FreeRTOS/Source/CMSIS_RTOS_V2/cmsis_os2.c ****     mem = -1;
 5379              		.loc 1 1006 5 is_stmt 1 view .LVU1474
 5380              	.LVL465:
1007:Middlewares/Third_Party/FreeRTOS/Source/CMSIS_RTOS_V2/cmsis_os2.c **** 
1008:Middlewares/Third_Party/FreeRTOS/Source/CMSIS_RTOS_V2/cmsis_os2.c ****     if (attr != NULL) {
 5381              		.loc 1 1008 5 view .LVU1475
 5382              		.loc 1 1008 8 is_stmt 0 view .LVU1476
 5383 0016 D0B1     		cbz	r0, .L443
1009:Middlewares/Third_Party/FreeRTOS/Source/CMSIS_RTOS_V2/cmsis_os2.c ****       if ((attr->cb_mem != NULL) && (attr->cb_size >= sizeof(StaticEventGroup_t))) {
 5384              		.loc 1 1009 7 is_stmt 1 view .LVU1477
 5385              		.loc 1 1009 16 is_stmt 0 view .LVU1478
 5386 0018 8368     		ldr	r3, [r0, #8]
 5387              		.loc 1 1009 10 view .LVU1479
 5388 001a 13B1     		cbz	r3, .L438
 5389              		.loc 1 1009 42 discriminator 1 view .LVU1480
 5390 001c C268     		ldr	r2, [r0, #12]
 5391              		.loc 1 1009 34 discriminator 1 view .LVU1481
 5392 001e 1F2A     		cmp	r2, #31
ARM GAS  C:\Users\31005\AppData\Local\Temp\ccDX7XtF.s 			page 146


 5393 0020 11D8     		bhi	.L439
 5394              	.L438:
1010:Middlewares/Third_Party/FreeRTOS/Source/CMSIS_RTOS_V2/cmsis_os2.c ****         mem = 1;
1011:Middlewares/Third_Party/FreeRTOS/Source/CMSIS_RTOS_V2/cmsis_os2.c ****       }
1012:Middlewares/Third_Party/FreeRTOS/Source/CMSIS_RTOS_V2/cmsis_os2.c ****       else {
1013:Middlewares/Third_Party/FreeRTOS/Source/CMSIS_RTOS_V2/cmsis_os2.c ****         if ((attr->cb_mem == NULL) && (attr->cb_size == 0U)) {
 5395              		.loc 1 1013 9 is_stmt 1 view .LVU1482
 5396              		.loc 1 1013 12 is_stmt 0 view .LVU1483
 5397 0022 5BB1     		cbz	r3, .L449
1006:Middlewares/Third_Party/FreeRTOS/Source/CMSIS_RTOS_V2/cmsis_os2.c **** 
 5398              		.loc 1 1006 9 view .LVU1484
 5399 0024 4FF0FF33 		mov	r3, #-1
 5400              	.L437:
 5401              	.LVL466:
1014:Middlewares/Third_Party/FreeRTOS/Source/CMSIS_RTOS_V2/cmsis_os2.c ****           mem = 0;
1015:Middlewares/Third_Party/FreeRTOS/Source/CMSIS_RTOS_V2/cmsis_os2.c ****         }
1016:Middlewares/Third_Party/FreeRTOS/Source/CMSIS_RTOS_V2/cmsis_os2.c ****       }
1017:Middlewares/Third_Party/FreeRTOS/Source/CMSIS_RTOS_V2/cmsis_os2.c ****     }
1018:Middlewares/Third_Party/FreeRTOS/Source/CMSIS_RTOS_V2/cmsis_os2.c ****     else {
1019:Middlewares/Third_Party/FreeRTOS/Source/CMSIS_RTOS_V2/cmsis_os2.c ****       mem = 0;
1020:Middlewares/Third_Party/FreeRTOS/Source/CMSIS_RTOS_V2/cmsis_os2.c ****     }
1021:Middlewares/Third_Party/FreeRTOS/Source/CMSIS_RTOS_V2/cmsis_os2.c **** 
1022:Middlewares/Third_Party/FreeRTOS/Source/CMSIS_RTOS_V2/cmsis_os2.c ****     if (mem == 1) {
1023:Middlewares/Third_Party/FreeRTOS/Source/CMSIS_RTOS_V2/cmsis_os2.c ****       hEventGroup = xEventGroupCreateStatic (attr->cb_mem);
1024:Middlewares/Third_Party/FreeRTOS/Source/CMSIS_RTOS_V2/cmsis_os2.c ****     }
1025:Middlewares/Third_Party/FreeRTOS/Source/CMSIS_RTOS_V2/cmsis_os2.c ****     else {
1026:Middlewares/Third_Party/FreeRTOS/Source/CMSIS_RTOS_V2/cmsis_os2.c ****       if (mem == 0) {
 5402              		.loc 1 1026 7 is_stmt 1 view .LVU1485
 5403              		.loc 1 1026 10 is_stmt 0 view .LVU1486
 5404 0028 CBB9     		cbnz	r3, .L446
1027:Middlewares/Third_Party/FreeRTOS/Source/CMSIS_RTOS_V2/cmsis_os2.c ****         hEventGroup = xEventGroupCreate();
 5405              		.loc 1 1027 9 is_stmt 1 view .LVU1487
 5406              		.loc 1 1027 23 is_stmt 0 view .LVU1488
 5407 002a FFF7FEFF 		bl	xEventGroupCreate
 5408              	.LVL467:
 5409              		.loc 1 1027 23 view .LVU1489
 5410 002e 13E0     		b	.L434
 5411              	.LVL468:
 5412              	.L448:
 5413              	.LBB528:
 5414              	.LBI528:
 461:Drivers/CMSIS/Include/cmsis_gcc.h **** {
 5415              		.loc 2 461 31 is_stmt 1 view .LVU1490
 5416              	.LBB529:
 463:Drivers/CMSIS/Include/cmsis_gcc.h **** 
 5417              		.loc 2 463 3 view .LVU1491
 465:Drivers/CMSIS/Include/cmsis_gcc.h ****   return(result);
 5418              		.loc 2 465 3 view .LVU1492
 5419              		.syntax unified
 5420              	@ 465 "Drivers/CMSIS/Include/cmsis_gcc.h" 1
 5421 0030 EFF31183 		MRS r3, basepri
 5422              	@ 0 "" 2
 5423              	.LVL469:
 5424              		.loc 2 466 3 view .LVU1493
 5425              		.loc 2 466 3 is_stmt 0 view .LVU1494
 5426              		.thumb
 5427              		.syntax unified
ARM GAS  C:\Users\31005\AppData\Local\Temp\ccDX7XtF.s 			page 147


 5428              	.LBE529:
 5429              	.LBE528:
1005:Middlewares/Third_Party/FreeRTOS/Source/CMSIS_RTOS_V2/cmsis_os2.c ****     mem = -1;
 5430              		.loc 1 1005 8 view .LVU1495
 5431 0034 002B     		cmp	r3, #0
 5432 0036 EED0     		beq	.L436
1003:Middlewares/Third_Party/FreeRTOS/Source/CMSIS_RTOS_V2/cmsis_os2.c **** 
 5433              		.loc 1 1003 15 view .LVU1496
 5434 0038 0020     		movs	r0, #0
 5435              	.LVL470:
1003:Middlewares/Third_Party/FreeRTOS/Source/CMSIS_RTOS_V2/cmsis_os2.c **** 
 5436              		.loc 1 1003 15 view .LVU1497
 5437 003a 0DE0     		b	.L434
 5438              	.LVL471:
 5439              	.L449:
1013:Middlewares/Third_Party/FreeRTOS/Source/CMSIS_RTOS_V2/cmsis_os2.c ****           mem = 0;
 5440              		.loc 1 1013 44 discriminator 1 view .LVU1498
 5441 003c C368     		ldr	r3, [r0, #12]
1013:Middlewares/Third_Party/FreeRTOS/Source/CMSIS_RTOS_V2/cmsis_os2.c ****           mem = 0;
 5442              		.loc 1 1013 36 discriminator 1 view .LVU1499
 5443 003e 43B1     		cbz	r3, .L445
1006:Middlewares/Third_Party/FreeRTOS/Source/CMSIS_RTOS_V2/cmsis_os2.c **** 
 5444              		.loc 1 1006 9 view .LVU1500
 5445 0040 4FF0FF33 		mov	r3, #-1
 5446 0044 F0E7     		b	.L437
 5447              	.L439:
 5448              	.LVL472:
1022:Middlewares/Third_Party/FreeRTOS/Source/CMSIS_RTOS_V2/cmsis_os2.c ****       hEventGroup = xEventGroupCreateStatic (attr->cb_mem);
 5449              		.loc 1 1022 5 is_stmt 1 view .LVU1501
1023:Middlewares/Third_Party/FreeRTOS/Source/CMSIS_RTOS_V2/cmsis_os2.c ****     }
 5450              		.loc 1 1023 7 view .LVU1502
1023:Middlewares/Third_Party/FreeRTOS/Source/CMSIS_RTOS_V2/cmsis_os2.c ****     }
 5451              		.loc 1 1023 21 is_stmt 0 view .LVU1503
 5452 0046 1846     		mov	r0, r3
 5453              	.LVL473:
1023:Middlewares/Third_Party/FreeRTOS/Source/CMSIS_RTOS_V2/cmsis_os2.c ****     }
 5454              		.loc 1 1023 21 view .LVU1504
 5455 0048 FFF7FEFF 		bl	xEventGroupCreateStatic
 5456              	.LVL474:
1023:Middlewares/Third_Party/FreeRTOS/Source/CMSIS_RTOS_V2/cmsis_os2.c ****     }
 5457              		.loc 1 1023 21 view .LVU1505
 5458 004c 04E0     		b	.L434
 5459              	.LVL475:
 5460              	.L443:
1019:Middlewares/Third_Party/FreeRTOS/Source/CMSIS_RTOS_V2/cmsis_os2.c ****     }
 5461              		.loc 1 1019 11 view .LVU1506
 5462 004e 0023     		movs	r3, #0
 5463 0050 EAE7     		b	.L437
 5464              	.L445:
1014:Middlewares/Third_Party/FreeRTOS/Source/CMSIS_RTOS_V2/cmsis_os2.c ****         }
 5465              		.loc 1 1014 15 view .LVU1507
 5466 0052 0023     		movs	r3, #0
 5467 0054 E8E7     		b	.L437
 5468              	.LVL476:
 5469              	.L440:
1003:Middlewares/Third_Party/FreeRTOS/Source/CMSIS_RTOS_V2/cmsis_os2.c **** 
 5470              		.loc 1 1003 15 view .LVU1508
ARM GAS  C:\Users\31005\AppData\Local\Temp\ccDX7XtF.s 			page 148


 5471 0056 0020     		movs	r0, #0
 5472              	.LVL477:
 5473              	.L434:
1028:Middlewares/Third_Party/FreeRTOS/Source/CMSIS_RTOS_V2/cmsis_os2.c ****       }
1029:Middlewares/Third_Party/FreeRTOS/Source/CMSIS_RTOS_V2/cmsis_os2.c ****     }
1030:Middlewares/Third_Party/FreeRTOS/Source/CMSIS_RTOS_V2/cmsis_os2.c ****   }
1031:Middlewares/Third_Party/FreeRTOS/Source/CMSIS_RTOS_V2/cmsis_os2.c **** 
1032:Middlewares/Third_Party/FreeRTOS/Source/CMSIS_RTOS_V2/cmsis_os2.c ****   return ((osEventFlagsId_t)hEventGroup);
1033:Middlewares/Third_Party/FreeRTOS/Source/CMSIS_RTOS_V2/cmsis_os2.c **** }
 5474              		.loc 1 1033 1 view .LVU1509
 5475 0058 08BD     		pop	{r3, pc}
 5476              	.LVL478:
 5477              	.L441:
1003:Middlewares/Third_Party/FreeRTOS/Source/CMSIS_RTOS_V2/cmsis_os2.c **** 
 5478              		.loc 1 1003 15 view .LVU1510
 5479 005a 0020     		movs	r0, #0
 5480              	.LVL479:
1003:Middlewares/Third_Party/FreeRTOS/Source/CMSIS_RTOS_V2/cmsis_os2.c **** 
 5481              		.loc 1 1003 15 view .LVU1511
 5482 005c FCE7     		b	.L434
 5483              	.LVL480:
 5484              	.L446:
1003:Middlewares/Third_Party/FreeRTOS/Source/CMSIS_RTOS_V2/cmsis_os2.c **** 
 5485              		.loc 1 1003 15 view .LVU1512
 5486 005e 0020     		movs	r0, #0
 5487              	.LVL481:
1032:Middlewares/Third_Party/FreeRTOS/Source/CMSIS_RTOS_V2/cmsis_os2.c **** }
 5488              		.loc 1 1032 3 is_stmt 1 view .LVU1513
1032:Middlewares/Third_Party/FreeRTOS/Source/CMSIS_RTOS_V2/cmsis_os2.c **** }
 5489              		.loc 1 1032 11 is_stmt 0 view .LVU1514
 5490 0060 FAE7     		b	.L434
 5491              	.L451:
 5492 0062 00BF     		.align	2
 5493              	.L450:
 5494 0064 00000000 		.word	KernelState
 5495              		.cfi_endproc
 5496              	.LFE145:
 5498              		.section	.text.osEventFlagsSet,"ax",%progbits
 5499              		.align	1
 5500              		.global	osEventFlagsSet
 5501              		.syntax unified
 5502              		.thumb
 5503              		.thumb_func
 5505              	osEventFlagsSet:
 5506              	.LVL482:
 5507              	.LFB146:
1034:Middlewares/Third_Party/FreeRTOS/Source/CMSIS_RTOS_V2/cmsis_os2.c **** 
1035:Middlewares/Third_Party/FreeRTOS/Source/CMSIS_RTOS_V2/cmsis_os2.c **** uint32_t osEventFlagsSet (osEventFlagsId_t ef_id, uint32_t flags) {
 5508              		.loc 1 1035 67 is_stmt 1 view -0
 5509              		.cfi_startproc
 5510              		@ args = 0, pretend = 0, frame = 8
 5511              		@ frame_needed = 0, uses_anonymous_args = 0
1036:Middlewares/Third_Party/FreeRTOS/Source/CMSIS_RTOS_V2/cmsis_os2.c ****   EventGroupHandle_t hEventGroup = (EventGroupHandle_t)ef_id;
 5512              		.loc 1 1036 3 view .LVU1516
1037:Middlewares/Third_Party/FreeRTOS/Source/CMSIS_RTOS_V2/cmsis_os2.c ****   uint32_t rflags;
 5513              		.loc 1 1037 3 view .LVU1517
1038:Middlewares/Third_Party/FreeRTOS/Source/CMSIS_RTOS_V2/cmsis_os2.c ****   BaseType_t yield;
ARM GAS  C:\Users\31005\AppData\Local\Temp\ccDX7XtF.s 			page 149


 5514              		.loc 1 1038 3 view .LVU1518
1039:Middlewares/Third_Party/FreeRTOS/Source/CMSIS_RTOS_V2/cmsis_os2.c **** 
1040:Middlewares/Third_Party/FreeRTOS/Source/CMSIS_RTOS_V2/cmsis_os2.c ****   if ((hEventGroup == NULL) || ((flags & EVENT_FLAGS_INVALID_BITS) != 0U)) {
 5515              		.loc 1 1040 3 view .LVU1519
 5516              		.loc 1 1040 6 is_stmt 0 view .LVU1520
 5517 0000 70B3     		cbz	r0, .L456
1035:Middlewares/Third_Party/FreeRTOS/Source/CMSIS_RTOS_V2/cmsis_os2.c ****   EventGroupHandle_t hEventGroup = (EventGroupHandle_t)ef_id;
 5518              		.loc 1 1035 67 discriminator 1 view .LVU1521
 5519 0002 10B5     		push	{r4, lr}
 5520              	.LCFI75:
 5521              		.cfi_def_cfa_offset 8
 5522              		.cfi_offset 4, -8
 5523              		.cfi_offset 14, -4
 5524 0004 82B0     		sub	sp, sp, #8
 5525              	.LCFI76:
 5526              		.cfi_def_cfa_offset 16
 5527 0006 0C46     		mov	r4, r1
 5528 0008 0346     		mov	r3, r0
 5529              		.loc 1 1040 29 discriminator 1 view .LVU1522
 5530 000a B1F1807F 		cmp	r1, #16777216
 5531 000e 2AD2     		bcs	.L457
1041:Middlewares/Third_Party/FreeRTOS/Source/CMSIS_RTOS_V2/cmsis_os2.c ****     rflags = (uint32_t)osErrorParameter;
1042:Middlewares/Third_Party/FreeRTOS/Source/CMSIS_RTOS_V2/cmsis_os2.c ****   }
1043:Middlewares/Third_Party/FreeRTOS/Source/CMSIS_RTOS_V2/cmsis_os2.c ****   else if (IS_IRQ()) {
 5532              		.loc 1 1043 8 is_stmt 1 view .LVU1523
 5533              	.LBB530:
 5534              	.LBI530:
 205:Drivers/CMSIS/Include/cmsis_gcc.h **** {
 5535              		.loc 2 205 31 view .LVU1524
 5536              	.LBB531:
 207:Drivers/CMSIS/Include/cmsis_gcc.h **** 
 5537              		.loc 2 207 3 view .LVU1525
 209:Drivers/CMSIS/Include/cmsis_gcc.h ****   return(result);
 5538              		.loc 2 209 3 view .LVU1526
 5539              		.syntax unified
 5540              	@ 209 "Drivers/CMSIS/Include/cmsis_gcc.h" 1
 5541 0010 EFF30582 		MRS r2, ipsr
 5542              	@ 0 "" 2
 5543              	.LVL483:
 210:Drivers/CMSIS/Include/cmsis_gcc.h **** }
 5544              		.loc 2 210 3 view .LVU1527
 210:Drivers/CMSIS/Include/cmsis_gcc.h **** }
 5545              		.loc 2 210 3 is_stmt 0 view .LVU1528
 5546              		.thumb
 5547              		.syntax unified
 5548              	.LBE531:
 5549              	.LBE530:
 5550              		.loc 1 1043 11 view .LVU1529
 5551 0014 4AB9     		cbnz	r2, .L454
 5552              	.LBB532:
 5553              	.LBI532:
 382:Drivers/CMSIS/Include/cmsis_gcc.h **** {
 5554              		.loc 2 382 31 is_stmt 1 view .LVU1530
 5555              	.LBB533:
 384:Drivers/CMSIS/Include/cmsis_gcc.h **** 
 5556              		.loc 2 384 3 view .LVU1531
 386:Drivers/CMSIS/Include/cmsis_gcc.h ****   return(result);
ARM GAS  C:\Users\31005\AppData\Local\Temp\ccDX7XtF.s 			page 150


 5557              		.loc 2 386 3 view .LVU1532
 5558              		.syntax unified
 5559              	@ 386 "Drivers/CMSIS/Include/cmsis_gcc.h" 1
 5560 0016 EFF31082 		MRS r2, primask
 5561              	@ 0 "" 2
 5562              	.LVL484:
 387:Drivers/CMSIS/Include/cmsis_gcc.h **** }
 5563              		.loc 2 387 3 view .LVU1533
 387:Drivers/CMSIS/Include/cmsis_gcc.h **** }
 5564              		.loc 2 387 3 is_stmt 0 view .LVU1534
 5565              		.thumb
 5566              		.syntax unified
 5567              	.LBE533:
 5568              	.LBE532:
 5569              		.loc 1 1043 12 view .LVU1535
 5570 001a 32B9     		cbnz	r2, .L454
 5571              		.loc 1 1043 12 discriminator 2 view .LVU1536
 5572 001c 164A     		ldr	r2, .L464
 5573 001e 1268     		ldr	r2, [r2]
 5574 0020 022A     		cmp	r2, #2
 5575 0022 18D1     		bne	.L455
 5576              	.LBB534:
 5577              	.LBI534:
 461:Drivers/CMSIS/Include/cmsis_gcc.h **** {
 5578              		.loc 2 461 31 is_stmt 1 view .LVU1537
 5579              	.LBB535:
 463:Drivers/CMSIS/Include/cmsis_gcc.h **** 
 5580              		.loc 2 463 3 view .LVU1538
 465:Drivers/CMSIS/Include/cmsis_gcc.h ****   return(result);
 5581              		.loc 2 465 3 view .LVU1539
 5582              		.syntax unified
 5583              	@ 465 "Drivers/CMSIS/Include/cmsis_gcc.h" 1
 5584 0024 EFF31182 		MRS r2, basepri
 5585              	@ 0 "" 2
 5586              	.LVL485:
 5587              		.loc 2 466 3 view .LVU1540
 5588              		.loc 2 466 3 is_stmt 0 view .LVU1541
 5589              		.thumb
 5590              		.syntax unified
 5591              	.LBE535:
 5592              	.LBE534:
 5593              		.loc 1 1043 12 view .LVU1542
 5594 0028 AAB1     		cbz	r2, .L455
 5595              	.L454:
1044:Middlewares/Third_Party/FreeRTOS/Source/CMSIS_RTOS_V2/cmsis_os2.c ****     yield = pdFALSE;
 5596              		.loc 1 1044 5 is_stmt 1 view .LVU1543
 5597              		.loc 1 1044 11 is_stmt 0 view .LVU1544
 5598 002a 0022     		movs	r2, #0
 5599 002c 0192     		str	r2, [sp, #4]
1045:Middlewares/Third_Party/FreeRTOS/Source/CMSIS_RTOS_V2/cmsis_os2.c **** 
1046:Middlewares/Third_Party/FreeRTOS/Source/CMSIS_RTOS_V2/cmsis_os2.c ****     if (xEventGroupSetBitsFromISR (hEventGroup, (EventBits_t)flags, &yield) != pdFAIL) {
 5600              		.loc 1 1046 5 is_stmt 1 view .LVU1545
 5601              		.loc 1 1046 9 is_stmt 0 view .LVU1546
 5602 002e 01AA     		add	r2, sp, #4
 5603 0030 2146     		mov	r1, r4
 5604              	.LVL486:
 5605              		.loc 1 1046 9 view .LVU1547
ARM GAS  C:\Users\31005\AppData\Local\Temp\ccDX7XtF.s 			page 151


 5606 0032 1846     		mov	r0, r3
 5607              	.LVL487:
 5608              		.loc 1 1046 9 view .LVU1548
 5609 0034 FFF7FEFF 		bl	xEventGroupSetBitsFromISR
 5610              	.LVL488:
 5611              		.loc 1 1046 8 view .LVU1549
 5612 0038 C8B9     		cbnz	r0, .L458
1047:Middlewares/Third_Party/FreeRTOS/Source/CMSIS_RTOS_V2/cmsis_os2.c ****       rflags = (uint32_t)osErrorResource;
1048:Middlewares/Third_Party/FreeRTOS/Source/CMSIS_RTOS_V2/cmsis_os2.c ****     } else {
1049:Middlewares/Third_Party/FreeRTOS/Source/CMSIS_RTOS_V2/cmsis_os2.c ****       rflags = flags;
 5613              		.loc 1 1049 7 is_stmt 1 view .LVU1550
 5614              	.LVL489:
1050:Middlewares/Third_Party/FreeRTOS/Source/CMSIS_RTOS_V2/cmsis_os2.c ****       portYIELD_FROM_ISR (yield);
 5615              		.loc 1 1050 7 view .LVU1551
 5616 003a 019B     		ldr	r3, [sp, #4]
 5617 003c D3B1     		cbz	r3, .L459
 5618              		.loc 1 1050 7 discriminator 1 view .LVU1552
 5619 003e 4FF0E023 		mov	r3, #-536813568
 5620 0042 4FF08052 		mov	r2, #268435456
 5621 0046 C3F8042D 		str	r2, [r3, #3332]
 5622              		.loc 1 1050 7 discriminator 1 view .LVU1553
 5623              		.syntax unified
 5624              	@ 1050 "Middlewares/Third_Party/FreeRTOS/Source/CMSIS_RTOS_V2/cmsis_os2.c" 1
 5625 004a BFF34F8F 		dsb
 5626              	@ 0 "" 2
 5627              		.loc 1 1050 7 discriminator 1 view .LVU1554
 5628              	@ 1050 "Middlewares/Third_Party/FreeRTOS/Source/CMSIS_RTOS_V2/cmsis_os2.c" 1
 5629 004e BFF36F8F 		isb
 5630              	@ 0 "" 2
1049:Middlewares/Third_Party/FreeRTOS/Source/CMSIS_RTOS_V2/cmsis_os2.c ****       portYIELD_FROM_ISR (yield);
 5631              		.loc 1 1049 14 is_stmt 0 discriminator 1 view .LVU1555
 5632              		.thumb
 5633              		.syntax unified
 5634 0052 2046     		mov	r0, r4
 5635 0054 09E0     		b	.L452
 5636              	.LVL490:
 5637              	.L455:
1051:Middlewares/Third_Party/FreeRTOS/Source/CMSIS_RTOS_V2/cmsis_os2.c ****     }
1052:Middlewares/Third_Party/FreeRTOS/Source/CMSIS_RTOS_V2/cmsis_os2.c ****   }
1053:Middlewares/Third_Party/FreeRTOS/Source/CMSIS_RTOS_V2/cmsis_os2.c ****   else {
1054:Middlewares/Third_Party/FreeRTOS/Source/CMSIS_RTOS_V2/cmsis_os2.c ****     rflags = xEventGroupSetBits (hEventGroup, (EventBits_t)flags);
 5638              		.loc 1 1054 5 is_stmt 1 view .LVU1556
 5639              		.loc 1 1054 14 is_stmt 0 view .LVU1557
 5640 0056 2146     		mov	r1, r4
 5641              	.LVL491:
 5642              		.loc 1 1054 14 view .LVU1558
 5643 0058 1846     		mov	r0, r3
 5644              	.LVL492:
 5645              		.loc 1 1054 14 view .LVU1559
 5646 005a FFF7FEFF 		bl	xEventGroupSetBits
 5647              	.LVL493:
 5648              		.loc 1 1054 14 view .LVU1560
 5649 005e 04E0     		b	.L452
 5650              	.LVL494:
 5651              	.L456:
 5652              	.LCFI77:
 5653              		.cfi_def_cfa_offset 0
ARM GAS  C:\Users\31005\AppData\Local\Temp\ccDX7XtF.s 			page 152


 5654              		.cfi_restore 4
 5655              		.cfi_restore 14
1041:Middlewares/Third_Party/FreeRTOS/Source/CMSIS_RTOS_V2/cmsis_os2.c ****   }
 5656              		.loc 1 1041 12 view .LVU1561
 5657 0060 6FF00300 		mvn	r0, #3
 5658              	.LVL495:
1055:Middlewares/Third_Party/FreeRTOS/Source/CMSIS_RTOS_V2/cmsis_os2.c ****   }
1056:Middlewares/Third_Party/FreeRTOS/Source/CMSIS_RTOS_V2/cmsis_os2.c **** 
1057:Middlewares/Third_Party/FreeRTOS/Source/CMSIS_RTOS_V2/cmsis_os2.c ****   return (rflags);
1058:Middlewares/Third_Party/FreeRTOS/Source/CMSIS_RTOS_V2/cmsis_os2.c **** }
 5659              		.loc 1 1058 1 view .LVU1562
 5660 0064 7047     		bx	lr
 5661              	.LVL496:
 5662              	.L457:
 5663              	.LCFI78:
 5664              		.cfi_def_cfa_offset 16
 5665              		.cfi_offset 4, -8
 5666              		.cfi_offset 14, -4
1041:Middlewares/Third_Party/FreeRTOS/Source/CMSIS_RTOS_V2/cmsis_os2.c ****   }
 5667              		.loc 1 1041 12 view .LVU1563
 5668 0066 6FF00300 		mvn	r0, #3
 5669              	.LVL497:
 5670              	.L452:
 5671              		.loc 1 1058 1 view .LVU1564
 5672 006a 02B0     		add	sp, sp, #8
 5673              	.LCFI79:
 5674              		.cfi_remember_state
 5675              		.cfi_def_cfa_offset 8
 5676              		@ sp needed
 5677 006c 10BD     		pop	{r4, pc}
 5678              	.LVL498:
 5679              	.L458:
 5680              	.LCFI80:
 5681              		.cfi_restore_state
1047:Middlewares/Third_Party/FreeRTOS/Source/CMSIS_RTOS_V2/cmsis_os2.c ****     } else {
 5682              		.loc 1 1047 14 view .LVU1565
 5683 006e 6FF00200 		mvn	r0, #2
 5684 0072 FAE7     		b	.L452
 5685              	.LVL499:
 5686              	.L459:
1049:Middlewares/Third_Party/FreeRTOS/Source/CMSIS_RTOS_V2/cmsis_os2.c ****       portYIELD_FROM_ISR (yield);
 5687              		.loc 1 1049 14 view .LVU1566
 5688 0074 2046     		mov	r0, r4
 5689              	.LVL500:
1057:Middlewares/Third_Party/FreeRTOS/Source/CMSIS_RTOS_V2/cmsis_os2.c **** }
 5690              		.loc 1 1057 3 is_stmt 1 view .LVU1567
1057:Middlewares/Third_Party/FreeRTOS/Source/CMSIS_RTOS_V2/cmsis_os2.c **** }
 5691              		.loc 1 1057 10 is_stmt 0 view .LVU1568
 5692 0076 F8E7     		b	.L452
 5693              	.L465:
 5694              		.align	2
 5695              	.L464:
 5696 0078 00000000 		.word	KernelState
 5697              		.cfi_endproc
 5698              	.LFE146:
 5700              		.section	.text.osEventFlagsClear,"ax",%progbits
 5701              		.align	1
ARM GAS  C:\Users\31005\AppData\Local\Temp\ccDX7XtF.s 			page 153


 5702              		.global	osEventFlagsClear
 5703              		.syntax unified
 5704              		.thumb
 5705              		.thumb_func
 5707              	osEventFlagsClear:
 5708              	.LVL501:
 5709              	.LFB147:
1059:Middlewares/Third_Party/FreeRTOS/Source/CMSIS_RTOS_V2/cmsis_os2.c **** 
1060:Middlewares/Third_Party/FreeRTOS/Source/CMSIS_RTOS_V2/cmsis_os2.c **** uint32_t osEventFlagsClear (osEventFlagsId_t ef_id, uint32_t flags) {
 5710              		.loc 1 1060 69 is_stmt 1 view -0
 5711              		.cfi_startproc
 5712              		@ args = 0, pretend = 0, frame = 0
 5713              		@ frame_needed = 0, uses_anonymous_args = 0
 5714              		.loc 1 1060 69 is_stmt 0 view .LVU1570
 5715 0000 70B5     		push	{r4, r5, r6, lr}
 5716              	.LCFI81:
 5717              		.cfi_def_cfa_offset 16
 5718              		.cfi_offset 4, -16
 5719              		.cfi_offset 5, -12
 5720              		.cfi_offset 6, -8
 5721              		.cfi_offset 14, -4
1061:Middlewares/Third_Party/FreeRTOS/Source/CMSIS_RTOS_V2/cmsis_os2.c ****   EventGroupHandle_t hEventGroup = (EventGroupHandle_t)ef_id;
 5722              		.loc 1 1061 3 is_stmt 1 view .LVU1571
 5723              	.LVL502:
1062:Middlewares/Third_Party/FreeRTOS/Source/CMSIS_RTOS_V2/cmsis_os2.c ****   uint32_t rflags;
 5724              		.loc 1 1062 3 view .LVU1572
1063:Middlewares/Third_Party/FreeRTOS/Source/CMSIS_RTOS_V2/cmsis_os2.c **** 
1064:Middlewares/Third_Party/FreeRTOS/Source/CMSIS_RTOS_V2/cmsis_os2.c ****   if ((hEventGroup == NULL) || ((flags & EVENT_FLAGS_INVALID_BITS) != 0U)) {
 5725              		.loc 1 1064 3 view .LVU1573
 5726              		.loc 1 1064 6 is_stmt 0 view .LVU1574
 5727 0002 18B3     		cbz	r0, .L470
 5728 0004 0C46     		mov	r4, r1
 5729 0006 0646     		mov	r6, r0
 5730              		.loc 1 1064 29 discriminator 1 view .LVU1575
 5731 0008 B1F1807F 		cmp	r1, #16777216
 5732 000c 21D2     		bcs	.L471
1065:Middlewares/Third_Party/FreeRTOS/Source/CMSIS_RTOS_V2/cmsis_os2.c ****     rflags = (uint32_t)osErrorParameter;
1066:Middlewares/Third_Party/FreeRTOS/Source/CMSIS_RTOS_V2/cmsis_os2.c ****   }
1067:Middlewares/Third_Party/FreeRTOS/Source/CMSIS_RTOS_V2/cmsis_os2.c ****   else if (IS_IRQ()) {
 5733              		.loc 1 1067 8 is_stmt 1 view .LVU1576
 5734              	.LBB536:
 5735              	.LBI536:
 205:Drivers/CMSIS/Include/cmsis_gcc.h **** {
 5736              		.loc 2 205 31 view .LVU1577
 5737              	.LBB537:
 207:Drivers/CMSIS/Include/cmsis_gcc.h **** 
 5738              		.loc 2 207 3 view .LVU1578
 209:Drivers/CMSIS/Include/cmsis_gcc.h ****   return(result);
 5739              		.loc 2 209 3 view .LVU1579
 5740              		.syntax unified
 5741              	@ 209 "Drivers/CMSIS/Include/cmsis_gcc.h" 1
 5742 000e EFF30583 		MRS r3, ipsr
 5743              	@ 0 "" 2
 5744              	.LVL503:
 210:Drivers/CMSIS/Include/cmsis_gcc.h **** }
 5745              		.loc 2 210 3 view .LVU1580
 210:Drivers/CMSIS/Include/cmsis_gcc.h **** }
ARM GAS  C:\Users\31005\AppData\Local\Temp\ccDX7XtF.s 			page 154


 5746              		.loc 2 210 3 is_stmt 0 view .LVU1581
 5747              		.thumb
 5748              		.syntax unified
 5749              	.LBE537:
 5750              	.LBE536:
 5751              		.loc 1 1067 11 view .LVU1582
 5752 0012 4BB9     		cbnz	r3, .L468
 5753              	.LBB538:
 5754              	.LBI538:
 382:Drivers/CMSIS/Include/cmsis_gcc.h **** {
 5755              		.loc 2 382 31 is_stmt 1 view .LVU1583
 5756              	.LBB539:
 384:Drivers/CMSIS/Include/cmsis_gcc.h **** 
 5757              		.loc 2 384 3 view .LVU1584
 386:Drivers/CMSIS/Include/cmsis_gcc.h ****   return(result);
 5758              		.loc 2 386 3 view .LVU1585
 5759              		.syntax unified
 5760              	@ 386 "Drivers/CMSIS/Include/cmsis_gcc.h" 1
 5761 0014 EFF31083 		MRS r3, primask
 5762              	@ 0 "" 2
 5763              	.LVL504:
 387:Drivers/CMSIS/Include/cmsis_gcc.h **** }
 5764              		.loc 2 387 3 view .LVU1586
 387:Drivers/CMSIS/Include/cmsis_gcc.h **** }
 5765              		.loc 2 387 3 is_stmt 0 view .LVU1587
 5766              		.thumb
 5767              		.syntax unified
 5768              	.LBE539:
 5769              	.LBE538:
 5770              		.loc 1 1067 12 view .LVU1588
 5771 0018 33B9     		cbnz	r3, .L468
 5772              		.loc 1 1067 12 discriminator 2 view .LVU1589
 5773 001a 104B     		ldr	r3, .L474
 5774 001c 1B68     		ldr	r3, [r3]
 5775 001e 022B     		cmp	r3, #2
 5776 0020 0ED1     		bne	.L469
 5777              	.LBB540:
 5778              	.LBI540:
 461:Drivers/CMSIS/Include/cmsis_gcc.h **** {
 5779              		.loc 2 461 31 is_stmt 1 view .LVU1590
 5780              	.LBB541:
 463:Drivers/CMSIS/Include/cmsis_gcc.h **** 
 5781              		.loc 2 463 3 view .LVU1591
 465:Drivers/CMSIS/Include/cmsis_gcc.h ****   return(result);
 5782              		.loc 2 465 3 view .LVU1592
 5783              		.syntax unified
 5784              	@ 465 "Drivers/CMSIS/Include/cmsis_gcc.h" 1
 5785 0022 EFF31183 		MRS r3, basepri
 5786              	@ 0 "" 2
 5787              	.LVL505:
 5788              		.loc 2 466 3 view .LVU1593
 5789              		.loc 2 466 3 is_stmt 0 view .LVU1594
 5790              		.thumb
 5791              		.syntax unified
 5792              	.LBE541:
 5793              	.LBE540:
 5794              		.loc 1 1067 12 view .LVU1595
ARM GAS  C:\Users\31005\AppData\Local\Temp\ccDX7XtF.s 			page 155


 5795 0026 5BB1     		cbz	r3, .L469
 5796              	.L468:
1068:Middlewares/Third_Party/FreeRTOS/Source/CMSIS_RTOS_V2/cmsis_os2.c ****     rflags = xEventGroupGetBitsFromISR (hEventGroup);
 5797              		.loc 1 1068 5 is_stmt 1 view .LVU1596
 5798              		.loc 1 1068 14 is_stmt 0 view .LVU1597
 5799 0028 3046     		mov	r0, r6
 5800              	.LVL506:
 5801              		.loc 1 1068 14 view .LVU1598
 5802 002a FFF7FEFF 		bl	xEventGroupGetBitsFromISR
 5803              	.LVL507:
 5804              		.loc 1 1068 14 view .LVU1599
 5805 002e 0546     		mov	r5, r0
 5806              	.LVL508:
1069:Middlewares/Third_Party/FreeRTOS/Source/CMSIS_RTOS_V2/cmsis_os2.c **** 
1070:Middlewares/Third_Party/FreeRTOS/Source/CMSIS_RTOS_V2/cmsis_os2.c ****     if (xEventGroupClearBitsFromISR (hEventGroup, (EventBits_t)flags) == pdFAIL) {
 5807              		.loc 1 1070 5 is_stmt 1 view .LVU1600
 5808              		.loc 1 1070 9 is_stmt 0 view .LVU1601
 5809 0030 2146     		mov	r1, r4
 5810 0032 3046     		mov	r0, r6
 5811              	.LVL509:
 5812              		.loc 1 1070 9 view .LVU1602
 5813 0034 FFF7FEFF 		bl	xEventGroupClearBitsFromISR
 5814              	.LVL510:
 5815              		.loc 1 1070 8 view .LVU1603
 5816 0038 68B9     		cbnz	r0, .L466
1071:Middlewares/Third_Party/FreeRTOS/Source/CMSIS_RTOS_V2/cmsis_os2.c ****       rflags = (uint32_t)osErrorResource;
 5817              		.loc 1 1071 14 view .LVU1604
 5818 003a 6FF00205 		mvn	r5, #2
 5819              	.LVL511:
1072:Middlewares/Third_Party/FreeRTOS/Source/CMSIS_RTOS_V2/cmsis_os2.c ****     }
1073:Middlewares/Third_Party/FreeRTOS/Source/CMSIS_RTOS_V2/cmsis_os2.c ****   }
1074:Middlewares/Third_Party/FreeRTOS/Source/CMSIS_RTOS_V2/cmsis_os2.c ****   else {
1075:Middlewares/Third_Party/FreeRTOS/Source/CMSIS_RTOS_V2/cmsis_os2.c ****     rflags = xEventGroupClearBits (hEventGroup, (EventBits_t)flags);
1076:Middlewares/Third_Party/FreeRTOS/Source/CMSIS_RTOS_V2/cmsis_os2.c ****   }
1077:Middlewares/Third_Party/FreeRTOS/Source/CMSIS_RTOS_V2/cmsis_os2.c **** 
1078:Middlewares/Third_Party/FreeRTOS/Source/CMSIS_RTOS_V2/cmsis_os2.c ****   return (rflags);
 5820              		.loc 1 1078 3 is_stmt 1 view .LVU1605
 5821              		.loc 1 1078 10 is_stmt 0 view .LVU1606
 5822 003e 0AE0     		b	.L466
 5823              	.LVL512:
 5824              	.L469:
1075:Middlewares/Third_Party/FreeRTOS/Source/CMSIS_RTOS_V2/cmsis_os2.c ****   }
 5825              		.loc 1 1075 5 is_stmt 1 view .LVU1607
1075:Middlewares/Third_Party/FreeRTOS/Source/CMSIS_RTOS_V2/cmsis_os2.c ****   }
 5826              		.loc 1 1075 14 is_stmt 0 view .LVU1608
 5827 0040 2146     		mov	r1, r4
 5828              	.LVL513:
1075:Middlewares/Third_Party/FreeRTOS/Source/CMSIS_RTOS_V2/cmsis_os2.c ****   }
 5829              		.loc 1 1075 14 view .LVU1609
 5830 0042 3046     		mov	r0, r6
 5831              	.LVL514:
1075:Middlewares/Third_Party/FreeRTOS/Source/CMSIS_RTOS_V2/cmsis_os2.c ****   }
 5832              		.loc 1 1075 14 view .LVU1610
 5833 0044 FFF7FEFF 		bl	xEventGroupClearBits
 5834              	.LVL515:
 5835 0048 0546     		mov	r5, r0
 5836              	.LVL516:
ARM GAS  C:\Users\31005\AppData\Local\Temp\ccDX7XtF.s 			page 156


1075:Middlewares/Third_Party/FreeRTOS/Source/CMSIS_RTOS_V2/cmsis_os2.c ****   }
 5837              		.loc 1 1075 14 view .LVU1611
 5838 004a 04E0     		b	.L466
 5839              	.LVL517:
 5840              	.L470:
1065:Middlewares/Third_Party/FreeRTOS/Source/CMSIS_RTOS_V2/cmsis_os2.c ****   }
 5841              		.loc 1 1065 12 view .LVU1612
 5842 004c 6FF00305 		mvn	r5, #3
 5843 0050 01E0     		b	.L466
 5844              	.L471:
1065:Middlewares/Third_Party/FreeRTOS/Source/CMSIS_RTOS_V2/cmsis_os2.c ****   }
 5845              		.loc 1 1065 12 view .LVU1613
 5846 0052 6FF00305 		mvn	r5, #3
 5847              	.LVL518:
 5848              	.L466:
1079:Middlewares/Third_Party/FreeRTOS/Source/CMSIS_RTOS_V2/cmsis_os2.c **** }
 5849              		.loc 1 1079 1 view .LVU1614
 5850 0056 2846     		mov	r0, r5
 5851 0058 70BD     		pop	{r4, r5, r6, pc}
 5852              	.L475:
 5853 005a 00BF     		.align	2
 5854              	.L474:
 5855 005c 00000000 		.word	KernelState
 5856              		.cfi_endproc
 5857              	.LFE147:
 5859              		.section	.text.osEventFlagsGet,"ax",%progbits
 5860              		.align	1
 5861              		.global	osEventFlagsGet
 5862              		.syntax unified
 5863              		.thumb
 5864              		.thumb_func
 5866              	osEventFlagsGet:
 5867              	.LVL519:
 5868              	.LFB148:
1080:Middlewares/Third_Party/FreeRTOS/Source/CMSIS_RTOS_V2/cmsis_os2.c **** 
1081:Middlewares/Third_Party/FreeRTOS/Source/CMSIS_RTOS_V2/cmsis_os2.c **** uint32_t osEventFlagsGet (osEventFlagsId_t ef_id) {
 5869              		.loc 1 1081 51 is_stmt 1 view -0
 5870              		.cfi_startproc
 5871              		@ args = 0, pretend = 0, frame = 0
 5872              		@ frame_needed = 0, uses_anonymous_args = 0
1082:Middlewares/Third_Party/FreeRTOS/Source/CMSIS_RTOS_V2/cmsis_os2.c ****   EventGroupHandle_t hEventGroup = (EventGroupHandle_t)ef_id;
 5873              		.loc 1 1082 3 view .LVU1616
1083:Middlewares/Third_Party/FreeRTOS/Source/CMSIS_RTOS_V2/cmsis_os2.c ****   uint32_t rflags;
 5874              		.loc 1 1083 3 view .LVU1617
1084:Middlewares/Third_Party/FreeRTOS/Source/CMSIS_RTOS_V2/cmsis_os2.c **** 
1085:Middlewares/Third_Party/FreeRTOS/Source/CMSIS_RTOS_V2/cmsis_os2.c ****   if (ef_id == NULL) {
 5875              		.loc 1 1085 3 view .LVU1618
 5876              		.loc 1 1085 6 is_stmt 0 view .LVU1619
 5877 0000 B8B1     		cbz	r0, .L480
1081:Middlewares/Third_Party/FreeRTOS/Source/CMSIS_RTOS_V2/cmsis_os2.c ****   EventGroupHandle_t hEventGroup = (EventGroupHandle_t)ef_id;
 5878              		.loc 1 1081 51 view .LVU1620
 5879 0002 08B5     		push	{r3, lr}
 5880              	.LCFI82:
 5881              		.cfi_def_cfa_offset 8
 5882              		.cfi_offset 3, -8
 5883              		.cfi_offset 14, -4
 5884 0004 0346     		mov	r3, r0
ARM GAS  C:\Users\31005\AppData\Local\Temp\ccDX7XtF.s 			page 157


1086:Middlewares/Third_Party/FreeRTOS/Source/CMSIS_RTOS_V2/cmsis_os2.c ****     rflags = 0U;
1087:Middlewares/Third_Party/FreeRTOS/Source/CMSIS_RTOS_V2/cmsis_os2.c ****   }
1088:Middlewares/Third_Party/FreeRTOS/Source/CMSIS_RTOS_V2/cmsis_os2.c ****   else if (IS_IRQ()) {
 5885              		.loc 1 1088 8 is_stmt 1 view .LVU1621
 5886              	.LBB542:
 5887              	.LBI542:
 205:Drivers/CMSIS/Include/cmsis_gcc.h **** {
 5888              		.loc 2 205 31 view .LVU1622
 5889              	.LBB543:
 207:Drivers/CMSIS/Include/cmsis_gcc.h **** 
 5890              		.loc 2 207 3 view .LVU1623
 209:Drivers/CMSIS/Include/cmsis_gcc.h ****   return(result);
 5891              		.loc 2 209 3 view .LVU1624
 5892              		.syntax unified
 5893              	@ 209 "Drivers/CMSIS/Include/cmsis_gcc.h" 1
 5894 0006 EFF30582 		MRS r2, ipsr
 5895              	@ 0 "" 2
 5896              	.LVL520:
 210:Drivers/CMSIS/Include/cmsis_gcc.h **** }
 5897              		.loc 2 210 3 view .LVU1625
 210:Drivers/CMSIS/Include/cmsis_gcc.h **** }
 5898              		.loc 2 210 3 is_stmt 0 view .LVU1626
 5899              		.thumb
 5900              		.syntax unified
 5901              	.LBE543:
 5902              	.LBE542:
 5903              		.loc 1 1088 11 view .LVU1627
 5904 000a 4AB9     		cbnz	r2, .L478
 5905              	.LBB544:
 5906              	.LBI544:
 382:Drivers/CMSIS/Include/cmsis_gcc.h **** {
 5907              		.loc 2 382 31 is_stmt 1 view .LVU1628
 5908              	.LBB545:
 384:Drivers/CMSIS/Include/cmsis_gcc.h **** 
 5909              		.loc 2 384 3 view .LVU1629
 386:Drivers/CMSIS/Include/cmsis_gcc.h ****   return(result);
 5910              		.loc 2 386 3 view .LVU1630
 5911              		.syntax unified
 5912              	@ 386 "Drivers/CMSIS/Include/cmsis_gcc.h" 1
 5913 000c EFF31082 		MRS r2, primask
 5914              	@ 0 "" 2
 5915              	.LVL521:
 387:Drivers/CMSIS/Include/cmsis_gcc.h **** }
 5916              		.loc 2 387 3 view .LVU1631
 387:Drivers/CMSIS/Include/cmsis_gcc.h **** }
 5917              		.loc 2 387 3 is_stmt 0 view .LVU1632
 5918              		.thumb
 5919              		.syntax unified
 5920              	.LBE545:
 5921              	.LBE544:
 5922              		.loc 1 1088 12 view .LVU1633
 5923 0010 32B9     		cbnz	r2, .L478
 5924              		.loc 1 1088 12 discriminator 2 view .LVU1634
 5925 0012 094A     		ldr	r2, .L485
 5926 0014 1268     		ldr	r2, [r2]
 5927 0016 022A     		cmp	r2, #2
 5928 0018 06D1     		bne	.L479
ARM GAS  C:\Users\31005\AppData\Local\Temp\ccDX7XtF.s 			page 158


 5929              	.LBB546:
 5930              	.LBI546:
 461:Drivers/CMSIS/Include/cmsis_gcc.h **** {
 5931              		.loc 2 461 31 is_stmt 1 view .LVU1635
 5932              	.LBB547:
 463:Drivers/CMSIS/Include/cmsis_gcc.h **** 
 5933              		.loc 2 463 3 view .LVU1636
 465:Drivers/CMSIS/Include/cmsis_gcc.h ****   return(result);
 5934              		.loc 2 465 3 view .LVU1637
 5935              		.syntax unified
 5936              	@ 465 "Drivers/CMSIS/Include/cmsis_gcc.h" 1
 5937 001a EFF31182 		MRS r2, basepri
 5938              	@ 0 "" 2
 5939              	.LVL522:
 5940              		.loc 2 466 3 view .LVU1638
 5941              		.loc 2 466 3 is_stmt 0 view .LVU1639
 5942              		.thumb
 5943              		.syntax unified
 5944              	.LBE547:
 5945              	.LBE546:
 5946              		.loc 1 1088 12 view .LVU1640
 5947 001e 1AB1     		cbz	r2, .L479
 5948              	.L478:
1089:Middlewares/Third_Party/FreeRTOS/Source/CMSIS_RTOS_V2/cmsis_os2.c ****     rflags = xEventGroupGetBitsFromISR (hEventGroup);
 5949              		.loc 1 1089 5 is_stmt 1 view .LVU1641
 5950              		.loc 1 1089 14 is_stmt 0 view .LVU1642
 5951 0020 1846     		mov	r0, r3
 5952              	.LVL523:
 5953              		.loc 1 1089 14 view .LVU1643
 5954 0022 FFF7FEFF 		bl	xEventGroupGetBitsFromISR
 5955              	.LVL524:
 5956              	.L476:
1090:Middlewares/Third_Party/FreeRTOS/Source/CMSIS_RTOS_V2/cmsis_os2.c ****   }
1091:Middlewares/Third_Party/FreeRTOS/Source/CMSIS_RTOS_V2/cmsis_os2.c ****   else {
1092:Middlewares/Third_Party/FreeRTOS/Source/CMSIS_RTOS_V2/cmsis_os2.c ****     rflags = xEventGroupGetBits (hEventGroup);
1093:Middlewares/Third_Party/FreeRTOS/Source/CMSIS_RTOS_V2/cmsis_os2.c ****   }
1094:Middlewares/Third_Party/FreeRTOS/Source/CMSIS_RTOS_V2/cmsis_os2.c **** 
1095:Middlewares/Third_Party/FreeRTOS/Source/CMSIS_RTOS_V2/cmsis_os2.c ****   return (rflags);
1096:Middlewares/Third_Party/FreeRTOS/Source/CMSIS_RTOS_V2/cmsis_os2.c **** }
 5957              		.loc 1 1096 1 view .LVU1644
 5958 0026 08BD     		pop	{r3, pc}
 5959              	.LVL525:
 5960              	.L479:
1092:Middlewares/Third_Party/FreeRTOS/Source/CMSIS_RTOS_V2/cmsis_os2.c ****   }
 5961              		.loc 1 1092 5 is_stmt 1 view .LVU1645
1092:Middlewares/Third_Party/FreeRTOS/Source/CMSIS_RTOS_V2/cmsis_os2.c ****   }
 5962              		.loc 1 1092 14 is_stmt 0 view .LVU1646
 5963 0028 0021     		movs	r1, #0
 5964 002a 1846     		mov	r0, r3
 5965              	.LVL526:
1092:Middlewares/Third_Party/FreeRTOS/Source/CMSIS_RTOS_V2/cmsis_os2.c ****   }
 5966              		.loc 1 1092 14 view .LVU1647
 5967 002c FFF7FEFF 		bl	xEventGroupClearBits
 5968              	.LVL527:
1092:Middlewares/Third_Party/FreeRTOS/Source/CMSIS_RTOS_V2/cmsis_os2.c ****   }
 5969              		.loc 1 1092 14 view .LVU1648
 5970 0030 F9E7     		b	.L476
ARM GAS  C:\Users\31005\AppData\Local\Temp\ccDX7XtF.s 			page 159


 5971              	.LVL528:
 5972              	.L480:
 5973              	.LCFI83:
 5974              		.cfi_def_cfa_offset 0
 5975              		.cfi_restore 3
 5976              		.cfi_restore 14
1086:Middlewares/Third_Party/FreeRTOS/Source/CMSIS_RTOS_V2/cmsis_os2.c ****   }
 5977              		.loc 1 1086 12 view .LVU1649
 5978 0032 0020     		movs	r0, #0
 5979              	.LVL529:
1095:Middlewares/Third_Party/FreeRTOS/Source/CMSIS_RTOS_V2/cmsis_os2.c **** }
 5980              		.loc 1 1095 3 is_stmt 1 view .LVU1650
 5981              		.loc 1 1096 1 is_stmt 0 view .LVU1651
 5982 0034 7047     		bx	lr
 5983              	.L486:
 5984 0036 00BF     		.align	2
 5985              	.L485:
 5986 0038 00000000 		.word	KernelState
 5987              		.cfi_endproc
 5988              	.LFE148:
 5990              		.section	.text.osEventFlagsWait,"ax",%progbits
 5991              		.align	1
 5992              		.global	osEventFlagsWait
 5993              		.syntax unified
 5994              		.thumb
 5995              		.thumb_func
 5997              	osEventFlagsWait:
 5998              	.LVL530:
 5999              	.LFB149:
1097:Middlewares/Third_Party/FreeRTOS/Source/CMSIS_RTOS_V2/cmsis_os2.c **** 
1098:Middlewares/Third_Party/FreeRTOS/Source/CMSIS_RTOS_V2/cmsis_os2.c **** uint32_t osEventFlagsWait (osEventFlagsId_t ef_id, uint32_t flags, uint32_t options, uint32_t timeo
 6000              		.loc 1 1098 104 is_stmt 1 view -0
 6001              		.cfi_startproc
 6002              		@ args = 0, pretend = 0, frame = 0
 6003              		@ frame_needed = 0, uses_anonymous_args = 0
1099:Middlewares/Third_Party/FreeRTOS/Source/CMSIS_RTOS_V2/cmsis_os2.c ****   EventGroupHandle_t hEventGroup = (EventGroupHandle_t)ef_id;
 6004              		.loc 1 1099 3 view .LVU1653
1100:Middlewares/Third_Party/FreeRTOS/Source/CMSIS_RTOS_V2/cmsis_os2.c ****   BaseType_t wait_all;
 6005              		.loc 1 1100 3 view .LVU1654
1101:Middlewares/Third_Party/FreeRTOS/Source/CMSIS_RTOS_V2/cmsis_os2.c ****   BaseType_t exit_clr;
 6006              		.loc 1 1101 3 view .LVU1655
1102:Middlewares/Third_Party/FreeRTOS/Source/CMSIS_RTOS_V2/cmsis_os2.c ****   uint32_t rflags;
 6007              		.loc 1 1102 3 view .LVU1656
1103:Middlewares/Third_Party/FreeRTOS/Source/CMSIS_RTOS_V2/cmsis_os2.c **** 
1104:Middlewares/Third_Party/FreeRTOS/Source/CMSIS_RTOS_V2/cmsis_os2.c ****   if ((hEventGroup == NULL) || ((flags & EVENT_FLAGS_INVALID_BITS) != 0U)) {
 6008              		.loc 1 1104 3 view .LVU1657
 6009              		.loc 1 1104 6 is_stmt 0 view .LVU1658
 6010 0000 B0B3     		cbz	r0, .L493
1098:Middlewares/Third_Party/FreeRTOS/Source/CMSIS_RTOS_V2/cmsis_os2.c ****   EventGroupHandle_t hEventGroup = (EventGroupHandle_t)ef_id;
 6011              		.loc 1 1098 104 discriminator 1 view .LVU1659
 6012 0002 70B5     		push	{r4, r5, r6, lr}
 6013              	.LCFI84:
 6014              		.cfi_def_cfa_offset 16
 6015              		.cfi_offset 4, -16
 6016              		.cfi_offset 5, -12
 6017              		.cfi_offset 6, -8
 6018              		.cfi_offset 14, -4
ARM GAS  C:\Users\31005\AppData\Local\Temp\ccDX7XtF.s 			page 160


 6019 0004 82B0     		sub	sp, sp, #8
 6020              	.LCFI85:
 6021              		.cfi_def_cfa_offset 24
 6022 0006 0C46     		mov	r4, r1
 6023 0008 1D46     		mov	r5, r3
 6024 000a 8446     		mov	ip, r0
 6025              		.loc 1 1104 29 discriminator 1 view .LVU1660
 6026 000c B1F1807F 		cmp	r1, #16777216
 6027 0010 31D2     		bcs	.L494
1105:Middlewares/Third_Party/FreeRTOS/Source/CMSIS_RTOS_V2/cmsis_os2.c ****     rflags = (uint32_t)osErrorParameter;
1106:Middlewares/Third_Party/FreeRTOS/Source/CMSIS_RTOS_V2/cmsis_os2.c ****   }
1107:Middlewares/Third_Party/FreeRTOS/Source/CMSIS_RTOS_V2/cmsis_os2.c ****   else if (IS_IRQ()) {
 6028              		.loc 1 1107 8 is_stmt 1 view .LVU1661
 6029              	.LBB548:
 6030              	.LBI548:
 205:Drivers/CMSIS/Include/cmsis_gcc.h **** {
 6031              		.loc 2 205 31 view .LVU1662
 6032              	.LBB549:
 207:Drivers/CMSIS/Include/cmsis_gcc.h **** 
 6033              		.loc 2 207 3 view .LVU1663
 209:Drivers/CMSIS/Include/cmsis_gcc.h ****   return(result);
 6034              		.loc 2 209 3 view .LVU1664
 6035              		.syntax unified
 6036              	@ 209 "Drivers/CMSIS/Include/cmsis_gcc.h" 1
 6037 0012 EFF30583 		MRS r3, ipsr
 6038              	@ 0 "" 2
 6039              	.LVL531:
 210:Drivers/CMSIS/Include/cmsis_gcc.h **** }
 6040              		.loc 2 210 3 view .LVU1665
 210:Drivers/CMSIS/Include/cmsis_gcc.h **** }
 6041              		.loc 2 210 3 is_stmt 0 view .LVU1666
 6042              		.thumb
 6043              		.syntax unified
 6044              	.LBE549:
 6045              	.LBE548:
 6046              		.loc 1 1107 11 view .LVU1667
 6047 0016 93BB     		cbnz	r3, .L495
 6048              	.LBB550:
 6049              	.LBI550:
 382:Drivers/CMSIS/Include/cmsis_gcc.h **** {
 6050              		.loc 2 382 31 is_stmt 1 view .LVU1668
 6051              	.LBB551:
 384:Drivers/CMSIS/Include/cmsis_gcc.h **** 
 6052              		.loc 2 384 3 view .LVU1669
 386:Drivers/CMSIS/Include/cmsis_gcc.h ****   return(result);
 6053              		.loc 2 386 3 view .LVU1670
 6054              		.syntax unified
 6055              	@ 386 "Drivers/CMSIS/Include/cmsis_gcc.h" 1
 6056 0018 EFF31083 		MRS r3, primask
 6057              	@ 0 "" 2
 6058              	.LVL532:
 387:Drivers/CMSIS/Include/cmsis_gcc.h **** }
 6059              		.loc 2 387 3 view .LVU1671
 387:Drivers/CMSIS/Include/cmsis_gcc.h **** }
 6060              		.loc 2 387 3 is_stmt 0 view .LVU1672
 6061              		.thumb
 6062              		.syntax unified
ARM GAS  C:\Users\31005\AppData\Local\Temp\ccDX7XtF.s 			page 161


 6063              	.LBE551:
 6064              	.LBE550:
 6065              		.loc 1 1107 12 view .LVU1673
 6066 001c 93BB     		cbnz	r3, .L496
 6067              		.loc 1 1107 12 discriminator 2 view .LVU1674
 6068 001e 1E4B     		ldr	r3, .L507
 6069 0020 1B68     		ldr	r3, [r3]
 6070 0022 022B     		cmp	r3, #2
 6071 0024 13D0     		beq	.L506
 6072              	.L489:
1108:Middlewares/Third_Party/FreeRTOS/Source/CMSIS_RTOS_V2/cmsis_os2.c ****     rflags = (uint32_t)osErrorISR;
1109:Middlewares/Third_Party/FreeRTOS/Source/CMSIS_RTOS_V2/cmsis_os2.c ****   }
1110:Middlewares/Third_Party/FreeRTOS/Source/CMSIS_RTOS_V2/cmsis_os2.c ****   else {
1111:Middlewares/Third_Party/FreeRTOS/Source/CMSIS_RTOS_V2/cmsis_os2.c ****     if (options & osFlagsWaitAll) {
 6073              		.loc 1 1111 5 is_stmt 1 view .LVU1675
 6074              		.loc 1 1111 8 is_stmt 0 view .LVU1676
 6075 0026 12F00106 		ands	r6, r2, #1
 6076 002a 17D0     		beq	.L498
1112:Middlewares/Third_Party/FreeRTOS/Source/CMSIS_RTOS_V2/cmsis_os2.c ****       wait_all = pdTRUE;
 6077              		.loc 1 1112 16 view .LVU1677
 6078 002c 0123     		movs	r3, #1
 6079              	.L490:
 6080              	.LVL533:
1113:Middlewares/Third_Party/FreeRTOS/Source/CMSIS_RTOS_V2/cmsis_os2.c ****     } else {
1114:Middlewares/Third_Party/FreeRTOS/Source/CMSIS_RTOS_V2/cmsis_os2.c ****       wait_all = pdFAIL;
1115:Middlewares/Third_Party/FreeRTOS/Source/CMSIS_RTOS_V2/cmsis_os2.c ****     }
1116:Middlewares/Third_Party/FreeRTOS/Source/CMSIS_RTOS_V2/cmsis_os2.c **** 
1117:Middlewares/Third_Party/FreeRTOS/Source/CMSIS_RTOS_V2/cmsis_os2.c ****     if (options & osFlagsNoClear) {
 6081              		.loc 1 1117 5 is_stmt 1 view .LVU1678
 6082              		.loc 1 1117 8 is_stmt 0 view .LVU1679
 6083 002e 12F0020F 		tst	r2, #2
 6084 0032 15D0     		beq	.L499
1118:Middlewares/Third_Party/FreeRTOS/Source/CMSIS_RTOS_V2/cmsis_os2.c ****       exit_clr = pdFAIL;
 6085              		.loc 1 1118 16 view .LVU1680
 6086 0034 0022     		movs	r2, #0
 6087              	.LVL534:
 6088              	.L491:
1119:Middlewares/Third_Party/FreeRTOS/Source/CMSIS_RTOS_V2/cmsis_os2.c ****     } else {
1120:Middlewares/Third_Party/FreeRTOS/Source/CMSIS_RTOS_V2/cmsis_os2.c ****       exit_clr = pdTRUE;
1121:Middlewares/Third_Party/FreeRTOS/Source/CMSIS_RTOS_V2/cmsis_os2.c ****     }
1122:Middlewares/Third_Party/FreeRTOS/Source/CMSIS_RTOS_V2/cmsis_os2.c **** 
1123:Middlewares/Third_Party/FreeRTOS/Source/CMSIS_RTOS_V2/cmsis_os2.c ****     rflags = xEventGroupWaitBits (hEventGroup, (EventBits_t)flags, exit_clr, wait_all, (TickType_t)
 6089              		.loc 1 1123 5 is_stmt 1 view .LVU1681
 6090              		.loc 1 1123 14 is_stmt 0 view .LVU1682
 6091 0036 0095     		str	r5, [sp]
 6092 0038 2146     		mov	r1, r4
 6093              	.LVL535:
 6094              		.loc 1 1123 14 view .LVU1683
 6095 003a 6046     		mov	r0, ip
 6096              	.LVL536:
 6097              		.loc 1 1123 14 view .LVU1684
 6098 003c FFF7FEFF 		bl	xEventGroupWaitBits
 6099              	.LVL537:
1124:Middlewares/Third_Party/FreeRTOS/Source/CMSIS_RTOS_V2/cmsis_os2.c **** 
1125:Middlewares/Third_Party/FreeRTOS/Source/CMSIS_RTOS_V2/cmsis_os2.c ****     if (options & osFlagsWaitAll) {
 6100              		.loc 1 1125 5 is_stmt 1 view .LVU1685
 6101              		.loc 1 1125 8 is_stmt 0 view .LVU1686
ARM GAS  C:\Users\31005\AppData\Local\Temp\ccDX7XtF.s 			page 162


 6102 0040 86B1     		cbz	r6, .L492
1126:Middlewares/Third_Party/FreeRTOS/Source/CMSIS_RTOS_V2/cmsis_os2.c ****       if (flags != rflags) {
 6103              		.loc 1 1126 7 is_stmt 1 view .LVU1687
 6104              		.loc 1 1126 10 is_stmt 0 view .LVU1688
 6105 0042 8442     		cmp	r4, r0
 6106 0044 19D0     		beq	.L487
1127:Middlewares/Third_Party/FreeRTOS/Source/CMSIS_RTOS_V2/cmsis_os2.c ****         if (timeout > 0U) {
 6107              		.loc 1 1127 9 is_stmt 1 view .LVU1689
 6108              		.loc 1 1127 12 is_stmt 0 view .LVU1690
 6109 0046 05B3     		cbz	r5, .L500
1128:Middlewares/Third_Party/FreeRTOS/Source/CMSIS_RTOS_V2/cmsis_os2.c ****           rflags = (uint32_t)osErrorTimeout;
 6110              		.loc 1 1128 18 view .LVU1691
 6111 0048 6FF00100 		mvn	r0, #1
 6112              	.LVL538:
 6113              		.loc 1 1128 18 view .LVU1692
 6114 004c 15E0     		b	.L487
 6115              	.LVL539:
 6116              	.L506:
 6117              	.LBB552:
 6118              	.LBI552:
 461:Drivers/CMSIS/Include/cmsis_gcc.h **** {
 6119              		.loc 2 461 31 is_stmt 1 view .LVU1693
 6120              	.LBB553:
 463:Drivers/CMSIS/Include/cmsis_gcc.h **** 
 6121              		.loc 2 463 3 view .LVU1694
 465:Drivers/CMSIS/Include/cmsis_gcc.h ****   return(result);
 6122              		.loc 2 465 3 view .LVU1695
 6123              		.syntax unified
 6124              	@ 465 "Drivers/CMSIS/Include/cmsis_gcc.h" 1
 6125 004e EFF31183 		MRS r3, basepri
 6126              	@ 0 "" 2
 6127              	.LVL540:
 6128              		.loc 2 466 3 view .LVU1696
 6129              		.loc 2 466 3 is_stmt 0 view .LVU1697
 6130              		.thumb
 6131              		.syntax unified
 6132              	.LBE553:
 6133              	.LBE552:
1107:Middlewares/Third_Party/FreeRTOS/Source/CMSIS_RTOS_V2/cmsis_os2.c ****     rflags = (uint32_t)osErrorISR;
 6134              		.loc 1 1107 12 view .LVU1698
 6135 0052 002B     		cmp	r3, #0
 6136 0054 E7D0     		beq	.L489
1108:Middlewares/Third_Party/FreeRTOS/Source/CMSIS_RTOS_V2/cmsis_os2.c ****   }
 6137              		.loc 1 1108 12 view .LVU1699
 6138 0056 6FF00500 		mvn	r0, #5
 6139              	.LVL541:
1108:Middlewares/Third_Party/FreeRTOS/Source/CMSIS_RTOS_V2/cmsis_os2.c ****   }
 6140              		.loc 1 1108 12 view .LVU1700
 6141 005a 0EE0     		b	.L487
 6142              	.LVL542:
 6143              	.L498:
1114:Middlewares/Third_Party/FreeRTOS/Source/CMSIS_RTOS_V2/cmsis_os2.c ****     }
 6144              		.loc 1 1114 16 view .LVU1701
 6145 005c 0023     		movs	r3, #0
 6146 005e E6E7     		b	.L490
 6147              	.LVL543:
 6148              	.L499:
ARM GAS  C:\Users\31005\AppData\Local\Temp\ccDX7XtF.s 			page 163


1120:Middlewares/Third_Party/FreeRTOS/Source/CMSIS_RTOS_V2/cmsis_os2.c ****     }
 6149              		.loc 1 1120 16 view .LVU1702
 6150 0060 0122     		movs	r2, #1
 6151              	.LVL544:
1120:Middlewares/Third_Party/FreeRTOS/Source/CMSIS_RTOS_V2/cmsis_os2.c ****     }
 6152              		.loc 1 1120 16 view .LVU1703
 6153 0062 E8E7     		b	.L491
 6154              	.LVL545:
 6155              	.L492:
1129:Middlewares/Third_Party/FreeRTOS/Source/CMSIS_RTOS_V2/cmsis_os2.c ****         } else {
1130:Middlewares/Third_Party/FreeRTOS/Source/CMSIS_RTOS_V2/cmsis_os2.c ****           rflags = (uint32_t)osErrorResource;
1131:Middlewares/Third_Party/FreeRTOS/Source/CMSIS_RTOS_V2/cmsis_os2.c ****         }
1132:Middlewares/Third_Party/FreeRTOS/Source/CMSIS_RTOS_V2/cmsis_os2.c ****       }
1133:Middlewares/Third_Party/FreeRTOS/Source/CMSIS_RTOS_V2/cmsis_os2.c ****     }
1134:Middlewares/Third_Party/FreeRTOS/Source/CMSIS_RTOS_V2/cmsis_os2.c ****     else {
1135:Middlewares/Third_Party/FreeRTOS/Source/CMSIS_RTOS_V2/cmsis_os2.c ****       if ((flags & rflags) == 0U) {
 6156              		.loc 1 1135 7 is_stmt 1 view .LVU1704
 6157              		.loc 1 1135 10 is_stmt 0 view .LVU1705
 6158 0064 0442     		tst	r4, r0
 6159 0066 08D1     		bne	.L487
1136:Middlewares/Third_Party/FreeRTOS/Source/CMSIS_RTOS_V2/cmsis_os2.c ****         if (timeout > 0U) {
 6160              		.loc 1 1136 9 is_stmt 1 view .LVU1706
 6161              		.loc 1 1136 12 is_stmt 0 view .LVU1707
 6162 0068 95B1     		cbz	r5, .L501
1137:Middlewares/Third_Party/FreeRTOS/Source/CMSIS_RTOS_V2/cmsis_os2.c ****           rflags = (uint32_t)osErrorTimeout;
 6163              		.loc 1 1137 18 view .LVU1708
 6164 006a 6FF00100 		mvn	r0, #1
 6165              	.LVL546:
 6166              		.loc 1 1137 18 view .LVU1709
 6167 006e 04E0     		b	.L487
 6168              	.LVL547:
 6169              	.L493:
 6170              	.LCFI86:
 6171              		.cfi_def_cfa_offset 0
 6172              		.cfi_restore 4
 6173              		.cfi_restore 5
 6174              		.cfi_restore 6
 6175              		.cfi_restore 14
1105:Middlewares/Third_Party/FreeRTOS/Source/CMSIS_RTOS_V2/cmsis_os2.c ****   }
 6176              		.loc 1 1105 12 view .LVU1710
 6177 0070 6FF00300 		mvn	r0, #3
 6178              	.LVL548:
1138:Middlewares/Third_Party/FreeRTOS/Source/CMSIS_RTOS_V2/cmsis_os2.c ****         } else {
1139:Middlewares/Third_Party/FreeRTOS/Source/CMSIS_RTOS_V2/cmsis_os2.c ****           rflags = (uint32_t)osErrorResource;
1140:Middlewares/Third_Party/FreeRTOS/Source/CMSIS_RTOS_V2/cmsis_os2.c ****         }
1141:Middlewares/Third_Party/FreeRTOS/Source/CMSIS_RTOS_V2/cmsis_os2.c ****       }
1142:Middlewares/Third_Party/FreeRTOS/Source/CMSIS_RTOS_V2/cmsis_os2.c ****     }
1143:Middlewares/Third_Party/FreeRTOS/Source/CMSIS_RTOS_V2/cmsis_os2.c ****   }
1144:Middlewares/Third_Party/FreeRTOS/Source/CMSIS_RTOS_V2/cmsis_os2.c **** 
1145:Middlewares/Third_Party/FreeRTOS/Source/CMSIS_RTOS_V2/cmsis_os2.c ****   return (rflags);
1146:Middlewares/Third_Party/FreeRTOS/Source/CMSIS_RTOS_V2/cmsis_os2.c **** }
 6179              		.loc 1 1146 1 view .LVU1711
 6180 0074 7047     		bx	lr
 6181              	.LVL549:
 6182              	.L494:
 6183              	.LCFI87:
 6184              		.cfi_def_cfa_offset 24
ARM GAS  C:\Users\31005\AppData\Local\Temp\ccDX7XtF.s 			page 164


 6185              		.cfi_offset 4, -16
 6186              		.cfi_offset 5, -12
 6187              		.cfi_offset 6, -8
 6188              		.cfi_offset 14, -4
1105:Middlewares/Third_Party/FreeRTOS/Source/CMSIS_RTOS_V2/cmsis_os2.c ****   }
 6189              		.loc 1 1105 12 view .LVU1712
 6190 0076 6FF00300 		mvn	r0, #3
 6191              	.LVL550:
 6192              	.L487:
 6193              		.loc 1 1146 1 view .LVU1713
 6194 007a 02B0     		add	sp, sp, #8
 6195              	.LCFI88:
 6196              		.cfi_remember_state
 6197              		.cfi_def_cfa_offset 16
 6198              		@ sp needed
 6199 007c 70BD     		pop	{r4, r5, r6, pc}
 6200              	.LVL551:
 6201              	.L495:
 6202              	.LCFI89:
 6203              		.cfi_restore_state
1108:Middlewares/Third_Party/FreeRTOS/Source/CMSIS_RTOS_V2/cmsis_os2.c ****   }
 6204              		.loc 1 1108 12 view .LVU1714
 6205 007e 6FF00500 		mvn	r0, #5
 6206              	.LVL552:
1108:Middlewares/Third_Party/FreeRTOS/Source/CMSIS_RTOS_V2/cmsis_os2.c ****   }
 6207              		.loc 1 1108 12 view .LVU1715
 6208 0082 FAE7     		b	.L487
 6209              	.LVL553:
 6210              	.L496:
1108:Middlewares/Third_Party/FreeRTOS/Source/CMSIS_RTOS_V2/cmsis_os2.c ****   }
 6211              		.loc 1 1108 12 view .LVU1716
 6212 0084 6FF00500 		mvn	r0, #5
 6213              	.LVL554:
1108:Middlewares/Third_Party/FreeRTOS/Source/CMSIS_RTOS_V2/cmsis_os2.c ****   }
 6214              		.loc 1 1108 12 view .LVU1717
 6215 0088 F7E7     		b	.L487
 6216              	.LVL555:
 6217              	.L500:
1130:Middlewares/Third_Party/FreeRTOS/Source/CMSIS_RTOS_V2/cmsis_os2.c ****         }
 6218              		.loc 1 1130 18 view .LVU1718
 6219 008a 6FF00200 		mvn	r0, #2
 6220              	.LVL556:
1130:Middlewares/Third_Party/FreeRTOS/Source/CMSIS_RTOS_V2/cmsis_os2.c ****         }
 6221              		.loc 1 1130 18 view .LVU1719
 6222 008e F4E7     		b	.L487
 6223              	.LVL557:
 6224              	.L501:
1139:Middlewares/Third_Party/FreeRTOS/Source/CMSIS_RTOS_V2/cmsis_os2.c ****         }
 6225              		.loc 1 1139 18 view .LVU1720
 6226 0090 6FF00200 		mvn	r0, #2
 6227              	.LVL558:
1145:Middlewares/Third_Party/FreeRTOS/Source/CMSIS_RTOS_V2/cmsis_os2.c **** }
 6228              		.loc 1 1145 3 is_stmt 1 view .LVU1721
1145:Middlewares/Third_Party/FreeRTOS/Source/CMSIS_RTOS_V2/cmsis_os2.c **** }
 6229              		.loc 1 1145 10 is_stmt 0 view .LVU1722
 6230 0094 F1E7     		b	.L487
 6231              	.L508:
ARM GAS  C:\Users\31005\AppData\Local\Temp\ccDX7XtF.s 			page 165


 6232 0096 00BF     		.align	2
 6233              	.L507:
 6234 0098 00000000 		.word	KernelState
 6235              		.cfi_endproc
 6236              	.LFE149:
 6238              		.section	.text.osEventFlagsDelete,"ax",%progbits
 6239              		.align	1
 6240              		.global	osEventFlagsDelete
 6241              		.syntax unified
 6242              		.thumb
 6243              		.thumb_func
 6245              	osEventFlagsDelete:
 6246              	.LVL559:
 6247              	.LFB150:
1147:Middlewares/Third_Party/FreeRTOS/Source/CMSIS_RTOS_V2/cmsis_os2.c **** 
1148:Middlewares/Third_Party/FreeRTOS/Source/CMSIS_RTOS_V2/cmsis_os2.c **** osStatus_t osEventFlagsDelete (osEventFlagsId_t ef_id) {
 6248              		.loc 1 1148 56 is_stmt 1 view -0
 6249              		.cfi_startproc
 6250              		@ args = 0, pretend = 0, frame = 0
 6251              		@ frame_needed = 0, uses_anonymous_args = 0
 6252              		.loc 1 1148 56 is_stmt 0 view .LVU1724
 6253 0000 08B5     		push	{r3, lr}
 6254              	.LCFI90:
 6255              		.cfi_def_cfa_offset 8
 6256              		.cfi_offset 3, -8
 6257              		.cfi_offset 14, -4
1149:Middlewares/Third_Party/FreeRTOS/Source/CMSIS_RTOS_V2/cmsis_os2.c ****   EventGroupHandle_t hEventGroup = (EventGroupHandle_t)ef_id;
 6258              		.loc 1 1149 3 is_stmt 1 view .LVU1725
 6259              	.LVL560:
1150:Middlewares/Third_Party/FreeRTOS/Source/CMSIS_RTOS_V2/cmsis_os2.c ****   osStatus_t stat;
 6260              		.loc 1 1150 3 view .LVU1726
1151:Middlewares/Third_Party/FreeRTOS/Source/CMSIS_RTOS_V2/cmsis_os2.c **** 
1152:Middlewares/Third_Party/FreeRTOS/Source/CMSIS_RTOS_V2/cmsis_os2.c **** #ifndef USE_FreeRTOS_HEAP_1
1153:Middlewares/Third_Party/FreeRTOS/Source/CMSIS_RTOS_V2/cmsis_os2.c ****   if (IS_IRQ()) {
 6261              		.loc 1 1153 3 view .LVU1727
 6262              	.LBB554:
 6263              	.LBI554:
 205:Drivers/CMSIS/Include/cmsis_gcc.h **** {
 6264              		.loc 2 205 31 view .LVU1728
 6265              	.LBB555:
 207:Drivers/CMSIS/Include/cmsis_gcc.h **** 
 6266              		.loc 2 207 3 view .LVU1729
 209:Drivers/CMSIS/Include/cmsis_gcc.h ****   return(result);
 6267              		.loc 2 209 3 view .LVU1730
 6268              		.syntax unified
 6269              	@ 209 "Drivers/CMSIS/Include/cmsis_gcc.h" 1
 6270 0002 EFF30583 		MRS r3, ipsr
 6271              	@ 0 "" 2
 6272              	.LVL561:
 210:Drivers/CMSIS/Include/cmsis_gcc.h **** }
 6273              		.loc 2 210 3 view .LVU1731
 210:Drivers/CMSIS/Include/cmsis_gcc.h **** }
 6274              		.loc 2 210 3 is_stmt 0 view .LVU1732
 6275              		.thumb
 6276              		.syntax unified
 6277              	.LBE555:
 6278              	.LBE554:
ARM GAS  C:\Users\31005\AppData\Local\Temp\ccDX7XtF.s 			page 166


 6279              		.loc 1 1153 6 view .LVU1733
 6280 0006 93B9     		cbnz	r3, .L512
 6281              	.LBB556:
 6282              	.LBI556:
 382:Drivers/CMSIS/Include/cmsis_gcc.h **** {
 6283              		.loc 2 382 31 is_stmt 1 view .LVU1734
 6284              	.LBB557:
 384:Drivers/CMSIS/Include/cmsis_gcc.h **** 
 6285              		.loc 2 384 3 view .LVU1735
 386:Drivers/CMSIS/Include/cmsis_gcc.h ****   return(result);
 6286              		.loc 2 386 3 view .LVU1736
 6287              		.syntax unified
 6288              	@ 386 "Drivers/CMSIS/Include/cmsis_gcc.h" 1
 6289 0008 EFF31083 		MRS r3, primask
 6290              	@ 0 "" 2
 6291              	.LVL562:
 387:Drivers/CMSIS/Include/cmsis_gcc.h **** }
 6292              		.loc 2 387 3 view .LVU1737
 387:Drivers/CMSIS/Include/cmsis_gcc.h **** }
 6293              		.loc 2 387 3 is_stmt 0 view .LVU1738
 6294              		.thumb
 6295              		.syntax unified
 6296              	.LBE557:
 6297              	.LBE556:
 6298              		.loc 1 1153 7 view .LVU1739
 6299 000c 93B9     		cbnz	r3, .L513
 6300              		.loc 1 1153 7 discriminator 2 view .LVU1740
 6301 000e 0C4B     		ldr	r3, .L518
 6302 0010 1B68     		ldr	r3, [r3]
 6303 0012 022B     		cmp	r3, #2
 6304 0014 04D0     		beq	.L517
 6305              	.L511:
1154:Middlewares/Third_Party/FreeRTOS/Source/CMSIS_RTOS_V2/cmsis_os2.c ****     stat = osErrorISR;
1155:Middlewares/Third_Party/FreeRTOS/Source/CMSIS_RTOS_V2/cmsis_os2.c ****   }
1156:Middlewares/Third_Party/FreeRTOS/Source/CMSIS_RTOS_V2/cmsis_os2.c ****   else if (hEventGroup == NULL) {
 6306              		.loc 1 1156 8 is_stmt 1 view .LVU1741
 6307              		.loc 1 1156 11 is_stmt 0 view .LVU1742
 6308 0016 80B1     		cbz	r0, .L515
1157:Middlewares/Third_Party/FreeRTOS/Source/CMSIS_RTOS_V2/cmsis_os2.c ****     stat = osErrorParameter;
1158:Middlewares/Third_Party/FreeRTOS/Source/CMSIS_RTOS_V2/cmsis_os2.c ****   }
1159:Middlewares/Third_Party/FreeRTOS/Source/CMSIS_RTOS_V2/cmsis_os2.c ****   else {
1160:Middlewares/Third_Party/FreeRTOS/Source/CMSIS_RTOS_V2/cmsis_os2.c ****     stat = osOK;
 6309              		.loc 1 1160 5 is_stmt 1 view .LVU1743
 6310              	.LVL563:
1161:Middlewares/Third_Party/FreeRTOS/Source/CMSIS_RTOS_V2/cmsis_os2.c ****     vEventGroupDelete (hEventGroup);
 6311              		.loc 1 1161 5 view .LVU1744
 6312 0018 FFF7FEFF 		bl	vEventGroupDelete
 6313              	.LVL564:
1160:Middlewares/Third_Party/FreeRTOS/Source/CMSIS_RTOS_V2/cmsis_os2.c ****     vEventGroupDelete (hEventGroup);
 6314              		.loc 1 1160 10 is_stmt 0 view .LVU1745
 6315 001c 0020     		movs	r0, #0
 6316              	.LVL565:
 6317              	.L509:
1162:Middlewares/Third_Party/FreeRTOS/Source/CMSIS_RTOS_V2/cmsis_os2.c ****   }
1163:Middlewares/Third_Party/FreeRTOS/Source/CMSIS_RTOS_V2/cmsis_os2.c **** #else
1164:Middlewares/Third_Party/FreeRTOS/Source/CMSIS_RTOS_V2/cmsis_os2.c ****   stat = osError;
1165:Middlewares/Third_Party/FreeRTOS/Source/CMSIS_RTOS_V2/cmsis_os2.c **** #endif
ARM GAS  C:\Users\31005\AppData\Local\Temp\ccDX7XtF.s 			page 167


1166:Middlewares/Third_Party/FreeRTOS/Source/CMSIS_RTOS_V2/cmsis_os2.c **** 
1167:Middlewares/Third_Party/FreeRTOS/Source/CMSIS_RTOS_V2/cmsis_os2.c ****   return (stat);
1168:Middlewares/Third_Party/FreeRTOS/Source/CMSIS_RTOS_V2/cmsis_os2.c **** }
 6318              		.loc 1 1168 1 view .LVU1746
 6319 001e 08BD     		pop	{r3, pc}
 6320              	.LVL566:
 6321              	.L517:
 6322              	.LBB558:
 6323              	.LBI558:
 461:Drivers/CMSIS/Include/cmsis_gcc.h **** {
 6324              		.loc 2 461 31 is_stmt 1 view .LVU1747
 6325              	.LBB559:
 463:Drivers/CMSIS/Include/cmsis_gcc.h **** 
 6326              		.loc 2 463 3 view .LVU1748
 465:Drivers/CMSIS/Include/cmsis_gcc.h ****   return(result);
 6327              		.loc 2 465 3 view .LVU1749
 6328              		.syntax unified
 6329              	@ 465 "Drivers/CMSIS/Include/cmsis_gcc.h" 1
 6330 0020 EFF31183 		MRS r3, basepri
 6331              	@ 0 "" 2
 6332              	.LVL567:
 6333              		.loc 2 466 3 view .LVU1750
 6334              		.loc 2 466 3 is_stmt 0 view .LVU1751
 6335              		.thumb
 6336              		.syntax unified
 6337              	.LBE559:
 6338              	.LBE558:
1153:Middlewares/Third_Party/FreeRTOS/Source/CMSIS_RTOS_V2/cmsis_os2.c ****     stat = osErrorISR;
 6339              		.loc 1 1153 7 view .LVU1752
 6340 0024 002B     		cmp	r3, #0
 6341 0026 F6D0     		beq	.L511
1154:Middlewares/Third_Party/FreeRTOS/Source/CMSIS_RTOS_V2/cmsis_os2.c ****   }
 6342              		.loc 1 1154 10 view .LVU1753
 6343 0028 6FF00500 		mvn	r0, #5
 6344              	.LVL568:
1154:Middlewares/Third_Party/FreeRTOS/Source/CMSIS_RTOS_V2/cmsis_os2.c ****   }
 6345              		.loc 1 1154 10 view .LVU1754
 6346 002c F7E7     		b	.L509
 6347              	.LVL569:
 6348              	.L512:
1154:Middlewares/Third_Party/FreeRTOS/Source/CMSIS_RTOS_V2/cmsis_os2.c ****   }
 6349              		.loc 1 1154 10 view .LVU1755
 6350 002e 6FF00500 		mvn	r0, #5
 6351              	.LVL570:
1154:Middlewares/Third_Party/FreeRTOS/Source/CMSIS_RTOS_V2/cmsis_os2.c ****   }
 6352              		.loc 1 1154 10 view .LVU1756
 6353 0032 F4E7     		b	.L509
 6354              	.LVL571:
 6355              	.L513:
1154:Middlewares/Third_Party/FreeRTOS/Source/CMSIS_RTOS_V2/cmsis_os2.c ****   }
 6356              		.loc 1 1154 10 view .LVU1757
 6357 0034 6FF00500 		mvn	r0, #5
 6358              	.LVL572:
1154:Middlewares/Third_Party/FreeRTOS/Source/CMSIS_RTOS_V2/cmsis_os2.c ****   }
 6359              		.loc 1 1154 10 view .LVU1758
 6360 0038 F1E7     		b	.L509
 6361              	.LVL573:
ARM GAS  C:\Users\31005\AppData\Local\Temp\ccDX7XtF.s 			page 168


 6362              	.L515:
1157:Middlewares/Third_Party/FreeRTOS/Source/CMSIS_RTOS_V2/cmsis_os2.c ****   }
 6363              		.loc 1 1157 10 view .LVU1759
 6364 003a 6FF00300 		mvn	r0, #3
 6365              	.LVL574:
1167:Middlewares/Third_Party/FreeRTOS/Source/CMSIS_RTOS_V2/cmsis_os2.c **** }
 6366              		.loc 1 1167 3 is_stmt 1 view .LVU1760
1167:Middlewares/Third_Party/FreeRTOS/Source/CMSIS_RTOS_V2/cmsis_os2.c **** }
 6367              		.loc 1 1167 10 is_stmt 0 view .LVU1761
 6368 003e EEE7     		b	.L509
 6369              	.L519:
 6370              		.align	2
 6371              	.L518:
 6372 0040 00000000 		.word	KernelState
 6373              		.cfi_endproc
 6374              	.LFE150:
 6376              		.section	.text.osMutexNew,"ax",%progbits
 6377              		.align	1
 6378              		.global	osMutexNew
 6379              		.syntax unified
 6380              		.thumb
 6381              		.thumb_func
 6383              	osMutexNew:
 6384              	.LVL575:
 6385              	.LFB151:
1169:Middlewares/Third_Party/FreeRTOS/Source/CMSIS_RTOS_V2/cmsis_os2.c **** 
1170:Middlewares/Third_Party/FreeRTOS/Source/CMSIS_RTOS_V2/cmsis_os2.c **** /*---------------------------------------------------------------------------*/
1171:Middlewares/Third_Party/FreeRTOS/Source/CMSIS_RTOS_V2/cmsis_os2.c **** 
1172:Middlewares/Third_Party/FreeRTOS/Source/CMSIS_RTOS_V2/cmsis_os2.c **** osMutexId_t osMutexNew (const osMutexAttr_t *attr) {
 6386              		.loc 1 1172 52 is_stmt 1 view -0
 6387              		.cfi_startproc
 6388              		@ args = 0, pretend = 0, frame = 0
 6389              		@ frame_needed = 0, uses_anonymous_args = 0
 6390              		.loc 1 1172 52 is_stmt 0 view .LVU1763
 6391 0000 70B5     		push	{r4, r5, r6, lr}
 6392              	.LCFI91:
 6393              		.cfi_def_cfa_offset 16
 6394              		.cfi_offset 4, -16
 6395              		.cfi_offset 5, -12
 6396              		.cfi_offset 6, -8
 6397              		.cfi_offset 14, -4
1173:Middlewares/Third_Party/FreeRTOS/Source/CMSIS_RTOS_V2/cmsis_os2.c ****   SemaphoreHandle_t hMutex;
 6398              		.loc 1 1173 3 is_stmt 1 view .LVU1764
1174:Middlewares/Third_Party/FreeRTOS/Source/CMSIS_RTOS_V2/cmsis_os2.c ****   uint32_t type;
 6399              		.loc 1 1174 3 view .LVU1765
1175:Middlewares/Third_Party/FreeRTOS/Source/CMSIS_RTOS_V2/cmsis_os2.c ****   uint32_t rmtx;
 6400              		.loc 1 1175 3 view .LVU1766
1176:Middlewares/Third_Party/FreeRTOS/Source/CMSIS_RTOS_V2/cmsis_os2.c ****   int32_t  mem;
 6401              		.loc 1 1176 3 view .LVU1767
1177:Middlewares/Third_Party/FreeRTOS/Source/CMSIS_RTOS_V2/cmsis_os2.c ****   #if (configQUEUE_REGISTRY_SIZE > 0)
1178:Middlewares/Third_Party/FreeRTOS/Source/CMSIS_RTOS_V2/cmsis_os2.c ****   const char *name;
 6402              		.loc 1 1178 3 view .LVU1768
1179:Middlewares/Third_Party/FreeRTOS/Source/CMSIS_RTOS_V2/cmsis_os2.c ****   #endif
1180:Middlewares/Third_Party/FreeRTOS/Source/CMSIS_RTOS_V2/cmsis_os2.c **** 
1181:Middlewares/Third_Party/FreeRTOS/Source/CMSIS_RTOS_V2/cmsis_os2.c ****   hMutex = NULL;
 6403              		.loc 1 1181 3 view .LVU1769
 6404              	.LVL576:
ARM GAS  C:\Users\31005\AppData\Local\Temp\ccDX7XtF.s 			page 169


1182:Middlewares/Third_Party/FreeRTOS/Source/CMSIS_RTOS_V2/cmsis_os2.c **** 
1183:Middlewares/Third_Party/FreeRTOS/Source/CMSIS_RTOS_V2/cmsis_os2.c ****   if (!IS_IRQ()) {
 6405              		.loc 1 1183 3 view .LVU1770
 6406              	.LBB560:
 6407              	.LBI560:
 205:Drivers/CMSIS/Include/cmsis_gcc.h **** {
 6408              		.loc 2 205 31 view .LVU1771
 6409              	.LBB561:
 207:Drivers/CMSIS/Include/cmsis_gcc.h **** 
 6410              		.loc 2 207 3 view .LVU1772
 209:Drivers/CMSIS/Include/cmsis_gcc.h ****   return(result);
 6411              		.loc 2 209 3 view .LVU1773
 6412              		.syntax unified
 6413              	@ 209 "Drivers/CMSIS/Include/cmsis_gcc.h" 1
 6414 0002 EFF30583 		MRS r3, ipsr
 6415              	@ 0 "" 2
 6416              	.LVL577:
 210:Drivers/CMSIS/Include/cmsis_gcc.h **** }
 6417              		.loc 2 210 3 view .LVU1774
 210:Drivers/CMSIS/Include/cmsis_gcc.h **** }
 6418              		.loc 2 210 3 is_stmt 0 view .LVU1775
 6419              		.thumb
 6420              		.syntax unified
 6421              	.LBE561:
 6422              	.LBE560:
 6423              		.loc 1 1183 6 view .LVU1776
 6424 0006 002B     		cmp	r3, #0
 6425 0008 4BD1     		bne	.L532
 6426 000a 0446     		mov	r4, r0
 6427              	.LBB562:
 6428              	.LBI562:
 382:Drivers/CMSIS/Include/cmsis_gcc.h **** {
 6429              		.loc 2 382 31 is_stmt 1 view .LVU1777
 6430              	.LBB563:
 384:Drivers/CMSIS/Include/cmsis_gcc.h **** 
 6431              		.loc 2 384 3 view .LVU1778
 386:Drivers/CMSIS/Include/cmsis_gcc.h ****   return(result);
 6432              		.loc 2 386 3 view .LVU1779
 6433              		.syntax unified
 6434              	@ 386 "Drivers/CMSIS/Include/cmsis_gcc.h" 1
 6435 000c EFF31082 		MRS r2, primask
 6436              	@ 0 "" 2
 6437              		.thumb
 6438              		.syntax unified
 6439 0010 1346     		mov	r3, r2
 6440              	.LVL578:
 387:Drivers/CMSIS/Include/cmsis_gcc.h **** }
 6441              		.loc 2 387 3 view .LVU1780
 387:Drivers/CMSIS/Include/cmsis_gcc.h **** }
 6442              		.loc 2 387 3 is_stmt 0 view .LVU1781
 6443              	.LBE563:
 6444              	.LBE562:
 6445              		.loc 1 1183 7 view .LVU1782
 6446 0012 002A     		cmp	r2, #0
 6447 0014 48D1     		bne	.L533
 6448              		.loc 1 1183 8 discriminator 2 view .LVU1783
 6449 0016 274A     		ldr	r2, .L543
ARM GAS  C:\Users\31005\AppData\Local\Temp\ccDX7XtF.s 			page 170


 6450 0018 1268     		ldr	r2, [r2]
 6451 001a 022A     		cmp	r2, #2
 6452 001c 22D0     		beq	.L541
 6453              	.L522:
1184:Middlewares/Third_Party/FreeRTOS/Source/CMSIS_RTOS_V2/cmsis_os2.c ****     if (attr != NULL) {
 6454              		.loc 1 1184 5 is_stmt 1 view .LVU1784
 6455              		.loc 1 1184 8 is_stmt 0 view .LVU1785
 6456 001e 04B1     		cbz	r4, .L523
1185:Middlewares/Third_Party/FreeRTOS/Source/CMSIS_RTOS_V2/cmsis_os2.c ****       type = attr->attr_bits;
 6457              		.loc 1 1185 7 is_stmt 1 view .LVU1786
 6458              		.loc 1 1185 12 is_stmt 0 view .LVU1787
 6459 0020 6368     		ldr	r3, [r4, #4]
 6460              	.LVL579:
 6461              	.L523:
1186:Middlewares/Third_Party/FreeRTOS/Source/CMSIS_RTOS_V2/cmsis_os2.c ****     } else {
1187:Middlewares/Third_Party/FreeRTOS/Source/CMSIS_RTOS_V2/cmsis_os2.c ****       type = 0U;
1188:Middlewares/Third_Party/FreeRTOS/Source/CMSIS_RTOS_V2/cmsis_os2.c ****     }
1189:Middlewares/Third_Party/FreeRTOS/Source/CMSIS_RTOS_V2/cmsis_os2.c **** 
1190:Middlewares/Third_Party/FreeRTOS/Source/CMSIS_RTOS_V2/cmsis_os2.c ****     if ((type & osMutexRecursive) == osMutexRecursive) {
 6462              		.loc 1 1190 5 is_stmt 1 view .LVU1788
 6463              		.loc 1 1190 8 is_stmt 0 view .LVU1789
 6464 0022 13F00106 		ands	r6, r3, #1
 6465 0026 00D0     		beq	.L524
1191:Middlewares/Third_Party/FreeRTOS/Source/CMSIS_RTOS_V2/cmsis_os2.c ****       rmtx = 1U;
 6466              		.loc 1 1191 12 view .LVU1790
 6467 0028 0126     		movs	r6, #1
 6468              	.L524:
 6469              	.LVL580:
1192:Middlewares/Third_Party/FreeRTOS/Source/CMSIS_RTOS_V2/cmsis_os2.c ****     } else {
1193:Middlewares/Third_Party/FreeRTOS/Source/CMSIS_RTOS_V2/cmsis_os2.c ****       rmtx = 0U;
1194:Middlewares/Third_Party/FreeRTOS/Source/CMSIS_RTOS_V2/cmsis_os2.c ****     }
1195:Middlewares/Third_Party/FreeRTOS/Source/CMSIS_RTOS_V2/cmsis_os2.c **** 
1196:Middlewares/Third_Party/FreeRTOS/Source/CMSIS_RTOS_V2/cmsis_os2.c ****     if ((type & osMutexRobust) != osMutexRobust) {
 6470              		.loc 1 1196 5 is_stmt 1 view .LVU1791
 6471              		.loc 1 1196 8 is_stmt 0 view .LVU1792
 6472 002a 13F0080F 		tst	r3, #8
 6473 002e 3DD1     		bne	.L535
1197:Middlewares/Third_Party/FreeRTOS/Source/CMSIS_RTOS_V2/cmsis_os2.c ****       mem = -1;
 6474              		.loc 1 1197 7 is_stmt 1 view .LVU1793
 6475              	.LVL581:
1198:Middlewares/Third_Party/FreeRTOS/Source/CMSIS_RTOS_V2/cmsis_os2.c **** 
1199:Middlewares/Third_Party/FreeRTOS/Source/CMSIS_RTOS_V2/cmsis_os2.c ****       if (attr != NULL) {
 6476              		.loc 1 1199 7 view .LVU1794
 6477              		.loc 1 1199 10 is_stmt 0 view .LVU1795
 6478 0030 74B3     		cbz	r4, .L536
1200:Middlewares/Third_Party/FreeRTOS/Source/CMSIS_RTOS_V2/cmsis_os2.c ****         if ((attr->cb_mem != NULL) && (attr->cb_size >= sizeof(StaticSemaphore_t))) {
 6479              		.loc 1 1200 9 is_stmt 1 view .LVU1796
 6480              		.loc 1 1200 18 is_stmt 0 view .LVU1797
 6481 0032 A168     		ldr	r1, [r4, #8]
 6482              		.loc 1 1200 12 view .LVU1798
 6483 0034 11B1     		cbz	r1, .L526
 6484              		.loc 1 1200 44 discriminator 1 view .LVU1799
 6485 0036 E368     		ldr	r3, [r4, #12]
 6486              	.LVL582:
 6487              		.loc 1 1200 36 discriminator 1 view .LVU1800
 6488 0038 4F2B     		cmp	r3, #79
 6489 003a 1ED8     		bhi	.L527
ARM GAS  C:\Users\31005\AppData\Local\Temp\ccDX7XtF.s 			page 171


 6490              	.L526:
1201:Middlewares/Third_Party/FreeRTOS/Source/CMSIS_RTOS_V2/cmsis_os2.c ****           mem = 1;
1202:Middlewares/Third_Party/FreeRTOS/Source/CMSIS_RTOS_V2/cmsis_os2.c ****         }
1203:Middlewares/Third_Party/FreeRTOS/Source/CMSIS_RTOS_V2/cmsis_os2.c ****         else {
1204:Middlewares/Third_Party/FreeRTOS/Source/CMSIS_RTOS_V2/cmsis_os2.c ****           if ((attr->cb_mem == NULL) && (attr->cb_size == 0U)) {
 6491              		.loc 1 1204 11 is_stmt 1 view .LVU1801
 6492              		.loc 1 1204 14 is_stmt 0 view .LVU1802
 6493 003c C1B1     		cbz	r1, .L542
1197:Middlewares/Third_Party/FreeRTOS/Source/CMSIS_RTOS_V2/cmsis_os2.c **** 
 6494              		.loc 1 1197 11 view .LVU1803
 6495 003e 4FF0FF33 		mov	r3, #-1
 6496              	.L525:
 6497              	.LVL583:
1205:Middlewares/Third_Party/FreeRTOS/Source/CMSIS_RTOS_V2/cmsis_os2.c ****             mem = 0;
1206:Middlewares/Third_Party/FreeRTOS/Source/CMSIS_RTOS_V2/cmsis_os2.c ****           }
1207:Middlewares/Third_Party/FreeRTOS/Source/CMSIS_RTOS_V2/cmsis_os2.c ****         }
1208:Middlewares/Third_Party/FreeRTOS/Source/CMSIS_RTOS_V2/cmsis_os2.c ****       }
1209:Middlewares/Third_Party/FreeRTOS/Source/CMSIS_RTOS_V2/cmsis_os2.c ****       else {
1210:Middlewares/Third_Party/FreeRTOS/Source/CMSIS_RTOS_V2/cmsis_os2.c ****         mem = 0;
1211:Middlewares/Third_Party/FreeRTOS/Source/CMSIS_RTOS_V2/cmsis_os2.c ****       }
1212:Middlewares/Third_Party/FreeRTOS/Source/CMSIS_RTOS_V2/cmsis_os2.c **** 
1213:Middlewares/Third_Party/FreeRTOS/Source/CMSIS_RTOS_V2/cmsis_os2.c ****       if (mem == 1) {
1214:Middlewares/Third_Party/FreeRTOS/Source/CMSIS_RTOS_V2/cmsis_os2.c ****         if (rmtx != 0U) {
1215:Middlewares/Third_Party/FreeRTOS/Source/CMSIS_RTOS_V2/cmsis_os2.c ****           hMutex = xSemaphoreCreateRecursiveMutexStatic (attr->cb_mem);
1216:Middlewares/Third_Party/FreeRTOS/Source/CMSIS_RTOS_V2/cmsis_os2.c ****         }
1217:Middlewares/Third_Party/FreeRTOS/Source/CMSIS_RTOS_V2/cmsis_os2.c ****         else {
1218:Middlewares/Third_Party/FreeRTOS/Source/CMSIS_RTOS_V2/cmsis_os2.c ****           hMutex = xSemaphoreCreateMutexStatic (attr->cb_mem);
1219:Middlewares/Third_Party/FreeRTOS/Source/CMSIS_RTOS_V2/cmsis_os2.c ****         }
1220:Middlewares/Third_Party/FreeRTOS/Source/CMSIS_RTOS_V2/cmsis_os2.c ****       }
1221:Middlewares/Third_Party/FreeRTOS/Source/CMSIS_RTOS_V2/cmsis_os2.c ****       else {
1222:Middlewares/Third_Party/FreeRTOS/Source/CMSIS_RTOS_V2/cmsis_os2.c ****         if (mem == 0) {
 6498              		.loc 1 1222 9 is_stmt 1 view .LVU1804
 6499              		.loc 1 1222 12 is_stmt 0 view .LVU1805
 6500 0042 ABBB     		cbnz	r3, .L539
1223:Middlewares/Third_Party/FreeRTOS/Source/CMSIS_RTOS_V2/cmsis_os2.c ****           if (rmtx != 0U) {
 6501              		.loc 1 1223 11 is_stmt 1 view .LVU1806
 6502              		.loc 1 1223 14 is_stmt 0 view .LVU1807
 6503 0044 46B3     		cbz	r6, .L530
1224:Middlewares/Third_Party/FreeRTOS/Source/CMSIS_RTOS_V2/cmsis_os2.c ****             hMutex = xSemaphoreCreateRecursiveMutex ();
 6504              		.loc 1 1224 13 is_stmt 1 view .LVU1808
 6505              		.loc 1 1224 22 is_stmt 0 view .LVU1809
 6506 0046 0420     		movs	r0, #4
 6507              	.LVL584:
 6508              		.loc 1 1224 22 view .LVU1810
 6509 0048 FFF7FEFF 		bl	xQueueCreateMutex
 6510              	.LVL585:
 6511 004c 0546     		mov	r5, r0
 6512              	.LVL586:
 6513              	.L529:
1225:Middlewares/Third_Party/FreeRTOS/Source/CMSIS_RTOS_V2/cmsis_os2.c ****           } else {
1226:Middlewares/Third_Party/FreeRTOS/Source/CMSIS_RTOS_V2/cmsis_os2.c ****             hMutex = xSemaphoreCreateMutex ();
1227:Middlewares/Third_Party/FreeRTOS/Source/CMSIS_RTOS_V2/cmsis_os2.c ****           }
1228:Middlewares/Third_Party/FreeRTOS/Source/CMSIS_RTOS_V2/cmsis_os2.c ****         }
1229:Middlewares/Third_Party/FreeRTOS/Source/CMSIS_RTOS_V2/cmsis_os2.c ****       }
1230:Middlewares/Third_Party/FreeRTOS/Source/CMSIS_RTOS_V2/cmsis_os2.c **** 
1231:Middlewares/Third_Party/FreeRTOS/Source/CMSIS_RTOS_V2/cmsis_os2.c ****       #if (configQUEUE_REGISTRY_SIZE > 0)
1232:Middlewares/Third_Party/FreeRTOS/Source/CMSIS_RTOS_V2/cmsis_os2.c ****       if (hMutex != NULL) {
ARM GAS  C:\Users\31005\AppData\Local\Temp\ccDX7XtF.s 			page 172


 6514              		.loc 1 1232 7 is_stmt 1 view .LVU1811
 6515              		.loc 1 1232 10 is_stmt 0 view .LVU1812
 6516 004e 4DB3     		cbz	r5, .L520
1233:Middlewares/Third_Party/FreeRTOS/Source/CMSIS_RTOS_V2/cmsis_os2.c ****         if (attr != NULL) {
 6517              		.loc 1 1233 9 is_stmt 1 view .LVU1813
 6518              		.loc 1 1233 12 is_stmt 0 view .LVU1814
 6519 0050 04B1     		cbz	r4, .L531
1234:Middlewares/Third_Party/FreeRTOS/Source/CMSIS_RTOS_V2/cmsis_os2.c ****           name = attr->name;
 6520              		.loc 1 1234 11 is_stmt 1 view .LVU1815
 6521              		.loc 1 1234 16 is_stmt 0 view .LVU1816
 6522 0052 2468     		ldr	r4, [r4]
 6523              	.LVL587:
 6524              	.L531:
1235:Middlewares/Third_Party/FreeRTOS/Source/CMSIS_RTOS_V2/cmsis_os2.c ****         } else {
1236:Middlewares/Third_Party/FreeRTOS/Source/CMSIS_RTOS_V2/cmsis_os2.c ****           name = NULL;
1237:Middlewares/Third_Party/FreeRTOS/Source/CMSIS_RTOS_V2/cmsis_os2.c ****         }
1238:Middlewares/Third_Party/FreeRTOS/Source/CMSIS_RTOS_V2/cmsis_os2.c ****         vQueueAddToRegistry (hMutex, name);
 6525              		.loc 1 1238 9 is_stmt 1 view .LVU1817
 6526 0054 2146     		mov	r1, r4
 6527 0056 2846     		mov	r0, r5
 6528              	.LVL588:
 6529              		.loc 1 1238 9 is_stmt 0 view .LVU1818
 6530 0058 FFF7FEFF 		bl	vQueueAddToRegistry
 6531              	.LVL589:
1239:Middlewares/Third_Party/FreeRTOS/Source/CMSIS_RTOS_V2/cmsis_os2.c ****       }
1240:Middlewares/Third_Party/FreeRTOS/Source/CMSIS_RTOS_V2/cmsis_os2.c ****       #endif
1241:Middlewares/Third_Party/FreeRTOS/Source/CMSIS_RTOS_V2/cmsis_os2.c **** 
1242:Middlewares/Third_Party/FreeRTOS/Source/CMSIS_RTOS_V2/cmsis_os2.c ****       if ((hMutex != NULL) && (rmtx != 0U)) {
 6532              		.loc 1 1242 7 is_stmt 1 view .LVU1819
 6533              		.loc 1 1242 28 is_stmt 0 view .LVU1820
 6534 005c 16B3     		cbz	r6, .L520
1243:Middlewares/Third_Party/FreeRTOS/Source/CMSIS_RTOS_V2/cmsis_os2.c ****         hMutex = (SemaphoreHandle_t)((uint32_t)hMutex | 1U);
 6535              		.loc 1 1243 9 is_stmt 1 view .LVU1821
 6536              		.loc 1 1243 55 is_stmt 0 view .LVU1822
 6537 005e 45F00105 		orr	r5, r5, #1
 6538              	.LVL590:
 6539              		.loc 1 1243 55 view .LVU1823
 6540 0062 1FE0     		b	.L520
 6541              	.LVL591:
 6542              	.L541:
 6543              	.LBB564:
 6544              	.LBI564:
 461:Drivers/CMSIS/Include/cmsis_gcc.h **** {
 6545              		.loc 2 461 31 is_stmt 1 view .LVU1824
 6546              	.LBB565:
 463:Drivers/CMSIS/Include/cmsis_gcc.h **** 
 6547              		.loc 2 463 3 view .LVU1825
 465:Drivers/CMSIS/Include/cmsis_gcc.h ****   return(result);
 6548              		.loc 2 465 3 view .LVU1826
 6549              		.syntax unified
 6550              	@ 465 "Drivers/CMSIS/Include/cmsis_gcc.h" 1
 6551 0064 EFF31182 		MRS r2, basepri
 6552              	@ 0 "" 2
 6553              	.LVL592:
 6554              		.loc 2 466 3 view .LVU1827
 6555              		.loc 2 466 3 is_stmt 0 view .LVU1828
 6556              		.thumb
ARM GAS  C:\Users\31005\AppData\Local\Temp\ccDX7XtF.s 			page 173


 6557              		.syntax unified
 6558              	.LBE565:
 6559              	.LBE564:
1183:Middlewares/Third_Party/FreeRTOS/Source/CMSIS_RTOS_V2/cmsis_os2.c ****     if (attr != NULL) {
 6560              		.loc 1 1183 8 view .LVU1829
 6561 0068 002A     		cmp	r2, #0
 6562 006a D8D0     		beq	.L522
1181:Middlewares/Third_Party/FreeRTOS/Source/CMSIS_RTOS_V2/cmsis_os2.c **** 
 6563              		.loc 1 1181 10 view .LVU1830
 6564 006c 0025     		movs	r5, #0
 6565 006e 19E0     		b	.L520
 6566              	.LVL593:
 6567              	.L542:
1204:Middlewares/Third_Party/FreeRTOS/Source/CMSIS_RTOS_V2/cmsis_os2.c ****             mem = 0;
 6568              		.loc 1 1204 46 discriminator 1 view .LVU1831
 6569 0070 E368     		ldr	r3, [r4, #12]
1204:Middlewares/Third_Party/FreeRTOS/Source/CMSIS_RTOS_V2/cmsis_os2.c ****             mem = 0;
 6570              		.loc 1 1204 38 discriminator 1 view .LVU1832
 6571 0072 7BB1     		cbz	r3, .L538
1197:Middlewares/Third_Party/FreeRTOS/Source/CMSIS_RTOS_V2/cmsis_os2.c **** 
 6572              		.loc 1 1197 11 view .LVU1833
 6573 0074 4FF0FF33 		mov	r3, #-1
 6574 0078 E3E7     		b	.L525
 6575              	.L527:
 6576              	.LVL594:
1213:Middlewares/Third_Party/FreeRTOS/Source/CMSIS_RTOS_V2/cmsis_os2.c ****         if (rmtx != 0U) {
 6577              		.loc 1 1213 7 is_stmt 1 view .LVU1834
1214:Middlewares/Third_Party/FreeRTOS/Source/CMSIS_RTOS_V2/cmsis_os2.c ****           hMutex = xSemaphoreCreateRecursiveMutexStatic (attr->cb_mem);
 6578              		.loc 1 1214 9 view .LVU1835
1214:Middlewares/Third_Party/FreeRTOS/Source/CMSIS_RTOS_V2/cmsis_os2.c ****           hMutex = xSemaphoreCreateRecursiveMutexStatic (attr->cb_mem);
 6579              		.loc 1 1214 12 is_stmt 0 view .LVU1836
 6580 007a 26B1     		cbz	r6, .L528
1215:Middlewares/Third_Party/FreeRTOS/Source/CMSIS_RTOS_V2/cmsis_os2.c ****         }
 6581              		.loc 1 1215 11 is_stmt 1 view .LVU1837
1215:Middlewares/Third_Party/FreeRTOS/Source/CMSIS_RTOS_V2/cmsis_os2.c ****         }
 6582              		.loc 1 1215 20 is_stmt 0 view .LVU1838
 6583 007c 0420     		movs	r0, #4
 6584              	.LVL595:
1215:Middlewares/Third_Party/FreeRTOS/Source/CMSIS_RTOS_V2/cmsis_os2.c ****         }
 6585              		.loc 1 1215 20 view .LVU1839
 6586 007e FFF7FEFF 		bl	xQueueCreateMutexStatic
 6587              	.LVL596:
 6588 0082 0546     		mov	r5, r0
 6589              	.LVL597:
1215:Middlewares/Third_Party/FreeRTOS/Source/CMSIS_RTOS_V2/cmsis_os2.c ****         }
 6590              		.loc 1 1215 20 view .LVU1840
 6591 0084 E3E7     		b	.L529
 6592              	.LVL598:
 6593              	.L528:
1218:Middlewares/Third_Party/FreeRTOS/Source/CMSIS_RTOS_V2/cmsis_os2.c ****         }
 6594              		.loc 1 1218 11 is_stmt 1 view .LVU1841
1218:Middlewares/Third_Party/FreeRTOS/Source/CMSIS_RTOS_V2/cmsis_os2.c ****         }
 6595              		.loc 1 1218 20 is_stmt 0 view .LVU1842
 6596 0086 0120     		movs	r0, #1
 6597              	.LVL599:
1218:Middlewares/Third_Party/FreeRTOS/Source/CMSIS_RTOS_V2/cmsis_os2.c ****         }
 6598              		.loc 1 1218 20 view .LVU1843
ARM GAS  C:\Users\31005\AppData\Local\Temp\ccDX7XtF.s 			page 174


 6599 0088 FFF7FEFF 		bl	xQueueCreateMutexStatic
 6600              	.LVL600:
 6601 008c 0546     		mov	r5, r0
 6602              	.LVL601:
1218:Middlewares/Third_Party/FreeRTOS/Source/CMSIS_RTOS_V2/cmsis_os2.c ****         }
 6603              		.loc 1 1218 20 view .LVU1844
 6604 008e DEE7     		b	.L529
 6605              	.LVL602:
 6606              	.L536:
1210:Middlewares/Third_Party/FreeRTOS/Source/CMSIS_RTOS_V2/cmsis_os2.c ****       }
 6607              		.loc 1 1210 13 view .LVU1845
 6608 0090 0023     		movs	r3, #0
 6609              	.LVL603:
1210:Middlewares/Third_Party/FreeRTOS/Source/CMSIS_RTOS_V2/cmsis_os2.c ****       }
 6610              		.loc 1 1210 13 view .LVU1846
 6611 0092 D6E7     		b	.L525
 6612              	.L538:
1205:Middlewares/Third_Party/FreeRTOS/Source/CMSIS_RTOS_V2/cmsis_os2.c ****           }
 6613              		.loc 1 1205 17 view .LVU1847
 6614 0094 0023     		movs	r3, #0
 6615 0096 D4E7     		b	.L525
 6616              	.LVL604:
 6617              	.L530:
1226:Middlewares/Third_Party/FreeRTOS/Source/CMSIS_RTOS_V2/cmsis_os2.c ****           }
 6618              		.loc 1 1226 13 is_stmt 1 view .LVU1848
1226:Middlewares/Third_Party/FreeRTOS/Source/CMSIS_RTOS_V2/cmsis_os2.c ****           }
 6619              		.loc 1 1226 22 is_stmt 0 view .LVU1849
 6620 0098 0120     		movs	r0, #1
 6621              	.LVL605:
1226:Middlewares/Third_Party/FreeRTOS/Source/CMSIS_RTOS_V2/cmsis_os2.c ****           }
 6622              		.loc 1 1226 22 view .LVU1850
 6623 009a FFF7FEFF 		bl	xQueueCreateMutex
 6624              	.LVL606:
 6625 009e 0546     		mov	r5, r0
 6626              	.LVL607:
1226:Middlewares/Third_Party/FreeRTOS/Source/CMSIS_RTOS_V2/cmsis_os2.c ****           }
 6627              		.loc 1 1226 22 view .LVU1851
 6628 00a0 D5E7     		b	.L529
 6629              	.LVL608:
 6630              	.L532:
1181:Middlewares/Third_Party/FreeRTOS/Source/CMSIS_RTOS_V2/cmsis_os2.c **** 
 6631              		.loc 1 1181 10 view .LVU1852
 6632 00a2 0025     		movs	r5, #0
 6633              	.LVL609:
 6634              	.L520:
1244:Middlewares/Third_Party/FreeRTOS/Source/CMSIS_RTOS_V2/cmsis_os2.c ****       }
1245:Middlewares/Third_Party/FreeRTOS/Source/CMSIS_RTOS_V2/cmsis_os2.c ****     }
1246:Middlewares/Third_Party/FreeRTOS/Source/CMSIS_RTOS_V2/cmsis_os2.c ****   }
1247:Middlewares/Third_Party/FreeRTOS/Source/CMSIS_RTOS_V2/cmsis_os2.c **** 
1248:Middlewares/Third_Party/FreeRTOS/Source/CMSIS_RTOS_V2/cmsis_os2.c ****   return ((osMutexId_t)hMutex);
1249:Middlewares/Third_Party/FreeRTOS/Source/CMSIS_RTOS_V2/cmsis_os2.c **** }
 6635              		.loc 1 1249 1 view .LVU1853
 6636 00a4 2846     		mov	r0, r5
 6637 00a6 70BD     		pop	{r4, r5, r6, pc}
 6638              	.LVL610:
 6639              	.L533:
1181:Middlewares/Third_Party/FreeRTOS/Source/CMSIS_RTOS_V2/cmsis_os2.c **** 
ARM GAS  C:\Users\31005\AppData\Local\Temp\ccDX7XtF.s 			page 175


 6640              		.loc 1 1181 10 view .LVU1854
 6641 00a8 0025     		movs	r5, #0
 6642 00aa FBE7     		b	.L520
 6643              	.LVL611:
 6644              	.L535:
1181:Middlewares/Third_Party/FreeRTOS/Source/CMSIS_RTOS_V2/cmsis_os2.c **** 
 6645              		.loc 1 1181 10 view .LVU1855
 6646 00ac 0025     		movs	r5, #0
 6647 00ae F9E7     		b	.L520
 6648              	.LVL612:
 6649              	.L539:
1181:Middlewares/Third_Party/FreeRTOS/Source/CMSIS_RTOS_V2/cmsis_os2.c **** 
 6650              		.loc 1 1181 10 view .LVU1856
 6651 00b0 0025     		movs	r5, #0
1248:Middlewares/Third_Party/FreeRTOS/Source/CMSIS_RTOS_V2/cmsis_os2.c **** }
 6652              		.loc 1 1248 3 is_stmt 1 view .LVU1857
1248:Middlewares/Third_Party/FreeRTOS/Source/CMSIS_RTOS_V2/cmsis_os2.c **** }
 6653              		.loc 1 1248 11 is_stmt 0 view .LVU1858
 6654 00b2 F7E7     		b	.L520
 6655              	.L544:
 6656              		.align	2
 6657              	.L543:
 6658 00b4 00000000 		.word	KernelState
 6659              		.cfi_endproc
 6660              	.LFE151:
 6662              		.section	.text.osMutexAcquire,"ax",%progbits
 6663              		.align	1
 6664              		.global	osMutexAcquire
 6665              		.syntax unified
 6666              		.thumb
 6667              		.thumb_func
 6669              	osMutexAcquire:
 6670              	.LVL613:
 6671              	.LFB152:
1250:Middlewares/Third_Party/FreeRTOS/Source/CMSIS_RTOS_V2/cmsis_os2.c **** 
1251:Middlewares/Third_Party/FreeRTOS/Source/CMSIS_RTOS_V2/cmsis_os2.c **** osStatus_t osMutexAcquire (osMutexId_t mutex_id, uint32_t timeout) {
 6672              		.loc 1 1251 68 is_stmt 1 view -0
 6673              		.cfi_startproc
 6674              		@ args = 0, pretend = 0, frame = 0
 6675              		@ frame_needed = 0, uses_anonymous_args = 0
1252:Middlewares/Third_Party/FreeRTOS/Source/CMSIS_RTOS_V2/cmsis_os2.c ****   SemaphoreHandle_t hMutex;
 6676              		.loc 1 1252 3 view .LVU1860
1253:Middlewares/Third_Party/FreeRTOS/Source/CMSIS_RTOS_V2/cmsis_os2.c ****   osStatus_t stat;
 6677              		.loc 1 1253 3 view .LVU1861
1254:Middlewares/Third_Party/FreeRTOS/Source/CMSIS_RTOS_V2/cmsis_os2.c ****   uint32_t rmtx;
 6678              		.loc 1 1254 3 view .LVU1862
1255:Middlewares/Third_Party/FreeRTOS/Source/CMSIS_RTOS_V2/cmsis_os2.c **** 
1256:Middlewares/Third_Party/FreeRTOS/Source/CMSIS_RTOS_V2/cmsis_os2.c ****   hMutex = (SemaphoreHandle_t)((uint32_t)mutex_id & ~1U);
 6679              		.loc 1 1256 3 view .LVU1863
1257:Middlewares/Third_Party/FreeRTOS/Source/CMSIS_RTOS_V2/cmsis_os2.c **** 
1258:Middlewares/Third_Party/FreeRTOS/Source/CMSIS_RTOS_V2/cmsis_os2.c ****   rmtx = (uint32_t)mutex_id & 1U;
 6680              		.loc 1 1258 3 view .LVU1864
1259:Middlewares/Third_Party/FreeRTOS/Source/CMSIS_RTOS_V2/cmsis_os2.c **** 
1260:Middlewares/Third_Party/FreeRTOS/Source/CMSIS_RTOS_V2/cmsis_os2.c ****   stat = osOK;
 6681              		.loc 1 1260 3 view .LVU1865
1261:Middlewares/Third_Party/FreeRTOS/Source/CMSIS_RTOS_V2/cmsis_os2.c **** 
1262:Middlewares/Third_Party/FreeRTOS/Source/CMSIS_RTOS_V2/cmsis_os2.c ****   if (IS_IRQ()) {
ARM GAS  C:\Users\31005\AppData\Local\Temp\ccDX7XtF.s 			page 176


 6682              		.loc 1 1262 3 view .LVU1866
 6683              	.LBB566:
 6684              	.LBI566:
 205:Drivers/CMSIS/Include/cmsis_gcc.h **** {
 6685              		.loc 2 205 31 view .LVU1867
 6686              	.LBB567:
 207:Drivers/CMSIS/Include/cmsis_gcc.h **** 
 6687              		.loc 2 207 3 view .LVU1868
 209:Drivers/CMSIS/Include/cmsis_gcc.h ****   return(result);
 6688              		.loc 2 209 3 view .LVU1869
 6689              		.syntax unified
 6690              	@ 209 "Drivers/CMSIS/Include/cmsis_gcc.h" 1
 6691 0000 EFF30582 		MRS r2, ipsr
 6692              	@ 0 "" 2
 6693              	.LVL614:
 210:Drivers/CMSIS/Include/cmsis_gcc.h **** }
 6694              		.loc 2 210 3 view .LVU1870
 210:Drivers/CMSIS/Include/cmsis_gcc.h **** }
 6695              		.loc 2 210 3 is_stmt 0 view .LVU1871
 6696              		.thumb
 6697              		.syntax unified
 6698              	.LBE567:
 6699              	.LBE566:
 6700              		.loc 1 1262 6 view .LVU1872
 6701 0004 4ABB     		cbnz	r2, .L549
1251:Middlewares/Third_Party/FreeRTOS/Source/CMSIS_RTOS_V2/cmsis_os2.c ****   SemaphoreHandle_t hMutex;
 6702              		.loc 1 1251 68 view .LVU1873
 6703 0006 10B5     		push	{r4, lr}
 6704              	.LCFI92:
 6705              		.cfi_def_cfa_offset 8
 6706              		.cfi_offset 4, -8
 6707              		.cfi_offset 14, -4
 6708 0008 0346     		mov	r3, r0
 6709 000a 0C46     		mov	r4, r1
 6710 000c 20F00100 		bic	r0, r0, #1
 6711              	.LVL615:
1251:Middlewares/Third_Party/FreeRTOS/Source/CMSIS_RTOS_V2/cmsis_os2.c ****   SemaphoreHandle_t hMutex;
 6712              		.loc 1 1251 68 view .LVU1874
 6713 0010 03F00101 		and	r1, r3, #1
 6714              	.LVL616:
 6715              	.LBB568:
 6716              	.LBI568:
 382:Drivers/CMSIS/Include/cmsis_gcc.h **** {
 6717              		.loc 2 382 31 is_stmt 1 view .LVU1875
 6718              	.LBB569:
 384:Drivers/CMSIS/Include/cmsis_gcc.h **** 
 6719              		.loc 2 384 3 view .LVU1876
 386:Drivers/CMSIS/Include/cmsis_gcc.h ****   return(result);
 6720              		.loc 2 386 3 view .LVU1877
 6721              		.syntax unified
 6722              	@ 386 "Drivers/CMSIS/Include/cmsis_gcc.h" 1
 6723 0014 EFF31082 		MRS r2, primask
 6724              	@ 0 "" 2
 6725              	.LVL617:
 387:Drivers/CMSIS/Include/cmsis_gcc.h **** }
 6726              		.loc 2 387 3 view .LVU1878
 387:Drivers/CMSIS/Include/cmsis_gcc.h **** }
ARM GAS  C:\Users\31005\AppData\Local\Temp\ccDX7XtF.s 			page 177


 6727              		.loc 2 387 3 is_stmt 0 view .LVU1879
 6728              		.thumb
 6729              		.syntax unified
 6730              	.LBE569:
 6731              	.LBE568:
 6732              		.loc 1 1262 7 view .LVU1880
 6733 0018 12BB     		cbnz	r2, .L550
 6734              		.loc 1 1262 7 discriminator 2 view .LVU1881
 6735 001a 194A     		ldr	r2, .L562
 6736 001c 1268     		ldr	r2, [r2]
 6737 001e 022A     		cmp	r2, #2
 6738 0020 0BD0     		beq	.L561
 6739              	.L547:
1263:Middlewares/Third_Party/FreeRTOS/Source/CMSIS_RTOS_V2/cmsis_os2.c ****     stat = osErrorISR;
1264:Middlewares/Third_Party/FreeRTOS/Source/CMSIS_RTOS_V2/cmsis_os2.c ****   }
1265:Middlewares/Third_Party/FreeRTOS/Source/CMSIS_RTOS_V2/cmsis_os2.c ****   else if (hMutex == NULL) {
 6740              		.loc 1 1265 8 is_stmt 1 view .LVU1882
 6741              		.loc 1 1265 11 is_stmt 0 view .LVU1883
 6742 0022 012B     		cmp	r3, #1
 6743 0024 1FD9     		bls	.L552
1266:Middlewares/Third_Party/FreeRTOS/Source/CMSIS_RTOS_V2/cmsis_os2.c ****     stat = osErrorParameter;
1267:Middlewares/Third_Party/FreeRTOS/Source/CMSIS_RTOS_V2/cmsis_os2.c ****   }
1268:Middlewares/Third_Party/FreeRTOS/Source/CMSIS_RTOS_V2/cmsis_os2.c ****   else {
1269:Middlewares/Third_Party/FreeRTOS/Source/CMSIS_RTOS_V2/cmsis_os2.c ****     if (rmtx != 0U) {
 6744              		.loc 1 1269 5 is_stmt 1 view .LVU1884
 6745              		.loc 1 1269 8 is_stmt 0 view .LVU1885
 6746 0026 79B1     		cbz	r1, .L548
1270:Middlewares/Third_Party/FreeRTOS/Source/CMSIS_RTOS_V2/cmsis_os2.c ****       if (xSemaphoreTakeRecursive (hMutex, timeout) != pdPASS) {
 6747              		.loc 1 1270 7 is_stmt 1 view .LVU1886
 6748              		.loc 1 1270 11 is_stmt 0 view .LVU1887
 6749 0028 2146     		mov	r1, r4
 6750 002a FFF7FEFF 		bl	xQueueTakeMutexRecursive
 6751              	.LVL618:
 6752              		.loc 1 1270 10 view .LVU1888
 6753 002e 0128     		cmp	r0, #1
 6754 0030 1CD0     		beq	.L553
1271:Middlewares/Third_Party/FreeRTOS/Source/CMSIS_RTOS_V2/cmsis_os2.c ****         if (timeout != 0U) {
 6755              		.loc 1 1271 9 is_stmt 1 view .LVU1889
 6756              		.loc 1 1271 12 is_stmt 0 view .LVU1890
 6757 0032 ECB1     		cbz	r4, .L554
1272:Middlewares/Third_Party/FreeRTOS/Source/CMSIS_RTOS_V2/cmsis_os2.c ****           stat = osErrorTimeout;
 6758              		.loc 1 1272 16 view .LVU1891
 6759 0034 6FF00100 		mvn	r0, #1
 6760 0038 19E0     		b	.L545
 6761              	.LVL619:
 6762              	.L561:
 6763              	.LBB570:
 6764              	.LBI570:
 461:Drivers/CMSIS/Include/cmsis_gcc.h **** {
 6765              		.loc 2 461 31 is_stmt 1 view .LVU1892
 6766              	.LBB571:
 463:Drivers/CMSIS/Include/cmsis_gcc.h **** 
 6767              		.loc 2 463 3 view .LVU1893
 465:Drivers/CMSIS/Include/cmsis_gcc.h ****   return(result);
 6768              		.loc 2 465 3 view .LVU1894
 6769              		.syntax unified
 6770              	@ 465 "Drivers/CMSIS/Include/cmsis_gcc.h" 1
ARM GAS  C:\Users\31005\AppData\Local\Temp\ccDX7XtF.s 			page 178


 6771 003a EFF31182 		MRS r2, basepri
 6772              	@ 0 "" 2
 6773              	.LVL620:
 6774              		.loc 2 466 3 view .LVU1895
 6775              		.loc 2 466 3 is_stmt 0 view .LVU1896
 6776              		.thumb
 6777              		.syntax unified
 6778              	.LBE571:
 6779              	.LBE570:
1262:Middlewares/Third_Party/FreeRTOS/Source/CMSIS_RTOS_V2/cmsis_os2.c ****     stat = osErrorISR;
 6780              		.loc 1 1262 7 view .LVU1897
 6781 003e 002A     		cmp	r2, #0
 6782 0040 EFD0     		beq	.L547
1263:Middlewares/Third_Party/FreeRTOS/Source/CMSIS_RTOS_V2/cmsis_os2.c ****   }
 6783              		.loc 1 1263 10 view .LVU1898
 6784 0042 6FF00500 		mvn	r0, #5
 6785              	.LVL621:
1263:Middlewares/Third_Party/FreeRTOS/Source/CMSIS_RTOS_V2/cmsis_os2.c ****   }
 6786              		.loc 1 1263 10 view .LVU1899
 6787 0046 12E0     		b	.L545
 6788              	.LVL622:
 6789              	.L548:
1273:Middlewares/Third_Party/FreeRTOS/Source/CMSIS_RTOS_V2/cmsis_os2.c ****         } else {
1274:Middlewares/Third_Party/FreeRTOS/Source/CMSIS_RTOS_V2/cmsis_os2.c ****           stat = osErrorResource;
1275:Middlewares/Third_Party/FreeRTOS/Source/CMSIS_RTOS_V2/cmsis_os2.c ****         }
1276:Middlewares/Third_Party/FreeRTOS/Source/CMSIS_RTOS_V2/cmsis_os2.c ****       }
1277:Middlewares/Third_Party/FreeRTOS/Source/CMSIS_RTOS_V2/cmsis_os2.c ****     }
1278:Middlewares/Third_Party/FreeRTOS/Source/CMSIS_RTOS_V2/cmsis_os2.c ****     else {
1279:Middlewares/Third_Party/FreeRTOS/Source/CMSIS_RTOS_V2/cmsis_os2.c ****       if (xSemaphoreTake (hMutex, timeout) != pdPASS) {
 6790              		.loc 1 1279 7 is_stmt 1 view .LVU1900
 6791              		.loc 1 1279 11 is_stmt 0 view .LVU1901
 6792 0048 2146     		mov	r1, r4
 6793 004a FFF7FEFF 		bl	xQueueSemaphoreTake
 6794              	.LVL623:
 6795              		.loc 1 1279 10 view .LVU1902
 6796 004e 0128     		cmp	r0, #1
 6797 0050 11D0     		beq	.L555
1280:Middlewares/Third_Party/FreeRTOS/Source/CMSIS_RTOS_V2/cmsis_os2.c ****         if (timeout != 0U) {
 6798              		.loc 1 1280 9 is_stmt 1 view .LVU1903
 6799              		.loc 1 1280 12 is_stmt 0 view .LVU1904
 6800 0052 94B1     		cbz	r4, .L556
1281:Middlewares/Third_Party/FreeRTOS/Source/CMSIS_RTOS_V2/cmsis_os2.c ****           stat = osErrorTimeout;
 6801              		.loc 1 1281 16 view .LVU1905
 6802 0054 6FF00100 		mvn	r0, #1
 6803 0058 09E0     		b	.L545
 6804              	.LVL624:
 6805              	.L549:
 6806              	.LCFI93:
 6807              		.cfi_def_cfa_offset 0
 6808              		.cfi_restore 4
 6809              		.cfi_restore 14
1263:Middlewares/Third_Party/FreeRTOS/Source/CMSIS_RTOS_V2/cmsis_os2.c ****   }
 6810              		.loc 1 1263 10 view .LVU1906
 6811 005a 6FF00500 		mvn	r0, #5
 6812              	.LVL625:
1282:Middlewares/Third_Party/FreeRTOS/Source/CMSIS_RTOS_V2/cmsis_os2.c ****         } else {
1283:Middlewares/Third_Party/FreeRTOS/Source/CMSIS_RTOS_V2/cmsis_os2.c ****           stat = osErrorResource;
ARM GAS  C:\Users\31005\AppData\Local\Temp\ccDX7XtF.s 			page 179


1284:Middlewares/Third_Party/FreeRTOS/Source/CMSIS_RTOS_V2/cmsis_os2.c ****         }
1285:Middlewares/Third_Party/FreeRTOS/Source/CMSIS_RTOS_V2/cmsis_os2.c ****       }
1286:Middlewares/Third_Party/FreeRTOS/Source/CMSIS_RTOS_V2/cmsis_os2.c ****     }
1287:Middlewares/Third_Party/FreeRTOS/Source/CMSIS_RTOS_V2/cmsis_os2.c ****   }
1288:Middlewares/Third_Party/FreeRTOS/Source/CMSIS_RTOS_V2/cmsis_os2.c **** 
1289:Middlewares/Third_Party/FreeRTOS/Source/CMSIS_RTOS_V2/cmsis_os2.c ****   return (stat);
1290:Middlewares/Third_Party/FreeRTOS/Source/CMSIS_RTOS_V2/cmsis_os2.c **** }
 6813              		.loc 1 1290 1 view .LVU1907
 6814 005e 7047     		bx	lr
 6815              	.LVL626:
 6816              	.L550:
 6817              	.LCFI94:
 6818              		.cfi_def_cfa_offset 8
 6819              		.cfi_offset 4, -8
 6820              		.cfi_offset 14, -4
1263:Middlewares/Third_Party/FreeRTOS/Source/CMSIS_RTOS_V2/cmsis_os2.c ****   }
 6821              		.loc 1 1263 10 view .LVU1908
 6822 0060 6FF00500 		mvn	r0, #5
 6823              	.LVL627:
1263:Middlewares/Third_Party/FreeRTOS/Source/CMSIS_RTOS_V2/cmsis_os2.c ****   }
 6824              		.loc 1 1263 10 view .LVU1909
 6825 0064 03E0     		b	.L545
 6826              	.LVL628:
 6827              	.L552:
1266:Middlewares/Third_Party/FreeRTOS/Source/CMSIS_RTOS_V2/cmsis_os2.c ****   }
 6828              		.loc 1 1266 10 view .LVU1910
 6829 0066 6FF00300 		mvn	r0, #3
 6830              	.LVL629:
1266:Middlewares/Third_Party/FreeRTOS/Source/CMSIS_RTOS_V2/cmsis_os2.c ****   }
 6831              		.loc 1 1266 10 view .LVU1911
 6832 006a 00E0     		b	.L545
 6833              	.LVL630:
 6834              	.L553:
1260:Middlewares/Third_Party/FreeRTOS/Source/CMSIS_RTOS_V2/cmsis_os2.c **** 
 6835              		.loc 1 1260 8 view .LVU1912
 6836 006c 0020     		movs	r0, #0
 6837              	.LVL631:
 6838              	.L545:
 6839              		.loc 1 1290 1 view .LVU1913
 6840 006e 10BD     		pop	{r4, pc}
 6841              	.LVL632:
 6842              	.L554:
1274:Middlewares/Third_Party/FreeRTOS/Source/CMSIS_RTOS_V2/cmsis_os2.c ****         }
 6843              		.loc 1 1274 16 view .LVU1914
 6844 0070 6FF00200 		mvn	r0, #2
 6845 0074 FBE7     		b	.L545
 6846              	.L555:
1260:Middlewares/Third_Party/FreeRTOS/Source/CMSIS_RTOS_V2/cmsis_os2.c **** 
 6847              		.loc 1 1260 8 view .LVU1915
 6848 0076 0020     		movs	r0, #0
 6849 0078 F9E7     		b	.L545
 6850              	.L556:
1283:Middlewares/Third_Party/FreeRTOS/Source/CMSIS_RTOS_V2/cmsis_os2.c ****         }
 6851              		.loc 1 1283 16 view .LVU1916
 6852 007a 6FF00200 		mvn	r0, #2
 6853              	.LVL633:
1289:Middlewares/Third_Party/FreeRTOS/Source/CMSIS_RTOS_V2/cmsis_os2.c **** }
ARM GAS  C:\Users\31005\AppData\Local\Temp\ccDX7XtF.s 			page 180


 6854              		.loc 1 1289 3 is_stmt 1 view .LVU1917
1289:Middlewares/Third_Party/FreeRTOS/Source/CMSIS_RTOS_V2/cmsis_os2.c **** }
 6855              		.loc 1 1289 10 is_stmt 0 view .LVU1918
 6856 007e F6E7     		b	.L545
 6857              	.L563:
 6858              		.align	2
 6859              	.L562:
 6860 0080 00000000 		.word	KernelState
 6861              		.cfi_endproc
 6862              	.LFE152:
 6864              		.section	.text.osMutexRelease,"ax",%progbits
 6865              		.align	1
 6866              		.global	osMutexRelease
 6867              		.syntax unified
 6868              		.thumb
 6869              		.thumb_func
 6871              	osMutexRelease:
 6872              	.LVL634:
 6873              	.LFB153:
1291:Middlewares/Third_Party/FreeRTOS/Source/CMSIS_RTOS_V2/cmsis_os2.c **** 
1292:Middlewares/Third_Party/FreeRTOS/Source/CMSIS_RTOS_V2/cmsis_os2.c **** osStatus_t osMutexRelease (osMutexId_t mutex_id) {
 6874              		.loc 1 1292 50 is_stmt 1 view -0
 6875              		.cfi_startproc
 6876              		@ args = 0, pretend = 0, frame = 0
 6877              		@ frame_needed = 0, uses_anonymous_args = 0
1293:Middlewares/Third_Party/FreeRTOS/Source/CMSIS_RTOS_V2/cmsis_os2.c ****   SemaphoreHandle_t hMutex;
 6878              		.loc 1 1293 3 view .LVU1920
1294:Middlewares/Third_Party/FreeRTOS/Source/CMSIS_RTOS_V2/cmsis_os2.c ****   osStatus_t stat;
 6879              		.loc 1 1294 3 view .LVU1921
1295:Middlewares/Third_Party/FreeRTOS/Source/CMSIS_RTOS_V2/cmsis_os2.c ****   uint32_t rmtx;
 6880              		.loc 1 1295 3 view .LVU1922
1296:Middlewares/Third_Party/FreeRTOS/Source/CMSIS_RTOS_V2/cmsis_os2.c **** 
1297:Middlewares/Third_Party/FreeRTOS/Source/CMSIS_RTOS_V2/cmsis_os2.c ****   hMutex = (SemaphoreHandle_t)((uint32_t)mutex_id & ~1U);
 6881              		.loc 1 1297 3 view .LVU1923
1298:Middlewares/Third_Party/FreeRTOS/Source/CMSIS_RTOS_V2/cmsis_os2.c **** 
1299:Middlewares/Third_Party/FreeRTOS/Source/CMSIS_RTOS_V2/cmsis_os2.c ****   rmtx = (uint32_t)mutex_id & 1U;
 6882              		.loc 1 1299 3 view .LVU1924
1300:Middlewares/Third_Party/FreeRTOS/Source/CMSIS_RTOS_V2/cmsis_os2.c **** 
1301:Middlewares/Third_Party/FreeRTOS/Source/CMSIS_RTOS_V2/cmsis_os2.c ****   stat = osOK;
 6883              		.loc 1 1301 3 view .LVU1925
1302:Middlewares/Third_Party/FreeRTOS/Source/CMSIS_RTOS_V2/cmsis_os2.c **** 
1303:Middlewares/Third_Party/FreeRTOS/Source/CMSIS_RTOS_V2/cmsis_os2.c ****   if (IS_IRQ()) {
 6884              		.loc 1 1303 3 view .LVU1926
 6885              	.LBB572:
 6886              	.LBI572:
 205:Drivers/CMSIS/Include/cmsis_gcc.h **** {
 6887              		.loc 2 205 31 view .LVU1927
 6888              	.LBB573:
 207:Drivers/CMSIS/Include/cmsis_gcc.h **** 
 6889              		.loc 2 207 3 view .LVU1928
 209:Drivers/CMSIS/Include/cmsis_gcc.h ****   return(result);
 6890              		.loc 2 209 3 view .LVU1929
 6891              		.syntax unified
 6892              	@ 209 "Drivers/CMSIS/Include/cmsis_gcc.h" 1
 6893 0000 EFF30582 		MRS r2, ipsr
 6894              	@ 0 "" 2
 6895              	.LVL635:
ARM GAS  C:\Users\31005\AppData\Local\Temp\ccDX7XtF.s 			page 181


 210:Drivers/CMSIS/Include/cmsis_gcc.h **** }
 6896              		.loc 2 210 3 view .LVU1930
 210:Drivers/CMSIS/Include/cmsis_gcc.h **** }
 6897              		.loc 2 210 3 is_stmt 0 view .LVU1931
 6898              		.thumb
 6899              		.syntax unified
 6900              	.LBE573:
 6901              	.LBE572:
 6902              		.loc 1 1303 6 view .LVU1932
 6903 0004 2ABB     		cbnz	r2, .L568
1292:Middlewares/Third_Party/FreeRTOS/Source/CMSIS_RTOS_V2/cmsis_os2.c ****   SemaphoreHandle_t hMutex;
 6904              		.loc 1 1292 50 view .LVU1933
 6905 0006 08B5     		push	{r3, lr}
 6906              	.LCFI95:
 6907              		.cfi_def_cfa_offset 8
 6908              		.cfi_offset 3, -8
 6909              		.cfi_offset 14, -4
 6910 0008 0346     		mov	r3, r0
 6911 000a 20F00100 		bic	r0, r0, #1
 6912              	.LVL636:
1292:Middlewares/Third_Party/FreeRTOS/Source/CMSIS_RTOS_V2/cmsis_os2.c ****   SemaphoreHandle_t hMutex;
 6913              		.loc 1 1292 50 view .LVU1934
 6914 000e 03F00101 		and	r1, r3, #1
 6915              	.LBB574:
 6916              	.LBI574:
 382:Drivers/CMSIS/Include/cmsis_gcc.h **** {
 6917              		.loc 2 382 31 is_stmt 1 view .LVU1935
 6918              	.LBB575:
 384:Drivers/CMSIS/Include/cmsis_gcc.h **** 
 6919              		.loc 2 384 3 view .LVU1936
 386:Drivers/CMSIS/Include/cmsis_gcc.h ****   return(result);
 6920              		.loc 2 386 3 view .LVU1937
 6921              		.syntax unified
 6922              	@ 386 "Drivers/CMSIS/Include/cmsis_gcc.h" 1
 6923 0012 EFF31082 		MRS r2, primask
 6924              	@ 0 "" 2
 6925              	.LVL637:
 387:Drivers/CMSIS/Include/cmsis_gcc.h **** }
 6926              		.loc 2 387 3 view .LVU1938
 387:Drivers/CMSIS/Include/cmsis_gcc.h **** }
 6927              		.loc 2 387 3 is_stmt 0 view .LVU1939
 6928              		.thumb
 6929              		.syntax unified
 6930              	.LBE575:
 6931              	.LBE574:
 6932              		.loc 1 1303 7 view .LVU1940
 6933 0016 FAB9     		cbnz	r2, .L569
 6934              		.loc 1 1303 7 discriminator 2 view .LVU1941
 6935 0018 154A     		ldr	r2, .L579
 6936 001a 1268     		ldr	r2, [r2]
 6937 001c 022A     		cmp	r2, #2
 6938 001e 08D0     		beq	.L578
 6939              	.L566:
1304:Middlewares/Third_Party/FreeRTOS/Source/CMSIS_RTOS_V2/cmsis_os2.c ****     stat = osErrorISR;
1305:Middlewares/Third_Party/FreeRTOS/Source/CMSIS_RTOS_V2/cmsis_os2.c ****   }
1306:Middlewares/Third_Party/FreeRTOS/Source/CMSIS_RTOS_V2/cmsis_os2.c ****   else if (hMutex == NULL) {
 6940              		.loc 1 1306 8 is_stmt 1 view .LVU1942
ARM GAS  C:\Users\31005\AppData\Local\Temp\ccDX7XtF.s 			page 182


 6941              		.loc 1 1306 11 is_stmt 0 view .LVU1943
 6942 0020 012B     		cmp	r3, #1
 6943 0022 1CD9     		bls	.L571
1307:Middlewares/Third_Party/FreeRTOS/Source/CMSIS_RTOS_V2/cmsis_os2.c ****     stat = osErrorParameter;
1308:Middlewares/Third_Party/FreeRTOS/Source/CMSIS_RTOS_V2/cmsis_os2.c ****   }
1309:Middlewares/Third_Party/FreeRTOS/Source/CMSIS_RTOS_V2/cmsis_os2.c ****   else {
1310:Middlewares/Third_Party/FreeRTOS/Source/CMSIS_RTOS_V2/cmsis_os2.c ****     if (rmtx != 0U) {
 6944              		.loc 1 1310 5 is_stmt 1 view .LVU1944
 6945              		.loc 1 1310 8 is_stmt 0 view .LVU1945
 6946 0024 61B1     		cbz	r1, .L567
1311:Middlewares/Third_Party/FreeRTOS/Source/CMSIS_RTOS_V2/cmsis_os2.c ****       if (xSemaphoreGiveRecursive (hMutex) != pdPASS) {
 6947              		.loc 1 1311 7 is_stmt 1 view .LVU1946
 6948              		.loc 1 1311 11 is_stmt 0 view .LVU1947
 6949 0026 FFF7FEFF 		bl	xQueueGiveMutexRecursive
 6950              	.LVL638:
 6951              		.loc 1 1311 10 view .LVU1948
 6952 002a 0128     		cmp	r0, #1
 6953 002c 1AD1     		bne	.L572
1301:Middlewares/Third_Party/FreeRTOS/Source/CMSIS_RTOS_V2/cmsis_os2.c **** 
 6954              		.loc 1 1301 8 view .LVU1949
 6955 002e 0020     		movs	r0, #0
 6956              	.LVL639:
 6957              	.L564:
1312:Middlewares/Third_Party/FreeRTOS/Source/CMSIS_RTOS_V2/cmsis_os2.c ****         stat = osErrorResource;
1313:Middlewares/Third_Party/FreeRTOS/Source/CMSIS_RTOS_V2/cmsis_os2.c ****       }
1314:Middlewares/Third_Party/FreeRTOS/Source/CMSIS_RTOS_V2/cmsis_os2.c ****     }
1315:Middlewares/Third_Party/FreeRTOS/Source/CMSIS_RTOS_V2/cmsis_os2.c ****     else {
1316:Middlewares/Third_Party/FreeRTOS/Source/CMSIS_RTOS_V2/cmsis_os2.c ****       if (xSemaphoreGive (hMutex) != pdPASS) {
1317:Middlewares/Third_Party/FreeRTOS/Source/CMSIS_RTOS_V2/cmsis_os2.c ****         stat = osErrorResource;
1318:Middlewares/Third_Party/FreeRTOS/Source/CMSIS_RTOS_V2/cmsis_os2.c ****       }
1319:Middlewares/Third_Party/FreeRTOS/Source/CMSIS_RTOS_V2/cmsis_os2.c ****     }
1320:Middlewares/Third_Party/FreeRTOS/Source/CMSIS_RTOS_V2/cmsis_os2.c ****   }
1321:Middlewares/Third_Party/FreeRTOS/Source/CMSIS_RTOS_V2/cmsis_os2.c **** 
1322:Middlewares/Third_Party/FreeRTOS/Source/CMSIS_RTOS_V2/cmsis_os2.c ****   return (stat);
1323:Middlewares/Third_Party/FreeRTOS/Source/CMSIS_RTOS_V2/cmsis_os2.c **** }
 6958              		.loc 1 1323 1 view .LVU1950
 6959 0030 08BD     		pop	{r3, pc}
 6960              	.LVL640:
 6961              	.L578:
 6962              	.LBB576:
 6963              	.LBI576:
 461:Drivers/CMSIS/Include/cmsis_gcc.h **** {
 6964              		.loc 2 461 31 is_stmt 1 view .LVU1951
 6965              	.LBB577:
 463:Drivers/CMSIS/Include/cmsis_gcc.h **** 
 6966              		.loc 2 463 3 view .LVU1952
 465:Drivers/CMSIS/Include/cmsis_gcc.h ****   return(result);
 6967              		.loc 2 465 3 view .LVU1953
 6968              		.syntax unified
 6969              	@ 465 "Drivers/CMSIS/Include/cmsis_gcc.h" 1
 6970 0032 EFF31182 		MRS r2, basepri
 6971              	@ 0 "" 2
 6972              	.LVL641:
 6973              		.loc 2 466 3 view .LVU1954
 6974              		.loc 2 466 3 is_stmt 0 view .LVU1955
 6975              		.thumb
 6976              		.syntax unified
ARM GAS  C:\Users\31005\AppData\Local\Temp\ccDX7XtF.s 			page 183


 6977              	.LBE577:
 6978              	.LBE576:
1303:Middlewares/Third_Party/FreeRTOS/Source/CMSIS_RTOS_V2/cmsis_os2.c ****     stat = osErrorISR;
 6979              		.loc 1 1303 7 view .LVU1956
 6980 0036 002A     		cmp	r2, #0
 6981 0038 F2D0     		beq	.L566
1304:Middlewares/Third_Party/FreeRTOS/Source/CMSIS_RTOS_V2/cmsis_os2.c ****   }
 6982              		.loc 1 1304 10 view .LVU1957
 6983 003a 6FF00500 		mvn	r0, #5
 6984              	.LVL642:
1304:Middlewares/Third_Party/FreeRTOS/Source/CMSIS_RTOS_V2/cmsis_os2.c ****   }
 6985              		.loc 1 1304 10 view .LVU1958
 6986 003e F7E7     		b	.L564
 6987              	.LVL643:
 6988              	.L567:
1316:Middlewares/Third_Party/FreeRTOS/Source/CMSIS_RTOS_V2/cmsis_os2.c ****         stat = osErrorResource;
 6989              		.loc 1 1316 7 is_stmt 1 view .LVU1959
1316:Middlewares/Third_Party/FreeRTOS/Source/CMSIS_RTOS_V2/cmsis_os2.c ****         stat = osErrorResource;
 6990              		.loc 1 1316 11 is_stmt 0 view .LVU1960
 6991 0040 0023     		movs	r3, #0
 6992              	.LVL644:
1316:Middlewares/Third_Party/FreeRTOS/Source/CMSIS_RTOS_V2/cmsis_os2.c ****         stat = osErrorResource;
 6993              		.loc 1 1316 11 view .LVU1961
 6994 0042 1A46     		mov	r2, r3
 6995 0044 1946     		mov	r1, r3
 6996 0046 FFF7FEFF 		bl	xQueueGenericSend
 6997              	.LVL645:
1316:Middlewares/Third_Party/FreeRTOS/Source/CMSIS_RTOS_V2/cmsis_os2.c ****         stat = osErrorResource;
 6998              		.loc 1 1316 10 view .LVU1962
 6999 004a 0128     		cmp	r0, #1
 7000 004c 0DD1     		bne	.L573
1301:Middlewares/Third_Party/FreeRTOS/Source/CMSIS_RTOS_V2/cmsis_os2.c **** 
 7001              		.loc 1 1301 8 view .LVU1963
 7002 004e 0020     		movs	r0, #0
 7003 0050 EEE7     		b	.L564
 7004              	.LVL646:
 7005              	.L568:
 7006              	.LCFI96:
 7007              		.cfi_def_cfa_offset 0
 7008              		.cfi_restore 3
 7009              		.cfi_restore 14
1304:Middlewares/Third_Party/FreeRTOS/Source/CMSIS_RTOS_V2/cmsis_os2.c ****   }
 7010              		.loc 1 1304 10 view .LVU1964
 7011 0052 6FF00500 		mvn	r0, #5
 7012              	.LVL647:
 7013              		.loc 1 1323 1 view .LVU1965
 7014 0056 7047     		bx	lr
 7015              	.LVL648:
 7016              	.L569:
 7017              	.LCFI97:
 7018              		.cfi_def_cfa_offset 8
 7019              		.cfi_offset 3, -8
 7020              		.cfi_offset 14, -4
1304:Middlewares/Third_Party/FreeRTOS/Source/CMSIS_RTOS_V2/cmsis_os2.c ****   }
 7021              		.loc 1 1304 10 view .LVU1966
 7022 0058 6FF00500 		mvn	r0, #5
 7023              	.LVL649:
ARM GAS  C:\Users\31005\AppData\Local\Temp\ccDX7XtF.s 			page 184


1304:Middlewares/Third_Party/FreeRTOS/Source/CMSIS_RTOS_V2/cmsis_os2.c ****   }
 7024              		.loc 1 1304 10 view .LVU1967
 7025 005c E8E7     		b	.L564
 7026              	.LVL650:
 7027              	.L571:
1307:Middlewares/Third_Party/FreeRTOS/Source/CMSIS_RTOS_V2/cmsis_os2.c ****   }
 7028              		.loc 1 1307 10 view .LVU1968
 7029 005e 6FF00300 		mvn	r0, #3
 7030              	.LVL651:
1307:Middlewares/Third_Party/FreeRTOS/Source/CMSIS_RTOS_V2/cmsis_os2.c ****   }
 7031              		.loc 1 1307 10 view .LVU1969
 7032 0062 E5E7     		b	.L564
 7033              	.LVL652:
 7034              	.L572:
1312:Middlewares/Third_Party/FreeRTOS/Source/CMSIS_RTOS_V2/cmsis_os2.c ****       }
 7035              		.loc 1 1312 14 view .LVU1970
 7036 0064 6FF00200 		mvn	r0, #2
 7037 0068 E2E7     		b	.L564
 7038              	.L573:
1317:Middlewares/Third_Party/FreeRTOS/Source/CMSIS_RTOS_V2/cmsis_os2.c ****       }
 7039              		.loc 1 1317 14 view .LVU1971
 7040 006a 6FF00200 		mvn	r0, #2
 7041              	.LVL653:
1322:Middlewares/Third_Party/FreeRTOS/Source/CMSIS_RTOS_V2/cmsis_os2.c **** }
 7042              		.loc 1 1322 3 is_stmt 1 view .LVU1972
1322:Middlewares/Third_Party/FreeRTOS/Source/CMSIS_RTOS_V2/cmsis_os2.c **** }
 7043              		.loc 1 1322 10 is_stmt 0 view .LVU1973
 7044 006e DFE7     		b	.L564
 7045              	.L580:
 7046              		.align	2
 7047              	.L579:
 7048 0070 00000000 		.word	KernelState
 7049              		.cfi_endproc
 7050              	.LFE153:
 7052              		.section	.text.osMutexGetOwner,"ax",%progbits
 7053              		.align	1
 7054              		.global	osMutexGetOwner
 7055              		.syntax unified
 7056              		.thumb
 7057              		.thumb_func
 7059              	osMutexGetOwner:
 7060              	.LVL654:
 7061              	.LFB154:
1324:Middlewares/Third_Party/FreeRTOS/Source/CMSIS_RTOS_V2/cmsis_os2.c **** 
1325:Middlewares/Third_Party/FreeRTOS/Source/CMSIS_RTOS_V2/cmsis_os2.c **** osThreadId_t osMutexGetOwner (osMutexId_t mutex_id) {
 7062              		.loc 1 1325 53 is_stmt 1 view -0
 7063              		.cfi_startproc
 7064              		@ args = 0, pretend = 0, frame = 0
 7065              		@ frame_needed = 0, uses_anonymous_args = 0
1326:Middlewares/Third_Party/FreeRTOS/Source/CMSIS_RTOS_V2/cmsis_os2.c ****   SemaphoreHandle_t hMutex;
 7066              		.loc 1 1326 3 view .LVU1975
1327:Middlewares/Third_Party/FreeRTOS/Source/CMSIS_RTOS_V2/cmsis_os2.c ****   osThreadId_t owner;
 7067              		.loc 1 1327 3 view .LVU1976
1328:Middlewares/Third_Party/FreeRTOS/Source/CMSIS_RTOS_V2/cmsis_os2.c **** 
1329:Middlewares/Third_Party/FreeRTOS/Source/CMSIS_RTOS_V2/cmsis_os2.c ****   hMutex = (SemaphoreHandle_t)((uint32_t)mutex_id & ~1U);
 7068              		.loc 1 1329 3 view .LVU1977
1330:Middlewares/Third_Party/FreeRTOS/Source/CMSIS_RTOS_V2/cmsis_os2.c **** 
ARM GAS  C:\Users\31005\AppData\Local\Temp\ccDX7XtF.s 			page 185


1331:Middlewares/Third_Party/FreeRTOS/Source/CMSIS_RTOS_V2/cmsis_os2.c ****   if (IS_IRQ() || (hMutex == NULL)) {
 7069              		.loc 1 1331 3 view .LVU1978
 7070              	.LBB578:
 7071              	.LBI578:
 205:Drivers/CMSIS/Include/cmsis_gcc.h **** {
 7072              		.loc 2 205 31 view .LVU1979
 7073              	.LBB579:
 207:Drivers/CMSIS/Include/cmsis_gcc.h **** 
 7074              		.loc 2 207 3 view .LVU1980
 209:Drivers/CMSIS/Include/cmsis_gcc.h ****   return(result);
 7075              		.loc 2 209 3 view .LVU1981
 7076              		.syntax unified
 7077              	@ 209 "Drivers/CMSIS/Include/cmsis_gcc.h" 1
 7078 0000 EFF30582 		MRS r2, ipsr
 7079              	@ 0 "" 2
 7080              	.LVL655:
 210:Drivers/CMSIS/Include/cmsis_gcc.h **** }
 7081              		.loc 2 210 3 view .LVU1982
 210:Drivers/CMSIS/Include/cmsis_gcc.h **** }
 7082              		.loc 2 210 3 is_stmt 0 view .LVU1983
 7083              		.thumb
 7084              		.syntax unified
 7085              	.LBE579:
 7086              	.LBE578:
 7087              		.loc 1 1331 6 view .LVU1984
 7088 0004 AAB9     		cbnz	r2, .L584
1325:Middlewares/Third_Party/FreeRTOS/Source/CMSIS_RTOS_V2/cmsis_os2.c ****   SemaphoreHandle_t hMutex;
 7089              		.loc 1 1325 53 view .LVU1985
 7090 0006 08B5     		push	{r3, lr}
 7091              	.LCFI98:
 7092              		.cfi_def_cfa_offset 8
 7093              		.cfi_offset 3, -8
 7094              		.cfi_offset 14, -4
 7095 0008 0346     		mov	r3, r0
 7096 000a 20F00100 		bic	r0, r0, #1
 7097              	.LVL656:
 7098              	.LBB580:
 7099              	.LBI580:
 382:Drivers/CMSIS/Include/cmsis_gcc.h **** {
 7100              		.loc 2 382 31 is_stmt 1 view .LVU1986
 7101              	.LBB581:
 384:Drivers/CMSIS/Include/cmsis_gcc.h **** 
 7102              		.loc 2 384 3 view .LVU1987
 386:Drivers/CMSIS/Include/cmsis_gcc.h ****   return(result);
 7103              		.loc 2 386 3 view .LVU1988
 7104              		.syntax unified
 7105              	@ 386 "Drivers/CMSIS/Include/cmsis_gcc.h" 1
 7106 000e EFF31082 		MRS r2, primask
 7107              	@ 0 "" 2
 7108              	.LVL657:
 387:Drivers/CMSIS/Include/cmsis_gcc.h **** }
 7109              		.loc 2 387 3 view .LVU1989
 387:Drivers/CMSIS/Include/cmsis_gcc.h **** }
 7110              		.loc 2 387 3 is_stmt 0 view .LVU1990
 7111              		.thumb
 7112              		.syntax unified
 7113              	.LBE581:
ARM GAS  C:\Users\31005\AppData\Local\Temp\ccDX7XtF.s 			page 186


 7114              	.LBE580:
 7115              		.loc 1 1331 7 view .LVU1991
 7116 0012 82B9     		cbnz	r2, .L585
 7117              		.loc 1 1331 7 discriminator 2 view .LVU1992
 7118 0014 0A4A     		ldr	r2, .L593
 7119 0016 1268     		ldr	r2, [r2]
 7120 0018 022A     		cmp	r2, #2
 7121 001a 04D0     		beq	.L592
 7122              	.L583:
 7123              		.loc 1 1331 16 discriminator 5 view .LVU1993
 7124 001c 012B     		cmp	r3, #1
 7125 001e 0CD9     		bls	.L587
1332:Middlewares/Third_Party/FreeRTOS/Source/CMSIS_RTOS_V2/cmsis_os2.c ****     owner = NULL;
1333:Middlewares/Third_Party/FreeRTOS/Source/CMSIS_RTOS_V2/cmsis_os2.c ****   } else {
1334:Middlewares/Third_Party/FreeRTOS/Source/CMSIS_RTOS_V2/cmsis_os2.c ****     owner = (osThreadId_t)xSemaphoreGetMutexHolder (hMutex);
 7126              		.loc 1 1334 5 is_stmt 1 view .LVU1994
 7127              		.loc 1 1334 13 is_stmt 0 view .LVU1995
 7128 0020 FFF7FEFF 		bl	xQueueGetMutexHolder
 7129              	.LVL658:
 7130              	.L581:
1335:Middlewares/Third_Party/FreeRTOS/Source/CMSIS_RTOS_V2/cmsis_os2.c ****   }
1336:Middlewares/Third_Party/FreeRTOS/Source/CMSIS_RTOS_V2/cmsis_os2.c **** 
1337:Middlewares/Third_Party/FreeRTOS/Source/CMSIS_RTOS_V2/cmsis_os2.c ****   return (owner);
1338:Middlewares/Third_Party/FreeRTOS/Source/CMSIS_RTOS_V2/cmsis_os2.c **** }
 7131              		.loc 1 1338 1 view .LVU1996
 7132 0024 08BD     		pop	{r3, pc}
 7133              	.LVL659:
 7134              	.L592:
 7135              	.LBB582:
 7136              	.LBI582:
 461:Drivers/CMSIS/Include/cmsis_gcc.h **** {
 7137              		.loc 2 461 31 is_stmt 1 view .LVU1997
 7138              	.LBB583:
 463:Drivers/CMSIS/Include/cmsis_gcc.h **** 
 7139              		.loc 2 463 3 view .LVU1998
 465:Drivers/CMSIS/Include/cmsis_gcc.h ****   return(result);
 7140              		.loc 2 465 3 view .LVU1999
 7141              		.syntax unified
 7142              	@ 465 "Drivers/CMSIS/Include/cmsis_gcc.h" 1
 7143 0026 EFF31182 		MRS r2, basepri
 7144              	@ 0 "" 2
 7145              	.LVL660:
 7146              		.loc 2 466 3 view .LVU2000
 7147              		.loc 2 466 3 is_stmt 0 view .LVU2001
 7148              		.thumb
 7149              		.syntax unified
 7150              	.LBE583:
 7151              	.LBE582:
1331:Middlewares/Third_Party/FreeRTOS/Source/CMSIS_RTOS_V2/cmsis_os2.c ****     owner = NULL;
 7152              		.loc 1 1331 7 view .LVU2002
 7153 002a 002A     		cmp	r2, #0
 7154 002c F6D0     		beq	.L583
1332:Middlewares/Third_Party/FreeRTOS/Source/CMSIS_RTOS_V2/cmsis_os2.c ****   } else {
 7155              		.loc 1 1332 11 view .LVU2003
 7156 002e 0020     		movs	r0, #0
 7157              	.LVL661:
1332:Middlewares/Third_Party/FreeRTOS/Source/CMSIS_RTOS_V2/cmsis_os2.c ****   } else {
ARM GAS  C:\Users\31005\AppData\Local\Temp\ccDX7XtF.s 			page 187


 7158              		.loc 1 1332 11 view .LVU2004
 7159 0030 F8E7     		b	.L581
 7160              	.LVL662:
 7161              	.L584:
 7162              	.LCFI99:
 7163              		.cfi_def_cfa_offset 0
 7164              		.cfi_restore 3
 7165              		.cfi_restore 14
1332:Middlewares/Third_Party/FreeRTOS/Source/CMSIS_RTOS_V2/cmsis_os2.c ****   } else {
 7166              		.loc 1 1332 11 view .LVU2005
 7167 0032 0020     		movs	r0, #0
 7168              	.LVL663:
 7169              		.loc 1 1338 1 view .LVU2006
 7170 0034 7047     		bx	lr
 7171              	.LVL664:
 7172              	.L585:
 7173              	.LCFI100:
 7174              		.cfi_def_cfa_offset 8
 7175              		.cfi_offset 3, -8
 7176              		.cfi_offset 14, -4
1332:Middlewares/Third_Party/FreeRTOS/Source/CMSIS_RTOS_V2/cmsis_os2.c ****   } else {
 7177              		.loc 1 1332 11 view .LVU2007
 7178 0036 0020     		movs	r0, #0
 7179              	.LVL665:
1332:Middlewares/Third_Party/FreeRTOS/Source/CMSIS_RTOS_V2/cmsis_os2.c ****   } else {
 7180              		.loc 1 1332 11 view .LVU2008
 7181 0038 F4E7     		b	.L581
 7182              	.LVL666:
 7183              	.L587:
1332:Middlewares/Third_Party/FreeRTOS/Source/CMSIS_RTOS_V2/cmsis_os2.c ****   } else {
 7184              		.loc 1 1332 11 view .LVU2009
 7185 003a 0020     		movs	r0, #0
 7186              	.LVL667:
1337:Middlewares/Third_Party/FreeRTOS/Source/CMSIS_RTOS_V2/cmsis_os2.c **** }
 7187              		.loc 1 1337 3 is_stmt 1 view .LVU2010
1337:Middlewares/Third_Party/FreeRTOS/Source/CMSIS_RTOS_V2/cmsis_os2.c **** }
 7188              		.loc 1 1337 10 is_stmt 0 view .LVU2011
 7189 003c F2E7     		b	.L581
 7190              	.L594:
 7191 003e 00BF     		.align	2
 7192              	.L593:
 7193 0040 00000000 		.word	KernelState
 7194              		.cfi_endproc
 7195              	.LFE154:
 7197              		.section	.text.osMutexDelete,"ax",%progbits
 7198              		.align	1
 7199              		.global	osMutexDelete
 7200              		.syntax unified
 7201              		.thumb
 7202              		.thumb_func
 7204              	osMutexDelete:
 7205              	.LVL668:
 7206              	.LFB155:
1339:Middlewares/Third_Party/FreeRTOS/Source/CMSIS_RTOS_V2/cmsis_os2.c **** 
1340:Middlewares/Third_Party/FreeRTOS/Source/CMSIS_RTOS_V2/cmsis_os2.c **** osStatus_t osMutexDelete (osMutexId_t mutex_id) {
 7207              		.loc 1 1340 49 is_stmt 1 view -0
 7208              		.cfi_startproc
ARM GAS  C:\Users\31005\AppData\Local\Temp\ccDX7XtF.s 			page 188


 7209              		@ args = 0, pretend = 0, frame = 0
 7210              		@ frame_needed = 0, uses_anonymous_args = 0
1341:Middlewares/Third_Party/FreeRTOS/Source/CMSIS_RTOS_V2/cmsis_os2.c ****   osStatus_t stat;
 7211              		.loc 1 1341 3 view .LVU2013
1342:Middlewares/Third_Party/FreeRTOS/Source/CMSIS_RTOS_V2/cmsis_os2.c **** #ifndef USE_FreeRTOS_HEAP_1
1343:Middlewares/Third_Party/FreeRTOS/Source/CMSIS_RTOS_V2/cmsis_os2.c ****   SemaphoreHandle_t hMutex;
 7212              		.loc 1 1343 3 view .LVU2014
1344:Middlewares/Third_Party/FreeRTOS/Source/CMSIS_RTOS_V2/cmsis_os2.c **** 
1345:Middlewares/Third_Party/FreeRTOS/Source/CMSIS_RTOS_V2/cmsis_os2.c ****   hMutex = (SemaphoreHandle_t)((uint32_t)mutex_id & ~1U);
 7213              		.loc 1 1345 3 view .LVU2015
1346:Middlewares/Third_Party/FreeRTOS/Source/CMSIS_RTOS_V2/cmsis_os2.c **** 
1347:Middlewares/Third_Party/FreeRTOS/Source/CMSIS_RTOS_V2/cmsis_os2.c ****   if (IS_IRQ()) {
 7214              		.loc 1 1347 3 view .LVU2016
 7215              	.LBB584:
 7216              	.LBI584:
 205:Drivers/CMSIS/Include/cmsis_gcc.h **** {
 7217              		.loc 2 205 31 view .LVU2017
 7218              	.LBB585:
 207:Drivers/CMSIS/Include/cmsis_gcc.h **** 
 7219              		.loc 2 207 3 view .LVU2018
 209:Drivers/CMSIS/Include/cmsis_gcc.h ****   return(result);
 7220              		.loc 2 209 3 view .LVU2019
 7221              		.syntax unified
 7222              	@ 209 "Drivers/CMSIS/Include/cmsis_gcc.h" 1
 7223 0000 EFF30583 		MRS r3, ipsr
 7224              	@ 0 "" 2
 7225              	.LVL669:
 210:Drivers/CMSIS/Include/cmsis_gcc.h **** }
 7226              		.loc 2 210 3 view .LVU2020
 210:Drivers/CMSIS/Include/cmsis_gcc.h **** }
 7227              		.loc 2 210 3 is_stmt 0 view .LVU2021
 7228              		.thumb
 7229              		.syntax unified
 7230              	.LBE585:
 7231              	.LBE584:
 7232              		.loc 1 1347 6 view .LVU2022
 7233 0004 D3B9     		cbnz	r3, .L598
1340:Middlewares/Third_Party/FreeRTOS/Source/CMSIS_RTOS_V2/cmsis_os2.c ****   osStatus_t stat;
 7234              		.loc 1 1340 49 view .LVU2023
 7235 0006 10B5     		push	{r4, lr}
 7236              	.LCFI101:
 7237              		.cfi_def_cfa_offset 8
 7238              		.cfi_offset 4, -8
 7239              		.cfi_offset 14, -4
 7240 0008 20F00104 		bic	r4, r0, #1
 7241              	.LVL670:
 7242              	.LBB586:
 7243              	.LBI586:
 382:Drivers/CMSIS/Include/cmsis_gcc.h **** {
 7244              		.loc 2 382 31 is_stmt 1 view .LVU2024
 7245              	.LBB587:
 384:Drivers/CMSIS/Include/cmsis_gcc.h **** 
 7246              		.loc 2 384 3 view .LVU2025
 386:Drivers/CMSIS/Include/cmsis_gcc.h ****   return(result);
 7247              		.loc 2 386 3 view .LVU2026
 7248              		.syntax unified
 7249              	@ 386 "Drivers/CMSIS/Include/cmsis_gcc.h" 1
ARM GAS  C:\Users\31005\AppData\Local\Temp\ccDX7XtF.s 			page 189


 7250 000c EFF31083 		MRS r3, primask
 7251              	@ 0 "" 2
 7252              	.LVL671:
 387:Drivers/CMSIS/Include/cmsis_gcc.h **** }
 7253              		.loc 2 387 3 view .LVU2027
 387:Drivers/CMSIS/Include/cmsis_gcc.h **** }
 7254              		.loc 2 387 3 is_stmt 0 view .LVU2028
 7255              		.thumb
 7256              		.syntax unified
 7257              	.LBE587:
 7258              	.LBE586:
 7259              		.loc 1 1347 7 view .LVU2029
 7260 0010 BBB9     		cbnz	r3, .L599
 7261              		.loc 1 1347 7 discriminator 2 view .LVU2030
 7262 0012 0F4B     		ldr	r3, .L607
 7263 0014 1B68     		ldr	r3, [r3]
 7264 0016 022B     		cmp	r3, #2
 7265 0018 09D0     		beq	.L606
 7266              	.L597:
1348:Middlewares/Third_Party/FreeRTOS/Source/CMSIS_RTOS_V2/cmsis_os2.c ****     stat = osErrorISR;
1349:Middlewares/Third_Party/FreeRTOS/Source/CMSIS_RTOS_V2/cmsis_os2.c ****   }
1350:Middlewares/Third_Party/FreeRTOS/Source/CMSIS_RTOS_V2/cmsis_os2.c ****   else if (hMutex == NULL) {
 7267              		.loc 1 1350 8 is_stmt 1 view .LVU2031
 7268              		.loc 1 1350 11 is_stmt 0 view .LVU2032
 7269 001a 0128     		cmp	r0, #1
 7270 001c 14D9     		bls	.L601
1351:Middlewares/Third_Party/FreeRTOS/Source/CMSIS_RTOS_V2/cmsis_os2.c ****     stat = osErrorParameter;
1352:Middlewares/Third_Party/FreeRTOS/Source/CMSIS_RTOS_V2/cmsis_os2.c ****   }
1353:Middlewares/Third_Party/FreeRTOS/Source/CMSIS_RTOS_V2/cmsis_os2.c ****   else {
1354:Middlewares/Third_Party/FreeRTOS/Source/CMSIS_RTOS_V2/cmsis_os2.c ****     #if (configQUEUE_REGISTRY_SIZE > 0)
1355:Middlewares/Third_Party/FreeRTOS/Source/CMSIS_RTOS_V2/cmsis_os2.c ****     vQueueUnregisterQueue (hMutex);
 7271              		.loc 1 1355 5 is_stmt 1 view .LVU2033
 7272 001e 2046     		mov	r0, r4
 7273              	.LVL672:
 7274              		.loc 1 1355 5 is_stmt 0 view .LVU2034
 7275 0020 FFF7FEFF 		bl	vQueueUnregisterQueue
 7276              	.LVL673:
1356:Middlewares/Third_Party/FreeRTOS/Source/CMSIS_RTOS_V2/cmsis_os2.c ****     #endif
1357:Middlewares/Third_Party/FreeRTOS/Source/CMSIS_RTOS_V2/cmsis_os2.c ****     stat = osOK;
 7277              		.loc 1 1357 5 is_stmt 1 view .LVU2035
1358:Middlewares/Third_Party/FreeRTOS/Source/CMSIS_RTOS_V2/cmsis_os2.c ****     vSemaphoreDelete (hMutex);
 7278              		.loc 1 1358 5 view .LVU2036
 7279 0024 2046     		mov	r0, r4
 7280 0026 FFF7FEFF 		bl	vQueueDelete
 7281              	.LVL674:
1357:Middlewares/Third_Party/FreeRTOS/Source/CMSIS_RTOS_V2/cmsis_os2.c ****     vSemaphoreDelete (hMutex);
 7282              		.loc 1 1357 10 is_stmt 0 view .LVU2037
 7283 002a 0020     		movs	r0, #0
 7284              	.LVL675:
 7285              	.L595:
1359:Middlewares/Third_Party/FreeRTOS/Source/CMSIS_RTOS_V2/cmsis_os2.c ****   }
1360:Middlewares/Third_Party/FreeRTOS/Source/CMSIS_RTOS_V2/cmsis_os2.c **** #else
1361:Middlewares/Third_Party/FreeRTOS/Source/CMSIS_RTOS_V2/cmsis_os2.c ****   stat = osError;
1362:Middlewares/Third_Party/FreeRTOS/Source/CMSIS_RTOS_V2/cmsis_os2.c **** #endif
1363:Middlewares/Third_Party/FreeRTOS/Source/CMSIS_RTOS_V2/cmsis_os2.c **** 
1364:Middlewares/Third_Party/FreeRTOS/Source/CMSIS_RTOS_V2/cmsis_os2.c ****   return (stat);
1365:Middlewares/Third_Party/FreeRTOS/Source/CMSIS_RTOS_V2/cmsis_os2.c **** }
ARM GAS  C:\Users\31005\AppData\Local\Temp\ccDX7XtF.s 			page 190


 7286              		.loc 1 1365 1 view .LVU2038
 7287 002c 10BD     		pop	{r4, pc}
 7288              	.LVL676:
 7289              	.L606:
 7290              	.LBB588:
 7291              	.LBI588:
 461:Drivers/CMSIS/Include/cmsis_gcc.h **** {
 7292              		.loc 2 461 31 is_stmt 1 view .LVU2039
 7293              	.LBB589:
 463:Drivers/CMSIS/Include/cmsis_gcc.h **** 
 7294              		.loc 2 463 3 view .LVU2040
 465:Drivers/CMSIS/Include/cmsis_gcc.h ****   return(result);
 7295              		.loc 2 465 3 view .LVU2041
 7296              		.syntax unified
 7297              	@ 465 "Drivers/CMSIS/Include/cmsis_gcc.h" 1
 7298 002e EFF31183 		MRS r3, basepri
 7299              	@ 0 "" 2
 7300              	.LVL677:
 7301              		.loc 2 466 3 view .LVU2042
 7302              		.loc 2 466 3 is_stmt 0 view .LVU2043
 7303              		.thumb
 7304              		.syntax unified
 7305              	.LBE589:
 7306              	.LBE588:
1347:Middlewares/Third_Party/FreeRTOS/Source/CMSIS_RTOS_V2/cmsis_os2.c ****     stat = osErrorISR;
 7307              		.loc 1 1347 7 view .LVU2044
 7308 0032 002B     		cmp	r3, #0
 7309 0034 F1D0     		beq	.L597
1348:Middlewares/Third_Party/FreeRTOS/Source/CMSIS_RTOS_V2/cmsis_os2.c ****   }
 7310              		.loc 1 1348 10 view .LVU2045
 7311 0036 6FF00500 		mvn	r0, #5
 7312              	.LVL678:
1348:Middlewares/Third_Party/FreeRTOS/Source/CMSIS_RTOS_V2/cmsis_os2.c ****   }
 7313              		.loc 1 1348 10 view .LVU2046
 7314 003a F7E7     		b	.L595
 7315              	.LVL679:
 7316              	.L598:
 7317              	.LCFI102:
 7318              		.cfi_def_cfa_offset 0
 7319              		.cfi_restore 4
 7320              		.cfi_restore 14
1348:Middlewares/Third_Party/FreeRTOS/Source/CMSIS_RTOS_V2/cmsis_os2.c ****   }
 7321              		.loc 1 1348 10 view .LVU2047
 7322 003c 6FF00500 		mvn	r0, #5
 7323              	.LVL680:
 7324              		.loc 1 1365 1 view .LVU2048
 7325 0040 7047     		bx	lr
 7326              	.LVL681:
 7327              	.L599:
 7328              	.LCFI103:
 7329              		.cfi_def_cfa_offset 8
 7330              		.cfi_offset 4, -8
 7331              		.cfi_offset 14, -4
1348:Middlewares/Third_Party/FreeRTOS/Source/CMSIS_RTOS_V2/cmsis_os2.c ****   }
 7332              		.loc 1 1348 10 view .LVU2049
 7333 0042 6FF00500 		mvn	r0, #5
 7334              	.LVL682:
ARM GAS  C:\Users\31005\AppData\Local\Temp\ccDX7XtF.s 			page 191


1348:Middlewares/Third_Party/FreeRTOS/Source/CMSIS_RTOS_V2/cmsis_os2.c ****   }
 7335              		.loc 1 1348 10 view .LVU2050
 7336 0046 F1E7     		b	.L595
 7337              	.LVL683:
 7338              	.L601:
1351:Middlewares/Third_Party/FreeRTOS/Source/CMSIS_RTOS_V2/cmsis_os2.c ****   }
 7339              		.loc 1 1351 10 view .LVU2051
 7340 0048 6FF00300 		mvn	r0, #3
 7341              	.LVL684:
1364:Middlewares/Third_Party/FreeRTOS/Source/CMSIS_RTOS_V2/cmsis_os2.c **** }
 7342              		.loc 1 1364 3 is_stmt 1 view .LVU2052
1364:Middlewares/Third_Party/FreeRTOS/Source/CMSIS_RTOS_V2/cmsis_os2.c **** }
 7343              		.loc 1 1364 10 is_stmt 0 view .LVU2053
 7344 004c EEE7     		b	.L595
 7345              	.L608:
 7346 004e 00BF     		.align	2
 7347              	.L607:
 7348 0050 00000000 		.word	KernelState
 7349              		.cfi_endproc
 7350              	.LFE155:
 7352              		.section	.text.osSemaphoreNew,"ax",%progbits
 7353              		.align	1
 7354              		.global	osSemaphoreNew
 7355              		.syntax unified
 7356              		.thumb
 7357              		.thumb_func
 7359              	osSemaphoreNew:
 7360              	.LVL685:
 7361              	.LFB156:
1366:Middlewares/Third_Party/FreeRTOS/Source/CMSIS_RTOS_V2/cmsis_os2.c **** 
1367:Middlewares/Third_Party/FreeRTOS/Source/CMSIS_RTOS_V2/cmsis_os2.c **** /*---------------------------------------------------------------------------*/
1368:Middlewares/Third_Party/FreeRTOS/Source/CMSIS_RTOS_V2/cmsis_os2.c **** 
1369:Middlewares/Third_Party/FreeRTOS/Source/CMSIS_RTOS_V2/cmsis_os2.c **** osSemaphoreId_t osSemaphoreNew (uint32_t max_count, uint32_t initial_count, const osSemaphoreAttr_t
 7362              		.loc 1 1369 108 is_stmt 1 view -0
 7363              		.cfi_startproc
 7364              		@ args = 0, pretend = 0, frame = 0
 7365              		@ frame_needed = 0, uses_anonymous_args = 0
 7366              		.loc 1 1369 108 is_stmt 0 view .LVU2055
 7367 0000 70B5     		push	{r4, r5, r6, lr}
 7368              	.LCFI104:
 7369              		.cfi_def_cfa_offset 16
 7370              		.cfi_offset 4, -16
 7371              		.cfi_offset 5, -12
 7372              		.cfi_offset 6, -8
 7373              		.cfi_offset 14, -4
 7374 0002 82B0     		sub	sp, sp, #8
 7375              	.LCFI105:
 7376              		.cfi_def_cfa_offset 24
1370:Middlewares/Third_Party/FreeRTOS/Source/CMSIS_RTOS_V2/cmsis_os2.c ****   SemaphoreHandle_t hSemaphore;
 7377              		.loc 1 1370 3 is_stmt 1 view .LVU2056
1371:Middlewares/Third_Party/FreeRTOS/Source/CMSIS_RTOS_V2/cmsis_os2.c ****   int32_t mem;
 7378              		.loc 1 1371 3 view .LVU2057
1372:Middlewares/Third_Party/FreeRTOS/Source/CMSIS_RTOS_V2/cmsis_os2.c ****   #if (configQUEUE_REGISTRY_SIZE > 0)
1373:Middlewares/Third_Party/FreeRTOS/Source/CMSIS_RTOS_V2/cmsis_os2.c ****   const char *name;
 7379              		.loc 1 1373 3 view .LVU2058
1374:Middlewares/Third_Party/FreeRTOS/Source/CMSIS_RTOS_V2/cmsis_os2.c ****   #endif
1375:Middlewares/Third_Party/FreeRTOS/Source/CMSIS_RTOS_V2/cmsis_os2.c **** 
ARM GAS  C:\Users\31005\AppData\Local\Temp\ccDX7XtF.s 			page 192


1376:Middlewares/Third_Party/FreeRTOS/Source/CMSIS_RTOS_V2/cmsis_os2.c ****   hSemaphore = NULL;
 7380              		.loc 1 1376 3 view .LVU2059
 7381              	.LVL686:
1377:Middlewares/Third_Party/FreeRTOS/Source/CMSIS_RTOS_V2/cmsis_os2.c **** 
1378:Middlewares/Third_Party/FreeRTOS/Source/CMSIS_RTOS_V2/cmsis_os2.c ****   if (!IS_IRQ() && (max_count > 0U) && (initial_count <= max_count)) {
 7382              		.loc 1 1378 3 view .LVU2060
 7383              	.LBB590:
 7384              	.LBI590:
 205:Drivers/CMSIS/Include/cmsis_gcc.h **** {
 7385              		.loc 2 205 31 view .LVU2061
 7386              	.LBB591:
 207:Drivers/CMSIS/Include/cmsis_gcc.h **** 
 7387              		.loc 2 207 3 view .LVU2062
 209:Drivers/CMSIS/Include/cmsis_gcc.h ****   return(result);
 7388              		.loc 2 209 3 view .LVU2063
 7389              		.syntax unified
 7390              	@ 209 "Drivers/CMSIS/Include/cmsis_gcc.h" 1
 7391 0004 EFF30583 		MRS r3, ipsr
 7392              	@ 0 "" 2
 7393              	.LVL687:
 210:Drivers/CMSIS/Include/cmsis_gcc.h **** }
 7394              		.loc 2 210 3 view .LVU2064
 210:Drivers/CMSIS/Include/cmsis_gcc.h **** }
 7395              		.loc 2 210 3 is_stmt 0 view .LVU2065
 7396              		.thumb
 7397              		.syntax unified
 7398              	.LBE591:
 7399              	.LBE590:
 7400              		.loc 1 1378 6 view .LVU2066
 7401 0008 002B     		cmp	r3, #0
 7402 000a 56D1     		bne	.L620
 7403 000c 0E46     		mov	r6, r1
 7404 000e 1546     		mov	r5, r2
 7405              	.LBB592:
 7406              	.LBI592:
 382:Drivers/CMSIS/Include/cmsis_gcc.h **** {
 7407              		.loc 2 382 31 is_stmt 1 view .LVU2067
 7408              	.LBB593:
 384:Drivers/CMSIS/Include/cmsis_gcc.h **** 
 7409              		.loc 2 384 3 view .LVU2068
 386:Drivers/CMSIS/Include/cmsis_gcc.h ****   return(result);
 7410              		.loc 2 386 3 view .LVU2069
 7411              		.syntax unified
 7412              	@ 386 "Drivers/CMSIS/Include/cmsis_gcc.h" 1
 7413 0010 EFF31083 		MRS r3, primask
 7414              	@ 0 "" 2
 7415              	.LVL688:
 387:Drivers/CMSIS/Include/cmsis_gcc.h **** }
 7416              		.loc 2 387 3 view .LVU2070
 387:Drivers/CMSIS/Include/cmsis_gcc.h **** }
 7417              		.loc 2 387 3 is_stmt 0 view .LVU2071
 7418              		.thumb
 7419              		.syntax unified
 7420              	.LBE593:
 7421              	.LBE592:
 7422              		.loc 1 1378 7 view .LVU2072
 7423 0014 002B     		cmp	r3, #0
ARM GAS  C:\Users\31005\AppData\Local\Temp\ccDX7XtF.s 			page 193


 7424 0016 54D1     		bne	.L621
 7425              		.loc 1 1378 8 discriminator 2 view .LVU2073
 7426 0018 2E4B     		ldr	r3, .L633
 7427 001a 1B68     		ldr	r3, [r3]
 7428 001c 022B     		cmp	r3, #2
 7429 001e 0ED0     		beq	.L629
 7430              	.L611:
 7431              		.loc 1 1378 17 discriminator 5 view .LVU2074
 7432 0020 0028     		cmp	r0, #0
 7433 0022 50D0     		beq	.L623
 7434              		.loc 1 1378 37 discriminator 6 view .LVU2075
 7435 0024 B042     		cmp	r0, r6
 7436 0026 50D3     		bcc	.L624
1379:Middlewares/Third_Party/FreeRTOS/Source/CMSIS_RTOS_V2/cmsis_os2.c ****     mem = -1;
 7437              		.loc 1 1379 5 is_stmt 1 view .LVU2076
 7438              	.LVL689:
1380:Middlewares/Third_Party/FreeRTOS/Source/CMSIS_RTOS_V2/cmsis_os2.c **** 
1381:Middlewares/Third_Party/FreeRTOS/Source/CMSIS_RTOS_V2/cmsis_os2.c ****     if (attr != NULL) {
 7439              		.loc 1 1381 5 view .LVU2077
 7440              		.loc 1 1381 8 is_stmt 0 view .LVU2078
 7441 0028 7DB1     		cbz	r5, .L625
1382:Middlewares/Third_Party/FreeRTOS/Source/CMSIS_RTOS_V2/cmsis_os2.c ****       if ((attr->cb_mem != NULL) && (attr->cb_size >= sizeof(StaticSemaphore_t))) {
 7442              		.loc 1 1382 7 is_stmt 1 view .LVU2079
 7443              		.loc 1 1382 16 is_stmt 0 view .LVU2080
 7444 002a AC68     		ldr	r4, [r5, #8]
 7445              		.loc 1 1382 10 view .LVU2081
 7446 002c 14B1     		cbz	r4, .L613
 7447              		.loc 1 1382 42 discriminator 1 view .LVU2082
 7448 002e EB68     		ldr	r3, [r5, #12]
 7449              		.loc 1 1382 34 discriminator 1 view .LVU2083
 7450 0030 4F2B     		cmp	r3, #79
 7451 0032 1AD8     		bhi	.L626
 7452              	.L613:
1383:Middlewares/Third_Party/FreeRTOS/Source/CMSIS_RTOS_V2/cmsis_os2.c ****         mem = 1;
1384:Middlewares/Third_Party/FreeRTOS/Source/CMSIS_RTOS_V2/cmsis_os2.c ****       }
1385:Middlewares/Third_Party/FreeRTOS/Source/CMSIS_RTOS_V2/cmsis_os2.c ****       else {
1386:Middlewares/Third_Party/FreeRTOS/Source/CMSIS_RTOS_V2/cmsis_os2.c ****         if ((attr->cb_mem == NULL) && (attr->cb_size == 0U)) {
 7453              		.loc 1 1386 9 is_stmt 1 view .LVU2084
 7454              		.loc 1 1386 12 is_stmt 0 view .LVU2085
 7455 0034 002C     		cmp	r4, #0
 7456 0036 4AD1     		bne	.L627
 7457              		.loc 1 1386 44 discriminator 1 view .LVU2086
 7458 0038 EB68     		ldr	r3, [r5, #12]
 7459              		.loc 1 1386 36 discriminator 1 view .LVU2087
 7460 003a 3BB1     		cbz	r3, .L612
 7461 003c 3EE0     		b	.L609
 7462              	.LVL690:
 7463              	.L629:
 7464              	.LBB594:
 7465              	.LBI594:
 461:Drivers/CMSIS/Include/cmsis_gcc.h **** {
 7466              		.loc 2 461 31 is_stmt 1 view .LVU2088
 7467              	.LBB595:
 463:Drivers/CMSIS/Include/cmsis_gcc.h **** 
 7468              		.loc 2 463 3 view .LVU2089
 465:Drivers/CMSIS/Include/cmsis_gcc.h ****   return(result);
 7469              		.loc 2 465 3 view .LVU2090
ARM GAS  C:\Users\31005\AppData\Local\Temp\ccDX7XtF.s 			page 194


 7470              		.syntax unified
 7471              	@ 465 "Drivers/CMSIS/Include/cmsis_gcc.h" 1
 7472 003e EFF31183 		MRS r3, basepri
 7473              	@ 0 "" 2
 7474              	.LVL691:
 7475              		.loc 2 466 3 view .LVU2091
 7476              		.loc 2 466 3 is_stmt 0 view .LVU2092
 7477              		.thumb
 7478              		.syntax unified
 7479              	.LBE595:
 7480              	.LBE594:
1378:Middlewares/Third_Party/FreeRTOS/Source/CMSIS_RTOS_V2/cmsis_os2.c ****     mem = -1;
 7481              		.loc 1 1378 8 view .LVU2093
 7482 0042 002B     		cmp	r3, #0
 7483 0044 ECD0     		beq	.L611
1376:Middlewares/Third_Party/FreeRTOS/Source/CMSIS_RTOS_V2/cmsis_os2.c **** 
 7484              		.loc 1 1376 14 view .LVU2094
 7485 0046 0024     		movs	r4, #0
 7486 0048 38E0     		b	.L609
 7487              	.LVL692:
 7488              	.L625:
1387:Middlewares/Third_Party/FreeRTOS/Source/CMSIS_RTOS_V2/cmsis_os2.c ****           mem = 0;
1388:Middlewares/Third_Party/FreeRTOS/Source/CMSIS_RTOS_V2/cmsis_os2.c ****         }
1389:Middlewares/Third_Party/FreeRTOS/Source/CMSIS_RTOS_V2/cmsis_os2.c ****       }
1390:Middlewares/Third_Party/FreeRTOS/Source/CMSIS_RTOS_V2/cmsis_os2.c ****     }
1391:Middlewares/Third_Party/FreeRTOS/Source/CMSIS_RTOS_V2/cmsis_os2.c ****     else {
1392:Middlewares/Third_Party/FreeRTOS/Source/CMSIS_RTOS_V2/cmsis_os2.c ****       mem = 0;
 7489              		.loc 1 1392 11 view .LVU2095
 7490 004a 0023     		movs	r3, #0
 7491              	.L612:
 7492              	.LVL693:
1393:Middlewares/Third_Party/FreeRTOS/Source/CMSIS_RTOS_V2/cmsis_os2.c ****     }
1394:Middlewares/Third_Party/FreeRTOS/Source/CMSIS_RTOS_V2/cmsis_os2.c **** 
1395:Middlewares/Third_Party/FreeRTOS/Source/CMSIS_RTOS_V2/cmsis_os2.c ****     if (mem != -1) {
1396:Middlewares/Third_Party/FreeRTOS/Source/CMSIS_RTOS_V2/cmsis_os2.c ****       if (max_count == 1U) {
 7493              		.loc 1 1396 7 is_stmt 1 view .LVU2096
 7494              		.loc 1 1396 10 is_stmt 0 view .LVU2097
 7495 004c 0128     		cmp	r0, #1
 7496 004e 0ED0     		beq	.L630
1397:Middlewares/Third_Party/FreeRTOS/Source/CMSIS_RTOS_V2/cmsis_os2.c ****         if (mem == 1) {
1398:Middlewares/Third_Party/FreeRTOS/Source/CMSIS_RTOS_V2/cmsis_os2.c ****           hSemaphore = xSemaphoreCreateBinaryStatic ((StaticSemaphore_t *)attr->cb_mem);
1399:Middlewares/Third_Party/FreeRTOS/Source/CMSIS_RTOS_V2/cmsis_os2.c ****         }
1400:Middlewares/Third_Party/FreeRTOS/Source/CMSIS_RTOS_V2/cmsis_os2.c ****         else {
1401:Middlewares/Third_Party/FreeRTOS/Source/CMSIS_RTOS_V2/cmsis_os2.c ****           hSemaphore = xSemaphoreCreateBinary();
1402:Middlewares/Third_Party/FreeRTOS/Source/CMSIS_RTOS_V2/cmsis_os2.c ****         }
1403:Middlewares/Third_Party/FreeRTOS/Source/CMSIS_RTOS_V2/cmsis_os2.c **** 
1404:Middlewares/Third_Party/FreeRTOS/Source/CMSIS_RTOS_V2/cmsis_os2.c ****         if ((hSemaphore != NULL) && (initial_count != 0U)) {
1405:Middlewares/Third_Party/FreeRTOS/Source/CMSIS_RTOS_V2/cmsis_os2.c ****           if (xSemaphoreGive (hSemaphore) != pdPASS) {
1406:Middlewares/Third_Party/FreeRTOS/Source/CMSIS_RTOS_V2/cmsis_os2.c ****             vSemaphoreDelete (hSemaphore);
1407:Middlewares/Third_Party/FreeRTOS/Source/CMSIS_RTOS_V2/cmsis_os2.c ****             hSemaphore = NULL;
1408:Middlewares/Third_Party/FreeRTOS/Source/CMSIS_RTOS_V2/cmsis_os2.c ****           }
1409:Middlewares/Third_Party/FreeRTOS/Source/CMSIS_RTOS_V2/cmsis_os2.c ****         }
1410:Middlewares/Third_Party/FreeRTOS/Source/CMSIS_RTOS_V2/cmsis_os2.c ****       }
1411:Middlewares/Third_Party/FreeRTOS/Source/CMSIS_RTOS_V2/cmsis_os2.c ****       else {
1412:Middlewares/Third_Party/FreeRTOS/Source/CMSIS_RTOS_V2/cmsis_os2.c ****         if (mem == 1) {
 7497              		.loc 1 1412 9 is_stmt 1 view .LVU2098
 7498              		.loc 1 1412 12 is_stmt 0 view .LVU2099
ARM GAS  C:\Users\31005\AppData\Local\Temp\ccDX7XtF.s 			page 195


 7499 0050 6BBB     		cbnz	r3, .L631
1413:Middlewares/Third_Party/FreeRTOS/Source/CMSIS_RTOS_V2/cmsis_os2.c ****           hSemaphore = xSemaphoreCreateCountingStatic (max_count, initial_count, (StaticSemaphore_t
1414:Middlewares/Third_Party/FreeRTOS/Source/CMSIS_RTOS_V2/cmsis_os2.c ****         }
1415:Middlewares/Third_Party/FreeRTOS/Source/CMSIS_RTOS_V2/cmsis_os2.c ****         else {
1416:Middlewares/Third_Party/FreeRTOS/Source/CMSIS_RTOS_V2/cmsis_os2.c ****           hSemaphore = xSemaphoreCreateCounting (max_count, initial_count);
 7500              		.loc 1 1416 11 is_stmt 1 view .LVU2100
 7501              		.loc 1 1416 24 is_stmt 0 view .LVU2101
 7502 0052 3146     		mov	r1, r6
 7503              	.LVL694:
 7504              		.loc 1 1416 24 view .LVU2102
 7505 0054 FFF7FEFF 		bl	xQueueCreateCountingSemaphore
 7506              	.LVL695:
 7507              		.loc 1 1416 24 view .LVU2103
 7508 0058 0446     		mov	r4, r0
 7509              	.LVL696:
 7510              	.L617:
1417:Middlewares/Third_Party/FreeRTOS/Source/CMSIS_RTOS_V2/cmsis_os2.c ****         }
1418:Middlewares/Third_Party/FreeRTOS/Source/CMSIS_RTOS_V2/cmsis_os2.c ****       }
1419:Middlewares/Third_Party/FreeRTOS/Source/CMSIS_RTOS_V2/cmsis_os2.c **** 
1420:Middlewares/Third_Party/FreeRTOS/Source/CMSIS_RTOS_V2/cmsis_os2.c ****       #if (configQUEUE_REGISTRY_SIZE > 0)
1421:Middlewares/Third_Party/FreeRTOS/Source/CMSIS_RTOS_V2/cmsis_os2.c ****       if (hSemaphore != NULL) {
 7511              		.loc 1 1421 7 is_stmt 1 view .LVU2104
 7512              		.loc 1 1421 10 is_stmt 0 view .LVU2105
 7513 005a 7CB3     		cbz	r4, .L609
1422:Middlewares/Third_Party/FreeRTOS/Source/CMSIS_RTOS_V2/cmsis_os2.c ****         if (attr != NULL) {
 7514              		.loc 1 1422 9 is_stmt 1 view .LVU2106
 7515              		.loc 1 1422 12 is_stmt 0 view .LVU2107
 7516 005c 05B1     		cbz	r5, .L619
1423:Middlewares/Third_Party/FreeRTOS/Source/CMSIS_RTOS_V2/cmsis_os2.c ****           name = attr->name;
 7517              		.loc 1 1423 11 is_stmt 1 view .LVU2108
 7518              		.loc 1 1423 16 is_stmt 0 view .LVU2109
 7519 005e 2D68     		ldr	r5, [r5]
 7520              	.LVL697:
 7521              	.L619:
1424:Middlewares/Third_Party/FreeRTOS/Source/CMSIS_RTOS_V2/cmsis_os2.c ****         } else {
1425:Middlewares/Third_Party/FreeRTOS/Source/CMSIS_RTOS_V2/cmsis_os2.c ****           name = NULL;
1426:Middlewares/Third_Party/FreeRTOS/Source/CMSIS_RTOS_V2/cmsis_os2.c ****         }
1427:Middlewares/Third_Party/FreeRTOS/Source/CMSIS_RTOS_V2/cmsis_os2.c ****         vQueueAddToRegistry (hSemaphore, name);
 7522              		.loc 1 1427 9 is_stmt 1 view .LVU2110
 7523 0060 2946     		mov	r1, r5
 7524 0062 2046     		mov	r0, r4
 7525 0064 FFF7FEFF 		bl	vQueueAddToRegistry
 7526              	.LVL698:
 7527 0068 28E0     		b	.L609
 7528              	.LVL699:
 7529              	.L626:
1383:Middlewares/Third_Party/FreeRTOS/Source/CMSIS_RTOS_V2/cmsis_os2.c ****       }
 7530              		.loc 1 1383 13 is_stmt 0 view .LVU2111
 7531 006a 0123     		movs	r3, #1
 7532 006c EEE7     		b	.L612
 7533              	.LVL700:
 7534              	.L630:
1397:Middlewares/Third_Party/FreeRTOS/Source/CMSIS_RTOS_V2/cmsis_os2.c ****           hSemaphore = xSemaphoreCreateBinaryStatic ((StaticSemaphore_t *)attr->cb_mem);
 7535              		.loc 1 1397 9 is_stmt 1 view .LVU2112
1397:Middlewares/Third_Party/FreeRTOS/Source/CMSIS_RTOS_V2/cmsis_os2.c ****           hSemaphore = xSemaphoreCreateBinaryStatic ((StaticSemaphore_t *)attr->cb_mem);
 7536              		.loc 1 1397 12 is_stmt 0 view .LVU2113
 7537 006e ABB9     		cbnz	r3, .L632
ARM GAS  C:\Users\31005\AppData\Local\Temp\ccDX7XtF.s 			page 196


1401:Middlewares/Third_Party/FreeRTOS/Source/CMSIS_RTOS_V2/cmsis_os2.c ****         }
 7538              		.loc 1 1401 11 is_stmt 1 view .LVU2114
1401:Middlewares/Third_Party/FreeRTOS/Source/CMSIS_RTOS_V2/cmsis_os2.c ****         }
 7539              		.loc 1 1401 24 is_stmt 0 view .LVU2115
 7540 0070 0322     		movs	r2, #3
 7541              	.LVL701:
1401:Middlewares/Third_Party/FreeRTOS/Source/CMSIS_RTOS_V2/cmsis_os2.c ****         }
 7542              		.loc 1 1401 24 view .LVU2116
 7543 0072 0021     		movs	r1, #0
 7544              	.LVL702:
1401:Middlewares/Third_Party/FreeRTOS/Source/CMSIS_RTOS_V2/cmsis_os2.c ****         }
 7545              		.loc 1 1401 24 view .LVU2117
 7546 0074 0120     		movs	r0, #1
 7547              	.LVL703:
1401:Middlewares/Third_Party/FreeRTOS/Source/CMSIS_RTOS_V2/cmsis_os2.c ****         }
 7548              		.loc 1 1401 24 view .LVU2118
 7549 0076 FFF7FEFF 		bl	xQueueGenericCreate
 7550              	.LVL704:
 7551 007a 0446     		mov	r4, r0
 7552              	.LVL705:
 7553              	.L616:
1404:Middlewares/Third_Party/FreeRTOS/Source/CMSIS_RTOS_V2/cmsis_os2.c ****           if (xSemaphoreGive (hSemaphore) != pdPASS) {
 7554              		.loc 1 1404 9 is_stmt 1 view .LVU2119
1404:Middlewares/Third_Party/FreeRTOS/Source/CMSIS_RTOS_V2/cmsis_os2.c ****           if (xSemaphoreGive (hSemaphore) != pdPASS) {
 7555              		.loc 1 1404 12 is_stmt 0 view .LVU2120
 7556 007c F4B1     		cbz	r4, .L609
1404:Middlewares/Third_Party/FreeRTOS/Source/CMSIS_RTOS_V2/cmsis_os2.c ****           if (xSemaphoreGive (hSemaphore) != pdPASS) {
 7557              		.loc 1 1404 34 discriminator 1 view .LVU2121
 7558 007e 002E     		cmp	r6, #0
 7559 0080 EBD0     		beq	.L617
1405:Middlewares/Third_Party/FreeRTOS/Source/CMSIS_RTOS_V2/cmsis_os2.c ****             vSemaphoreDelete (hSemaphore);
 7560              		.loc 1 1405 11 is_stmt 1 view .LVU2122
1405:Middlewares/Third_Party/FreeRTOS/Source/CMSIS_RTOS_V2/cmsis_os2.c ****             vSemaphoreDelete (hSemaphore);
 7561              		.loc 1 1405 15 is_stmt 0 view .LVU2123
 7562 0082 0023     		movs	r3, #0
 7563 0084 1A46     		mov	r2, r3
 7564 0086 1946     		mov	r1, r3
 7565 0088 2046     		mov	r0, r4
1405:Middlewares/Third_Party/FreeRTOS/Source/CMSIS_RTOS_V2/cmsis_os2.c ****             vSemaphoreDelete (hSemaphore);
 7566              		.loc 1 1405 15 view .LVU2124
 7567 008a FFF7FEFF 		bl	xQueueGenericSend
 7568              	.LVL706:
1405:Middlewares/Third_Party/FreeRTOS/Source/CMSIS_RTOS_V2/cmsis_os2.c ****             vSemaphoreDelete (hSemaphore);
 7569              		.loc 1 1405 14 view .LVU2125
 7570 008e 0128     		cmp	r0, #1
 7571 0090 E3D0     		beq	.L617
1406:Middlewares/Third_Party/FreeRTOS/Source/CMSIS_RTOS_V2/cmsis_os2.c ****             hSemaphore = NULL;
 7572              		.loc 1 1406 13 is_stmt 1 view .LVU2126
 7573 0092 2046     		mov	r0, r4
 7574 0094 FFF7FEFF 		bl	vQueueDelete
 7575              	.LVL707:
1407:Middlewares/Third_Party/FreeRTOS/Source/CMSIS_RTOS_V2/cmsis_os2.c ****           }
 7576              		.loc 1 1407 13 view .LVU2127
1421:Middlewares/Third_Party/FreeRTOS/Source/CMSIS_RTOS_V2/cmsis_os2.c ****         if (attr != NULL) {
 7577              		.loc 1 1421 7 view .LVU2128
1407:Middlewares/Third_Party/FreeRTOS/Source/CMSIS_RTOS_V2/cmsis_os2.c ****           }
 7578              		.loc 1 1407 24 is_stmt 0 view .LVU2129
ARM GAS  C:\Users\31005\AppData\Local\Temp\ccDX7XtF.s 			page 197


 7579 0098 0024     		movs	r4, #0
 7580 009a 0FE0     		b	.L609
 7581              	.LVL708:
 7582              	.L632:
1398:Middlewares/Third_Party/FreeRTOS/Source/CMSIS_RTOS_V2/cmsis_os2.c ****         }
 7583              		.loc 1 1398 11 is_stmt 1 view .LVU2130
1398:Middlewares/Third_Party/FreeRTOS/Source/CMSIS_RTOS_V2/cmsis_os2.c ****         }
 7584              		.loc 1 1398 24 is_stmt 0 view .LVU2131
 7585 009c AB68     		ldr	r3, [r5, #8]
 7586 009e 0322     		movs	r2, #3
 7587              	.LVL709:
1398:Middlewares/Third_Party/FreeRTOS/Source/CMSIS_RTOS_V2/cmsis_os2.c ****         }
 7588              		.loc 1 1398 24 view .LVU2132
 7589 00a0 0092     		str	r2, [sp]
 7590 00a2 0022     		movs	r2, #0
 7591 00a4 1146     		mov	r1, r2
 7592              	.LVL710:
1398:Middlewares/Third_Party/FreeRTOS/Source/CMSIS_RTOS_V2/cmsis_os2.c ****         }
 7593              		.loc 1 1398 24 view .LVU2133
 7594 00a6 FFF7FEFF 		bl	xQueueGenericCreateStatic
 7595              	.LVL711:
1398:Middlewares/Third_Party/FreeRTOS/Source/CMSIS_RTOS_V2/cmsis_os2.c ****         }
 7596              		.loc 1 1398 24 view .LVU2134
 7597 00aa 0446     		mov	r4, r0
 7598              	.LVL712:
1398:Middlewares/Third_Party/FreeRTOS/Source/CMSIS_RTOS_V2/cmsis_os2.c ****         }
 7599              		.loc 1 1398 24 view .LVU2135
 7600 00ac E6E7     		b	.L616
 7601              	.LVL713:
 7602              	.L631:
1413:Middlewares/Third_Party/FreeRTOS/Source/CMSIS_RTOS_V2/cmsis_os2.c ****         }
 7603              		.loc 1 1413 11 is_stmt 1 view .LVU2136
1413:Middlewares/Third_Party/FreeRTOS/Source/CMSIS_RTOS_V2/cmsis_os2.c ****         }
 7604              		.loc 1 1413 24 is_stmt 0 view .LVU2137
 7605 00ae AA68     		ldr	r2, [r5, #8]
 7606              	.LVL714:
1413:Middlewares/Third_Party/FreeRTOS/Source/CMSIS_RTOS_V2/cmsis_os2.c ****         }
 7607              		.loc 1 1413 24 view .LVU2138
 7608 00b0 3146     		mov	r1, r6
 7609              	.LVL715:
1413:Middlewares/Third_Party/FreeRTOS/Source/CMSIS_RTOS_V2/cmsis_os2.c ****         }
 7610              		.loc 1 1413 24 view .LVU2139
 7611 00b2 FFF7FEFF 		bl	xQueueCreateCountingSemaphoreStatic
 7612              	.LVL716:
1413:Middlewares/Third_Party/FreeRTOS/Source/CMSIS_RTOS_V2/cmsis_os2.c ****         }
 7613              		.loc 1 1413 24 view .LVU2140
 7614 00b6 0446     		mov	r4, r0
 7615              	.LVL717:
1413:Middlewares/Third_Party/FreeRTOS/Source/CMSIS_RTOS_V2/cmsis_os2.c ****         }
 7616              		.loc 1 1413 24 view .LVU2141
 7617 00b8 CFE7     		b	.L617
 7618              	.LVL718:
 7619              	.L620:
1376:Middlewares/Third_Party/FreeRTOS/Source/CMSIS_RTOS_V2/cmsis_os2.c **** 
 7620              		.loc 1 1376 14 view .LVU2142
 7621 00ba 0024     		movs	r4, #0
 7622              	.LVL719:
ARM GAS  C:\Users\31005\AppData\Local\Temp\ccDX7XtF.s 			page 198


 7623              	.L609:
1428:Middlewares/Third_Party/FreeRTOS/Source/CMSIS_RTOS_V2/cmsis_os2.c ****       }
1429:Middlewares/Third_Party/FreeRTOS/Source/CMSIS_RTOS_V2/cmsis_os2.c ****       #endif
1430:Middlewares/Third_Party/FreeRTOS/Source/CMSIS_RTOS_V2/cmsis_os2.c ****     }
1431:Middlewares/Third_Party/FreeRTOS/Source/CMSIS_RTOS_V2/cmsis_os2.c ****   }
1432:Middlewares/Third_Party/FreeRTOS/Source/CMSIS_RTOS_V2/cmsis_os2.c **** 
1433:Middlewares/Third_Party/FreeRTOS/Source/CMSIS_RTOS_V2/cmsis_os2.c ****   return ((osSemaphoreId_t)hSemaphore);
1434:Middlewares/Third_Party/FreeRTOS/Source/CMSIS_RTOS_V2/cmsis_os2.c **** }
 7624              		.loc 1 1434 1 view .LVU2143
 7625 00bc 2046     		mov	r0, r4
 7626 00be 02B0     		add	sp, sp, #8
 7627              	.LCFI106:
 7628              		.cfi_remember_state
 7629              		.cfi_def_cfa_offset 16
 7630              		@ sp needed
 7631 00c0 70BD     		pop	{r4, r5, r6, pc}
 7632              	.LVL720:
 7633              	.L621:
 7634              	.LCFI107:
 7635              		.cfi_restore_state
1376:Middlewares/Third_Party/FreeRTOS/Source/CMSIS_RTOS_V2/cmsis_os2.c **** 
 7636              		.loc 1 1376 14 view .LVU2144
 7637 00c2 0024     		movs	r4, #0
 7638 00c4 FAE7     		b	.L609
 7639              	.L623:
 7640 00c6 0024     		movs	r4, #0
 7641 00c8 F8E7     		b	.L609
 7642              	.L624:
1376:Middlewares/Third_Party/FreeRTOS/Source/CMSIS_RTOS_V2/cmsis_os2.c **** 
 7643              		.loc 1 1376 14 view .LVU2145
 7644 00ca 0024     		movs	r4, #0
 7645 00cc F6E7     		b	.L609
 7646              	.LVL721:
 7647              	.L627:
1376:Middlewares/Third_Party/FreeRTOS/Source/CMSIS_RTOS_V2/cmsis_os2.c **** 
 7648              		.loc 1 1376 14 view .LVU2146
 7649 00ce 0024     		movs	r4, #0
 7650              	.LVL722:
1433:Middlewares/Third_Party/FreeRTOS/Source/CMSIS_RTOS_V2/cmsis_os2.c **** }
 7651              		.loc 1 1433 3 is_stmt 1 view .LVU2147
1433:Middlewares/Third_Party/FreeRTOS/Source/CMSIS_RTOS_V2/cmsis_os2.c **** }
 7652              		.loc 1 1433 11 is_stmt 0 view .LVU2148
 7653 00d0 F4E7     		b	.L609
 7654              	.L634:
 7655 00d2 00BF     		.align	2
 7656              	.L633:
 7657 00d4 00000000 		.word	KernelState
 7658              		.cfi_endproc
 7659              	.LFE156:
 7661              		.section	.text.osSemaphoreAcquire,"ax",%progbits
 7662              		.align	1
 7663              		.global	osSemaphoreAcquire
 7664              		.syntax unified
 7665              		.thumb
 7666              		.thumb_func
 7668              	osSemaphoreAcquire:
 7669              	.LVL723:
ARM GAS  C:\Users\31005\AppData\Local\Temp\ccDX7XtF.s 			page 199


 7670              	.LFB157:
1435:Middlewares/Third_Party/FreeRTOS/Source/CMSIS_RTOS_V2/cmsis_os2.c **** 
1436:Middlewares/Third_Party/FreeRTOS/Source/CMSIS_RTOS_V2/cmsis_os2.c **** osStatus_t osSemaphoreAcquire (osSemaphoreId_t semaphore_id, uint32_t timeout) {
 7671              		.loc 1 1436 80 is_stmt 1 view -0
 7672              		.cfi_startproc
 7673              		@ args = 0, pretend = 0, frame = 8
 7674              		@ frame_needed = 0, uses_anonymous_args = 0
1437:Middlewares/Third_Party/FreeRTOS/Source/CMSIS_RTOS_V2/cmsis_os2.c ****   SemaphoreHandle_t hSemaphore = (SemaphoreHandle_t)semaphore_id;
 7675              		.loc 1 1437 3 view .LVU2150
1438:Middlewares/Third_Party/FreeRTOS/Source/CMSIS_RTOS_V2/cmsis_os2.c ****   osStatus_t stat;
 7676              		.loc 1 1438 3 view .LVU2151
1439:Middlewares/Third_Party/FreeRTOS/Source/CMSIS_RTOS_V2/cmsis_os2.c ****   BaseType_t yield;
 7677              		.loc 1 1439 3 view .LVU2152
1440:Middlewares/Third_Party/FreeRTOS/Source/CMSIS_RTOS_V2/cmsis_os2.c **** 
1441:Middlewares/Third_Party/FreeRTOS/Source/CMSIS_RTOS_V2/cmsis_os2.c ****   stat = osOK;
 7678              		.loc 1 1441 3 view .LVU2153
1442:Middlewares/Third_Party/FreeRTOS/Source/CMSIS_RTOS_V2/cmsis_os2.c **** 
1443:Middlewares/Third_Party/FreeRTOS/Source/CMSIS_RTOS_V2/cmsis_os2.c ****   if (hSemaphore == NULL) {
 7679              		.loc 1 1443 3 view .LVU2154
 7680              		.loc 1 1443 6 is_stmt 0 view .LVU2155
 7681 0000 90B3     		cbz	r0, .L639
1436:Middlewares/Third_Party/FreeRTOS/Source/CMSIS_RTOS_V2/cmsis_os2.c ****   SemaphoreHandle_t hSemaphore = (SemaphoreHandle_t)semaphore_id;
 7682              		.loc 1 1436 80 view .LVU2156
 7683 0002 10B5     		push	{r4, lr}
 7684              	.LCFI108:
 7685              		.cfi_def_cfa_offset 8
 7686              		.cfi_offset 4, -8
 7687              		.cfi_offset 14, -4
 7688 0004 82B0     		sub	sp, sp, #8
 7689              	.LCFI109:
 7690              		.cfi_def_cfa_offset 16
 7691 0006 0C46     		mov	r4, r1
 7692 0008 8446     		mov	ip, r0
1444:Middlewares/Third_Party/FreeRTOS/Source/CMSIS_RTOS_V2/cmsis_os2.c ****     stat = osErrorParameter;
1445:Middlewares/Third_Party/FreeRTOS/Source/CMSIS_RTOS_V2/cmsis_os2.c ****   }
1446:Middlewares/Third_Party/FreeRTOS/Source/CMSIS_RTOS_V2/cmsis_os2.c ****   else if (IS_IRQ()) {
 7693              		.loc 1 1446 8 is_stmt 1 view .LVU2157
 7694              	.LBB596:
 7695              	.LBI596:
 205:Drivers/CMSIS/Include/cmsis_gcc.h **** {
 7696              		.loc 2 205 31 view .LVU2158
 7697              	.LBB597:
 207:Drivers/CMSIS/Include/cmsis_gcc.h **** 
 7698              		.loc 2 207 3 view .LVU2159
 209:Drivers/CMSIS/Include/cmsis_gcc.h ****   return(result);
 7699              		.loc 2 209 3 view .LVU2160
 7700              		.syntax unified
 7701              	@ 209 "Drivers/CMSIS/Include/cmsis_gcc.h" 1
 7702 000a EFF30583 		MRS r3, ipsr
 7703              	@ 0 "" 2
 7704              	.LVL724:
 210:Drivers/CMSIS/Include/cmsis_gcc.h **** }
 7705              		.loc 2 210 3 view .LVU2161
 210:Drivers/CMSIS/Include/cmsis_gcc.h **** }
 7706              		.loc 2 210 3 is_stmt 0 view .LVU2162
 7707              		.thumb
 7708              		.syntax unified
ARM GAS  C:\Users\31005\AppData\Local\Temp\ccDX7XtF.s 			page 200


 7709              	.LBE597:
 7710              	.LBE596:
 7711              		.loc 1 1446 11 view .LVU2163
 7712 000e 4BB9     		cbnz	r3, .L637
 7713              	.LBB598:
 7714              	.LBI598:
 382:Drivers/CMSIS/Include/cmsis_gcc.h **** {
 7715              		.loc 2 382 31 is_stmt 1 view .LVU2164
 7716              	.LBB599:
 384:Drivers/CMSIS/Include/cmsis_gcc.h **** 
 7717              		.loc 2 384 3 view .LVU2165
 386:Drivers/CMSIS/Include/cmsis_gcc.h ****   return(result);
 7718              		.loc 2 386 3 view .LVU2166
 7719              		.syntax unified
 7720              	@ 386 "Drivers/CMSIS/Include/cmsis_gcc.h" 1
 7721 0010 EFF31083 		MRS r3, primask
 7722              	@ 0 "" 2
 7723              	.LVL725:
 387:Drivers/CMSIS/Include/cmsis_gcc.h **** }
 7724              		.loc 2 387 3 view .LVU2167
 387:Drivers/CMSIS/Include/cmsis_gcc.h **** }
 7725              		.loc 2 387 3 is_stmt 0 view .LVU2168
 7726              		.thumb
 7727              		.syntax unified
 7728              	.LBE599:
 7729              	.LBE598:
 7730              		.loc 1 1446 12 view .LVU2169
 7731 0014 33B9     		cbnz	r3, .L637
 7732              		.loc 1 1446 12 discriminator 2 view .LVU2170
 7733 0016 1B4B     		ldr	r3, .L648
 7734 0018 1B68     		ldr	r3, [r3]
 7735 001a 022B     		cmp	r3, #2
 7736 001c 1AD1     		bne	.L638
 7737              	.LBB600:
 7738              	.LBI600:
 461:Drivers/CMSIS/Include/cmsis_gcc.h **** {
 7739              		.loc 2 461 31 is_stmt 1 view .LVU2171
 7740              	.LBB601:
 463:Drivers/CMSIS/Include/cmsis_gcc.h **** 
 7741              		.loc 2 463 3 view .LVU2172
 465:Drivers/CMSIS/Include/cmsis_gcc.h ****   return(result);
 7742              		.loc 2 465 3 view .LVU2173
 7743              		.syntax unified
 7744              	@ 465 "Drivers/CMSIS/Include/cmsis_gcc.h" 1
 7745 001e EFF31183 		MRS r3, basepri
 7746              	@ 0 "" 2
 7747              	.LVL726:
 7748              		.loc 2 466 3 view .LVU2174
 7749              		.loc 2 466 3 is_stmt 0 view .LVU2175
 7750              		.thumb
 7751              		.syntax unified
 7752              	.LBE601:
 7753              	.LBE600:
 7754              		.loc 1 1446 12 view .LVU2176
 7755 0022 BBB1     		cbz	r3, .L638
 7756              	.L637:
1447:Middlewares/Third_Party/FreeRTOS/Source/CMSIS_RTOS_V2/cmsis_os2.c ****     if (timeout != 0U) {
ARM GAS  C:\Users\31005\AppData\Local\Temp\ccDX7XtF.s 			page 201


 7757              		.loc 1 1447 5 is_stmt 1 view .LVU2177
 7758              		.loc 1 1447 8 is_stmt 0 view .LVU2178
 7759 0024 1CBB     		cbnz	r4, .L640
1448:Middlewares/Third_Party/FreeRTOS/Source/CMSIS_RTOS_V2/cmsis_os2.c ****       stat = osErrorParameter;
1449:Middlewares/Third_Party/FreeRTOS/Source/CMSIS_RTOS_V2/cmsis_os2.c ****     }
1450:Middlewares/Third_Party/FreeRTOS/Source/CMSIS_RTOS_V2/cmsis_os2.c ****     else {
1451:Middlewares/Third_Party/FreeRTOS/Source/CMSIS_RTOS_V2/cmsis_os2.c ****       yield = pdFALSE;
 7760              		.loc 1 1451 7 is_stmt 1 view .LVU2179
 7761              		.loc 1 1451 13 is_stmt 0 view .LVU2180
 7762 0026 0021     		movs	r1, #0
 7763              	.LVL727:
 7764              		.loc 1 1451 13 view .LVU2181
 7765 0028 0191     		str	r1, [sp, #4]
1452:Middlewares/Third_Party/FreeRTOS/Source/CMSIS_RTOS_V2/cmsis_os2.c **** 
1453:Middlewares/Third_Party/FreeRTOS/Source/CMSIS_RTOS_V2/cmsis_os2.c ****       if (xSemaphoreTakeFromISR (hSemaphore, &yield) != pdPASS) {
 7766              		.loc 1 1453 7 is_stmt 1 view .LVU2182
 7767              		.loc 1 1453 11 is_stmt 0 view .LVU2183
 7768 002a 01AA     		add	r2, sp, #4
 7769 002c 6046     		mov	r0, ip
 7770              	.LVL728:
 7771              		.loc 1 1453 11 view .LVU2184
 7772 002e FFF7FEFF 		bl	xQueueReceiveFromISR
 7773              	.LVL729:
 7774              		.loc 1 1453 10 view .LVU2185
 7775 0032 0128     		cmp	r0, #1
 7776 0034 1ED1     		bne	.L641
1454:Middlewares/Third_Party/FreeRTOS/Source/CMSIS_RTOS_V2/cmsis_os2.c ****         stat = osErrorResource;
1455:Middlewares/Third_Party/FreeRTOS/Source/CMSIS_RTOS_V2/cmsis_os2.c ****       } else {
1456:Middlewares/Third_Party/FreeRTOS/Source/CMSIS_RTOS_V2/cmsis_os2.c ****         portYIELD_FROM_ISR (yield);
 7777              		.loc 1 1456 9 is_stmt 1 view .LVU2186
 7778 0036 0198     		ldr	r0, [sp, #4]
 7779 0038 50B1     		cbz	r0, .L635
 7780              		.loc 1 1456 9 discriminator 1 view .LVU2187
 7781 003a 4FF0E023 		mov	r3, #-536813568
 7782 003e 4FF08052 		mov	r2, #268435456
 7783 0042 C3F8042D 		str	r2, [r3, #3332]
 7784              		.loc 1 1456 9 discriminator 1 view .LVU2188
 7785              		.syntax unified
 7786              	@ 1456 "Middlewares/Third_Party/FreeRTOS/Source/CMSIS_RTOS_V2/cmsis_os2.c" 1
 7787 0046 BFF34F8F 		dsb
 7788              	@ 0 "" 2
 7789              		.loc 1 1456 9 discriminator 1 view .LVU2189
 7790              	@ 1456 "Middlewares/Third_Party/FreeRTOS/Source/CMSIS_RTOS_V2/cmsis_os2.c" 1
 7791 004a BFF36F8F 		isb
 7792              	@ 0 "" 2
1441:Middlewares/Third_Party/FreeRTOS/Source/CMSIS_RTOS_V2/cmsis_os2.c **** 
 7793              		.loc 1 1441 8 is_stmt 0 discriminator 1 view .LVU2190
 7794              		.thumb
 7795              		.syntax unified
 7796 004e 0020     		movs	r0, #0
 7797              	.LVL730:
 7798              	.L635:
1457:Middlewares/Third_Party/FreeRTOS/Source/CMSIS_RTOS_V2/cmsis_os2.c ****       }
1458:Middlewares/Third_Party/FreeRTOS/Source/CMSIS_RTOS_V2/cmsis_os2.c ****     }
1459:Middlewares/Third_Party/FreeRTOS/Source/CMSIS_RTOS_V2/cmsis_os2.c ****   }
1460:Middlewares/Third_Party/FreeRTOS/Source/CMSIS_RTOS_V2/cmsis_os2.c ****   else {
1461:Middlewares/Third_Party/FreeRTOS/Source/CMSIS_RTOS_V2/cmsis_os2.c ****     if (xSemaphoreTake (hSemaphore, (TickType_t)timeout) != pdPASS) {
ARM GAS  C:\Users\31005\AppData\Local\Temp\ccDX7XtF.s 			page 202


1462:Middlewares/Third_Party/FreeRTOS/Source/CMSIS_RTOS_V2/cmsis_os2.c ****       if (timeout != 0U) {
1463:Middlewares/Third_Party/FreeRTOS/Source/CMSIS_RTOS_V2/cmsis_os2.c ****         stat = osErrorTimeout;
1464:Middlewares/Third_Party/FreeRTOS/Source/CMSIS_RTOS_V2/cmsis_os2.c ****       } else {
1465:Middlewares/Third_Party/FreeRTOS/Source/CMSIS_RTOS_V2/cmsis_os2.c ****         stat = osErrorResource;
1466:Middlewares/Third_Party/FreeRTOS/Source/CMSIS_RTOS_V2/cmsis_os2.c ****       }
1467:Middlewares/Third_Party/FreeRTOS/Source/CMSIS_RTOS_V2/cmsis_os2.c ****     }
1468:Middlewares/Third_Party/FreeRTOS/Source/CMSIS_RTOS_V2/cmsis_os2.c ****   }
1469:Middlewares/Third_Party/FreeRTOS/Source/CMSIS_RTOS_V2/cmsis_os2.c **** 
1470:Middlewares/Third_Party/FreeRTOS/Source/CMSIS_RTOS_V2/cmsis_os2.c ****   return (stat);
1471:Middlewares/Third_Party/FreeRTOS/Source/CMSIS_RTOS_V2/cmsis_os2.c **** }
 7799              		.loc 1 1471 1 view .LVU2191
 7800 0050 02B0     		add	sp, sp, #8
 7801              	.LCFI110:
 7802              		.cfi_remember_state
 7803              		.cfi_def_cfa_offset 8
 7804              		@ sp needed
 7805 0052 10BD     		pop	{r4, pc}
 7806              	.LVL731:
 7807              	.L638:
 7808              	.LCFI111:
 7809              		.cfi_restore_state
1461:Middlewares/Third_Party/FreeRTOS/Source/CMSIS_RTOS_V2/cmsis_os2.c ****       if (timeout != 0U) {
 7810              		.loc 1 1461 5 is_stmt 1 view .LVU2192
1461:Middlewares/Third_Party/FreeRTOS/Source/CMSIS_RTOS_V2/cmsis_os2.c ****       if (timeout != 0U) {
 7811              		.loc 1 1461 9 is_stmt 0 view .LVU2193
 7812 0054 2146     		mov	r1, r4
 7813              	.LVL732:
1461:Middlewares/Third_Party/FreeRTOS/Source/CMSIS_RTOS_V2/cmsis_os2.c ****       if (timeout != 0U) {
 7814              		.loc 1 1461 9 view .LVU2194
 7815 0056 6046     		mov	r0, ip
 7816              	.LVL733:
1461:Middlewares/Third_Party/FreeRTOS/Source/CMSIS_RTOS_V2/cmsis_os2.c ****       if (timeout != 0U) {
 7817              		.loc 1 1461 9 view .LVU2195
 7818 0058 FFF7FEFF 		bl	xQueueSemaphoreTake
 7819              	.LVL734:
1461:Middlewares/Third_Party/FreeRTOS/Source/CMSIS_RTOS_V2/cmsis_os2.c ****       if (timeout != 0U) {
 7820              		.loc 1 1461 8 view .LVU2196
 7821 005c 0128     		cmp	r0, #1
 7822 005e 0CD0     		beq	.L642
1462:Middlewares/Third_Party/FreeRTOS/Source/CMSIS_RTOS_V2/cmsis_os2.c ****         stat = osErrorTimeout;
 7823              		.loc 1 1462 7 is_stmt 1 view .LVU2197
1462:Middlewares/Third_Party/FreeRTOS/Source/CMSIS_RTOS_V2/cmsis_os2.c ****         stat = osErrorTimeout;
 7824              		.loc 1 1462 10 is_stmt 0 view .LVU2198
 7825 0060 6CB1     		cbz	r4, .L643
1463:Middlewares/Third_Party/FreeRTOS/Source/CMSIS_RTOS_V2/cmsis_os2.c ****       } else {
 7826              		.loc 1 1463 14 view .LVU2199
 7827 0062 6FF00100 		mvn	r0, #1
 7828 0066 F3E7     		b	.L635
 7829              	.LVL735:
 7830              	.L639:
 7831              	.LCFI112:
 7832              		.cfi_def_cfa_offset 0
 7833              		.cfi_restore 4
 7834              		.cfi_restore 14
1444:Middlewares/Third_Party/FreeRTOS/Source/CMSIS_RTOS_V2/cmsis_os2.c ****   }
 7835              		.loc 1 1444 10 view .LVU2200
 7836 0068 6FF00300 		mvn	r0, #3
ARM GAS  C:\Users\31005\AppData\Local\Temp\ccDX7XtF.s 			page 203


 7837              	.LVL736:
 7838              		.loc 1 1471 1 view .LVU2201
 7839 006c 7047     		bx	lr
 7840              	.LVL737:
 7841              	.L640:
 7842              	.LCFI113:
 7843              		.cfi_def_cfa_offset 16
 7844              		.cfi_offset 4, -8
 7845              		.cfi_offset 14, -4
1448:Middlewares/Third_Party/FreeRTOS/Source/CMSIS_RTOS_V2/cmsis_os2.c ****     }
 7846              		.loc 1 1448 12 view .LVU2202
 7847 006e 6FF00300 		mvn	r0, #3
 7848              	.LVL738:
1448:Middlewares/Third_Party/FreeRTOS/Source/CMSIS_RTOS_V2/cmsis_os2.c ****     }
 7849              		.loc 1 1448 12 view .LVU2203
 7850 0072 EDE7     		b	.L635
 7851              	.LVL739:
 7852              	.L641:
1454:Middlewares/Third_Party/FreeRTOS/Source/CMSIS_RTOS_V2/cmsis_os2.c ****       } else {
 7853              		.loc 1 1454 14 view .LVU2204
 7854 0074 6FF00200 		mvn	r0, #2
 7855 0078 EAE7     		b	.L635
 7856              	.L642:
1441:Middlewares/Third_Party/FreeRTOS/Source/CMSIS_RTOS_V2/cmsis_os2.c **** 
 7857              		.loc 1 1441 8 view .LVU2205
 7858 007a 0020     		movs	r0, #0
 7859 007c E8E7     		b	.L635
 7860              	.L643:
1465:Middlewares/Third_Party/FreeRTOS/Source/CMSIS_RTOS_V2/cmsis_os2.c ****       }
 7861              		.loc 1 1465 14 view .LVU2206
 7862 007e 6FF00200 		mvn	r0, #2
 7863              	.LVL740:
1470:Middlewares/Third_Party/FreeRTOS/Source/CMSIS_RTOS_V2/cmsis_os2.c **** }
 7864              		.loc 1 1470 3 is_stmt 1 view .LVU2207
1470:Middlewares/Third_Party/FreeRTOS/Source/CMSIS_RTOS_V2/cmsis_os2.c **** }
 7865              		.loc 1 1470 10 is_stmt 0 view .LVU2208
 7866 0082 E5E7     		b	.L635
 7867              	.L649:
 7868              		.align	2
 7869              	.L648:
 7870 0084 00000000 		.word	KernelState
 7871              		.cfi_endproc
 7872              	.LFE157:
 7874              		.section	.text.osSemaphoreRelease,"ax",%progbits
 7875              		.align	1
 7876              		.global	osSemaphoreRelease
 7877              		.syntax unified
 7878              		.thumb
 7879              		.thumb_func
 7881              	osSemaphoreRelease:
 7882              	.LVL741:
 7883              	.LFB158:
1472:Middlewares/Third_Party/FreeRTOS/Source/CMSIS_RTOS_V2/cmsis_os2.c **** 
1473:Middlewares/Third_Party/FreeRTOS/Source/CMSIS_RTOS_V2/cmsis_os2.c **** osStatus_t osSemaphoreRelease (osSemaphoreId_t semaphore_id) {
 7884              		.loc 1 1473 62 is_stmt 1 view -0
 7885              		.cfi_startproc
 7886              		@ args = 0, pretend = 0, frame = 8
ARM GAS  C:\Users\31005\AppData\Local\Temp\ccDX7XtF.s 			page 204


 7887              		@ frame_needed = 0, uses_anonymous_args = 0
1474:Middlewares/Third_Party/FreeRTOS/Source/CMSIS_RTOS_V2/cmsis_os2.c ****   SemaphoreHandle_t hSemaphore = (SemaphoreHandle_t)semaphore_id;
 7888              		.loc 1 1474 3 view .LVU2210
1475:Middlewares/Third_Party/FreeRTOS/Source/CMSIS_RTOS_V2/cmsis_os2.c ****   osStatus_t stat;
 7889              		.loc 1 1475 3 view .LVU2211
1476:Middlewares/Third_Party/FreeRTOS/Source/CMSIS_RTOS_V2/cmsis_os2.c ****   BaseType_t yield;
 7890              		.loc 1 1476 3 view .LVU2212
1477:Middlewares/Third_Party/FreeRTOS/Source/CMSIS_RTOS_V2/cmsis_os2.c **** 
1478:Middlewares/Third_Party/FreeRTOS/Source/CMSIS_RTOS_V2/cmsis_os2.c ****   stat = osOK;
 7891              		.loc 1 1478 3 view .LVU2213
1479:Middlewares/Third_Party/FreeRTOS/Source/CMSIS_RTOS_V2/cmsis_os2.c **** 
1480:Middlewares/Third_Party/FreeRTOS/Source/CMSIS_RTOS_V2/cmsis_os2.c ****   if (hSemaphore == NULL) {
 7892              		.loc 1 1480 3 view .LVU2214
 7893              		.loc 1 1480 6 is_stmt 0 view .LVU2215
 7894 0000 88B3     		cbz	r0, .L654
1473:Middlewares/Third_Party/FreeRTOS/Source/CMSIS_RTOS_V2/cmsis_os2.c ****   SemaphoreHandle_t hSemaphore = (SemaphoreHandle_t)semaphore_id;
 7895              		.loc 1 1473 62 view .LVU2216
 7896 0002 00B5     		push	{lr}
 7897              	.LCFI114:
 7898              		.cfi_def_cfa_offset 4
 7899              		.cfi_offset 14, -4
 7900 0004 83B0     		sub	sp, sp, #12
 7901              	.LCFI115:
 7902              		.cfi_def_cfa_offset 16
 7903 0006 8446     		mov	ip, r0
1481:Middlewares/Third_Party/FreeRTOS/Source/CMSIS_RTOS_V2/cmsis_os2.c ****     stat = osErrorParameter;
1482:Middlewares/Third_Party/FreeRTOS/Source/CMSIS_RTOS_V2/cmsis_os2.c ****   }
1483:Middlewares/Third_Party/FreeRTOS/Source/CMSIS_RTOS_V2/cmsis_os2.c ****   else if (IS_IRQ()) {
 7904              		.loc 1 1483 8 is_stmt 1 view .LVU2217
 7905              	.LBB602:
 7906              	.LBI602:
 205:Drivers/CMSIS/Include/cmsis_gcc.h **** {
 7907              		.loc 2 205 31 view .LVU2218
 7908              	.LBB603:
 207:Drivers/CMSIS/Include/cmsis_gcc.h **** 
 7909              		.loc 2 207 3 view .LVU2219
 209:Drivers/CMSIS/Include/cmsis_gcc.h ****   return(result);
 7910              		.loc 2 209 3 view .LVU2220
 7911              		.syntax unified
 7912              	@ 209 "Drivers/CMSIS/Include/cmsis_gcc.h" 1
 7913 0008 EFF30583 		MRS r3, ipsr
 7914              	@ 0 "" 2
 7915              	.LVL742:
 210:Drivers/CMSIS/Include/cmsis_gcc.h **** }
 7916              		.loc 2 210 3 view .LVU2221
 210:Drivers/CMSIS/Include/cmsis_gcc.h **** }
 7917              		.loc 2 210 3 is_stmt 0 view .LVU2222
 7918              		.thumb
 7919              		.syntax unified
 7920              	.LBE603:
 7921              	.LBE602:
 7922              		.loc 1 1483 11 view .LVU2223
 7923 000c 4BB9     		cbnz	r3, .L652
 7924              	.LBB604:
 7925              	.LBI604:
 382:Drivers/CMSIS/Include/cmsis_gcc.h **** {
 7926              		.loc 2 382 31 is_stmt 1 view .LVU2224
ARM GAS  C:\Users\31005\AppData\Local\Temp\ccDX7XtF.s 			page 205


 7927              	.LBB605:
 384:Drivers/CMSIS/Include/cmsis_gcc.h **** 
 7928              		.loc 2 384 3 view .LVU2225
 386:Drivers/CMSIS/Include/cmsis_gcc.h ****   return(result);
 7929              		.loc 2 386 3 view .LVU2226
 7930              		.syntax unified
 7931              	@ 386 "Drivers/CMSIS/Include/cmsis_gcc.h" 1
 7932 000e EFF31083 		MRS r3, primask
 7933              	@ 0 "" 2
 7934              	.LVL743:
 387:Drivers/CMSIS/Include/cmsis_gcc.h **** }
 7935              		.loc 2 387 3 view .LVU2227
 387:Drivers/CMSIS/Include/cmsis_gcc.h **** }
 7936              		.loc 2 387 3 is_stmt 0 view .LVU2228
 7937              		.thumb
 7938              		.syntax unified
 7939              	.LBE605:
 7940              	.LBE604:
 7941              		.loc 1 1483 12 view .LVU2229
 7942 0012 33B9     		cbnz	r3, .L652
 7943              		.loc 1 1483 12 discriminator 2 view .LVU2230
 7944 0014 184B     		ldr	r3, .L661
 7945 0016 1B68     		ldr	r3, [r3]
 7946 0018 022B     		cmp	r3, #2
 7947 001a 1AD1     		bne	.L653
 7948              	.LBB606:
 7949              	.LBI606:
 461:Drivers/CMSIS/Include/cmsis_gcc.h **** {
 7950              		.loc 2 461 31 is_stmt 1 view .LVU2231
 7951              	.LBB607:
 463:Drivers/CMSIS/Include/cmsis_gcc.h **** 
 7952              		.loc 2 463 3 view .LVU2232
 465:Drivers/CMSIS/Include/cmsis_gcc.h ****   return(result);
 7953              		.loc 2 465 3 view .LVU2233
 7954              		.syntax unified
 7955              	@ 465 "Drivers/CMSIS/Include/cmsis_gcc.h" 1
 7956 001c EFF31183 		MRS r3, basepri
 7957              	@ 0 "" 2
 7958              	.LVL744:
 7959              		.loc 2 466 3 view .LVU2234
 7960              		.loc 2 466 3 is_stmt 0 view .LVU2235
 7961              		.thumb
 7962              		.syntax unified
 7963              	.LBE607:
 7964              	.LBE606:
 7965              		.loc 1 1483 12 view .LVU2236
 7966 0020 BBB1     		cbz	r3, .L653
 7967              	.L652:
1484:Middlewares/Third_Party/FreeRTOS/Source/CMSIS_RTOS_V2/cmsis_os2.c ****     yield = pdFALSE;
 7968              		.loc 1 1484 5 is_stmt 1 view .LVU2237
 7969              		.loc 1 1484 11 is_stmt 0 view .LVU2238
 7970 0022 0023     		movs	r3, #0
 7971 0024 0193     		str	r3, [sp, #4]
1485:Middlewares/Third_Party/FreeRTOS/Source/CMSIS_RTOS_V2/cmsis_os2.c **** 
1486:Middlewares/Third_Party/FreeRTOS/Source/CMSIS_RTOS_V2/cmsis_os2.c ****     if (xSemaphoreGiveFromISR (hSemaphore, &yield) != pdTRUE) {
 7972              		.loc 1 1486 5 is_stmt 1 view .LVU2239
 7973              		.loc 1 1486 9 is_stmt 0 view .LVU2240
ARM GAS  C:\Users\31005\AppData\Local\Temp\ccDX7XtF.s 			page 206


 7974 0026 01A9     		add	r1, sp, #4
 7975 0028 6046     		mov	r0, ip
 7976              	.LVL745:
 7977              		.loc 1 1486 9 view .LVU2241
 7978 002a FFF7FEFF 		bl	xQueueGiveFromISR
 7979              	.LVL746:
 7980              		.loc 1 1486 8 view .LVU2242
 7981 002e 0128     		cmp	r0, #1
 7982 0030 1CD1     		bne	.L655
1487:Middlewares/Third_Party/FreeRTOS/Source/CMSIS_RTOS_V2/cmsis_os2.c ****       stat = osErrorResource;
1488:Middlewares/Third_Party/FreeRTOS/Source/CMSIS_RTOS_V2/cmsis_os2.c ****     } else {
1489:Middlewares/Third_Party/FreeRTOS/Source/CMSIS_RTOS_V2/cmsis_os2.c ****       portYIELD_FROM_ISR (yield);
 7983              		.loc 1 1489 7 is_stmt 1 view .LVU2243
 7984 0032 0198     		ldr	r0, [sp, #4]
 7985 0034 50B1     		cbz	r0, .L650
 7986              		.loc 1 1489 7 discriminator 1 view .LVU2244
 7987 0036 4FF0E023 		mov	r3, #-536813568
 7988 003a 4FF08052 		mov	r2, #268435456
 7989 003e C3F8042D 		str	r2, [r3, #3332]
 7990              		.loc 1 1489 7 discriminator 1 view .LVU2245
 7991              		.syntax unified
 7992              	@ 1489 "Middlewares/Third_Party/FreeRTOS/Source/CMSIS_RTOS_V2/cmsis_os2.c" 1
 7993 0042 BFF34F8F 		dsb
 7994              	@ 0 "" 2
 7995              		.loc 1 1489 7 discriminator 1 view .LVU2246
 7996              	@ 1489 "Middlewares/Third_Party/FreeRTOS/Source/CMSIS_RTOS_V2/cmsis_os2.c" 1
 7997 0046 BFF36F8F 		isb
 7998              	@ 0 "" 2
1478:Middlewares/Third_Party/FreeRTOS/Source/CMSIS_RTOS_V2/cmsis_os2.c **** 
 7999              		.loc 1 1478 8 is_stmt 0 discriminator 1 view .LVU2247
 8000              		.thumb
 8001              		.syntax unified
 8002 004a 0020     		movs	r0, #0
 8003              	.LVL747:
 8004              	.L650:
1490:Middlewares/Third_Party/FreeRTOS/Source/CMSIS_RTOS_V2/cmsis_os2.c ****     }
1491:Middlewares/Third_Party/FreeRTOS/Source/CMSIS_RTOS_V2/cmsis_os2.c ****   }
1492:Middlewares/Third_Party/FreeRTOS/Source/CMSIS_RTOS_V2/cmsis_os2.c ****   else {
1493:Middlewares/Third_Party/FreeRTOS/Source/CMSIS_RTOS_V2/cmsis_os2.c ****     if (xSemaphoreGive (hSemaphore) != pdPASS) {
1494:Middlewares/Third_Party/FreeRTOS/Source/CMSIS_RTOS_V2/cmsis_os2.c ****       stat = osErrorResource;
1495:Middlewares/Third_Party/FreeRTOS/Source/CMSIS_RTOS_V2/cmsis_os2.c ****     }
1496:Middlewares/Third_Party/FreeRTOS/Source/CMSIS_RTOS_V2/cmsis_os2.c ****   }
1497:Middlewares/Third_Party/FreeRTOS/Source/CMSIS_RTOS_V2/cmsis_os2.c **** 
1498:Middlewares/Third_Party/FreeRTOS/Source/CMSIS_RTOS_V2/cmsis_os2.c ****   return (stat);
1499:Middlewares/Third_Party/FreeRTOS/Source/CMSIS_RTOS_V2/cmsis_os2.c **** }
 8005              		.loc 1 1499 1 view .LVU2248
 8006 004c 03B0     		add	sp, sp, #12
 8007              	.LCFI116:
 8008              		.cfi_remember_state
 8009              		.cfi_def_cfa_offset 4
 8010              		@ sp needed
 8011 004e 5DF804FB 		ldr	pc, [sp], #4
 8012              	.LVL748:
 8013              	.L653:
 8014              	.LCFI117:
 8015              		.cfi_restore_state
1493:Middlewares/Third_Party/FreeRTOS/Source/CMSIS_RTOS_V2/cmsis_os2.c ****       stat = osErrorResource;
ARM GAS  C:\Users\31005\AppData\Local\Temp\ccDX7XtF.s 			page 207


 8016              		.loc 1 1493 5 is_stmt 1 view .LVU2249
1493:Middlewares/Third_Party/FreeRTOS/Source/CMSIS_RTOS_V2/cmsis_os2.c ****       stat = osErrorResource;
 8017              		.loc 1 1493 9 is_stmt 0 view .LVU2250
 8018 0052 0023     		movs	r3, #0
 8019 0054 1A46     		mov	r2, r3
 8020 0056 1946     		mov	r1, r3
 8021 0058 6046     		mov	r0, ip
 8022              	.LVL749:
1493:Middlewares/Third_Party/FreeRTOS/Source/CMSIS_RTOS_V2/cmsis_os2.c ****       stat = osErrorResource;
 8023              		.loc 1 1493 9 view .LVU2251
 8024 005a FFF7FEFF 		bl	xQueueGenericSend
 8025              	.LVL750:
1493:Middlewares/Third_Party/FreeRTOS/Source/CMSIS_RTOS_V2/cmsis_os2.c ****       stat = osErrorResource;
 8026              		.loc 1 1493 8 view .LVU2252
 8027 005e 0128     		cmp	r0, #1
 8028 0060 07D1     		bne	.L656
1478:Middlewares/Third_Party/FreeRTOS/Source/CMSIS_RTOS_V2/cmsis_os2.c **** 
 8029              		.loc 1 1478 8 view .LVU2253
 8030 0062 0020     		movs	r0, #0
 8031 0064 F2E7     		b	.L650
 8032              	.LVL751:
 8033              	.L654:
 8034              	.LCFI118:
 8035              		.cfi_def_cfa_offset 0
 8036              		.cfi_restore 14
1481:Middlewares/Third_Party/FreeRTOS/Source/CMSIS_RTOS_V2/cmsis_os2.c ****   }
 8037              		.loc 1 1481 10 view .LVU2254
 8038 0066 6FF00300 		mvn	r0, #3
 8039              	.LVL752:
 8040              		.loc 1 1499 1 view .LVU2255
 8041 006a 7047     		bx	lr
 8042              	.L655:
 8043              	.LCFI119:
 8044              		.cfi_def_cfa_offset 16
 8045              		.cfi_offset 14, -4
1487:Middlewares/Third_Party/FreeRTOS/Source/CMSIS_RTOS_V2/cmsis_os2.c ****     } else {
 8046              		.loc 1 1487 12 view .LVU2256
 8047 006c 6FF00200 		mvn	r0, #2
 8048 0070 ECE7     		b	.L650
 8049              	.L656:
1494:Middlewares/Third_Party/FreeRTOS/Source/CMSIS_RTOS_V2/cmsis_os2.c ****     }
 8050              		.loc 1 1494 12 view .LVU2257
 8051 0072 6FF00200 		mvn	r0, #2
 8052              	.LVL753:
1498:Middlewares/Third_Party/FreeRTOS/Source/CMSIS_RTOS_V2/cmsis_os2.c **** }
 8053              		.loc 1 1498 3 is_stmt 1 view .LVU2258
1498:Middlewares/Third_Party/FreeRTOS/Source/CMSIS_RTOS_V2/cmsis_os2.c **** }
 8054              		.loc 1 1498 10 is_stmt 0 view .LVU2259
 8055 0076 E9E7     		b	.L650
 8056              	.L662:
 8057              		.align	2
 8058              	.L661:
 8059 0078 00000000 		.word	KernelState
 8060              		.cfi_endproc
 8061              	.LFE158:
 8063              		.section	.text.osSemaphoreGetCount,"ax",%progbits
 8064              		.align	1
ARM GAS  C:\Users\31005\AppData\Local\Temp\ccDX7XtF.s 			page 208


 8065              		.global	osSemaphoreGetCount
 8066              		.syntax unified
 8067              		.thumb
 8068              		.thumb_func
 8070              	osSemaphoreGetCount:
 8071              	.LVL754:
 8072              	.LFB159:
1500:Middlewares/Third_Party/FreeRTOS/Source/CMSIS_RTOS_V2/cmsis_os2.c **** 
1501:Middlewares/Third_Party/FreeRTOS/Source/CMSIS_RTOS_V2/cmsis_os2.c **** uint32_t osSemaphoreGetCount (osSemaphoreId_t semaphore_id) {
 8073              		.loc 1 1501 61 is_stmt 1 view -0
 8074              		.cfi_startproc
 8075              		@ args = 0, pretend = 0, frame = 0
 8076              		@ frame_needed = 0, uses_anonymous_args = 0
1502:Middlewares/Third_Party/FreeRTOS/Source/CMSIS_RTOS_V2/cmsis_os2.c ****   SemaphoreHandle_t hSemaphore = (SemaphoreHandle_t)semaphore_id;
 8077              		.loc 1 1502 3 view .LVU2261
1503:Middlewares/Third_Party/FreeRTOS/Source/CMSIS_RTOS_V2/cmsis_os2.c ****   uint32_t count;
 8078              		.loc 1 1503 3 view .LVU2262
1504:Middlewares/Third_Party/FreeRTOS/Source/CMSIS_RTOS_V2/cmsis_os2.c **** 
1505:Middlewares/Third_Party/FreeRTOS/Source/CMSIS_RTOS_V2/cmsis_os2.c ****   if (hSemaphore == NULL) {
 8079              		.loc 1 1505 3 view .LVU2263
 8080              		.loc 1 1505 6 is_stmt 0 view .LVU2264
 8081 0000 B0B1     		cbz	r0, .L667
1501:Middlewares/Third_Party/FreeRTOS/Source/CMSIS_RTOS_V2/cmsis_os2.c ****   SemaphoreHandle_t hSemaphore = (SemaphoreHandle_t)semaphore_id;
 8082              		.loc 1 1501 61 view .LVU2265
 8083 0002 08B5     		push	{r3, lr}
 8084              	.LCFI120:
 8085              		.cfi_def_cfa_offset 8
 8086              		.cfi_offset 3, -8
 8087              		.cfi_offset 14, -4
 8088 0004 0346     		mov	r3, r0
1506:Middlewares/Third_Party/FreeRTOS/Source/CMSIS_RTOS_V2/cmsis_os2.c ****     count = 0U;
1507:Middlewares/Third_Party/FreeRTOS/Source/CMSIS_RTOS_V2/cmsis_os2.c ****   }
1508:Middlewares/Third_Party/FreeRTOS/Source/CMSIS_RTOS_V2/cmsis_os2.c ****   else if (IS_IRQ()) {
 8089              		.loc 1 1508 8 is_stmt 1 view .LVU2266
 8090              	.LBB608:
 8091              	.LBI608:
 205:Drivers/CMSIS/Include/cmsis_gcc.h **** {
 8092              		.loc 2 205 31 view .LVU2267
 8093              	.LBB609:
 207:Drivers/CMSIS/Include/cmsis_gcc.h **** 
 8094              		.loc 2 207 3 view .LVU2268
 209:Drivers/CMSIS/Include/cmsis_gcc.h ****   return(result);
 8095              		.loc 2 209 3 view .LVU2269
 8096              		.syntax unified
 8097              	@ 209 "Drivers/CMSIS/Include/cmsis_gcc.h" 1
 8098 0006 EFF30582 		MRS r2, ipsr
 8099              	@ 0 "" 2
 8100              	.LVL755:
 210:Drivers/CMSIS/Include/cmsis_gcc.h **** }
 8101              		.loc 2 210 3 view .LVU2270
 210:Drivers/CMSIS/Include/cmsis_gcc.h **** }
 8102              		.loc 2 210 3 is_stmt 0 view .LVU2271
 8103              		.thumb
 8104              		.syntax unified
 8105              	.LBE609:
 8106              	.LBE608:
 8107              		.loc 1 1508 11 view .LVU2272
ARM GAS  C:\Users\31005\AppData\Local\Temp\ccDX7XtF.s 			page 209


 8108 000a 4AB9     		cbnz	r2, .L665
 8109              	.LBB610:
 8110              	.LBI610:
 382:Drivers/CMSIS/Include/cmsis_gcc.h **** {
 8111              		.loc 2 382 31 is_stmt 1 view .LVU2273
 8112              	.LBB611:
 384:Drivers/CMSIS/Include/cmsis_gcc.h **** 
 8113              		.loc 2 384 3 view .LVU2274
 386:Drivers/CMSIS/Include/cmsis_gcc.h ****   return(result);
 8114              		.loc 2 386 3 view .LVU2275
 8115              		.syntax unified
 8116              	@ 386 "Drivers/CMSIS/Include/cmsis_gcc.h" 1
 8117 000c EFF31082 		MRS r2, primask
 8118              	@ 0 "" 2
 8119              	.LVL756:
 387:Drivers/CMSIS/Include/cmsis_gcc.h **** }
 8120              		.loc 2 387 3 view .LVU2276
 387:Drivers/CMSIS/Include/cmsis_gcc.h **** }
 8121              		.loc 2 387 3 is_stmt 0 view .LVU2277
 8122              		.thumb
 8123              		.syntax unified
 8124              	.LBE611:
 8125              	.LBE610:
 8126              		.loc 1 1508 12 view .LVU2278
 8127 0010 32B9     		cbnz	r2, .L665
 8128              		.loc 1 1508 12 discriminator 2 view .LVU2279
 8129 0012 084A     		ldr	r2, .L672
 8130 0014 1268     		ldr	r2, [r2]
 8131 0016 022A     		cmp	r2, #2
 8132 0018 06D1     		bne	.L666
 8133              	.LBB612:
 8134              	.LBI612:
 461:Drivers/CMSIS/Include/cmsis_gcc.h **** {
 8135              		.loc 2 461 31 is_stmt 1 view .LVU2280
 8136              	.LBB613:
 463:Drivers/CMSIS/Include/cmsis_gcc.h **** 
 8137              		.loc 2 463 3 view .LVU2281
 465:Drivers/CMSIS/Include/cmsis_gcc.h ****   return(result);
 8138              		.loc 2 465 3 view .LVU2282
 8139              		.syntax unified
 8140              	@ 465 "Drivers/CMSIS/Include/cmsis_gcc.h" 1
 8141 001a EFF31182 		MRS r2, basepri
 8142              	@ 0 "" 2
 8143              	.LVL757:
 8144              		.loc 2 466 3 view .LVU2283
 8145              		.loc 2 466 3 is_stmt 0 view .LVU2284
 8146              		.thumb
 8147              		.syntax unified
 8148              	.LBE613:
 8149              	.LBE612:
 8150              		.loc 1 1508 12 view .LVU2285
 8151 001e 1AB1     		cbz	r2, .L666
 8152              	.L665:
1509:Middlewares/Third_Party/FreeRTOS/Source/CMSIS_RTOS_V2/cmsis_os2.c ****     count = uxQueueMessagesWaitingFromISR (hSemaphore);
 8153              		.loc 1 1509 5 is_stmt 1 view .LVU2286
 8154              		.loc 1 1509 13 is_stmt 0 view .LVU2287
 8155 0020 1846     		mov	r0, r3
ARM GAS  C:\Users\31005\AppData\Local\Temp\ccDX7XtF.s 			page 210


 8156              	.LVL758:
 8157              		.loc 1 1509 13 view .LVU2288
 8158 0022 FFF7FEFF 		bl	uxQueueMessagesWaitingFromISR
 8159              	.LVL759:
 8160              	.L663:
1510:Middlewares/Third_Party/FreeRTOS/Source/CMSIS_RTOS_V2/cmsis_os2.c ****   } else {
1511:Middlewares/Third_Party/FreeRTOS/Source/CMSIS_RTOS_V2/cmsis_os2.c ****     count = (uint32_t)uxSemaphoreGetCount (hSemaphore);
1512:Middlewares/Third_Party/FreeRTOS/Source/CMSIS_RTOS_V2/cmsis_os2.c ****   }
1513:Middlewares/Third_Party/FreeRTOS/Source/CMSIS_RTOS_V2/cmsis_os2.c **** 
1514:Middlewares/Third_Party/FreeRTOS/Source/CMSIS_RTOS_V2/cmsis_os2.c ****   return (count);
1515:Middlewares/Third_Party/FreeRTOS/Source/CMSIS_RTOS_V2/cmsis_os2.c **** }
 8161              		.loc 1 1515 1 view .LVU2289
 8162 0026 08BD     		pop	{r3, pc}
 8163              	.LVL760:
 8164              	.L666:
1511:Middlewares/Third_Party/FreeRTOS/Source/CMSIS_RTOS_V2/cmsis_os2.c ****   }
 8165              		.loc 1 1511 5 is_stmt 1 view .LVU2290
1511:Middlewares/Third_Party/FreeRTOS/Source/CMSIS_RTOS_V2/cmsis_os2.c ****   }
 8166              		.loc 1 1511 23 is_stmt 0 view .LVU2291
 8167 0028 1846     		mov	r0, r3
 8168              	.LVL761:
1511:Middlewares/Third_Party/FreeRTOS/Source/CMSIS_RTOS_V2/cmsis_os2.c ****   }
 8169              		.loc 1 1511 23 view .LVU2292
 8170 002a FFF7FEFF 		bl	uxQueueMessagesWaiting
 8171              	.LVL762:
1511:Middlewares/Third_Party/FreeRTOS/Source/CMSIS_RTOS_V2/cmsis_os2.c ****   }
 8172              		.loc 1 1511 23 view .LVU2293
 8173 002e FAE7     		b	.L663
 8174              	.LVL763:
 8175              	.L667:
 8176              	.LCFI121:
 8177              		.cfi_def_cfa_offset 0
 8178              		.cfi_restore 3
 8179              		.cfi_restore 14
1506:Middlewares/Third_Party/FreeRTOS/Source/CMSIS_RTOS_V2/cmsis_os2.c ****   }
 8180              		.loc 1 1506 11 view .LVU2294
 8181 0030 0020     		movs	r0, #0
 8182              	.LVL764:
1514:Middlewares/Third_Party/FreeRTOS/Source/CMSIS_RTOS_V2/cmsis_os2.c **** }
 8183              		.loc 1 1514 3 is_stmt 1 view .LVU2295
 8184              		.loc 1 1515 1 is_stmt 0 view .LVU2296
 8185 0032 7047     		bx	lr
 8186              	.L673:
 8187              		.align	2
 8188              	.L672:
 8189 0034 00000000 		.word	KernelState
 8190              		.cfi_endproc
 8191              	.LFE159:
 8193              		.section	.text.osSemaphoreDelete,"ax",%progbits
 8194              		.align	1
 8195              		.global	osSemaphoreDelete
 8196              		.syntax unified
 8197              		.thumb
 8198              		.thumb_func
 8200              	osSemaphoreDelete:
 8201              	.LVL765:
 8202              	.LFB160:
ARM GAS  C:\Users\31005\AppData\Local\Temp\ccDX7XtF.s 			page 211


1516:Middlewares/Third_Party/FreeRTOS/Source/CMSIS_RTOS_V2/cmsis_os2.c **** 
1517:Middlewares/Third_Party/FreeRTOS/Source/CMSIS_RTOS_V2/cmsis_os2.c **** osStatus_t osSemaphoreDelete (osSemaphoreId_t semaphore_id) {
 8203              		.loc 1 1517 61 is_stmt 1 view -0
 8204              		.cfi_startproc
 8205              		@ args = 0, pretend = 0, frame = 0
 8206              		@ frame_needed = 0, uses_anonymous_args = 0
1518:Middlewares/Third_Party/FreeRTOS/Source/CMSIS_RTOS_V2/cmsis_os2.c ****   SemaphoreHandle_t hSemaphore = (SemaphoreHandle_t)semaphore_id;
 8207              		.loc 1 1518 3 view .LVU2298
1519:Middlewares/Third_Party/FreeRTOS/Source/CMSIS_RTOS_V2/cmsis_os2.c ****   osStatus_t stat;
 8208              		.loc 1 1519 3 view .LVU2299
1520:Middlewares/Third_Party/FreeRTOS/Source/CMSIS_RTOS_V2/cmsis_os2.c **** 
1521:Middlewares/Third_Party/FreeRTOS/Source/CMSIS_RTOS_V2/cmsis_os2.c **** #ifndef USE_FreeRTOS_HEAP_1
1522:Middlewares/Third_Party/FreeRTOS/Source/CMSIS_RTOS_V2/cmsis_os2.c ****   if (IS_IRQ()) {
 8209              		.loc 1 1522 3 view .LVU2300
 8210              	.LBB614:
 8211              	.LBI614:
 205:Drivers/CMSIS/Include/cmsis_gcc.h **** {
 8212              		.loc 2 205 31 view .LVU2301
 8213              	.LBB615:
 207:Drivers/CMSIS/Include/cmsis_gcc.h **** 
 8214              		.loc 2 207 3 view .LVU2302
 209:Drivers/CMSIS/Include/cmsis_gcc.h ****   return(result);
 8215              		.loc 2 209 3 view .LVU2303
 8216              		.syntax unified
 8217              	@ 209 "Drivers/CMSIS/Include/cmsis_gcc.h" 1
 8218 0000 EFF30583 		MRS r3, ipsr
 8219              	@ 0 "" 2
 8220              	.LVL766:
 210:Drivers/CMSIS/Include/cmsis_gcc.h **** }
 8221              		.loc 2 210 3 view .LVU2304
 210:Drivers/CMSIS/Include/cmsis_gcc.h **** }
 8222              		.loc 2 210 3 is_stmt 0 view .LVU2305
 8223              		.thumb
 8224              		.syntax unified
 8225              	.LBE615:
 8226              	.LBE614:
 8227              		.loc 1 1522 6 view .LVU2306
 8228 0004 C3B9     		cbnz	r3, .L677
1517:Middlewares/Third_Party/FreeRTOS/Source/CMSIS_RTOS_V2/cmsis_os2.c ****   SemaphoreHandle_t hSemaphore = (SemaphoreHandle_t)semaphore_id;
 8229              		.loc 1 1517 61 view .LVU2307
 8230 0006 10B5     		push	{r4, lr}
 8231              	.LCFI122:
 8232              		.cfi_def_cfa_offset 8
 8233              		.cfi_offset 4, -8
 8234              		.cfi_offset 14, -4
 8235 0008 0446     		mov	r4, r0
 8236              	.LBB616:
 8237              	.LBI616:
 382:Drivers/CMSIS/Include/cmsis_gcc.h **** {
 8238              		.loc 2 382 31 is_stmt 1 view .LVU2308
 8239              	.LBB617:
 384:Drivers/CMSIS/Include/cmsis_gcc.h **** 
 8240              		.loc 2 384 3 view .LVU2309
 386:Drivers/CMSIS/Include/cmsis_gcc.h ****   return(result);
 8241              		.loc 2 386 3 view .LVU2310
 8242              		.syntax unified
 8243              	@ 386 "Drivers/CMSIS/Include/cmsis_gcc.h" 1
ARM GAS  C:\Users\31005\AppData\Local\Temp\ccDX7XtF.s 			page 212


 8244 000a EFF31083 		MRS r3, primask
 8245              	@ 0 "" 2
 8246              	.LVL767:
 387:Drivers/CMSIS/Include/cmsis_gcc.h **** }
 8247              		.loc 2 387 3 view .LVU2311
 387:Drivers/CMSIS/Include/cmsis_gcc.h **** }
 8248              		.loc 2 387 3 is_stmt 0 view .LVU2312
 8249              		.thumb
 8250              		.syntax unified
 8251              	.LBE617:
 8252              	.LBE616:
 8253              		.loc 1 1522 7 view .LVU2313
 8254 000e B3B9     		cbnz	r3, .L678
 8255              		.loc 1 1522 7 discriminator 2 view .LVU2314
 8256 0010 0E4B     		ldr	r3, .L686
 8257 0012 1B68     		ldr	r3, [r3]
 8258 0014 022B     		cmp	r3, #2
 8259 0016 08D0     		beq	.L685
 8260              	.L676:
1523:Middlewares/Third_Party/FreeRTOS/Source/CMSIS_RTOS_V2/cmsis_os2.c ****     stat = osErrorISR;
1524:Middlewares/Third_Party/FreeRTOS/Source/CMSIS_RTOS_V2/cmsis_os2.c ****   }
1525:Middlewares/Third_Party/FreeRTOS/Source/CMSIS_RTOS_V2/cmsis_os2.c ****   else if (hSemaphore == NULL) {
 8261              		.loc 1 1525 8 is_stmt 1 view .LVU2315
 8262              		.loc 1 1525 11 is_stmt 0 view .LVU2316
 8263 0018 A4B1     		cbz	r4, .L680
1526:Middlewares/Third_Party/FreeRTOS/Source/CMSIS_RTOS_V2/cmsis_os2.c ****     stat = osErrorParameter;
1527:Middlewares/Third_Party/FreeRTOS/Source/CMSIS_RTOS_V2/cmsis_os2.c ****   }
1528:Middlewares/Third_Party/FreeRTOS/Source/CMSIS_RTOS_V2/cmsis_os2.c ****   else {
1529:Middlewares/Third_Party/FreeRTOS/Source/CMSIS_RTOS_V2/cmsis_os2.c ****     #if (configQUEUE_REGISTRY_SIZE > 0)
1530:Middlewares/Third_Party/FreeRTOS/Source/CMSIS_RTOS_V2/cmsis_os2.c ****     vQueueUnregisterQueue (hSemaphore);
 8264              		.loc 1 1530 5 is_stmt 1 view .LVU2317
 8265 001a 2046     		mov	r0, r4
 8266              	.LVL768:
 8267              		.loc 1 1530 5 is_stmt 0 view .LVU2318
 8268 001c FFF7FEFF 		bl	vQueueUnregisterQueue
 8269              	.LVL769:
1531:Middlewares/Third_Party/FreeRTOS/Source/CMSIS_RTOS_V2/cmsis_os2.c ****     #endif
1532:Middlewares/Third_Party/FreeRTOS/Source/CMSIS_RTOS_V2/cmsis_os2.c **** 
1533:Middlewares/Third_Party/FreeRTOS/Source/CMSIS_RTOS_V2/cmsis_os2.c ****     stat = osOK;
 8270              		.loc 1 1533 5 is_stmt 1 view .LVU2319
1534:Middlewares/Third_Party/FreeRTOS/Source/CMSIS_RTOS_V2/cmsis_os2.c ****     vSemaphoreDelete (hSemaphore);
 8271              		.loc 1 1534 5 view .LVU2320
 8272 0020 2046     		mov	r0, r4
 8273 0022 FFF7FEFF 		bl	vQueueDelete
 8274              	.LVL770:
1533:Middlewares/Third_Party/FreeRTOS/Source/CMSIS_RTOS_V2/cmsis_os2.c ****     vSemaphoreDelete (hSemaphore);
 8275              		.loc 1 1533 10 is_stmt 0 view .LVU2321
 8276 0026 0020     		movs	r0, #0
 8277              	.LVL771:
 8278              	.L674:
1535:Middlewares/Third_Party/FreeRTOS/Source/CMSIS_RTOS_V2/cmsis_os2.c ****   }
1536:Middlewares/Third_Party/FreeRTOS/Source/CMSIS_RTOS_V2/cmsis_os2.c **** #else
1537:Middlewares/Third_Party/FreeRTOS/Source/CMSIS_RTOS_V2/cmsis_os2.c ****   stat = osError;
1538:Middlewares/Third_Party/FreeRTOS/Source/CMSIS_RTOS_V2/cmsis_os2.c **** #endif
1539:Middlewares/Third_Party/FreeRTOS/Source/CMSIS_RTOS_V2/cmsis_os2.c **** 
1540:Middlewares/Third_Party/FreeRTOS/Source/CMSIS_RTOS_V2/cmsis_os2.c ****   return (stat);
1541:Middlewares/Third_Party/FreeRTOS/Source/CMSIS_RTOS_V2/cmsis_os2.c **** }
ARM GAS  C:\Users\31005\AppData\Local\Temp\ccDX7XtF.s 			page 213


 8279              		.loc 1 1541 1 view .LVU2322
 8280 0028 10BD     		pop	{r4, pc}
 8281              	.LVL772:
 8282              	.L685:
 8283              	.LBB618:
 8284              	.LBI618:
 461:Drivers/CMSIS/Include/cmsis_gcc.h **** {
 8285              		.loc 2 461 31 is_stmt 1 view .LVU2323
 8286              	.LBB619:
 463:Drivers/CMSIS/Include/cmsis_gcc.h **** 
 8287              		.loc 2 463 3 view .LVU2324
 465:Drivers/CMSIS/Include/cmsis_gcc.h ****   return(result);
 8288              		.loc 2 465 3 view .LVU2325
 8289              		.syntax unified
 8290              	@ 465 "Drivers/CMSIS/Include/cmsis_gcc.h" 1
 8291 002a EFF31183 		MRS r3, basepri
 8292              	@ 0 "" 2
 8293              	.LVL773:
 8294              		.loc 2 466 3 view .LVU2326
 8295              		.loc 2 466 3 is_stmt 0 view .LVU2327
 8296              		.thumb
 8297              		.syntax unified
 8298              	.LBE619:
 8299              	.LBE618:
1522:Middlewares/Third_Party/FreeRTOS/Source/CMSIS_RTOS_V2/cmsis_os2.c ****     stat = osErrorISR;
 8300              		.loc 1 1522 7 view .LVU2328
 8301 002e 002B     		cmp	r3, #0
 8302 0030 F2D0     		beq	.L676
1523:Middlewares/Third_Party/FreeRTOS/Source/CMSIS_RTOS_V2/cmsis_os2.c ****   }
 8303              		.loc 1 1523 10 view .LVU2329
 8304 0032 6FF00500 		mvn	r0, #5
 8305              	.LVL774:
1523:Middlewares/Third_Party/FreeRTOS/Source/CMSIS_RTOS_V2/cmsis_os2.c ****   }
 8306              		.loc 1 1523 10 view .LVU2330
 8307 0036 F7E7     		b	.L674
 8308              	.LVL775:
 8309              	.L677:
 8310              	.LCFI123:
 8311              		.cfi_def_cfa_offset 0
 8312              		.cfi_restore 4
 8313              		.cfi_restore 14
1523:Middlewares/Third_Party/FreeRTOS/Source/CMSIS_RTOS_V2/cmsis_os2.c ****   }
 8314              		.loc 1 1523 10 view .LVU2331
 8315 0038 6FF00500 		mvn	r0, #5
 8316              	.LVL776:
 8317              		.loc 1 1541 1 view .LVU2332
 8318 003c 7047     		bx	lr
 8319              	.LVL777:
 8320              	.L678:
 8321              	.LCFI124:
 8322              		.cfi_def_cfa_offset 8
 8323              		.cfi_offset 4, -8
 8324              		.cfi_offset 14, -4
1523:Middlewares/Third_Party/FreeRTOS/Source/CMSIS_RTOS_V2/cmsis_os2.c ****   }
 8325              		.loc 1 1523 10 view .LVU2333
 8326 003e 6FF00500 		mvn	r0, #5
 8327              	.LVL778:
ARM GAS  C:\Users\31005\AppData\Local\Temp\ccDX7XtF.s 			page 214


1523:Middlewares/Third_Party/FreeRTOS/Source/CMSIS_RTOS_V2/cmsis_os2.c ****   }
 8328              		.loc 1 1523 10 view .LVU2334
 8329 0042 F1E7     		b	.L674
 8330              	.LVL779:
 8331              	.L680:
1526:Middlewares/Third_Party/FreeRTOS/Source/CMSIS_RTOS_V2/cmsis_os2.c ****   }
 8332              		.loc 1 1526 10 view .LVU2335
 8333 0044 6FF00300 		mvn	r0, #3
 8334              	.LVL780:
1540:Middlewares/Third_Party/FreeRTOS/Source/CMSIS_RTOS_V2/cmsis_os2.c **** }
 8335              		.loc 1 1540 3 is_stmt 1 view .LVU2336
1540:Middlewares/Third_Party/FreeRTOS/Source/CMSIS_RTOS_V2/cmsis_os2.c **** }
 8336              		.loc 1 1540 10 is_stmt 0 view .LVU2337
 8337 0048 EEE7     		b	.L674
 8338              	.L687:
 8339 004a 00BF     		.align	2
 8340              	.L686:
 8341 004c 00000000 		.word	KernelState
 8342              		.cfi_endproc
 8343              	.LFE160:
 8345              		.section	.text.osMessageQueueNew,"ax",%progbits
 8346              		.align	1
 8347              		.global	osMessageQueueNew
 8348              		.syntax unified
 8349              		.thumb
 8350              		.thumb_func
 8352              	osMessageQueueNew:
 8353              	.LVL781:
 8354              	.LFB161:
1542:Middlewares/Third_Party/FreeRTOS/Source/CMSIS_RTOS_V2/cmsis_os2.c **** 
1543:Middlewares/Third_Party/FreeRTOS/Source/CMSIS_RTOS_V2/cmsis_os2.c **** /*---------------------------------------------------------------------------*/
1544:Middlewares/Third_Party/FreeRTOS/Source/CMSIS_RTOS_V2/cmsis_os2.c **** 
1545:Middlewares/Third_Party/FreeRTOS/Source/CMSIS_RTOS_V2/cmsis_os2.c **** osMessageQueueId_t osMessageQueueNew (uint32_t msg_count, uint32_t msg_size, const osMessageQueueAt
 8355              		.loc 1 1545 112 is_stmt 1 view -0
 8356              		.cfi_startproc
 8357              		@ args = 0, pretend = 0, frame = 0
 8358              		@ frame_needed = 0, uses_anonymous_args = 0
 8359              		.loc 1 1545 112 is_stmt 0 view .LVU2339
 8360 0000 70B5     		push	{r4, r5, r6, lr}
 8361              	.LCFI125:
 8362              		.cfi_def_cfa_offset 16
 8363              		.cfi_offset 4, -16
 8364              		.cfi_offset 5, -12
 8365              		.cfi_offset 6, -8
 8366              		.cfi_offset 14, -4
 8367 0002 82B0     		sub	sp, sp, #8
 8368              	.LCFI126:
 8369              		.cfi_def_cfa_offset 24
1546:Middlewares/Third_Party/FreeRTOS/Source/CMSIS_RTOS_V2/cmsis_os2.c ****   QueueHandle_t hQueue;
 8370              		.loc 1 1546 3 is_stmt 1 view .LVU2340
1547:Middlewares/Third_Party/FreeRTOS/Source/CMSIS_RTOS_V2/cmsis_os2.c ****   int32_t mem;
 8371              		.loc 1 1547 3 view .LVU2341
1548:Middlewares/Third_Party/FreeRTOS/Source/CMSIS_RTOS_V2/cmsis_os2.c ****   #if (configQUEUE_REGISTRY_SIZE > 0)
1549:Middlewares/Third_Party/FreeRTOS/Source/CMSIS_RTOS_V2/cmsis_os2.c ****   const char *name;
 8372              		.loc 1 1549 3 view .LVU2342
1550:Middlewares/Third_Party/FreeRTOS/Source/CMSIS_RTOS_V2/cmsis_os2.c ****   #endif
1551:Middlewares/Third_Party/FreeRTOS/Source/CMSIS_RTOS_V2/cmsis_os2.c **** 
ARM GAS  C:\Users\31005\AppData\Local\Temp\ccDX7XtF.s 			page 215


1552:Middlewares/Third_Party/FreeRTOS/Source/CMSIS_RTOS_V2/cmsis_os2.c ****   hQueue = NULL;
 8373              		.loc 1 1552 3 view .LVU2343
 8374              	.LVL782:
1553:Middlewares/Third_Party/FreeRTOS/Source/CMSIS_RTOS_V2/cmsis_os2.c **** 
1554:Middlewares/Third_Party/FreeRTOS/Source/CMSIS_RTOS_V2/cmsis_os2.c ****   if (!IS_IRQ() && (msg_count > 0U) && (msg_size > 0U)) {
 8375              		.loc 1 1554 3 view .LVU2344
 8376              	.LBB620:
 8377              	.LBI620:
 205:Drivers/CMSIS/Include/cmsis_gcc.h **** {
 8378              		.loc 2 205 31 view .LVU2345
 8379              	.LBB621:
 207:Drivers/CMSIS/Include/cmsis_gcc.h **** 
 8380              		.loc 2 207 3 view .LVU2346
 209:Drivers/CMSIS/Include/cmsis_gcc.h ****   return(result);
 8381              		.loc 2 209 3 view .LVU2347
 8382              		.syntax unified
 8383              	@ 209 "Drivers/CMSIS/Include/cmsis_gcc.h" 1
 8384 0004 EFF30583 		MRS r3, ipsr
 8385              	@ 0 "" 2
 8386              	.LVL783:
 210:Drivers/CMSIS/Include/cmsis_gcc.h **** }
 8387              		.loc 2 210 3 view .LVU2348
 210:Drivers/CMSIS/Include/cmsis_gcc.h **** }
 8388              		.loc 2 210 3 is_stmt 0 view .LVU2349
 8389              		.thumb
 8390              		.syntax unified
 8391              	.LBE621:
 8392              	.LBE620:
 8393              		.loc 1 1554 6 view .LVU2350
 8394 0008 002B     		cmp	r3, #0
 8395 000a 48D1     		bne	.L696
 8396 000c 1546     		mov	r5, r2
 8397              	.LBB622:
 8398              	.LBI622:
 382:Drivers/CMSIS/Include/cmsis_gcc.h **** {
 8399              		.loc 2 382 31 is_stmt 1 view .LVU2351
 8400              	.LBB623:
 384:Drivers/CMSIS/Include/cmsis_gcc.h **** 
 8401              		.loc 2 384 3 view .LVU2352
 386:Drivers/CMSIS/Include/cmsis_gcc.h ****   return(result);
 8402              		.loc 2 386 3 view .LVU2353
 8403              		.syntax unified
 8404              	@ 386 "Drivers/CMSIS/Include/cmsis_gcc.h" 1
 8405 000e EFF31083 		MRS r3, primask
 8406              	@ 0 "" 2
 8407              	.LVL784:
 387:Drivers/CMSIS/Include/cmsis_gcc.h **** }
 8408              		.loc 2 387 3 view .LVU2354
 387:Drivers/CMSIS/Include/cmsis_gcc.h **** }
 8409              		.loc 2 387 3 is_stmt 0 view .LVU2355
 8410              		.thumb
 8411              		.syntax unified
 8412              	.LBE623:
 8413              	.LBE622:
 8414              		.loc 1 1554 7 view .LVU2356
 8415 0012 002B     		cmp	r3, #0
 8416 0014 47D1     		bne	.L697
ARM GAS  C:\Users\31005\AppData\Local\Temp\ccDX7XtF.s 			page 216


 8417              		.loc 1 1554 8 discriminator 2 view .LVU2357
 8418 0016 284B     		ldr	r3, .L711
 8419 0018 1B68     		ldr	r3, [r3]
 8420 001a 022B     		cmp	r3, #2
 8421 001c 20D0     		beq	.L708
 8422              	.L690:
 8423              		.loc 1 1554 17 discriminator 5 view .LVU2358
 8424 001e 0028     		cmp	r0, #0
 8425 0020 43D0     		beq	.L699
 8426              		.loc 1 1554 37 discriminator 6 view .LVU2359
 8427 0022 0029     		cmp	r1, #0
 8428 0024 43D0     		beq	.L700
1555:Middlewares/Third_Party/FreeRTOS/Source/CMSIS_RTOS_V2/cmsis_os2.c ****     mem = -1;
 8429              		.loc 1 1555 5 is_stmt 1 view .LVU2360
 8430              	.LVL785:
1556:Middlewares/Third_Party/FreeRTOS/Source/CMSIS_RTOS_V2/cmsis_os2.c **** 
1557:Middlewares/Third_Party/FreeRTOS/Source/CMSIS_RTOS_V2/cmsis_os2.c ****     if (attr != NULL) {
 8431              		.loc 1 1557 5 view .LVU2361
 8432              		.loc 1 1557 8 is_stmt 0 view .LVU2362
 8433 0026 9DB3     		cbz	r5, .L701
1558:Middlewares/Third_Party/FreeRTOS/Source/CMSIS_RTOS_V2/cmsis_os2.c ****       if ((attr->cb_mem != NULL) && (attr->cb_size >= sizeof(StaticQueue_t)) &&
 8434              		.loc 1 1558 7 is_stmt 1 view .LVU2363
 8435              		.loc 1 1558 16 is_stmt 0 view .LVU2364
 8436 0028 AB68     		ldr	r3, [r5, #8]
 8437              		.loc 1 1558 10 view .LVU2365
 8438 002a 4BB1     		cbz	r3, .L692
 8439              		.loc 1 1558 42 discriminator 1 view .LVU2366
 8440 002c EA68     		ldr	r2, [r5, #12]
 8441              	.LVL786:
 8442              		.loc 1 1558 34 discriminator 1 view .LVU2367
 8443 002e 4F2A     		cmp	r2, #79
 8444 0030 06D9     		bls	.L692
1559:Middlewares/Third_Party/FreeRTOS/Source/CMSIS_RTOS_V2/cmsis_os2.c ****           (attr->mq_mem != NULL) && (attr->mq_size >= (msg_count * msg_size))) {
 8445              		.loc 1 1559 16 discriminator 2 view .LVU2368
 8446 0032 2A69     		ldr	r2, [r5, #16]
1558:Middlewares/Third_Party/FreeRTOS/Source/CMSIS_RTOS_V2/cmsis_os2.c ****       if ((attr->cb_mem != NULL) && (attr->cb_size >= sizeof(StaticQueue_t)) &&
 8447              		.loc 1 1558 78 discriminator 2 view .LVU2369
 8448 0034 22B1     		cbz	r2, .L692
 8449              		.loc 1 1559 66 view .LVU2370
 8450 0036 01FB00F4 		mul	r4, r1, r0
 8451              		.loc 1 1559 34 view .LVU2371
 8452 003a 6E69     		ldr	r6, [r5, #20]
 8453 003c A642     		cmp	r6, r4
 8454 003e 21D2     		bcs	.L693
 8455              	.L692:
1560:Middlewares/Third_Party/FreeRTOS/Source/CMSIS_RTOS_V2/cmsis_os2.c ****         mem = 1;
1561:Middlewares/Third_Party/FreeRTOS/Source/CMSIS_RTOS_V2/cmsis_os2.c ****       }
1562:Middlewares/Third_Party/FreeRTOS/Source/CMSIS_RTOS_V2/cmsis_os2.c ****       else {
1563:Middlewares/Third_Party/FreeRTOS/Source/CMSIS_RTOS_V2/cmsis_os2.c ****         if ((attr->cb_mem == NULL) && (attr->cb_size == 0U) &&
 8456              		.loc 1 1563 9 is_stmt 1 view .LVU2372
 8457              		.loc 1 1563 12 is_stmt 0 view .LVU2373
 8458 0040 A3B1     		cbz	r3, .L709
1555:Middlewares/Third_Party/FreeRTOS/Source/CMSIS_RTOS_V2/cmsis_os2.c **** 
 8459              		.loc 1 1555 9 view .LVU2374
 8460 0042 4FF0FF33 		mov	r3, #-1
 8461              	.L691:
 8462              	.LVL787:
ARM GAS  C:\Users\31005\AppData\Local\Temp\ccDX7XtF.s 			page 217


1564:Middlewares/Third_Party/FreeRTOS/Source/CMSIS_RTOS_V2/cmsis_os2.c ****             (attr->mq_mem == NULL) && (attr->mq_size == 0U)) {
1565:Middlewares/Third_Party/FreeRTOS/Source/CMSIS_RTOS_V2/cmsis_os2.c ****           mem = 0;
1566:Middlewares/Third_Party/FreeRTOS/Source/CMSIS_RTOS_V2/cmsis_os2.c ****         }
1567:Middlewares/Third_Party/FreeRTOS/Source/CMSIS_RTOS_V2/cmsis_os2.c ****       }
1568:Middlewares/Third_Party/FreeRTOS/Source/CMSIS_RTOS_V2/cmsis_os2.c ****     }
1569:Middlewares/Third_Party/FreeRTOS/Source/CMSIS_RTOS_V2/cmsis_os2.c ****     else {
1570:Middlewares/Third_Party/FreeRTOS/Source/CMSIS_RTOS_V2/cmsis_os2.c ****       mem = 0;
1571:Middlewares/Third_Party/FreeRTOS/Source/CMSIS_RTOS_V2/cmsis_os2.c ****     }
1572:Middlewares/Third_Party/FreeRTOS/Source/CMSIS_RTOS_V2/cmsis_os2.c **** 
1573:Middlewares/Third_Party/FreeRTOS/Source/CMSIS_RTOS_V2/cmsis_os2.c ****     if (mem == 1) {
1574:Middlewares/Third_Party/FreeRTOS/Source/CMSIS_RTOS_V2/cmsis_os2.c ****       hQueue = xQueueCreateStatic (msg_count, msg_size, attr->mq_mem, attr->cb_mem);
1575:Middlewares/Third_Party/FreeRTOS/Source/CMSIS_RTOS_V2/cmsis_os2.c ****     }
1576:Middlewares/Third_Party/FreeRTOS/Source/CMSIS_RTOS_V2/cmsis_os2.c ****     else {
1577:Middlewares/Third_Party/FreeRTOS/Source/CMSIS_RTOS_V2/cmsis_os2.c ****       if (mem == 0) {
 8463              		.loc 1 1577 7 is_stmt 1 view .LVU2375
 8464              		.loc 1 1577 10 is_stmt 0 view .LVU2376
 8465 0046 A3BB     		cbnz	r3, .L706
1578:Middlewares/Third_Party/FreeRTOS/Source/CMSIS_RTOS_V2/cmsis_os2.c ****         hQueue = xQueueCreate (msg_count, msg_size);
 8466              		.loc 1 1578 9 is_stmt 1 view .LVU2377
 8467              		.loc 1 1578 18 is_stmt 0 view .LVU2378
 8468 0048 0022     		movs	r2, #0
 8469 004a FFF7FEFF 		bl	xQueueGenericCreate
 8470              	.LVL788:
 8471              		.loc 1 1578 18 view .LVU2379
 8472 004e 0446     		mov	r4, r0
 8473              	.LVL789:
 8474              	.L694:
1579:Middlewares/Third_Party/FreeRTOS/Source/CMSIS_RTOS_V2/cmsis_os2.c ****       }
1580:Middlewares/Third_Party/FreeRTOS/Source/CMSIS_RTOS_V2/cmsis_os2.c ****     }
1581:Middlewares/Third_Party/FreeRTOS/Source/CMSIS_RTOS_V2/cmsis_os2.c **** 
1582:Middlewares/Third_Party/FreeRTOS/Source/CMSIS_RTOS_V2/cmsis_os2.c ****     #if (configQUEUE_REGISTRY_SIZE > 0)
1583:Middlewares/Third_Party/FreeRTOS/Source/CMSIS_RTOS_V2/cmsis_os2.c ****     if (hQueue != NULL) {
 8475              		.loc 1 1583 5 is_stmt 1 view .LVU2380
 8476              		.loc 1 1583 8 is_stmt 0 view .LVU2381
 8477 0050 34B3     		cbz	r4, .L688
1584:Middlewares/Third_Party/FreeRTOS/Source/CMSIS_RTOS_V2/cmsis_os2.c ****       if (attr != NULL) {
 8478              		.loc 1 1584 7 is_stmt 1 view .LVU2382
 8479              		.loc 1 1584 10 is_stmt 0 view .LVU2383
 8480 0052 05B1     		cbz	r5, .L695
1585:Middlewares/Third_Party/FreeRTOS/Source/CMSIS_RTOS_V2/cmsis_os2.c ****         name = attr->name;
 8481              		.loc 1 1585 9 is_stmt 1 view .LVU2384
 8482              		.loc 1 1585 14 is_stmt 0 view .LVU2385
 8483 0054 2D68     		ldr	r5, [r5]
 8484              	.LVL790:
 8485              	.L695:
1586:Middlewares/Third_Party/FreeRTOS/Source/CMSIS_RTOS_V2/cmsis_os2.c ****       } else {
1587:Middlewares/Third_Party/FreeRTOS/Source/CMSIS_RTOS_V2/cmsis_os2.c ****         name = NULL;
1588:Middlewares/Third_Party/FreeRTOS/Source/CMSIS_RTOS_V2/cmsis_os2.c ****       }
1589:Middlewares/Third_Party/FreeRTOS/Source/CMSIS_RTOS_V2/cmsis_os2.c ****       vQueueAddToRegistry (hQueue, name);
 8486              		.loc 1 1589 7 is_stmt 1 view .LVU2386
 8487 0056 2946     		mov	r1, r5
 8488 0058 2046     		mov	r0, r4
 8489              	.LVL791:
 8490              		.loc 1 1589 7 is_stmt 0 view .LVU2387
 8491 005a FFF7FEFF 		bl	vQueueAddToRegistry
 8492              	.LVL792:
 8493 005e 1FE0     		b	.L688
ARM GAS  C:\Users\31005\AppData\Local\Temp\ccDX7XtF.s 			page 218


 8494              	.LVL793:
 8495              	.L708:
 8496              	.LBB624:
 8497              	.LBI624:
 461:Drivers/CMSIS/Include/cmsis_gcc.h **** {
 8498              		.loc 2 461 31 is_stmt 1 view .LVU2388
 8499              	.LBB625:
 463:Drivers/CMSIS/Include/cmsis_gcc.h **** 
 8500              		.loc 2 463 3 view .LVU2389
 465:Drivers/CMSIS/Include/cmsis_gcc.h ****   return(result);
 8501              		.loc 2 465 3 view .LVU2390
 8502              		.syntax unified
 8503              	@ 465 "Drivers/CMSIS/Include/cmsis_gcc.h" 1
 8504 0060 EFF31183 		MRS r3, basepri
 8505              	@ 0 "" 2
 8506              	.LVL794:
 8507              		.loc 2 466 3 view .LVU2391
 8508              		.loc 2 466 3 is_stmt 0 view .LVU2392
 8509              		.thumb
 8510              		.syntax unified
 8511              	.LBE625:
 8512              	.LBE624:
1554:Middlewares/Third_Party/FreeRTOS/Source/CMSIS_RTOS_V2/cmsis_os2.c ****     mem = -1;
 8513              		.loc 1 1554 8 view .LVU2393
 8514 0064 002B     		cmp	r3, #0
 8515 0066 DAD0     		beq	.L690
1552:Middlewares/Third_Party/FreeRTOS/Source/CMSIS_RTOS_V2/cmsis_os2.c **** 
 8516              		.loc 1 1552 10 view .LVU2394
 8517 0068 0024     		movs	r4, #0
 8518 006a 19E0     		b	.L688
 8519              	.LVL795:
 8520              	.L709:
1563:Middlewares/Third_Party/FreeRTOS/Source/CMSIS_RTOS_V2/cmsis_os2.c ****             (attr->mq_mem == NULL) && (attr->mq_size == 0U)) {
 8521              		.loc 1 1563 44 discriminator 1 view .LVU2395
 8522 006c EB68     		ldr	r3, [r5, #12]
1563:Middlewares/Third_Party/FreeRTOS/Source/CMSIS_RTOS_V2/cmsis_os2.c ****             (attr->mq_mem == NULL) && (attr->mq_size == 0U)) {
 8523              		.loc 1 1563 36 discriminator 1 view .LVU2396
 8524 006e 8BB9     		cbnz	r3, .L703
1564:Middlewares/Third_Party/FreeRTOS/Source/CMSIS_RTOS_V2/cmsis_os2.c ****           mem = 0;
 8525              		.loc 1 1564 18 discriminator 2 view .LVU2397
 8526 0070 2B69     		ldr	r3, [r5, #16]
1563:Middlewares/Third_Party/FreeRTOS/Source/CMSIS_RTOS_V2/cmsis_os2.c ****             (attr->mq_mem == NULL) && (attr->mq_size == 0U)) {
 8527              		.loc 1 1563 61 discriminator 2 view .LVU2398
 8528 0072 13B1     		cbz	r3, .L710
1555:Middlewares/Third_Party/FreeRTOS/Source/CMSIS_RTOS_V2/cmsis_os2.c **** 
 8529              		.loc 1 1555 9 view .LVU2399
 8530 0074 4FF0FF33 		mov	r3, #-1
 8531 0078 E5E7     		b	.L691
 8532              	.L710:
1564:Middlewares/Third_Party/FreeRTOS/Source/CMSIS_RTOS_V2/cmsis_os2.c ****           mem = 0;
 8533              		.loc 1 1564 44 view .LVU2400
 8534 007a 6B69     		ldr	r3, [r5, #20]
1564:Middlewares/Third_Party/FreeRTOS/Source/CMSIS_RTOS_V2/cmsis_os2.c ****           mem = 0;
 8535              		.loc 1 1564 36 view .LVU2401
 8536 007c 6BB1     		cbz	r3, .L705
1555:Middlewares/Third_Party/FreeRTOS/Source/CMSIS_RTOS_V2/cmsis_os2.c **** 
 8537              		.loc 1 1555 9 view .LVU2402
ARM GAS  C:\Users\31005\AppData\Local\Temp\ccDX7XtF.s 			page 219


 8538 007e 4FF0FF33 		mov	r3, #-1
 8539 0082 E0E7     		b	.L691
 8540              	.L693:
 8541              	.LVL796:
1573:Middlewares/Third_Party/FreeRTOS/Source/CMSIS_RTOS_V2/cmsis_os2.c ****       hQueue = xQueueCreateStatic (msg_count, msg_size, attr->mq_mem, attr->cb_mem);
 8542              		.loc 1 1573 5 is_stmt 1 view .LVU2403
1574:Middlewares/Third_Party/FreeRTOS/Source/CMSIS_RTOS_V2/cmsis_os2.c ****     }
 8543              		.loc 1 1574 7 view .LVU2404
1574:Middlewares/Third_Party/FreeRTOS/Source/CMSIS_RTOS_V2/cmsis_os2.c ****     }
 8544              		.loc 1 1574 16 is_stmt 0 view .LVU2405
 8545 0084 0024     		movs	r4, #0
 8546 0086 0094     		str	r4, [sp]
 8547 0088 FFF7FEFF 		bl	xQueueGenericCreateStatic
 8548              	.LVL797:
1574:Middlewares/Third_Party/FreeRTOS/Source/CMSIS_RTOS_V2/cmsis_os2.c ****     }
 8549              		.loc 1 1574 16 view .LVU2406
 8550 008c 0446     		mov	r4, r0
 8551              	.LVL798:
1574:Middlewares/Third_Party/FreeRTOS/Source/CMSIS_RTOS_V2/cmsis_os2.c ****     }
 8552              		.loc 1 1574 16 view .LVU2407
 8553 008e DFE7     		b	.L694
 8554              	.LVL799:
 8555              	.L701:
1570:Middlewares/Third_Party/FreeRTOS/Source/CMSIS_RTOS_V2/cmsis_os2.c ****     }
 8556              		.loc 1 1570 11 view .LVU2408
 8557 0090 0023     		movs	r3, #0
 8558 0092 D8E7     		b	.L691
 8559              	.LVL800:
 8560              	.L703:
1555:Middlewares/Third_Party/FreeRTOS/Source/CMSIS_RTOS_V2/cmsis_os2.c **** 
 8561              		.loc 1 1555 9 view .LVU2409
 8562 0094 4FF0FF33 		mov	r3, #-1
 8563 0098 D5E7     		b	.L691
 8564              	.L705:
1565:Middlewares/Third_Party/FreeRTOS/Source/CMSIS_RTOS_V2/cmsis_os2.c ****         }
 8565              		.loc 1 1565 15 view .LVU2410
 8566 009a 0023     		movs	r3, #0
 8567 009c D3E7     		b	.L691
 8568              	.LVL801:
 8569              	.L696:
1552:Middlewares/Third_Party/FreeRTOS/Source/CMSIS_RTOS_V2/cmsis_os2.c **** 
 8570              		.loc 1 1552 10 view .LVU2411
 8571 009e 0024     		movs	r4, #0
 8572              	.LVL802:
 8573              	.L688:
1590:Middlewares/Third_Party/FreeRTOS/Source/CMSIS_RTOS_V2/cmsis_os2.c ****     }
1591:Middlewares/Third_Party/FreeRTOS/Source/CMSIS_RTOS_V2/cmsis_os2.c ****     #endif
1592:Middlewares/Third_Party/FreeRTOS/Source/CMSIS_RTOS_V2/cmsis_os2.c **** 
1593:Middlewares/Third_Party/FreeRTOS/Source/CMSIS_RTOS_V2/cmsis_os2.c ****   }
1594:Middlewares/Third_Party/FreeRTOS/Source/CMSIS_RTOS_V2/cmsis_os2.c **** 
1595:Middlewares/Third_Party/FreeRTOS/Source/CMSIS_RTOS_V2/cmsis_os2.c ****   return ((osMessageQueueId_t)hQueue);
1596:Middlewares/Third_Party/FreeRTOS/Source/CMSIS_RTOS_V2/cmsis_os2.c **** }
 8574              		.loc 1 1596 1 view .LVU2412
 8575 00a0 2046     		mov	r0, r4
 8576 00a2 02B0     		add	sp, sp, #8
 8577              	.LCFI127:
 8578              		.cfi_remember_state
ARM GAS  C:\Users\31005\AppData\Local\Temp\ccDX7XtF.s 			page 220


 8579              		.cfi_def_cfa_offset 16
 8580              		@ sp needed
 8581 00a4 70BD     		pop	{r4, r5, r6, pc}
 8582              	.LVL803:
 8583              	.L697:
 8584              	.LCFI128:
 8585              		.cfi_restore_state
1552:Middlewares/Third_Party/FreeRTOS/Source/CMSIS_RTOS_V2/cmsis_os2.c **** 
 8586              		.loc 1 1552 10 view .LVU2413
 8587 00a6 0024     		movs	r4, #0
 8588 00a8 FAE7     		b	.L688
 8589              	.L699:
 8590 00aa 0024     		movs	r4, #0
 8591 00ac F8E7     		b	.L688
 8592              	.L700:
 8593 00ae 0024     		movs	r4, #0
 8594 00b0 F6E7     		b	.L688
 8595              	.LVL804:
 8596              	.L706:
1552:Middlewares/Third_Party/FreeRTOS/Source/CMSIS_RTOS_V2/cmsis_os2.c **** 
 8597              		.loc 1 1552 10 view .LVU2414
 8598 00b2 0024     		movs	r4, #0
1595:Middlewares/Third_Party/FreeRTOS/Source/CMSIS_RTOS_V2/cmsis_os2.c **** }
 8599              		.loc 1 1595 3 is_stmt 1 view .LVU2415
1595:Middlewares/Third_Party/FreeRTOS/Source/CMSIS_RTOS_V2/cmsis_os2.c **** }
 8600              		.loc 1 1595 11 is_stmt 0 view .LVU2416
 8601 00b4 F4E7     		b	.L688
 8602              	.L712:
 8603 00b6 00BF     		.align	2
 8604              	.L711:
 8605 00b8 00000000 		.word	KernelState
 8606              		.cfi_endproc
 8607              	.LFE161:
 8609              		.section	.text.osMessageQueuePut,"ax",%progbits
 8610              		.align	1
 8611              		.global	osMessageQueuePut
 8612              		.syntax unified
 8613              		.thumb
 8614              		.thumb_func
 8616              	osMessageQueuePut:
 8617              	.LVL805:
 8618              	.LFB162:
1597:Middlewares/Third_Party/FreeRTOS/Source/CMSIS_RTOS_V2/cmsis_os2.c **** 
1598:Middlewares/Third_Party/FreeRTOS/Source/CMSIS_RTOS_V2/cmsis_os2.c **** osStatus_t osMessageQueuePut (osMessageQueueId_t mq_id, const void *msg_ptr, uint8_t msg_prio, uint
 8619              		.loc 1 1598 114 is_stmt 1 view -0
 8620              		.cfi_startproc
 8621              		@ args = 0, pretend = 0, frame = 8
 8622              		@ frame_needed = 0, uses_anonymous_args = 0
 8623              		.loc 1 1598 114 is_stmt 0 view .LVU2418
 8624 0000 10B5     		push	{r4, lr}
 8625              	.LCFI129:
 8626              		.cfi_def_cfa_offset 8
 8627              		.cfi_offset 4, -8
 8628              		.cfi_offset 14, -4
 8629 0002 82B0     		sub	sp, sp, #8
 8630              	.LCFI130:
 8631              		.cfi_def_cfa_offset 16
ARM GAS  C:\Users\31005\AppData\Local\Temp\ccDX7XtF.s 			page 221


 8632 0004 1C46     		mov	r4, r3
1599:Middlewares/Third_Party/FreeRTOS/Source/CMSIS_RTOS_V2/cmsis_os2.c ****   QueueHandle_t hQueue = (QueueHandle_t)mq_id;
 8633              		.loc 1 1599 3 is_stmt 1 view .LVU2419
 8634              	.LVL806:
1600:Middlewares/Third_Party/FreeRTOS/Source/CMSIS_RTOS_V2/cmsis_os2.c ****   osStatus_t stat;
 8635              		.loc 1 1600 3 view .LVU2420
1601:Middlewares/Third_Party/FreeRTOS/Source/CMSIS_RTOS_V2/cmsis_os2.c ****   BaseType_t yield;
 8636              		.loc 1 1601 3 view .LVU2421
1602:Middlewares/Third_Party/FreeRTOS/Source/CMSIS_RTOS_V2/cmsis_os2.c **** 
1603:Middlewares/Third_Party/FreeRTOS/Source/CMSIS_RTOS_V2/cmsis_os2.c ****   (void)msg_prio; /* Message priority is ignored */
 8637              		.loc 1 1603 3 view .LVU2422
1604:Middlewares/Third_Party/FreeRTOS/Source/CMSIS_RTOS_V2/cmsis_os2.c **** 
1605:Middlewares/Third_Party/FreeRTOS/Source/CMSIS_RTOS_V2/cmsis_os2.c ****   stat = osOK;
 8638              		.loc 1 1605 3 view .LVU2423
1606:Middlewares/Third_Party/FreeRTOS/Source/CMSIS_RTOS_V2/cmsis_os2.c **** 
1607:Middlewares/Third_Party/FreeRTOS/Source/CMSIS_RTOS_V2/cmsis_os2.c ****   if (IS_IRQ()) {
 8639              		.loc 1 1607 3 view .LVU2424
 8640              	.LBB626:
 8641              	.LBI626:
 205:Drivers/CMSIS/Include/cmsis_gcc.h **** {
 8642              		.loc 2 205 31 view .LVU2425
 8643              	.LBB627:
 207:Drivers/CMSIS/Include/cmsis_gcc.h **** 
 8644              		.loc 2 207 3 view .LVU2426
 209:Drivers/CMSIS/Include/cmsis_gcc.h ****   return(result);
 8645              		.loc 2 209 3 view .LVU2427
 8646              		.syntax unified
 8647              	@ 209 "Drivers/CMSIS/Include/cmsis_gcc.h" 1
 8648 0006 EFF30583 		MRS r3, ipsr
 8649              	@ 0 "" 2
 8650              	.LVL807:
 210:Drivers/CMSIS/Include/cmsis_gcc.h **** }
 8651              		.loc 2 210 3 view .LVU2428
 210:Drivers/CMSIS/Include/cmsis_gcc.h **** }
 8652              		.loc 2 210 3 is_stmt 0 view .LVU2429
 8653              		.thumb
 8654              		.syntax unified
 8655              	.LBE627:
 8656              	.LBE626:
 8657              		.loc 1 1607 6 view .LVU2430
 8658 000a B3B9     		cbnz	r3, .L714
 8659              	.LBB628:
 8660              	.LBI628:
 382:Drivers/CMSIS/Include/cmsis_gcc.h **** {
 8661              		.loc 2 382 31 is_stmt 1 view .LVU2431
 8662              	.LBB629:
 384:Drivers/CMSIS/Include/cmsis_gcc.h **** 
 8663              		.loc 2 384 3 view .LVU2432
 386:Drivers/CMSIS/Include/cmsis_gcc.h ****   return(result);
 8664              		.loc 2 386 3 view .LVU2433
 8665              		.syntax unified
 8666              	@ 386 "Drivers/CMSIS/Include/cmsis_gcc.h" 1
 8667 000c EFF31083 		MRS r3, primask
 8668              	@ 0 "" 2
 8669              	.LVL808:
 387:Drivers/CMSIS/Include/cmsis_gcc.h **** }
 8670              		.loc 2 387 3 view .LVU2434
ARM GAS  C:\Users\31005\AppData\Local\Temp\ccDX7XtF.s 			page 222


 387:Drivers/CMSIS/Include/cmsis_gcc.h **** }
 8671              		.loc 2 387 3 is_stmt 0 view .LVU2435
 8672              		.thumb
 8673              		.syntax unified
 8674              	.LBE629:
 8675              	.LBE628:
 8676              		.loc 1 1607 7 view .LVU2436
 8677 0010 9BB9     		cbnz	r3, .L714
 8678              		.loc 1 1607 7 discriminator 2 view .LVU2437
 8679 0012 224B     		ldr	r3, .L727
 8680 0014 1B68     		ldr	r3, [r3]
 8681 0016 022B     		cmp	r3, #2
 8682 0018 0BD0     		beq	.L726
 8683              	.L715:
1608:Middlewares/Third_Party/FreeRTOS/Source/CMSIS_RTOS_V2/cmsis_os2.c ****     if ((hQueue == NULL) || (msg_ptr == NULL) || (timeout != 0U)) {
1609:Middlewares/Third_Party/FreeRTOS/Source/CMSIS_RTOS_V2/cmsis_os2.c ****       stat = osErrorParameter;
1610:Middlewares/Third_Party/FreeRTOS/Source/CMSIS_RTOS_V2/cmsis_os2.c ****     }
1611:Middlewares/Third_Party/FreeRTOS/Source/CMSIS_RTOS_V2/cmsis_os2.c ****     else {
1612:Middlewares/Third_Party/FreeRTOS/Source/CMSIS_RTOS_V2/cmsis_os2.c ****       yield = pdFALSE;
1613:Middlewares/Third_Party/FreeRTOS/Source/CMSIS_RTOS_V2/cmsis_os2.c **** 
1614:Middlewares/Third_Party/FreeRTOS/Source/CMSIS_RTOS_V2/cmsis_os2.c ****       if (xQueueSendToBackFromISR (hQueue, msg_ptr, &yield) != pdTRUE) {
1615:Middlewares/Third_Party/FreeRTOS/Source/CMSIS_RTOS_V2/cmsis_os2.c ****         stat = osErrorResource;
1616:Middlewares/Third_Party/FreeRTOS/Source/CMSIS_RTOS_V2/cmsis_os2.c ****       } else {
1617:Middlewares/Third_Party/FreeRTOS/Source/CMSIS_RTOS_V2/cmsis_os2.c ****         portYIELD_FROM_ISR (yield);
1618:Middlewares/Third_Party/FreeRTOS/Source/CMSIS_RTOS_V2/cmsis_os2.c ****       }
1619:Middlewares/Third_Party/FreeRTOS/Source/CMSIS_RTOS_V2/cmsis_os2.c ****     }
1620:Middlewares/Third_Party/FreeRTOS/Source/CMSIS_RTOS_V2/cmsis_os2.c ****   }
1621:Middlewares/Third_Party/FreeRTOS/Source/CMSIS_RTOS_V2/cmsis_os2.c ****   else {
1622:Middlewares/Third_Party/FreeRTOS/Source/CMSIS_RTOS_V2/cmsis_os2.c ****     if ((hQueue == NULL) || (msg_ptr == NULL)) {
 8684              		.loc 1 1622 5 is_stmt 1 view .LVU2438
 8685              		.loc 1 1622 8 is_stmt 0 view .LVU2439
 8686 001a 98B3     		cbz	r0, .L721
 8687              		.loc 1 1622 26 discriminator 1 view .LVU2440
 8688 001c A9B3     		cbz	r1, .L722
1623:Middlewares/Third_Party/FreeRTOS/Source/CMSIS_RTOS_V2/cmsis_os2.c ****       stat = osErrorParameter;
1624:Middlewares/Third_Party/FreeRTOS/Source/CMSIS_RTOS_V2/cmsis_os2.c ****     }
1625:Middlewares/Third_Party/FreeRTOS/Source/CMSIS_RTOS_V2/cmsis_os2.c ****     else {
1626:Middlewares/Third_Party/FreeRTOS/Source/CMSIS_RTOS_V2/cmsis_os2.c ****       if (xQueueSendToBack (hQueue, msg_ptr, (TickType_t)timeout) != pdPASS) {
 8689              		.loc 1 1626 7 is_stmt 1 view .LVU2441
 8690              		.loc 1 1626 11 is_stmt 0 view .LVU2442
 8691 001e 0023     		movs	r3, #0
 8692 0020 2246     		mov	r2, r4
 8693              	.LVL809:
 8694              		.loc 1 1626 11 view .LVU2443
 8695 0022 FFF7FEFF 		bl	xQueueGenericSend
 8696              	.LVL810:
 8697              		.loc 1 1626 10 view .LVU2444
 8698 0026 0128     		cmp	r0, #1
 8699 0028 32D0     		beq	.L723
1627:Middlewares/Third_Party/FreeRTOS/Source/CMSIS_RTOS_V2/cmsis_os2.c ****         if (timeout != 0U) {
 8700              		.loc 1 1627 9 is_stmt 1 view .LVU2445
 8701              		.loc 1 1627 12 is_stmt 0 view .LVU2446
 8702 002a 9CB3     		cbz	r4, .L724
1628:Middlewares/Third_Party/FreeRTOS/Source/CMSIS_RTOS_V2/cmsis_os2.c ****           stat = osErrorTimeout;
 8703              		.loc 1 1628 16 view .LVU2447
 8704 002c 6FF00100 		mvn	r0, #1
 8705 0030 1AE0     		b	.L713
ARM GAS  C:\Users\31005\AppData\Local\Temp\ccDX7XtF.s 			page 223


 8706              	.LVL811:
 8707              	.L726:
 8708              	.LBB630:
 8709              	.LBI630:
 461:Drivers/CMSIS/Include/cmsis_gcc.h **** {
 8710              		.loc 2 461 31 is_stmt 1 view .LVU2448
 8711              	.LBB631:
 463:Drivers/CMSIS/Include/cmsis_gcc.h **** 
 8712              		.loc 2 463 3 view .LVU2449
 465:Drivers/CMSIS/Include/cmsis_gcc.h ****   return(result);
 8713              		.loc 2 465 3 view .LVU2450
 8714              		.syntax unified
 8715              	@ 465 "Drivers/CMSIS/Include/cmsis_gcc.h" 1
 8716 0032 EFF31183 		MRS r3, basepri
 8717              	@ 0 "" 2
 8718              	.LVL812:
 8719              		.loc 2 466 3 view .LVU2451
 8720              		.loc 2 466 3 is_stmt 0 view .LVU2452
 8721              		.thumb
 8722              		.syntax unified
 8723              	.LBE631:
 8724              	.LBE630:
1607:Middlewares/Third_Party/FreeRTOS/Source/CMSIS_RTOS_V2/cmsis_os2.c ****     if ((hQueue == NULL) || (msg_ptr == NULL) || (timeout != 0U)) {
 8725              		.loc 1 1607 7 view .LVU2453
 8726 0036 002B     		cmp	r3, #0
 8727 0038 EFD0     		beq	.L715
 8728              	.L714:
1608:Middlewares/Third_Party/FreeRTOS/Source/CMSIS_RTOS_V2/cmsis_os2.c ****       stat = osErrorParameter;
 8729              		.loc 1 1608 5 is_stmt 1 view .LVU2454
1608:Middlewares/Third_Party/FreeRTOS/Source/CMSIS_RTOS_V2/cmsis_os2.c ****       stat = osErrorParameter;
 8730              		.loc 1 1608 8 is_stmt 0 view .LVU2455
 8731 003a B8B1     		cbz	r0, .L717
1608:Middlewares/Third_Party/FreeRTOS/Source/CMSIS_RTOS_V2/cmsis_os2.c ****       stat = osErrorParameter;
 8732              		.loc 1 1608 26 discriminator 1 view .LVU2456
 8733 003c C9B1     		cbz	r1, .L718
1608:Middlewares/Third_Party/FreeRTOS/Source/CMSIS_RTOS_V2/cmsis_os2.c ****       stat = osErrorParameter;
 8734              		.loc 1 1608 47 discriminator 2 view .LVU2457
 8735 003e DCB9     		cbnz	r4, .L719
1612:Middlewares/Third_Party/FreeRTOS/Source/CMSIS_RTOS_V2/cmsis_os2.c **** 
 8736              		.loc 1 1612 7 is_stmt 1 view .LVU2458
1612:Middlewares/Third_Party/FreeRTOS/Source/CMSIS_RTOS_V2/cmsis_os2.c **** 
 8737              		.loc 1 1612 13 is_stmt 0 view .LVU2459
 8738 0040 0023     		movs	r3, #0
 8739 0042 0193     		str	r3, [sp, #4]
1614:Middlewares/Third_Party/FreeRTOS/Source/CMSIS_RTOS_V2/cmsis_os2.c ****         stat = osErrorResource;
 8740              		.loc 1 1614 7 is_stmt 1 view .LVU2460
1614:Middlewares/Third_Party/FreeRTOS/Source/CMSIS_RTOS_V2/cmsis_os2.c ****         stat = osErrorResource;
 8741              		.loc 1 1614 11 is_stmt 0 view .LVU2461
 8742 0044 01AA     		add	r2, sp, #4
 8743              	.LVL813:
1614:Middlewares/Third_Party/FreeRTOS/Source/CMSIS_RTOS_V2/cmsis_os2.c ****         stat = osErrorResource;
 8744              		.loc 1 1614 11 view .LVU2462
 8745 0046 FFF7FEFF 		bl	xQueueGenericSendFromISR
 8746              	.LVL814:
1614:Middlewares/Third_Party/FreeRTOS/Source/CMSIS_RTOS_V2/cmsis_os2.c ****         stat = osErrorResource;
 8747              		.loc 1 1614 10 view .LVU2463
 8748 004a 0128     		cmp	r0, #1
ARM GAS  C:\Users\31005\AppData\Local\Temp\ccDX7XtF.s 			page 224


 8749 004c 17D1     		bne	.L720
1617:Middlewares/Third_Party/FreeRTOS/Source/CMSIS_RTOS_V2/cmsis_os2.c ****       }
 8750              		.loc 1 1617 9 is_stmt 1 view .LVU2464
 8751 004e 0198     		ldr	r0, [sp, #4]
 8752 0050 50B1     		cbz	r0, .L713
1617:Middlewares/Third_Party/FreeRTOS/Source/CMSIS_RTOS_V2/cmsis_os2.c ****       }
 8753              		.loc 1 1617 9 discriminator 1 view .LVU2465
 8754 0052 4FF0E023 		mov	r3, #-536813568
 8755 0056 4FF08052 		mov	r2, #268435456
 8756 005a C3F8042D 		str	r2, [r3, #3332]
1617:Middlewares/Third_Party/FreeRTOS/Source/CMSIS_RTOS_V2/cmsis_os2.c ****       }
 8757              		.loc 1 1617 9 discriminator 1 view .LVU2466
 8758              		.syntax unified
 8759              	@ 1617 "Middlewares/Third_Party/FreeRTOS/Source/CMSIS_RTOS_V2/cmsis_os2.c" 1
 8760 005e BFF34F8F 		dsb
 8761              	@ 0 "" 2
1617:Middlewares/Third_Party/FreeRTOS/Source/CMSIS_RTOS_V2/cmsis_os2.c ****       }
 8762              		.loc 1 1617 9 discriminator 1 view .LVU2467
 8763              	@ 1617 "Middlewares/Third_Party/FreeRTOS/Source/CMSIS_RTOS_V2/cmsis_os2.c" 1
 8764 0062 BFF36F8F 		isb
 8765              	@ 0 "" 2
1605:Middlewares/Third_Party/FreeRTOS/Source/CMSIS_RTOS_V2/cmsis_os2.c **** 
 8766              		.loc 1 1605 8 is_stmt 0 discriminator 1 view .LVU2468
 8767              		.thumb
 8768              		.syntax unified
 8769 0066 0020     		movs	r0, #0
 8770              	.LVL815:
 8771              	.L713:
1629:Middlewares/Third_Party/FreeRTOS/Source/CMSIS_RTOS_V2/cmsis_os2.c ****         } else {
1630:Middlewares/Third_Party/FreeRTOS/Source/CMSIS_RTOS_V2/cmsis_os2.c ****           stat = osErrorResource;
1631:Middlewares/Third_Party/FreeRTOS/Source/CMSIS_RTOS_V2/cmsis_os2.c ****         }
1632:Middlewares/Third_Party/FreeRTOS/Source/CMSIS_RTOS_V2/cmsis_os2.c ****       }
1633:Middlewares/Third_Party/FreeRTOS/Source/CMSIS_RTOS_V2/cmsis_os2.c ****     }
1634:Middlewares/Third_Party/FreeRTOS/Source/CMSIS_RTOS_V2/cmsis_os2.c ****   }
1635:Middlewares/Third_Party/FreeRTOS/Source/CMSIS_RTOS_V2/cmsis_os2.c **** 
1636:Middlewares/Third_Party/FreeRTOS/Source/CMSIS_RTOS_V2/cmsis_os2.c ****   return (stat);
1637:Middlewares/Third_Party/FreeRTOS/Source/CMSIS_RTOS_V2/cmsis_os2.c **** }
 8772              		.loc 1 1637 1 view .LVU2469
 8773 0068 02B0     		add	sp, sp, #8
 8774              	.LCFI131:
 8775              		.cfi_remember_state
 8776              		.cfi_def_cfa_offset 8
 8777              		@ sp needed
 8778 006a 10BD     		pop	{r4, pc}
 8779              	.LVL816:
 8780              	.L717:
 8781              	.LCFI132:
 8782              		.cfi_restore_state
1609:Middlewares/Third_Party/FreeRTOS/Source/CMSIS_RTOS_V2/cmsis_os2.c ****     }
 8783              		.loc 1 1609 12 view .LVU2470
 8784 006c 6FF00300 		mvn	r0, #3
 8785              	.LVL817:
1609:Middlewares/Third_Party/FreeRTOS/Source/CMSIS_RTOS_V2/cmsis_os2.c ****     }
 8786              		.loc 1 1609 12 view .LVU2471
 8787 0070 FAE7     		b	.L713
 8788              	.LVL818:
 8789              	.L718:
ARM GAS  C:\Users\31005\AppData\Local\Temp\ccDX7XtF.s 			page 225


1609:Middlewares/Third_Party/FreeRTOS/Source/CMSIS_RTOS_V2/cmsis_os2.c ****     }
 8790              		.loc 1 1609 12 view .LVU2472
 8791 0072 6FF00300 		mvn	r0, #3
 8792              	.LVL819:
1609:Middlewares/Third_Party/FreeRTOS/Source/CMSIS_RTOS_V2/cmsis_os2.c ****     }
 8793              		.loc 1 1609 12 view .LVU2473
 8794 0076 F7E7     		b	.L713
 8795              	.LVL820:
 8796              	.L719:
1609:Middlewares/Third_Party/FreeRTOS/Source/CMSIS_RTOS_V2/cmsis_os2.c ****     }
 8797              		.loc 1 1609 12 view .LVU2474
 8798 0078 6FF00300 		mvn	r0, #3
 8799              	.LVL821:
1609:Middlewares/Third_Party/FreeRTOS/Source/CMSIS_RTOS_V2/cmsis_os2.c ****     }
 8800              		.loc 1 1609 12 view .LVU2475
 8801 007c F4E7     		b	.L713
 8802              	.LVL822:
 8803              	.L720:
1615:Middlewares/Third_Party/FreeRTOS/Source/CMSIS_RTOS_V2/cmsis_os2.c ****       } else {
 8804              		.loc 1 1615 14 view .LVU2476
 8805 007e 6FF00200 		mvn	r0, #2
 8806 0082 F1E7     		b	.L713
 8807              	.LVL823:
 8808              	.L721:
1623:Middlewares/Third_Party/FreeRTOS/Source/CMSIS_RTOS_V2/cmsis_os2.c ****     }
 8809              		.loc 1 1623 12 view .LVU2477
 8810 0084 6FF00300 		mvn	r0, #3
 8811              	.LVL824:
1623:Middlewares/Third_Party/FreeRTOS/Source/CMSIS_RTOS_V2/cmsis_os2.c ****     }
 8812              		.loc 1 1623 12 view .LVU2478
 8813 0088 EEE7     		b	.L713
 8814              	.LVL825:
 8815              	.L722:
1623:Middlewares/Third_Party/FreeRTOS/Source/CMSIS_RTOS_V2/cmsis_os2.c ****     }
 8816              		.loc 1 1623 12 view .LVU2479
 8817 008a 6FF00300 		mvn	r0, #3
 8818              	.LVL826:
1623:Middlewares/Third_Party/FreeRTOS/Source/CMSIS_RTOS_V2/cmsis_os2.c ****     }
 8819              		.loc 1 1623 12 view .LVU2480
 8820 008e EBE7     		b	.L713
 8821              	.LVL827:
 8822              	.L723:
1605:Middlewares/Third_Party/FreeRTOS/Source/CMSIS_RTOS_V2/cmsis_os2.c **** 
 8823              		.loc 1 1605 8 view .LVU2481
 8824 0090 0020     		movs	r0, #0
 8825 0092 E9E7     		b	.L713
 8826              	.L724:
1630:Middlewares/Third_Party/FreeRTOS/Source/CMSIS_RTOS_V2/cmsis_os2.c ****         }
 8827              		.loc 1 1630 16 view .LVU2482
 8828 0094 6FF00200 		mvn	r0, #2
 8829              	.LVL828:
1636:Middlewares/Third_Party/FreeRTOS/Source/CMSIS_RTOS_V2/cmsis_os2.c **** }
 8830              		.loc 1 1636 3 is_stmt 1 view .LVU2483
1636:Middlewares/Third_Party/FreeRTOS/Source/CMSIS_RTOS_V2/cmsis_os2.c **** }
 8831              		.loc 1 1636 10 is_stmt 0 view .LVU2484
 8832 0098 E6E7     		b	.L713
 8833              	.L728:
ARM GAS  C:\Users\31005\AppData\Local\Temp\ccDX7XtF.s 			page 226


 8834 009a 00BF     		.align	2
 8835              	.L727:
 8836 009c 00000000 		.word	KernelState
 8837              		.cfi_endproc
 8838              	.LFE162:
 8840              		.section	.text.osMessageQueueGet,"ax",%progbits
 8841              		.align	1
 8842              		.global	osMessageQueueGet
 8843              		.syntax unified
 8844              		.thumb
 8845              		.thumb_func
 8847              	osMessageQueueGet:
 8848              	.LVL829:
 8849              	.LFB163:
1638:Middlewares/Third_Party/FreeRTOS/Source/CMSIS_RTOS_V2/cmsis_os2.c **** 
1639:Middlewares/Third_Party/FreeRTOS/Source/CMSIS_RTOS_V2/cmsis_os2.c **** osStatus_t osMessageQueueGet (osMessageQueueId_t mq_id, void *msg_ptr, uint8_t *msg_prio, uint32_t 
 8850              		.loc 1 1639 109 is_stmt 1 view -0
 8851              		.cfi_startproc
 8852              		@ args = 0, pretend = 0, frame = 8
 8853              		@ frame_needed = 0, uses_anonymous_args = 0
 8854              		.loc 1 1639 109 is_stmt 0 view .LVU2486
 8855 0000 10B5     		push	{r4, lr}
 8856              	.LCFI133:
 8857              		.cfi_def_cfa_offset 8
 8858              		.cfi_offset 4, -8
 8859              		.cfi_offset 14, -4
 8860 0002 82B0     		sub	sp, sp, #8
 8861              	.LCFI134:
 8862              		.cfi_def_cfa_offset 16
 8863 0004 1C46     		mov	r4, r3
1640:Middlewares/Third_Party/FreeRTOS/Source/CMSIS_RTOS_V2/cmsis_os2.c ****   QueueHandle_t hQueue = (QueueHandle_t)mq_id;
 8864              		.loc 1 1640 3 is_stmt 1 view .LVU2487
 8865              	.LVL830:
1641:Middlewares/Third_Party/FreeRTOS/Source/CMSIS_RTOS_V2/cmsis_os2.c ****   osStatus_t stat;
 8866              		.loc 1 1641 3 view .LVU2488
1642:Middlewares/Third_Party/FreeRTOS/Source/CMSIS_RTOS_V2/cmsis_os2.c ****   BaseType_t yield;
 8867              		.loc 1 1642 3 view .LVU2489
1643:Middlewares/Third_Party/FreeRTOS/Source/CMSIS_RTOS_V2/cmsis_os2.c **** 
1644:Middlewares/Third_Party/FreeRTOS/Source/CMSIS_RTOS_V2/cmsis_os2.c ****   (void)msg_prio; /* Message priority is ignored */
 8868              		.loc 1 1644 3 view .LVU2490
1645:Middlewares/Third_Party/FreeRTOS/Source/CMSIS_RTOS_V2/cmsis_os2.c **** 
1646:Middlewares/Third_Party/FreeRTOS/Source/CMSIS_RTOS_V2/cmsis_os2.c ****   stat = osOK;
 8869              		.loc 1 1646 3 view .LVU2491
1647:Middlewares/Third_Party/FreeRTOS/Source/CMSIS_RTOS_V2/cmsis_os2.c **** 
1648:Middlewares/Third_Party/FreeRTOS/Source/CMSIS_RTOS_V2/cmsis_os2.c ****   if (IS_IRQ()) {
 8870              		.loc 1 1648 3 view .LVU2492
 8871              	.LBB632:
 8872              	.LBI632:
 205:Drivers/CMSIS/Include/cmsis_gcc.h **** {
 8873              		.loc 2 205 31 view .LVU2493
 8874              	.LBB633:
 207:Drivers/CMSIS/Include/cmsis_gcc.h **** 
 8875              		.loc 2 207 3 view .LVU2494
 209:Drivers/CMSIS/Include/cmsis_gcc.h ****   return(result);
 8876              		.loc 2 209 3 view .LVU2495
 8877              		.syntax unified
 8878              	@ 209 "Drivers/CMSIS/Include/cmsis_gcc.h" 1
ARM GAS  C:\Users\31005\AppData\Local\Temp\ccDX7XtF.s 			page 227


 8879 0006 EFF30583 		MRS r3, ipsr
 8880              	@ 0 "" 2
 8881              	.LVL831:
 210:Drivers/CMSIS/Include/cmsis_gcc.h **** }
 8882              		.loc 2 210 3 view .LVU2496
 210:Drivers/CMSIS/Include/cmsis_gcc.h **** }
 8883              		.loc 2 210 3 is_stmt 0 view .LVU2497
 8884              		.thumb
 8885              		.syntax unified
 8886              	.LBE633:
 8887              	.LBE632:
 8888              		.loc 1 1648 6 view .LVU2498
 8889 000a ABB9     		cbnz	r3, .L730
 8890              	.LBB634:
 8891              	.LBI634:
 382:Drivers/CMSIS/Include/cmsis_gcc.h **** {
 8892              		.loc 2 382 31 is_stmt 1 view .LVU2499
 8893              	.LBB635:
 384:Drivers/CMSIS/Include/cmsis_gcc.h **** 
 8894              		.loc 2 384 3 view .LVU2500
 386:Drivers/CMSIS/Include/cmsis_gcc.h ****   return(result);
 8895              		.loc 2 386 3 view .LVU2501
 8896              		.syntax unified
 8897              	@ 386 "Drivers/CMSIS/Include/cmsis_gcc.h" 1
 8898 000c EFF31083 		MRS r3, primask
 8899              	@ 0 "" 2
 8900              	.LVL832:
 387:Drivers/CMSIS/Include/cmsis_gcc.h **** }
 8901              		.loc 2 387 3 view .LVU2502
 387:Drivers/CMSIS/Include/cmsis_gcc.h **** }
 8902              		.loc 2 387 3 is_stmt 0 view .LVU2503
 8903              		.thumb
 8904              		.syntax unified
 8905              	.LBE635:
 8906              	.LBE634:
 8907              		.loc 1 1648 7 view .LVU2504
 8908 0010 93B9     		cbnz	r3, .L730
 8909              		.loc 1 1648 7 discriminator 2 view .LVU2505
 8910 0012 214B     		ldr	r3, .L743
 8911 0014 1B68     		ldr	r3, [r3]
 8912 0016 022B     		cmp	r3, #2
 8913 0018 0AD0     		beq	.L742
 8914              	.L731:
1649:Middlewares/Third_Party/FreeRTOS/Source/CMSIS_RTOS_V2/cmsis_os2.c ****     if ((hQueue == NULL) || (msg_ptr == NULL) || (timeout != 0U)) {
1650:Middlewares/Third_Party/FreeRTOS/Source/CMSIS_RTOS_V2/cmsis_os2.c ****       stat = osErrorParameter;
1651:Middlewares/Third_Party/FreeRTOS/Source/CMSIS_RTOS_V2/cmsis_os2.c ****     }
1652:Middlewares/Third_Party/FreeRTOS/Source/CMSIS_RTOS_V2/cmsis_os2.c ****     else {
1653:Middlewares/Third_Party/FreeRTOS/Source/CMSIS_RTOS_V2/cmsis_os2.c ****       yield = pdFALSE;
1654:Middlewares/Third_Party/FreeRTOS/Source/CMSIS_RTOS_V2/cmsis_os2.c **** 
1655:Middlewares/Third_Party/FreeRTOS/Source/CMSIS_RTOS_V2/cmsis_os2.c ****       if (xQueueReceiveFromISR (hQueue, msg_ptr, &yield) != pdPASS) {
1656:Middlewares/Third_Party/FreeRTOS/Source/CMSIS_RTOS_V2/cmsis_os2.c ****         stat = osErrorResource;
1657:Middlewares/Third_Party/FreeRTOS/Source/CMSIS_RTOS_V2/cmsis_os2.c ****       } else {
1658:Middlewares/Third_Party/FreeRTOS/Source/CMSIS_RTOS_V2/cmsis_os2.c ****         portYIELD_FROM_ISR (yield);
1659:Middlewares/Third_Party/FreeRTOS/Source/CMSIS_RTOS_V2/cmsis_os2.c ****       }
1660:Middlewares/Third_Party/FreeRTOS/Source/CMSIS_RTOS_V2/cmsis_os2.c ****     }
1661:Middlewares/Third_Party/FreeRTOS/Source/CMSIS_RTOS_V2/cmsis_os2.c ****   }
1662:Middlewares/Third_Party/FreeRTOS/Source/CMSIS_RTOS_V2/cmsis_os2.c ****   else {
ARM GAS  C:\Users\31005\AppData\Local\Temp\ccDX7XtF.s 			page 228


1663:Middlewares/Third_Party/FreeRTOS/Source/CMSIS_RTOS_V2/cmsis_os2.c ****     if ((hQueue == NULL) || (msg_ptr == NULL)) {
 8915              		.loc 1 1663 5 is_stmt 1 view .LVU2506
 8916              		.loc 1 1663 8 is_stmt 0 view .LVU2507
 8917 001a 90B3     		cbz	r0, .L737
 8918              		.loc 1 1663 26 discriminator 1 view .LVU2508
 8919 001c A1B3     		cbz	r1, .L738
1664:Middlewares/Third_Party/FreeRTOS/Source/CMSIS_RTOS_V2/cmsis_os2.c ****       stat = osErrorParameter;
1665:Middlewares/Third_Party/FreeRTOS/Source/CMSIS_RTOS_V2/cmsis_os2.c ****     }
1666:Middlewares/Third_Party/FreeRTOS/Source/CMSIS_RTOS_V2/cmsis_os2.c ****     else {
1667:Middlewares/Third_Party/FreeRTOS/Source/CMSIS_RTOS_V2/cmsis_os2.c ****       if (xQueueReceive (hQueue, msg_ptr, (TickType_t)timeout) != pdPASS) {
 8920              		.loc 1 1667 7 is_stmt 1 view .LVU2509
 8921              		.loc 1 1667 11 is_stmt 0 view .LVU2510
 8922 001e 2246     		mov	r2, r4
 8923              	.LVL833:
 8924              		.loc 1 1667 11 view .LVU2511
 8925 0020 FFF7FEFF 		bl	xQueueReceive
 8926              	.LVL834:
 8927              		.loc 1 1667 10 view .LVU2512
 8928 0024 0128     		cmp	r0, #1
 8929 0026 32D0     		beq	.L739
1668:Middlewares/Third_Party/FreeRTOS/Source/CMSIS_RTOS_V2/cmsis_os2.c ****         if (timeout != 0U) {
 8930              		.loc 1 1668 9 is_stmt 1 view .LVU2513
 8931              		.loc 1 1668 12 is_stmt 0 view .LVU2514
 8932 0028 9CB3     		cbz	r4, .L740
1669:Middlewares/Third_Party/FreeRTOS/Source/CMSIS_RTOS_V2/cmsis_os2.c ****           stat = osErrorTimeout;
 8933              		.loc 1 1669 16 view .LVU2515
 8934 002a 6FF00100 		mvn	r0, #1
 8935 002e 1AE0     		b	.L729
 8936              	.LVL835:
 8937              	.L742:
 8938              	.LBB636:
 8939              	.LBI636:
 461:Drivers/CMSIS/Include/cmsis_gcc.h **** {
 8940              		.loc 2 461 31 is_stmt 1 view .LVU2516
 8941              	.LBB637:
 463:Drivers/CMSIS/Include/cmsis_gcc.h **** 
 8942              		.loc 2 463 3 view .LVU2517
 465:Drivers/CMSIS/Include/cmsis_gcc.h ****   return(result);
 8943              		.loc 2 465 3 view .LVU2518
 8944              		.syntax unified
 8945              	@ 465 "Drivers/CMSIS/Include/cmsis_gcc.h" 1
 8946 0030 EFF31183 		MRS r3, basepri
 8947              	@ 0 "" 2
 8948              	.LVL836:
 8949              		.loc 2 466 3 view .LVU2519
 8950              		.loc 2 466 3 is_stmt 0 view .LVU2520
 8951              		.thumb
 8952              		.syntax unified
 8953              	.LBE637:
 8954              	.LBE636:
1648:Middlewares/Third_Party/FreeRTOS/Source/CMSIS_RTOS_V2/cmsis_os2.c ****     if ((hQueue == NULL) || (msg_ptr == NULL) || (timeout != 0U)) {
 8955              		.loc 1 1648 7 view .LVU2521
 8956 0034 002B     		cmp	r3, #0
 8957 0036 F0D0     		beq	.L731
 8958              	.L730:
1649:Middlewares/Third_Party/FreeRTOS/Source/CMSIS_RTOS_V2/cmsis_os2.c ****       stat = osErrorParameter;
 8959              		.loc 1 1649 5 is_stmt 1 view .LVU2522
ARM GAS  C:\Users\31005\AppData\Local\Temp\ccDX7XtF.s 			page 229


1649:Middlewares/Third_Party/FreeRTOS/Source/CMSIS_RTOS_V2/cmsis_os2.c ****       stat = osErrorParameter;
 8960              		.loc 1 1649 8 is_stmt 0 view .LVU2523
 8961 0038 B8B1     		cbz	r0, .L733
1649:Middlewares/Third_Party/FreeRTOS/Source/CMSIS_RTOS_V2/cmsis_os2.c ****       stat = osErrorParameter;
 8962              		.loc 1 1649 26 discriminator 1 view .LVU2524
 8963 003a C9B1     		cbz	r1, .L734
1649:Middlewares/Third_Party/FreeRTOS/Source/CMSIS_RTOS_V2/cmsis_os2.c ****       stat = osErrorParameter;
 8964              		.loc 1 1649 47 discriminator 2 view .LVU2525
 8965 003c DCB9     		cbnz	r4, .L735
1653:Middlewares/Third_Party/FreeRTOS/Source/CMSIS_RTOS_V2/cmsis_os2.c **** 
 8966              		.loc 1 1653 7 is_stmt 1 view .LVU2526
1653:Middlewares/Third_Party/FreeRTOS/Source/CMSIS_RTOS_V2/cmsis_os2.c **** 
 8967              		.loc 1 1653 13 is_stmt 0 view .LVU2527
 8968 003e 0023     		movs	r3, #0
 8969 0040 0193     		str	r3, [sp, #4]
1655:Middlewares/Third_Party/FreeRTOS/Source/CMSIS_RTOS_V2/cmsis_os2.c ****         stat = osErrorResource;
 8970              		.loc 1 1655 7 is_stmt 1 view .LVU2528
1655:Middlewares/Third_Party/FreeRTOS/Source/CMSIS_RTOS_V2/cmsis_os2.c ****         stat = osErrorResource;
 8971              		.loc 1 1655 11 is_stmt 0 view .LVU2529
 8972 0042 01AA     		add	r2, sp, #4
 8973              	.LVL837:
1655:Middlewares/Third_Party/FreeRTOS/Source/CMSIS_RTOS_V2/cmsis_os2.c ****         stat = osErrorResource;
 8974              		.loc 1 1655 11 view .LVU2530
 8975 0044 FFF7FEFF 		bl	xQueueReceiveFromISR
 8976              	.LVL838:
1655:Middlewares/Third_Party/FreeRTOS/Source/CMSIS_RTOS_V2/cmsis_os2.c ****         stat = osErrorResource;
 8977              		.loc 1 1655 10 view .LVU2531
 8978 0048 0128     		cmp	r0, #1
 8979 004a 17D1     		bne	.L736
1658:Middlewares/Third_Party/FreeRTOS/Source/CMSIS_RTOS_V2/cmsis_os2.c ****       }
 8980              		.loc 1 1658 9 is_stmt 1 view .LVU2532
 8981 004c 0198     		ldr	r0, [sp, #4]
 8982 004e 50B1     		cbz	r0, .L729
1658:Middlewares/Third_Party/FreeRTOS/Source/CMSIS_RTOS_V2/cmsis_os2.c ****       }
 8983              		.loc 1 1658 9 discriminator 1 view .LVU2533
 8984 0050 4FF0E023 		mov	r3, #-536813568
 8985 0054 4FF08052 		mov	r2, #268435456
 8986 0058 C3F8042D 		str	r2, [r3, #3332]
1658:Middlewares/Third_Party/FreeRTOS/Source/CMSIS_RTOS_V2/cmsis_os2.c ****       }
 8987              		.loc 1 1658 9 discriminator 1 view .LVU2534
 8988              		.syntax unified
 8989              	@ 1658 "Middlewares/Third_Party/FreeRTOS/Source/CMSIS_RTOS_V2/cmsis_os2.c" 1
 8990 005c BFF34F8F 		dsb
 8991              	@ 0 "" 2
1658:Middlewares/Third_Party/FreeRTOS/Source/CMSIS_RTOS_V2/cmsis_os2.c ****       }
 8992              		.loc 1 1658 9 discriminator 1 view .LVU2535
 8993              	@ 1658 "Middlewares/Third_Party/FreeRTOS/Source/CMSIS_RTOS_V2/cmsis_os2.c" 1
 8994 0060 BFF36F8F 		isb
 8995              	@ 0 "" 2
1646:Middlewares/Third_Party/FreeRTOS/Source/CMSIS_RTOS_V2/cmsis_os2.c **** 
 8996              		.loc 1 1646 8 is_stmt 0 discriminator 1 view .LVU2536
 8997              		.thumb
 8998              		.syntax unified
 8999 0064 0020     		movs	r0, #0
 9000              	.LVL839:
 9001              	.L729:
1670:Middlewares/Third_Party/FreeRTOS/Source/CMSIS_RTOS_V2/cmsis_os2.c ****         } else {
ARM GAS  C:\Users\31005\AppData\Local\Temp\ccDX7XtF.s 			page 230


1671:Middlewares/Third_Party/FreeRTOS/Source/CMSIS_RTOS_V2/cmsis_os2.c ****           stat = osErrorResource;
1672:Middlewares/Third_Party/FreeRTOS/Source/CMSIS_RTOS_V2/cmsis_os2.c ****         }
1673:Middlewares/Third_Party/FreeRTOS/Source/CMSIS_RTOS_V2/cmsis_os2.c ****       }
1674:Middlewares/Third_Party/FreeRTOS/Source/CMSIS_RTOS_V2/cmsis_os2.c ****     }
1675:Middlewares/Third_Party/FreeRTOS/Source/CMSIS_RTOS_V2/cmsis_os2.c ****   }
1676:Middlewares/Third_Party/FreeRTOS/Source/CMSIS_RTOS_V2/cmsis_os2.c **** 
1677:Middlewares/Third_Party/FreeRTOS/Source/CMSIS_RTOS_V2/cmsis_os2.c ****   return (stat);
1678:Middlewares/Third_Party/FreeRTOS/Source/CMSIS_RTOS_V2/cmsis_os2.c **** }
 9002              		.loc 1 1678 1 view .LVU2537
 9003 0066 02B0     		add	sp, sp, #8
 9004              	.LCFI135:
 9005              		.cfi_remember_state
 9006              		.cfi_def_cfa_offset 8
 9007              		@ sp needed
 9008 0068 10BD     		pop	{r4, pc}
 9009              	.LVL840:
 9010              	.L733:
 9011              	.LCFI136:
 9012              		.cfi_restore_state
1650:Middlewares/Third_Party/FreeRTOS/Source/CMSIS_RTOS_V2/cmsis_os2.c ****     }
 9013              		.loc 1 1650 12 view .LVU2538
 9014 006a 6FF00300 		mvn	r0, #3
 9015              	.LVL841:
1650:Middlewares/Third_Party/FreeRTOS/Source/CMSIS_RTOS_V2/cmsis_os2.c ****     }
 9016              		.loc 1 1650 12 view .LVU2539
 9017 006e FAE7     		b	.L729
 9018              	.LVL842:
 9019              	.L734:
1650:Middlewares/Third_Party/FreeRTOS/Source/CMSIS_RTOS_V2/cmsis_os2.c ****     }
 9020              		.loc 1 1650 12 view .LVU2540
 9021 0070 6FF00300 		mvn	r0, #3
 9022              	.LVL843:
1650:Middlewares/Third_Party/FreeRTOS/Source/CMSIS_RTOS_V2/cmsis_os2.c ****     }
 9023              		.loc 1 1650 12 view .LVU2541
 9024 0074 F7E7     		b	.L729
 9025              	.LVL844:
 9026              	.L735:
1650:Middlewares/Third_Party/FreeRTOS/Source/CMSIS_RTOS_V2/cmsis_os2.c ****     }
 9027              		.loc 1 1650 12 view .LVU2542
 9028 0076 6FF00300 		mvn	r0, #3
 9029              	.LVL845:
1650:Middlewares/Third_Party/FreeRTOS/Source/CMSIS_RTOS_V2/cmsis_os2.c ****     }
 9030              		.loc 1 1650 12 view .LVU2543
 9031 007a F4E7     		b	.L729
 9032              	.LVL846:
 9033              	.L736:
1656:Middlewares/Third_Party/FreeRTOS/Source/CMSIS_RTOS_V2/cmsis_os2.c ****       } else {
 9034              		.loc 1 1656 14 view .LVU2544
 9035 007c 6FF00200 		mvn	r0, #2
 9036 0080 F1E7     		b	.L729
 9037              	.LVL847:
 9038              	.L737:
1664:Middlewares/Third_Party/FreeRTOS/Source/CMSIS_RTOS_V2/cmsis_os2.c ****     }
 9039              		.loc 1 1664 12 view .LVU2545
 9040 0082 6FF00300 		mvn	r0, #3
 9041              	.LVL848:
1664:Middlewares/Third_Party/FreeRTOS/Source/CMSIS_RTOS_V2/cmsis_os2.c ****     }
ARM GAS  C:\Users\31005\AppData\Local\Temp\ccDX7XtF.s 			page 231


 9042              		.loc 1 1664 12 view .LVU2546
 9043 0086 EEE7     		b	.L729
 9044              	.LVL849:
 9045              	.L738:
1664:Middlewares/Third_Party/FreeRTOS/Source/CMSIS_RTOS_V2/cmsis_os2.c ****     }
 9046              		.loc 1 1664 12 view .LVU2547
 9047 0088 6FF00300 		mvn	r0, #3
 9048              	.LVL850:
1664:Middlewares/Third_Party/FreeRTOS/Source/CMSIS_RTOS_V2/cmsis_os2.c ****     }
 9049              		.loc 1 1664 12 view .LVU2548
 9050 008c EBE7     		b	.L729
 9051              	.LVL851:
 9052              	.L739:
1646:Middlewares/Third_Party/FreeRTOS/Source/CMSIS_RTOS_V2/cmsis_os2.c **** 
 9053              		.loc 1 1646 8 view .LVU2549
 9054 008e 0020     		movs	r0, #0
 9055 0090 E9E7     		b	.L729
 9056              	.L740:
1671:Middlewares/Third_Party/FreeRTOS/Source/CMSIS_RTOS_V2/cmsis_os2.c ****         }
 9057              		.loc 1 1671 16 view .LVU2550
 9058 0092 6FF00200 		mvn	r0, #2
 9059              	.LVL852:
1677:Middlewares/Third_Party/FreeRTOS/Source/CMSIS_RTOS_V2/cmsis_os2.c **** }
 9060              		.loc 1 1677 3 is_stmt 1 view .LVU2551
1677:Middlewares/Third_Party/FreeRTOS/Source/CMSIS_RTOS_V2/cmsis_os2.c **** }
 9061              		.loc 1 1677 10 is_stmt 0 view .LVU2552
 9062 0096 E6E7     		b	.L729
 9063              	.L744:
 9064              		.align	2
 9065              	.L743:
 9066 0098 00000000 		.word	KernelState
 9067              		.cfi_endproc
 9068              	.LFE163:
 9070              		.section	.text.osMessageQueueGetCapacity,"ax",%progbits
 9071              		.align	1
 9072              		.global	osMessageQueueGetCapacity
 9073              		.syntax unified
 9074              		.thumb
 9075              		.thumb_func
 9077              	osMessageQueueGetCapacity:
 9078              	.LVL853:
 9079              	.LFB164:
1679:Middlewares/Third_Party/FreeRTOS/Source/CMSIS_RTOS_V2/cmsis_os2.c **** 
1680:Middlewares/Third_Party/FreeRTOS/Source/CMSIS_RTOS_V2/cmsis_os2.c **** uint32_t osMessageQueueGetCapacity (osMessageQueueId_t mq_id) {
 9080              		.loc 1 1680 63 is_stmt 1 view -0
 9081              		.cfi_startproc
 9082              		@ args = 0, pretend = 0, frame = 0
 9083              		@ frame_needed = 0, uses_anonymous_args = 0
 9084              		@ link register save eliminated.
1681:Middlewares/Third_Party/FreeRTOS/Source/CMSIS_RTOS_V2/cmsis_os2.c ****   StaticQueue_t *mq = (StaticQueue_t *)mq_id;
 9085              		.loc 1 1681 3 view .LVU2554
1682:Middlewares/Third_Party/FreeRTOS/Source/CMSIS_RTOS_V2/cmsis_os2.c ****   uint32_t capacity;
 9086              		.loc 1 1682 3 view .LVU2555
1683:Middlewares/Third_Party/FreeRTOS/Source/CMSIS_RTOS_V2/cmsis_os2.c **** 
1684:Middlewares/Third_Party/FreeRTOS/Source/CMSIS_RTOS_V2/cmsis_os2.c ****   if (mq == NULL) {
 9087              		.loc 1 1684 3 view .LVU2556
 9088              		.loc 1 1684 6 is_stmt 0 view .LVU2557
ARM GAS  C:\Users\31005\AppData\Local\Temp\ccDX7XtF.s 			page 232


 9089 0000 08B1     		cbz	r0, .L747
1685:Middlewares/Third_Party/FreeRTOS/Source/CMSIS_RTOS_V2/cmsis_os2.c ****     capacity = 0U;
1686:Middlewares/Third_Party/FreeRTOS/Source/CMSIS_RTOS_V2/cmsis_os2.c ****   } else {
1687:Middlewares/Third_Party/FreeRTOS/Source/CMSIS_RTOS_V2/cmsis_os2.c ****     /* capacity = pxQueue->uxLength */
1688:Middlewares/Third_Party/FreeRTOS/Source/CMSIS_RTOS_V2/cmsis_os2.c ****     capacity = mq->uxDummy4[1];
 9090              		.loc 1 1688 5 is_stmt 1 view .LVU2558
 9091              		.loc 1 1688 14 is_stmt 0 view .LVU2559
 9092 0002 C06B     		ldr	r0, [r0, #60]
 9093              	.LVL854:
 9094              		.loc 1 1688 14 view .LVU2560
 9095 0004 7047     		bx	lr
 9096              	.LVL855:
 9097              	.L747:
1685:Middlewares/Third_Party/FreeRTOS/Source/CMSIS_RTOS_V2/cmsis_os2.c ****     capacity = 0U;
 9098              		.loc 1 1685 14 view .LVU2561
 9099 0006 0020     		movs	r0, #0
 9100              	.LVL856:
1689:Middlewares/Third_Party/FreeRTOS/Source/CMSIS_RTOS_V2/cmsis_os2.c ****   }
1690:Middlewares/Third_Party/FreeRTOS/Source/CMSIS_RTOS_V2/cmsis_os2.c **** 
1691:Middlewares/Third_Party/FreeRTOS/Source/CMSIS_RTOS_V2/cmsis_os2.c ****   return (capacity);
 9101              		.loc 1 1691 3 is_stmt 1 view .LVU2562
1692:Middlewares/Third_Party/FreeRTOS/Source/CMSIS_RTOS_V2/cmsis_os2.c **** }
 9102              		.loc 1 1692 1 is_stmt 0 view .LVU2563
 9103 0008 7047     		bx	lr
 9104              		.cfi_endproc
 9105              	.LFE164:
 9107              		.section	.text.osMessageQueueGetMsgSize,"ax",%progbits
 9108              		.align	1
 9109              		.global	osMessageQueueGetMsgSize
 9110              		.syntax unified
 9111              		.thumb
 9112              		.thumb_func
 9114              	osMessageQueueGetMsgSize:
 9115              	.LVL857:
 9116              	.LFB165:
1693:Middlewares/Third_Party/FreeRTOS/Source/CMSIS_RTOS_V2/cmsis_os2.c **** 
1694:Middlewares/Third_Party/FreeRTOS/Source/CMSIS_RTOS_V2/cmsis_os2.c **** uint32_t osMessageQueueGetMsgSize (osMessageQueueId_t mq_id) {
 9117              		.loc 1 1694 62 is_stmt 1 view -0
 9118              		.cfi_startproc
 9119              		@ args = 0, pretend = 0, frame = 0
 9120              		@ frame_needed = 0, uses_anonymous_args = 0
 9121              		@ link register save eliminated.
1695:Middlewares/Third_Party/FreeRTOS/Source/CMSIS_RTOS_V2/cmsis_os2.c ****   StaticQueue_t *mq = (StaticQueue_t *)mq_id;
 9122              		.loc 1 1695 3 view .LVU2565
1696:Middlewares/Third_Party/FreeRTOS/Source/CMSIS_RTOS_V2/cmsis_os2.c ****   uint32_t size;
 9123              		.loc 1 1696 3 view .LVU2566
1697:Middlewares/Third_Party/FreeRTOS/Source/CMSIS_RTOS_V2/cmsis_os2.c **** 
1698:Middlewares/Third_Party/FreeRTOS/Source/CMSIS_RTOS_V2/cmsis_os2.c ****   if (mq == NULL) {
 9124              		.loc 1 1698 3 view .LVU2567
 9125              		.loc 1 1698 6 is_stmt 0 view .LVU2568
 9126 0000 08B1     		cbz	r0, .L750
1699:Middlewares/Third_Party/FreeRTOS/Source/CMSIS_RTOS_V2/cmsis_os2.c ****     size = 0U;
1700:Middlewares/Third_Party/FreeRTOS/Source/CMSIS_RTOS_V2/cmsis_os2.c ****   } else {
1701:Middlewares/Third_Party/FreeRTOS/Source/CMSIS_RTOS_V2/cmsis_os2.c ****     /* size = pxQueue->uxItemSize */
1702:Middlewares/Third_Party/FreeRTOS/Source/CMSIS_RTOS_V2/cmsis_os2.c ****     size = mq->uxDummy4[2];
 9127              		.loc 1 1702 5 is_stmt 1 view .LVU2569
 9128              		.loc 1 1702 10 is_stmt 0 view .LVU2570
ARM GAS  C:\Users\31005\AppData\Local\Temp\ccDX7XtF.s 			page 233


 9129 0002 006C     		ldr	r0, [r0, #64]
 9130              	.LVL858:
 9131              		.loc 1 1702 10 view .LVU2571
 9132 0004 7047     		bx	lr
 9133              	.LVL859:
 9134              	.L750:
1699:Middlewares/Third_Party/FreeRTOS/Source/CMSIS_RTOS_V2/cmsis_os2.c ****     size = 0U;
 9135              		.loc 1 1699 10 view .LVU2572
 9136 0006 0020     		movs	r0, #0
 9137              	.LVL860:
1703:Middlewares/Third_Party/FreeRTOS/Source/CMSIS_RTOS_V2/cmsis_os2.c ****   }
1704:Middlewares/Third_Party/FreeRTOS/Source/CMSIS_RTOS_V2/cmsis_os2.c **** 
1705:Middlewares/Third_Party/FreeRTOS/Source/CMSIS_RTOS_V2/cmsis_os2.c ****   return (size);
 9138              		.loc 1 1705 3 is_stmt 1 view .LVU2573
1706:Middlewares/Third_Party/FreeRTOS/Source/CMSIS_RTOS_V2/cmsis_os2.c **** }
 9139              		.loc 1 1706 1 is_stmt 0 view .LVU2574
 9140 0008 7047     		bx	lr
 9141              		.cfi_endproc
 9142              	.LFE165:
 9144              		.section	.text.osMessageQueueGetCount,"ax",%progbits
 9145              		.align	1
 9146              		.global	osMessageQueueGetCount
 9147              		.syntax unified
 9148              		.thumb
 9149              		.thumb_func
 9151              	osMessageQueueGetCount:
 9152              	.LVL861:
 9153              	.LFB166:
1707:Middlewares/Third_Party/FreeRTOS/Source/CMSIS_RTOS_V2/cmsis_os2.c **** 
1708:Middlewares/Third_Party/FreeRTOS/Source/CMSIS_RTOS_V2/cmsis_os2.c **** uint32_t osMessageQueueGetCount (osMessageQueueId_t mq_id) {
 9154              		.loc 1 1708 60 is_stmt 1 view -0
 9155              		.cfi_startproc
 9156              		@ args = 0, pretend = 0, frame = 0
 9157              		@ frame_needed = 0, uses_anonymous_args = 0
1709:Middlewares/Third_Party/FreeRTOS/Source/CMSIS_RTOS_V2/cmsis_os2.c ****   QueueHandle_t hQueue = (QueueHandle_t)mq_id;
 9158              		.loc 1 1709 3 view .LVU2576
1710:Middlewares/Third_Party/FreeRTOS/Source/CMSIS_RTOS_V2/cmsis_os2.c ****   UBaseType_t count;
 9159              		.loc 1 1710 3 view .LVU2577
1711:Middlewares/Third_Party/FreeRTOS/Source/CMSIS_RTOS_V2/cmsis_os2.c **** 
1712:Middlewares/Third_Party/FreeRTOS/Source/CMSIS_RTOS_V2/cmsis_os2.c ****   if (hQueue == NULL) {
 9160              		.loc 1 1712 3 view .LVU2578
 9161              		.loc 1 1712 6 is_stmt 0 view .LVU2579
 9162 0000 B0B1     		cbz	r0, .L755
1708:Middlewares/Third_Party/FreeRTOS/Source/CMSIS_RTOS_V2/cmsis_os2.c ****   QueueHandle_t hQueue = (QueueHandle_t)mq_id;
 9163              		.loc 1 1708 60 view .LVU2580
 9164 0002 08B5     		push	{r3, lr}
 9165              	.LCFI137:
 9166              		.cfi_def_cfa_offset 8
 9167              		.cfi_offset 3, -8
 9168              		.cfi_offset 14, -4
 9169 0004 0346     		mov	r3, r0
1713:Middlewares/Third_Party/FreeRTOS/Source/CMSIS_RTOS_V2/cmsis_os2.c ****     count = 0U;
1714:Middlewares/Third_Party/FreeRTOS/Source/CMSIS_RTOS_V2/cmsis_os2.c ****   }
1715:Middlewares/Third_Party/FreeRTOS/Source/CMSIS_RTOS_V2/cmsis_os2.c ****   else if (IS_IRQ()) {
 9170              		.loc 1 1715 8 is_stmt 1 view .LVU2581
 9171              	.LBB638:
 9172              	.LBI638:
ARM GAS  C:\Users\31005\AppData\Local\Temp\ccDX7XtF.s 			page 234


 205:Drivers/CMSIS/Include/cmsis_gcc.h **** {
 9173              		.loc 2 205 31 view .LVU2582
 9174              	.LBB639:
 207:Drivers/CMSIS/Include/cmsis_gcc.h **** 
 9175              		.loc 2 207 3 view .LVU2583
 209:Drivers/CMSIS/Include/cmsis_gcc.h ****   return(result);
 9176              		.loc 2 209 3 view .LVU2584
 9177              		.syntax unified
 9178              	@ 209 "Drivers/CMSIS/Include/cmsis_gcc.h" 1
 9179 0006 EFF30582 		MRS r2, ipsr
 9180              	@ 0 "" 2
 9181              	.LVL862:
 210:Drivers/CMSIS/Include/cmsis_gcc.h **** }
 9182              		.loc 2 210 3 view .LVU2585
 210:Drivers/CMSIS/Include/cmsis_gcc.h **** }
 9183              		.loc 2 210 3 is_stmt 0 view .LVU2586
 9184              		.thumb
 9185              		.syntax unified
 9186              	.LBE639:
 9187              	.LBE638:
 9188              		.loc 1 1715 11 view .LVU2587
 9189 000a 4AB9     		cbnz	r2, .L753
 9190              	.LBB640:
 9191              	.LBI640:
 382:Drivers/CMSIS/Include/cmsis_gcc.h **** {
 9192              		.loc 2 382 31 is_stmt 1 view .LVU2588
 9193              	.LBB641:
 384:Drivers/CMSIS/Include/cmsis_gcc.h **** 
 9194              		.loc 2 384 3 view .LVU2589
 386:Drivers/CMSIS/Include/cmsis_gcc.h ****   return(result);
 9195              		.loc 2 386 3 view .LVU2590
 9196              		.syntax unified
 9197              	@ 386 "Drivers/CMSIS/Include/cmsis_gcc.h" 1
 9198 000c EFF31082 		MRS r2, primask
 9199              	@ 0 "" 2
 9200              	.LVL863:
 387:Drivers/CMSIS/Include/cmsis_gcc.h **** }
 9201              		.loc 2 387 3 view .LVU2591
 387:Drivers/CMSIS/Include/cmsis_gcc.h **** }
 9202              		.loc 2 387 3 is_stmt 0 view .LVU2592
 9203              		.thumb
 9204              		.syntax unified
 9205              	.LBE641:
 9206              	.LBE640:
 9207              		.loc 1 1715 12 view .LVU2593
 9208 0010 32B9     		cbnz	r2, .L753
 9209              		.loc 1 1715 12 discriminator 2 view .LVU2594
 9210 0012 084A     		ldr	r2, .L760
 9211 0014 1268     		ldr	r2, [r2]
 9212 0016 022A     		cmp	r2, #2
 9213 0018 06D1     		bne	.L754
 9214              	.LBB642:
 9215              	.LBI642:
 461:Drivers/CMSIS/Include/cmsis_gcc.h **** {
 9216              		.loc 2 461 31 is_stmt 1 view .LVU2595
 9217              	.LBB643:
 463:Drivers/CMSIS/Include/cmsis_gcc.h **** 
ARM GAS  C:\Users\31005\AppData\Local\Temp\ccDX7XtF.s 			page 235


 9218              		.loc 2 463 3 view .LVU2596
 465:Drivers/CMSIS/Include/cmsis_gcc.h ****   return(result);
 9219              		.loc 2 465 3 view .LVU2597
 9220              		.syntax unified
 9221              	@ 465 "Drivers/CMSIS/Include/cmsis_gcc.h" 1
 9222 001a EFF31182 		MRS r2, basepri
 9223              	@ 0 "" 2
 9224              	.LVL864:
 9225              		.loc 2 466 3 view .LVU2598
 9226              		.loc 2 466 3 is_stmt 0 view .LVU2599
 9227              		.thumb
 9228              		.syntax unified
 9229              	.LBE643:
 9230              	.LBE642:
 9231              		.loc 1 1715 12 view .LVU2600
 9232 001e 1AB1     		cbz	r2, .L754
 9233              	.L753:
1716:Middlewares/Third_Party/FreeRTOS/Source/CMSIS_RTOS_V2/cmsis_os2.c ****     count = uxQueueMessagesWaitingFromISR (hQueue);
 9234              		.loc 1 1716 5 is_stmt 1 view .LVU2601
 9235              		.loc 1 1716 13 is_stmt 0 view .LVU2602
 9236 0020 1846     		mov	r0, r3
 9237              	.LVL865:
 9238              		.loc 1 1716 13 view .LVU2603
 9239 0022 FFF7FEFF 		bl	uxQueueMessagesWaitingFromISR
 9240              	.LVL866:
 9241              	.L751:
1717:Middlewares/Third_Party/FreeRTOS/Source/CMSIS_RTOS_V2/cmsis_os2.c ****   }
1718:Middlewares/Third_Party/FreeRTOS/Source/CMSIS_RTOS_V2/cmsis_os2.c ****   else {
1719:Middlewares/Third_Party/FreeRTOS/Source/CMSIS_RTOS_V2/cmsis_os2.c ****     count = uxQueueMessagesWaiting (hQueue);
1720:Middlewares/Third_Party/FreeRTOS/Source/CMSIS_RTOS_V2/cmsis_os2.c ****   }
1721:Middlewares/Third_Party/FreeRTOS/Source/CMSIS_RTOS_V2/cmsis_os2.c **** 
1722:Middlewares/Third_Party/FreeRTOS/Source/CMSIS_RTOS_V2/cmsis_os2.c ****   return ((uint32_t)count);
1723:Middlewares/Third_Party/FreeRTOS/Source/CMSIS_RTOS_V2/cmsis_os2.c **** }
 9242              		.loc 1 1723 1 view .LVU2604
 9243 0026 08BD     		pop	{r3, pc}
 9244              	.LVL867:
 9245              	.L754:
1719:Middlewares/Third_Party/FreeRTOS/Source/CMSIS_RTOS_V2/cmsis_os2.c ****   }
 9246              		.loc 1 1719 5 is_stmt 1 view .LVU2605
1719:Middlewares/Third_Party/FreeRTOS/Source/CMSIS_RTOS_V2/cmsis_os2.c ****   }
 9247              		.loc 1 1719 13 is_stmt 0 view .LVU2606
 9248 0028 1846     		mov	r0, r3
 9249              	.LVL868:
1719:Middlewares/Third_Party/FreeRTOS/Source/CMSIS_RTOS_V2/cmsis_os2.c ****   }
 9250              		.loc 1 1719 13 view .LVU2607
 9251 002a FFF7FEFF 		bl	uxQueueMessagesWaiting
 9252              	.LVL869:
1719:Middlewares/Third_Party/FreeRTOS/Source/CMSIS_RTOS_V2/cmsis_os2.c ****   }
 9253              		.loc 1 1719 13 view .LVU2608
 9254 002e FAE7     		b	.L751
 9255              	.LVL870:
 9256              	.L755:
 9257              	.LCFI138:
 9258              		.cfi_def_cfa_offset 0
 9259              		.cfi_restore 3
 9260              		.cfi_restore 14
1713:Middlewares/Third_Party/FreeRTOS/Source/CMSIS_RTOS_V2/cmsis_os2.c ****   }
ARM GAS  C:\Users\31005\AppData\Local\Temp\ccDX7XtF.s 			page 236


 9261              		.loc 1 1713 11 view .LVU2609
 9262 0030 0020     		movs	r0, #0
 9263              	.LVL871:
1722:Middlewares/Third_Party/FreeRTOS/Source/CMSIS_RTOS_V2/cmsis_os2.c **** }
 9264              		.loc 1 1722 3 is_stmt 1 view .LVU2610
 9265              		.loc 1 1723 1 is_stmt 0 view .LVU2611
 9266 0032 7047     		bx	lr
 9267              	.L761:
 9268              		.align	2
 9269              	.L760:
 9270 0034 00000000 		.word	KernelState
 9271              		.cfi_endproc
 9272              	.LFE166:
 9274              		.section	.text.osMessageQueueGetSpace,"ax",%progbits
 9275              		.align	1
 9276              		.global	osMessageQueueGetSpace
 9277              		.syntax unified
 9278              		.thumb
 9279              		.thumb_func
 9281              	osMessageQueueGetSpace:
 9282              	.LVL872:
 9283              	.LFB167:
1724:Middlewares/Third_Party/FreeRTOS/Source/CMSIS_RTOS_V2/cmsis_os2.c **** 
1725:Middlewares/Third_Party/FreeRTOS/Source/CMSIS_RTOS_V2/cmsis_os2.c **** uint32_t osMessageQueueGetSpace (osMessageQueueId_t mq_id) {
 9284              		.loc 1 1725 60 is_stmt 1 view -0
 9285              		.cfi_startproc
 9286              		@ args = 0, pretend = 0, frame = 0
 9287              		@ frame_needed = 0, uses_anonymous_args = 0
1726:Middlewares/Third_Party/FreeRTOS/Source/CMSIS_RTOS_V2/cmsis_os2.c ****   StaticQueue_t *mq = (StaticQueue_t *)mq_id;
 9288              		.loc 1 1726 3 view .LVU2613
1727:Middlewares/Third_Party/FreeRTOS/Source/CMSIS_RTOS_V2/cmsis_os2.c ****   uint32_t space;
 9289              		.loc 1 1727 3 view .LVU2614
1728:Middlewares/Third_Party/FreeRTOS/Source/CMSIS_RTOS_V2/cmsis_os2.c ****   uint32_t isrm;
 9290              		.loc 1 1728 3 view .LVU2615
1729:Middlewares/Third_Party/FreeRTOS/Source/CMSIS_RTOS_V2/cmsis_os2.c **** 
1730:Middlewares/Third_Party/FreeRTOS/Source/CMSIS_RTOS_V2/cmsis_os2.c ****   if (mq == NULL) {
 9291              		.loc 1 1730 3 view .LVU2616
 9292              		.loc 1 1730 6 is_stmt 0 view .LVU2617
 9293 0000 10B3     		cbz	r0, .L766
1725:Middlewares/Third_Party/FreeRTOS/Source/CMSIS_RTOS_V2/cmsis_os2.c ****   StaticQueue_t *mq = (StaticQueue_t *)mq_id;
 9294              		.loc 1 1725 60 view .LVU2618
 9295 0002 08B5     		push	{r3, lr}
 9296              	.LCFI139:
 9297              		.cfi_def_cfa_offset 8
 9298              		.cfi_offset 3, -8
 9299              		.cfi_offset 14, -4
 9300 0004 0246     		mov	r2, r0
1731:Middlewares/Third_Party/FreeRTOS/Source/CMSIS_RTOS_V2/cmsis_os2.c ****     space = 0U;
1732:Middlewares/Third_Party/FreeRTOS/Source/CMSIS_RTOS_V2/cmsis_os2.c ****   }
1733:Middlewares/Third_Party/FreeRTOS/Source/CMSIS_RTOS_V2/cmsis_os2.c ****   else if (IS_IRQ()) {
 9301              		.loc 1 1733 8 is_stmt 1 view .LVU2619
 9302              	.LBB644:
 9303              	.LBI644:
 205:Drivers/CMSIS/Include/cmsis_gcc.h **** {
 9304              		.loc 2 205 31 view .LVU2620
 9305              	.LBB645:
 207:Drivers/CMSIS/Include/cmsis_gcc.h **** 
ARM GAS  C:\Users\31005\AppData\Local\Temp\ccDX7XtF.s 			page 237


 9306              		.loc 2 207 3 view .LVU2621
 209:Drivers/CMSIS/Include/cmsis_gcc.h ****   return(result);
 9307              		.loc 2 209 3 view .LVU2622
 9308              		.syntax unified
 9309              	@ 209 "Drivers/CMSIS/Include/cmsis_gcc.h" 1
 9310 0006 EFF30583 		MRS r3, ipsr
 9311              	@ 0 "" 2
 9312              	.LVL873:
 210:Drivers/CMSIS/Include/cmsis_gcc.h **** }
 9313              		.loc 2 210 3 view .LVU2623
 210:Drivers/CMSIS/Include/cmsis_gcc.h **** }
 9314              		.loc 2 210 3 is_stmt 0 view .LVU2624
 9315              		.thumb
 9316              		.syntax unified
 9317              	.LBE645:
 9318              	.LBE644:
 9319              		.loc 1 1733 11 view .LVU2625
 9320 000a 4BB9     		cbnz	r3, .L764
 9321              	.LBB646:
 9322              	.LBI646:
 382:Drivers/CMSIS/Include/cmsis_gcc.h **** {
 9323              		.loc 2 382 31 is_stmt 1 view .LVU2626
 9324              	.LBB647:
 384:Drivers/CMSIS/Include/cmsis_gcc.h **** 
 9325              		.loc 2 384 3 view .LVU2627
 386:Drivers/CMSIS/Include/cmsis_gcc.h ****   return(result);
 9326              		.loc 2 386 3 view .LVU2628
 9327              		.syntax unified
 9328              	@ 386 "Drivers/CMSIS/Include/cmsis_gcc.h" 1
 9329 000c EFF31083 		MRS r3, primask
 9330              	@ 0 "" 2
 9331              	.LVL874:
 387:Drivers/CMSIS/Include/cmsis_gcc.h **** }
 9332              		.loc 2 387 3 view .LVU2629
 387:Drivers/CMSIS/Include/cmsis_gcc.h **** }
 9333              		.loc 2 387 3 is_stmt 0 view .LVU2630
 9334              		.thumb
 9335              		.syntax unified
 9336              	.LBE647:
 9337              	.LBE646:
 9338              		.loc 1 1733 12 view .LVU2631
 9339 0010 33B9     		cbnz	r3, .L764
 9340              		.loc 1 1733 12 discriminator 2 view .LVU2632
 9341 0012 0E4B     		ldr	r3, .L771
 9342 0014 1B68     		ldr	r3, [r3]
 9343 0016 022B     		cmp	r3, #2
 9344 0018 12D1     		bne	.L765
 9345              	.LBB648:
 9346              	.LBI648:
 461:Drivers/CMSIS/Include/cmsis_gcc.h **** {
 9347              		.loc 2 461 31 is_stmt 1 view .LVU2633
 9348              	.LBB649:
 463:Drivers/CMSIS/Include/cmsis_gcc.h **** 
 9349              		.loc 2 463 3 view .LVU2634
 465:Drivers/CMSIS/Include/cmsis_gcc.h ****   return(result);
 9350              		.loc 2 465 3 view .LVU2635
 9351              		.syntax unified
ARM GAS  C:\Users\31005\AppData\Local\Temp\ccDX7XtF.s 			page 238


 9352              	@ 465 "Drivers/CMSIS/Include/cmsis_gcc.h" 1
 9353 001a EFF31183 		MRS r3, basepri
 9354              	@ 0 "" 2
 9355              	.LVL875:
 9356              		.loc 2 466 3 view .LVU2636
 9357              		.loc 2 466 3 is_stmt 0 view .LVU2637
 9358              		.thumb
 9359              		.syntax unified
 9360              	.LBE649:
 9361              	.LBE648:
 9362              		.loc 1 1733 12 view .LVU2638
 9363 001e 7BB1     		cbz	r3, .L765
 9364              	.L764:
1734:Middlewares/Third_Party/FreeRTOS/Source/CMSIS_RTOS_V2/cmsis_os2.c ****     isrm = taskENTER_CRITICAL_FROM_ISR();
 9365              		.loc 1 1734 5 is_stmt 1 view .LVU2639
 9366              	.LBB650:
 9367              	.LBI650:
 207:Middlewares/Third_Party/FreeRTOS/Source/portable/GCC/ARM_CM4F/portmacro.h **** {
 9368              		.loc 3 207 34 view .LVU2640
 9369              	.LBB651:
 209:Middlewares/Third_Party/FreeRTOS/Source/portable/GCC/ARM_CM4F/portmacro.h **** 
 9370              		.loc 3 209 1 view .LVU2641
 211:Middlewares/Third_Party/FreeRTOS/Source/portable/GCC/ARM_CM4F/portmacro.h **** 	(
 9371              		.loc 3 211 2 view .LVU2642
 9372              		.syntax unified
 9373              	@ 211 "Middlewares/Third_Party/FreeRTOS/Source/portable/GCC/ARM_CM4F/portmacro.h" 1
 9374 0020 EFF31181 			mrs r1, basepri											
 9375 0024 4FF05003 		mov r3, #80												
 9376 0028 83F31188 		msr basepri, r3											
 9377 002c BFF36F8F 		isb														
 9378 0030 BFF34F8F 		dsb														
 9379              	
 9380              	@ 0 "" 2
 9381              	.LVL876:
 223:Middlewares/Third_Party/FreeRTOS/Source/portable/GCC/ARM_CM4F/portmacro.h **** }
 9382              		.loc 3 223 2 view .LVU2643
 223:Middlewares/Third_Party/FreeRTOS/Source/portable/GCC/ARM_CM4F/portmacro.h **** }
 9383              		.loc 3 223 2 is_stmt 0 view .LVU2644
 9384              		.thumb
 9385              		.syntax unified
 9386              	.LBE651:
 9387              	.LBE650:
1735:Middlewares/Third_Party/FreeRTOS/Source/CMSIS_RTOS_V2/cmsis_os2.c **** 
1736:Middlewares/Third_Party/FreeRTOS/Source/CMSIS_RTOS_V2/cmsis_os2.c ****     /* space = pxQueue->uxLength - pxQueue->uxMessagesWaiting; */
1737:Middlewares/Third_Party/FreeRTOS/Source/CMSIS_RTOS_V2/cmsis_os2.c ****     space = mq->uxDummy4[1] - mq->uxDummy4[0];
 9388              		.loc 1 1737 5 is_stmt 1 view .LVU2645
 9389              		.loc 1 1737 25 is_stmt 0 view .LVU2646
 9390 0034 D36B     		ldr	r3, [r2, #60]
 9391              		.loc 1 1737 43 view .LVU2647
 9392 0036 906B     		ldr	r0, [r2, #56]
 9393              	.LVL877:
 9394              		.loc 1 1737 11 view .LVU2648
 9395 0038 181A     		subs	r0, r3, r0
 9396              	.LVL878:
1738:Middlewares/Third_Party/FreeRTOS/Source/CMSIS_RTOS_V2/cmsis_os2.c **** 
1739:Middlewares/Third_Party/FreeRTOS/Source/CMSIS_RTOS_V2/cmsis_os2.c ****     taskEXIT_CRITICAL_FROM_ISR(isrm);
 9397              		.loc 1 1739 5 is_stmt 1 view .LVU2649
ARM GAS  C:\Users\31005\AppData\Local\Temp\ccDX7XtF.s 			page 239


 9398              	.LBB652:
 9399              	.LBI652:
 227:Middlewares/Third_Party/FreeRTOS/Source/portable/GCC/ARM_CM4F/portmacro.h **** {
 9400              		.loc 3 227 30 view .LVU2650
 9401              	.LBB653:
 9402              		.loc 3 229 2 view .LVU2651
 9403              		.syntax unified
 9404              	@ 229 "Middlewares/Third_Party/FreeRTOS/Source/portable/GCC/ARM_CM4F/portmacro.h" 1
 9405 003a 81F31188 			msr basepri, r1	
 9406              	@ 0 "" 2
 9407              	.LVL879:
 9408              		.thumb
 9409              		.syntax unified
 9410              	.L762:
 9411              		.loc 3 229 2 is_stmt 0 view .LVU2652
 9412              	.LBE653:
 9413              	.LBE652:
1740:Middlewares/Third_Party/FreeRTOS/Source/CMSIS_RTOS_V2/cmsis_os2.c ****   }
1741:Middlewares/Third_Party/FreeRTOS/Source/CMSIS_RTOS_V2/cmsis_os2.c ****   else {
1742:Middlewares/Third_Party/FreeRTOS/Source/CMSIS_RTOS_V2/cmsis_os2.c ****     space = (uint32_t)uxQueueSpacesAvailable ((QueueHandle_t)mq);
1743:Middlewares/Third_Party/FreeRTOS/Source/CMSIS_RTOS_V2/cmsis_os2.c ****   }
1744:Middlewares/Third_Party/FreeRTOS/Source/CMSIS_RTOS_V2/cmsis_os2.c **** 
1745:Middlewares/Third_Party/FreeRTOS/Source/CMSIS_RTOS_V2/cmsis_os2.c ****   return (space);
1746:Middlewares/Third_Party/FreeRTOS/Source/CMSIS_RTOS_V2/cmsis_os2.c **** }
 9414              		.loc 1 1746 1 view .LVU2653
 9415 003e 08BD     		pop	{r3, pc}
 9416              	.LVL880:
 9417              	.L765:
1742:Middlewares/Third_Party/FreeRTOS/Source/CMSIS_RTOS_V2/cmsis_os2.c ****   }
 9418              		.loc 1 1742 5 is_stmt 1 view .LVU2654
1742:Middlewares/Third_Party/FreeRTOS/Source/CMSIS_RTOS_V2/cmsis_os2.c ****   }
 9419              		.loc 1 1742 23 is_stmt 0 view .LVU2655
 9420 0040 1046     		mov	r0, r2
 9421              	.LVL881:
1742:Middlewares/Third_Party/FreeRTOS/Source/CMSIS_RTOS_V2/cmsis_os2.c ****   }
 9422              		.loc 1 1742 23 view .LVU2656
 9423 0042 FFF7FEFF 		bl	uxQueueSpacesAvailable
 9424              	.LVL882:
1742:Middlewares/Third_Party/FreeRTOS/Source/CMSIS_RTOS_V2/cmsis_os2.c ****   }
 9425              		.loc 1 1742 23 view .LVU2657
 9426 0046 FAE7     		b	.L762
 9427              	.LVL883:
 9428              	.L766:
 9429              	.LCFI140:
 9430              		.cfi_def_cfa_offset 0
 9431              		.cfi_restore 3
 9432              		.cfi_restore 14
1731:Middlewares/Third_Party/FreeRTOS/Source/CMSIS_RTOS_V2/cmsis_os2.c ****   }
 9433              		.loc 1 1731 11 view .LVU2658
 9434 0048 0020     		movs	r0, #0
 9435              	.LVL884:
1745:Middlewares/Third_Party/FreeRTOS/Source/CMSIS_RTOS_V2/cmsis_os2.c **** }
 9436              		.loc 1 1745 3 is_stmt 1 view .LVU2659
 9437              		.loc 1 1746 1 is_stmt 0 view .LVU2660
 9438 004a 7047     		bx	lr
 9439              	.L772:
 9440              		.align	2
ARM GAS  C:\Users\31005\AppData\Local\Temp\ccDX7XtF.s 			page 240


 9441              	.L771:
 9442 004c 00000000 		.word	KernelState
 9443              		.cfi_endproc
 9444              	.LFE167:
 9446              		.section	.text.osMessageQueueReset,"ax",%progbits
 9447              		.align	1
 9448              		.global	osMessageQueueReset
 9449              		.syntax unified
 9450              		.thumb
 9451              		.thumb_func
 9453              	osMessageQueueReset:
 9454              	.LVL885:
 9455              	.LFB168:
1747:Middlewares/Third_Party/FreeRTOS/Source/CMSIS_RTOS_V2/cmsis_os2.c **** 
1748:Middlewares/Third_Party/FreeRTOS/Source/CMSIS_RTOS_V2/cmsis_os2.c **** osStatus_t osMessageQueueReset (osMessageQueueId_t mq_id) {
 9456              		.loc 1 1748 59 is_stmt 1 view -0
 9457              		.cfi_startproc
 9458              		@ args = 0, pretend = 0, frame = 0
 9459              		@ frame_needed = 0, uses_anonymous_args = 0
 9460              		.loc 1 1748 59 is_stmt 0 view .LVU2662
 9461 0000 08B5     		push	{r3, lr}
 9462              	.LCFI141:
 9463              		.cfi_def_cfa_offset 8
 9464              		.cfi_offset 3, -8
 9465              		.cfi_offset 14, -4
1749:Middlewares/Third_Party/FreeRTOS/Source/CMSIS_RTOS_V2/cmsis_os2.c ****   QueueHandle_t hQueue = (QueueHandle_t)mq_id;
 9466              		.loc 1 1749 3 is_stmt 1 view .LVU2663
 9467              	.LVL886:
1750:Middlewares/Third_Party/FreeRTOS/Source/CMSIS_RTOS_V2/cmsis_os2.c ****   osStatus_t stat;
 9468              		.loc 1 1750 3 view .LVU2664
1751:Middlewares/Third_Party/FreeRTOS/Source/CMSIS_RTOS_V2/cmsis_os2.c **** 
1752:Middlewares/Third_Party/FreeRTOS/Source/CMSIS_RTOS_V2/cmsis_os2.c ****   if (IS_IRQ()) {
 9469              		.loc 1 1752 3 view .LVU2665
 9470              	.LBB654:
 9471              	.LBI654:
 205:Drivers/CMSIS/Include/cmsis_gcc.h **** {
 9472              		.loc 2 205 31 view .LVU2666
 9473              	.LBB655:
 207:Drivers/CMSIS/Include/cmsis_gcc.h **** 
 9474              		.loc 2 207 3 view .LVU2667
 209:Drivers/CMSIS/Include/cmsis_gcc.h ****   return(result);
 9475              		.loc 2 209 3 view .LVU2668
 9476              		.syntax unified
 9477              	@ 209 "Drivers/CMSIS/Include/cmsis_gcc.h" 1
 9478 0002 EFF30583 		MRS r3, ipsr
 9479              	@ 0 "" 2
 9480              	.LVL887:
 210:Drivers/CMSIS/Include/cmsis_gcc.h **** }
 9481              		.loc 2 210 3 view .LVU2669
 210:Drivers/CMSIS/Include/cmsis_gcc.h **** }
 9482              		.loc 2 210 3 is_stmt 0 view .LVU2670
 9483              		.thumb
 9484              		.syntax unified
 9485              	.LBE655:
 9486              	.LBE654:
 9487              		.loc 1 1752 6 view .LVU2671
 9488 0006 9BB9     		cbnz	r3, .L776
ARM GAS  C:\Users\31005\AppData\Local\Temp\ccDX7XtF.s 			page 241


 9489              	.LBB656:
 9490              	.LBI656:
 382:Drivers/CMSIS/Include/cmsis_gcc.h **** {
 9491              		.loc 2 382 31 is_stmt 1 view .LVU2672
 9492              	.LBB657:
 384:Drivers/CMSIS/Include/cmsis_gcc.h **** 
 9493              		.loc 2 384 3 view .LVU2673
 386:Drivers/CMSIS/Include/cmsis_gcc.h ****   return(result);
 9494              		.loc 2 386 3 view .LVU2674
 9495              		.syntax unified
 9496              	@ 386 "Drivers/CMSIS/Include/cmsis_gcc.h" 1
 9497 0008 EFF31083 		MRS r3, primask
 9498              	@ 0 "" 2
 9499              	.LVL888:
 387:Drivers/CMSIS/Include/cmsis_gcc.h **** }
 9500              		.loc 2 387 3 view .LVU2675
 387:Drivers/CMSIS/Include/cmsis_gcc.h **** }
 9501              		.loc 2 387 3 is_stmt 0 view .LVU2676
 9502              		.thumb
 9503              		.syntax unified
 9504              	.LBE657:
 9505              	.LBE656:
 9506              		.loc 1 1752 7 view .LVU2677
 9507 000c 9BB9     		cbnz	r3, .L777
 9508              		.loc 1 1752 7 discriminator 2 view .LVU2678
 9509 000e 0D4B     		ldr	r3, .L782
 9510 0010 1B68     		ldr	r3, [r3]
 9511 0012 022B     		cmp	r3, #2
 9512 0014 05D0     		beq	.L781
 9513              	.L775:
1753:Middlewares/Third_Party/FreeRTOS/Source/CMSIS_RTOS_V2/cmsis_os2.c ****     stat = osErrorISR;
1754:Middlewares/Third_Party/FreeRTOS/Source/CMSIS_RTOS_V2/cmsis_os2.c ****   }
1755:Middlewares/Third_Party/FreeRTOS/Source/CMSIS_RTOS_V2/cmsis_os2.c ****   else if (hQueue == NULL) {
 9514              		.loc 1 1755 8 is_stmt 1 view .LVU2679
 9515              		.loc 1 1755 11 is_stmt 0 view .LVU2680
 9516 0016 88B1     		cbz	r0, .L779
1756:Middlewares/Third_Party/FreeRTOS/Source/CMSIS_RTOS_V2/cmsis_os2.c ****     stat = osErrorParameter;
1757:Middlewares/Third_Party/FreeRTOS/Source/CMSIS_RTOS_V2/cmsis_os2.c ****   }
1758:Middlewares/Third_Party/FreeRTOS/Source/CMSIS_RTOS_V2/cmsis_os2.c ****   else {
1759:Middlewares/Third_Party/FreeRTOS/Source/CMSIS_RTOS_V2/cmsis_os2.c ****     stat = osOK;
 9517              		.loc 1 1759 5 is_stmt 1 view .LVU2681
 9518              	.LVL889:
1760:Middlewares/Third_Party/FreeRTOS/Source/CMSIS_RTOS_V2/cmsis_os2.c ****     (void)xQueueReset (hQueue);
 9519              		.loc 1 1760 5 view .LVU2682
 9520              		.loc 1 1760 11 is_stmt 0 view .LVU2683
 9521 0018 0021     		movs	r1, #0
 9522 001a FFF7FEFF 		bl	xQueueGenericReset
 9523              	.LVL890:
1759:Middlewares/Third_Party/FreeRTOS/Source/CMSIS_RTOS_V2/cmsis_os2.c ****     (void)xQueueReset (hQueue);
 9524              		.loc 1 1759 10 view .LVU2684
 9525 001e 0020     		movs	r0, #0
 9526              	.LVL891:
 9527              	.L773:
1761:Middlewares/Third_Party/FreeRTOS/Source/CMSIS_RTOS_V2/cmsis_os2.c ****   }
1762:Middlewares/Third_Party/FreeRTOS/Source/CMSIS_RTOS_V2/cmsis_os2.c **** 
1763:Middlewares/Third_Party/FreeRTOS/Source/CMSIS_RTOS_V2/cmsis_os2.c ****   return (stat);
1764:Middlewares/Third_Party/FreeRTOS/Source/CMSIS_RTOS_V2/cmsis_os2.c **** }
ARM GAS  C:\Users\31005\AppData\Local\Temp\ccDX7XtF.s 			page 242


 9528              		.loc 1 1764 1 view .LVU2685
 9529 0020 08BD     		pop	{r3, pc}
 9530              	.LVL892:
 9531              	.L781:
 9532              	.LBB658:
 9533              	.LBI658:
 461:Drivers/CMSIS/Include/cmsis_gcc.h **** {
 9534              		.loc 2 461 31 is_stmt 1 view .LVU2686
 9535              	.LBB659:
 463:Drivers/CMSIS/Include/cmsis_gcc.h **** 
 9536              		.loc 2 463 3 view .LVU2687
 465:Drivers/CMSIS/Include/cmsis_gcc.h ****   return(result);
 9537              		.loc 2 465 3 view .LVU2688
 9538              		.syntax unified
 9539              	@ 465 "Drivers/CMSIS/Include/cmsis_gcc.h" 1
 9540 0022 EFF31183 		MRS r3, basepri
 9541              	@ 0 "" 2
 9542              	.LVL893:
 9543              		.loc 2 466 3 view .LVU2689
 9544              		.loc 2 466 3 is_stmt 0 view .LVU2690
 9545              		.thumb
 9546              		.syntax unified
 9547              	.LBE659:
 9548              	.LBE658:
1752:Middlewares/Third_Party/FreeRTOS/Source/CMSIS_RTOS_V2/cmsis_os2.c ****     stat = osErrorISR;
 9549              		.loc 1 1752 7 view .LVU2691
 9550 0026 002B     		cmp	r3, #0
 9551 0028 F5D0     		beq	.L775
1753:Middlewares/Third_Party/FreeRTOS/Source/CMSIS_RTOS_V2/cmsis_os2.c ****   }
 9552              		.loc 1 1753 10 view .LVU2692
 9553 002a 6FF00500 		mvn	r0, #5
 9554              	.LVL894:
1753:Middlewares/Third_Party/FreeRTOS/Source/CMSIS_RTOS_V2/cmsis_os2.c ****   }
 9555              		.loc 1 1753 10 view .LVU2693
 9556 002e F7E7     		b	.L773
 9557              	.LVL895:
 9558              	.L776:
1753:Middlewares/Third_Party/FreeRTOS/Source/CMSIS_RTOS_V2/cmsis_os2.c ****   }
 9559              		.loc 1 1753 10 view .LVU2694
 9560 0030 6FF00500 		mvn	r0, #5
 9561              	.LVL896:
1753:Middlewares/Third_Party/FreeRTOS/Source/CMSIS_RTOS_V2/cmsis_os2.c ****   }
 9562              		.loc 1 1753 10 view .LVU2695
 9563 0034 F4E7     		b	.L773
 9564              	.LVL897:
 9565              	.L777:
1753:Middlewares/Third_Party/FreeRTOS/Source/CMSIS_RTOS_V2/cmsis_os2.c ****   }
 9566              		.loc 1 1753 10 view .LVU2696
 9567 0036 6FF00500 		mvn	r0, #5
 9568              	.LVL898:
1753:Middlewares/Third_Party/FreeRTOS/Source/CMSIS_RTOS_V2/cmsis_os2.c ****   }
 9569              		.loc 1 1753 10 view .LVU2697
 9570 003a F1E7     		b	.L773
 9571              	.LVL899:
 9572              	.L779:
1756:Middlewares/Third_Party/FreeRTOS/Source/CMSIS_RTOS_V2/cmsis_os2.c ****   }
 9573              		.loc 1 1756 10 view .LVU2698
ARM GAS  C:\Users\31005\AppData\Local\Temp\ccDX7XtF.s 			page 243


 9574 003c 6FF00300 		mvn	r0, #3
 9575              	.LVL900:
1763:Middlewares/Third_Party/FreeRTOS/Source/CMSIS_RTOS_V2/cmsis_os2.c **** }
 9576              		.loc 1 1763 3 is_stmt 1 view .LVU2699
1763:Middlewares/Third_Party/FreeRTOS/Source/CMSIS_RTOS_V2/cmsis_os2.c **** }
 9577              		.loc 1 1763 10 is_stmt 0 view .LVU2700
 9578 0040 EEE7     		b	.L773
 9579              	.L783:
 9580 0042 00BF     		.align	2
 9581              	.L782:
 9582 0044 00000000 		.word	KernelState
 9583              		.cfi_endproc
 9584              	.LFE168:
 9586              		.section	.text.osMessageQueueDelete,"ax",%progbits
 9587              		.align	1
 9588              		.global	osMessageQueueDelete
 9589              		.syntax unified
 9590              		.thumb
 9591              		.thumb_func
 9593              	osMessageQueueDelete:
 9594              	.LVL901:
 9595              	.LFB169:
1765:Middlewares/Third_Party/FreeRTOS/Source/CMSIS_RTOS_V2/cmsis_os2.c **** 
1766:Middlewares/Third_Party/FreeRTOS/Source/CMSIS_RTOS_V2/cmsis_os2.c **** osStatus_t osMessageQueueDelete (osMessageQueueId_t mq_id) {
 9596              		.loc 1 1766 60 is_stmt 1 view -0
 9597              		.cfi_startproc
 9598              		@ args = 0, pretend = 0, frame = 0
 9599              		@ frame_needed = 0, uses_anonymous_args = 0
1767:Middlewares/Third_Party/FreeRTOS/Source/CMSIS_RTOS_V2/cmsis_os2.c ****   QueueHandle_t hQueue = (QueueHandle_t)mq_id;
 9600              		.loc 1 1767 3 view .LVU2702
1768:Middlewares/Third_Party/FreeRTOS/Source/CMSIS_RTOS_V2/cmsis_os2.c ****   osStatus_t stat;
 9601              		.loc 1 1768 3 view .LVU2703
1769:Middlewares/Third_Party/FreeRTOS/Source/CMSIS_RTOS_V2/cmsis_os2.c **** 
1770:Middlewares/Third_Party/FreeRTOS/Source/CMSIS_RTOS_V2/cmsis_os2.c **** #ifndef USE_FreeRTOS_HEAP_1
1771:Middlewares/Third_Party/FreeRTOS/Source/CMSIS_RTOS_V2/cmsis_os2.c ****   if (IS_IRQ()) {
 9602              		.loc 1 1771 3 view .LVU2704
 9603              	.LBB660:
 9604              	.LBI660:
 205:Drivers/CMSIS/Include/cmsis_gcc.h **** {
 9605              		.loc 2 205 31 view .LVU2705
 9606              	.LBB661:
 207:Drivers/CMSIS/Include/cmsis_gcc.h **** 
 9607              		.loc 2 207 3 view .LVU2706
 209:Drivers/CMSIS/Include/cmsis_gcc.h ****   return(result);
 9608              		.loc 2 209 3 view .LVU2707
 9609              		.syntax unified
 9610              	@ 209 "Drivers/CMSIS/Include/cmsis_gcc.h" 1
 9611 0000 EFF30583 		MRS r3, ipsr
 9612              	@ 0 "" 2
 9613              	.LVL902:
 210:Drivers/CMSIS/Include/cmsis_gcc.h **** }
 9614              		.loc 2 210 3 view .LVU2708
 210:Drivers/CMSIS/Include/cmsis_gcc.h **** }
 9615              		.loc 2 210 3 is_stmt 0 view .LVU2709
 9616              		.thumb
 9617              		.syntax unified
 9618              	.LBE661:
ARM GAS  C:\Users\31005\AppData\Local\Temp\ccDX7XtF.s 			page 244


 9619              	.LBE660:
 9620              		.loc 1 1771 6 view .LVU2710
 9621 0004 C3B9     		cbnz	r3, .L787
1766:Middlewares/Third_Party/FreeRTOS/Source/CMSIS_RTOS_V2/cmsis_os2.c ****   QueueHandle_t hQueue = (QueueHandle_t)mq_id;
 9622              		.loc 1 1766 60 view .LVU2711
 9623 0006 10B5     		push	{r4, lr}
 9624              	.LCFI142:
 9625              		.cfi_def_cfa_offset 8
 9626              		.cfi_offset 4, -8
 9627              		.cfi_offset 14, -4
 9628 0008 0446     		mov	r4, r0
 9629              	.LBB662:
 9630              	.LBI662:
 382:Drivers/CMSIS/Include/cmsis_gcc.h **** {
 9631              		.loc 2 382 31 is_stmt 1 view .LVU2712
 9632              	.LBB663:
 384:Drivers/CMSIS/Include/cmsis_gcc.h **** 
 9633              		.loc 2 384 3 view .LVU2713
 386:Drivers/CMSIS/Include/cmsis_gcc.h ****   return(result);
 9634              		.loc 2 386 3 view .LVU2714
 9635              		.syntax unified
 9636              	@ 386 "Drivers/CMSIS/Include/cmsis_gcc.h" 1
 9637 000a EFF31083 		MRS r3, primask
 9638              	@ 0 "" 2
 9639              	.LVL903:
 387:Drivers/CMSIS/Include/cmsis_gcc.h **** }
 9640              		.loc 2 387 3 view .LVU2715
 387:Drivers/CMSIS/Include/cmsis_gcc.h **** }
 9641              		.loc 2 387 3 is_stmt 0 view .LVU2716
 9642              		.thumb
 9643              		.syntax unified
 9644              	.LBE663:
 9645              	.LBE662:
 9646              		.loc 1 1771 7 view .LVU2717
 9647 000e B3B9     		cbnz	r3, .L788
 9648              		.loc 1 1771 7 discriminator 2 view .LVU2718
 9649 0010 0E4B     		ldr	r3, .L796
 9650 0012 1B68     		ldr	r3, [r3]
 9651 0014 022B     		cmp	r3, #2
 9652 0016 08D0     		beq	.L795
 9653              	.L786:
1772:Middlewares/Third_Party/FreeRTOS/Source/CMSIS_RTOS_V2/cmsis_os2.c ****     stat = osErrorISR;
1773:Middlewares/Third_Party/FreeRTOS/Source/CMSIS_RTOS_V2/cmsis_os2.c ****   }
1774:Middlewares/Third_Party/FreeRTOS/Source/CMSIS_RTOS_V2/cmsis_os2.c ****   else if (hQueue == NULL) {
 9654              		.loc 1 1774 8 is_stmt 1 view .LVU2719
 9655              		.loc 1 1774 11 is_stmt 0 view .LVU2720
 9656 0018 A4B1     		cbz	r4, .L790
1775:Middlewares/Third_Party/FreeRTOS/Source/CMSIS_RTOS_V2/cmsis_os2.c ****     stat = osErrorParameter;
1776:Middlewares/Third_Party/FreeRTOS/Source/CMSIS_RTOS_V2/cmsis_os2.c ****   }
1777:Middlewares/Third_Party/FreeRTOS/Source/CMSIS_RTOS_V2/cmsis_os2.c ****   else {
1778:Middlewares/Third_Party/FreeRTOS/Source/CMSIS_RTOS_V2/cmsis_os2.c ****     #if (configQUEUE_REGISTRY_SIZE > 0)
1779:Middlewares/Third_Party/FreeRTOS/Source/CMSIS_RTOS_V2/cmsis_os2.c ****     vQueueUnregisterQueue (hQueue);
 9657              		.loc 1 1779 5 is_stmt 1 view .LVU2721
 9658 001a 2046     		mov	r0, r4
 9659              	.LVL904:
 9660              		.loc 1 1779 5 is_stmt 0 view .LVU2722
 9661 001c FFF7FEFF 		bl	vQueueUnregisterQueue
ARM GAS  C:\Users\31005\AppData\Local\Temp\ccDX7XtF.s 			page 245


 9662              	.LVL905:
1780:Middlewares/Third_Party/FreeRTOS/Source/CMSIS_RTOS_V2/cmsis_os2.c ****     #endif
1781:Middlewares/Third_Party/FreeRTOS/Source/CMSIS_RTOS_V2/cmsis_os2.c **** 
1782:Middlewares/Third_Party/FreeRTOS/Source/CMSIS_RTOS_V2/cmsis_os2.c ****     stat = osOK;
 9663              		.loc 1 1782 5 is_stmt 1 view .LVU2723
1783:Middlewares/Third_Party/FreeRTOS/Source/CMSIS_RTOS_V2/cmsis_os2.c ****     vQueueDelete (hQueue);
 9664              		.loc 1 1783 5 view .LVU2724
 9665 0020 2046     		mov	r0, r4
 9666 0022 FFF7FEFF 		bl	vQueueDelete
 9667              	.LVL906:
1782:Middlewares/Third_Party/FreeRTOS/Source/CMSIS_RTOS_V2/cmsis_os2.c ****     vQueueDelete (hQueue);
 9668              		.loc 1 1782 10 is_stmt 0 view .LVU2725
 9669 0026 0020     		movs	r0, #0
 9670              	.LVL907:
 9671              	.L784:
1784:Middlewares/Third_Party/FreeRTOS/Source/CMSIS_RTOS_V2/cmsis_os2.c ****   }
1785:Middlewares/Third_Party/FreeRTOS/Source/CMSIS_RTOS_V2/cmsis_os2.c **** #else
1786:Middlewares/Third_Party/FreeRTOS/Source/CMSIS_RTOS_V2/cmsis_os2.c ****   stat = osError;
1787:Middlewares/Third_Party/FreeRTOS/Source/CMSIS_RTOS_V2/cmsis_os2.c **** #endif
1788:Middlewares/Third_Party/FreeRTOS/Source/CMSIS_RTOS_V2/cmsis_os2.c **** 
1789:Middlewares/Third_Party/FreeRTOS/Source/CMSIS_RTOS_V2/cmsis_os2.c ****   return (stat);
1790:Middlewares/Third_Party/FreeRTOS/Source/CMSIS_RTOS_V2/cmsis_os2.c **** }
 9672              		.loc 1 1790 1 view .LVU2726
 9673 0028 10BD     		pop	{r4, pc}
 9674              	.LVL908:
 9675              	.L795:
 9676              	.LBB664:
 9677              	.LBI664:
 461:Drivers/CMSIS/Include/cmsis_gcc.h **** {
 9678              		.loc 2 461 31 is_stmt 1 view .LVU2727
 9679              	.LBB665:
 463:Drivers/CMSIS/Include/cmsis_gcc.h **** 
 9680              		.loc 2 463 3 view .LVU2728
 465:Drivers/CMSIS/Include/cmsis_gcc.h ****   return(result);
 9681              		.loc 2 465 3 view .LVU2729
 9682              		.syntax unified
 9683              	@ 465 "Drivers/CMSIS/Include/cmsis_gcc.h" 1
 9684 002a EFF31183 		MRS r3, basepri
 9685              	@ 0 "" 2
 9686              	.LVL909:
 9687              		.loc 2 466 3 view .LVU2730
 9688              		.loc 2 466 3 is_stmt 0 view .LVU2731
 9689              		.thumb
 9690              		.syntax unified
 9691              	.LBE665:
 9692              	.LBE664:
1771:Middlewares/Third_Party/FreeRTOS/Source/CMSIS_RTOS_V2/cmsis_os2.c ****     stat = osErrorISR;
 9693              		.loc 1 1771 7 view .LVU2732
 9694 002e 002B     		cmp	r3, #0
 9695 0030 F2D0     		beq	.L786
1772:Middlewares/Third_Party/FreeRTOS/Source/CMSIS_RTOS_V2/cmsis_os2.c ****   }
 9696              		.loc 1 1772 10 view .LVU2733
 9697 0032 6FF00500 		mvn	r0, #5
 9698              	.LVL910:
1772:Middlewares/Third_Party/FreeRTOS/Source/CMSIS_RTOS_V2/cmsis_os2.c ****   }
 9699              		.loc 1 1772 10 view .LVU2734
 9700 0036 F7E7     		b	.L784
ARM GAS  C:\Users\31005\AppData\Local\Temp\ccDX7XtF.s 			page 246


 9701              	.LVL911:
 9702              	.L787:
 9703              	.LCFI143:
 9704              		.cfi_def_cfa_offset 0
 9705              		.cfi_restore 4
 9706              		.cfi_restore 14
1772:Middlewares/Third_Party/FreeRTOS/Source/CMSIS_RTOS_V2/cmsis_os2.c ****   }
 9707              		.loc 1 1772 10 view .LVU2735
 9708 0038 6FF00500 		mvn	r0, #5
 9709              	.LVL912:
 9710              		.loc 1 1790 1 view .LVU2736
 9711 003c 7047     		bx	lr
 9712              	.LVL913:
 9713              	.L788:
 9714              	.LCFI144:
 9715              		.cfi_def_cfa_offset 8
 9716              		.cfi_offset 4, -8
 9717              		.cfi_offset 14, -4
1772:Middlewares/Third_Party/FreeRTOS/Source/CMSIS_RTOS_V2/cmsis_os2.c ****   }
 9718              		.loc 1 1772 10 view .LVU2737
 9719 003e 6FF00500 		mvn	r0, #5
 9720              	.LVL914:
1772:Middlewares/Third_Party/FreeRTOS/Source/CMSIS_RTOS_V2/cmsis_os2.c ****   }
 9721              		.loc 1 1772 10 view .LVU2738
 9722 0042 F1E7     		b	.L784
 9723              	.LVL915:
 9724              	.L790:
1775:Middlewares/Third_Party/FreeRTOS/Source/CMSIS_RTOS_V2/cmsis_os2.c ****   }
 9725              		.loc 1 1775 10 view .LVU2739
 9726 0044 6FF00300 		mvn	r0, #3
 9727              	.LVL916:
1789:Middlewares/Third_Party/FreeRTOS/Source/CMSIS_RTOS_V2/cmsis_os2.c **** }
 9728              		.loc 1 1789 3 is_stmt 1 view .LVU2740
1789:Middlewares/Third_Party/FreeRTOS/Source/CMSIS_RTOS_V2/cmsis_os2.c **** }
 9729              		.loc 1 1789 10 is_stmt 0 view .LVU2741
 9730 0048 EEE7     		b	.L784
 9731              	.L797:
 9732 004a 00BF     		.align	2
 9733              	.L796:
 9734 004c 00000000 		.word	KernelState
 9735              		.cfi_endproc
 9736              	.LFE169:
 9738              		.section	.text.vApplicationGetIdleTaskMemory,"ax",%progbits
 9739              		.align	1
 9740              		.global	vApplicationGetIdleTaskMemory
 9741              		.syntax unified
 9742              		.thumb
 9743              		.thumb_func
 9745              	vApplicationGetIdleTaskMemory:
 9746              	.LVL917:
 9747              	.LFB170:
1791:Middlewares/Third_Party/FreeRTOS/Source/CMSIS_RTOS_V2/cmsis_os2.c **** 
1792:Middlewares/Third_Party/FreeRTOS/Source/CMSIS_RTOS_V2/cmsis_os2.c **** /*---------------------------------------------------------------------------*/
1793:Middlewares/Third_Party/FreeRTOS/Source/CMSIS_RTOS_V2/cmsis_os2.c **** 
1794:Middlewares/Third_Party/FreeRTOS/Source/CMSIS_RTOS_V2/cmsis_os2.c **** /* Callback function prototypes */
1795:Middlewares/Third_Party/FreeRTOS/Source/CMSIS_RTOS_V2/cmsis_os2.c **** extern void vApplicationIdleHook (void);
1796:Middlewares/Third_Party/FreeRTOS/Source/CMSIS_RTOS_V2/cmsis_os2.c **** extern void vApplicationTickHook (void);
ARM GAS  C:\Users\31005\AppData\Local\Temp\ccDX7XtF.s 			page 247


1797:Middlewares/Third_Party/FreeRTOS/Source/CMSIS_RTOS_V2/cmsis_os2.c **** extern void vApplicationMallocFailedHook (void);
1798:Middlewares/Third_Party/FreeRTOS/Source/CMSIS_RTOS_V2/cmsis_os2.c **** extern void vApplicationDaemonTaskStartupHook (void);
1799:Middlewares/Third_Party/FreeRTOS/Source/CMSIS_RTOS_V2/cmsis_os2.c **** extern void vApplicationStackOverflowHook (TaskHandle_t xTask, signed char *pcTaskName);
1800:Middlewares/Third_Party/FreeRTOS/Source/CMSIS_RTOS_V2/cmsis_os2.c **** 
1801:Middlewares/Third_Party/FreeRTOS/Source/CMSIS_RTOS_V2/cmsis_os2.c **** /**
1802:Middlewares/Third_Party/FreeRTOS/Source/CMSIS_RTOS_V2/cmsis_os2.c ****   Dummy implementation of the callback function vApplicationIdleHook().
1803:Middlewares/Third_Party/FreeRTOS/Source/CMSIS_RTOS_V2/cmsis_os2.c **** */
1804:Middlewares/Third_Party/FreeRTOS/Source/CMSIS_RTOS_V2/cmsis_os2.c **** #if (configUSE_IDLE_HOOK == 1)
1805:Middlewares/Third_Party/FreeRTOS/Source/CMSIS_RTOS_V2/cmsis_os2.c **** __WEAK void vApplicationIdleHook (void){}
1806:Middlewares/Third_Party/FreeRTOS/Source/CMSIS_RTOS_V2/cmsis_os2.c **** #endif
1807:Middlewares/Third_Party/FreeRTOS/Source/CMSIS_RTOS_V2/cmsis_os2.c **** 
1808:Middlewares/Third_Party/FreeRTOS/Source/CMSIS_RTOS_V2/cmsis_os2.c **** /**
1809:Middlewares/Third_Party/FreeRTOS/Source/CMSIS_RTOS_V2/cmsis_os2.c ****   Dummy implementation of the callback function vApplicationTickHook().
1810:Middlewares/Third_Party/FreeRTOS/Source/CMSIS_RTOS_V2/cmsis_os2.c **** */
1811:Middlewares/Third_Party/FreeRTOS/Source/CMSIS_RTOS_V2/cmsis_os2.c **** #if (configUSE_TICK_HOOK == 1)
1812:Middlewares/Third_Party/FreeRTOS/Source/CMSIS_RTOS_V2/cmsis_os2.c ****  __WEAK void vApplicationTickHook (void){}
1813:Middlewares/Third_Party/FreeRTOS/Source/CMSIS_RTOS_V2/cmsis_os2.c **** #endif
1814:Middlewares/Third_Party/FreeRTOS/Source/CMSIS_RTOS_V2/cmsis_os2.c **** 
1815:Middlewares/Third_Party/FreeRTOS/Source/CMSIS_RTOS_V2/cmsis_os2.c **** /**
1816:Middlewares/Third_Party/FreeRTOS/Source/CMSIS_RTOS_V2/cmsis_os2.c ****   Dummy implementation of the callback function vApplicationMallocFailedHook().
1817:Middlewares/Third_Party/FreeRTOS/Source/CMSIS_RTOS_V2/cmsis_os2.c **** */
1818:Middlewares/Third_Party/FreeRTOS/Source/CMSIS_RTOS_V2/cmsis_os2.c **** #if (configUSE_MALLOC_FAILED_HOOK == 1)
1819:Middlewares/Third_Party/FreeRTOS/Source/CMSIS_RTOS_V2/cmsis_os2.c **** __WEAK void vApplicationMallocFailedHook (void){}
1820:Middlewares/Third_Party/FreeRTOS/Source/CMSIS_RTOS_V2/cmsis_os2.c **** #endif
1821:Middlewares/Third_Party/FreeRTOS/Source/CMSIS_RTOS_V2/cmsis_os2.c **** 
1822:Middlewares/Third_Party/FreeRTOS/Source/CMSIS_RTOS_V2/cmsis_os2.c **** /**
1823:Middlewares/Third_Party/FreeRTOS/Source/CMSIS_RTOS_V2/cmsis_os2.c ****   Dummy implementation of the callback function vApplicationDaemonTaskStartupHook().
1824:Middlewares/Third_Party/FreeRTOS/Source/CMSIS_RTOS_V2/cmsis_os2.c **** */
1825:Middlewares/Third_Party/FreeRTOS/Source/CMSIS_RTOS_V2/cmsis_os2.c **** #if (configUSE_DAEMON_TASK_STARTUP_HOOK == 1)
1826:Middlewares/Third_Party/FreeRTOS/Source/CMSIS_RTOS_V2/cmsis_os2.c **** __WEAK void vApplicationDaemonTaskStartupHook (void){}
1827:Middlewares/Third_Party/FreeRTOS/Source/CMSIS_RTOS_V2/cmsis_os2.c **** #endif
1828:Middlewares/Third_Party/FreeRTOS/Source/CMSIS_RTOS_V2/cmsis_os2.c **** 
1829:Middlewares/Third_Party/FreeRTOS/Source/CMSIS_RTOS_V2/cmsis_os2.c **** /**
1830:Middlewares/Third_Party/FreeRTOS/Source/CMSIS_RTOS_V2/cmsis_os2.c ****   Dummy implementation of the callback function vApplicationStackOverflowHook().
1831:Middlewares/Third_Party/FreeRTOS/Source/CMSIS_RTOS_V2/cmsis_os2.c **** */
1832:Middlewares/Third_Party/FreeRTOS/Source/CMSIS_RTOS_V2/cmsis_os2.c **** #if (configCHECK_FOR_STACK_OVERFLOW > 0)
1833:Middlewares/Third_Party/FreeRTOS/Source/CMSIS_RTOS_V2/cmsis_os2.c **** __WEAK void vApplicationStackOverflowHook (TaskHandle_t xTask, signed char *pcTaskName) {
1834:Middlewares/Third_Party/FreeRTOS/Source/CMSIS_RTOS_V2/cmsis_os2.c ****   (void)xTask;
1835:Middlewares/Third_Party/FreeRTOS/Source/CMSIS_RTOS_V2/cmsis_os2.c ****   (void)pcTaskName;
1836:Middlewares/Third_Party/FreeRTOS/Source/CMSIS_RTOS_V2/cmsis_os2.c **** }
1837:Middlewares/Third_Party/FreeRTOS/Source/CMSIS_RTOS_V2/cmsis_os2.c **** #endif
1838:Middlewares/Third_Party/FreeRTOS/Source/CMSIS_RTOS_V2/cmsis_os2.c **** 
1839:Middlewares/Third_Party/FreeRTOS/Source/CMSIS_RTOS_V2/cmsis_os2.c **** /*---------------------------------------------------------------------------*/
1840:Middlewares/Third_Party/FreeRTOS/Source/CMSIS_RTOS_V2/cmsis_os2.c **** 
1841:Middlewares/Third_Party/FreeRTOS/Source/CMSIS_RTOS_V2/cmsis_os2.c **** /* External Idle and Timer task static memory allocation functions */
1842:Middlewares/Third_Party/FreeRTOS/Source/CMSIS_RTOS_V2/cmsis_os2.c **** extern void vApplicationGetIdleTaskMemory  (StaticTask_t **ppxIdleTaskTCBBuffer,  StackType_t **ppx
1843:Middlewares/Third_Party/FreeRTOS/Source/CMSIS_RTOS_V2/cmsis_os2.c **** extern void vApplicationGetTimerTaskMemory (StaticTask_t **ppxTimerTaskTCBBuffer, StackType_t **ppx
1844:Middlewares/Third_Party/FreeRTOS/Source/CMSIS_RTOS_V2/cmsis_os2.c **** 
1845:Middlewares/Third_Party/FreeRTOS/Source/CMSIS_RTOS_V2/cmsis_os2.c **** /* Idle task control block and stack */
1846:Middlewares/Third_Party/FreeRTOS/Source/CMSIS_RTOS_V2/cmsis_os2.c **** static StaticTask_t Idle_TCB;
1847:Middlewares/Third_Party/FreeRTOS/Source/CMSIS_RTOS_V2/cmsis_os2.c **** static StackType_t  Idle_Stack[configMINIMAL_STACK_SIZE];
1848:Middlewares/Third_Party/FreeRTOS/Source/CMSIS_RTOS_V2/cmsis_os2.c **** 
1849:Middlewares/Third_Party/FreeRTOS/Source/CMSIS_RTOS_V2/cmsis_os2.c **** /* Timer task control block and stack */
1850:Middlewares/Third_Party/FreeRTOS/Source/CMSIS_RTOS_V2/cmsis_os2.c **** static StaticTask_t Timer_TCB;
1851:Middlewares/Third_Party/FreeRTOS/Source/CMSIS_RTOS_V2/cmsis_os2.c **** static StackType_t  Timer_Stack[configTIMER_TASK_STACK_DEPTH];
1852:Middlewares/Third_Party/FreeRTOS/Source/CMSIS_RTOS_V2/cmsis_os2.c **** 
1853:Middlewares/Third_Party/FreeRTOS/Source/CMSIS_RTOS_V2/cmsis_os2.c **** /*
ARM GAS  C:\Users\31005\AppData\Local\Temp\ccDX7XtF.s 			page 248


1854:Middlewares/Third_Party/FreeRTOS/Source/CMSIS_RTOS_V2/cmsis_os2.c ****   vApplicationGetIdleTaskMemory gets called when configSUPPORT_STATIC_ALLOCATION
1855:Middlewares/Third_Party/FreeRTOS/Source/CMSIS_RTOS_V2/cmsis_os2.c ****   equals to 1 and is required for static memory allocation support.
1856:Middlewares/Third_Party/FreeRTOS/Source/CMSIS_RTOS_V2/cmsis_os2.c **** */
1857:Middlewares/Third_Party/FreeRTOS/Source/CMSIS_RTOS_V2/cmsis_os2.c **** void vApplicationGetIdleTaskMemory (StaticTask_t **ppxIdleTaskTCBBuffer, StackType_t **ppxIdleTaskS
 9748              		.loc 1 1857 144 is_stmt 1 view -0
 9749              		.cfi_startproc
 9750              		@ args = 0, pretend = 0, frame = 0
 9751              		@ frame_needed = 0, uses_anonymous_args = 0
 9752              		@ link register save eliminated.
1858:Middlewares/Third_Party/FreeRTOS/Source/CMSIS_RTOS_V2/cmsis_os2.c ****   *ppxIdleTaskTCBBuffer   = &Idle_TCB;
 9753              		.loc 1 1858 3 view .LVU2743
 9754              		.loc 1 1858 27 is_stmt 0 view .LVU2744
 9755 0000 034B     		ldr	r3, .L799
 9756 0002 0360     		str	r3, [r0]
1859:Middlewares/Third_Party/FreeRTOS/Source/CMSIS_RTOS_V2/cmsis_os2.c ****   *ppxIdleTaskStackBuffer = &Idle_Stack[0];
 9757              		.loc 1 1859 3 is_stmt 1 view .LVU2745
 9758              		.loc 1 1859 27 is_stmt 0 view .LVU2746
 9759 0004 034B     		ldr	r3, .L799+4
 9760 0006 0B60     		str	r3, [r1]
1860:Middlewares/Third_Party/FreeRTOS/Source/CMSIS_RTOS_V2/cmsis_os2.c ****   *pulIdleTaskStackSize   = (uint32_t)configMINIMAL_STACK_SIZE;
 9761              		.loc 1 1860 3 is_stmt 1 view .LVU2747
 9762              		.loc 1 1860 27 is_stmt 0 view .LVU2748
 9763 0008 8023     		movs	r3, #128
 9764 000a 1360     		str	r3, [r2]
1861:Middlewares/Third_Party/FreeRTOS/Source/CMSIS_RTOS_V2/cmsis_os2.c **** }
 9765              		.loc 1 1861 1 view .LVU2749
 9766 000c 7047     		bx	lr
 9767              	.L800:
 9768 000e 00BF     		.align	2
 9769              	.L799:
 9770 0010 00000000 		.word	Idle_TCB
 9771 0014 00000000 		.word	Idle_Stack
 9772              		.cfi_endproc
 9773              	.LFE170:
 9775              		.section	.text.vApplicationGetTimerTaskMemory,"ax",%progbits
 9776              		.align	1
 9777              		.global	vApplicationGetTimerTaskMemory
 9778              		.syntax unified
 9779              		.thumb
 9780              		.thumb_func
 9782              	vApplicationGetTimerTaskMemory:
 9783              	.LVL918:
 9784              	.LFB171:
1862:Middlewares/Third_Party/FreeRTOS/Source/CMSIS_RTOS_V2/cmsis_os2.c **** 
1863:Middlewares/Third_Party/FreeRTOS/Source/CMSIS_RTOS_V2/cmsis_os2.c **** /*
1864:Middlewares/Third_Party/FreeRTOS/Source/CMSIS_RTOS_V2/cmsis_os2.c ****   vApplicationGetTimerTaskMemory gets called when configSUPPORT_STATIC_ALLOCATION
1865:Middlewares/Third_Party/FreeRTOS/Source/CMSIS_RTOS_V2/cmsis_os2.c ****   equals to 1 and is required for static memory allocation support.
1866:Middlewares/Third_Party/FreeRTOS/Source/CMSIS_RTOS_V2/cmsis_os2.c **** */
1867:Middlewares/Third_Party/FreeRTOS/Source/CMSIS_RTOS_V2/cmsis_os2.c **** void vApplicationGetTimerTaskMemory (StaticTask_t **ppxTimerTaskTCBBuffer, StackType_t **ppxTimerTa
 9785              		.loc 1 1867 148 is_stmt 1 view -0
 9786              		.cfi_startproc
 9787              		@ args = 0, pretend = 0, frame = 0
 9788              		@ frame_needed = 0, uses_anonymous_args = 0
 9789              		@ link register save eliminated.
1868:Middlewares/Third_Party/FreeRTOS/Source/CMSIS_RTOS_V2/cmsis_os2.c ****   *ppxTimerTaskTCBBuffer   = &Timer_TCB;
 9790              		.loc 1 1868 3 view .LVU2751
 9791              		.loc 1 1868 28 is_stmt 0 view .LVU2752
ARM GAS  C:\Users\31005\AppData\Local\Temp\ccDX7XtF.s 			page 249


 9792 0000 034B     		ldr	r3, .L802
 9793 0002 0360     		str	r3, [r0]
1869:Middlewares/Third_Party/FreeRTOS/Source/CMSIS_RTOS_V2/cmsis_os2.c ****   *ppxTimerTaskStackBuffer = &Timer_Stack[0];
 9794              		.loc 1 1869 3 is_stmt 1 view .LVU2753
 9795              		.loc 1 1869 28 is_stmt 0 view .LVU2754
 9796 0004 034B     		ldr	r3, .L802+4
 9797 0006 0B60     		str	r3, [r1]
1870:Middlewares/Third_Party/FreeRTOS/Source/CMSIS_RTOS_V2/cmsis_os2.c ****   *pulTimerTaskStackSize   = (uint32_t)configTIMER_TASK_STACK_DEPTH;
 9798              		.loc 1 1870 3 is_stmt 1 view .LVU2755
 9799              		.loc 1 1870 28 is_stmt 0 view .LVU2756
 9800 0008 4FF48073 		mov	r3, #256
 9801 000c 1360     		str	r3, [r2]
1871:Middlewares/Third_Party/FreeRTOS/Source/CMSIS_RTOS_V2/cmsis_os2.c **** }
 9802              		.loc 1 1871 1 view .LVU2757
 9803 000e 7047     		bx	lr
 9804              	.L803:
 9805              		.align	2
 9806              	.L802:
 9807 0010 00000000 		.word	Timer_TCB
 9808 0014 00000000 		.word	Timer_Stack
 9809              		.cfi_endproc
 9810              	.LFE171:
 9812              		.section	.bss.Timer_Stack,"aw",%nobits
 9813              		.align	2
 9816              	Timer_Stack:
 9817 0000 00000000 		.space	1024
 9817      00000000 
 9817      00000000 
 9817      00000000 
 9817      00000000 
 9818              		.section	.bss.Timer_TCB,"aw",%nobits
 9819              		.align	2
 9822              	Timer_TCB:
 9823 0000 00000000 		.space	92
 9823      00000000 
 9823      00000000 
 9823      00000000 
 9823      00000000 
 9824              		.section	.bss.Idle_Stack,"aw",%nobits
 9825              		.align	2
 9828              	Idle_Stack:
 9829 0000 00000000 		.space	512
 9829      00000000 
 9829      00000000 
 9829      00000000 
 9829      00000000 
 9830              		.section	.bss.Idle_TCB,"aw",%nobits
 9831              		.align	2
 9834              	Idle_TCB:
 9835 0000 00000000 		.space	92
 9835      00000000 
 9835      00000000 
 9835      00000000 
 9835      00000000 
 9836              		.section	.bss.KernelState,"aw",%nobits
 9837              		.align	2
 9840              	KernelState:
ARM GAS  C:\Users\31005\AppData\Local\Temp\ccDX7XtF.s 			page 250


 9841 0000 00000000 		.space	4
 9842              		.text
 9843              	.Letext0:
 9844              		.file 4 "e:\\vscode\\msys2\\mingw64\\lib\\gcc\\arm-none-eabi\\12.2.0\\include\\stddef.h"
 9845              		.file 5 "e:\\vscode\\msys2\\mingw64\\arm-none-eabi\\include\\machine\\_default_types.h"
 9846              		.file 6 "e:\\vscode\\msys2\\mingw64\\arm-none-eabi\\include\\sys\\_stdint.h"
 9847              		.file 7 "Middlewares/Third_Party/FreeRTOS/Source/CMSIS_RTOS_V2/cmsis_os2.h"
 9848              		.file 8 "Middlewares/Third_Party/FreeRTOS/Source/include/projdefs.h"
 9849              		.file 9 "Middlewares/Third_Party/FreeRTOS/Source/include/FreeRTOS.h"
 9850              		.file 10 "Middlewares/Third_Party/FreeRTOS/Source/include/task.h"
 9851              		.file 11 "Middlewares/Third_Party/FreeRTOS/Source/include/timers.h"
 9852              		.file 12 "Middlewares/Third_Party/FreeRTOS/Source/include/event_groups.h"
 9853              		.file 13 "Middlewares/Third_Party/FreeRTOS/Source/include/queue.h"
 9854              		.file 14 "Middlewares/Third_Party/FreeRTOS/Source/include/semphr.h"
 9855              		.file 15 "Middlewares/Third_Party/FreeRTOS/Source/include/portable.h"
 9856              		.file 16 "e:\\vscode\\msys2\\mingw64\\arm-none-eabi\\include\\string.h"
 9857              		.file 17 "Core/Inc/FreeRTOSConfig.h"
 9858              		.file 18 "<built-in>"
ARM GAS  C:\Users\31005\AppData\Local\Temp\ccDX7XtF.s 			page 251


DEFINED SYMBOLS
                            *ABS*:00000000 cmsis_os2.c
C:\Users\31005\AppData\Local\Temp\ccDX7XtF.s:21     .text.TimerCallback:00000000 $t
C:\Users\31005\AppData\Local\Temp\ccDX7XtF.s:26     .text.TimerCallback:00000000 TimerCallback
C:\Users\31005\AppData\Local\Temp\ccDX7XtF.s:63     .text.osKernelInitialize:00000000 $t
C:\Users\31005\AppData\Local\Temp\ccDX7XtF.s:69     .text.osKernelInitialize:00000000 osKernelInitialize
C:\Users\31005\AppData\Local\Temp\ccDX7XtF.s:176    .text.osKernelInitialize:00000040 $d
C:\Users\31005\AppData\Local\Temp\ccDX7XtF.s:9840   .bss.KernelState:00000000 KernelState
C:\Users\31005\AppData\Local\Temp\ccDX7XtF.s:181    .rodata.osKernelGetInfo.str1.4:00000000 $d
C:\Users\31005\AppData\Local\Temp\ccDX7XtF.s:185    .text.osKernelGetInfo:00000000 $t
C:\Users\31005\AppData\Local\Temp\ccDX7XtF.s:191    .text.osKernelGetInfo:00000000 osKernelGetInfo
C:\Users\31005\AppData\Local\Temp\ccDX7XtF.s:247    .text.osKernelGetInfo:00000024 $d
C:\Users\31005\AppData\Local\Temp\ccDX7XtF.s:253    .text.osKernelGetState:00000000 $t
C:\Users\31005\AppData\Local\Temp\ccDX7XtF.s:259    .text.osKernelGetState:00000000 osKernelGetState
C:\Users\31005\AppData\Local\Temp\ccDX7XtF.s:304    .text.osKernelGetState:00000020 $d
C:\Users\31005\AppData\Local\Temp\ccDX7XtF.s:309    .text.osKernelStart:00000000 $t
C:\Users\31005\AppData\Local\Temp\ccDX7XtF.s:315    .text.osKernelStart:00000000 osKernelStart
C:\Users\31005\AppData\Local\Temp\ccDX7XtF.s:431    .text.osKernelStart:00000048 $d
C:\Users\31005\AppData\Local\Temp\ccDX7XtF.s:436    .text.osKernelLock:00000000 $t
C:\Users\31005\AppData\Local\Temp\ccDX7XtF.s:442    .text.osKernelLock:00000000 osKernelLock
C:\Users\31005\AppData\Local\Temp\ccDX7XtF.s:561    .text.osKernelLock:0000004c $d
C:\Users\31005\AppData\Local\Temp\ccDX7XtF.s:566    .text.osKernelUnlock:00000000 $t
C:\Users\31005\AppData\Local\Temp\ccDX7XtF.s:572    .text.osKernelUnlock:00000000 osKernelUnlock
C:\Users\31005\AppData\Local\Temp\ccDX7XtF.s:705    .text.osKernelUnlock:0000005c $d
C:\Users\31005\AppData\Local\Temp\ccDX7XtF.s:710    .text.osKernelRestoreLock:00000000 $t
C:\Users\31005\AppData\Local\Temp\ccDX7XtF.s:716    .text.osKernelRestoreLock:00000000 osKernelRestoreLock
C:\Users\31005\AppData\Local\Temp\ccDX7XtF.s:872    .text.osKernelRestoreLock:0000006c $d
C:\Users\31005\AppData\Local\Temp\ccDX7XtF.s:877    .text.osKernelGetTickCount:00000000 $t
C:\Users\31005\AppData\Local\Temp\ccDX7XtF.s:883    .text.osKernelGetTickCount:00000000 osKernelGetTickCount
C:\Users\31005\AppData\Local\Temp\ccDX7XtF.s:978    .text.osKernelGetTickCount:00000028 $d
C:\Users\31005\AppData\Local\Temp\ccDX7XtF.s:983    .text.osKernelGetTickFreq:00000000 $t
C:\Users\31005\AppData\Local\Temp\ccDX7XtF.s:989    .text.osKernelGetTickFreq:00000000 osKernelGetTickFreq
C:\Users\31005\AppData\Local\Temp\ccDX7XtF.s:1004   .text.osKernelGetSysTimerCount:00000000 $t
C:\Users\31005\AppData\Local\Temp\ccDX7XtF.s:1010   .text.osKernelGetSysTimerCount:00000000 osKernelGetSysTimerCount
C:\Users\31005\AppData\Local\Temp\ccDX7XtF.s:1080   .text.osKernelGetSysTimerCount:00000030 $d
C:\Users\31005\AppData\Local\Temp\ccDX7XtF.s:1086   .text.osKernelGetSysTimerFreq:00000000 $t
C:\Users\31005\AppData\Local\Temp\ccDX7XtF.s:1092   .text.osKernelGetSysTimerFreq:00000000 osKernelGetSysTimerFreq
C:\Users\31005\AppData\Local\Temp\ccDX7XtF.s:1107   .text.osKernelGetSysTimerFreq:00000008 $d
C:\Users\31005\AppData\Local\Temp\ccDX7XtF.s:1112   .text.osThreadNew:00000000 $t
C:\Users\31005\AppData\Local\Temp\ccDX7XtF.s:1118   .text.osThreadNew:00000000 osThreadNew
C:\Users\31005\AppData\Local\Temp\ccDX7XtF.s:1431   .text.osThreadNew:000000e8 $d
C:\Users\31005\AppData\Local\Temp\ccDX7XtF.s:1436   .text.osThreadGetName:00000000 $t
C:\Users\31005\AppData\Local\Temp\ccDX7XtF.s:1442   .text.osThreadGetName:00000000 osThreadGetName
C:\Users\31005\AppData\Local\Temp\ccDX7XtF.s:1556   .text.osThreadGetName:00000034 $d
C:\Users\31005\AppData\Local\Temp\ccDX7XtF.s:1561   .text.osThreadGetId:00000000 $t
C:\Users\31005\AppData\Local\Temp\ccDX7XtF.s:1567   .text.osThreadGetId:00000000 osThreadGetId
C:\Users\31005\AppData\Local\Temp\ccDX7XtF.s:1666   .text.osThreadGetId:00000030 $d
C:\Users\31005\AppData\Local\Temp\ccDX7XtF.s:1671   .text.osThreadGetState:00000000 $t
C:\Users\31005\AppData\Local\Temp\ccDX7XtF.s:1677   .text.osThreadGetState:00000000 osThreadGetState
C:\Users\31005\AppData\Local\Temp\ccDX7XtF.s:1749   .text.osThreadGetState:00000024 $d
C:\Users\31005\AppData\Local\Temp\ccDX7XtF.s:1843   .text.osThreadGetState:00000060 $d
C:\Users\31005\AppData\Local\Temp\ccDX7XtF.s:1848   .text.osThreadGetStackSpace:00000000 $t
C:\Users\31005\AppData\Local\Temp\ccDX7XtF.s:1854   .text.osThreadGetStackSpace:00000000 osThreadGetStackSpace
C:\Users\31005\AppData\Local\Temp\ccDX7XtF.s:1967   .text.osThreadGetStackSpace:00000038 $d
C:\Users\31005\AppData\Local\Temp\ccDX7XtF.s:1972   .text.osThreadGetStackSize:00000000 $t
C:\Users\31005\AppData\Local\Temp\ccDX7XtF.s:1978   .text.osThreadGetStackSize:00000000 osThreadGetStackSize
C:\Users\31005\AppData\Local\Temp\ccDX7XtF.s:1997   .text.osThreadSetPriority:00000000 $t
ARM GAS  C:\Users\31005\AppData\Local\Temp\ccDX7XtF.s 			page 252


C:\Users\31005\AppData\Local\Temp\ccDX7XtF.s:2003   .text.osThreadSetPriority:00000000 osThreadSetPriority
C:\Users\31005\AppData\Local\Temp\ccDX7XtF.s:2150   .text.osThreadSetPriority:00000054 $d
C:\Users\31005\AppData\Local\Temp\ccDX7XtF.s:2155   .text.osThreadGetPriority:00000000 $t
C:\Users\31005\AppData\Local\Temp\ccDX7XtF.s:2161   .text.osThreadGetPriority:00000000 osThreadGetPriority
C:\Users\31005\AppData\Local\Temp\ccDX7XtF.s:2283   .text.osThreadGetPriority:00000040 $d
C:\Users\31005\AppData\Local\Temp\ccDX7XtF.s:2288   .text.osThreadYield:00000000 $t
C:\Users\31005\AppData\Local\Temp\ccDX7XtF.s:2294   .text.osThreadYield:00000000 osThreadYield
C:\Users\31005\AppData\Local\Temp\ccDX7XtF.s:2407   .text.osThreadYield:00000048 $d
C:\Users\31005\AppData\Local\Temp\ccDX7XtF.s:2412   .text.osThreadSuspend:00000000 $t
C:\Users\31005\AppData\Local\Temp\ccDX7XtF.s:2418   .text.osThreadSuspend:00000000 osThreadSuspend
C:\Users\31005\AppData\Local\Temp\ccDX7XtF.s:2545   .text.osThreadSuspend:00000040 $d
C:\Users\31005\AppData\Local\Temp\ccDX7XtF.s:2550   .text.osThreadResume:00000000 $t
C:\Users\31005\AppData\Local\Temp\ccDX7XtF.s:2556   .text.osThreadResume:00000000 osThreadResume
C:\Users\31005\AppData\Local\Temp\ccDX7XtF.s:2683   .text.osThreadResume:00000040 $d
C:\Users\31005\AppData\Local\Temp\ccDX7XtF.s:2688   .text.osThreadExit:00000000 $t
C:\Users\31005\AppData\Local\Temp\ccDX7XtF.s:2694   .text.osThreadExit:00000000 osThreadExit
C:\Users\31005\AppData\Local\Temp\ccDX7XtF.s:2718   .text.osThreadTerminate:00000000 $t
C:\Users\31005\AppData\Local\Temp\ccDX7XtF.s:2724   .text.osThreadTerminate:00000000 osThreadTerminate
C:\Users\31005\AppData\Local\Temp\ccDX7XtF.s:2881   .text.osThreadTerminate:00000054 $d
C:\Users\31005\AppData\Local\Temp\ccDX7XtF.s:2886   .text.osThreadGetCount:00000000 $t
C:\Users\31005\AppData\Local\Temp\ccDX7XtF.s:2892   .text.osThreadGetCount:00000000 osThreadGetCount
C:\Users\31005\AppData\Local\Temp\ccDX7XtF.s:2999   .text.osThreadGetCount:0000002c $d
C:\Users\31005\AppData\Local\Temp\ccDX7XtF.s:3004   .text.osThreadEnumerate:00000000 $t
C:\Users\31005\AppData\Local\Temp\ccDX7XtF.s:3010   .text.osThreadEnumerate:00000000 osThreadEnumerate
C:\Users\31005\AppData\Local\Temp\ccDX7XtF.s:3190   .text.osThreadEnumerate:00000084 $d
C:\Users\31005\AppData\Local\Temp\ccDX7XtF.s:3195   .text.osThreadFlagsSet:00000000 $t
C:\Users\31005\AppData\Local\Temp\ccDX7XtF.s:3201   .text.osThreadFlagsSet:00000000 osThreadFlagsSet
C:\Users\31005\AppData\Local\Temp\ccDX7XtF.s:3382   .text.osThreadFlagsSet:0000008c $d
C:\Users\31005\AppData\Local\Temp\ccDX7XtF.s:3387   .text.osThreadFlagsClear:00000000 $t
C:\Users\31005\AppData\Local\Temp\ccDX7XtF.s:3393   .text.osThreadFlagsClear:00000000 osThreadFlagsClear
C:\Users\31005\AppData\Local\Temp\ccDX7XtF.s:3562   .text.osThreadFlagsClear:00000078 $d
C:\Users\31005\AppData\Local\Temp\ccDX7XtF.s:3567   .text.osThreadFlagsGet:00000000 $t
C:\Users\31005\AppData\Local\Temp\ccDX7XtF.s:3573   .text.osThreadFlagsGet:00000000 osThreadFlagsGet
C:\Users\31005\AppData\Local\Temp\ccDX7XtF.s:3691   .text.osThreadFlagsGet:00000048 $d
C:\Users\31005\AppData\Local\Temp\ccDX7XtF.s:3696   .text.osThreadFlagsWait:00000000 $t
C:\Users\31005\AppData\Local\Temp\ccDX7XtF.s:3702   .text.osThreadFlagsWait:00000000 osThreadFlagsWait
C:\Users\31005\AppData\Local\Temp\ccDX7XtF.s:3968   .text.osThreadFlagsWait:000000d4 $d
C:\Users\31005\AppData\Local\Temp\ccDX7XtF.s:3973   .text.osDelay:00000000 $t
C:\Users\31005\AppData\Local\Temp\ccDX7XtF.s:3979   .text.osDelay:00000000 osDelay
C:\Users\31005\AppData\Local\Temp\ccDX7XtF.s:4102   .text.osDelay:00000040 $d
C:\Users\31005\AppData\Local\Temp\ccDX7XtF.s:4107   .text.osDelayUntil:00000000 $t
C:\Users\31005\AppData\Local\Temp\ccDX7XtF.s:4113   .text.osDelayUntil:00000000 osDelayUntil
C:\Users\31005\AppData\Local\Temp\ccDX7XtF.s:4252   .text.osDelayUntil:00000048 $d
C:\Users\31005\AppData\Local\Temp\ccDX7XtF.s:4257   .text.osTimerNew:00000000 $t
C:\Users\31005\AppData\Local\Temp\ccDX7XtF.s:4263   .text.osTimerNew:00000000 osTimerNew
C:\Users\31005\AppData\Local\Temp\ccDX7XtF.s:4522   .text.osTimerNew:000000b4 $d
C:\Users\31005\AppData\Local\Temp\ccDX7XtF.s:4528   .text.osTimerGetName:00000000 $t
C:\Users\31005\AppData\Local\Temp\ccDX7XtF.s:4534   .text.osTimerGetName:00000000 osTimerGetName
C:\Users\31005\AppData\Local\Temp\ccDX7XtF.s:4648   .text.osTimerGetName:00000034 $d
C:\Users\31005\AppData\Local\Temp\ccDX7XtF.s:4653   .text.osTimerStart:00000000 $t
C:\Users\31005\AppData\Local\Temp\ccDX7XtF.s:4659   .text.osTimerStart:00000000 osTimerStart
C:\Users\31005\AppData\Local\Temp\ccDX7XtF.s:4811   .text.osTimerStart:00000058 $d
C:\Users\31005\AppData\Local\Temp\ccDX7XtF.s:4816   .text.osTimerStop:00000000 $t
C:\Users\31005\AppData\Local\Temp\ccDX7XtF.s:4822   .text.osTimerStop:00000000 osTimerStop
C:\Users\31005\AppData\Local\Temp\ccDX7XtF.s:4992   .text.osTimerStop:00000068 $d
C:\Users\31005\AppData\Local\Temp\ccDX7XtF.s:4997   .text.osTimerIsRunning:00000000 $t
C:\Users\31005\AppData\Local\Temp\ccDX7XtF.s:5003   .text.osTimerIsRunning:00000000 osTimerIsRunning
ARM GAS  C:\Users\31005\AppData\Local\Temp\ccDX7XtF.s 			page 253


C:\Users\31005\AppData\Local\Temp\ccDX7XtF.s:5116   .text.osTimerIsRunning:00000038 $d
C:\Users\31005\AppData\Local\Temp\ccDX7XtF.s:5121   .text.osTimerDelete:00000000 $t
C:\Users\31005\AppData\Local\Temp\ccDX7XtF.s:5127   .text.osTimerDelete:00000000 osTimerDelete
C:\Users\31005\AppData\Local\Temp\ccDX7XtF.s:5306   .text.osTimerDelete:00000068 $d
C:\Users\31005\AppData\Local\Temp\ccDX7XtF.s:5311   .text.osEventFlagsNew:00000000 $t
C:\Users\31005\AppData\Local\Temp\ccDX7XtF.s:5317   .text.osEventFlagsNew:00000000 osEventFlagsNew
C:\Users\31005\AppData\Local\Temp\ccDX7XtF.s:5494   .text.osEventFlagsNew:00000064 $d
C:\Users\31005\AppData\Local\Temp\ccDX7XtF.s:5499   .text.osEventFlagsSet:00000000 $t
C:\Users\31005\AppData\Local\Temp\ccDX7XtF.s:5505   .text.osEventFlagsSet:00000000 osEventFlagsSet
C:\Users\31005\AppData\Local\Temp\ccDX7XtF.s:5696   .text.osEventFlagsSet:00000078 $d
C:\Users\31005\AppData\Local\Temp\ccDX7XtF.s:5701   .text.osEventFlagsClear:00000000 $t
C:\Users\31005\AppData\Local\Temp\ccDX7XtF.s:5707   .text.osEventFlagsClear:00000000 osEventFlagsClear
C:\Users\31005\AppData\Local\Temp\ccDX7XtF.s:5855   .text.osEventFlagsClear:0000005c $d
C:\Users\31005\AppData\Local\Temp\ccDX7XtF.s:5860   .text.osEventFlagsGet:00000000 $t
C:\Users\31005\AppData\Local\Temp\ccDX7XtF.s:5866   .text.osEventFlagsGet:00000000 osEventFlagsGet
C:\Users\31005\AppData\Local\Temp\ccDX7XtF.s:5986   .text.osEventFlagsGet:00000038 $d
C:\Users\31005\AppData\Local\Temp\ccDX7XtF.s:5991   .text.osEventFlagsWait:00000000 $t
C:\Users\31005\AppData\Local\Temp\ccDX7XtF.s:5997   .text.osEventFlagsWait:00000000 osEventFlagsWait
C:\Users\31005\AppData\Local\Temp\ccDX7XtF.s:6234   .text.osEventFlagsWait:00000098 $d
C:\Users\31005\AppData\Local\Temp\ccDX7XtF.s:6239   .text.osEventFlagsDelete:00000000 $t
C:\Users\31005\AppData\Local\Temp\ccDX7XtF.s:6245   .text.osEventFlagsDelete:00000000 osEventFlagsDelete
C:\Users\31005\AppData\Local\Temp\ccDX7XtF.s:6372   .text.osEventFlagsDelete:00000040 $d
C:\Users\31005\AppData\Local\Temp\ccDX7XtF.s:6377   .text.osMutexNew:00000000 $t
C:\Users\31005\AppData\Local\Temp\ccDX7XtF.s:6383   .text.osMutexNew:00000000 osMutexNew
C:\Users\31005\AppData\Local\Temp\ccDX7XtF.s:6658   .text.osMutexNew:000000b4 $d
C:\Users\31005\AppData\Local\Temp\ccDX7XtF.s:6663   .text.osMutexAcquire:00000000 $t
C:\Users\31005\AppData\Local\Temp\ccDX7XtF.s:6669   .text.osMutexAcquire:00000000 osMutexAcquire
C:\Users\31005\AppData\Local\Temp\ccDX7XtF.s:6860   .text.osMutexAcquire:00000080 $d
C:\Users\31005\AppData\Local\Temp\ccDX7XtF.s:6865   .text.osMutexRelease:00000000 $t
C:\Users\31005\AppData\Local\Temp\ccDX7XtF.s:6871   .text.osMutexRelease:00000000 osMutexRelease
C:\Users\31005\AppData\Local\Temp\ccDX7XtF.s:7048   .text.osMutexRelease:00000070 $d
C:\Users\31005\AppData\Local\Temp\ccDX7XtF.s:7053   .text.osMutexGetOwner:00000000 $t
C:\Users\31005\AppData\Local\Temp\ccDX7XtF.s:7059   .text.osMutexGetOwner:00000000 osMutexGetOwner
C:\Users\31005\AppData\Local\Temp\ccDX7XtF.s:7193   .text.osMutexGetOwner:00000040 $d
C:\Users\31005\AppData\Local\Temp\ccDX7XtF.s:7198   .text.osMutexDelete:00000000 $t
C:\Users\31005\AppData\Local\Temp\ccDX7XtF.s:7204   .text.osMutexDelete:00000000 osMutexDelete
C:\Users\31005\AppData\Local\Temp\ccDX7XtF.s:7348   .text.osMutexDelete:00000050 $d
C:\Users\31005\AppData\Local\Temp\ccDX7XtF.s:7353   .text.osSemaphoreNew:00000000 $t
C:\Users\31005\AppData\Local\Temp\ccDX7XtF.s:7359   .text.osSemaphoreNew:00000000 osSemaphoreNew
C:\Users\31005\AppData\Local\Temp\ccDX7XtF.s:7657   .text.osSemaphoreNew:000000d4 $d
C:\Users\31005\AppData\Local\Temp\ccDX7XtF.s:7662   .text.osSemaphoreAcquire:00000000 $t
C:\Users\31005\AppData\Local\Temp\ccDX7XtF.s:7668   .text.osSemaphoreAcquire:00000000 osSemaphoreAcquire
C:\Users\31005\AppData\Local\Temp\ccDX7XtF.s:7870   .text.osSemaphoreAcquire:00000084 $d
C:\Users\31005\AppData\Local\Temp\ccDX7XtF.s:7875   .text.osSemaphoreRelease:00000000 $t
C:\Users\31005\AppData\Local\Temp\ccDX7XtF.s:7881   .text.osSemaphoreRelease:00000000 osSemaphoreRelease
C:\Users\31005\AppData\Local\Temp\ccDX7XtF.s:8059   .text.osSemaphoreRelease:00000078 $d
C:\Users\31005\AppData\Local\Temp\ccDX7XtF.s:8064   .text.osSemaphoreGetCount:00000000 $t
C:\Users\31005\AppData\Local\Temp\ccDX7XtF.s:8070   .text.osSemaphoreGetCount:00000000 osSemaphoreGetCount
C:\Users\31005\AppData\Local\Temp\ccDX7XtF.s:8189   .text.osSemaphoreGetCount:00000034 $d
C:\Users\31005\AppData\Local\Temp\ccDX7XtF.s:8194   .text.osSemaphoreDelete:00000000 $t
C:\Users\31005\AppData\Local\Temp\ccDX7XtF.s:8200   .text.osSemaphoreDelete:00000000 osSemaphoreDelete
C:\Users\31005\AppData\Local\Temp\ccDX7XtF.s:8341   .text.osSemaphoreDelete:0000004c $d
C:\Users\31005\AppData\Local\Temp\ccDX7XtF.s:8346   .text.osMessageQueueNew:00000000 $t
C:\Users\31005\AppData\Local\Temp\ccDX7XtF.s:8352   .text.osMessageQueueNew:00000000 osMessageQueueNew
C:\Users\31005\AppData\Local\Temp\ccDX7XtF.s:8605   .text.osMessageQueueNew:000000b8 $d
C:\Users\31005\AppData\Local\Temp\ccDX7XtF.s:8610   .text.osMessageQueuePut:00000000 $t
C:\Users\31005\AppData\Local\Temp\ccDX7XtF.s:8616   .text.osMessageQueuePut:00000000 osMessageQueuePut
ARM GAS  C:\Users\31005\AppData\Local\Temp\ccDX7XtF.s 			page 254


C:\Users\31005\AppData\Local\Temp\ccDX7XtF.s:8836   .text.osMessageQueuePut:0000009c $d
C:\Users\31005\AppData\Local\Temp\ccDX7XtF.s:8841   .text.osMessageQueueGet:00000000 $t
C:\Users\31005\AppData\Local\Temp\ccDX7XtF.s:8847   .text.osMessageQueueGet:00000000 osMessageQueueGet
C:\Users\31005\AppData\Local\Temp\ccDX7XtF.s:9066   .text.osMessageQueueGet:00000098 $d
C:\Users\31005\AppData\Local\Temp\ccDX7XtF.s:9071   .text.osMessageQueueGetCapacity:00000000 $t
C:\Users\31005\AppData\Local\Temp\ccDX7XtF.s:9077   .text.osMessageQueueGetCapacity:00000000 osMessageQueueGetCapacity
C:\Users\31005\AppData\Local\Temp\ccDX7XtF.s:9108   .text.osMessageQueueGetMsgSize:00000000 $t
C:\Users\31005\AppData\Local\Temp\ccDX7XtF.s:9114   .text.osMessageQueueGetMsgSize:00000000 osMessageQueueGetMsgSize
C:\Users\31005\AppData\Local\Temp\ccDX7XtF.s:9145   .text.osMessageQueueGetCount:00000000 $t
C:\Users\31005\AppData\Local\Temp\ccDX7XtF.s:9151   .text.osMessageQueueGetCount:00000000 osMessageQueueGetCount
C:\Users\31005\AppData\Local\Temp\ccDX7XtF.s:9270   .text.osMessageQueueGetCount:00000034 $d
C:\Users\31005\AppData\Local\Temp\ccDX7XtF.s:9275   .text.osMessageQueueGetSpace:00000000 $t
C:\Users\31005\AppData\Local\Temp\ccDX7XtF.s:9281   .text.osMessageQueueGetSpace:00000000 osMessageQueueGetSpace
C:\Users\31005\AppData\Local\Temp\ccDX7XtF.s:9442   .text.osMessageQueueGetSpace:0000004c $d
C:\Users\31005\AppData\Local\Temp\ccDX7XtF.s:9447   .text.osMessageQueueReset:00000000 $t
C:\Users\31005\AppData\Local\Temp\ccDX7XtF.s:9453   .text.osMessageQueueReset:00000000 osMessageQueueReset
C:\Users\31005\AppData\Local\Temp\ccDX7XtF.s:9582   .text.osMessageQueueReset:00000044 $d
C:\Users\31005\AppData\Local\Temp\ccDX7XtF.s:9587   .text.osMessageQueueDelete:00000000 $t
C:\Users\31005\AppData\Local\Temp\ccDX7XtF.s:9593   .text.osMessageQueueDelete:00000000 osMessageQueueDelete
C:\Users\31005\AppData\Local\Temp\ccDX7XtF.s:9734   .text.osMessageQueueDelete:0000004c $d
C:\Users\31005\AppData\Local\Temp\ccDX7XtF.s:9739   .text.vApplicationGetIdleTaskMemory:00000000 $t
C:\Users\31005\AppData\Local\Temp\ccDX7XtF.s:9745   .text.vApplicationGetIdleTaskMemory:00000000 vApplicationGetIdleTaskMemory
C:\Users\31005\AppData\Local\Temp\ccDX7XtF.s:9770   .text.vApplicationGetIdleTaskMemory:00000010 $d
C:\Users\31005\AppData\Local\Temp\ccDX7XtF.s:9834   .bss.Idle_TCB:00000000 Idle_TCB
C:\Users\31005\AppData\Local\Temp\ccDX7XtF.s:9828   .bss.Idle_Stack:00000000 Idle_Stack
C:\Users\31005\AppData\Local\Temp\ccDX7XtF.s:9776   .text.vApplicationGetTimerTaskMemory:00000000 $t
C:\Users\31005\AppData\Local\Temp\ccDX7XtF.s:9782   .text.vApplicationGetTimerTaskMemory:00000000 vApplicationGetTimerTaskMemory
C:\Users\31005\AppData\Local\Temp\ccDX7XtF.s:9807   .text.vApplicationGetTimerTaskMemory:00000010 $d
C:\Users\31005\AppData\Local\Temp\ccDX7XtF.s:9822   .bss.Timer_TCB:00000000 Timer_TCB
C:\Users\31005\AppData\Local\Temp\ccDX7XtF.s:9816   .bss.Timer_Stack:00000000 Timer_Stack
C:\Users\31005\AppData\Local\Temp\ccDX7XtF.s:9813   .bss.Timer_Stack:00000000 $d
C:\Users\31005\AppData\Local\Temp\ccDX7XtF.s:9819   .bss.Timer_TCB:00000000 $d
C:\Users\31005\AppData\Local\Temp\ccDX7XtF.s:9825   .bss.Idle_Stack:00000000 $d
C:\Users\31005\AppData\Local\Temp\ccDX7XtF.s:9831   .bss.Idle_TCB:00000000 $d
C:\Users\31005\AppData\Local\Temp\ccDX7XtF.s:9837   .bss.KernelState:00000000 $d
C:\Users\31005\AppData\Local\Temp\ccDX7XtF.s:1755   .text.osThreadGetState:00000029 $d
C:\Users\31005\AppData\Local\Temp\ccDX7XtF.s:1755   .text.osThreadGetState:0000002a $t

UNDEFINED SYMBOLS
pvTimerGetTimerID
memcpy
xTaskGetSchedulerState
vTaskStartScheduler
vTaskSuspendAll
xTaskResumeAll
xTaskGetTickCountFromISR
xTaskGetTickCount
SystemCoreClock
xTaskCreateStatic
xTaskCreate
pcTaskGetName
xTaskGetCurrentTaskHandle
eTaskGetState
uxTaskGetStackHighWaterMark
vTaskPrioritySet
uxTaskPriorityGet
vTaskSuspend
ARM GAS  C:\Users\31005\AppData\Local\Temp\ccDX7XtF.s 			page 255


vTaskResume
vTaskDelete
uxTaskGetNumberOfTasks
pvPortMalloc
uxTaskGetSystemState
vPortFree
xTaskGenericNotifyFromISR
xTaskGenericNotify
xTaskNotifyWait
vTaskDelay
vTaskDelayUntil
xTimerCreate
xTimerCreateStatic
pcTimerGetName
xTimerGenericCommand
xTimerIsTimerActive
xEventGroupCreate
xEventGroupCreateStatic
xEventGroupSetBitsFromISR
xEventGroupSetBits
xEventGroupGetBitsFromISR
xEventGroupClearBitsFromISR
xEventGroupClearBits
xEventGroupWaitBits
vEventGroupDelete
xQueueCreateMutex
vQueueAddToRegistry
xQueueCreateMutexStatic
xQueueTakeMutexRecursive
xQueueSemaphoreTake
xQueueGiveMutexRecursive
xQueueGenericSend
xQueueGetMutexHolder
vQueueUnregisterQueue
vQueueDelete
xQueueCreateCountingSemaphore
xQueueGenericCreate
xQueueGenericCreateStatic
xQueueCreateCountingSemaphoreStatic
xQueueReceiveFromISR
xQueueGiveFromISR
uxQueueMessagesWaitingFromISR
uxQueueMessagesWaiting
xQueueGenericSendFromISR
xQueueReceive
uxQueueSpacesAvailable
xQueueGenericReset
