ARM GAS  C:\Users\31005\AppData\Local\Temp\ccp6mIRg.s 			page 1


   1              		.cpu cortex-m4
   2              		.arch armv7e-m
   3              		.fpu fpv4-sp-d16
   4              		.eabi_attribute 27, 1
   5              		.eabi_attribute 28, 1
   6              		.eabi_attribute 20, 1
   7              		.eabi_attribute 21, 1
   8              		.eabi_attribute 23, 3
   9              		.eabi_attribute 24, 1
  10              		.eabi_attribute 25, 1
  11              		.eabi_attribute 26, 1
  12              		.eabi_attribute 30, 1
  13              		.eabi_attribute 34, 1
  14              		.eabi_attribute 18, 4
  15              		.file	"queue.c"
  16              		.text
  17              	.Ltext0:
  18              		.cfi_sections	.debug_frame
  19              		.file 1 "Middlewares/Third_Party/FreeRTOS/Source/queue.c"
  20              		.section	.text.prvGetDisinheritPriorityAfterTimeout,"ax",%progbits
  21              		.align	1
  22              		.syntax unified
  23              		.thumb
  24              		.thumb_func
  26              	prvGetDisinheritPriorityAfterTimeout:
  27              	.LVL0:
  28              	.LFB32:
   1:Middlewares/Third_Party/FreeRTOS/Source/queue.c **** /*
   2:Middlewares/Third_Party/FreeRTOS/Source/queue.c ****  * FreeRTOS Kernel V10.0.1
   3:Middlewares/Third_Party/FreeRTOS/Source/queue.c ****  * Copyright (C) 2017 Amazon.com, Inc. or its affiliates.  All Rights Reserved.
   4:Middlewares/Third_Party/FreeRTOS/Source/queue.c ****  *
   5:Middlewares/Third_Party/FreeRTOS/Source/queue.c ****  * Permission is hereby granted, free of charge, to any person obtaining a copy of
   6:Middlewares/Third_Party/FreeRTOS/Source/queue.c ****  * this software and associated documentation files (the "Software"), to deal in
   7:Middlewares/Third_Party/FreeRTOS/Source/queue.c ****  * the Software without restriction, including without limitation the rights to
   8:Middlewares/Third_Party/FreeRTOS/Source/queue.c ****  * use, copy, modify, merge, publish, distribute, sublicense, and/or sell copies of
   9:Middlewares/Third_Party/FreeRTOS/Source/queue.c ****  * the Software, and to permit persons to whom the Software is furnished to do so,
  10:Middlewares/Third_Party/FreeRTOS/Source/queue.c ****  * subject to the following conditions:
  11:Middlewares/Third_Party/FreeRTOS/Source/queue.c ****  *
  12:Middlewares/Third_Party/FreeRTOS/Source/queue.c ****  * The above copyright notice and this permission notice shall be included in all
  13:Middlewares/Third_Party/FreeRTOS/Source/queue.c ****  * copies or substantial portions of the Software.
  14:Middlewares/Third_Party/FreeRTOS/Source/queue.c ****  *
  15:Middlewares/Third_Party/FreeRTOS/Source/queue.c ****  * THE SOFTWARE IS PROVIDED "AS IS", WITHOUT WARRANTY OF ANY KIND, EXPRESS OR
  16:Middlewares/Third_Party/FreeRTOS/Source/queue.c ****  * IMPLIED, INCLUDING BUT NOT LIMITED TO THE WARRANTIES OF MERCHANTABILITY, FITNESS
  17:Middlewares/Third_Party/FreeRTOS/Source/queue.c ****  * FOR A PARTICULAR PURPOSE AND NONINFRINGEMENT. IN NO EVENT SHALL THE AUTHORS OR
  18:Middlewares/Third_Party/FreeRTOS/Source/queue.c ****  * COPYRIGHT HOLDERS BE LIABLE FOR ANY CLAIM, DAMAGES OR OTHER LIABILITY, WHETHER
  19:Middlewares/Third_Party/FreeRTOS/Source/queue.c ****  * IN AN ACTION OF CONTRACT, TORT OR OTHERWISE, ARISING FROM, OUT OF OR IN
  20:Middlewares/Third_Party/FreeRTOS/Source/queue.c ****  * CONNECTION WITH THE SOFTWARE OR THE USE OR OTHER DEALINGS IN THE SOFTWARE.
  21:Middlewares/Third_Party/FreeRTOS/Source/queue.c ****  *
  22:Middlewares/Third_Party/FreeRTOS/Source/queue.c ****  * http://www.FreeRTOS.org
  23:Middlewares/Third_Party/FreeRTOS/Source/queue.c ****  * http://aws.amazon.com/freertos
  24:Middlewares/Third_Party/FreeRTOS/Source/queue.c ****  *
  25:Middlewares/Third_Party/FreeRTOS/Source/queue.c ****  * 1 tab == 4 spaces!
  26:Middlewares/Third_Party/FreeRTOS/Source/queue.c ****  */
  27:Middlewares/Third_Party/FreeRTOS/Source/queue.c **** 
  28:Middlewares/Third_Party/FreeRTOS/Source/queue.c **** #include <stdlib.h>
  29:Middlewares/Third_Party/FreeRTOS/Source/queue.c **** #include <string.h>
  30:Middlewares/Third_Party/FreeRTOS/Source/queue.c **** 
ARM GAS  C:\Users\31005\AppData\Local\Temp\ccp6mIRg.s 			page 2


  31:Middlewares/Third_Party/FreeRTOS/Source/queue.c **** /* Defining MPU_WRAPPERS_INCLUDED_FROM_API_FILE prevents task.h from redefining
  32:Middlewares/Third_Party/FreeRTOS/Source/queue.c **** all the API functions to use the MPU wrappers.  That should only be done when
  33:Middlewares/Third_Party/FreeRTOS/Source/queue.c **** task.h is included from an application file. */
  34:Middlewares/Third_Party/FreeRTOS/Source/queue.c **** #define MPU_WRAPPERS_INCLUDED_FROM_API_FILE
  35:Middlewares/Third_Party/FreeRTOS/Source/queue.c **** 
  36:Middlewares/Third_Party/FreeRTOS/Source/queue.c **** #include "FreeRTOS.h"
  37:Middlewares/Third_Party/FreeRTOS/Source/queue.c **** #include "task.h"
  38:Middlewares/Third_Party/FreeRTOS/Source/queue.c **** #include "queue.h"
  39:Middlewares/Third_Party/FreeRTOS/Source/queue.c **** 
  40:Middlewares/Third_Party/FreeRTOS/Source/queue.c **** #if ( configUSE_CO_ROUTINES == 1 )
  41:Middlewares/Third_Party/FreeRTOS/Source/queue.c **** 	#include "croutine.h"
  42:Middlewares/Third_Party/FreeRTOS/Source/queue.c **** #endif
  43:Middlewares/Third_Party/FreeRTOS/Source/queue.c **** 
  44:Middlewares/Third_Party/FreeRTOS/Source/queue.c **** /* Lint e961 and e750 are suppressed as a MISRA exception justified because the
  45:Middlewares/Third_Party/FreeRTOS/Source/queue.c **** MPU ports require MPU_WRAPPERS_INCLUDED_FROM_API_FILE to be defined for the
  46:Middlewares/Third_Party/FreeRTOS/Source/queue.c **** header files above, but not in this file, in order to generate the correct
  47:Middlewares/Third_Party/FreeRTOS/Source/queue.c **** privileged Vs unprivileged linkage and placement. */
  48:Middlewares/Third_Party/FreeRTOS/Source/queue.c **** #undef MPU_WRAPPERS_INCLUDED_FROM_API_FILE /*lint !e961 !e750. */
  49:Middlewares/Third_Party/FreeRTOS/Source/queue.c **** 
  50:Middlewares/Third_Party/FreeRTOS/Source/queue.c **** 
  51:Middlewares/Third_Party/FreeRTOS/Source/queue.c **** /* Constants used with the cRxLock and cTxLock structure members. */
  52:Middlewares/Third_Party/FreeRTOS/Source/queue.c **** #define queueUNLOCKED					( ( int8_t ) -1 )
  53:Middlewares/Third_Party/FreeRTOS/Source/queue.c **** #define queueLOCKED_UNMODIFIED			( ( int8_t ) 0 )
  54:Middlewares/Third_Party/FreeRTOS/Source/queue.c **** 
  55:Middlewares/Third_Party/FreeRTOS/Source/queue.c **** /* When the Queue_t structure is used to represent a base queue its pcHead and
  56:Middlewares/Third_Party/FreeRTOS/Source/queue.c **** pcTail members are used as pointers into the queue storage area.  When the
  57:Middlewares/Third_Party/FreeRTOS/Source/queue.c **** Queue_t structure is used to represent a mutex pcHead and pcTail pointers are
  58:Middlewares/Third_Party/FreeRTOS/Source/queue.c **** not necessary, and the pcHead pointer is set to NULL to indicate that the
  59:Middlewares/Third_Party/FreeRTOS/Source/queue.c **** pcTail pointer actually points to the mutex holder (if any).  Map alternative
  60:Middlewares/Third_Party/FreeRTOS/Source/queue.c **** names to the pcHead and pcTail structure members to ensure the readability of
  61:Middlewares/Third_Party/FreeRTOS/Source/queue.c **** the code is maintained despite this dual use of two structure members.  An
  62:Middlewares/Third_Party/FreeRTOS/Source/queue.c **** alternative implementation would be to use a union, but use of a union is
  63:Middlewares/Third_Party/FreeRTOS/Source/queue.c **** against the coding standard (although an exception to the standard has been
  64:Middlewares/Third_Party/FreeRTOS/Source/queue.c **** permitted where the dual use also significantly changes the type of the
  65:Middlewares/Third_Party/FreeRTOS/Source/queue.c **** structure member). */
  66:Middlewares/Third_Party/FreeRTOS/Source/queue.c **** #define pxMutexHolder					pcTail
  67:Middlewares/Third_Party/FreeRTOS/Source/queue.c **** #define uxQueueType						pcHead
  68:Middlewares/Third_Party/FreeRTOS/Source/queue.c **** #define queueQUEUE_IS_MUTEX				NULL
  69:Middlewares/Third_Party/FreeRTOS/Source/queue.c **** 
  70:Middlewares/Third_Party/FreeRTOS/Source/queue.c **** /* Semaphores do not actually store or copy data, so have an item size of
  71:Middlewares/Third_Party/FreeRTOS/Source/queue.c **** zero. */
  72:Middlewares/Third_Party/FreeRTOS/Source/queue.c **** #define queueSEMAPHORE_QUEUE_ITEM_LENGTH ( ( UBaseType_t ) 0 )
  73:Middlewares/Third_Party/FreeRTOS/Source/queue.c **** #define queueMUTEX_GIVE_BLOCK_TIME		 ( ( TickType_t ) 0U )
  74:Middlewares/Third_Party/FreeRTOS/Source/queue.c **** 
  75:Middlewares/Third_Party/FreeRTOS/Source/queue.c **** #if( configUSE_PREEMPTION == 0 )
  76:Middlewares/Third_Party/FreeRTOS/Source/queue.c **** 	/* If the cooperative scheduler is being used then a yield should not be
  77:Middlewares/Third_Party/FreeRTOS/Source/queue.c **** 	performed just because a higher priority task has been woken. */
  78:Middlewares/Third_Party/FreeRTOS/Source/queue.c **** 	#define queueYIELD_IF_USING_PREEMPTION()
  79:Middlewares/Third_Party/FreeRTOS/Source/queue.c **** #else
  80:Middlewares/Third_Party/FreeRTOS/Source/queue.c **** 	#define queueYIELD_IF_USING_PREEMPTION() portYIELD_WITHIN_API()
  81:Middlewares/Third_Party/FreeRTOS/Source/queue.c **** #endif
  82:Middlewares/Third_Party/FreeRTOS/Source/queue.c **** 
  83:Middlewares/Third_Party/FreeRTOS/Source/queue.c **** /*
  84:Middlewares/Third_Party/FreeRTOS/Source/queue.c ****  * Definition of the queue used by the scheduler.
  85:Middlewares/Third_Party/FreeRTOS/Source/queue.c ****  * Items are queued by copy, not reference.  See the following link for the
  86:Middlewares/Third_Party/FreeRTOS/Source/queue.c ****  * rationale: http://www.freertos.org/Embedded-RTOS-Queues.html
  87:Middlewares/Third_Party/FreeRTOS/Source/queue.c ****  */
ARM GAS  C:\Users\31005\AppData\Local\Temp\ccp6mIRg.s 			page 3


  88:Middlewares/Third_Party/FreeRTOS/Source/queue.c **** typedef struct QueueDefinition
  89:Middlewares/Third_Party/FreeRTOS/Source/queue.c **** {
  90:Middlewares/Third_Party/FreeRTOS/Source/queue.c **** 	int8_t *pcHead;					/*< Points to the beginning of the queue storage area. */
  91:Middlewares/Third_Party/FreeRTOS/Source/queue.c **** 	int8_t *pcTail;					/*< Points to the byte at the end of the queue storage area.  Once more byte i
  92:Middlewares/Third_Party/FreeRTOS/Source/queue.c **** 	int8_t *pcWriteTo;				/*< Points to the free next place in the storage area. */
  93:Middlewares/Third_Party/FreeRTOS/Source/queue.c **** 
  94:Middlewares/Third_Party/FreeRTOS/Source/queue.c **** 	union							/* Use of a union is an exception to the coding standard to ensure two mutually exclus
  95:Middlewares/Third_Party/FreeRTOS/Source/queue.c **** 	{
  96:Middlewares/Third_Party/FreeRTOS/Source/queue.c **** 		int8_t *pcReadFrom;			/*< Points to the last place that a queued item was read from when the stru
  97:Middlewares/Third_Party/FreeRTOS/Source/queue.c **** 		UBaseType_t uxRecursiveCallCount;/*< Maintains a count of the number of times a recursive mutex h
  98:Middlewares/Third_Party/FreeRTOS/Source/queue.c **** 	} u;
  99:Middlewares/Third_Party/FreeRTOS/Source/queue.c **** 
 100:Middlewares/Third_Party/FreeRTOS/Source/queue.c **** 	List_t xTasksWaitingToSend;		/*< List of tasks that are blocked waiting to post onto this queue.  
 101:Middlewares/Third_Party/FreeRTOS/Source/queue.c **** 	List_t xTasksWaitingToReceive;	/*< List of tasks that are blocked waiting to read from this queue.
 102:Middlewares/Third_Party/FreeRTOS/Source/queue.c **** 
 103:Middlewares/Third_Party/FreeRTOS/Source/queue.c **** 	volatile UBaseType_t uxMessagesWaiting;/*< The number of items currently in the queue. */
 104:Middlewares/Third_Party/FreeRTOS/Source/queue.c **** 	UBaseType_t uxLength;			/*< The length of the queue defined as the number of items it will hold, n
 105:Middlewares/Third_Party/FreeRTOS/Source/queue.c **** 	UBaseType_t uxItemSize;			/*< The size of each items that the queue will hold. */
 106:Middlewares/Third_Party/FreeRTOS/Source/queue.c **** 
 107:Middlewares/Third_Party/FreeRTOS/Source/queue.c **** 	volatile int8_t cRxLock;		/*< Stores the number of items received from the queue (removed from the
 108:Middlewares/Third_Party/FreeRTOS/Source/queue.c **** 	volatile int8_t cTxLock;		/*< Stores the number of items transmitted to the queue (added to the qu
 109:Middlewares/Third_Party/FreeRTOS/Source/queue.c **** 
 110:Middlewares/Third_Party/FreeRTOS/Source/queue.c **** 	#if( ( configSUPPORT_STATIC_ALLOCATION == 1 ) && ( configSUPPORT_DYNAMIC_ALLOCATION == 1 ) )
 111:Middlewares/Third_Party/FreeRTOS/Source/queue.c **** 		uint8_t ucStaticallyAllocated;	/*< Set to pdTRUE if the memory used by the queue was statically a
 112:Middlewares/Third_Party/FreeRTOS/Source/queue.c **** 	#endif
 113:Middlewares/Third_Party/FreeRTOS/Source/queue.c **** 
 114:Middlewares/Third_Party/FreeRTOS/Source/queue.c **** 	#if ( configUSE_QUEUE_SETS == 1 )
 115:Middlewares/Third_Party/FreeRTOS/Source/queue.c **** 		struct QueueDefinition *pxQueueSetContainer;
 116:Middlewares/Third_Party/FreeRTOS/Source/queue.c **** 	#endif
 117:Middlewares/Third_Party/FreeRTOS/Source/queue.c **** 
 118:Middlewares/Third_Party/FreeRTOS/Source/queue.c **** 	#if ( configUSE_TRACE_FACILITY == 1 )
 119:Middlewares/Third_Party/FreeRTOS/Source/queue.c **** 		UBaseType_t uxQueueNumber;
 120:Middlewares/Third_Party/FreeRTOS/Source/queue.c **** 		uint8_t ucQueueType;
 121:Middlewares/Third_Party/FreeRTOS/Source/queue.c **** 	#endif
 122:Middlewares/Third_Party/FreeRTOS/Source/queue.c **** 
 123:Middlewares/Third_Party/FreeRTOS/Source/queue.c **** } xQUEUE;
 124:Middlewares/Third_Party/FreeRTOS/Source/queue.c **** 
 125:Middlewares/Third_Party/FreeRTOS/Source/queue.c **** /* The old xQUEUE name is maintained above then typedefed to the new Queue_t
 126:Middlewares/Third_Party/FreeRTOS/Source/queue.c **** name below to enable the use of older kernel aware debuggers. */
 127:Middlewares/Third_Party/FreeRTOS/Source/queue.c **** typedef xQUEUE Queue_t;
 128:Middlewares/Third_Party/FreeRTOS/Source/queue.c **** 
 129:Middlewares/Third_Party/FreeRTOS/Source/queue.c **** /*-----------------------------------------------------------*/
 130:Middlewares/Third_Party/FreeRTOS/Source/queue.c **** 
 131:Middlewares/Third_Party/FreeRTOS/Source/queue.c **** /*
 132:Middlewares/Third_Party/FreeRTOS/Source/queue.c ****  * The queue registry is just a means for kernel aware debuggers to locate
 133:Middlewares/Third_Party/FreeRTOS/Source/queue.c ****  * queue structures.  It has no other purpose so is an optional component.
 134:Middlewares/Third_Party/FreeRTOS/Source/queue.c ****  */
 135:Middlewares/Third_Party/FreeRTOS/Source/queue.c **** #if ( configQUEUE_REGISTRY_SIZE > 0 )
 136:Middlewares/Third_Party/FreeRTOS/Source/queue.c **** 
 137:Middlewares/Third_Party/FreeRTOS/Source/queue.c **** 	/* The type stored within the queue registry array.  This allows a name
 138:Middlewares/Third_Party/FreeRTOS/Source/queue.c **** 	to be assigned to each queue making kernel aware debugging a little
 139:Middlewares/Third_Party/FreeRTOS/Source/queue.c **** 	more user friendly. */
 140:Middlewares/Third_Party/FreeRTOS/Source/queue.c **** 	typedef struct QUEUE_REGISTRY_ITEM
 141:Middlewares/Third_Party/FreeRTOS/Source/queue.c **** 	{
 142:Middlewares/Third_Party/FreeRTOS/Source/queue.c **** 		const char *pcQueueName; /*lint !e971 Unqualified char types are allowed for strings and single c
 143:Middlewares/Third_Party/FreeRTOS/Source/queue.c **** 		QueueHandle_t xHandle;
 144:Middlewares/Third_Party/FreeRTOS/Source/queue.c **** 	} xQueueRegistryItem;
ARM GAS  C:\Users\31005\AppData\Local\Temp\ccp6mIRg.s 			page 4


 145:Middlewares/Third_Party/FreeRTOS/Source/queue.c **** 
 146:Middlewares/Third_Party/FreeRTOS/Source/queue.c **** 	/* The old xQueueRegistryItem name is maintained above then typedefed to the
 147:Middlewares/Third_Party/FreeRTOS/Source/queue.c **** 	new xQueueRegistryItem name below to enable the use of older kernel aware
 148:Middlewares/Third_Party/FreeRTOS/Source/queue.c **** 	debuggers. */
 149:Middlewares/Third_Party/FreeRTOS/Source/queue.c **** 	typedef xQueueRegistryItem QueueRegistryItem_t;
 150:Middlewares/Third_Party/FreeRTOS/Source/queue.c **** 
 151:Middlewares/Third_Party/FreeRTOS/Source/queue.c **** 	/* The queue registry is simply an array of QueueRegistryItem_t structures.
 152:Middlewares/Third_Party/FreeRTOS/Source/queue.c **** 	The pcQueueName member of a structure being NULL is indicative of the
 153:Middlewares/Third_Party/FreeRTOS/Source/queue.c **** 	array position being vacant. */
 154:Middlewares/Third_Party/FreeRTOS/Source/queue.c **** 	PRIVILEGED_DATA QueueRegistryItem_t xQueueRegistry[ configQUEUE_REGISTRY_SIZE ];
 155:Middlewares/Third_Party/FreeRTOS/Source/queue.c **** 
 156:Middlewares/Third_Party/FreeRTOS/Source/queue.c **** #endif /* configQUEUE_REGISTRY_SIZE */
 157:Middlewares/Third_Party/FreeRTOS/Source/queue.c **** 
 158:Middlewares/Third_Party/FreeRTOS/Source/queue.c **** /*
 159:Middlewares/Third_Party/FreeRTOS/Source/queue.c ****  * Unlocks a queue locked by a call to prvLockQueue.  Locking a queue does not
 160:Middlewares/Third_Party/FreeRTOS/Source/queue.c ****  * prevent an ISR from adding or removing items to the queue, but does prevent
 161:Middlewares/Third_Party/FreeRTOS/Source/queue.c ****  * an ISR from removing tasks from the queue event lists.  If an ISR finds a
 162:Middlewares/Third_Party/FreeRTOS/Source/queue.c ****  * queue is locked it will instead increment the appropriate queue lock count
 163:Middlewares/Third_Party/FreeRTOS/Source/queue.c ****  * to indicate that a task may require unblocking.  When the queue in unlocked
 164:Middlewares/Third_Party/FreeRTOS/Source/queue.c ****  * these lock counts are inspected, and the appropriate action taken.
 165:Middlewares/Third_Party/FreeRTOS/Source/queue.c ****  */
 166:Middlewares/Third_Party/FreeRTOS/Source/queue.c **** static void prvUnlockQueue( Queue_t * const pxQueue ) PRIVILEGED_FUNCTION;
 167:Middlewares/Third_Party/FreeRTOS/Source/queue.c **** 
 168:Middlewares/Third_Party/FreeRTOS/Source/queue.c **** /*
 169:Middlewares/Third_Party/FreeRTOS/Source/queue.c ****  * Uses a critical section to determine if there is any data in a queue.
 170:Middlewares/Third_Party/FreeRTOS/Source/queue.c ****  *
 171:Middlewares/Third_Party/FreeRTOS/Source/queue.c ****  * @return pdTRUE if the queue contains no items, otherwise pdFALSE.
 172:Middlewares/Third_Party/FreeRTOS/Source/queue.c ****  */
 173:Middlewares/Third_Party/FreeRTOS/Source/queue.c **** static BaseType_t prvIsQueueEmpty( const Queue_t *pxQueue ) PRIVILEGED_FUNCTION;
 174:Middlewares/Third_Party/FreeRTOS/Source/queue.c **** 
 175:Middlewares/Third_Party/FreeRTOS/Source/queue.c **** /*
 176:Middlewares/Third_Party/FreeRTOS/Source/queue.c ****  * Uses a critical section to determine if there is any space in a queue.
 177:Middlewares/Third_Party/FreeRTOS/Source/queue.c ****  *
 178:Middlewares/Third_Party/FreeRTOS/Source/queue.c ****  * @return pdTRUE if there is no space, otherwise pdFALSE;
 179:Middlewares/Third_Party/FreeRTOS/Source/queue.c ****  */
 180:Middlewares/Third_Party/FreeRTOS/Source/queue.c **** static BaseType_t prvIsQueueFull( const Queue_t *pxQueue ) PRIVILEGED_FUNCTION;
 181:Middlewares/Third_Party/FreeRTOS/Source/queue.c **** 
 182:Middlewares/Third_Party/FreeRTOS/Source/queue.c **** /*
 183:Middlewares/Third_Party/FreeRTOS/Source/queue.c ****  * Copies an item into the queue, either at the front of the queue or the
 184:Middlewares/Third_Party/FreeRTOS/Source/queue.c ****  * back of the queue.
 185:Middlewares/Third_Party/FreeRTOS/Source/queue.c ****  */
 186:Middlewares/Third_Party/FreeRTOS/Source/queue.c **** static BaseType_t prvCopyDataToQueue( Queue_t * const pxQueue, const void *pvItemToQueue, const Bas
 187:Middlewares/Third_Party/FreeRTOS/Source/queue.c **** 
 188:Middlewares/Third_Party/FreeRTOS/Source/queue.c **** /*
 189:Middlewares/Third_Party/FreeRTOS/Source/queue.c ****  * Copies an item out of a queue.
 190:Middlewares/Third_Party/FreeRTOS/Source/queue.c ****  */
 191:Middlewares/Third_Party/FreeRTOS/Source/queue.c **** static void prvCopyDataFromQueue( Queue_t * const pxQueue, void * const pvBuffer ) PRIVILEGED_FUNCT
 192:Middlewares/Third_Party/FreeRTOS/Source/queue.c **** 
 193:Middlewares/Third_Party/FreeRTOS/Source/queue.c **** #if ( configUSE_QUEUE_SETS == 1 )
 194:Middlewares/Third_Party/FreeRTOS/Source/queue.c **** 	/*
 195:Middlewares/Third_Party/FreeRTOS/Source/queue.c **** 	 * Checks to see if a queue is a member of a queue set, and if so, notifies
 196:Middlewares/Third_Party/FreeRTOS/Source/queue.c **** 	 * the queue set that the queue contains data.
 197:Middlewares/Third_Party/FreeRTOS/Source/queue.c **** 	 */
 198:Middlewares/Third_Party/FreeRTOS/Source/queue.c **** 	static BaseType_t prvNotifyQueueSetContainer( const Queue_t * const pxQueue, const BaseType_t xCop
 199:Middlewares/Third_Party/FreeRTOS/Source/queue.c **** #endif
 200:Middlewares/Third_Party/FreeRTOS/Source/queue.c **** 
 201:Middlewares/Third_Party/FreeRTOS/Source/queue.c **** /*
ARM GAS  C:\Users\31005\AppData\Local\Temp\ccp6mIRg.s 			page 5


 202:Middlewares/Third_Party/FreeRTOS/Source/queue.c ****  * Called after a Queue_t structure has been allocated either statically or
 203:Middlewares/Third_Party/FreeRTOS/Source/queue.c ****  * dynamically to fill in the structure's members.
 204:Middlewares/Third_Party/FreeRTOS/Source/queue.c ****  */
 205:Middlewares/Third_Party/FreeRTOS/Source/queue.c **** static void prvInitialiseNewQueue( const UBaseType_t uxQueueLength, const UBaseType_t uxItemSize, u
 206:Middlewares/Third_Party/FreeRTOS/Source/queue.c **** 
 207:Middlewares/Third_Party/FreeRTOS/Source/queue.c **** /*
 208:Middlewares/Third_Party/FreeRTOS/Source/queue.c ****  * Mutexes are a special type of queue.  When a mutex is created, first the
 209:Middlewares/Third_Party/FreeRTOS/Source/queue.c ****  * queue is created, then prvInitialiseMutex() is called to configure the queue
 210:Middlewares/Third_Party/FreeRTOS/Source/queue.c ****  * as a mutex.
 211:Middlewares/Third_Party/FreeRTOS/Source/queue.c ****  */
 212:Middlewares/Third_Party/FreeRTOS/Source/queue.c **** #if( configUSE_MUTEXES == 1 )
 213:Middlewares/Third_Party/FreeRTOS/Source/queue.c **** 	static void prvInitialiseMutex( Queue_t *pxNewQueue ) PRIVILEGED_FUNCTION;
 214:Middlewares/Third_Party/FreeRTOS/Source/queue.c **** #endif
 215:Middlewares/Third_Party/FreeRTOS/Source/queue.c **** 
 216:Middlewares/Third_Party/FreeRTOS/Source/queue.c **** #if( configUSE_MUTEXES == 1 )
 217:Middlewares/Third_Party/FreeRTOS/Source/queue.c **** 	/*
 218:Middlewares/Third_Party/FreeRTOS/Source/queue.c **** 	 * If a task waiting for a mutex causes the mutex holder to inherit a
 219:Middlewares/Third_Party/FreeRTOS/Source/queue.c **** 	 * priority, but the waiting task times out, then the holder should
 220:Middlewares/Third_Party/FreeRTOS/Source/queue.c **** 	 * disinherit the priority - but only down to the highest priority of any
 221:Middlewares/Third_Party/FreeRTOS/Source/queue.c **** 	 * other tasks that are waiting for the same mutex.  This function returns
 222:Middlewares/Third_Party/FreeRTOS/Source/queue.c **** 	 * that priority.
 223:Middlewares/Third_Party/FreeRTOS/Source/queue.c **** 	 */
 224:Middlewares/Third_Party/FreeRTOS/Source/queue.c **** 	static UBaseType_t prvGetDisinheritPriorityAfterTimeout( const Queue_t * const pxQueue ) PRIVILEGE
 225:Middlewares/Third_Party/FreeRTOS/Source/queue.c **** #endif
 226:Middlewares/Third_Party/FreeRTOS/Source/queue.c **** /*-----------------------------------------------------------*/
 227:Middlewares/Third_Party/FreeRTOS/Source/queue.c **** 
 228:Middlewares/Third_Party/FreeRTOS/Source/queue.c **** /*
 229:Middlewares/Third_Party/FreeRTOS/Source/queue.c ****  * Macro to mark a queue as locked.  Locking a queue prevents an ISR from
 230:Middlewares/Third_Party/FreeRTOS/Source/queue.c ****  * accessing the queue event lists.
 231:Middlewares/Third_Party/FreeRTOS/Source/queue.c ****  */
 232:Middlewares/Third_Party/FreeRTOS/Source/queue.c **** #define prvLockQueue( pxQueue )								\
 233:Middlewares/Third_Party/FreeRTOS/Source/queue.c **** 	taskENTER_CRITICAL();									\
 234:Middlewares/Third_Party/FreeRTOS/Source/queue.c **** 	{														\
 235:Middlewares/Third_Party/FreeRTOS/Source/queue.c **** 		if( ( pxQueue )->cRxLock == queueUNLOCKED )			\
 236:Middlewares/Third_Party/FreeRTOS/Source/queue.c **** 		{													\
 237:Middlewares/Third_Party/FreeRTOS/Source/queue.c **** 			( pxQueue )->cRxLock = queueLOCKED_UNMODIFIED;	\
 238:Middlewares/Third_Party/FreeRTOS/Source/queue.c **** 		}													\
 239:Middlewares/Third_Party/FreeRTOS/Source/queue.c **** 		if( ( pxQueue )->cTxLock == queueUNLOCKED )			\
 240:Middlewares/Third_Party/FreeRTOS/Source/queue.c **** 		{													\
 241:Middlewares/Third_Party/FreeRTOS/Source/queue.c **** 			( pxQueue )->cTxLock = queueLOCKED_UNMODIFIED;	\
 242:Middlewares/Third_Party/FreeRTOS/Source/queue.c **** 		}													\
 243:Middlewares/Third_Party/FreeRTOS/Source/queue.c **** 	}														\
 244:Middlewares/Third_Party/FreeRTOS/Source/queue.c **** 	taskEXIT_CRITICAL()
 245:Middlewares/Third_Party/FreeRTOS/Source/queue.c **** /*-----------------------------------------------------------*/
 246:Middlewares/Third_Party/FreeRTOS/Source/queue.c **** 
 247:Middlewares/Third_Party/FreeRTOS/Source/queue.c **** BaseType_t xQueueGenericReset( QueueHandle_t xQueue, BaseType_t xNewQueue )
 248:Middlewares/Third_Party/FreeRTOS/Source/queue.c **** {
 249:Middlewares/Third_Party/FreeRTOS/Source/queue.c **** Queue_t * const pxQueue = ( Queue_t * ) xQueue;
 250:Middlewares/Third_Party/FreeRTOS/Source/queue.c **** 
 251:Middlewares/Third_Party/FreeRTOS/Source/queue.c **** 	configASSERT( pxQueue );
 252:Middlewares/Third_Party/FreeRTOS/Source/queue.c **** 
 253:Middlewares/Third_Party/FreeRTOS/Source/queue.c **** 	taskENTER_CRITICAL();
 254:Middlewares/Third_Party/FreeRTOS/Source/queue.c **** 	{
 255:Middlewares/Third_Party/FreeRTOS/Source/queue.c **** 		pxQueue->pcTail = pxQueue->pcHead + ( pxQueue->uxLength * pxQueue->uxItemSize );
 256:Middlewares/Third_Party/FreeRTOS/Source/queue.c **** 		pxQueue->uxMessagesWaiting = ( UBaseType_t ) 0U;
 257:Middlewares/Third_Party/FreeRTOS/Source/queue.c **** 		pxQueue->pcWriteTo = pxQueue->pcHead;
 258:Middlewares/Third_Party/FreeRTOS/Source/queue.c **** 		pxQueue->u.pcReadFrom = pxQueue->pcHead + ( ( pxQueue->uxLength - ( UBaseType_t ) 1U ) * pxQueue-
ARM GAS  C:\Users\31005\AppData\Local\Temp\ccp6mIRg.s 			page 6


 259:Middlewares/Third_Party/FreeRTOS/Source/queue.c **** 		pxQueue->cRxLock = queueUNLOCKED;
 260:Middlewares/Third_Party/FreeRTOS/Source/queue.c **** 		pxQueue->cTxLock = queueUNLOCKED;
 261:Middlewares/Third_Party/FreeRTOS/Source/queue.c **** 
 262:Middlewares/Third_Party/FreeRTOS/Source/queue.c **** 		if( xNewQueue == pdFALSE )
 263:Middlewares/Third_Party/FreeRTOS/Source/queue.c **** 		{
 264:Middlewares/Third_Party/FreeRTOS/Source/queue.c **** 			/* If there are tasks blocked waiting to read from the queue, then
 265:Middlewares/Third_Party/FreeRTOS/Source/queue.c **** 			the tasks will remain blocked as after this function exits the queue
 266:Middlewares/Third_Party/FreeRTOS/Source/queue.c **** 			will still be empty.  If there are tasks blocked waiting to write to
 267:Middlewares/Third_Party/FreeRTOS/Source/queue.c **** 			the queue, then one should be unblocked as after this function exits
 268:Middlewares/Third_Party/FreeRTOS/Source/queue.c **** 			it will be possible to write to it. */
 269:Middlewares/Third_Party/FreeRTOS/Source/queue.c **** 			if( listLIST_IS_EMPTY( &( pxQueue->xTasksWaitingToSend ) ) == pdFALSE )
 270:Middlewares/Third_Party/FreeRTOS/Source/queue.c **** 			{
 271:Middlewares/Third_Party/FreeRTOS/Source/queue.c **** 				if( xTaskRemoveFromEventList( &( pxQueue->xTasksWaitingToSend ) ) != pdFALSE )
 272:Middlewares/Third_Party/FreeRTOS/Source/queue.c **** 				{
 273:Middlewares/Third_Party/FreeRTOS/Source/queue.c **** 					queueYIELD_IF_USING_PREEMPTION();
 274:Middlewares/Third_Party/FreeRTOS/Source/queue.c **** 				}
 275:Middlewares/Third_Party/FreeRTOS/Source/queue.c **** 				else
 276:Middlewares/Third_Party/FreeRTOS/Source/queue.c **** 				{
 277:Middlewares/Third_Party/FreeRTOS/Source/queue.c **** 					mtCOVERAGE_TEST_MARKER();
 278:Middlewares/Third_Party/FreeRTOS/Source/queue.c **** 				}
 279:Middlewares/Third_Party/FreeRTOS/Source/queue.c **** 			}
 280:Middlewares/Third_Party/FreeRTOS/Source/queue.c **** 			else
 281:Middlewares/Third_Party/FreeRTOS/Source/queue.c **** 			{
 282:Middlewares/Third_Party/FreeRTOS/Source/queue.c **** 				mtCOVERAGE_TEST_MARKER();
 283:Middlewares/Third_Party/FreeRTOS/Source/queue.c **** 			}
 284:Middlewares/Third_Party/FreeRTOS/Source/queue.c **** 		}
 285:Middlewares/Third_Party/FreeRTOS/Source/queue.c **** 		else
 286:Middlewares/Third_Party/FreeRTOS/Source/queue.c **** 		{
 287:Middlewares/Third_Party/FreeRTOS/Source/queue.c **** 			/* Ensure the event queues start in the correct state. */
 288:Middlewares/Third_Party/FreeRTOS/Source/queue.c **** 			vListInitialise( &( pxQueue->xTasksWaitingToSend ) );
 289:Middlewares/Third_Party/FreeRTOS/Source/queue.c **** 			vListInitialise( &( pxQueue->xTasksWaitingToReceive ) );
 290:Middlewares/Third_Party/FreeRTOS/Source/queue.c **** 		}
 291:Middlewares/Third_Party/FreeRTOS/Source/queue.c **** 	}
 292:Middlewares/Third_Party/FreeRTOS/Source/queue.c **** 	taskEXIT_CRITICAL();
 293:Middlewares/Third_Party/FreeRTOS/Source/queue.c **** 
 294:Middlewares/Third_Party/FreeRTOS/Source/queue.c **** 	/* A value is returned for calling semantic consistency with previous
 295:Middlewares/Third_Party/FreeRTOS/Source/queue.c **** 	versions. */
 296:Middlewares/Third_Party/FreeRTOS/Source/queue.c **** 	return pdPASS;
 297:Middlewares/Third_Party/FreeRTOS/Source/queue.c **** }
 298:Middlewares/Third_Party/FreeRTOS/Source/queue.c **** /*-----------------------------------------------------------*/
 299:Middlewares/Third_Party/FreeRTOS/Source/queue.c **** 
 300:Middlewares/Third_Party/FreeRTOS/Source/queue.c **** #if( configSUPPORT_STATIC_ALLOCATION == 1 )
 301:Middlewares/Third_Party/FreeRTOS/Source/queue.c **** 
 302:Middlewares/Third_Party/FreeRTOS/Source/queue.c **** 	QueueHandle_t xQueueGenericCreateStatic( const UBaseType_t uxQueueLength, const UBaseType_t uxItem
 303:Middlewares/Third_Party/FreeRTOS/Source/queue.c **** 	{
 304:Middlewares/Third_Party/FreeRTOS/Source/queue.c **** 	Queue_t *pxNewQueue;
 305:Middlewares/Third_Party/FreeRTOS/Source/queue.c **** 
 306:Middlewares/Third_Party/FreeRTOS/Source/queue.c **** 		configASSERT( uxQueueLength > ( UBaseType_t ) 0 );
 307:Middlewares/Third_Party/FreeRTOS/Source/queue.c **** 
 308:Middlewares/Third_Party/FreeRTOS/Source/queue.c **** 		/* The StaticQueue_t structure and the queue storage area must be
 309:Middlewares/Third_Party/FreeRTOS/Source/queue.c **** 		supplied. */
 310:Middlewares/Third_Party/FreeRTOS/Source/queue.c **** 		configASSERT( pxStaticQueue != NULL );
 311:Middlewares/Third_Party/FreeRTOS/Source/queue.c **** 
 312:Middlewares/Third_Party/FreeRTOS/Source/queue.c **** 		/* A queue storage area should be provided if the item size is not 0, and
 313:Middlewares/Third_Party/FreeRTOS/Source/queue.c **** 		should not be provided if the item size is 0. */
 314:Middlewares/Third_Party/FreeRTOS/Source/queue.c **** 		configASSERT( !( ( pucQueueStorage != NULL ) && ( uxItemSize == 0 ) ) );
 315:Middlewares/Third_Party/FreeRTOS/Source/queue.c **** 		configASSERT( !( ( pucQueueStorage == NULL ) && ( uxItemSize != 0 ) ) );
ARM GAS  C:\Users\31005\AppData\Local\Temp\ccp6mIRg.s 			page 7


 316:Middlewares/Third_Party/FreeRTOS/Source/queue.c **** 
 317:Middlewares/Third_Party/FreeRTOS/Source/queue.c **** 		#if( configASSERT_DEFINED == 1 )
 318:Middlewares/Third_Party/FreeRTOS/Source/queue.c **** 		{
 319:Middlewares/Third_Party/FreeRTOS/Source/queue.c **** 			/* Sanity check that the size of the structure used to declare a
 320:Middlewares/Third_Party/FreeRTOS/Source/queue.c **** 			variable of type StaticQueue_t or StaticSemaphore_t equals the size of
 321:Middlewares/Third_Party/FreeRTOS/Source/queue.c **** 			the real queue and semaphore structures. */
 322:Middlewares/Third_Party/FreeRTOS/Source/queue.c **** 			volatile size_t xSize = sizeof( StaticQueue_t );
 323:Middlewares/Third_Party/FreeRTOS/Source/queue.c **** 			configASSERT( xSize == sizeof( Queue_t ) );
 324:Middlewares/Third_Party/FreeRTOS/Source/queue.c **** 		}
 325:Middlewares/Third_Party/FreeRTOS/Source/queue.c **** 		#endif /* configASSERT_DEFINED */
 326:Middlewares/Third_Party/FreeRTOS/Source/queue.c **** 
 327:Middlewares/Third_Party/FreeRTOS/Source/queue.c **** 		/* The address of a statically allocated queue was passed in, use it.
 328:Middlewares/Third_Party/FreeRTOS/Source/queue.c **** 		The address of a statically allocated storage area was also passed in
 329:Middlewares/Third_Party/FreeRTOS/Source/queue.c **** 		but is already set. */
 330:Middlewares/Third_Party/FreeRTOS/Source/queue.c **** 		pxNewQueue = ( Queue_t * ) pxStaticQueue; /*lint !e740 Unusual cast is ok as the structures are d
 331:Middlewares/Third_Party/FreeRTOS/Source/queue.c **** 
 332:Middlewares/Third_Party/FreeRTOS/Source/queue.c **** 		if( pxNewQueue != NULL )
 333:Middlewares/Third_Party/FreeRTOS/Source/queue.c **** 		{
 334:Middlewares/Third_Party/FreeRTOS/Source/queue.c **** 			#if( configSUPPORT_DYNAMIC_ALLOCATION == 1 )
 335:Middlewares/Third_Party/FreeRTOS/Source/queue.c **** 			{
 336:Middlewares/Third_Party/FreeRTOS/Source/queue.c **** 				/* Queues can be allocated wither statically or dynamically, so
 337:Middlewares/Third_Party/FreeRTOS/Source/queue.c **** 				note this queue was allocated statically in case the queue is
 338:Middlewares/Third_Party/FreeRTOS/Source/queue.c **** 				later deleted. */
 339:Middlewares/Third_Party/FreeRTOS/Source/queue.c **** 				pxNewQueue->ucStaticallyAllocated = pdTRUE;
 340:Middlewares/Third_Party/FreeRTOS/Source/queue.c **** 			}
 341:Middlewares/Third_Party/FreeRTOS/Source/queue.c **** 			#endif /* configSUPPORT_DYNAMIC_ALLOCATION */
 342:Middlewares/Third_Party/FreeRTOS/Source/queue.c **** 
 343:Middlewares/Third_Party/FreeRTOS/Source/queue.c **** 			prvInitialiseNewQueue( uxQueueLength, uxItemSize, pucQueueStorage, ucQueueType, pxNewQueue );
 344:Middlewares/Third_Party/FreeRTOS/Source/queue.c **** 		}
 345:Middlewares/Third_Party/FreeRTOS/Source/queue.c **** 		else
 346:Middlewares/Third_Party/FreeRTOS/Source/queue.c **** 		{
 347:Middlewares/Third_Party/FreeRTOS/Source/queue.c **** 			traceQUEUE_CREATE_FAILED( ucQueueType );
 348:Middlewares/Third_Party/FreeRTOS/Source/queue.c **** 		}
 349:Middlewares/Third_Party/FreeRTOS/Source/queue.c **** 
 350:Middlewares/Third_Party/FreeRTOS/Source/queue.c **** 		return pxNewQueue;
 351:Middlewares/Third_Party/FreeRTOS/Source/queue.c **** 	}
 352:Middlewares/Third_Party/FreeRTOS/Source/queue.c **** 
 353:Middlewares/Third_Party/FreeRTOS/Source/queue.c **** #endif /* configSUPPORT_STATIC_ALLOCATION */
 354:Middlewares/Third_Party/FreeRTOS/Source/queue.c **** /*-----------------------------------------------------------*/
 355:Middlewares/Third_Party/FreeRTOS/Source/queue.c **** 
 356:Middlewares/Third_Party/FreeRTOS/Source/queue.c **** #if( configSUPPORT_DYNAMIC_ALLOCATION == 1 )
 357:Middlewares/Third_Party/FreeRTOS/Source/queue.c **** 
 358:Middlewares/Third_Party/FreeRTOS/Source/queue.c **** 	QueueHandle_t xQueueGenericCreate( const UBaseType_t uxQueueLength, const UBaseType_t uxItemSize, 
 359:Middlewares/Third_Party/FreeRTOS/Source/queue.c **** 	{
 360:Middlewares/Third_Party/FreeRTOS/Source/queue.c **** 	Queue_t *pxNewQueue;
 361:Middlewares/Third_Party/FreeRTOS/Source/queue.c **** 	size_t xQueueSizeInBytes;
 362:Middlewares/Third_Party/FreeRTOS/Source/queue.c **** 	uint8_t *pucQueueStorage;
 363:Middlewares/Third_Party/FreeRTOS/Source/queue.c **** 
 364:Middlewares/Third_Party/FreeRTOS/Source/queue.c **** 		configASSERT( uxQueueLength > ( UBaseType_t ) 0 );
 365:Middlewares/Third_Party/FreeRTOS/Source/queue.c **** 
 366:Middlewares/Third_Party/FreeRTOS/Source/queue.c **** 		if( uxItemSize == ( UBaseType_t ) 0 )
 367:Middlewares/Third_Party/FreeRTOS/Source/queue.c **** 		{
 368:Middlewares/Third_Party/FreeRTOS/Source/queue.c **** 			/* There is not going to be a queue storage area. */
 369:Middlewares/Third_Party/FreeRTOS/Source/queue.c **** 			xQueueSizeInBytes = ( size_t ) 0;
 370:Middlewares/Third_Party/FreeRTOS/Source/queue.c **** 		}
 371:Middlewares/Third_Party/FreeRTOS/Source/queue.c **** 		else
 372:Middlewares/Third_Party/FreeRTOS/Source/queue.c **** 		{
ARM GAS  C:\Users\31005\AppData\Local\Temp\ccp6mIRg.s 			page 8


 373:Middlewares/Third_Party/FreeRTOS/Source/queue.c **** 			/* Allocate enough space to hold the maximum number of items that
 374:Middlewares/Third_Party/FreeRTOS/Source/queue.c **** 			can be in the queue at any time. */
 375:Middlewares/Third_Party/FreeRTOS/Source/queue.c **** 			xQueueSizeInBytes = ( size_t ) ( uxQueueLength * uxItemSize ); /*lint !e961 MISRA exception as t
 376:Middlewares/Third_Party/FreeRTOS/Source/queue.c **** 		}
 377:Middlewares/Third_Party/FreeRTOS/Source/queue.c **** 
 378:Middlewares/Third_Party/FreeRTOS/Source/queue.c **** 		pxNewQueue = ( Queue_t * ) pvPortMalloc( sizeof( Queue_t ) + xQueueSizeInBytes );
 379:Middlewares/Third_Party/FreeRTOS/Source/queue.c **** 
 380:Middlewares/Third_Party/FreeRTOS/Source/queue.c **** 		if( pxNewQueue != NULL )
 381:Middlewares/Third_Party/FreeRTOS/Source/queue.c **** 		{
 382:Middlewares/Third_Party/FreeRTOS/Source/queue.c **** 			/* Jump past the queue structure to find the location of the queue
 383:Middlewares/Third_Party/FreeRTOS/Source/queue.c **** 			storage area. */
 384:Middlewares/Third_Party/FreeRTOS/Source/queue.c **** 			pucQueueStorage = ( ( uint8_t * ) pxNewQueue ) + sizeof( Queue_t );
 385:Middlewares/Third_Party/FreeRTOS/Source/queue.c **** 
 386:Middlewares/Third_Party/FreeRTOS/Source/queue.c **** 			#if( configSUPPORT_STATIC_ALLOCATION == 1 )
 387:Middlewares/Third_Party/FreeRTOS/Source/queue.c **** 			{
 388:Middlewares/Third_Party/FreeRTOS/Source/queue.c **** 				/* Queues can be created either statically or dynamically, so
 389:Middlewares/Third_Party/FreeRTOS/Source/queue.c **** 				note this task was created dynamically in case it is later
 390:Middlewares/Third_Party/FreeRTOS/Source/queue.c **** 				deleted. */
 391:Middlewares/Third_Party/FreeRTOS/Source/queue.c **** 				pxNewQueue->ucStaticallyAllocated = pdFALSE;
 392:Middlewares/Third_Party/FreeRTOS/Source/queue.c **** 			}
 393:Middlewares/Third_Party/FreeRTOS/Source/queue.c **** 			#endif /* configSUPPORT_STATIC_ALLOCATION */
 394:Middlewares/Third_Party/FreeRTOS/Source/queue.c **** 
 395:Middlewares/Third_Party/FreeRTOS/Source/queue.c **** 			prvInitialiseNewQueue( uxQueueLength, uxItemSize, pucQueueStorage, ucQueueType, pxNewQueue );
 396:Middlewares/Third_Party/FreeRTOS/Source/queue.c **** 		}
 397:Middlewares/Third_Party/FreeRTOS/Source/queue.c **** 		else
 398:Middlewares/Third_Party/FreeRTOS/Source/queue.c **** 		{
 399:Middlewares/Third_Party/FreeRTOS/Source/queue.c **** 			traceQUEUE_CREATE_FAILED( ucQueueType );
 400:Middlewares/Third_Party/FreeRTOS/Source/queue.c **** 		}
 401:Middlewares/Third_Party/FreeRTOS/Source/queue.c **** 
 402:Middlewares/Third_Party/FreeRTOS/Source/queue.c **** 		return pxNewQueue;
 403:Middlewares/Third_Party/FreeRTOS/Source/queue.c **** 	}
 404:Middlewares/Third_Party/FreeRTOS/Source/queue.c **** 
 405:Middlewares/Third_Party/FreeRTOS/Source/queue.c **** #endif /* configSUPPORT_STATIC_ALLOCATION */
 406:Middlewares/Third_Party/FreeRTOS/Source/queue.c **** /*-----------------------------------------------------------*/
 407:Middlewares/Third_Party/FreeRTOS/Source/queue.c **** 
 408:Middlewares/Third_Party/FreeRTOS/Source/queue.c **** static void prvInitialiseNewQueue( const UBaseType_t uxQueueLength, const UBaseType_t uxItemSize, u
 409:Middlewares/Third_Party/FreeRTOS/Source/queue.c **** {
 410:Middlewares/Third_Party/FreeRTOS/Source/queue.c **** 	/* Remove compiler warnings about unused parameters should
 411:Middlewares/Third_Party/FreeRTOS/Source/queue.c **** 	configUSE_TRACE_FACILITY not be set to 1. */
 412:Middlewares/Third_Party/FreeRTOS/Source/queue.c **** 	( void ) ucQueueType;
 413:Middlewares/Third_Party/FreeRTOS/Source/queue.c **** 
 414:Middlewares/Third_Party/FreeRTOS/Source/queue.c **** 	if( uxItemSize == ( UBaseType_t ) 0 )
 415:Middlewares/Third_Party/FreeRTOS/Source/queue.c **** 	{
 416:Middlewares/Third_Party/FreeRTOS/Source/queue.c **** 		/* No RAM was allocated for the queue storage area, but PC head cannot
 417:Middlewares/Third_Party/FreeRTOS/Source/queue.c **** 		be set to NULL because NULL is used as a key to say the queue is used as
 418:Middlewares/Third_Party/FreeRTOS/Source/queue.c **** 		a mutex.  Therefore just set pcHead to point to the queue as a benign
 419:Middlewares/Third_Party/FreeRTOS/Source/queue.c **** 		value that is known to be within the memory map. */
 420:Middlewares/Third_Party/FreeRTOS/Source/queue.c **** 		pxNewQueue->pcHead = ( int8_t * ) pxNewQueue;
 421:Middlewares/Third_Party/FreeRTOS/Source/queue.c **** 	}
 422:Middlewares/Third_Party/FreeRTOS/Source/queue.c **** 	else
 423:Middlewares/Third_Party/FreeRTOS/Source/queue.c **** 	{
 424:Middlewares/Third_Party/FreeRTOS/Source/queue.c **** 		/* Set the head to the start of the queue storage area. */
 425:Middlewares/Third_Party/FreeRTOS/Source/queue.c **** 		pxNewQueue->pcHead = ( int8_t * ) pucQueueStorage;
 426:Middlewares/Third_Party/FreeRTOS/Source/queue.c **** 	}
 427:Middlewares/Third_Party/FreeRTOS/Source/queue.c **** 
 428:Middlewares/Third_Party/FreeRTOS/Source/queue.c **** 	/* Initialise the queue members as described where the queue type is
 429:Middlewares/Third_Party/FreeRTOS/Source/queue.c **** 	defined. */
ARM GAS  C:\Users\31005\AppData\Local\Temp\ccp6mIRg.s 			page 9


 430:Middlewares/Third_Party/FreeRTOS/Source/queue.c **** 	pxNewQueue->uxLength = uxQueueLength;
 431:Middlewares/Third_Party/FreeRTOS/Source/queue.c **** 	pxNewQueue->uxItemSize = uxItemSize;
 432:Middlewares/Third_Party/FreeRTOS/Source/queue.c **** 	( void ) xQueueGenericReset( pxNewQueue, pdTRUE );
 433:Middlewares/Third_Party/FreeRTOS/Source/queue.c **** 
 434:Middlewares/Third_Party/FreeRTOS/Source/queue.c **** 	#if ( configUSE_TRACE_FACILITY == 1 )
 435:Middlewares/Third_Party/FreeRTOS/Source/queue.c **** 	{
 436:Middlewares/Third_Party/FreeRTOS/Source/queue.c **** 		pxNewQueue->ucQueueType = ucQueueType;
 437:Middlewares/Third_Party/FreeRTOS/Source/queue.c **** 	}
 438:Middlewares/Third_Party/FreeRTOS/Source/queue.c **** 	#endif /* configUSE_TRACE_FACILITY */
 439:Middlewares/Third_Party/FreeRTOS/Source/queue.c **** 
 440:Middlewares/Third_Party/FreeRTOS/Source/queue.c **** 	#if( configUSE_QUEUE_SETS == 1 )
 441:Middlewares/Third_Party/FreeRTOS/Source/queue.c **** 	{
 442:Middlewares/Third_Party/FreeRTOS/Source/queue.c **** 		pxNewQueue->pxQueueSetContainer = NULL;
 443:Middlewares/Third_Party/FreeRTOS/Source/queue.c **** 	}
 444:Middlewares/Third_Party/FreeRTOS/Source/queue.c **** 	#endif /* configUSE_QUEUE_SETS */
 445:Middlewares/Third_Party/FreeRTOS/Source/queue.c **** 
 446:Middlewares/Third_Party/FreeRTOS/Source/queue.c **** 	traceQUEUE_CREATE( pxNewQueue );
 447:Middlewares/Third_Party/FreeRTOS/Source/queue.c **** }
 448:Middlewares/Third_Party/FreeRTOS/Source/queue.c **** /*-----------------------------------------------------------*/
 449:Middlewares/Third_Party/FreeRTOS/Source/queue.c **** 
 450:Middlewares/Third_Party/FreeRTOS/Source/queue.c **** #if( configUSE_MUTEXES == 1 )
 451:Middlewares/Third_Party/FreeRTOS/Source/queue.c **** 
 452:Middlewares/Third_Party/FreeRTOS/Source/queue.c **** 	static void prvInitialiseMutex( Queue_t *pxNewQueue )
 453:Middlewares/Third_Party/FreeRTOS/Source/queue.c **** 	{
 454:Middlewares/Third_Party/FreeRTOS/Source/queue.c **** 		if( pxNewQueue != NULL )
 455:Middlewares/Third_Party/FreeRTOS/Source/queue.c **** 		{
 456:Middlewares/Third_Party/FreeRTOS/Source/queue.c **** 			/* The queue create function will set all the queue structure members
 457:Middlewares/Third_Party/FreeRTOS/Source/queue.c **** 			correctly for a generic queue, but this function is creating a
 458:Middlewares/Third_Party/FreeRTOS/Source/queue.c **** 			mutex.  Overwrite those members that need to be set differently -
 459:Middlewares/Third_Party/FreeRTOS/Source/queue.c **** 			in particular the information required for priority inheritance. */
 460:Middlewares/Third_Party/FreeRTOS/Source/queue.c **** 			pxNewQueue->pxMutexHolder = NULL;
 461:Middlewares/Third_Party/FreeRTOS/Source/queue.c **** 			pxNewQueue->uxQueueType = queueQUEUE_IS_MUTEX;
 462:Middlewares/Third_Party/FreeRTOS/Source/queue.c **** 
 463:Middlewares/Third_Party/FreeRTOS/Source/queue.c **** 			/* In case this is a recursive mutex. */
 464:Middlewares/Third_Party/FreeRTOS/Source/queue.c **** 			pxNewQueue->u.uxRecursiveCallCount = 0;
 465:Middlewares/Third_Party/FreeRTOS/Source/queue.c **** 
 466:Middlewares/Third_Party/FreeRTOS/Source/queue.c **** 			traceCREATE_MUTEX( pxNewQueue );
 467:Middlewares/Third_Party/FreeRTOS/Source/queue.c **** 
 468:Middlewares/Third_Party/FreeRTOS/Source/queue.c **** 			/* Start with the semaphore in the expected state. */
 469:Middlewares/Third_Party/FreeRTOS/Source/queue.c **** 			( void ) xQueueGenericSend( pxNewQueue, NULL, ( TickType_t ) 0U, queueSEND_TO_BACK );
 470:Middlewares/Third_Party/FreeRTOS/Source/queue.c **** 		}
 471:Middlewares/Third_Party/FreeRTOS/Source/queue.c **** 		else
 472:Middlewares/Third_Party/FreeRTOS/Source/queue.c **** 		{
 473:Middlewares/Third_Party/FreeRTOS/Source/queue.c **** 			traceCREATE_MUTEX_FAILED();
 474:Middlewares/Third_Party/FreeRTOS/Source/queue.c **** 		}
 475:Middlewares/Third_Party/FreeRTOS/Source/queue.c **** 	}
 476:Middlewares/Third_Party/FreeRTOS/Source/queue.c **** 
 477:Middlewares/Third_Party/FreeRTOS/Source/queue.c **** #endif /* configUSE_MUTEXES */
 478:Middlewares/Third_Party/FreeRTOS/Source/queue.c **** /*-----------------------------------------------------------*/
 479:Middlewares/Third_Party/FreeRTOS/Source/queue.c **** 
 480:Middlewares/Third_Party/FreeRTOS/Source/queue.c **** #if( ( configUSE_MUTEXES == 1 ) && ( configSUPPORT_DYNAMIC_ALLOCATION == 1 ) )
 481:Middlewares/Third_Party/FreeRTOS/Source/queue.c **** 
 482:Middlewares/Third_Party/FreeRTOS/Source/queue.c **** 	QueueHandle_t xQueueCreateMutex( const uint8_t ucQueueType )
 483:Middlewares/Third_Party/FreeRTOS/Source/queue.c **** 	{
 484:Middlewares/Third_Party/FreeRTOS/Source/queue.c **** 	Queue_t *pxNewQueue;
 485:Middlewares/Third_Party/FreeRTOS/Source/queue.c **** 	const UBaseType_t uxMutexLength = ( UBaseType_t ) 1, uxMutexSize = ( UBaseType_t ) 0;
 486:Middlewares/Third_Party/FreeRTOS/Source/queue.c **** 
ARM GAS  C:\Users\31005\AppData\Local\Temp\ccp6mIRg.s 			page 10


 487:Middlewares/Third_Party/FreeRTOS/Source/queue.c **** 		pxNewQueue = ( Queue_t * ) xQueueGenericCreate( uxMutexLength, uxMutexSize, ucQueueType );
 488:Middlewares/Third_Party/FreeRTOS/Source/queue.c **** 		prvInitialiseMutex( pxNewQueue );
 489:Middlewares/Third_Party/FreeRTOS/Source/queue.c **** 
 490:Middlewares/Third_Party/FreeRTOS/Source/queue.c **** 		return pxNewQueue;
 491:Middlewares/Third_Party/FreeRTOS/Source/queue.c **** 	}
 492:Middlewares/Third_Party/FreeRTOS/Source/queue.c **** 
 493:Middlewares/Third_Party/FreeRTOS/Source/queue.c **** #endif /* configUSE_MUTEXES */
 494:Middlewares/Third_Party/FreeRTOS/Source/queue.c **** /*-----------------------------------------------------------*/
 495:Middlewares/Third_Party/FreeRTOS/Source/queue.c **** 
 496:Middlewares/Third_Party/FreeRTOS/Source/queue.c **** #if( ( configUSE_MUTEXES == 1 ) && ( configSUPPORT_STATIC_ALLOCATION == 1 ) )
 497:Middlewares/Third_Party/FreeRTOS/Source/queue.c **** 
 498:Middlewares/Third_Party/FreeRTOS/Source/queue.c **** 	QueueHandle_t xQueueCreateMutexStatic( const uint8_t ucQueueType, StaticQueue_t *pxStaticQueue )
 499:Middlewares/Third_Party/FreeRTOS/Source/queue.c **** 	{
 500:Middlewares/Third_Party/FreeRTOS/Source/queue.c **** 	Queue_t *pxNewQueue;
 501:Middlewares/Third_Party/FreeRTOS/Source/queue.c **** 	const UBaseType_t uxMutexLength = ( UBaseType_t ) 1, uxMutexSize = ( UBaseType_t ) 0;
 502:Middlewares/Third_Party/FreeRTOS/Source/queue.c **** 
 503:Middlewares/Third_Party/FreeRTOS/Source/queue.c **** 		/* Prevent compiler warnings about unused parameters if
 504:Middlewares/Third_Party/FreeRTOS/Source/queue.c **** 		configUSE_TRACE_FACILITY does not equal 1. */
 505:Middlewares/Third_Party/FreeRTOS/Source/queue.c **** 		( void ) ucQueueType;
 506:Middlewares/Third_Party/FreeRTOS/Source/queue.c **** 
 507:Middlewares/Third_Party/FreeRTOS/Source/queue.c **** 		pxNewQueue = ( Queue_t * ) xQueueGenericCreateStatic( uxMutexLength, uxMutexSize, NULL, pxStaticQ
 508:Middlewares/Third_Party/FreeRTOS/Source/queue.c **** 		prvInitialiseMutex( pxNewQueue );
 509:Middlewares/Third_Party/FreeRTOS/Source/queue.c **** 
 510:Middlewares/Third_Party/FreeRTOS/Source/queue.c **** 		return pxNewQueue;
 511:Middlewares/Third_Party/FreeRTOS/Source/queue.c **** 	}
 512:Middlewares/Third_Party/FreeRTOS/Source/queue.c **** 
 513:Middlewares/Third_Party/FreeRTOS/Source/queue.c **** #endif /* configUSE_MUTEXES */
 514:Middlewares/Third_Party/FreeRTOS/Source/queue.c **** /*-----------------------------------------------------------*/
 515:Middlewares/Third_Party/FreeRTOS/Source/queue.c **** 
 516:Middlewares/Third_Party/FreeRTOS/Source/queue.c **** #if ( ( configUSE_MUTEXES == 1 ) && ( INCLUDE_xSemaphoreGetMutexHolder == 1 ) )
 517:Middlewares/Third_Party/FreeRTOS/Source/queue.c **** 
 518:Middlewares/Third_Party/FreeRTOS/Source/queue.c **** 	void* xQueueGetMutexHolder( QueueHandle_t xSemaphore )
 519:Middlewares/Third_Party/FreeRTOS/Source/queue.c **** 	{
 520:Middlewares/Third_Party/FreeRTOS/Source/queue.c **** 	void *pxReturn;
 521:Middlewares/Third_Party/FreeRTOS/Source/queue.c **** 
 522:Middlewares/Third_Party/FreeRTOS/Source/queue.c **** 		/* This function is called by xSemaphoreGetMutexHolder(), and should not
 523:Middlewares/Third_Party/FreeRTOS/Source/queue.c **** 		be called directly.  Note:  This is a good way of determining if the
 524:Middlewares/Third_Party/FreeRTOS/Source/queue.c **** 		calling task is the mutex holder, but not a good way of determining the
 525:Middlewares/Third_Party/FreeRTOS/Source/queue.c **** 		identity of the mutex holder, as the holder may change between the
 526:Middlewares/Third_Party/FreeRTOS/Source/queue.c **** 		following critical section exiting and the function returning. */
 527:Middlewares/Third_Party/FreeRTOS/Source/queue.c **** 		taskENTER_CRITICAL();
 528:Middlewares/Third_Party/FreeRTOS/Source/queue.c **** 		{
 529:Middlewares/Third_Party/FreeRTOS/Source/queue.c **** 			if( ( ( Queue_t * ) xSemaphore )->uxQueueType == queueQUEUE_IS_MUTEX )
 530:Middlewares/Third_Party/FreeRTOS/Source/queue.c **** 			{
 531:Middlewares/Third_Party/FreeRTOS/Source/queue.c **** 				pxReturn = ( void * ) ( ( Queue_t * ) xSemaphore )->pxMutexHolder;
 532:Middlewares/Third_Party/FreeRTOS/Source/queue.c **** 			}
 533:Middlewares/Third_Party/FreeRTOS/Source/queue.c **** 			else
 534:Middlewares/Third_Party/FreeRTOS/Source/queue.c **** 			{
 535:Middlewares/Third_Party/FreeRTOS/Source/queue.c **** 				pxReturn = NULL;
 536:Middlewares/Third_Party/FreeRTOS/Source/queue.c **** 			}
 537:Middlewares/Third_Party/FreeRTOS/Source/queue.c **** 		}
 538:Middlewares/Third_Party/FreeRTOS/Source/queue.c **** 		taskEXIT_CRITICAL();
 539:Middlewares/Third_Party/FreeRTOS/Source/queue.c **** 
 540:Middlewares/Third_Party/FreeRTOS/Source/queue.c **** 		return pxReturn;
 541:Middlewares/Third_Party/FreeRTOS/Source/queue.c **** 	} /*lint !e818 xSemaphore cannot be a pointer to const because it is a typedef. */
 542:Middlewares/Third_Party/FreeRTOS/Source/queue.c **** 
 543:Middlewares/Third_Party/FreeRTOS/Source/queue.c **** #endif
ARM GAS  C:\Users\31005\AppData\Local\Temp\ccp6mIRg.s 			page 11


 544:Middlewares/Third_Party/FreeRTOS/Source/queue.c **** /*-----------------------------------------------------------*/
 545:Middlewares/Third_Party/FreeRTOS/Source/queue.c **** 
 546:Middlewares/Third_Party/FreeRTOS/Source/queue.c **** #if ( ( configUSE_MUTEXES == 1 ) && ( INCLUDE_xSemaphoreGetMutexHolder == 1 ) )
 547:Middlewares/Third_Party/FreeRTOS/Source/queue.c **** 
 548:Middlewares/Third_Party/FreeRTOS/Source/queue.c **** 	void* xQueueGetMutexHolderFromISR( QueueHandle_t xSemaphore )
 549:Middlewares/Third_Party/FreeRTOS/Source/queue.c **** 	{
 550:Middlewares/Third_Party/FreeRTOS/Source/queue.c **** 	void *pxReturn;
 551:Middlewares/Third_Party/FreeRTOS/Source/queue.c **** 
 552:Middlewares/Third_Party/FreeRTOS/Source/queue.c **** 		configASSERT( xSemaphore );
 553:Middlewares/Third_Party/FreeRTOS/Source/queue.c **** 
 554:Middlewares/Third_Party/FreeRTOS/Source/queue.c **** 		/* Mutexes cannot be used in interrupt service routines, so the mutex
 555:Middlewares/Third_Party/FreeRTOS/Source/queue.c **** 		holder should not change in an ISR, and therefore a critical section is
 556:Middlewares/Third_Party/FreeRTOS/Source/queue.c **** 		not required here. */
 557:Middlewares/Third_Party/FreeRTOS/Source/queue.c **** 		if( ( ( Queue_t * ) xSemaphore )->uxQueueType == queueQUEUE_IS_MUTEX )
 558:Middlewares/Third_Party/FreeRTOS/Source/queue.c **** 		{
 559:Middlewares/Third_Party/FreeRTOS/Source/queue.c **** 			pxReturn = ( void * ) ( ( Queue_t * ) xSemaphore )->pxMutexHolder;
 560:Middlewares/Third_Party/FreeRTOS/Source/queue.c **** 		}
 561:Middlewares/Third_Party/FreeRTOS/Source/queue.c **** 		else
 562:Middlewares/Third_Party/FreeRTOS/Source/queue.c **** 		{
 563:Middlewares/Third_Party/FreeRTOS/Source/queue.c **** 			pxReturn = NULL;
 564:Middlewares/Third_Party/FreeRTOS/Source/queue.c **** 		}
 565:Middlewares/Third_Party/FreeRTOS/Source/queue.c **** 
 566:Middlewares/Third_Party/FreeRTOS/Source/queue.c **** 		return pxReturn;
 567:Middlewares/Third_Party/FreeRTOS/Source/queue.c **** 	} /*lint !e818 xSemaphore cannot be a pointer to const because it is a typedef. */
 568:Middlewares/Third_Party/FreeRTOS/Source/queue.c **** 
 569:Middlewares/Third_Party/FreeRTOS/Source/queue.c **** #endif
 570:Middlewares/Third_Party/FreeRTOS/Source/queue.c **** /*-----------------------------------------------------------*/
 571:Middlewares/Third_Party/FreeRTOS/Source/queue.c **** 
 572:Middlewares/Third_Party/FreeRTOS/Source/queue.c **** #if ( configUSE_RECURSIVE_MUTEXES == 1 )
 573:Middlewares/Third_Party/FreeRTOS/Source/queue.c **** 
 574:Middlewares/Third_Party/FreeRTOS/Source/queue.c **** 	BaseType_t xQueueGiveMutexRecursive( QueueHandle_t xMutex )
 575:Middlewares/Third_Party/FreeRTOS/Source/queue.c **** 	{
 576:Middlewares/Third_Party/FreeRTOS/Source/queue.c **** 	BaseType_t xReturn;
 577:Middlewares/Third_Party/FreeRTOS/Source/queue.c **** 	Queue_t * const pxMutex = ( Queue_t * ) xMutex;
 578:Middlewares/Third_Party/FreeRTOS/Source/queue.c **** 
 579:Middlewares/Third_Party/FreeRTOS/Source/queue.c **** 		configASSERT( pxMutex );
 580:Middlewares/Third_Party/FreeRTOS/Source/queue.c **** 
 581:Middlewares/Third_Party/FreeRTOS/Source/queue.c **** 		/* If this is the task that holds the mutex then pxMutexHolder will not
 582:Middlewares/Third_Party/FreeRTOS/Source/queue.c **** 		change outside of this task.  If this task does not hold the mutex then
 583:Middlewares/Third_Party/FreeRTOS/Source/queue.c **** 		pxMutexHolder can never coincidentally equal the tasks handle, and as
 584:Middlewares/Third_Party/FreeRTOS/Source/queue.c **** 		this is the only condition we are interested in it does not matter if
 585:Middlewares/Third_Party/FreeRTOS/Source/queue.c **** 		pxMutexHolder is accessed simultaneously by another task.  Therefore no
 586:Middlewares/Third_Party/FreeRTOS/Source/queue.c **** 		mutual exclusion is required to test the pxMutexHolder variable. */
 587:Middlewares/Third_Party/FreeRTOS/Source/queue.c **** 		if( pxMutex->pxMutexHolder == ( void * ) xTaskGetCurrentTaskHandle() ) /*lint !e961 Not a redunda
 588:Middlewares/Third_Party/FreeRTOS/Source/queue.c **** 		{
 589:Middlewares/Third_Party/FreeRTOS/Source/queue.c **** 			traceGIVE_MUTEX_RECURSIVE( pxMutex );
 590:Middlewares/Third_Party/FreeRTOS/Source/queue.c **** 
 591:Middlewares/Third_Party/FreeRTOS/Source/queue.c **** 			/* uxRecursiveCallCount cannot be zero if pxMutexHolder is equal to
 592:Middlewares/Third_Party/FreeRTOS/Source/queue.c **** 			the task handle, therefore no underflow check is required.  Also,
 593:Middlewares/Third_Party/FreeRTOS/Source/queue.c **** 			uxRecursiveCallCount is only modified by the mutex holder, and as
 594:Middlewares/Third_Party/FreeRTOS/Source/queue.c **** 			there can only be one, no mutual exclusion is required to modify the
 595:Middlewares/Third_Party/FreeRTOS/Source/queue.c **** 			uxRecursiveCallCount member. */
 596:Middlewares/Third_Party/FreeRTOS/Source/queue.c **** 			( pxMutex->u.uxRecursiveCallCount )--;
 597:Middlewares/Third_Party/FreeRTOS/Source/queue.c **** 
 598:Middlewares/Third_Party/FreeRTOS/Source/queue.c **** 			/* Has the recursive call count unwound to 0? */
 599:Middlewares/Third_Party/FreeRTOS/Source/queue.c **** 			if( pxMutex->u.uxRecursiveCallCount == ( UBaseType_t ) 0 )
 600:Middlewares/Third_Party/FreeRTOS/Source/queue.c **** 			{
ARM GAS  C:\Users\31005\AppData\Local\Temp\ccp6mIRg.s 			page 12


 601:Middlewares/Third_Party/FreeRTOS/Source/queue.c **** 				/* Return the mutex.  This will automatically unblock any other
 602:Middlewares/Third_Party/FreeRTOS/Source/queue.c **** 				task that might be waiting to access the mutex. */
 603:Middlewares/Third_Party/FreeRTOS/Source/queue.c **** 				( void ) xQueueGenericSend( pxMutex, NULL, queueMUTEX_GIVE_BLOCK_TIME, queueSEND_TO_BACK );
 604:Middlewares/Third_Party/FreeRTOS/Source/queue.c **** 			}
 605:Middlewares/Third_Party/FreeRTOS/Source/queue.c **** 			else
 606:Middlewares/Third_Party/FreeRTOS/Source/queue.c **** 			{
 607:Middlewares/Third_Party/FreeRTOS/Source/queue.c **** 				mtCOVERAGE_TEST_MARKER();
 608:Middlewares/Third_Party/FreeRTOS/Source/queue.c **** 			}
 609:Middlewares/Third_Party/FreeRTOS/Source/queue.c **** 
 610:Middlewares/Third_Party/FreeRTOS/Source/queue.c **** 			xReturn = pdPASS;
 611:Middlewares/Third_Party/FreeRTOS/Source/queue.c **** 		}
 612:Middlewares/Third_Party/FreeRTOS/Source/queue.c **** 		else
 613:Middlewares/Third_Party/FreeRTOS/Source/queue.c **** 		{
 614:Middlewares/Third_Party/FreeRTOS/Source/queue.c **** 			/* The mutex cannot be given because the calling task is not the
 615:Middlewares/Third_Party/FreeRTOS/Source/queue.c **** 			holder. */
 616:Middlewares/Third_Party/FreeRTOS/Source/queue.c **** 			xReturn = pdFAIL;
 617:Middlewares/Third_Party/FreeRTOS/Source/queue.c **** 
 618:Middlewares/Third_Party/FreeRTOS/Source/queue.c **** 			traceGIVE_MUTEX_RECURSIVE_FAILED( pxMutex );
 619:Middlewares/Third_Party/FreeRTOS/Source/queue.c **** 		}
 620:Middlewares/Third_Party/FreeRTOS/Source/queue.c **** 
 621:Middlewares/Third_Party/FreeRTOS/Source/queue.c **** 		return xReturn;
 622:Middlewares/Third_Party/FreeRTOS/Source/queue.c **** 	}
 623:Middlewares/Third_Party/FreeRTOS/Source/queue.c **** 
 624:Middlewares/Third_Party/FreeRTOS/Source/queue.c **** #endif /* configUSE_RECURSIVE_MUTEXES */
 625:Middlewares/Third_Party/FreeRTOS/Source/queue.c **** /*-----------------------------------------------------------*/
 626:Middlewares/Third_Party/FreeRTOS/Source/queue.c **** 
 627:Middlewares/Third_Party/FreeRTOS/Source/queue.c **** #if ( configUSE_RECURSIVE_MUTEXES == 1 )
 628:Middlewares/Third_Party/FreeRTOS/Source/queue.c **** 
 629:Middlewares/Third_Party/FreeRTOS/Source/queue.c **** 	BaseType_t xQueueTakeMutexRecursive( QueueHandle_t xMutex, TickType_t xTicksToWait )
 630:Middlewares/Third_Party/FreeRTOS/Source/queue.c **** 	{
 631:Middlewares/Third_Party/FreeRTOS/Source/queue.c **** 	BaseType_t xReturn;
 632:Middlewares/Third_Party/FreeRTOS/Source/queue.c **** 	Queue_t * const pxMutex = ( Queue_t * ) xMutex;
 633:Middlewares/Third_Party/FreeRTOS/Source/queue.c **** 
 634:Middlewares/Third_Party/FreeRTOS/Source/queue.c **** 		configASSERT( pxMutex );
 635:Middlewares/Third_Party/FreeRTOS/Source/queue.c **** 
 636:Middlewares/Third_Party/FreeRTOS/Source/queue.c **** 		/* Comments regarding mutual exclusion as per those within
 637:Middlewares/Third_Party/FreeRTOS/Source/queue.c **** 		xQueueGiveMutexRecursive(). */
 638:Middlewares/Third_Party/FreeRTOS/Source/queue.c **** 
 639:Middlewares/Third_Party/FreeRTOS/Source/queue.c **** 		traceTAKE_MUTEX_RECURSIVE( pxMutex );
 640:Middlewares/Third_Party/FreeRTOS/Source/queue.c **** 
 641:Middlewares/Third_Party/FreeRTOS/Source/queue.c **** 		if( pxMutex->pxMutexHolder == ( void * ) xTaskGetCurrentTaskHandle() ) /*lint !e961 Cast is not r
 642:Middlewares/Third_Party/FreeRTOS/Source/queue.c **** 		{
 643:Middlewares/Third_Party/FreeRTOS/Source/queue.c **** 			( pxMutex->u.uxRecursiveCallCount )++;
 644:Middlewares/Third_Party/FreeRTOS/Source/queue.c **** 			xReturn = pdPASS;
 645:Middlewares/Third_Party/FreeRTOS/Source/queue.c **** 		}
 646:Middlewares/Third_Party/FreeRTOS/Source/queue.c **** 		else
 647:Middlewares/Third_Party/FreeRTOS/Source/queue.c **** 		{
 648:Middlewares/Third_Party/FreeRTOS/Source/queue.c **** 			xReturn = xQueueSemaphoreTake( pxMutex, xTicksToWait );
 649:Middlewares/Third_Party/FreeRTOS/Source/queue.c **** 
 650:Middlewares/Third_Party/FreeRTOS/Source/queue.c **** 			/* pdPASS will only be returned if the mutex was successfully
 651:Middlewares/Third_Party/FreeRTOS/Source/queue.c **** 			obtained.  The calling task may have entered the Blocked state
 652:Middlewares/Third_Party/FreeRTOS/Source/queue.c **** 			before reaching here. */
 653:Middlewares/Third_Party/FreeRTOS/Source/queue.c **** 			if( xReturn != pdFAIL )
 654:Middlewares/Third_Party/FreeRTOS/Source/queue.c **** 			{
 655:Middlewares/Third_Party/FreeRTOS/Source/queue.c **** 				( pxMutex->u.uxRecursiveCallCount )++;
 656:Middlewares/Third_Party/FreeRTOS/Source/queue.c **** 			}
 657:Middlewares/Third_Party/FreeRTOS/Source/queue.c **** 			else
ARM GAS  C:\Users\31005\AppData\Local\Temp\ccp6mIRg.s 			page 13


 658:Middlewares/Third_Party/FreeRTOS/Source/queue.c **** 			{
 659:Middlewares/Third_Party/FreeRTOS/Source/queue.c **** 				traceTAKE_MUTEX_RECURSIVE_FAILED( pxMutex );
 660:Middlewares/Third_Party/FreeRTOS/Source/queue.c **** 			}
 661:Middlewares/Third_Party/FreeRTOS/Source/queue.c **** 		}
 662:Middlewares/Third_Party/FreeRTOS/Source/queue.c **** 
 663:Middlewares/Third_Party/FreeRTOS/Source/queue.c **** 		return xReturn;
 664:Middlewares/Third_Party/FreeRTOS/Source/queue.c **** 	}
 665:Middlewares/Third_Party/FreeRTOS/Source/queue.c **** 
 666:Middlewares/Third_Party/FreeRTOS/Source/queue.c **** #endif /* configUSE_RECURSIVE_MUTEXES */
 667:Middlewares/Third_Party/FreeRTOS/Source/queue.c **** /*-----------------------------------------------------------*/
 668:Middlewares/Third_Party/FreeRTOS/Source/queue.c **** 
 669:Middlewares/Third_Party/FreeRTOS/Source/queue.c **** #if( ( configUSE_COUNTING_SEMAPHORES == 1 ) && ( configSUPPORT_STATIC_ALLOCATION == 1 ) )
 670:Middlewares/Third_Party/FreeRTOS/Source/queue.c **** 
 671:Middlewares/Third_Party/FreeRTOS/Source/queue.c **** 	QueueHandle_t xQueueCreateCountingSemaphoreStatic( const UBaseType_t uxMaxCount, const UBaseType_t
 672:Middlewares/Third_Party/FreeRTOS/Source/queue.c **** 	{
 673:Middlewares/Third_Party/FreeRTOS/Source/queue.c **** 	QueueHandle_t xHandle;
 674:Middlewares/Third_Party/FreeRTOS/Source/queue.c **** 
 675:Middlewares/Third_Party/FreeRTOS/Source/queue.c **** 		configASSERT( uxMaxCount != 0 );
 676:Middlewares/Third_Party/FreeRTOS/Source/queue.c **** 		configASSERT( uxInitialCount <= uxMaxCount );
 677:Middlewares/Third_Party/FreeRTOS/Source/queue.c **** 
 678:Middlewares/Third_Party/FreeRTOS/Source/queue.c **** 		xHandle = xQueueGenericCreateStatic( uxMaxCount, queueSEMAPHORE_QUEUE_ITEM_LENGTH, NULL, pxStatic
 679:Middlewares/Third_Party/FreeRTOS/Source/queue.c **** 
 680:Middlewares/Third_Party/FreeRTOS/Source/queue.c **** 		if( xHandle != NULL )
 681:Middlewares/Third_Party/FreeRTOS/Source/queue.c **** 		{
 682:Middlewares/Third_Party/FreeRTOS/Source/queue.c **** 			( ( Queue_t * ) xHandle )->uxMessagesWaiting = uxInitialCount;
 683:Middlewares/Third_Party/FreeRTOS/Source/queue.c **** 
 684:Middlewares/Third_Party/FreeRTOS/Source/queue.c **** 			traceCREATE_COUNTING_SEMAPHORE();
 685:Middlewares/Third_Party/FreeRTOS/Source/queue.c **** 		}
 686:Middlewares/Third_Party/FreeRTOS/Source/queue.c **** 		else
 687:Middlewares/Third_Party/FreeRTOS/Source/queue.c **** 		{
 688:Middlewares/Third_Party/FreeRTOS/Source/queue.c **** 			traceCREATE_COUNTING_SEMAPHORE_FAILED();
 689:Middlewares/Third_Party/FreeRTOS/Source/queue.c **** 		}
 690:Middlewares/Third_Party/FreeRTOS/Source/queue.c **** 
 691:Middlewares/Third_Party/FreeRTOS/Source/queue.c **** 		return xHandle;
 692:Middlewares/Third_Party/FreeRTOS/Source/queue.c **** 	}
 693:Middlewares/Third_Party/FreeRTOS/Source/queue.c **** 
 694:Middlewares/Third_Party/FreeRTOS/Source/queue.c **** #endif /* ( ( configUSE_COUNTING_SEMAPHORES == 1 ) && ( configSUPPORT_DYNAMIC_ALLOCATION == 1 ) ) *
 695:Middlewares/Third_Party/FreeRTOS/Source/queue.c **** /*-----------------------------------------------------------*/
 696:Middlewares/Third_Party/FreeRTOS/Source/queue.c **** 
 697:Middlewares/Third_Party/FreeRTOS/Source/queue.c **** #if( ( configUSE_COUNTING_SEMAPHORES == 1 ) && ( configSUPPORT_DYNAMIC_ALLOCATION == 1 ) )
 698:Middlewares/Third_Party/FreeRTOS/Source/queue.c **** 
 699:Middlewares/Third_Party/FreeRTOS/Source/queue.c **** 	QueueHandle_t xQueueCreateCountingSemaphore( const UBaseType_t uxMaxCount, const UBaseType_t uxIni
 700:Middlewares/Third_Party/FreeRTOS/Source/queue.c **** 	{
 701:Middlewares/Third_Party/FreeRTOS/Source/queue.c **** 	QueueHandle_t xHandle;
 702:Middlewares/Third_Party/FreeRTOS/Source/queue.c **** 
 703:Middlewares/Third_Party/FreeRTOS/Source/queue.c **** 		configASSERT( uxMaxCount != 0 );
 704:Middlewares/Third_Party/FreeRTOS/Source/queue.c **** 		configASSERT( uxInitialCount <= uxMaxCount );
 705:Middlewares/Third_Party/FreeRTOS/Source/queue.c **** 
 706:Middlewares/Third_Party/FreeRTOS/Source/queue.c **** 		xHandle = xQueueGenericCreate( uxMaxCount, queueSEMAPHORE_QUEUE_ITEM_LENGTH, queueQUEUE_TYPE_COUN
 707:Middlewares/Third_Party/FreeRTOS/Source/queue.c **** 
 708:Middlewares/Third_Party/FreeRTOS/Source/queue.c **** 		if( xHandle != NULL )
 709:Middlewares/Third_Party/FreeRTOS/Source/queue.c **** 		{
 710:Middlewares/Third_Party/FreeRTOS/Source/queue.c **** 			( ( Queue_t * ) xHandle )->uxMessagesWaiting = uxInitialCount;
 711:Middlewares/Third_Party/FreeRTOS/Source/queue.c **** 
 712:Middlewares/Third_Party/FreeRTOS/Source/queue.c **** 			traceCREATE_COUNTING_SEMAPHORE();
 713:Middlewares/Third_Party/FreeRTOS/Source/queue.c **** 		}
 714:Middlewares/Third_Party/FreeRTOS/Source/queue.c **** 		else
ARM GAS  C:\Users\31005\AppData\Local\Temp\ccp6mIRg.s 			page 14


 715:Middlewares/Third_Party/FreeRTOS/Source/queue.c **** 		{
 716:Middlewares/Third_Party/FreeRTOS/Source/queue.c **** 			traceCREATE_COUNTING_SEMAPHORE_FAILED();
 717:Middlewares/Third_Party/FreeRTOS/Source/queue.c **** 		}
 718:Middlewares/Third_Party/FreeRTOS/Source/queue.c **** 
 719:Middlewares/Third_Party/FreeRTOS/Source/queue.c **** 		return xHandle;
 720:Middlewares/Third_Party/FreeRTOS/Source/queue.c **** 	}
 721:Middlewares/Third_Party/FreeRTOS/Source/queue.c **** 
 722:Middlewares/Third_Party/FreeRTOS/Source/queue.c **** #endif /* ( ( configUSE_COUNTING_SEMAPHORES == 1 ) && ( configSUPPORT_DYNAMIC_ALLOCATION == 1 ) ) *
 723:Middlewares/Third_Party/FreeRTOS/Source/queue.c **** /*-----------------------------------------------------------*/
 724:Middlewares/Third_Party/FreeRTOS/Source/queue.c **** 
 725:Middlewares/Third_Party/FreeRTOS/Source/queue.c **** BaseType_t xQueueGenericSend( QueueHandle_t xQueue, const void * const pvItemToQueue, TickType_t xT
 726:Middlewares/Third_Party/FreeRTOS/Source/queue.c **** {
 727:Middlewares/Third_Party/FreeRTOS/Source/queue.c **** BaseType_t xEntryTimeSet = pdFALSE, xYieldRequired;
 728:Middlewares/Third_Party/FreeRTOS/Source/queue.c **** TimeOut_t xTimeOut;
 729:Middlewares/Third_Party/FreeRTOS/Source/queue.c **** Queue_t * const pxQueue = ( Queue_t * ) xQueue;
 730:Middlewares/Third_Party/FreeRTOS/Source/queue.c **** 
 731:Middlewares/Third_Party/FreeRTOS/Source/queue.c **** 	configASSERT( pxQueue );
 732:Middlewares/Third_Party/FreeRTOS/Source/queue.c **** 	configASSERT( !( ( pvItemToQueue == NULL ) && ( pxQueue->uxItemSize != ( UBaseType_t ) 0U ) ) );
 733:Middlewares/Third_Party/FreeRTOS/Source/queue.c **** 	configASSERT( !( ( xCopyPosition == queueOVERWRITE ) && ( pxQueue->uxLength != 1 ) ) );
 734:Middlewares/Third_Party/FreeRTOS/Source/queue.c **** 	#if ( ( INCLUDE_xTaskGetSchedulerState == 1 ) || ( configUSE_TIMERS == 1 ) )
 735:Middlewares/Third_Party/FreeRTOS/Source/queue.c **** 	{
 736:Middlewares/Third_Party/FreeRTOS/Source/queue.c **** 		configASSERT( !( ( xTaskGetSchedulerState() == taskSCHEDULER_SUSPENDED ) && ( xTicksToWait != 0 )
 737:Middlewares/Third_Party/FreeRTOS/Source/queue.c **** 	}
 738:Middlewares/Third_Party/FreeRTOS/Source/queue.c **** 	#endif
 739:Middlewares/Third_Party/FreeRTOS/Source/queue.c **** 
 740:Middlewares/Third_Party/FreeRTOS/Source/queue.c **** 
 741:Middlewares/Third_Party/FreeRTOS/Source/queue.c **** 	/* This function relaxes the coding standard somewhat to allow return
 742:Middlewares/Third_Party/FreeRTOS/Source/queue.c **** 	statements within the function itself.  This is done in the interest
 743:Middlewares/Third_Party/FreeRTOS/Source/queue.c **** 	of execution time efficiency. */
 744:Middlewares/Third_Party/FreeRTOS/Source/queue.c **** 	for( ;; )
 745:Middlewares/Third_Party/FreeRTOS/Source/queue.c **** 	{
 746:Middlewares/Third_Party/FreeRTOS/Source/queue.c **** 		taskENTER_CRITICAL();
 747:Middlewares/Third_Party/FreeRTOS/Source/queue.c **** 		{
 748:Middlewares/Third_Party/FreeRTOS/Source/queue.c **** 			/* Is there room on the queue now?  The running task must be the
 749:Middlewares/Third_Party/FreeRTOS/Source/queue.c **** 			highest priority task wanting to access the queue.  If the head item
 750:Middlewares/Third_Party/FreeRTOS/Source/queue.c **** 			in the queue is to be overwritten then it does not matter if the
 751:Middlewares/Third_Party/FreeRTOS/Source/queue.c **** 			queue is full. */
 752:Middlewares/Third_Party/FreeRTOS/Source/queue.c **** 			if( ( pxQueue->uxMessagesWaiting < pxQueue->uxLength ) || ( xCopyPosition == queueOVERWRITE ) )
 753:Middlewares/Third_Party/FreeRTOS/Source/queue.c **** 			{
 754:Middlewares/Third_Party/FreeRTOS/Source/queue.c **** 				traceQUEUE_SEND( pxQueue );
 755:Middlewares/Third_Party/FreeRTOS/Source/queue.c **** 				xYieldRequired = prvCopyDataToQueue( pxQueue, pvItemToQueue, xCopyPosition );
 756:Middlewares/Third_Party/FreeRTOS/Source/queue.c **** 
 757:Middlewares/Third_Party/FreeRTOS/Source/queue.c **** 				#if ( configUSE_QUEUE_SETS == 1 )
 758:Middlewares/Third_Party/FreeRTOS/Source/queue.c **** 				{
 759:Middlewares/Third_Party/FreeRTOS/Source/queue.c **** 					if( pxQueue->pxQueueSetContainer != NULL )
 760:Middlewares/Third_Party/FreeRTOS/Source/queue.c **** 					{
 761:Middlewares/Third_Party/FreeRTOS/Source/queue.c **** 						if( prvNotifyQueueSetContainer( pxQueue, xCopyPosition ) != pdFALSE )
 762:Middlewares/Third_Party/FreeRTOS/Source/queue.c **** 						{
 763:Middlewares/Third_Party/FreeRTOS/Source/queue.c **** 							/* The queue is a member of a queue set, and posting
 764:Middlewares/Third_Party/FreeRTOS/Source/queue.c **** 							to the queue set caused a higher priority task to
 765:Middlewares/Third_Party/FreeRTOS/Source/queue.c **** 							unblock. A context switch is required. */
 766:Middlewares/Third_Party/FreeRTOS/Source/queue.c **** 							queueYIELD_IF_USING_PREEMPTION();
 767:Middlewares/Third_Party/FreeRTOS/Source/queue.c **** 						}
 768:Middlewares/Third_Party/FreeRTOS/Source/queue.c **** 						else
 769:Middlewares/Third_Party/FreeRTOS/Source/queue.c **** 						{
 770:Middlewares/Third_Party/FreeRTOS/Source/queue.c **** 							mtCOVERAGE_TEST_MARKER();
 771:Middlewares/Third_Party/FreeRTOS/Source/queue.c **** 						}
ARM GAS  C:\Users\31005\AppData\Local\Temp\ccp6mIRg.s 			page 15


 772:Middlewares/Third_Party/FreeRTOS/Source/queue.c **** 					}
 773:Middlewares/Third_Party/FreeRTOS/Source/queue.c **** 					else
 774:Middlewares/Third_Party/FreeRTOS/Source/queue.c **** 					{
 775:Middlewares/Third_Party/FreeRTOS/Source/queue.c **** 						/* If there was a task waiting for data to arrive on the
 776:Middlewares/Third_Party/FreeRTOS/Source/queue.c **** 						queue then unblock it now. */
 777:Middlewares/Third_Party/FreeRTOS/Source/queue.c **** 						if( listLIST_IS_EMPTY( &( pxQueue->xTasksWaitingToReceive ) ) == pdFALSE )
 778:Middlewares/Third_Party/FreeRTOS/Source/queue.c **** 						{
 779:Middlewares/Third_Party/FreeRTOS/Source/queue.c **** 							if( xTaskRemoveFromEventList( &( pxQueue->xTasksWaitingToReceive ) ) != pdFALSE )
 780:Middlewares/Third_Party/FreeRTOS/Source/queue.c **** 							{
 781:Middlewares/Third_Party/FreeRTOS/Source/queue.c **** 								/* The unblocked task has a priority higher than
 782:Middlewares/Third_Party/FreeRTOS/Source/queue.c **** 								our own so yield immediately.  Yes it is ok to
 783:Middlewares/Third_Party/FreeRTOS/Source/queue.c **** 								do this from within the critical section - the
 784:Middlewares/Third_Party/FreeRTOS/Source/queue.c **** 								kernel takes care of that. */
 785:Middlewares/Third_Party/FreeRTOS/Source/queue.c **** 								queueYIELD_IF_USING_PREEMPTION();
 786:Middlewares/Third_Party/FreeRTOS/Source/queue.c **** 							}
 787:Middlewares/Third_Party/FreeRTOS/Source/queue.c **** 							else
 788:Middlewares/Third_Party/FreeRTOS/Source/queue.c **** 							{
 789:Middlewares/Third_Party/FreeRTOS/Source/queue.c **** 								mtCOVERAGE_TEST_MARKER();
 790:Middlewares/Third_Party/FreeRTOS/Source/queue.c **** 							}
 791:Middlewares/Third_Party/FreeRTOS/Source/queue.c **** 						}
 792:Middlewares/Third_Party/FreeRTOS/Source/queue.c **** 						else if( xYieldRequired != pdFALSE )
 793:Middlewares/Third_Party/FreeRTOS/Source/queue.c **** 						{
 794:Middlewares/Third_Party/FreeRTOS/Source/queue.c **** 							/* This path is a special case that will only get
 795:Middlewares/Third_Party/FreeRTOS/Source/queue.c **** 							executed if the task was holding multiple mutexes
 796:Middlewares/Third_Party/FreeRTOS/Source/queue.c **** 							and the mutexes were given back in an order that is
 797:Middlewares/Third_Party/FreeRTOS/Source/queue.c **** 							different to that in which they were taken. */
 798:Middlewares/Third_Party/FreeRTOS/Source/queue.c **** 							queueYIELD_IF_USING_PREEMPTION();
 799:Middlewares/Third_Party/FreeRTOS/Source/queue.c **** 						}
 800:Middlewares/Third_Party/FreeRTOS/Source/queue.c **** 						else
 801:Middlewares/Third_Party/FreeRTOS/Source/queue.c **** 						{
 802:Middlewares/Third_Party/FreeRTOS/Source/queue.c **** 							mtCOVERAGE_TEST_MARKER();
 803:Middlewares/Third_Party/FreeRTOS/Source/queue.c **** 						}
 804:Middlewares/Third_Party/FreeRTOS/Source/queue.c **** 					}
 805:Middlewares/Third_Party/FreeRTOS/Source/queue.c **** 				}
 806:Middlewares/Third_Party/FreeRTOS/Source/queue.c **** 				#else /* configUSE_QUEUE_SETS */
 807:Middlewares/Third_Party/FreeRTOS/Source/queue.c **** 				{
 808:Middlewares/Third_Party/FreeRTOS/Source/queue.c **** 					/* If there was a task waiting for data to arrive on the
 809:Middlewares/Third_Party/FreeRTOS/Source/queue.c **** 					queue then unblock it now. */
 810:Middlewares/Third_Party/FreeRTOS/Source/queue.c **** 					if( listLIST_IS_EMPTY( &( pxQueue->xTasksWaitingToReceive ) ) == pdFALSE )
 811:Middlewares/Third_Party/FreeRTOS/Source/queue.c **** 					{
 812:Middlewares/Third_Party/FreeRTOS/Source/queue.c **** 						if( xTaskRemoveFromEventList( &( pxQueue->xTasksWaitingToReceive ) ) != pdFALSE )
 813:Middlewares/Third_Party/FreeRTOS/Source/queue.c **** 						{
 814:Middlewares/Third_Party/FreeRTOS/Source/queue.c **** 							/* The unblocked task has a priority higher than
 815:Middlewares/Third_Party/FreeRTOS/Source/queue.c **** 							our own so yield immediately.  Yes it is ok to do
 816:Middlewares/Third_Party/FreeRTOS/Source/queue.c **** 							this from within the critical section - the kernel
 817:Middlewares/Third_Party/FreeRTOS/Source/queue.c **** 							takes care of that. */
 818:Middlewares/Third_Party/FreeRTOS/Source/queue.c **** 							queueYIELD_IF_USING_PREEMPTION();
 819:Middlewares/Third_Party/FreeRTOS/Source/queue.c **** 						}
 820:Middlewares/Third_Party/FreeRTOS/Source/queue.c **** 						else
 821:Middlewares/Third_Party/FreeRTOS/Source/queue.c **** 						{
 822:Middlewares/Third_Party/FreeRTOS/Source/queue.c **** 							mtCOVERAGE_TEST_MARKER();
 823:Middlewares/Third_Party/FreeRTOS/Source/queue.c **** 						}
 824:Middlewares/Third_Party/FreeRTOS/Source/queue.c **** 					}
 825:Middlewares/Third_Party/FreeRTOS/Source/queue.c **** 					else if( xYieldRequired != pdFALSE )
 826:Middlewares/Third_Party/FreeRTOS/Source/queue.c **** 					{
 827:Middlewares/Third_Party/FreeRTOS/Source/queue.c **** 						/* This path is a special case that will only get
 828:Middlewares/Third_Party/FreeRTOS/Source/queue.c **** 						executed if the task was holding multiple mutexes and
ARM GAS  C:\Users\31005\AppData\Local\Temp\ccp6mIRg.s 			page 16


 829:Middlewares/Third_Party/FreeRTOS/Source/queue.c **** 						the mutexes were given back in an order that is
 830:Middlewares/Third_Party/FreeRTOS/Source/queue.c **** 						different to that in which they were taken. */
 831:Middlewares/Third_Party/FreeRTOS/Source/queue.c **** 						queueYIELD_IF_USING_PREEMPTION();
 832:Middlewares/Third_Party/FreeRTOS/Source/queue.c **** 					}
 833:Middlewares/Third_Party/FreeRTOS/Source/queue.c **** 					else
 834:Middlewares/Third_Party/FreeRTOS/Source/queue.c **** 					{
 835:Middlewares/Third_Party/FreeRTOS/Source/queue.c **** 						mtCOVERAGE_TEST_MARKER();
 836:Middlewares/Third_Party/FreeRTOS/Source/queue.c **** 					}
 837:Middlewares/Third_Party/FreeRTOS/Source/queue.c **** 				}
 838:Middlewares/Third_Party/FreeRTOS/Source/queue.c **** 				#endif /* configUSE_QUEUE_SETS */
 839:Middlewares/Third_Party/FreeRTOS/Source/queue.c **** 
 840:Middlewares/Third_Party/FreeRTOS/Source/queue.c **** 				taskEXIT_CRITICAL();
 841:Middlewares/Third_Party/FreeRTOS/Source/queue.c **** 				return pdPASS;
 842:Middlewares/Third_Party/FreeRTOS/Source/queue.c **** 			}
 843:Middlewares/Third_Party/FreeRTOS/Source/queue.c **** 			else
 844:Middlewares/Third_Party/FreeRTOS/Source/queue.c **** 			{
 845:Middlewares/Third_Party/FreeRTOS/Source/queue.c **** 				if( xTicksToWait == ( TickType_t ) 0 )
 846:Middlewares/Third_Party/FreeRTOS/Source/queue.c **** 				{
 847:Middlewares/Third_Party/FreeRTOS/Source/queue.c **** 					/* The queue was full and no block time is specified (or
 848:Middlewares/Third_Party/FreeRTOS/Source/queue.c **** 					the block time has expired) so leave now. */
 849:Middlewares/Third_Party/FreeRTOS/Source/queue.c **** 					taskEXIT_CRITICAL();
 850:Middlewares/Third_Party/FreeRTOS/Source/queue.c **** 
 851:Middlewares/Third_Party/FreeRTOS/Source/queue.c **** 					/* Return to the original privilege level before exiting
 852:Middlewares/Third_Party/FreeRTOS/Source/queue.c **** 					the function. */
 853:Middlewares/Third_Party/FreeRTOS/Source/queue.c **** 					traceQUEUE_SEND_FAILED( pxQueue );
 854:Middlewares/Third_Party/FreeRTOS/Source/queue.c **** 					return errQUEUE_FULL;
 855:Middlewares/Third_Party/FreeRTOS/Source/queue.c **** 				}
 856:Middlewares/Third_Party/FreeRTOS/Source/queue.c **** 				else if( xEntryTimeSet == pdFALSE )
 857:Middlewares/Third_Party/FreeRTOS/Source/queue.c **** 				{
 858:Middlewares/Third_Party/FreeRTOS/Source/queue.c **** 					/* The queue was full and a block time was specified so
 859:Middlewares/Third_Party/FreeRTOS/Source/queue.c **** 					configure the timeout structure. */
 860:Middlewares/Third_Party/FreeRTOS/Source/queue.c **** 					vTaskInternalSetTimeOutState( &xTimeOut );
 861:Middlewares/Third_Party/FreeRTOS/Source/queue.c **** 					xEntryTimeSet = pdTRUE;
 862:Middlewares/Third_Party/FreeRTOS/Source/queue.c **** 				}
 863:Middlewares/Third_Party/FreeRTOS/Source/queue.c **** 				else
 864:Middlewares/Third_Party/FreeRTOS/Source/queue.c **** 				{
 865:Middlewares/Third_Party/FreeRTOS/Source/queue.c **** 					/* Entry time was already set. */
 866:Middlewares/Third_Party/FreeRTOS/Source/queue.c **** 					mtCOVERAGE_TEST_MARKER();
 867:Middlewares/Third_Party/FreeRTOS/Source/queue.c **** 				}
 868:Middlewares/Third_Party/FreeRTOS/Source/queue.c **** 			}
 869:Middlewares/Third_Party/FreeRTOS/Source/queue.c **** 		}
 870:Middlewares/Third_Party/FreeRTOS/Source/queue.c **** 		taskEXIT_CRITICAL();
 871:Middlewares/Third_Party/FreeRTOS/Source/queue.c **** 
 872:Middlewares/Third_Party/FreeRTOS/Source/queue.c **** 		/* Interrupts and other tasks can send to and receive from the queue
 873:Middlewares/Third_Party/FreeRTOS/Source/queue.c **** 		now the critical section has been exited. */
 874:Middlewares/Third_Party/FreeRTOS/Source/queue.c **** 
 875:Middlewares/Third_Party/FreeRTOS/Source/queue.c **** 		vTaskSuspendAll();
 876:Middlewares/Third_Party/FreeRTOS/Source/queue.c **** 		prvLockQueue( pxQueue );
 877:Middlewares/Third_Party/FreeRTOS/Source/queue.c **** 
 878:Middlewares/Third_Party/FreeRTOS/Source/queue.c **** 		/* Update the timeout state to see if it has expired yet. */
 879:Middlewares/Third_Party/FreeRTOS/Source/queue.c **** 		if( xTaskCheckForTimeOut( &xTimeOut, &xTicksToWait ) == pdFALSE )
 880:Middlewares/Third_Party/FreeRTOS/Source/queue.c **** 		{
 881:Middlewares/Third_Party/FreeRTOS/Source/queue.c **** 			if( prvIsQueueFull( pxQueue ) != pdFALSE )
 882:Middlewares/Third_Party/FreeRTOS/Source/queue.c **** 			{
 883:Middlewares/Third_Party/FreeRTOS/Source/queue.c **** 				traceBLOCKING_ON_QUEUE_SEND( pxQueue );
 884:Middlewares/Third_Party/FreeRTOS/Source/queue.c **** 				vTaskPlaceOnEventList( &( pxQueue->xTasksWaitingToSend ), xTicksToWait );
 885:Middlewares/Third_Party/FreeRTOS/Source/queue.c **** 
ARM GAS  C:\Users\31005\AppData\Local\Temp\ccp6mIRg.s 			page 17


 886:Middlewares/Third_Party/FreeRTOS/Source/queue.c **** 				/* Unlocking the queue means queue events can effect the
 887:Middlewares/Third_Party/FreeRTOS/Source/queue.c **** 				event list.  It is possible that interrupts occurring now
 888:Middlewares/Third_Party/FreeRTOS/Source/queue.c **** 				remove this task from the event list again - but as the
 889:Middlewares/Third_Party/FreeRTOS/Source/queue.c **** 				scheduler is suspended the task will go onto the pending
 890:Middlewares/Third_Party/FreeRTOS/Source/queue.c **** 				ready last instead of the actual ready list. */
 891:Middlewares/Third_Party/FreeRTOS/Source/queue.c **** 				prvUnlockQueue( pxQueue );
 892:Middlewares/Third_Party/FreeRTOS/Source/queue.c **** 
 893:Middlewares/Third_Party/FreeRTOS/Source/queue.c **** 				/* Resuming the scheduler will move tasks from the pending
 894:Middlewares/Third_Party/FreeRTOS/Source/queue.c **** 				ready list into the ready list - so it is feasible that this
 895:Middlewares/Third_Party/FreeRTOS/Source/queue.c **** 				task is already in a ready list before it yields - in which
 896:Middlewares/Third_Party/FreeRTOS/Source/queue.c **** 				case the yield will not cause a context switch unless there
 897:Middlewares/Third_Party/FreeRTOS/Source/queue.c **** 				is also a higher priority task in the pending ready list. */
 898:Middlewares/Third_Party/FreeRTOS/Source/queue.c **** 				if( xTaskResumeAll() == pdFALSE )
 899:Middlewares/Third_Party/FreeRTOS/Source/queue.c **** 				{
 900:Middlewares/Third_Party/FreeRTOS/Source/queue.c **** 					portYIELD_WITHIN_API();
 901:Middlewares/Third_Party/FreeRTOS/Source/queue.c **** 				}
 902:Middlewares/Third_Party/FreeRTOS/Source/queue.c **** 			}
 903:Middlewares/Third_Party/FreeRTOS/Source/queue.c **** 			else
 904:Middlewares/Third_Party/FreeRTOS/Source/queue.c **** 			{
 905:Middlewares/Third_Party/FreeRTOS/Source/queue.c **** 				/* Try again. */
 906:Middlewares/Third_Party/FreeRTOS/Source/queue.c **** 				prvUnlockQueue( pxQueue );
 907:Middlewares/Third_Party/FreeRTOS/Source/queue.c **** 				( void ) xTaskResumeAll();
 908:Middlewares/Third_Party/FreeRTOS/Source/queue.c **** 			}
 909:Middlewares/Third_Party/FreeRTOS/Source/queue.c **** 		}
 910:Middlewares/Third_Party/FreeRTOS/Source/queue.c **** 		else
 911:Middlewares/Third_Party/FreeRTOS/Source/queue.c **** 		{
 912:Middlewares/Third_Party/FreeRTOS/Source/queue.c **** 			/* The timeout has expired. */
 913:Middlewares/Third_Party/FreeRTOS/Source/queue.c **** 			prvUnlockQueue( pxQueue );
 914:Middlewares/Third_Party/FreeRTOS/Source/queue.c **** 			( void ) xTaskResumeAll();
 915:Middlewares/Third_Party/FreeRTOS/Source/queue.c **** 
 916:Middlewares/Third_Party/FreeRTOS/Source/queue.c **** 			traceQUEUE_SEND_FAILED( pxQueue );
 917:Middlewares/Third_Party/FreeRTOS/Source/queue.c **** 			return errQUEUE_FULL;
 918:Middlewares/Third_Party/FreeRTOS/Source/queue.c **** 		}
 919:Middlewares/Third_Party/FreeRTOS/Source/queue.c **** 	}
 920:Middlewares/Third_Party/FreeRTOS/Source/queue.c **** }
 921:Middlewares/Third_Party/FreeRTOS/Source/queue.c **** /*-----------------------------------------------------------*/
 922:Middlewares/Third_Party/FreeRTOS/Source/queue.c **** 
 923:Middlewares/Third_Party/FreeRTOS/Source/queue.c **** BaseType_t xQueueGenericSendFromISR( QueueHandle_t xQueue, const void * const pvItemToQueue, BaseTy
 924:Middlewares/Third_Party/FreeRTOS/Source/queue.c **** {
 925:Middlewares/Third_Party/FreeRTOS/Source/queue.c **** BaseType_t xReturn;
 926:Middlewares/Third_Party/FreeRTOS/Source/queue.c **** UBaseType_t uxSavedInterruptStatus;
 927:Middlewares/Third_Party/FreeRTOS/Source/queue.c **** Queue_t * const pxQueue = ( Queue_t * ) xQueue;
 928:Middlewares/Third_Party/FreeRTOS/Source/queue.c **** 
 929:Middlewares/Third_Party/FreeRTOS/Source/queue.c **** 	configASSERT( pxQueue );
 930:Middlewares/Third_Party/FreeRTOS/Source/queue.c **** 	configASSERT( !( ( pvItemToQueue == NULL ) && ( pxQueue->uxItemSize != ( UBaseType_t ) 0U ) ) );
 931:Middlewares/Third_Party/FreeRTOS/Source/queue.c **** 	configASSERT( !( ( xCopyPosition == queueOVERWRITE ) && ( pxQueue->uxLength != 1 ) ) );
 932:Middlewares/Third_Party/FreeRTOS/Source/queue.c **** 
 933:Middlewares/Third_Party/FreeRTOS/Source/queue.c **** 	/* RTOS ports that support interrupt nesting have the concept of a maximum
 934:Middlewares/Third_Party/FreeRTOS/Source/queue.c **** 	system call (or maximum API call) interrupt priority.  Interrupts that are
 935:Middlewares/Third_Party/FreeRTOS/Source/queue.c **** 	above the maximum system call priority are kept permanently enabled, even
 936:Middlewares/Third_Party/FreeRTOS/Source/queue.c **** 	when the RTOS kernel is in a critical section, but cannot make any calls to
 937:Middlewares/Third_Party/FreeRTOS/Source/queue.c **** 	FreeRTOS API functions.  If configASSERT() is defined in FreeRTOSConfig.h
 938:Middlewares/Third_Party/FreeRTOS/Source/queue.c **** 	then portASSERT_IF_INTERRUPT_PRIORITY_INVALID() will result in an assertion
 939:Middlewares/Third_Party/FreeRTOS/Source/queue.c **** 	failure if a FreeRTOS API function is called from an interrupt that has been
 940:Middlewares/Third_Party/FreeRTOS/Source/queue.c **** 	assigned a priority above the configured maximum system call priority.
 941:Middlewares/Third_Party/FreeRTOS/Source/queue.c **** 	Only FreeRTOS functions that end in FromISR can be called from interrupts
 942:Middlewares/Third_Party/FreeRTOS/Source/queue.c **** 	that have been assigned a priority at or (logically) below the maximum
ARM GAS  C:\Users\31005\AppData\Local\Temp\ccp6mIRg.s 			page 18


 943:Middlewares/Third_Party/FreeRTOS/Source/queue.c **** 	system call	interrupt priority.  FreeRTOS maintains a separate interrupt
 944:Middlewares/Third_Party/FreeRTOS/Source/queue.c **** 	safe API to ensure interrupt entry is as fast and as simple as possible.
 945:Middlewares/Third_Party/FreeRTOS/Source/queue.c **** 	More information (albeit Cortex-M specific) is provided on the following
 946:Middlewares/Third_Party/FreeRTOS/Source/queue.c **** 	link: http://www.freertos.org/RTOS-Cortex-M3-M4.html */
 947:Middlewares/Third_Party/FreeRTOS/Source/queue.c **** 	portASSERT_IF_INTERRUPT_PRIORITY_INVALID();
 948:Middlewares/Third_Party/FreeRTOS/Source/queue.c **** 
 949:Middlewares/Third_Party/FreeRTOS/Source/queue.c **** 	/* Similar to xQueueGenericSend, except without blocking if there is no room
 950:Middlewares/Third_Party/FreeRTOS/Source/queue.c **** 	in the queue.  Also don't directly wake a task that was blocked on a queue
 951:Middlewares/Third_Party/FreeRTOS/Source/queue.c **** 	read, instead return a flag to say whether a context switch is required or
 952:Middlewares/Third_Party/FreeRTOS/Source/queue.c **** 	not (i.e. has a task with a higher priority than us been woken by this
 953:Middlewares/Third_Party/FreeRTOS/Source/queue.c **** 	post). */
 954:Middlewares/Third_Party/FreeRTOS/Source/queue.c **** 	uxSavedInterruptStatus = portSET_INTERRUPT_MASK_FROM_ISR();
 955:Middlewares/Third_Party/FreeRTOS/Source/queue.c **** 	{
 956:Middlewares/Third_Party/FreeRTOS/Source/queue.c **** 		if( ( pxQueue->uxMessagesWaiting < pxQueue->uxLength ) || ( xCopyPosition == queueOVERWRITE ) )
 957:Middlewares/Third_Party/FreeRTOS/Source/queue.c **** 		{
 958:Middlewares/Third_Party/FreeRTOS/Source/queue.c **** 			const int8_t cTxLock = pxQueue->cTxLock;
 959:Middlewares/Third_Party/FreeRTOS/Source/queue.c **** 
 960:Middlewares/Third_Party/FreeRTOS/Source/queue.c **** 			traceQUEUE_SEND_FROM_ISR( pxQueue );
 961:Middlewares/Third_Party/FreeRTOS/Source/queue.c **** 
 962:Middlewares/Third_Party/FreeRTOS/Source/queue.c **** 			/* Semaphores use xQueueGiveFromISR(), so pxQueue will not be a
 963:Middlewares/Third_Party/FreeRTOS/Source/queue.c **** 			semaphore or mutex.  That means prvCopyDataToQueue() cannot result
 964:Middlewares/Third_Party/FreeRTOS/Source/queue.c **** 			in a task disinheriting a priority and prvCopyDataToQueue() can be
 965:Middlewares/Third_Party/FreeRTOS/Source/queue.c **** 			called here even though the disinherit function does not check if
 966:Middlewares/Third_Party/FreeRTOS/Source/queue.c **** 			the scheduler is suspended before accessing the ready lists. */
 967:Middlewares/Third_Party/FreeRTOS/Source/queue.c **** 			( void ) prvCopyDataToQueue( pxQueue, pvItemToQueue, xCopyPosition );
 968:Middlewares/Third_Party/FreeRTOS/Source/queue.c **** 
 969:Middlewares/Third_Party/FreeRTOS/Source/queue.c **** 			/* The event list is not altered if the queue is locked.  This will
 970:Middlewares/Third_Party/FreeRTOS/Source/queue.c **** 			be done when the queue is unlocked later. */
 971:Middlewares/Third_Party/FreeRTOS/Source/queue.c **** 			if( cTxLock == queueUNLOCKED )
 972:Middlewares/Third_Party/FreeRTOS/Source/queue.c **** 			{
 973:Middlewares/Third_Party/FreeRTOS/Source/queue.c **** 				#if ( configUSE_QUEUE_SETS == 1 )
 974:Middlewares/Third_Party/FreeRTOS/Source/queue.c **** 				{
 975:Middlewares/Third_Party/FreeRTOS/Source/queue.c **** 					if( pxQueue->pxQueueSetContainer != NULL )
 976:Middlewares/Third_Party/FreeRTOS/Source/queue.c **** 					{
 977:Middlewares/Third_Party/FreeRTOS/Source/queue.c **** 						if( prvNotifyQueueSetContainer( pxQueue, xCopyPosition ) != pdFALSE )
 978:Middlewares/Third_Party/FreeRTOS/Source/queue.c **** 						{
 979:Middlewares/Third_Party/FreeRTOS/Source/queue.c **** 							/* The queue is a member of a queue set, and posting
 980:Middlewares/Third_Party/FreeRTOS/Source/queue.c **** 							to the queue set caused a higher priority task to
 981:Middlewares/Third_Party/FreeRTOS/Source/queue.c **** 							unblock.  A context switch is required. */
 982:Middlewares/Third_Party/FreeRTOS/Source/queue.c **** 							if( pxHigherPriorityTaskWoken != NULL )
 983:Middlewares/Third_Party/FreeRTOS/Source/queue.c **** 							{
 984:Middlewares/Third_Party/FreeRTOS/Source/queue.c **** 								*pxHigherPriorityTaskWoken = pdTRUE;
 985:Middlewares/Third_Party/FreeRTOS/Source/queue.c **** 							}
 986:Middlewares/Third_Party/FreeRTOS/Source/queue.c **** 							else
 987:Middlewares/Third_Party/FreeRTOS/Source/queue.c **** 							{
 988:Middlewares/Third_Party/FreeRTOS/Source/queue.c **** 								mtCOVERAGE_TEST_MARKER();
 989:Middlewares/Third_Party/FreeRTOS/Source/queue.c **** 							}
 990:Middlewares/Third_Party/FreeRTOS/Source/queue.c **** 						}
 991:Middlewares/Third_Party/FreeRTOS/Source/queue.c **** 						else
 992:Middlewares/Third_Party/FreeRTOS/Source/queue.c **** 						{
 993:Middlewares/Third_Party/FreeRTOS/Source/queue.c **** 							mtCOVERAGE_TEST_MARKER();
 994:Middlewares/Third_Party/FreeRTOS/Source/queue.c **** 						}
 995:Middlewares/Third_Party/FreeRTOS/Source/queue.c **** 					}
 996:Middlewares/Third_Party/FreeRTOS/Source/queue.c **** 					else
 997:Middlewares/Third_Party/FreeRTOS/Source/queue.c **** 					{
 998:Middlewares/Third_Party/FreeRTOS/Source/queue.c **** 						if( listLIST_IS_EMPTY( &( pxQueue->xTasksWaitingToReceive ) ) == pdFALSE )
 999:Middlewares/Third_Party/FreeRTOS/Source/queue.c **** 						{
ARM GAS  C:\Users\31005\AppData\Local\Temp\ccp6mIRg.s 			page 19


1000:Middlewares/Third_Party/FreeRTOS/Source/queue.c **** 							if( xTaskRemoveFromEventList( &( pxQueue->xTasksWaitingToReceive ) ) != pdFALSE )
1001:Middlewares/Third_Party/FreeRTOS/Source/queue.c **** 							{
1002:Middlewares/Third_Party/FreeRTOS/Source/queue.c **** 								/* The task waiting has a higher priority so
1003:Middlewares/Third_Party/FreeRTOS/Source/queue.c **** 								record that a context switch is required. */
1004:Middlewares/Third_Party/FreeRTOS/Source/queue.c **** 								if( pxHigherPriorityTaskWoken != NULL )
1005:Middlewares/Third_Party/FreeRTOS/Source/queue.c **** 								{
1006:Middlewares/Third_Party/FreeRTOS/Source/queue.c **** 									*pxHigherPriorityTaskWoken = pdTRUE;
1007:Middlewares/Third_Party/FreeRTOS/Source/queue.c **** 								}
1008:Middlewares/Third_Party/FreeRTOS/Source/queue.c **** 								else
1009:Middlewares/Third_Party/FreeRTOS/Source/queue.c **** 								{
1010:Middlewares/Third_Party/FreeRTOS/Source/queue.c **** 									mtCOVERAGE_TEST_MARKER();
1011:Middlewares/Third_Party/FreeRTOS/Source/queue.c **** 								}
1012:Middlewares/Third_Party/FreeRTOS/Source/queue.c **** 							}
1013:Middlewares/Third_Party/FreeRTOS/Source/queue.c **** 							else
1014:Middlewares/Third_Party/FreeRTOS/Source/queue.c **** 							{
1015:Middlewares/Third_Party/FreeRTOS/Source/queue.c **** 								mtCOVERAGE_TEST_MARKER();
1016:Middlewares/Third_Party/FreeRTOS/Source/queue.c **** 							}
1017:Middlewares/Third_Party/FreeRTOS/Source/queue.c **** 						}
1018:Middlewares/Third_Party/FreeRTOS/Source/queue.c **** 						else
1019:Middlewares/Third_Party/FreeRTOS/Source/queue.c **** 						{
1020:Middlewares/Third_Party/FreeRTOS/Source/queue.c **** 							mtCOVERAGE_TEST_MARKER();
1021:Middlewares/Third_Party/FreeRTOS/Source/queue.c **** 						}
1022:Middlewares/Third_Party/FreeRTOS/Source/queue.c **** 					}
1023:Middlewares/Third_Party/FreeRTOS/Source/queue.c **** 				}
1024:Middlewares/Third_Party/FreeRTOS/Source/queue.c **** 				#else /* configUSE_QUEUE_SETS */
1025:Middlewares/Third_Party/FreeRTOS/Source/queue.c **** 				{
1026:Middlewares/Third_Party/FreeRTOS/Source/queue.c **** 					if( listLIST_IS_EMPTY( &( pxQueue->xTasksWaitingToReceive ) ) == pdFALSE )
1027:Middlewares/Third_Party/FreeRTOS/Source/queue.c **** 					{
1028:Middlewares/Third_Party/FreeRTOS/Source/queue.c **** 						if( xTaskRemoveFromEventList( &( pxQueue->xTasksWaitingToReceive ) ) != pdFALSE )
1029:Middlewares/Third_Party/FreeRTOS/Source/queue.c **** 						{
1030:Middlewares/Third_Party/FreeRTOS/Source/queue.c **** 							/* The task waiting has a higher priority so record that a
1031:Middlewares/Third_Party/FreeRTOS/Source/queue.c **** 							context	switch is required. */
1032:Middlewares/Third_Party/FreeRTOS/Source/queue.c **** 							if( pxHigherPriorityTaskWoken != NULL )
1033:Middlewares/Third_Party/FreeRTOS/Source/queue.c **** 							{
1034:Middlewares/Third_Party/FreeRTOS/Source/queue.c **** 								*pxHigherPriorityTaskWoken = pdTRUE;
1035:Middlewares/Third_Party/FreeRTOS/Source/queue.c **** 							}
1036:Middlewares/Third_Party/FreeRTOS/Source/queue.c **** 							else
1037:Middlewares/Third_Party/FreeRTOS/Source/queue.c **** 							{
1038:Middlewares/Third_Party/FreeRTOS/Source/queue.c **** 								mtCOVERAGE_TEST_MARKER();
1039:Middlewares/Third_Party/FreeRTOS/Source/queue.c **** 							}
1040:Middlewares/Third_Party/FreeRTOS/Source/queue.c **** 						}
1041:Middlewares/Third_Party/FreeRTOS/Source/queue.c **** 						else
1042:Middlewares/Third_Party/FreeRTOS/Source/queue.c **** 						{
1043:Middlewares/Third_Party/FreeRTOS/Source/queue.c **** 							mtCOVERAGE_TEST_MARKER();
1044:Middlewares/Third_Party/FreeRTOS/Source/queue.c **** 						}
1045:Middlewares/Third_Party/FreeRTOS/Source/queue.c **** 					}
1046:Middlewares/Third_Party/FreeRTOS/Source/queue.c **** 					else
1047:Middlewares/Third_Party/FreeRTOS/Source/queue.c **** 					{
1048:Middlewares/Third_Party/FreeRTOS/Source/queue.c **** 						mtCOVERAGE_TEST_MARKER();
1049:Middlewares/Third_Party/FreeRTOS/Source/queue.c **** 					}
1050:Middlewares/Third_Party/FreeRTOS/Source/queue.c **** 				}
1051:Middlewares/Third_Party/FreeRTOS/Source/queue.c **** 				#endif /* configUSE_QUEUE_SETS */
1052:Middlewares/Third_Party/FreeRTOS/Source/queue.c **** 			}
1053:Middlewares/Third_Party/FreeRTOS/Source/queue.c **** 			else
1054:Middlewares/Third_Party/FreeRTOS/Source/queue.c **** 			{
1055:Middlewares/Third_Party/FreeRTOS/Source/queue.c **** 				/* Increment the lock count so the task that unlocks the queue
1056:Middlewares/Third_Party/FreeRTOS/Source/queue.c **** 				knows that data was posted while it was locked. */
ARM GAS  C:\Users\31005\AppData\Local\Temp\ccp6mIRg.s 			page 20


1057:Middlewares/Third_Party/FreeRTOS/Source/queue.c **** 				pxQueue->cTxLock = ( int8_t ) ( cTxLock + 1 );
1058:Middlewares/Third_Party/FreeRTOS/Source/queue.c **** 			}
1059:Middlewares/Third_Party/FreeRTOS/Source/queue.c **** 
1060:Middlewares/Third_Party/FreeRTOS/Source/queue.c **** 			xReturn = pdPASS;
1061:Middlewares/Third_Party/FreeRTOS/Source/queue.c **** 		}
1062:Middlewares/Third_Party/FreeRTOS/Source/queue.c **** 		else
1063:Middlewares/Third_Party/FreeRTOS/Source/queue.c **** 		{
1064:Middlewares/Third_Party/FreeRTOS/Source/queue.c **** 			traceQUEUE_SEND_FROM_ISR_FAILED( pxQueue );
1065:Middlewares/Third_Party/FreeRTOS/Source/queue.c **** 			xReturn = errQUEUE_FULL;
1066:Middlewares/Third_Party/FreeRTOS/Source/queue.c **** 		}
1067:Middlewares/Third_Party/FreeRTOS/Source/queue.c **** 	}
1068:Middlewares/Third_Party/FreeRTOS/Source/queue.c **** 	portCLEAR_INTERRUPT_MASK_FROM_ISR( uxSavedInterruptStatus );
1069:Middlewares/Third_Party/FreeRTOS/Source/queue.c **** 
1070:Middlewares/Third_Party/FreeRTOS/Source/queue.c **** 	return xReturn;
1071:Middlewares/Third_Party/FreeRTOS/Source/queue.c **** }
1072:Middlewares/Third_Party/FreeRTOS/Source/queue.c **** /*-----------------------------------------------------------*/
1073:Middlewares/Third_Party/FreeRTOS/Source/queue.c **** 
1074:Middlewares/Third_Party/FreeRTOS/Source/queue.c **** BaseType_t xQueueGiveFromISR( QueueHandle_t xQueue, BaseType_t * const pxHigherPriorityTaskWoken )
1075:Middlewares/Third_Party/FreeRTOS/Source/queue.c **** {
1076:Middlewares/Third_Party/FreeRTOS/Source/queue.c **** BaseType_t xReturn;
1077:Middlewares/Third_Party/FreeRTOS/Source/queue.c **** UBaseType_t uxSavedInterruptStatus;
1078:Middlewares/Third_Party/FreeRTOS/Source/queue.c **** Queue_t * const pxQueue = ( Queue_t * ) xQueue;
1079:Middlewares/Third_Party/FreeRTOS/Source/queue.c **** 
1080:Middlewares/Third_Party/FreeRTOS/Source/queue.c **** 	/* Similar to xQueueGenericSendFromISR() but used with semaphores where the
1081:Middlewares/Third_Party/FreeRTOS/Source/queue.c **** 	item size is 0.  Don't directly wake a task that was blocked on a queue
1082:Middlewares/Third_Party/FreeRTOS/Source/queue.c **** 	read, instead return a flag to say whether a context switch is required or
1083:Middlewares/Third_Party/FreeRTOS/Source/queue.c **** 	not (i.e. has a task with a higher priority than us been woken by this
1084:Middlewares/Third_Party/FreeRTOS/Source/queue.c **** 	post). */
1085:Middlewares/Third_Party/FreeRTOS/Source/queue.c **** 
1086:Middlewares/Third_Party/FreeRTOS/Source/queue.c **** 	configASSERT( pxQueue );
1087:Middlewares/Third_Party/FreeRTOS/Source/queue.c **** 
1088:Middlewares/Third_Party/FreeRTOS/Source/queue.c **** 	/* xQueueGenericSendFromISR() should be used instead of xQueueGiveFromISR()
1089:Middlewares/Third_Party/FreeRTOS/Source/queue.c **** 	if the item size is not 0. */
1090:Middlewares/Third_Party/FreeRTOS/Source/queue.c **** 	configASSERT( pxQueue->uxItemSize == 0 );
1091:Middlewares/Third_Party/FreeRTOS/Source/queue.c **** 
1092:Middlewares/Third_Party/FreeRTOS/Source/queue.c **** 	/* Normally a mutex would not be given from an interrupt, especially if
1093:Middlewares/Third_Party/FreeRTOS/Source/queue.c **** 	there is a mutex holder, as priority inheritance makes no sense for an
1094:Middlewares/Third_Party/FreeRTOS/Source/queue.c **** 	interrupts, only tasks. */
1095:Middlewares/Third_Party/FreeRTOS/Source/queue.c **** 	configASSERT( !( ( pxQueue->uxQueueType == queueQUEUE_IS_MUTEX ) && ( pxQueue->pxMutexHolder != NU
1096:Middlewares/Third_Party/FreeRTOS/Source/queue.c **** 
1097:Middlewares/Third_Party/FreeRTOS/Source/queue.c **** 	/* RTOS ports that support interrupt nesting have the concept of a maximum
1098:Middlewares/Third_Party/FreeRTOS/Source/queue.c **** 	system call (or maximum API call) interrupt priority.  Interrupts that are
1099:Middlewares/Third_Party/FreeRTOS/Source/queue.c **** 	above the maximum system call priority are kept permanently enabled, even
1100:Middlewares/Third_Party/FreeRTOS/Source/queue.c **** 	when the RTOS kernel is in a critical section, but cannot make any calls to
1101:Middlewares/Third_Party/FreeRTOS/Source/queue.c **** 	FreeRTOS API functions.  If configASSERT() is defined in FreeRTOSConfig.h
1102:Middlewares/Third_Party/FreeRTOS/Source/queue.c **** 	then portASSERT_IF_INTERRUPT_PRIORITY_INVALID() will result in an assertion
1103:Middlewares/Third_Party/FreeRTOS/Source/queue.c **** 	failure if a FreeRTOS API function is called from an interrupt that has been
1104:Middlewares/Third_Party/FreeRTOS/Source/queue.c **** 	assigned a priority above the configured maximum system call priority.
1105:Middlewares/Third_Party/FreeRTOS/Source/queue.c **** 	Only FreeRTOS functions that end in FromISR can be called from interrupts
1106:Middlewares/Third_Party/FreeRTOS/Source/queue.c **** 	that have been assigned a priority at or (logically) below the maximum
1107:Middlewares/Third_Party/FreeRTOS/Source/queue.c **** 	system call	interrupt priority.  FreeRTOS maintains a separate interrupt
1108:Middlewares/Third_Party/FreeRTOS/Source/queue.c **** 	safe API to ensure interrupt entry is as fast and as simple as possible.
1109:Middlewares/Third_Party/FreeRTOS/Source/queue.c **** 	More information (albeit Cortex-M specific) is provided on the following
1110:Middlewares/Third_Party/FreeRTOS/Source/queue.c **** 	link: http://www.freertos.org/RTOS-Cortex-M3-M4.html */
1111:Middlewares/Third_Party/FreeRTOS/Source/queue.c **** 	portASSERT_IF_INTERRUPT_PRIORITY_INVALID();
1112:Middlewares/Third_Party/FreeRTOS/Source/queue.c **** 
1113:Middlewares/Third_Party/FreeRTOS/Source/queue.c **** 	uxSavedInterruptStatus = portSET_INTERRUPT_MASK_FROM_ISR();
ARM GAS  C:\Users\31005\AppData\Local\Temp\ccp6mIRg.s 			page 21


1114:Middlewares/Third_Party/FreeRTOS/Source/queue.c **** 	{
1115:Middlewares/Third_Party/FreeRTOS/Source/queue.c **** 		const UBaseType_t uxMessagesWaiting = pxQueue->uxMessagesWaiting;
1116:Middlewares/Third_Party/FreeRTOS/Source/queue.c **** 
1117:Middlewares/Third_Party/FreeRTOS/Source/queue.c **** 		/* When the queue is used to implement a semaphore no data is ever
1118:Middlewares/Third_Party/FreeRTOS/Source/queue.c **** 		moved through the queue but it is still valid to see if the queue 'has
1119:Middlewares/Third_Party/FreeRTOS/Source/queue.c **** 		space'. */
1120:Middlewares/Third_Party/FreeRTOS/Source/queue.c **** 		if( uxMessagesWaiting < pxQueue->uxLength )
1121:Middlewares/Third_Party/FreeRTOS/Source/queue.c **** 		{
1122:Middlewares/Third_Party/FreeRTOS/Source/queue.c **** 			const int8_t cTxLock = pxQueue->cTxLock;
1123:Middlewares/Third_Party/FreeRTOS/Source/queue.c **** 
1124:Middlewares/Third_Party/FreeRTOS/Source/queue.c **** 			traceQUEUE_SEND_FROM_ISR( pxQueue );
1125:Middlewares/Third_Party/FreeRTOS/Source/queue.c **** 
1126:Middlewares/Third_Party/FreeRTOS/Source/queue.c **** 			/* A task can only have an inherited priority if it is a mutex
1127:Middlewares/Third_Party/FreeRTOS/Source/queue.c **** 			holder - and if there is a mutex holder then the mutex cannot be
1128:Middlewares/Third_Party/FreeRTOS/Source/queue.c **** 			given from an ISR.  As this is the ISR version of the function it
1129:Middlewares/Third_Party/FreeRTOS/Source/queue.c **** 			can be assumed there is no mutex holder and no need to determine if
1130:Middlewares/Third_Party/FreeRTOS/Source/queue.c **** 			priority disinheritance is needed.  Simply increase the count of
1131:Middlewares/Third_Party/FreeRTOS/Source/queue.c **** 			messages (semaphores) available. */
1132:Middlewares/Third_Party/FreeRTOS/Source/queue.c **** 			pxQueue->uxMessagesWaiting = uxMessagesWaiting + ( UBaseType_t ) 1;
1133:Middlewares/Third_Party/FreeRTOS/Source/queue.c **** 
1134:Middlewares/Third_Party/FreeRTOS/Source/queue.c **** 			/* The event list is not altered if the queue is locked.  This will
1135:Middlewares/Third_Party/FreeRTOS/Source/queue.c **** 			be done when the queue is unlocked later. */
1136:Middlewares/Third_Party/FreeRTOS/Source/queue.c **** 			if( cTxLock == queueUNLOCKED )
1137:Middlewares/Third_Party/FreeRTOS/Source/queue.c **** 			{
1138:Middlewares/Third_Party/FreeRTOS/Source/queue.c **** 				#if ( configUSE_QUEUE_SETS == 1 )
1139:Middlewares/Third_Party/FreeRTOS/Source/queue.c **** 				{
1140:Middlewares/Third_Party/FreeRTOS/Source/queue.c **** 					if( pxQueue->pxQueueSetContainer != NULL )
1141:Middlewares/Third_Party/FreeRTOS/Source/queue.c **** 					{
1142:Middlewares/Third_Party/FreeRTOS/Source/queue.c **** 						if( prvNotifyQueueSetContainer( pxQueue, queueSEND_TO_BACK ) != pdFALSE )
1143:Middlewares/Third_Party/FreeRTOS/Source/queue.c **** 						{
1144:Middlewares/Third_Party/FreeRTOS/Source/queue.c **** 							/* The semaphore is a member of a queue set, and
1145:Middlewares/Third_Party/FreeRTOS/Source/queue.c **** 							posting	to the queue set caused a higher priority
1146:Middlewares/Third_Party/FreeRTOS/Source/queue.c **** 							task to	unblock.  A context switch is required. */
1147:Middlewares/Third_Party/FreeRTOS/Source/queue.c **** 							if( pxHigherPriorityTaskWoken != NULL )
1148:Middlewares/Third_Party/FreeRTOS/Source/queue.c **** 							{
1149:Middlewares/Third_Party/FreeRTOS/Source/queue.c **** 								*pxHigherPriorityTaskWoken = pdTRUE;
1150:Middlewares/Third_Party/FreeRTOS/Source/queue.c **** 							}
1151:Middlewares/Third_Party/FreeRTOS/Source/queue.c **** 							else
1152:Middlewares/Third_Party/FreeRTOS/Source/queue.c **** 							{
1153:Middlewares/Third_Party/FreeRTOS/Source/queue.c **** 								mtCOVERAGE_TEST_MARKER();
1154:Middlewares/Third_Party/FreeRTOS/Source/queue.c **** 							}
1155:Middlewares/Third_Party/FreeRTOS/Source/queue.c **** 						}
1156:Middlewares/Third_Party/FreeRTOS/Source/queue.c **** 						else
1157:Middlewares/Third_Party/FreeRTOS/Source/queue.c **** 						{
1158:Middlewares/Third_Party/FreeRTOS/Source/queue.c **** 							mtCOVERAGE_TEST_MARKER();
1159:Middlewares/Third_Party/FreeRTOS/Source/queue.c **** 						}
1160:Middlewares/Third_Party/FreeRTOS/Source/queue.c **** 					}
1161:Middlewares/Third_Party/FreeRTOS/Source/queue.c **** 					else
1162:Middlewares/Third_Party/FreeRTOS/Source/queue.c **** 					{
1163:Middlewares/Third_Party/FreeRTOS/Source/queue.c **** 						if( listLIST_IS_EMPTY( &( pxQueue->xTasksWaitingToReceive ) ) == pdFALSE )
1164:Middlewares/Third_Party/FreeRTOS/Source/queue.c **** 						{
1165:Middlewares/Third_Party/FreeRTOS/Source/queue.c **** 							if( xTaskRemoveFromEventList( &( pxQueue->xTasksWaitingToReceive ) ) != pdFALSE )
1166:Middlewares/Third_Party/FreeRTOS/Source/queue.c **** 							{
1167:Middlewares/Third_Party/FreeRTOS/Source/queue.c **** 								/* The task waiting has a higher priority so
1168:Middlewares/Third_Party/FreeRTOS/Source/queue.c **** 								record that a context switch is required. */
1169:Middlewares/Third_Party/FreeRTOS/Source/queue.c **** 								if( pxHigherPriorityTaskWoken != NULL )
1170:Middlewares/Third_Party/FreeRTOS/Source/queue.c **** 								{
ARM GAS  C:\Users\31005\AppData\Local\Temp\ccp6mIRg.s 			page 22


1171:Middlewares/Third_Party/FreeRTOS/Source/queue.c **** 									*pxHigherPriorityTaskWoken = pdTRUE;
1172:Middlewares/Third_Party/FreeRTOS/Source/queue.c **** 								}
1173:Middlewares/Third_Party/FreeRTOS/Source/queue.c **** 								else
1174:Middlewares/Third_Party/FreeRTOS/Source/queue.c **** 								{
1175:Middlewares/Third_Party/FreeRTOS/Source/queue.c **** 									mtCOVERAGE_TEST_MARKER();
1176:Middlewares/Third_Party/FreeRTOS/Source/queue.c **** 								}
1177:Middlewares/Third_Party/FreeRTOS/Source/queue.c **** 							}
1178:Middlewares/Third_Party/FreeRTOS/Source/queue.c **** 							else
1179:Middlewares/Third_Party/FreeRTOS/Source/queue.c **** 							{
1180:Middlewares/Third_Party/FreeRTOS/Source/queue.c **** 								mtCOVERAGE_TEST_MARKER();
1181:Middlewares/Third_Party/FreeRTOS/Source/queue.c **** 							}
1182:Middlewares/Third_Party/FreeRTOS/Source/queue.c **** 						}
1183:Middlewares/Third_Party/FreeRTOS/Source/queue.c **** 						else
1184:Middlewares/Third_Party/FreeRTOS/Source/queue.c **** 						{
1185:Middlewares/Third_Party/FreeRTOS/Source/queue.c **** 							mtCOVERAGE_TEST_MARKER();
1186:Middlewares/Third_Party/FreeRTOS/Source/queue.c **** 						}
1187:Middlewares/Third_Party/FreeRTOS/Source/queue.c **** 					}
1188:Middlewares/Third_Party/FreeRTOS/Source/queue.c **** 				}
1189:Middlewares/Third_Party/FreeRTOS/Source/queue.c **** 				#else /* configUSE_QUEUE_SETS */
1190:Middlewares/Third_Party/FreeRTOS/Source/queue.c **** 				{
1191:Middlewares/Third_Party/FreeRTOS/Source/queue.c **** 					if( listLIST_IS_EMPTY( &( pxQueue->xTasksWaitingToReceive ) ) == pdFALSE )
1192:Middlewares/Third_Party/FreeRTOS/Source/queue.c **** 					{
1193:Middlewares/Third_Party/FreeRTOS/Source/queue.c **** 						if( xTaskRemoveFromEventList( &( pxQueue->xTasksWaitingToReceive ) ) != pdFALSE )
1194:Middlewares/Third_Party/FreeRTOS/Source/queue.c **** 						{
1195:Middlewares/Third_Party/FreeRTOS/Source/queue.c **** 							/* The task waiting has a higher priority so record that a
1196:Middlewares/Third_Party/FreeRTOS/Source/queue.c **** 							context	switch is required. */
1197:Middlewares/Third_Party/FreeRTOS/Source/queue.c **** 							if( pxHigherPriorityTaskWoken != NULL )
1198:Middlewares/Third_Party/FreeRTOS/Source/queue.c **** 							{
1199:Middlewares/Third_Party/FreeRTOS/Source/queue.c **** 								*pxHigherPriorityTaskWoken = pdTRUE;
1200:Middlewares/Third_Party/FreeRTOS/Source/queue.c **** 							}
1201:Middlewares/Third_Party/FreeRTOS/Source/queue.c **** 							else
1202:Middlewares/Third_Party/FreeRTOS/Source/queue.c **** 							{
1203:Middlewares/Third_Party/FreeRTOS/Source/queue.c **** 								mtCOVERAGE_TEST_MARKER();
1204:Middlewares/Third_Party/FreeRTOS/Source/queue.c **** 							}
1205:Middlewares/Third_Party/FreeRTOS/Source/queue.c **** 						}
1206:Middlewares/Third_Party/FreeRTOS/Source/queue.c **** 						else
1207:Middlewares/Third_Party/FreeRTOS/Source/queue.c **** 						{
1208:Middlewares/Third_Party/FreeRTOS/Source/queue.c **** 							mtCOVERAGE_TEST_MARKER();
1209:Middlewares/Third_Party/FreeRTOS/Source/queue.c **** 						}
1210:Middlewares/Third_Party/FreeRTOS/Source/queue.c **** 					}
1211:Middlewares/Third_Party/FreeRTOS/Source/queue.c **** 					else
1212:Middlewares/Third_Party/FreeRTOS/Source/queue.c **** 					{
1213:Middlewares/Third_Party/FreeRTOS/Source/queue.c **** 						mtCOVERAGE_TEST_MARKER();
1214:Middlewares/Third_Party/FreeRTOS/Source/queue.c **** 					}
1215:Middlewares/Third_Party/FreeRTOS/Source/queue.c **** 				}
1216:Middlewares/Third_Party/FreeRTOS/Source/queue.c **** 				#endif /* configUSE_QUEUE_SETS */
1217:Middlewares/Third_Party/FreeRTOS/Source/queue.c **** 			}
1218:Middlewares/Third_Party/FreeRTOS/Source/queue.c **** 			else
1219:Middlewares/Third_Party/FreeRTOS/Source/queue.c **** 			{
1220:Middlewares/Third_Party/FreeRTOS/Source/queue.c **** 				/* Increment the lock count so the task that unlocks the queue
1221:Middlewares/Third_Party/FreeRTOS/Source/queue.c **** 				knows that data was posted while it was locked. */
1222:Middlewares/Third_Party/FreeRTOS/Source/queue.c **** 				pxQueue->cTxLock = ( int8_t ) ( cTxLock + 1 );
1223:Middlewares/Third_Party/FreeRTOS/Source/queue.c **** 			}
1224:Middlewares/Third_Party/FreeRTOS/Source/queue.c **** 
1225:Middlewares/Third_Party/FreeRTOS/Source/queue.c **** 			xReturn = pdPASS;
1226:Middlewares/Third_Party/FreeRTOS/Source/queue.c **** 		}
1227:Middlewares/Third_Party/FreeRTOS/Source/queue.c **** 		else
ARM GAS  C:\Users\31005\AppData\Local\Temp\ccp6mIRg.s 			page 23


1228:Middlewares/Third_Party/FreeRTOS/Source/queue.c **** 		{
1229:Middlewares/Third_Party/FreeRTOS/Source/queue.c **** 			traceQUEUE_SEND_FROM_ISR_FAILED( pxQueue );
1230:Middlewares/Third_Party/FreeRTOS/Source/queue.c **** 			xReturn = errQUEUE_FULL;
1231:Middlewares/Third_Party/FreeRTOS/Source/queue.c **** 		}
1232:Middlewares/Third_Party/FreeRTOS/Source/queue.c **** 	}
1233:Middlewares/Third_Party/FreeRTOS/Source/queue.c **** 	portCLEAR_INTERRUPT_MASK_FROM_ISR( uxSavedInterruptStatus );
1234:Middlewares/Third_Party/FreeRTOS/Source/queue.c **** 
1235:Middlewares/Third_Party/FreeRTOS/Source/queue.c **** 	return xReturn;
1236:Middlewares/Third_Party/FreeRTOS/Source/queue.c **** }
1237:Middlewares/Third_Party/FreeRTOS/Source/queue.c **** /*-----------------------------------------------------------*/
1238:Middlewares/Third_Party/FreeRTOS/Source/queue.c **** 
1239:Middlewares/Third_Party/FreeRTOS/Source/queue.c **** BaseType_t xQueueReceive( QueueHandle_t xQueue, void * const pvBuffer, TickType_t xTicksToWait )
1240:Middlewares/Third_Party/FreeRTOS/Source/queue.c **** {
1241:Middlewares/Third_Party/FreeRTOS/Source/queue.c **** BaseType_t xEntryTimeSet = pdFALSE;
1242:Middlewares/Third_Party/FreeRTOS/Source/queue.c **** TimeOut_t xTimeOut;
1243:Middlewares/Third_Party/FreeRTOS/Source/queue.c **** Queue_t * const pxQueue = ( Queue_t * ) xQueue;
1244:Middlewares/Third_Party/FreeRTOS/Source/queue.c **** 
1245:Middlewares/Third_Party/FreeRTOS/Source/queue.c **** 	/* Check the pointer is not NULL. */
1246:Middlewares/Third_Party/FreeRTOS/Source/queue.c **** 	configASSERT( ( pxQueue ) );
1247:Middlewares/Third_Party/FreeRTOS/Source/queue.c **** 
1248:Middlewares/Third_Party/FreeRTOS/Source/queue.c **** 	/* The buffer into which data is received can only be NULL if the data size
1249:Middlewares/Third_Party/FreeRTOS/Source/queue.c **** 	is zero (so no data is copied into the buffer. */
1250:Middlewares/Third_Party/FreeRTOS/Source/queue.c **** 	configASSERT( !( ( ( pvBuffer ) == NULL ) && ( ( pxQueue )->uxItemSize != ( UBaseType_t ) 0U ) ) )
1251:Middlewares/Third_Party/FreeRTOS/Source/queue.c **** 
1252:Middlewares/Third_Party/FreeRTOS/Source/queue.c **** 	/* Cannot block if the scheduler is suspended. */
1253:Middlewares/Third_Party/FreeRTOS/Source/queue.c **** 	#if ( ( INCLUDE_xTaskGetSchedulerState == 1 ) || ( configUSE_TIMERS == 1 ) )
1254:Middlewares/Third_Party/FreeRTOS/Source/queue.c **** 	{
1255:Middlewares/Third_Party/FreeRTOS/Source/queue.c **** 		configASSERT( !( ( xTaskGetSchedulerState() == taskSCHEDULER_SUSPENDED ) && ( xTicksToWait != 0 )
1256:Middlewares/Third_Party/FreeRTOS/Source/queue.c **** 	}
1257:Middlewares/Third_Party/FreeRTOS/Source/queue.c **** 	#endif
1258:Middlewares/Third_Party/FreeRTOS/Source/queue.c **** 
1259:Middlewares/Third_Party/FreeRTOS/Source/queue.c **** 	/* This function relaxes the coding standard somewhat to allow return
1260:Middlewares/Third_Party/FreeRTOS/Source/queue.c **** 	statements within the function itself.  This is done in the interest
1261:Middlewares/Third_Party/FreeRTOS/Source/queue.c **** 	of execution time efficiency. */
1262:Middlewares/Third_Party/FreeRTOS/Source/queue.c **** 
1263:Middlewares/Third_Party/FreeRTOS/Source/queue.c **** 	for( ;; )
1264:Middlewares/Third_Party/FreeRTOS/Source/queue.c **** 	{
1265:Middlewares/Third_Party/FreeRTOS/Source/queue.c **** 		taskENTER_CRITICAL();
1266:Middlewares/Third_Party/FreeRTOS/Source/queue.c **** 		{
1267:Middlewares/Third_Party/FreeRTOS/Source/queue.c **** 			const UBaseType_t uxMessagesWaiting = pxQueue->uxMessagesWaiting;
1268:Middlewares/Third_Party/FreeRTOS/Source/queue.c **** 
1269:Middlewares/Third_Party/FreeRTOS/Source/queue.c **** 			/* Is there data in the queue now?  To be running the calling task
1270:Middlewares/Third_Party/FreeRTOS/Source/queue.c **** 			must be the highest priority task wanting to access the queue. */
1271:Middlewares/Third_Party/FreeRTOS/Source/queue.c **** 			if( uxMessagesWaiting > ( UBaseType_t ) 0 )
1272:Middlewares/Third_Party/FreeRTOS/Source/queue.c **** 			{
1273:Middlewares/Third_Party/FreeRTOS/Source/queue.c **** 				/* Data available, remove one item. */
1274:Middlewares/Third_Party/FreeRTOS/Source/queue.c **** 				prvCopyDataFromQueue( pxQueue, pvBuffer );
1275:Middlewares/Third_Party/FreeRTOS/Source/queue.c **** 				traceQUEUE_RECEIVE( pxQueue );
1276:Middlewares/Third_Party/FreeRTOS/Source/queue.c **** 				pxQueue->uxMessagesWaiting = uxMessagesWaiting - ( UBaseType_t ) 1;
1277:Middlewares/Third_Party/FreeRTOS/Source/queue.c **** 
1278:Middlewares/Third_Party/FreeRTOS/Source/queue.c **** 				/* There is now space in the queue, were any tasks waiting to
1279:Middlewares/Third_Party/FreeRTOS/Source/queue.c **** 				post to the queue?  If so, unblock the highest priority waiting
1280:Middlewares/Third_Party/FreeRTOS/Source/queue.c **** 				task. */
1281:Middlewares/Third_Party/FreeRTOS/Source/queue.c **** 				if( listLIST_IS_EMPTY( &( pxQueue->xTasksWaitingToSend ) ) == pdFALSE )
1282:Middlewares/Third_Party/FreeRTOS/Source/queue.c **** 				{
1283:Middlewares/Third_Party/FreeRTOS/Source/queue.c **** 					if( xTaskRemoveFromEventList( &( pxQueue->xTasksWaitingToSend ) ) != pdFALSE )
1284:Middlewares/Third_Party/FreeRTOS/Source/queue.c **** 					{
ARM GAS  C:\Users\31005\AppData\Local\Temp\ccp6mIRg.s 			page 24


1285:Middlewares/Third_Party/FreeRTOS/Source/queue.c **** 						queueYIELD_IF_USING_PREEMPTION();
1286:Middlewares/Third_Party/FreeRTOS/Source/queue.c **** 					}
1287:Middlewares/Third_Party/FreeRTOS/Source/queue.c **** 					else
1288:Middlewares/Third_Party/FreeRTOS/Source/queue.c **** 					{
1289:Middlewares/Third_Party/FreeRTOS/Source/queue.c **** 						mtCOVERAGE_TEST_MARKER();
1290:Middlewares/Third_Party/FreeRTOS/Source/queue.c **** 					}
1291:Middlewares/Third_Party/FreeRTOS/Source/queue.c **** 				}
1292:Middlewares/Third_Party/FreeRTOS/Source/queue.c **** 				else
1293:Middlewares/Third_Party/FreeRTOS/Source/queue.c **** 				{
1294:Middlewares/Third_Party/FreeRTOS/Source/queue.c **** 					mtCOVERAGE_TEST_MARKER();
1295:Middlewares/Third_Party/FreeRTOS/Source/queue.c **** 				}
1296:Middlewares/Third_Party/FreeRTOS/Source/queue.c **** 
1297:Middlewares/Third_Party/FreeRTOS/Source/queue.c **** 				taskEXIT_CRITICAL();
1298:Middlewares/Third_Party/FreeRTOS/Source/queue.c **** 				return pdPASS;
1299:Middlewares/Third_Party/FreeRTOS/Source/queue.c **** 			}
1300:Middlewares/Third_Party/FreeRTOS/Source/queue.c **** 			else
1301:Middlewares/Third_Party/FreeRTOS/Source/queue.c **** 			{
1302:Middlewares/Third_Party/FreeRTOS/Source/queue.c **** 				if( xTicksToWait == ( TickType_t ) 0 )
1303:Middlewares/Third_Party/FreeRTOS/Source/queue.c **** 				{
1304:Middlewares/Third_Party/FreeRTOS/Source/queue.c **** 					/* The queue was empty and no block time is specified (or
1305:Middlewares/Third_Party/FreeRTOS/Source/queue.c **** 					the block time has expired) so leave now. */
1306:Middlewares/Third_Party/FreeRTOS/Source/queue.c **** 					taskEXIT_CRITICAL();
1307:Middlewares/Third_Party/FreeRTOS/Source/queue.c **** 					traceQUEUE_RECEIVE_FAILED( pxQueue );
1308:Middlewares/Third_Party/FreeRTOS/Source/queue.c **** 					return errQUEUE_EMPTY;
1309:Middlewares/Third_Party/FreeRTOS/Source/queue.c **** 				}
1310:Middlewares/Third_Party/FreeRTOS/Source/queue.c **** 				else if( xEntryTimeSet == pdFALSE )
1311:Middlewares/Third_Party/FreeRTOS/Source/queue.c **** 				{
1312:Middlewares/Third_Party/FreeRTOS/Source/queue.c **** 					/* The queue was empty and a block time was specified so
1313:Middlewares/Third_Party/FreeRTOS/Source/queue.c **** 					configure the timeout structure. */
1314:Middlewares/Third_Party/FreeRTOS/Source/queue.c **** 					vTaskInternalSetTimeOutState( &xTimeOut );
1315:Middlewares/Third_Party/FreeRTOS/Source/queue.c **** 					xEntryTimeSet = pdTRUE;
1316:Middlewares/Third_Party/FreeRTOS/Source/queue.c **** 				}
1317:Middlewares/Third_Party/FreeRTOS/Source/queue.c **** 				else
1318:Middlewares/Third_Party/FreeRTOS/Source/queue.c **** 				{
1319:Middlewares/Third_Party/FreeRTOS/Source/queue.c **** 					/* Entry time was already set. */
1320:Middlewares/Third_Party/FreeRTOS/Source/queue.c **** 					mtCOVERAGE_TEST_MARKER();
1321:Middlewares/Third_Party/FreeRTOS/Source/queue.c **** 				}
1322:Middlewares/Third_Party/FreeRTOS/Source/queue.c **** 			}
1323:Middlewares/Third_Party/FreeRTOS/Source/queue.c **** 		}
1324:Middlewares/Third_Party/FreeRTOS/Source/queue.c **** 		taskEXIT_CRITICAL();
1325:Middlewares/Third_Party/FreeRTOS/Source/queue.c **** 
1326:Middlewares/Third_Party/FreeRTOS/Source/queue.c **** 		/* Interrupts and other tasks can send to and receive from the queue
1327:Middlewares/Third_Party/FreeRTOS/Source/queue.c **** 		now the critical section has been exited. */
1328:Middlewares/Third_Party/FreeRTOS/Source/queue.c **** 
1329:Middlewares/Third_Party/FreeRTOS/Source/queue.c **** 		vTaskSuspendAll();
1330:Middlewares/Third_Party/FreeRTOS/Source/queue.c **** 		prvLockQueue( pxQueue );
1331:Middlewares/Third_Party/FreeRTOS/Source/queue.c **** 
1332:Middlewares/Third_Party/FreeRTOS/Source/queue.c **** 		/* Update the timeout state to see if it has expired yet. */
1333:Middlewares/Third_Party/FreeRTOS/Source/queue.c **** 		if( xTaskCheckForTimeOut( &xTimeOut, &xTicksToWait ) == pdFALSE )
1334:Middlewares/Third_Party/FreeRTOS/Source/queue.c **** 		{
1335:Middlewares/Third_Party/FreeRTOS/Source/queue.c **** 			/* The timeout has not expired.  If the queue is still empty place
1336:Middlewares/Third_Party/FreeRTOS/Source/queue.c **** 			the task on the list of tasks waiting to receive from the queue. */
1337:Middlewares/Third_Party/FreeRTOS/Source/queue.c **** 			if( prvIsQueueEmpty( pxQueue ) != pdFALSE )
1338:Middlewares/Third_Party/FreeRTOS/Source/queue.c **** 			{
1339:Middlewares/Third_Party/FreeRTOS/Source/queue.c **** 				traceBLOCKING_ON_QUEUE_RECEIVE( pxQueue );
1340:Middlewares/Third_Party/FreeRTOS/Source/queue.c **** 				vTaskPlaceOnEventList( &( pxQueue->xTasksWaitingToReceive ), xTicksToWait );
1341:Middlewares/Third_Party/FreeRTOS/Source/queue.c **** 				prvUnlockQueue( pxQueue );
ARM GAS  C:\Users\31005\AppData\Local\Temp\ccp6mIRg.s 			page 25


1342:Middlewares/Third_Party/FreeRTOS/Source/queue.c **** 				if( xTaskResumeAll() == pdFALSE )
1343:Middlewares/Third_Party/FreeRTOS/Source/queue.c **** 				{
1344:Middlewares/Third_Party/FreeRTOS/Source/queue.c **** 					portYIELD_WITHIN_API();
1345:Middlewares/Third_Party/FreeRTOS/Source/queue.c **** 				}
1346:Middlewares/Third_Party/FreeRTOS/Source/queue.c **** 				else
1347:Middlewares/Third_Party/FreeRTOS/Source/queue.c **** 				{
1348:Middlewares/Third_Party/FreeRTOS/Source/queue.c **** 					mtCOVERAGE_TEST_MARKER();
1349:Middlewares/Third_Party/FreeRTOS/Source/queue.c **** 				}
1350:Middlewares/Third_Party/FreeRTOS/Source/queue.c **** 			}
1351:Middlewares/Third_Party/FreeRTOS/Source/queue.c **** 			else
1352:Middlewares/Third_Party/FreeRTOS/Source/queue.c **** 			{
1353:Middlewares/Third_Party/FreeRTOS/Source/queue.c **** 				/* The queue contains data again.  Loop back to try and read the
1354:Middlewares/Third_Party/FreeRTOS/Source/queue.c **** 				data. */
1355:Middlewares/Third_Party/FreeRTOS/Source/queue.c **** 				prvUnlockQueue( pxQueue );
1356:Middlewares/Third_Party/FreeRTOS/Source/queue.c **** 				( void ) xTaskResumeAll();
1357:Middlewares/Third_Party/FreeRTOS/Source/queue.c **** 			}
1358:Middlewares/Third_Party/FreeRTOS/Source/queue.c **** 		}
1359:Middlewares/Third_Party/FreeRTOS/Source/queue.c **** 		else
1360:Middlewares/Third_Party/FreeRTOS/Source/queue.c **** 		{
1361:Middlewares/Third_Party/FreeRTOS/Source/queue.c **** 			/* Timed out.  If there is no data in the queue exit, otherwise loop
1362:Middlewares/Third_Party/FreeRTOS/Source/queue.c **** 			back and attempt to read the data. */
1363:Middlewares/Third_Party/FreeRTOS/Source/queue.c **** 			prvUnlockQueue( pxQueue );
1364:Middlewares/Third_Party/FreeRTOS/Source/queue.c **** 			( void ) xTaskResumeAll();
1365:Middlewares/Third_Party/FreeRTOS/Source/queue.c **** 
1366:Middlewares/Third_Party/FreeRTOS/Source/queue.c **** 			if( prvIsQueueEmpty( pxQueue ) != pdFALSE )
1367:Middlewares/Third_Party/FreeRTOS/Source/queue.c **** 			{
1368:Middlewares/Third_Party/FreeRTOS/Source/queue.c **** 				traceQUEUE_RECEIVE_FAILED( pxQueue );
1369:Middlewares/Third_Party/FreeRTOS/Source/queue.c **** 				return errQUEUE_EMPTY;
1370:Middlewares/Third_Party/FreeRTOS/Source/queue.c **** 			}
1371:Middlewares/Third_Party/FreeRTOS/Source/queue.c **** 			else
1372:Middlewares/Third_Party/FreeRTOS/Source/queue.c **** 			{
1373:Middlewares/Third_Party/FreeRTOS/Source/queue.c **** 				mtCOVERAGE_TEST_MARKER();
1374:Middlewares/Third_Party/FreeRTOS/Source/queue.c **** 			}
1375:Middlewares/Third_Party/FreeRTOS/Source/queue.c **** 		}
1376:Middlewares/Third_Party/FreeRTOS/Source/queue.c **** 	}
1377:Middlewares/Third_Party/FreeRTOS/Source/queue.c **** }
1378:Middlewares/Third_Party/FreeRTOS/Source/queue.c **** /*-----------------------------------------------------------*/
1379:Middlewares/Third_Party/FreeRTOS/Source/queue.c **** 
1380:Middlewares/Third_Party/FreeRTOS/Source/queue.c **** BaseType_t xQueueSemaphoreTake( QueueHandle_t xQueue, TickType_t xTicksToWait )
1381:Middlewares/Third_Party/FreeRTOS/Source/queue.c **** {
1382:Middlewares/Third_Party/FreeRTOS/Source/queue.c **** BaseType_t xEntryTimeSet = pdFALSE;
1383:Middlewares/Third_Party/FreeRTOS/Source/queue.c **** TimeOut_t xTimeOut;
1384:Middlewares/Third_Party/FreeRTOS/Source/queue.c **** Queue_t * const pxQueue = ( Queue_t * ) xQueue;
1385:Middlewares/Third_Party/FreeRTOS/Source/queue.c **** 
1386:Middlewares/Third_Party/FreeRTOS/Source/queue.c **** #if( configUSE_MUTEXES == 1 )
1387:Middlewares/Third_Party/FreeRTOS/Source/queue.c **** 	BaseType_t xInheritanceOccurred = pdFALSE;
1388:Middlewares/Third_Party/FreeRTOS/Source/queue.c **** #endif
1389:Middlewares/Third_Party/FreeRTOS/Source/queue.c **** 
1390:Middlewares/Third_Party/FreeRTOS/Source/queue.c **** 	/* Check the queue pointer is not NULL. */
1391:Middlewares/Third_Party/FreeRTOS/Source/queue.c **** 	configASSERT( ( pxQueue ) );
1392:Middlewares/Third_Party/FreeRTOS/Source/queue.c **** 
1393:Middlewares/Third_Party/FreeRTOS/Source/queue.c **** 	/* Check this really is a semaphore, in which case the item size will be
1394:Middlewares/Third_Party/FreeRTOS/Source/queue.c **** 	0. */
1395:Middlewares/Third_Party/FreeRTOS/Source/queue.c **** 	configASSERT( pxQueue->uxItemSize == 0 );
1396:Middlewares/Third_Party/FreeRTOS/Source/queue.c **** 
1397:Middlewares/Third_Party/FreeRTOS/Source/queue.c **** 	/* Cannot block if the scheduler is suspended. */
1398:Middlewares/Third_Party/FreeRTOS/Source/queue.c **** 	#if ( ( INCLUDE_xTaskGetSchedulerState == 1 ) || ( configUSE_TIMERS == 1 ) )
ARM GAS  C:\Users\31005\AppData\Local\Temp\ccp6mIRg.s 			page 26


1399:Middlewares/Third_Party/FreeRTOS/Source/queue.c **** 	{
1400:Middlewares/Third_Party/FreeRTOS/Source/queue.c **** 		configASSERT( !( ( xTaskGetSchedulerState() == taskSCHEDULER_SUSPENDED ) && ( xTicksToWait != 0 )
1401:Middlewares/Third_Party/FreeRTOS/Source/queue.c **** 	}
1402:Middlewares/Third_Party/FreeRTOS/Source/queue.c **** 	#endif
1403:Middlewares/Third_Party/FreeRTOS/Source/queue.c **** 
1404:Middlewares/Third_Party/FreeRTOS/Source/queue.c **** 
1405:Middlewares/Third_Party/FreeRTOS/Source/queue.c **** 	/* This function relaxes the coding standard somewhat to allow return
1406:Middlewares/Third_Party/FreeRTOS/Source/queue.c **** 	statements within the function itself.  This is done in the interest
1407:Middlewares/Third_Party/FreeRTOS/Source/queue.c **** 	of execution time efficiency. */
1408:Middlewares/Third_Party/FreeRTOS/Source/queue.c **** 
1409:Middlewares/Third_Party/FreeRTOS/Source/queue.c **** 	for( ;; )
1410:Middlewares/Third_Party/FreeRTOS/Source/queue.c **** 	{
1411:Middlewares/Third_Party/FreeRTOS/Source/queue.c **** 		taskENTER_CRITICAL();
1412:Middlewares/Third_Party/FreeRTOS/Source/queue.c **** 		{
1413:Middlewares/Third_Party/FreeRTOS/Source/queue.c **** 			/* Semaphores are queues with an item size of 0, and where the
1414:Middlewares/Third_Party/FreeRTOS/Source/queue.c **** 			number of messages in the queue is the semaphore's count value. */
1415:Middlewares/Third_Party/FreeRTOS/Source/queue.c **** 			const UBaseType_t uxSemaphoreCount = pxQueue->uxMessagesWaiting;
1416:Middlewares/Third_Party/FreeRTOS/Source/queue.c **** 
1417:Middlewares/Third_Party/FreeRTOS/Source/queue.c **** 			/* Is there data in the queue now?  To be running the calling task
1418:Middlewares/Third_Party/FreeRTOS/Source/queue.c **** 			must be the highest priority task wanting to access the queue. */
1419:Middlewares/Third_Party/FreeRTOS/Source/queue.c **** 			if( uxSemaphoreCount > ( UBaseType_t ) 0 )
1420:Middlewares/Third_Party/FreeRTOS/Source/queue.c **** 			{
1421:Middlewares/Third_Party/FreeRTOS/Source/queue.c **** 				traceQUEUE_RECEIVE( pxQueue );
1422:Middlewares/Third_Party/FreeRTOS/Source/queue.c **** 
1423:Middlewares/Third_Party/FreeRTOS/Source/queue.c **** 				/* Semaphores are queues with a data size of zero and where the
1424:Middlewares/Third_Party/FreeRTOS/Source/queue.c **** 				messages waiting is the semaphore's count.  Reduce the count. */
1425:Middlewares/Third_Party/FreeRTOS/Source/queue.c **** 				pxQueue->uxMessagesWaiting = uxSemaphoreCount - ( UBaseType_t ) 1;
1426:Middlewares/Third_Party/FreeRTOS/Source/queue.c **** 
1427:Middlewares/Third_Party/FreeRTOS/Source/queue.c **** 				#if ( configUSE_MUTEXES == 1 )
1428:Middlewares/Third_Party/FreeRTOS/Source/queue.c **** 				{
1429:Middlewares/Third_Party/FreeRTOS/Source/queue.c **** 					if( pxQueue->uxQueueType == queueQUEUE_IS_MUTEX )
1430:Middlewares/Third_Party/FreeRTOS/Source/queue.c **** 					{
1431:Middlewares/Third_Party/FreeRTOS/Source/queue.c **** 						/* Record the information required to implement
1432:Middlewares/Third_Party/FreeRTOS/Source/queue.c **** 						priority inheritance should it become necessary. */
1433:Middlewares/Third_Party/FreeRTOS/Source/queue.c **** 						pxQueue->pxMutexHolder = ( int8_t * ) pvTaskIncrementMutexHeldCount(); /*lint !e961 Cast is n
1434:Middlewares/Third_Party/FreeRTOS/Source/queue.c **** 					}
1435:Middlewares/Third_Party/FreeRTOS/Source/queue.c **** 					else
1436:Middlewares/Third_Party/FreeRTOS/Source/queue.c **** 					{
1437:Middlewares/Third_Party/FreeRTOS/Source/queue.c **** 						mtCOVERAGE_TEST_MARKER();
1438:Middlewares/Third_Party/FreeRTOS/Source/queue.c **** 					}
1439:Middlewares/Third_Party/FreeRTOS/Source/queue.c **** 				}
1440:Middlewares/Third_Party/FreeRTOS/Source/queue.c **** 				#endif /* configUSE_MUTEXES */
1441:Middlewares/Third_Party/FreeRTOS/Source/queue.c **** 
1442:Middlewares/Third_Party/FreeRTOS/Source/queue.c **** 				/* Check to see if other tasks are blocked waiting to give the
1443:Middlewares/Third_Party/FreeRTOS/Source/queue.c **** 				semaphore, and if so, unblock the highest priority such task. */
1444:Middlewares/Third_Party/FreeRTOS/Source/queue.c **** 				if( listLIST_IS_EMPTY( &( pxQueue->xTasksWaitingToSend ) ) == pdFALSE )
1445:Middlewares/Third_Party/FreeRTOS/Source/queue.c **** 				{
1446:Middlewares/Third_Party/FreeRTOS/Source/queue.c **** 					if( xTaskRemoveFromEventList( &( pxQueue->xTasksWaitingToSend ) ) != pdFALSE )
1447:Middlewares/Third_Party/FreeRTOS/Source/queue.c **** 					{
1448:Middlewares/Third_Party/FreeRTOS/Source/queue.c **** 						queueYIELD_IF_USING_PREEMPTION();
1449:Middlewares/Third_Party/FreeRTOS/Source/queue.c **** 					}
1450:Middlewares/Third_Party/FreeRTOS/Source/queue.c **** 					else
1451:Middlewares/Third_Party/FreeRTOS/Source/queue.c **** 					{
1452:Middlewares/Third_Party/FreeRTOS/Source/queue.c **** 						mtCOVERAGE_TEST_MARKER();
1453:Middlewares/Third_Party/FreeRTOS/Source/queue.c **** 					}
1454:Middlewares/Third_Party/FreeRTOS/Source/queue.c **** 				}
1455:Middlewares/Third_Party/FreeRTOS/Source/queue.c **** 				else
ARM GAS  C:\Users\31005\AppData\Local\Temp\ccp6mIRg.s 			page 27


1456:Middlewares/Third_Party/FreeRTOS/Source/queue.c **** 				{
1457:Middlewares/Third_Party/FreeRTOS/Source/queue.c **** 					mtCOVERAGE_TEST_MARKER();
1458:Middlewares/Third_Party/FreeRTOS/Source/queue.c **** 				}
1459:Middlewares/Third_Party/FreeRTOS/Source/queue.c **** 
1460:Middlewares/Third_Party/FreeRTOS/Source/queue.c **** 				taskEXIT_CRITICAL();
1461:Middlewares/Third_Party/FreeRTOS/Source/queue.c **** 				return pdPASS;
1462:Middlewares/Third_Party/FreeRTOS/Source/queue.c **** 			}
1463:Middlewares/Third_Party/FreeRTOS/Source/queue.c **** 			else
1464:Middlewares/Third_Party/FreeRTOS/Source/queue.c **** 			{
1465:Middlewares/Third_Party/FreeRTOS/Source/queue.c **** 				if( xTicksToWait == ( TickType_t ) 0 )
1466:Middlewares/Third_Party/FreeRTOS/Source/queue.c **** 				{
1467:Middlewares/Third_Party/FreeRTOS/Source/queue.c **** 					/* For inheritance to have occurred there must have been an
1468:Middlewares/Third_Party/FreeRTOS/Source/queue.c **** 					initial timeout, and an adjusted timeout cannot become 0, as
1469:Middlewares/Third_Party/FreeRTOS/Source/queue.c **** 					if it were 0 the function would have exited. */
1470:Middlewares/Third_Party/FreeRTOS/Source/queue.c **** 					#if( configUSE_MUTEXES == 1 )
1471:Middlewares/Third_Party/FreeRTOS/Source/queue.c **** 					{
1472:Middlewares/Third_Party/FreeRTOS/Source/queue.c **** 						configASSERT( xInheritanceOccurred == pdFALSE );
1473:Middlewares/Third_Party/FreeRTOS/Source/queue.c **** 					}
1474:Middlewares/Third_Party/FreeRTOS/Source/queue.c **** 					#endif /* configUSE_MUTEXES */
1475:Middlewares/Third_Party/FreeRTOS/Source/queue.c **** 
1476:Middlewares/Third_Party/FreeRTOS/Source/queue.c **** 					/* The semaphore count was 0 and no block time is specified
1477:Middlewares/Third_Party/FreeRTOS/Source/queue.c **** 					(or the block time has expired) so exit now. */
1478:Middlewares/Third_Party/FreeRTOS/Source/queue.c **** 					taskEXIT_CRITICAL();
1479:Middlewares/Third_Party/FreeRTOS/Source/queue.c **** 					traceQUEUE_RECEIVE_FAILED( pxQueue );
1480:Middlewares/Third_Party/FreeRTOS/Source/queue.c **** 					return errQUEUE_EMPTY;
1481:Middlewares/Third_Party/FreeRTOS/Source/queue.c **** 				}
1482:Middlewares/Third_Party/FreeRTOS/Source/queue.c **** 				else if( xEntryTimeSet == pdFALSE )
1483:Middlewares/Third_Party/FreeRTOS/Source/queue.c **** 				{
1484:Middlewares/Third_Party/FreeRTOS/Source/queue.c **** 					/* The semaphore count was 0 and a block time was specified
1485:Middlewares/Third_Party/FreeRTOS/Source/queue.c **** 					so configure the timeout structure ready to block. */
1486:Middlewares/Third_Party/FreeRTOS/Source/queue.c **** 					vTaskInternalSetTimeOutState( &xTimeOut );
1487:Middlewares/Third_Party/FreeRTOS/Source/queue.c **** 					xEntryTimeSet = pdTRUE;
1488:Middlewares/Third_Party/FreeRTOS/Source/queue.c **** 				}
1489:Middlewares/Third_Party/FreeRTOS/Source/queue.c **** 				else
1490:Middlewares/Third_Party/FreeRTOS/Source/queue.c **** 				{
1491:Middlewares/Third_Party/FreeRTOS/Source/queue.c **** 					/* Entry time was already set. */
1492:Middlewares/Third_Party/FreeRTOS/Source/queue.c **** 					mtCOVERAGE_TEST_MARKER();
1493:Middlewares/Third_Party/FreeRTOS/Source/queue.c **** 				}
1494:Middlewares/Third_Party/FreeRTOS/Source/queue.c **** 			}
1495:Middlewares/Third_Party/FreeRTOS/Source/queue.c **** 		}
1496:Middlewares/Third_Party/FreeRTOS/Source/queue.c **** 		taskEXIT_CRITICAL();
1497:Middlewares/Third_Party/FreeRTOS/Source/queue.c **** 
1498:Middlewares/Third_Party/FreeRTOS/Source/queue.c **** 		/* Interrupts and other tasks can give to and take from the semaphore
1499:Middlewares/Third_Party/FreeRTOS/Source/queue.c **** 		now the critical section has been exited. */
1500:Middlewares/Third_Party/FreeRTOS/Source/queue.c **** 
1501:Middlewares/Third_Party/FreeRTOS/Source/queue.c **** 		vTaskSuspendAll();
1502:Middlewares/Third_Party/FreeRTOS/Source/queue.c **** 		prvLockQueue( pxQueue );
1503:Middlewares/Third_Party/FreeRTOS/Source/queue.c **** 
1504:Middlewares/Third_Party/FreeRTOS/Source/queue.c **** 		/* Update the timeout state to see if it has expired yet. */
1505:Middlewares/Third_Party/FreeRTOS/Source/queue.c **** 		if( xTaskCheckForTimeOut( &xTimeOut, &xTicksToWait ) == pdFALSE )
1506:Middlewares/Third_Party/FreeRTOS/Source/queue.c **** 		{
1507:Middlewares/Third_Party/FreeRTOS/Source/queue.c **** 			/* A block time is specified and not expired.  If the semaphore
1508:Middlewares/Third_Party/FreeRTOS/Source/queue.c **** 			count is 0 then enter the Blocked state to wait for a semaphore to
1509:Middlewares/Third_Party/FreeRTOS/Source/queue.c **** 			become available.  As semaphores are implemented with queues the
1510:Middlewares/Third_Party/FreeRTOS/Source/queue.c **** 			queue being empty is equivalent to the semaphore count being 0. */
1511:Middlewares/Third_Party/FreeRTOS/Source/queue.c **** 			if( prvIsQueueEmpty( pxQueue ) != pdFALSE )
1512:Middlewares/Third_Party/FreeRTOS/Source/queue.c **** 			{
ARM GAS  C:\Users\31005\AppData\Local\Temp\ccp6mIRg.s 			page 28


1513:Middlewares/Third_Party/FreeRTOS/Source/queue.c **** 				traceBLOCKING_ON_QUEUE_RECEIVE( pxQueue );
1514:Middlewares/Third_Party/FreeRTOS/Source/queue.c **** 
1515:Middlewares/Third_Party/FreeRTOS/Source/queue.c **** 				#if ( configUSE_MUTEXES == 1 )
1516:Middlewares/Third_Party/FreeRTOS/Source/queue.c **** 				{
1517:Middlewares/Third_Party/FreeRTOS/Source/queue.c **** 					if( pxQueue->uxQueueType == queueQUEUE_IS_MUTEX )
1518:Middlewares/Third_Party/FreeRTOS/Source/queue.c **** 					{
1519:Middlewares/Third_Party/FreeRTOS/Source/queue.c **** 						taskENTER_CRITICAL();
1520:Middlewares/Third_Party/FreeRTOS/Source/queue.c **** 						{
1521:Middlewares/Third_Party/FreeRTOS/Source/queue.c **** 							xInheritanceOccurred = xTaskPriorityInherit( ( void * ) pxQueue->pxMutexHolder );
1522:Middlewares/Third_Party/FreeRTOS/Source/queue.c **** 						}
1523:Middlewares/Third_Party/FreeRTOS/Source/queue.c **** 						taskEXIT_CRITICAL();
1524:Middlewares/Third_Party/FreeRTOS/Source/queue.c **** 					}
1525:Middlewares/Third_Party/FreeRTOS/Source/queue.c **** 					else
1526:Middlewares/Third_Party/FreeRTOS/Source/queue.c **** 					{
1527:Middlewares/Third_Party/FreeRTOS/Source/queue.c **** 						mtCOVERAGE_TEST_MARKER();
1528:Middlewares/Third_Party/FreeRTOS/Source/queue.c **** 					}
1529:Middlewares/Third_Party/FreeRTOS/Source/queue.c **** 				}
1530:Middlewares/Third_Party/FreeRTOS/Source/queue.c **** 				#endif
1531:Middlewares/Third_Party/FreeRTOS/Source/queue.c **** 
1532:Middlewares/Third_Party/FreeRTOS/Source/queue.c **** 				vTaskPlaceOnEventList( &( pxQueue->xTasksWaitingToReceive ), xTicksToWait );
1533:Middlewares/Third_Party/FreeRTOS/Source/queue.c **** 				prvUnlockQueue( pxQueue );
1534:Middlewares/Third_Party/FreeRTOS/Source/queue.c **** 				if( xTaskResumeAll() == pdFALSE )
1535:Middlewares/Third_Party/FreeRTOS/Source/queue.c **** 				{
1536:Middlewares/Third_Party/FreeRTOS/Source/queue.c **** 					portYIELD_WITHIN_API();
1537:Middlewares/Third_Party/FreeRTOS/Source/queue.c **** 				}
1538:Middlewares/Third_Party/FreeRTOS/Source/queue.c **** 				else
1539:Middlewares/Third_Party/FreeRTOS/Source/queue.c **** 				{
1540:Middlewares/Third_Party/FreeRTOS/Source/queue.c **** 					mtCOVERAGE_TEST_MARKER();
1541:Middlewares/Third_Party/FreeRTOS/Source/queue.c **** 				}
1542:Middlewares/Third_Party/FreeRTOS/Source/queue.c **** 			}
1543:Middlewares/Third_Party/FreeRTOS/Source/queue.c **** 			else
1544:Middlewares/Third_Party/FreeRTOS/Source/queue.c **** 			{
1545:Middlewares/Third_Party/FreeRTOS/Source/queue.c **** 				/* There was no timeout and the semaphore count was not 0, so
1546:Middlewares/Third_Party/FreeRTOS/Source/queue.c **** 				attempt to take the semaphore again. */
1547:Middlewares/Third_Party/FreeRTOS/Source/queue.c **** 				prvUnlockQueue( pxQueue );
1548:Middlewares/Third_Party/FreeRTOS/Source/queue.c **** 				( void ) xTaskResumeAll();
1549:Middlewares/Third_Party/FreeRTOS/Source/queue.c **** 			}
1550:Middlewares/Third_Party/FreeRTOS/Source/queue.c **** 		}
1551:Middlewares/Third_Party/FreeRTOS/Source/queue.c **** 		else
1552:Middlewares/Third_Party/FreeRTOS/Source/queue.c **** 		{
1553:Middlewares/Third_Party/FreeRTOS/Source/queue.c **** 			/* Timed out. */
1554:Middlewares/Third_Party/FreeRTOS/Source/queue.c **** 			prvUnlockQueue( pxQueue );
1555:Middlewares/Third_Party/FreeRTOS/Source/queue.c **** 			( void ) xTaskResumeAll();
1556:Middlewares/Third_Party/FreeRTOS/Source/queue.c **** 
1557:Middlewares/Third_Party/FreeRTOS/Source/queue.c **** 			/* If the semaphore count is 0 exit now as the timeout has
1558:Middlewares/Third_Party/FreeRTOS/Source/queue.c **** 			expired.  Otherwise return to attempt to take the semaphore that is
1559:Middlewares/Third_Party/FreeRTOS/Source/queue.c **** 			known to be available.  As semaphores are implemented by queues the
1560:Middlewares/Third_Party/FreeRTOS/Source/queue.c **** 			queue being empty is equivalent to the semaphore count being 0. */
1561:Middlewares/Third_Party/FreeRTOS/Source/queue.c **** 			if( prvIsQueueEmpty( pxQueue ) != pdFALSE )
1562:Middlewares/Third_Party/FreeRTOS/Source/queue.c **** 			{
1563:Middlewares/Third_Party/FreeRTOS/Source/queue.c **** 				#if ( configUSE_MUTEXES == 1 )
1564:Middlewares/Third_Party/FreeRTOS/Source/queue.c **** 				{
1565:Middlewares/Third_Party/FreeRTOS/Source/queue.c **** 					/* xInheritanceOccurred could only have be set if
1566:Middlewares/Third_Party/FreeRTOS/Source/queue.c **** 					pxQueue->uxQueueType == queueQUEUE_IS_MUTEX so no need to
1567:Middlewares/Third_Party/FreeRTOS/Source/queue.c **** 					test the mutex type again to check it is actually a mutex. */
1568:Middlewares/Third_Party/FreeRTOS/Source/queue.c **** 					if( xInheritanceOccurred != pdFALSE )
1569:Middlewares/Third_Party/FreeRTOS/Source/queue.c **** 					{
ARM GAS  C:\Users\31005\AppData\Local\Temp\ccp6mIRg.s 			page 29


1570:Middlewares/Third_Party/FreeRTOS/Source/queue.c **** 						taskENTER_CRITICAL();
1571:Middlewares/Third_Party/FreeRTOS/Source/queue.c **** 						{
1572:Middlewares/Third_Party/FreeRTOS/Source/queue.c **** 							UBaseType_t uxHighestWaitingPriority;
1573:Middlewares/Third_Party/FreeRTOS/Source/queue.c **** 
1574:Middlewares/Third_Party/FreeRTOS/Source/queue.c **** 							/* This task blocking on the mutex caused another
1575:Middlewares/Third_Party/FreeRTOS/Source/queue.c **** 							task to inherit this task's priority.  Now this task
1576:Middlewares/Third_Party/FreeRTOS/Source/queue.c **** 							has timed out the priority should be disinherited
1577:Middlewares/Third_Party/FreeRTOS/Source/queue.c **** 							again, but only as low as the next highest priority
1578:Middlewares/Third_Party/FreeRTOS/Source/queue.c **** 							task that is waiting for the same mutex. */
1579:Middlewares/Third_Party/FreeRTOS/Source/queue.c **** 							uxHighestWaitingPriority = prvGetDisinheritPriorityAfterTimeout( pxQueue );
1580:Middlewares/Third_Party/FreeRTOS/Source/queue.c **** 							vTaskPriorityDisinheritAfterTimeout( ( void * ) pxQueue->pxMutexHolder, uxHighestWaitingPrio
1581:Middlewares/Third_Party/FreeRTOS/Source/queue.c **** 						}
1582:Middlewares/Third_Party/FreeRTOS/Source/queue.c **** 						taskEXIT_CRITICAL();
1583:Middlewares/Third_Party/FreeRTOS/Source/queue.c **** 					}
1584:Middlewares/Third_Party/FreeRTOS/Source/queue.c **** 				}
1585:Middlewares/Third_Party/FreeRTOS/Source/queue.c **** 				#endif /* configUSE_MUTEXES */
1586:Middlewares/Third_Party/FreeRTOS/Source/queue.c **** 
1587:Middlewares/Third_Party/FreeRTOS/Source/queue.c **** 				traceQUEUE_RECEIVE_FAILED( pxQueue );
1588:Middlewares/Third_Party/FreeRTOS/Source/queue.c **** 				return errQUEUE_EMPTY;
1589:Middlewares/Third_Party/FreeRTOS/Source/queue.c **** 			}
1590:Middlewares/Third_Party/FreeRTOS/Source/queue.c **** 			else
1591:Middlewares/Third_Party/FreeRTOS/Source/queue.c **** 			{
1592:Middlewares/Third_Party/FreeRTOS/Source/queue.c **** 				mtCOVERAGE_TEST_MARKER();
1593:Middlewares/Third_Party/FreeRTOS/Source/queue.c **** 			}
1594:Middlewares/Third_Party/FreeRTOS/Source/queue.c **** 		}
1595:Middlewares/Third_Party/FreeRTOS/Source/queue.c **** 	}
1596:Middlewares/Third_Party/FreeRTOS/Source/queue.c **** }
1597:Middlewares/Third_Party/FreeRTOS/Source/queue.c **** /*-----------------------------------------------------------*/
1598:Middlewares/Third_Party/FreeRTOS/Source/queue.c **** 
1599:Middlewares/Third_Party/FreeRTOS/Source/queue.c **** BaseType_t xQueuePeek( QueueHandle_t xQueue, void * const pvBuffer, TickType_t xTicksToWait )
1600:Middlewares/Third_Party/FreeRTOS/Source/queue.c **** {
1601:Middlewares/Third_Party/FreeRTOS/Source/queue.c **** BaseType_t xEntryTimeSet = pdFALSE;
1602:Middlewares/Third_Party/FreeRTOS/Source/queue.c **** TimeOut_t xTimeOut;
1603:Middlewares/Third_Party/FreeRTOS/Source/queue.c **** int8_t *pcOriginalReadPosition;
1604:Middlewares/Third_Party/FreeRTOS/Source/queue.c **** Queue_t * const pxQueue = ( Queue_t * ) xQueue;
1605:Middlewares/Third_Party/FreeRTOS/Source/queue.c **** 
1606:Middlewares/Third_Party/FreeRTOS/Source/queue.c **** 	/* Check the pointer is not NULL. */
1607:Middlewares/Third_Party/FreeRTOS/Source/queue.c **** 	configASSERT( ( pxQueue ) );
1608:Middlewares/Third_Party/FreeRTOS/Source/queue.c **** 
1609:Middlewares/Third_Party/FreeRTOS/Source/queue.c **** 	/* The buffer into which data is received can only be NULL if the data size
1610:Middlewares/Third_Party/FreeRTOS/Source/queue.c **** 	is zero (so no data is copied into the buffer. */
1611:Middlewares/Third_Party/FreeRTOS/Source/queue.c **** 	configASSERT( !( ( ( pvBuffer ) == NULL ) && ( ( pxQueue )->uxItemSize != ( UBaseType_t ) 0U ) ) )
1612:Middlewares/Third_Party/FreeRTOS/Source/queue.c **** 
1613:Middlewares/Third_Party/FreeRTOS/Source/queue.c **** 	/* Cannot block if the scheduler is suspended. */
1614:Middlewares/Third_Party/FreeRTOS/Source/queue.c **** 	#if ( ( INCLUDE_xTaskGetSchedulerState == 1 ) || ( configUSE_TIMERS == 1 ) )
1615:Middlewares/Third_Party/FreeRTOS/Source/queue.c **** 	{
1616:Middlewares/Third_Party/FreeRTOS/Source/queue.c **** 		configASSERT( !( ( xTaskGetSchedulerState() == taskSCHEDULER_SUSPENDED ) && ( xTicksToWait != 0 )
1617:Middlewares/Third_Party/FreeRTOS/Source/queue.c **** 	}
1618:Middlewares/Third_Party/FreeRTOS/Source/queue.c **** 	#endif
1619:Middlewares/Third_Party/FreeRTOS/Source/queue.c **** 
1620:Middlewares/Third_Party/FreeRTOS/Source/queue.c **** 
1621:Middlewares/Third_Party/FreeRTOS/Source/queue.c **** 	/* This function relaxes the coding standard somewhat to allow return
1622:Middlewares/Third_Party/FreeRTOS/Source/queue.c **** 	statements within the function itself.  This is done in the interest
1623:Middlewares/Third_Party/FreeRTOS/Source/queue.c **** 	of execution time efficiency. */
1624:Middlewares/Third_Party/FreeRTOS/Source/queue.c **** 
1625:Middlewares/Third_Party/FreeRTOS/Source/queue.c **** 	for( ;; )
1626:Middlewares/Third_Party/FreeRTOS/Source/queue.c **** 	{
ARM GAS  C:\Users\31005\AppData\Local\Temp\ccp6mIRg.s 			page 30


1627:Middlewares/Third_Party/FreeRTOS/Source/queue.c **** 		taskENTER_CRITICAL();
1628:Middlewares/Third_Party/FreeRTOS/Source/queue.c **** 		{
1629:Middlewares/Third_Party/FreeRTOS/Source/queue.c **** 			const UBaseType_t uxMessagesWaiting = pxQueue->uxMessagesWaiting;
1630:Middlewares/Third_Party/FreeRTOS/Source/queue.c **** 
1631:Middlewares/Third_Party/FreeRTOS/Source/queue.c **** 			/* Is there data in the queue now?  To be running the calling task
1632:Middlewares/Third_Party/FreeRTOS/Source/queue.c **** 			must be the highest priority task wanting to access the queue. */
1633:Middlewares/Third_Party/FreeRTOS/Source/queue.c **** 			if( uxMessagesWaiting > ( UBaseType_t ) 0 )
1634:Middlewares/Third_Party/FreeRTOS/Source/queue.c **** 			{
1635:Middlewares/Third_Party/FreeRTOS/Source/queue.c **** 				/* Remember the read position so it can be reset after the data
1636:Middlewares/Third_Party/FreeRTOS/Source/queue.c **** 				is read from the queue as this function is only peeking the
1637:Middlewares/Third_Party/FreeRTOS/Source/queue.c **** 				data, not removing it. */
1638:Middlewares/Third_Party/FreeRTOS/Source/queue.c **** 				pcOriginalReadPosition = pxQueue->u.pcReadFrom;
1639:Middlewares/Third_Party/FreeRTOS/Source/queue.c **** 
1640:Middlewares/Third_Party/FreeRTOS/Source/queue.c **** 				prvCopyDataFromQueue( pxQueue, pvBuffer );
1641:Middlewares/Third_Party/FreeRTOS/Source/queue.c **** 				traceQUEUE_PEEK( pxQueue );
1642:Middlewares/Third_Party/FreeRTOS/Source/queue.c **** 
1643:Middlewares/Third_Party/FreeRTOS/Source/queue.c **** 				/* The data is not being removed, so reset the read pointer. */
1644:Middlewares/Third_Party/FreeRTOS/Source/queue.c **** 				pxQueue->u.pcReadFrom = pcOriginalReadPosition;
1645:Middlewares/Third_Party/FreeRTOS/Source/queue.c **** 
1646:Middlewares/Third_Party/FreeRTOS/Source/queue.c **** 				/* The data is being left in the queue, so see if there are
1647:Middlewares/Third_Party/FreeRTOS/Source/queue.c **** 				any other tasks waiting for the data. */
1648:Middlewares/Third_Party/FreeRTOS/Source/queue.c **** 				if( listLIST_IS_EMPTY( &( pxQueue->xTasksWaitingToReceive ) ) == pdFALSE )
1649:Middlewares/Third_Party/FreeRTOS/Source/queue.c **** 				{
1650:Middlewares/Third_Party/FreeRTOS/Source/queue.c **** 					if( xTaskRemoveFromEventList( &( pxQueue->xTasksWaitingToReceive ) ) != pdFALSE )
1651:Middlewares/Third_Party/FreeRTOS/Source/queue.c **** 					{
1652:Middlewares/Third_Party/FreeRTOS/Source/queue.c **** 						/* The task waiting has a higher priority than this task. */
1653:Middlewares/Third_Party/FreeRTOS/Source/queue.c **** 						queueYIELD_IF_USING_PREEMPTION();
1654:Middlewares/Third_Party/FreeRTOS/Source/queue.c **** 					}
1655:Middlewares/Third_Party/FreeRTOS/Source/queue.c **** 					else
1656:Middlewares/Third_Party/FreeRTOS/Source/queue.c **** 					{
1657:Middlewares/Third_Party/FreeRTOS/Source/queue.c **** 						mtCOVERAGE_TEST_MARKER();
1658:Middlewares/Third_Party/FreeRTOS/Source/queue.c **** 					}
1659:Middlewares/Third_Party/FreeRTOS/Source/queue.c **** 				}
1660:Middlewares/Third_Party/FreeRTOS/Source/queue.c **** 				else
1661:Middlewares/Third_Party/FreeRTOS/Source/queue.c **** 				{
1662:Middlewares/Third_Party/FreeRTOS/Source/queue.c **** 					mtCOVERAGE_TEST_MARKER();
1663:Middlewares/Third_Party/FreeRTOS/Source/queue.c **** 				}
1664:Middlewares/Third_Party/FreeRTOS/Source/queue.c **** 
1665:Middlewares/Third_Party/FreeRTOS/Source/queue.c **** 				taskEXIT_CRITICAL();
1666:Middlewares/Third_Party/FreeRTOS/Source/queue.c **** 				return pdPASS;
1667:Middlewares/Third_Party/FreeRTOS/Source/queue.c **** 			}
1668:Middlewares/Third_Party/FreeRTOS/Source/queue.c **** 			else
1669:Middlewares/Third_Party/FreeRTOS/Source/queue.c **** 			{
1670:Middlewares/Third_Party/FreeRTOS/Source/queue.c **** 				if( xTicksToWait == ( TickType_t ) 0 )
1671:Middlewares/Third_Party/FreeRTOS/Source/queue.c **** 				{
1672:Middlewares/Third_Party/FreeRTOS/Source/queue.c **** 					/* The queue was empty and no block time is specified (or
1673:Middlewares/Third_Party/FreeRTOS/Source/queue.c **** 					the block time has expired) so leave now. */
1674:Middlewares/Third_Party/FreeRTOS/Source/queue.c **** 					taskEXIT_CRITICAL();
1675:Middlewares/Third_Party/FreeRTOS/Source/queue.c **** 					traceQUEUE_PEEK_FAILED( pxQueue );
1676:Middlewares/Third_Party/FreeRTOS/Source/queue.c **** 					return errQUEUE_EMPTY;
1677:Middlewares/Third_Party/FreeRTOS/Source/queue.c **** 				}
1678:Middlewares/Third_Party/FreeRTOS/Source/queue.c **** 				else if( xEntryTimeSet == pdFALSE )
1679:Middlewares/Third_Party/FreeRTOS/Source/queue.c **** 				{
1680:Middlewares/Third_Party/FreeRTOS/Source/queue.c **** 					/* The queue was empty and a block time was specified so
1681:Middlewares/Third_Party/FreeRTOS/Source/queue.c **** 					configure the timeout structure ready to enter the blocked
1682:Middlewares/Third_Party/FreeRTOS/Source/queue.c **** 					state. */
1683:Middlewares/Third_Party/FreeRTOS/Source/queue.c **** 					vTaskInternalSetTimeOutState( &xTimeOut );
ARM GAS  C:\Users\31005\AppData\Local\Temp\ccp6mIRg.s 			page 31


1684:Middlewares/Third_Party/FreeRTOS/Source/queue.c **** 					xEntryTimeSet = pdTRUE;
1685:Middlewares/Third_Party/FreeRTOS/Source/queue.c **** 				}
1686:Middlewares/Third_Party/FreeRTOS/Source/queue.c **** 				else
1687:Middlewares/Third_Party/FreeRTOS/Source/queue.c **** 				{
1688:Middlewares/Third_Party/FreeRTOS/Source/queue.c **** 					/* Entry time was already set. */
1689:Middlewares/Third_Party/FreeRTOS/Source/queue.c **** 					mtCOVERAGE_TEST_MARKER();
1690:Middlewares/Third_Party/FreeRTOS/Source/queue.c **** 				}
1691:Middlewares/Third_Party/FreeRTOS/Source/queue.c **** 			}
1692:Middlewares/Third_Party/FreeRTOS/Source/queue.c **** 		}
1693:Middlewares/Third_Party/FreeRTOS/Source/queue.c **** 		taskEXIT_CRITICAL();
1694:Middlewares/Third_Party/FreeRTOS/Source/queue.c **** 
1695:Middlewares/Third_Party/FreeRTOS/Source/queue.c **** 		/* Interrupts and other tasks can send to and receive from the queue
1696:Middlewares/Third_Party/FreeRTOS/Source/queue.c **** 		now the critical section has been exited. */
1697:Middlewares/Third_Party/FreeRTOS/Source/queue.c **** 
1698:Middlewares/Third_Party/FreeRTOS/Source/queue.c **** 		vTaskSuspendAll();
1699:Middlewares/Third_Party/FreeRTOS/Source/queue.c **** 		prvLockQueue( pxQueue );
1700:Middlewares/Third_Party/FreeRTOS/Source/queue.c **** 
1701:Middlewares/Third_Party/FreeRTOS/Source/queue.c **** 		/* Update the timeout state to see if it has expired yet. */
1702:Middlewares/Third_Party/FreeRTOS/Source/queue.c **** 		if( xTaskCheckForTimeOut( &xTimeOut, &xTicksToWait ) == pdFALSE )
1703:Middlewares/Third_Party/FreeRTOS/Source/queue.c **** 		{
1704:Middlewares/Third_Party/FreeRTOS/Source/queue.c **** 			/* Timeout has not expired yet, check to see if there is data in the
1705:Middlewares/Third_Party/FreeRTOS/Source/queue.c **** 			queue now, and if not enter the Blocked state to wait for data. */
1706:Middlewares/Third_Party/FreeRTOS/Source/queue.c **** 			if( prvIsQueueEmpty( pxQueue ) != pdFALSE )
1707:Middlewares/Third_Party/FreeRTOS/Source/queue.c **** 			{
1708:Middlewares/Third_Party/FreeRTOS/Source/queue.c **** 				traceBLOCKING_ON_QUEUE_PEEK( pxQueue );
1709:Middlewares/Third_Party/FreeRTOS/Source/queue.c **** 				vTaskPlaceOnEventList( &( pxQueue->xTasksWaitingToReceive ), xTicksToWait );
1710:Middlewares/Third_Party/FreeRTOS/Source/queue.c **** 				prvUnlockQueue( pxQueue );
1711:Middlewares/Third_Party/FreeRTOS/Source/queue.c **** 				if( xTaskResumeAll() == pdFALSE )
1712:Middlewares/Third_Party/FreeRTOS/Source/queue.c **** 				{
1713:Middlewares/Third_Party/FreeRTOS/Source/queue.c **** 					portYIELD_WITHIN_API();
1714:Middlewares/Third_Party/FreeRTOS/Source/queue.c **** 				}
1715:Middlewares/Third_Party/FreeRTOS/Source/queue.c **** 				else
1716:Middlewares/Third_Party/FreeRTOS/Source/queue.c **** 				{
1717:Middlewares/Third_Party/FreeRTOS/Source/queue.c **** 					mtCOVERAGE_TEST_MARKER();
1718:Middlewares/Third_Party/FreeRTOS/Source/queue.c **** 				}
1719:Middlewares/Third_Party/FreeRTOS/Source/queue.c **** 			}
1720:Middlewares/Third_Party/FreeRTOS/Source/queue.c **** 			else
1721:Middlewares/Third_Party/FreeRTOS/Source/queue.c **** 			{
1722:Middlewares/Third_Party/FreeRTOS/Source/queue.c **** 				/* There is data in the queue now, so don't enter the blocked
1723:Middlewares/Third_Party/FreeRTOS/Source/queue.c **** 				state, instead return to try and obtain the data. */
1724:Middlewares/Third_Party/FreeRTOS/Source/queue.c **** 				prvUnlockQueue( pxQueue );
1725:Middlewares/Third_Party/FreeRTOS/Source/queue.c **** 				( void ) xTaskResumeAll();
1726:Middlewares/Third_Party/FreeRTOS/Source/queue.c **** 			}
1727:Middlewares/Third_Party/FreeRTOS/Source/queue.c **** 		}
1728:Middlewares/Third_Party/FreeRTOS/Source/queue.c **** 		else
1729:Middlewares/Third_Party/FreeRTOS/Source/queue.c **** 		{
1730:Middlewares/Third_Party/FreeRTOS/Source/queue.c **** 			/* The timeout has expired.  If there is still no data in the queue
1731:Middlewares/Third_Party/FreeRTOS/Source/queue.c **** 			exit, otherwise go back and try to read the data again. */
1732:Middlewares/Third_Party/FreeRTOS/Source/queue.c **** 			prvUnlockQueue( pxQueue );
1733:Middlewares/Third_Party/FreeRTOS/Source/queue.c **** 			( void ) xTaskResumeAll();
1734:Middlewares/Third_Party/FreeRTOS/Source/queue.c **** 
1735:Middlewares/Third_Party/FreeRTOS/Source/queue.c **** 			if( prvIsQueueEmpty( pxQueue ) != pdFALSE )
1736:Middlewares/Third_Party/FreeRTOS/Source/queue.c **** 			{
1737:Middlewares/Third_Party/FreeRTOS/Source/queue.c **** 				traceQUEUE_PEEK_FAILED( pxQueue );
1738:Middlewares/Third_Party/FreeRTOS/Source/queue.c **** 				return errQUEUE_EMPTY;
1739:Middlewares/Third_Party/FreeRTOS/Source/queue.c **** 			}
1740:Middlewares/Third_Party/FreeRTOS/Source/queue.c **** 			else
ARM GAS  C:\Users\31005\AppData\Local\Temp\ccp6mIRg.s 			page 32


1741:Middlewares/Third_Party/FreeRTOS/Source/queue.c **** 			{
1742:Middlewares/Third_Party/FreeRTOS/Source/queue.c **** 				mtCOVERAGE_TEST_MARKER();
1743:Middlewares/Third_Party/FreeRTOS/Source/queue.c **** 			}
1744:Middlewares/Third_Party/FreeRTOS/Source/queue.c **** 		}
1745:Middlewares/Third_Party/FreeRTOS/Source/queue.c **** 	}
1746:Middlewares/Third_Party/FreeRTOS/Source/queue.c **** }
1747:Middlewares/Third_Party/FreeRTOS/Source/queue.c **** /*-----------------------------------------------------------*/
1748:Middlewares/Third_Party/FreeRTOS/Source/queue.c **** 
1749:Middlewares/Third_Party/FreeRTOS/Source/queue.c **** BaseType_t xQueueReceiveFromISR( QueueHandle_t xQueue, void * const pvBuffer, BaseType_t * const px
1750:Middlewares/Third_Party/FreeRTOS/Source/queue.c **** {
1751:Middlewares/Third_Party/FreeRTOS/Source/queue.c **** BaseType_t xReturn;
1752:Middlewares/Third_Party/FreeRTOS/Source/queue.c **** UBaseType_t uxSavedInterruptStatus;
1753:Middlewares/Third_Party/FreeRTOS/Source/queue.c **** Queue_t * const pxQueue = ( Queue_t * ) xQueue;
1754:Middlewares/Third_Party/FreeRTOS/Source/queue.c **** 
1755:Middlewares/Third_Party/FreeRTOS/Source/queue.c **** 	configASSERT( pxQueue );
1756:Middlewares/Third_Party/FreeRTOS/Source/queue.c **** 	configASSERT( !( ( pvBuffer == NULL ) && ( pxQueue->uxItemSize != ( UBaseType_t ) 0U ) ) );
1757:Middlewares/Third_Party/FreeRTOS/Source/queue.c **** 
1758:Middlewares/Third_Party/FreeRTOS/Source/queue.c **** 	/* RTOS ports that support interrupt nesting have the concept of a maximum
1759:Middlewares/Third_Party/FreeRTOS/Source/queue.c **** 	system call (or maximum API call) interrupt priority.  Interrupts that are
1760:Middlewares/Third_Party/FreeRTOS/Source/queue.c **** 	above the maximum system call priority are kept permanently enabled, even
1761:Middlewares/Third_Party/FreeRTOS/Source/queue.c **** 	when the RTOS kernel is in a critical section, but cannot make any calls to
1762:Middlewares/Third_Party/FreeRTOS/Source/queue.c **** 	FreeRTOS API functions.  If configASSERT() is defined in FreeRTOSConfig.h
1763:Middlewares/Third_Party/FreeRTOS/Source/queue.c **** 	then portASSERT_IF_INTERRUPT_PRIORITY_INVALID() will result in an assertion
1764:Middlewares/Third_Party/FreeRTOS/Source/queue.c **** 	failure if a FreeRTOS API function is called from an interrupt that has been
1765:Middlewares/Third_Party/FreeRTOS/Source/queue.c **** 	assigned a priority above the configured maximum system call priority.
1766:Middlewares/Third_Party/FreeRTOS/Source/queue.c **** 	Only FreeRTOS functions that end in FromISR can be called from interrupts
1767:Middlewares/Third_Party/FreeRTOS/Source/queue.c **** 	that have been assigned a priority at or (logically) below the maximum
1768:Middlewares/Third_Party/FreeRTOS/Source/queue.c **** 	system call	interrupt priority.  FreeRTOS maintains a separate interrupt
1769:Middlewares/Third_Party/FreeRTOS/Source/queue.c **** 	safe API to ensure interrupt entry is as fast and as simple as possible.
1770:Middlewares/Third_Party/FreeRTOS/Source/queue.c **** 	More information (albeit Cortex-M specific) is provided on the following
1771:Middlewares/Third_Party/FreeRTOS/Source/queue.c **** 	link: http://www.freertos.org/RTOS-Cortex-M3-M4.html */
1772:Middlewares/Third_Party/FreeRTOS/Source/queue.c **** 	portASSERT_IF_INTERRUPT_PRIORITY_INVALID();
1773:Middlewares/Third_Party/FreeRTOS/Source/queue.c **** 
1774:Middlewares/Third_Party/FreeRTOS/Source/queue.c **** 	uxSavedInterruptStatus = portSET_INTERRUPT_MASK_FROM_ISR();
1775:Middlewares/Third_Party/FreeRTOS/Source/queue.c **** 	{
1776:Middlewares/Third_Party/FreeRTOS/Source/queue.c **** 		const UBaseType_t uxMessagesWaiting = pxQueue->uxMessagesWaiting;
1777:Middlewares/Third_Party/FreeRTOS/Source/queue.c **** 
1778:Middlewares/Third_Party/FreeRTOS/Source/queue.c **** 		/* Cannot block in an ISR, so check there is data available. */
1779:Middlewares/Third_Party/FreeRTOS/Source/queue.c **** 		if( uxMessagesWaiting > ( UBaseType_t ) 0 )
1780:Middlewares/Third_Party/FreeRTOS/Source/queue.c **** 		{
1781:Middlewares/Third_Party/FreeRTOS/Source/queue.c **** 			const int8_t cRxLock = pxQueue->cRxLock;
1782:Middlewares/Third_Party/FreeRTOS/Source/queue.c **** 
1783:Middlewares/Third_Party/FreeRTOS/Source/queue.c **** 			traceQUEUE_RECEIVE_FROM_ISR( pxQueue );
1784:Middlewares/Third_Party/FreeRTOS/Source/queue.c **** 
1785:Middlewares/Third_Party/FreeRTOS/Source/queue.c **** 			prvCopyDataFromQueue( pxQueue, pvBuffer );
1786:Middlewares/Third_Party/FreeRTOS/Source/queue.c **** 			pxQueue->uxMessagesWaiting = uxMessagesWaiting - ( UBaseType_t ) 1;
1787:Middlewares/Third_Party/FreeRTOS/Source/queue.c **** 
1788:Middlewares/Third_Party/FreeRTOS/Source/queue.c **** 			/* If the queue is locked the event list will not be modified.
1789:Middlewares/Third_Party/FreeRTOS/Source/queue.c **** 			Instead update the lock count so the task that unlocks the queue
1790:Middlewares/Third_Party/FreeRTOS/Source/queue.c **** 			will know that an ISR has removed data while the queue was
1791:Middlewares/Third_Party/FreeRTOS/Source/queue.c **** 			locked. */
1792:Middlewares/Third_Party/FreeRTOS/Source/queue.c **** 			if( cRxLock == queueUNLOCKED )
1793:Middlewares/Third_Party/FreeRTOS/Source/queue.c **** 			{
1794:Middlewares/Third_Party/FreeRTOS/Source/queue.c **** 				if( listLIST_IS_EMPTY( &( pxQueue->xTasksWaitingToSend ) ) == pdFALSE )
1795:Middlewares/Third_Party/FreeRTOS/Source/queue.c **** 				{
1796:Middlewares/Third_Party/FreeRTOS/Source/queue.c **** 					if( xTaskRemoveFromEventList( &( pxQueue->xTasksWaitingToSend ) ) != pdFALSE )
1797:Middlewares/Third_Party/FreeRTOS/Source/queue.c **** 					{
ARM GAS  C:\Users\31005\AppData\Local\Temp\ccp6mIRg.s 			page 33


1798:Middlewares/Third_Party/FreeRTOS/Source/queue.c **** 						/* The task waiting has a higher priority than us so
1799:Middlewares/Third_Party/FreeRTOS/Source/queue.c **** 						force a context switch. */
1800:Middlewares/Third_Party/FreeRTOS/Source/queue.c **** 						if( pxHigherPriorityTaskWoken != NULL )
1801:Middlewares/Third_Party/FreeRTOS/Source/queue.c **** 						{
1802:Middlewares/Third_Party/FreeRTOS/Source/queue.c **** 							*pxHigherPriorityTaskWoken = pdTRUE;
1803:Middlewares/Third_Party/FreeRTOS/Source/queue.c **** 						}
1804:Middlewares/Third_Party/FreeRTOS/Source/queue.c **** 						else
1805:Middlewares/Third_Party/FreeRTOS/Source/queue.c **** 						{
1806:Middlewares/Third_Party/FreeRTOS/Source/queue.c **** 							mtCOVERAGE_TEST_MARKER();
1807:Middlewares/Third_Party/FreeRTOS/Source/queue.c **** 						}
1808:Middlewares/Third_Party/FreeRTOS/Source/queue.c **** 					}
1809:Middlewares/Third_Party/FreeRTOS/Source/queue.c **** 					else
1810:Middlewares/Third_Party/FreeRTOS/Source/queue.c **** 					{
1811:Middlewares/Third_Party/FreeRTOS/Source/queue.c **** 						mtCOVERAGE_TEST_MARKER();
1812:Middlewares/Third_Party/FreeRTOS/Source/queue.c **** 					}
1813:Middlewares/Third_Party/FreeRTOS/Source/queue.c **** 				}
1814:Middlewares/Third_Party/FreeRTOS/Source/queue.c **** 				else
1815:Middlewares/Third_Party/FreeRTOS/Source/queue.c **** 				{
1816:Middlewares/Third_Party/FreeRTOS/Source/queue.c **** 					mtCOVERAGE_TEST_MARKER();
1817:Middlewares/Third_Party/FreeRTOS/Source/queue.c **** 				}
1818:Middlewares/Third_Party/FreeRTOS/Source/queue.c **** 			}
1819:Middlewares/Third_Party/FreeRTOS/Source/queue.c **** 			else
1820:Middlewares/Third_Party/FreeRTOS/Source/queue.c **** 			{
1821:Middlewares/Third_Party/FreeRTOS/Source/queue.c **** 				/* Increment the lock count so the task that unlocks the queue
1822:Middlewares/Third_Party/FreeRTOS/Source/queue.c **** 				knows that data was removed while it was locked. */
1823:Middlewares/Third_Party/FreeRTOS/Source/queue.c **** 				pxQueue->cRxLock = ( int8_t ) ( cRxLock + 1 );
1824:Middlewares/Third_Party/FreeRTOS/Source/queue.c **** 			}
1825:Middlewares/Third_Party/FreeRTOS/Source/queue.c **** 
1826:Middlewares/Third_Party/FreeRTOS/Source/queue.c **** 			xReturn = pdPASS;
1827:Middlewares/Third_Party/FreeRTOS/Source/queue.c **** 		}
1828:Middlewares/Third_Party/FreeRTOS/Source/queue.c **** 		else
1829:Middlewares/Third_Party/FreeRTOS/Source/queue.c **** 		{
1830:Middlewares/Third_Party/FreeRTOS/Source/queue.c **** 			xReturn = pdFAIL;
1831:Middlewares/Third_Party/FreeRTOS/Source/queue.c **** 			traceQUEUE_RECEIVE_FROM_ISR_FAILED( pxQueue );
1832:Middlewares/Third_Party/FreeRTOS/Source/queue.c **** 		}
1833:Middlewares/Third_Party/FreeRTOS/Source/queue.c **** 	}
1834:Middlewares/Third_Party/FreeRTOS/Source/queue.c **** 	portCLEAR_INTERRUPT_MASK_FROM_ISR( uxSavedInterruptStatus );
1835:Middlewares/Third_Party/FreeRTOS/Source/queue.c **** 
1836:Middlewares/Third_Party/FreeRTOS/Source/queue.c **** 	return xReturn;
1837:Middlewares/Third_Party/FreeRTOS/Source/queue.c **** }
1838:Middlewares/Third_Party/FreeRTOS/Source/queue.c **** /*-----------------------------------------------------------*/
1839:Middlewares/Third_Party/FreeRTOS/Source/queue.c **** 
1840:Middlewares/Third_Party/FreeRTOS/Source/queue.c **** BaseType_t xQueuePeekFromISR( QueueHandle_t xQueue,  void * const pvBuffer )
1841:Middlewares/Third_Party/FreeRTOS/Source/queue.c **** {
1842:Middlewares/Third_Party/FreeRTOS/Source/queue.c **** BaseType_t xReturn;
1843:Middlewares/Third_Party/FreeRTOS/Source/queue.c **** UBaseType_t uxSavedInterruptStatus;
1844:Middlewares/Third_Party/FreeRTOS/Source/queue.c **** int8_t *pcOriginalReadPosition;
1845:Middlewares/Third_Party/FreeRTOS/Source/queue.c **** Queue_t * const pxQueue = ( Queue_t * ) xQueue;
1846:Middlewares/Third_Party/FreeRTOS/Source/queue.c **** 
1847:Middlewares/Third_Party/FreeRTOS/Source/queue.c **** 	configASSERT( pxQueue );
1848:Middlewares/Third_Party/FreeRTOS/Source/queue.c **** 	configASSERT( !( ( pvBuffer == NULL ) && ( pxQueue->uxItemSize != ( UBaseType_t ) 0U ) ) );
1849:Middlewares/Third_Party/FreeRTOS/Source/queue.c **** 	configASSERT( pxQueue->uxItemSize != 0 ); /* Can't peek a semaphore. */
1850:Middlewares/Third_Party/FreeRTOS/Source/queue.c **** 
1851:Middlewares/Third_Party/FreeRTOS/Source/queue.c **** 	/* RTOS ports that support interrupt nesting have the concept of a maximum
1852:Middlewares/Third_Party/FreeRTOS/Source/queue.c **** 	system call (or maximum API call) interrupt priority.  Interrupts that are
1853:Middlewares/Third_Party/FreeRTOS/Source/queue.c **** 	above the maximum system call priority are kept permanently enabled, even
1854:Middlewares/Third_Party/FreeRTOS/Source/queue.c **** 	when the RTOS kernel is in a critical section, but cannot make any calls to
ARM GAS  C:\Users\31005\AppData\Local\Temp\ccp6mIRg.s 			page 34


1855:Middlewares/Third_Party/FreeRTOS/Source/queue.c **** 	FreeRTOS API functions.  If configASSERT() is defined in FreeRTOSConfig.h
1856:Middlewares/Third_Party/FreeRTOS/Source/queue.c **** 	then portASSERT_IF_INTERRUPT_PRIORITY_INVALID() will result in an assertion
1857:Middlewares/Third_Party/FreeRTOS/Source/queue.c **** 	failure if a FreeRTOS API function is called from an interrupt that has been
1858:Middlewares/Third_Party/FreeRTOS/Source/queue.c **** 	assigned a priority above the configured maximum system call priority.
1859:Middlewares/Third_Party/FreeRTOS/Source/queue.c **** 	Only FreeRTOS functions that end in FromISR can be called from interrupts
1860:Middlewares/Third_Party/FreeRTOS/Source/queue.c **** 	that have been assigned a priority at or (logically) below the maximum
1861:Middlewares/Third_Party/FreeRTOS/Source/queue.c **** 	system call	interrupt priority.  FreeRTOS maintains a separate interrupt
1862:Middlewares/Third_Party/FreeRTOS/Source/queue.c **** 	safe API to ensure interrupt entry is as fast and as simple as possible.
1863:Middlewares/Third_Party/FreeRTOS/Source/queue.c **** 	More information (albeit Cortex-M specific) is provided on the following
1864:Middlewares/Third_Party/FreeRTOS/Source/queue.c **** 	link: http://www.freertos.org/RTOS-Cortex-M3-M4.html */
1865:Middlewares/Third_Party/FreeRTOS/Source/queue.c **** 	portASSERT_IF_INTERRUPT_PRIORITY_INVALID();
1866:Middlewares/Third_Party/FreeRTOS/Source/queue.c **** 
1867:Middlewares/Third_Party/FreeRTOS/Source/queue.c **** 	uxSavedInterruptStatus = portSET_INTERRUPT_MASK_FROM_ISR();
1868:Middlewares/Third_Party/FreeRTOS/Source/queue.c **** 	{
1869:Middlewares/Third_Party/FreeRTOS/Source/queue.c **** 		/* Cannot block in an ISR, so check there is data available. */
1870:Middlewares/Third_Party/FreeRTOS/Source/queue.c **** 		if( pxQueue->uxMessagesWaiting > ( UBaseType_t ) 0 )
1871:Middlewares/Third_Party/FreeRTOS/Source/queue.c **** 		{
1872:Middlewares/Third_Party/FreeRTOS/Source/queue.c **** 			traceQUEUE_PEEK_FROM_ISR( pxQueue );
1873:Middlewares/Third_Party/FreeRTOS/Source/queue.c **** 
1874:Middlewares/Third_Party/FreeRTOS/Source/queue.c **** 			/* Remember the read position so it can be reset as nothing is
1875:Middlewares/Third_Party/FreeRTOS/Source/queue.c **** 			actually being removed from the queue. */
1876:Middlewares/Third_Party/FreeRTOS/Source/queue.c **** 			pcOriginalReadPosition = pxQueue->u.pcReadFrom;
1877:Middlewares/Third_Party/FreeRTOS/Source/queue.c **** 			prvCopyDataFromQueue( pxQueue, pvBuffer );
1878:Middlewares/Third_Party/FreeRTOS/Source/queue.c **** 			pxQueue->u.pcReadFrom = pcOriginalReadPosition;
1879:Middlewares/Third_Party/FreeRTOS/Source/queue.c **** 
1880:Middlewares/Third_Party/FreeRTOS/Source/queue.c **** 			xReturn = pdPASS;
1881:Middlewares/Third_Party/FreeRTOS/Source/queue.c **** 		}
1882:Middlewares/Third_Party/FreeRTOS/Source/queue.c **** 		else
1883:Middlewares/Third_Party/FreeRTOS/Source/queue.c **** 		{
1884:Middlewares/Third_Party/FreeRTOS/Source/queue.c **** 			xReturn = pdFAIL;
1885:Middlewares/Third_Party/FreeRTOS/Source/queue.c **** 			traceQUEUE_PEEK_FROM_ISR_FAILED( pxQueue );
1886:Middlewares/Third_Party/FreeRTOS/Source/queue.c **** 		}
1887:Middlewares/Third_Party/FreeRTOS/Source/queue.c **** 	}
1888:Middlewares/Third_Party/FreeRTOS/Source/queue.c **** 	portCLEAR_INTERRUPT_MASK_FROM_ISR( uxSavedInterruptStatus );
1889:Middlewares/Third_Party/FreeRTOS/Source/queue.c **** 
1890:Middlewares/Third_Party/FreeRTOS/Source/queue.c **** 	return xReturn;
1891:Middlewares/Third_Party/FreeRTOS/Source/queue.c **** }
1892:Middlewares/Third_Party/FreeRTOS/Source/queue.c **** /*-----------------------------------------------------------*/
1893:Middlewares/Third_Party/FreeRTOS/Source/queue.c **** 
1894:Middlewares/Third_Party/FreeRTOS/Source/queue.c **** UBaseType_t uxQueueMessagesWaiting( const QueueHandle_t xQueue )
1895:Middlewares/Third_Party/FreeRTOS/Source/queue.c **** {
1896:Middlewares/Third_Party/FreeRTOS/Source/queue.c **** UBaseType_t uxReturn;
1897:Middlewares/Third_Party/FreeRTOS/Source/queue.c **** 
1898:Middlewares/Third_Party/FreeRTOS/Source/queue.c **** 	configASSERT( xQueue );
1899:Middlewares/Third_Party/FreeRTOS/Source/queue.c **** 
1900:Middlewares/Third_Party/FreeRTOS/Source/queue.c **** 	taskENTER_CRITICAL();
1901:Middlewares/Third_Party/FreeRTOS/Source/queue.c **** 	{
1902:Middlewares/Third_Party/FreeRTOS/Source/queue.c **** 		uxReturn = ( ( Queue_t * ) xQueue )->uxMessagesWaiting;
1903:Middlewares/Third_Party/FreeRTOS/Source/queue.c **** 	}
1904:Middlewares/Third_Party/FreeRTOS/Source/queue.c **** 	taskEXIT_CRITICAL();
1905:Middlewares/Third_Party/FreeRTOS/Source/queue.c **** 
1906:Middlewares/Third_Party/FreeRTOS/Source/queue.c **** 	return uxReturn;
1907:Middlewares/Third_Party/FreeRTOS/Source/queue.c **** } /*lint !e818 Pointer cannot be declared const as xQueue is a typedef not pointer. */
1908:Middlewares/Third_Party/FreeRTOS/Source/queue.c **** /*-----------------------------------------------------------*/
1909:Middlewares/Third_Party/FreeRTOS/Source/queue.c **** 
1910:Middlewares/Third_Party/FreeRTOS/Source/queue.c **** UBaseType_t uxQueueSpacesAvailable( const QueueHandle_t xQueue )
1911:Middlewares/Third_Party/FreeRTOS/Source/queue.c **** {
ARM GAS  C:\Users\31005\AppData\Local\Temp\ccp6mIRg.s 			page 35


1912:Middlewares/Third_Party/FreeRTOS/Source/queue.c **** UBaseType_t uxReturn;
1913:Middlewares/Third_Party/FreeRTOS/Source/queue.c **** Queue_t *pxQueue;
1914:Middlewares/Third_Party/FreeRTOS/Source/queue.c **** 
1915:Middlewares/Third_Party/FreeRTOS/Source/queue.c **** 	pxQueue = ( Queue_t * ) xQueue;
1916:Middlewares/Third_Party/FreeRTOS/Source/queue.c **** 	configASSERT( pxQueue );
1917:Middlewares/Third_Party/FreeRTOS/Source/queue.c **** 
1918:Middlewares/Third_Party/FreeRTOS/Source/queue.c **** 	taskENTER_CRITICAL();
1919:Middlewares/Third_Party/FreeRTOS/Source/queue.c **** 	{
1920:Middlewares/Third_Party/FreeRTOS/Source/queue.c **** 		uxReturn = pxQueue->uxLength - pxQueue->uxMessagesWaiting;
1921:Middlewares/Third_Party/FreeRTOS/Source/queue.c **** 	}
1922:Middlewares/Third_Party/FreeRTOS/Source/queue.c **** 	taskEXIT_CRITICAL();
1923:Middlewares/Third_Party/FreeRTOS/Source/queue.c **** 
1924:Middlewares/Third_Party/FreeRTOS/Source/queue.c **** 	return uxReturn;
1925:Middlewares/Third_Party/FreeRTOS/Source/queue.c **** } /*lint !e818 Pointer cannot be declared const as xQueue is a typedef not pointer. */
1926:Middlewares/Third_Party/FreeRTOS/Source/queue.c **** /*-----------------------------------------------------------*/
1927:Middlewares/Third_Party/FreeRTOS/Source/queue.c **** 
1928:Middlewares/Third_Party/FreeRTOS/Source/queue.c **** UBaseType_t uxQueueMessagesWaitingFromISR( const QueueHandle_t xQueue )
1929:Middlewares/Third_Party/FreeRTOS/Source/queue.c **** {
1930:Middlewares/Third_Party/FreeRTOS/Source/queue.c **** UBaseType_t uxReturn;
1931:Middlewares/Third_Party/FreeRTOS/Source/queue.c **** 
1932:Middlewares/Third_Party/FreeRTOS/Source/queue.c **** 	configASSERT( xQueue );
1933:Middlewares/Third_Party/FreeRTOS/Source/queue.c **** 
1934:Middlewares/Third_Party/FreeRTOS/Source/queue.c **** 	uxReturn = ( ( Queue_t * ) xQueue )->uxMessagesWaiting;
1935:Middlewares/Third_Party/FreeRTOS/Source/queue.c **** 
1936:Middlewares/Third_Party/FreeRTOS/Source/queue.c **** 	return uxReturn;
1937:Middlewares/Third_Party/FreeRTOS/Source/queue.c **** } /*lint !e818 Pointer cannot be declared const as xQueue is a typedef not pointer. */
1938:Middlewares/Third_Party/FreeRTOS/Source/queue.c **** /*-----------------------------------------------------------*/
1939:Middlewares/Third_Party/FreeRTOS/Source/queue.c **** 
1940:Middlewares/Third_Party/FreeRTOS/Source/queue.c **** void vQueueDelete( QueueHandle_t xQueue )
1941:Middlewares/Third_Party/FreeRTOS/Source/queue.c **** {
1942:Middlewares/Third_Party/FreeRTOS/Source/queue.c **** Queue_t * const pxQueue = ( Queue_t * ) xQueue;
1943:Middlewares/Third_Party/FreeRTOS/Source/queue.c **** 
1944:Middlewares/Third_Party/FreeRTOS/Source/queue.c **** 	configASSERT( pxQueue );
1945:Middlewares/Third_Party/FreeRTOS/Source/queue.c **** 	traceQUEUE_DELETE( pxQueue );
1946:Middlewares/Third_Party/FreeRTOS/Source/queue.c **** 
1947:Middlewares/Third_Party/FreeRTOS/Source/queue.c **** 	#if ( configQUEUE_REGISTRY_SIZE > 0 )
1948:Middlewares/Third_Party/FreeRTOS/Source/queue.c **** 	{
1949:Middlewares/Third_Party/FreeRTOS/Source/queue.c **** 		vQueueUnregisterQueue( pxQueue );
1950:Middlewares/Third_Party/FreeRTOS/Source/queue.c **** 	}
1951:Middlewares/Third_Party/FreeRTOS/Source/queue.c **** 	#endif
1952:Middlewares/Third_Party/FreeRTOS/Source/queue.c **** 
1953:Middlewares/Third_Party/FreeRTOS/Source/queue.c **** 	#if( ( configSUPPORT_DYNAMIC_ALLOCATION == 1 ) && ( configSUPPORT_STATIC_ALLOCATION == 0 ) )
1954:Middlewares/Third_Party/FreeRTOS/Source/queue.c **** 	{
1955:Middlewares/Third_Party/FreeRTOS/Source/queue.c **** 		/* The queue can only have been allocated dynamically - free it
1956:Middlewares/Third_Party/FreeRTOS/Source/queue.c **** 		again. */
1957:Middlewares/Third_Party/FreeRTOS/Source/queue.c **** 		vPortFree( pxQueue );
1958:Middlewares/Third_Party/FreeRTOS/Source/queue.c **** 	}
1959:Middlewares/Third_Party/FreeRTOS/Source/queue.c **** 	#elif( ( configSUPPORT_DYNAMIC_ALLOCATION == 1 ) && ( configSUPPORT_STATIC_ALLOCATION == 1 ) )
1960:Middlewares/Third_Party/FreeRTOS/Source/queue.c **** 	{
1961:Middlewares/Third_Party/FreeRTOS/Source/queue.c **** 		/* The queue could have been allocated statically or dynamically, so
1962:Middlewares/Third_Party/FreeRTOS/Source/queue.c **** 		check before attempting to free the memory. */
1963:Middlewares/Third_Party/FreeRTOS/Source/queue.c **** 		if( pxQueue->ucStaticallyAllocated == ( uint8_t ) pdFALSE )
1964:Middlewares/Third_Party/FreeRTOS/Source/queue.c **** 		{
1965:Middlewares/Third_Party/FreeRTOS/Source/queue.c **** 			vPortFree( pxQueue );
1966:Middlewares/Third_Party/FreeRTOS/Source/queue.c **** 		}
1967:Middlewares/Third_Party/FreeRTOS/Source/queue.c **** 		else
1968:Middlewares/Third_Party/FreeRTOS/Source/queue.c **** 		{
ARM GAS  C:\Users\31005\AppData\Local\Temp\ccp6mIRg.s 			page 36


1969:Middlewares/Third_Party/FreeRTOS/Source/queue.c **** 			mtCOVERAGE_TEST_MARKER();
1970:Middlewares/Third_Party/FreeRTOS/Source/queue.c **** 		}
1971:Middlewares/Third_Party/FreeRTOS/Source/queue.c **** 	}
1972:Middlewares/Third_Party/FreeRTOS/Source/queue.c **** 	#else
1973:Middlewares/Third_Party/FreeRTOS/Source/queue.c **** 	{
1974:Middlewares/Third_Party/FreeRTOS/Source/queue.c **** 		/* The queue must have been statically allocated, so is not going to be
1975:Middlewares/Third_Party/FreeRTOS/Source/queue.c **** 		deleted.  Avoid compiler warnings about the unused parameter. */
1976:Middlewares/Third_Party/FreeRTOS/Source/queue.c **** 		( void ) pxQueue;
1977:Middlewares/Third_Party/FreeRTOS/Source/queue.c **** 	}
1978:Middlewares/Third_Party/FreeRTOS/Source/queue.c **** 	#endif /* configSUPPORT_DYNAMIC_ALLOCATION */
1979:Middlewares/Third_Party/FreeRTOS/Source/queue.c **** }
1980:Middlewares/Third_Party/FreeRTOS/Source/queue.c **** /*-----------------------------------------------------------*/
1981:Middlewares/Third_Party/FreeRTOS/Source/queue.c **** 
1982:Middlewares/Third_Party/FreeRTOS/Source/queue.c **** #if ( configUSE_TRACE_FACILITY == 1 )
1983:Middlewares/Third_Party/FreeRTOS/Source/queue.c **** 
1984:Middlewares/Third_Party/FreeRTOS/Source/queue.c **** 	UBaseType_t uxQueueGetQueueNumber( QueueHandle_t xQueue )
1985:Middlewares/Third_Party/FreeRTOS/Source/queue.c **** 	{
1986:Middlewares/Third_Party/FreeRTOS/Source/queue.c **** 		return ( ( Queue_t * ) xQueue )->uxQueueNumber;
1987:Middlewares/Third_Party/FreeRTOS/Source/queue.c **** 	}
1988:Middlewares/Third_Party/FreeRTOS/Source/queue.c **** 
1989:Middlewares/Third_Party/FreeRTOS/Source/queue.c **** #endif /* configUSE_TRACE_FACILITY */
1990:Middlewares/Third_Party/FreeRTOS/Source/queue.c **** /*-----------------------------------------------------------*/
1991:Middlewares/Third_Party/FreeRTOS/Source/queue.c **** 
1992:Middlewares/Third_Party/FreeRTOS/Source/queue.c **** #if ( configUSE_TRACE_FACILITY == 1 )
1993:Middlewares/Third_Party/FreeRTOS/Source/queue.c **** 
1994:Middlewares/Third_Party/FreeRTOS/Source/queue.c **** 	void vQueueSetQueueNumber( QueueHandle_t xQueue, UBaseType_t uxQueueNumber )
1995:Middlewares/Third_Party/FreeRTOS/Source/queue.c **** 	{
1996:Middlewares/Third_Party/FreeRTOS/Source/queue.c **** 		( ( Queue_t * ) xQueue )->uxQueueNumber = uxQueueNumber;
1997:Middlewares/Third_Party/FreeRTOS/Source/queue.c **** 	}
1998:Middlewares/Third_Party/FreeRTOS/Source/queue.c **** 
1999:Middlewares/Third_Party/FreeRTOS/Source/queue.c **** #endif /* configUSE_TRACE_FACILITY */
2000:Middlewares/Third_Party/FreeRTOS/Source/queue.c **** /*-----------------------------------------------------------*/
2001:Middlewares/Third_Party/FreeRTOS/Source/queue.c **** 
2002:Middlewares/Third_Party/FreeRTOS/Source/queue.c **** #if ( configUSE_TRACE_FACILITY == 1 )
2003:Middlewares/Third_Party/FreeRTOS/Source/queue.c **** 
2004:Middlewares/Third_Party/FreeRTOS/Source/queue.c **** 	uint8_t ucQueueGetQueueType( QueueHandle_t xQueue )
2005:Middlewares/Third_Party/FreeRTOS/Source/queue.c **** 	{
2006:Middlewares/Third_Party/FreeRTOS/Source/queue.c **** 		return ( ( Queue_t * ) xQueue )->ucQueueType;
2007:Middlewares/Third_Party/FreeRTOS/Source/queue.c **** 	}
2008:Middlewares/Third_Party/FreeRTOS/Source/queue.c **** 
2009:Middlewares/Third_Party/FreeRTOS/Source/queue.c **** #endif /* configUSE_TRACE_FACILITY */
2010:Middlewares/Third_Party/FreeRTOS/Source/queue.c **** /*-----------------------------------------------------------*/
2011:Middlewares/Third_Party/FreeRTOS/Source/queue.c **** 
2012:Middlewares/Third_Party/FreeRTOS/Source/queue.c **** #if( configUSE_MUTEXES == 1 )
2013:Middlewares/Third_Party/FreeRTOS/Source/queue.c **** 
2014:Middlewares/Third_Party/FreeRTOS/Source/queue.c **** 	static UBaseType_t prvGetDisinheritPriorityAfterTimeout( const Queue_t * const pxQueue )
2015:Middlewares/Third_Party/FreeRTOS/Source/queue.c **** 	{
  29              		.loc 1 2015 2 view -0
  30              		.cfi_startproc
  31              		@ args = 0, pretend = 0, frame = 0
  32              		@ frame_needed = 0, uses_anonymous_args = 0
  33              		@ link register save eliminated.
  34              		.loc 1 2015 2 is_stmt 0 view .LVU1
  35 0000 0346     		mov	r3, r0
2016:Middlewares/Third_Party/FreeRTOS/Source/queue.c **** 	UBaseType_t uxHighestPriorityOfWaitingTasks;
  36              		.loc 1 2016 2 is_stmt 1 view .LVU2
2017:Middlewares/Third_Party/FreeRTOS/Source/queue.c **** 
ARM GAS  C:\Users\31005\AppData\Local\Temp\ccp6mIRg.s 			page 37


2018:Middlewares/Third_Party/FreeRTOS/Source/queue.c **** 		/* If a task waiting for a mutex causes the mutex holder to inherit a
2019:Middlewares/Third_Party/FreeRTOS/Source/queue.c **** 		priority, but the waiting task times out, then the holder should
2020:Middlewares/Third_Party/FreeRTOS/Source/queue.c **** 		disinherit the priority - but only down to the highest priority of any
2021:Middlewares/Third_Party/FreeRTOS/Source/queue.c **** 		other tasks that are waiting for the same mutex.  For this purpose,
2022:Middlewares/Third_Party/FreeRTOS/Source/queue.c **** 		return the priority of the highest priority task that is waiting for the
2023:Middlewares/Third_Party/FreeRTOS/Source/queue.c **** 		mutex. */
2024:Middlewares/Third_Party/FreeRTOS/Source/queue.c **** 		if( listCURRENT_LIST_LENGTH( &( pxQueue->xTasksWaitingToReceive ) ) > 0 )
  37              		.loc 1 2024 3 view .LVU3
  38              		.loc 1 2024 7 is_stmt 0 view .LVU4
  39 0002 406A     		ldr	r0, [r0, #36]
  40              	.LVL1:
  41              		.loc 1 2024 5 view .LVU5
  42 0004 18B1     		cbz	r0, .L1
2025:Middlewares/Third_Party/FreeRTOS/Source/queue.c **** 		{
2026:Middlewares/Third_Party/FreeRTOS/Source/queue.c **** 			uxHighestPriorityOfWaitingTasks = configMAX_PRIORITIES - listGET_ITEM_VALUE_OF_HEAD_ENTRY( &( px
  43              		.loc 1 2026 4 is_stmt 1 view .LVU6
  44              		.loc 1 2026 61 is_stmt 0 view .LVU7
  45 0006 1B6B     		ldr	r3, [r3, #48]
  46              	.LVL2:
  47              		.loc 1 2026 61 view .LVU8
  48 0008 1868     		ldr	r0, [r3]
  49              		.loc 1 2026 36 view .LVU9
  50 000a C0F13800 		rsb	r0, r0, #56
  51              	.LVL3:
2027:Middlewares/Third_Party/FreeRTOS/Source/queue.c **** 		}
2028:Middlewares/Third_Party/FreeRTOS/Source/queue.c **** 		else
2029:Middlewares/Third_Party/FreeRTOS/Source/queue.c **** 		{
2030:Middlewares/Third_Party/FreeRTOS/Source/queue.c **** 			uxHighestPriorityOfWaitingTasks = tskIDLE_PRIORITY;
2031:Middlewares/Third_Party/FreeRTOS/Source/queue.c **** 		}
2032:Middlewares/Third_Party/FreeRTOS/Source/queue.c **** 
2033:Middlewares/Third_Party/FreeRTOS/Source/queue.c **** 		return uxHighestPriorityOfWaitingTasks;
  52              		.loc 1 2033 3 is_stmt 1 view .LVU10
  53              	.L1:
2034:Middlewares/Third_Party/FreeRTOS/Source/queue.c **** 	}
  54              		.loc 1 2034 2 is_stmt 0 view .LVU11
  55 000e 7047     		bx	lr
  56              		.cfi_endproc
  57              	.LFE32:
  59              		.section	.text.prvIsQueueFull,"ax",%progbits
  60              		.align	1
  61              		.syntax unified
  62              		.thumb
  63              		.thumb_func
  65              	prvIsQueueFull:
  66              	.LVL4:
  67              	.LFB38:
2035:Middlewares/Third_Party/FreeRTOS/Source/queue.c **** 
2036:Middlewares/Third_Party/FreeRTOS/Source/queue.c **** #endif /* configUSE_MUTEXES */
2037:Middlewares/Third_Party/FreeRTOS/Source/queue.c **** /*-----------------------------------------------------------*/
2038:Middlewares/Third_Party/FreeRTOS/Source/queue.c **** 
2039:Middlewares/Third_Party/FreeRTOS/Source/queue.c **** static BaseType_t prvCopyDataToQueue( Queue_t * const pxQueue, const void *pvItemToQueue, const Bas
2040:Middlewares/Third_Party/FreeRTOS/Source/queue.c **** {
2041:Middlewares/Third_Party/FreeRTOS/Source/queue.c **** BaseType_t xReturn = pdFALSE;
2042:Middlewares/Third_Party/FreeRTOS/Source/queue.c **** UBaseType_t uxMessagesWaiting;
2043:Middlewares/Third_Party/FreeRTOS/Source/queue.c **** 
2044:Middlewares/Third_Party/FreeRTOS/Source/queue.c **** 	/* This function is called from a critical section. */
2045:Middlewares/Third_Party/FreeRTOS/Source/queue.c **** 
ARM GAS  C:\Users\31005\AppData\Local\Temp\ccp6mIRg.s 			page 38


2046:Middlewares/Third_Party/FreeRTOS/Source/queue.c **** 	uxMessagesWaiting = pxQueue->uxMessagesWaiting;
2047:Middlewares/Third_Party/FreeRTOS/Source/queue.c **** 
2048:Middlewares/Third_Party/FreeRTOS/Source/queue.c **** 	if( pxQueue->uxItemSize == ( UBaseType_t ) 0 )
2049:Middlewares/Third_Party/FreeRTOS/Source/queue.c **** 	{
2050:Middlewares/Third_Party/FreeRTOS/Source/queue.c **** 		#if ( configUSE_MUTEXES == 1 )
2051:Middlewares/Third_Party/FreeRTOS/Source/queue.c **** 		{
2052:Middlewares/Third_Party/FreeRTOS/Source/queue.c **** 			if( pxQueue->uxQueueType == queueQUEUE_IS_MUTEX )
2053:Middlewares/Third_Party/FreeRTOS/Source/queue.c **** 			{
2054:Middlewares/Third_Party/FreeRTOS/Source/queue.c **** 				/* The mutex is no longer being held. */
2055:Middlewares/Third_Party/FreeRTOS/Source/queue.c **** 				xReturn = xTaskPriorityDisinherit( ( void * ) pxQueue->pxMutexHolder );
2056:Middlewares/Third_Party/FreeRTOS/Source/queue.c **** 				pxQueue->pxMutexHolder = NULL;
2057:Middlewares/Third_Party/FreeRTOS/Source/queue.c **** 			}
2058:Middlewares/Third_Party/FreeRTOS/Source/queue.c **** 			else
2059:Middlewares/Third_Party/FreeRTOS/Source/queue.c **** 			{
2060:Middlewares/Third_Party/FreeRTOS/Source/queue.c **** 				mtCOVERAGE_TEST_MARKER();
2061:Middlewares/Third_Party/FreeRTOS/Source/queue.c **** 			}
2062:Middlewares/Third_Party/FreeRTOS/Source/queue.c **** 		}
2063:Middlewares/Third_Party/FreeRTOS/Source/queue.c **** 		#endif /* configUSE_MUTEXES */
2064:Middlewares/Third_Party/FreeRTOS/Source/queue.c **** 	}
2065:Middlewares/Third_Party/FreeRTOS/Source/queue.c **** 	else if( xPosition == queueSEND_TO_BACK )
2066:Middlewares/Third_Party/FreeRTOS/Source/queue.c **** 	{
2067:Middlewares/Third_Party/FreeRTOS/Source/queue.c **** 		( void ) memcpy( ( void * ) pxQueue->pcWriteTo, pvItemToQueue, ( size_t ) pxQueue->uxItemSize ); 
2068:Middlewares/Third_Party/FreeRTOS/Source/queue.c **** 		pxQueue->pcWriteTo += pxQueue->uxItemSize;
2069:Middlewares/Third_Party/FreeRTOS/Source/queue.c **** 		if( pxQueue->pcWriteTo >= pxQueue->pcTail ) /*lint !e946 MISRA exception justified as comparison 
2070:Middlewares/Third_Party/FreeRTOS/Source/queue.c **** 		{
2071:Middlewares/Third_Party/FreeRTOS/Source/queue.c **** 			pxQueue->pcWriteTo = pxQueue->pcHead;
2072:Middlewares/Third_Party/FreeRTOS/Source/queue.c **** 		}
2073:Middlewares/Third_Party/FreeRTOS/Source/queue.c **** 		else
2074:Middlewares/Third_Party/FreeRTOS/Source/queue.c **** 		{
2075:Middlewares/Third_Party/FreeRTOS/Source/queue.c **** 			mtCOVERAGE_TEST_MARKER();
2076:Middlewares/Third_Party/FreeRTOS/Source/queue.c **** 		}
2077:Middlewares/Third_Party/FreeRTOS/Source/queue.c **** 	}
2078:Middlewares/Third_Party/FreeRTOS/Source/queue.c **** 	else
2079:Middlewares/Third_Party/FreeRTOS/Source/queue.c **** 	{
2080:Middlewares/Third_Party/FreeRTOS/Source/queue.c **** 		( void ) memcpy( ( void * ) pxQueue->u.pcReadFrom, pvItemToQueue, ( size_t ) pxQueue->uxItemSize 
2081:Middlewares/Third_Party/FreeRTOS/Source/queue.c **** 		pxQueue->u.pcReadFrom -= pxQueue->uxItemSize;
2082:Middlewares/Third_Party/FreeRTOS/Source/queue.c **** 		if( pxQueue->u.pcReadFrom < pxQueue->pcHead ) /*lint !e946 MISRA exception justified as compariso
2083:Middlewares/Third_Party/FreeRTOS/Source/queue.c **** 		{
2084:Middlewares/Third_Party/FreeRTOS/Source/queue.c **** 			pxQueue->u.pcReadFrom = ( pxQueue->pcTail - pxQueue->uxItemSize );
2085:Middlewares/Third_Party/FreeRTOS/Source/queue.c **** 		}
2086:Middlewares/Third_Party/FreeRTOS/Source/queue.c **** 		else
2087:Middlewares/Third_Party/FreeRTOS/Source/queue.c **** 		{
2088:Middlewares/Third_Party/FreeRTOS/Source/queue.c **** 			mtCOVERAGE_TEST_MARKER();
2089:Middlewares/Third_Party/FreeRTOS/Source/queue.c **** 		}
2090:Middlewares/Third_Party/FreeRTOS/Source/queue.c **** 
2091:Middlewares/Third_Party/FreeRTOS/Source/queue.c **** 		if( xPosition == queueOVERWRITE )
2092:Middlewares/Third_Party/FreeRTOS/Source/queue.c **** 		{
2093:Middlewares/Third_Party/FreeRTOS/Source/queue.c **** 			if( uxMessagesWaiting > ( UBaseType_t ) 0 )
2094:Middlewares/Third_Party/FreeRTOS/Source/queue.c **** 			{
2095:Middlewares/Third_Party/FreeRTOS/Source/queue.c **** 				/* An item is not being added but overwritten, so subtract
2096:Middlewares/Third_Party/FreeRTOS/Source/queue.c **** 				one from the recorded number of items in the queue so when
2097:Middlewares/Third_Party/FreeRTOS/Source/queue.c **** 				one is added again below the number of recorded items remains
2098:Middlewares/Third_Party/FreeRTOS/Source/queue.c **** 				correct. */
2099:Middlewares/Third_Party/FreeRTOS/Source/queue.c **** 				--uxMessagesWaiting;
2100:Middlewares/Third_Party/FreeRTOS/Source/queue.c **** 			}
2101:Middlewares/Third_Party/FreeRTOS/Source/queue.c **** 			else
2102:Middlewares/Third_Party/FreeRTOS/Source/queue.c **** 			{
ARM GAS  C:\Users\31005\AppData\Local\Temp\ccp6mIRg.s 			page 39


2103:Middlewares/Third_Party/FreeRTOS/Source/queue.c **** 				mtCOVERAGE_TEST_MARKER();
2104:Middlewares/Third_Party/FreeRTOS/Source/queue.c **** 			}
2105:Middlewares/Third_Party/FreeRTOS/Source/queue.c **** 		}
2106:Middlewares/Third_Party/FreeRTOS/Source/queue.c **** 		else
2107:Middlewares/Third_Party/FreeRTOS/Source/queue.c **** 		{
2108:Middlewares/Third_Party/FreeRTOS/Source/queue.c **** 			mtCOVERAGE_TEST_MARKER();
2109:Middlewares/Third_Party/FreeRTOS/Source/queue.c **** 		}
2110:Middlewares/Third_Party/FreeRTOS/Source/queue.c **** 	}
2111:Middlewares/Third_Party/FreeRTOS/Source/queue.c **** 
2112:Middlewares/Third_Party/FreeRTOS/Source/queue.c **** 	pxQueue->uxMessagesWaiting = uxMessagesWaiting + ( UBaseType_t ) 1;
2113:Middlewares/Third_Party/FreeRTOS/Source/queue.c **** 
2114:Middlewares/Third_Party/FreeRTOS/Source/queue.c **** 	return xReturn;
2115:Middlewares/Third_Party/FreeRTOS/Source/queue.c **** }
2116:Middlewares/Third_Party/FreeRTOS/Source/queue.c **** /*-----------------------------------------------------------*/
2117:Middlewares/Third_Party/FreeRTOS/Source/queue.c **** 
2118:Middlewares/Third_Party/FreeRTOS/Source/queue.c **** static void prvCopyDataFromQueue( Queue_t * const pxQueue, void * const pvBuffer )
2119:Middlewares/Third_Party/FreeRTOS/Source/queue.c **** {
2120:Middlewares/Third_Party/FreeRTOS/Source/queue.c **** 	if( pxQueue->uxItemSize != ( UBaseType_t ) 0 )
2121:Middlewares/Third_Party/FreeRTOS/Source/queue.c **** 	{
2122:Middlewares/Third_Party/FreeRTOS/Source/queue.c **** 		pxQueue->u.pcReadFrom += pxQueue->uxItemSize;
2123:Middlewares/Third_Party/FreeRTOS/Source/queue.c **** 		if( pxQueue->u.pcReadFrom >= pxQueue->pcTail ) /*lint !e946 MISRA exception justified as use of t
2124:Middlewares/Third_Party/FreeRTOS/Source/queue.c **** 		{
2125:Middlewares/Third_Party/FreeRTOS/Source/queue.c **** 			pxQueue->u.pcReadFrom = pxQueue->pcHead;
2126:Middlewares/Third_Party/FreeRTOS/Source/queue.c **** 		}
2127:Middlewares/Third_Party/FreeRTOS/Source/queue.c **** 		else
2128:Middlewares/Third_Party/FreeRTOS/Source/queue.c **** 		{
2129:Middlewares/Third_Party/FreeRTOS/Source/queue.c **** 			mtCOVERAGE_TEST_MARKER();
2130:Middlewares/Third_Party/FreeRTOS/Source/queue.c **** 		}
2131:Middlewares/Third_Party/FreeRTOS/Source/queue.c **** 		( void ) memcpy( ( void * ) pvBuffer, ( void * ) pxQueue->u.pcReadFrom, ( size_t ) pxQueue->uxIte
2132:Middlewares/Third_Party/FreeRTOS/Source/queue.c **** 	}
2133:Middlewares/Third_Party/FreeRTOS/Source/queue.c **** }
2134:Middlewares/Third_Party/FreeRTOS/Source/queue.c **** /*-----------------------------------------------------------*/
2135:Middlewares/Third_Party/FreeRTOS/Source/queue.c **** 
2136:Middlewares/Third_Party/FreeRTOS/Source/queue.c **** static void prvUnlockQueue( Queue_t * const pxQueue )
2137:Middlewares/Third_Party/FreeRTOS/Source/queue.c **** {
2138:Middlewares/Third_Party/FreeRTOS/Source/queue.c **** 	/* THIS FUNCTION MUST BE CALLED WITH THE SCHEDULER SUSPENDED. */
2139:Middlewares/Third_Party/FreeRTOS/Source/queue.c **** 
2140:Middlewares/Third_Party/FreeRTOS/Source/queue.c **** 	/* The lock counts contains the number of extra data items placed or
2141:Middlewares/Third_Party/FreeRTOS/Source/queue.c **** 	removed from the queue while the queue was locked.  When a queue is
2142:Middlewares/Third_Party/FreeRTOS/Source/queue.c **** 	locked items can be added or removed, but the event lists cannot be
2143:Middlewares/Third_Party/FreeRTOS/Source/queue.c **** 	updated. */
2144:Middlewares/Third_Party/FreeRTOS/Source/queue.c **** 	taskENTER_CRITICAL();
2145:Middlewares/Third_Party/FreeRTOS/Source/queue.c **** 	{
2146:Middlewares/Third_Party/FreeRTOS/Source/queue.c **** 		int8_t cTxLock = pxQueue->cTxLock;
2147:Middlewares/Third_Party/FreeRTOS/Source/queue.c **** 
2148:Middlewares/Third_Party/FreeRTOS/Source/queue.c **** 		/* See if data was added to the queue while it was locked. */
2149:Middlewares/Third_Party/FreeRTOS/Source/queue.c **** 		while( cTxLock > queueLOCKED_UNMODIFIED )
2150:Middlewares/Third_Party/FreeRTOS/Source/queue.c **** 		{
2151:Middlewares/Third_Party/FreeRTOS/Source/queue.c **** 			/* Data was posted while the queue was locked.  Are any tasks
2152:Middlewares/Third_Party/FreeRTOS/Source/queue.c **** 			blocked waiting for data to become available? */
2153:Middlewares/Third_Party/FreeRTOS/Source/queue.c **** 			#if ( configUSE_QUEUE_SETS == 1 )
2154:Middlewares/Third_Party/FreeRTOS/Source/queue.c **** 			{
2155:Middlewares/Third_Party/FreeRTOS/Source/queue.c **** 				if( pxQueue->pxQueueSetContainer != NULL )
2156:Middlewares/Third_Party/FreeRTOS/Source/queue.c **** 				{
2157:Middlewares/Third_Party/FreeRTOS/Source/queue.c **** 					if( prvNotifyQueueSetContainer( pxQueue, queueSEND_TO_BACK ) != pdFALSE )
2158:Middlewares/Third_Party/FreeRTOS/Source/queue.c **** 					{
2159:Middlewares/Third_Party/FreeRTOS/Source/queue.c **** 						/* The queue is a member of a queue set, and posting to
ARM GAS  C:\Users\31005\AppData\Local\Temp\ccp6mIRg.s 			page 40


2160:Middlewares/Third_Party/FreeRTOS/Source/queue.c **** 						the queue set caused a higher priority task to unblock.
2161:Middlewares/Third_Party/FreeRTOS/Source/queue.c **** 						A context switch is required. */
2162:Middlewares/Third_Party/FreeRTOS/Source/queue.c **** 						vTaskMissedYield();
2163:Middlewares/Third_Party/FreeRTOS/Source/queue.c **** 					}
2164:Middlewares/Third_Party/FreeRTOS/Source/queue.c **** 					else
2165:Middlewares/Third_Party/FreeRTOS/Source/queue.c **** 					{
2166:Middlewares/Third_Party/FreeRTOS/Source/queue.c **** 						mtCOVERAGE_TEST_MARKER();
2167:Middlewares/Third_Party/FreeRTOS/Source/queue.c **** 					}
2168:Middlewares/Third_Party/FreeRTOS/Source/queue.c **** 				}
2169:Middlewares/Third_Party/FreeRTOS/Source/queue.c **** 				else
2170:Middlewares/Third_Party/FreeRTOS/Source/queue.c **** 				{
2171:Middlewares/Third_Party/FreeRTOS/Source/queue.c **** 					/* Tasks that are removed from the event list will get
2172:Middlewares/Third_Party/FreeRTOS/Source/queue.c **** 					added to the pending ready list as the scheduler is still
2173:Middlewares/Third_Party/FreeRTOS/Source/queue.c **** 					suspended. */
2174:Middlewares/Third_Party/FreeRTOS/Source/queue.c **** 					if( listLIST_IS_EMPTY( &( pxQueue->xTasksWaitingToReceive ) ) == pdFALSE )
2175:Middlewares/Third_Party/FreeRTOS/Source/queue.c **** 					{
2176:Middlewares/Third_Party/FreeRTOS/Source/queue.c **** 						if( xTaskRemoveFromEventList( &( pxQueue->xTasksWaitingToReceive ) ) != pdFALSE )
2177:Middlewares/Third_Party/FreeRTOS/Source/queue.c **** 						{
2178:Middlewares/Third_Party/FreeRTOS/Source/queue.c **** 							/* The task waiting has a higher priority so record that a
2179:Middlewares/Third_Party/FreeRTOS/Source/queue.c **** 							context	switch is required. */
2180:Middlewares/Third_Party/FreeRTOS/Source/queue.c **** 							vTaskMissedYield();
2181:Middlewares/Third_Party/FreeRTOS/Source/queue.c **** 						}
2182:Middlewares/Third_Party/FreeRTOS/Source/queue.c **** 						else
2183:Middlewares/Third_Party/FreeRTOS/Source/queue.c **** 						{
2184:Middlewares/Third_Party/FreeRTOS/Source/queue.c **** 							mtCOVERAGE_TEST_MARKER();
2185:Middlewares/Third_Party/FreeRTOS/Source/queue.c **** 						}
2186:Middlewares/Third_Party/FreeRTOS/Source/queue.c **** 					}
2187:Middlewares/Third_Party/FreeRTOS/Source/queue.c **** 					else
2188:Middlewares/Third_Party/FreeRTOS/Source/queue.c **** 					{
2189:Middlewares/Third_Party/FreeRTOS/Source/queue.c **** 						break;
2190:Middlewares/Third_Party/FreeRTOS/Source/queue.c **** 					}
2191:Middlewares/Third_Party/FreeRTOS/Source/queue.c **** 				}
2192:Middlewares/Third_Party/FreeRTOS/Source/queue.c **** 			}
2193:Middlewares/Third_Party/FreeRTOS/Source/queue.c **** 			#else /* configUSE_QUEUE_SETS */
2194:Middlewares/Third_Party/FreeRTOS/Source/queue.c **** 			{
2195:Middlewares/Third_Party/FreeRTOS/Source/queue.c **** 				/* Tasks that are removed from the event list will get added to
2196:Middlewares/Third_Party/FreeRTOS/Source/queue.c **** 				the pending ready list as the scheduler is still suspended. */
2197:Middlewares/Third_Party/FreeRTOS/Source/queue.c **** 				if( listLIST_IS_EMPTY( &( pxQueue->xTasksWaitingToReceive ) ) == pdFALSE )
2198:Middlewares/Third_Party/FreeRTOS/Source/queue.c **** 				{
2199:Middlewares/Third_Party/FreeRTOS/Source/queue.c **** 					if( xTaskRemoveFromEventList( &( pxQueue->xTasksWaitingToReceive ) ) != pdFALSE )
2200:Middlewares/Third_Party/FreeRTOS/Source/queue.c **** 					{
2201:Middlewares/Third_Party/FreeRTOS/Source/queue.c **** 						/* The task waiting has a higher priority so record that
2202:Middlewares/Third_Party/FreeRTOS/Source/queue.c **** 						a context switch is required. */
2203:Middlewares/Third_Party/FreeRTOS/Source/queue.c **** 						vTaskMissedYield();
2204:Middlewares/Third_Party/FreeRTOS/Source/queue.c **** 					}
2205:Middlewares/Third_Party/FreeRTOS/Source/queue.c **** 					else
2206:Middlewares/Third_Party/FreeRTOS/Source/queue.c **** 					{
2207:Middlewares/Third_Party/FreeRTOS/Source/queue.c **** 						mtCOVERAGE_TEST_MARKER();
2208:Middlewares/Third_Party/FreeRTOS/Source/queue.c **** 					}
2209:Middlewares/Third_Party/FreeRTOS/Source/queue.c **** 				}
2210:Middlewares/Third_Party/FreeRTOS/Source/queue.c **** 				else
2211:Middlewares/Third_Party/FreeRTOS/Source/queue.c **** 				{
2212:Middlewares/Third_Party/FreeRTOS/Source/queue.c **** 					break;
2213:Middlewares/Third_Party/FreeRTOS/Source/queue.c **** 				}
2214:Middlewares/Third_Party/FreeRTOS/Source/queue.c **** 			}
2215:Middlewares/Third_Party/FreeRTOS/Source/queue.c **** 			#endif /* configUSE_QUEUE_SETS */
2216:Middlewares/Third_Party/FreeRTOS/Source/queue.c **** 
ARM GAS  C:\Users\31005\AppData\Local\Temp\ccp6mIRg.s 			page 41


2217:Middlewares/Third_Party/FreeRTOS/Source/queue.c **** 			--cTxLock;
2218:Middlewares/Third_Party/FreeRTOS/Source/queue.c **** 		}
2219:Middlewares/Third_Party/FreeRTOS/Source/queue.c **** 
2220:Middlewares/Third_Party/FreeRTOS/Source/queue.c **** 		pxQueue->cTxLock = queueUNLOCKED;
2221:Middlewares/Third_Party/FreeRTOS/Source/queue.c **** 	}
2222:Middlewares/Third_Party/FreeRTOS/Source/queue.c **** 	taskEXIT_CRITICAL();
2223:Middlewares/Third_Party/FreeRTOS/Source/queue.c **** 
2224:Middlewares/Third_Party/FreeRTOS/Source/queue.c **** 	/* Do the same for the Rx lock. */
2225:Middlewares/Third_Party/FreeRTOS/Source/queue.c **** 	taskENTER_CRITICAL();
2226:Middlewares/Third_Party/FreeRTOS/Source/queue.c **** 	{
2227:Middlewares/Third_Party/FreeRTOS/Source/queue.c **** 		int8_t cRxLock = pxQueue->cRxLock;
2228:Middlewares/Third_Party/FreeRTOS/Source/queue.c **** 
2229:Middlewares/Third_Party/FreeRTOS/Source/queue.c **** 		while( cRxLock > queueLOCKED_UNMODIFIED )
2230:Middlewares/Third_Party/FreeRTOS/Source/queue.c **** 		{
2231:Middlewares/Third_Party/FreeRTOS/Source/queue.c **** 			if( listLIST_IS_EMPTY( &( pxQueue->xTasksWaitingToSend ) ) == pdFALSE )
2232:Middlewares/Third_Party/FreeRTOS/Source/queue.c **** 			{
2233:Middlewares/Third_Party/FreeRTOS/Source/queue.c **** 				if( xTaskRemoveFromEventList( &( pxQueue->xTasksWaitingToSend ) ) != pdFALSE )
2234:Middlewares/Third_Party/FreeRTOS/Source/queue.c **** 				{
2235:Middlewares/Third_Party/FreeRTOS/Source/queue.c **** 					vTaskMissedYield();
2236:Middlewares/Third_Party/FreeRTOS/Source/queue.c **** 				}
2237:Middlewares/Third_Party/FreeRTOS/Source/queue.c **** 				else
2238:Middlewares/Third_Party/FreeRTOS/Source/queue.c **** 				{
2239:Middlewares/Third_Party/FreeRTOS/Source/queue.c **** 					mtCOVERAGE_TEST_MARKER();
2240:Middlewares/Third_Party/FreeRTOS/Source/queue.c **** 				}
2241:Middlewares/Third_Party/FreeRTOS/Source/queue.c **** 
2242:Middlewares/Third_Party/FreeRTOS/Source/queue.c **** 				--cRxLock;
2243:Middlewares/Third_Party/FreeRTOS/Source/queue.c **** 			}
2244:Middlewares/Third_Party/FreeRTOS/Source/queue.c **** 			else
2245:Middlewares/Third_Party/FreeRTOS/Source/queue.c **** 			{
2246:Middlewares/Third_Party/FreeRTOS/Source/queue.c **** 				break;
2247:Middlewares/Third_Party/FreeRTOS/Source/queue.c **** 			}
2248:Middlewares/Third_Party/FreeRTOS/Source/queue.c **** 		}
2249:Middlewares/Third_Party/FreeRTOS/Source/queue.c **** 
2250:Middlewares/Third_Party/FreeRTOS/Source/queue.c **** 		pxQueue->cRxLock = queueUNLOCKED;
2251:Middlewares/Third_Party/FreeRTOS/Source/queue.c **** 	}
2252:Middlewares/Third_Party/FreeRTOS/Source/queue.c **** 	taskEXIT_CRITICAL();
2253:Middlewares/Third_Party/FreeRTOS/Source/queue.c **** }
2254:Middlewares/Third_Party/FreeRTOS/Source/queue.c **** /*-----------------------------------------------------------*/
2255:Middlewares/Third_Party/FreeRTOS/Source/queue.c **** 
2256:Middlewares/Third_Party/FreeRTOS/Source/queue.c **** static BaseType_t prvIsQueueEmpty( const Queue_t *pxQueue )
2257:Middlewares/Third_Party/FreeRTOS/Source/queue.c **** {
2258:Middlewares/Third_Party/FreeRTOS/Source/queue.c **** BaseType_t xReturn;
2259:Middlewares/Third_Party/FreeRTOS/Source/queue.c **** 
2260:Middlewares/Third_Party/FreeRTOS/Source/queue.c **** 	taskENTER_CRITICAL();
2261:Middlewares/Third_Party/FreeRTOS/Source/queue.c **** 	{
2262:Middlewares/Third_Party/FreeRTOS/Source/queue.c **** 		if( pxQueue->uxMessagesWaiting == ( UBaseType_t )  0 )
2263:Middlewares/Third_Party/FreeRTOS/Source/queue.c **** 		{
2264:Middlewares/Third_Party/FreeRTOS/Source/queue.c **** 			xReturn = pdTRUE;
2265:Middlewares/Third_Party/FreeRTOS/Source/queue.c **** 		}
2266:Middlewares/Third_Party/FreeRTOS/Source/queue.c **** 		else
2267:Middlewares/Third_Party/FreeRTOS/Source/queue.c **** 		{
2268:Middlewares/Third_Party/FreeRTOS/Source/queue.c **** 			xReturn = pdFALSE;
2269:Middlewares/Third_Party/FreeRTOS/Source/queue.c **** 		}
2270:Middlewares/Third_Party/FreeRTOS/Source/queue.c **** 	}
2271:Middlewares/Third_Party/FreeRTOS/Source/queue.c **** 	taskEXIT_CRITICAL();
2272:Middlewares/Third_Party/FreeRTOS/Source/queue.c **** 
2273:Middlewares/Third_Party/FreeRTOS/Source/queue.c **** 	return xReturn;
ARM GAS  C:\Users\31005\AppData\Local\Temp\ccp6mIRg.s 			page 42


2274:Middlewares/Third_Party/FreeRTOS/Source/queue.c **** }
2275:Middlewares/Third_Party/FreeRTOS/Source/queue.c **** /*-----------------------------------------------------------*/
2276:Middlewares/Third_Party/FreeRTOS/Source/queue.c **** 
2277:Middlewares/Third_Party/FreeRTOS/Source/queue.c **** BaseType_t xQueueIsQueueEmptyFromISR( const QueueHandle_t xQueue )
2278:Middlewares/Third_Party/FreeRTOS/Source/queue.c **** {
2279:Middlewares/Third_Party/FreeRTOS/Source/queue.c **** BaseType_t xReturn;
2280:Middlewares/Third_Party/FreeRTOS/Source/queue.c **** 
2281:Middlewares/Third_Party/FreeRTOS/Source/queue.c **** 	configASSERT( xQueue );
2282:Middlewares/Third_Party/FreeRTOS/Source/queue.c **** 	if( ( ( Queue_t * ) xQueue )->uxMessagesWaiting == ( UBaseType_t ) 0 )
2283:Middlewares/Third_Party/FreeRTOS/Source/queue.c **** 	{
2284:Middlewares/Third_Party/FreeRTOS/Source/queue.c **** 		xReturn = pdTRUE;
2285:Middlewares/Third_Party/FreeRTOS/Source/queue.c **** 	}
2286:Middlewares/Third_Party/FreeRTOS/Source/queue.c **** 	else
2287:Middlewares/Third_Party/FreeRTOS/Source/queue.c **** 	{
2288:Middlewares/Third_Party/FreeRTOS/Source/queue.c **** 		xReturn = pdFALSE;
2289:Middlewares/Third_Party/FreeRTOS/Source/queue.c **** 	}
2290:Middlewares/Third_Party/FreeRTOS/Source/queue.c **** 
2291:Middlewares/Third_Party/FreeRTOS/Source/queue.c **** 	return xReturn;
2292:Middlewares/Third_Party/FreeRTOS/Source/queue.c **** } /*lint !e818 xQueue could not be pointer to const because it is a typedef. */
2293:Middlewares/Third_Party/FreeRTOS/Source/queue.c **** /*-----------------------------------------------------------*/
2294:Middlewares/Third_Party/FreeRTOS/Source/queue.c **** 
2295:Middlewares/Third_Party/FreeRTOS/Source/queue.c **** static BaseType_t prvIsQueueFull( const Queue_t *pxQueue )
2296:Middlewares/Third_Party/FreeRTOS/Source/queue.c **** {
  68              		.loc 1 2296 1 is_stmt 1 view -0
  69              		.cfi_startproc
  70              		@ args = 0, pretend = 0, frame = 0
  71              		@ frame_needed = 0, uses_anonymous_args = 0
  72              		.loc 1 2296 1 is_stmt 0 view .LVU13
  73 0000 10B5     		push	{r4, lr}
  74              	.LCFI0:
  75              		.cfi_def_cfa_offset 8
  76              		.cfi_offset 4, -8
  77              		.cfi_offset 14, -4
  78 0002 0446     		mov	r4, r0
2297:Middlewares/Third_Party/FreeRTOS/Source/queue.c **** BaseType_t xReturn;
  79              		.loc 1 2297 1 is_stmt 1 view .LVU14
2298:Middlewares/Third_Party/FreeRTOS/Source/queue.c **** 
2299:Middlewares/Third_Party/FreeRTOS/Source/queue.c **** 	taskENTER_CRITICAL();
  80              		.loc 1 2299 2 view .LVU15
  81 0004 FFF7FEFF 		bl	vPortEnterCritical
  82              	.LVL5:
2300:Middlewares/Third_Party/FreeRTOS/Source/queue.c **** 	{
2301:Middlewares/Third_Party/FreeRTOS/Source/queue.c **** 		if( pxQueue->uxMessagesWaiting == pxQueue->uxLength )
  83              		.loc 1 2301 3 view .LVU16
  84              		.loc 1 2301 14 is_stmt 0 view .LVU17
  85 0008 A26B     		ldr	r2, [r4, #56]
  86              		.loc 1 2301 44 view .LVU18
  87 000a E36B     		ldr	r3, [r4, #60]
  88              		.loc 1 2301 5 view .LVU19
  89 000c 9A42     		cmp	r2, r3
  90 000e 04D0     		beq	.L7
2302:Middlewares/Third_Party/FreeRTOS/Source/queue.c **** 		{
2303:Middlewares/Third_Party/FreeRTOS/Source/queue.c **** 			xReturn = pdTRUE;
2304:Middlewares/Third_Party/FreeRTOS/Source/queue.c **** 		}
2305:Middlewares/Third_Party/FreeRTOS/Source/queue.c **** 		else
2306:Middlewares/Third_Party/FreeRTOS/Source/queue.c **** 		{
2307:Middlewares/Third_Party/FreeRTOS/Source/queue.c **** 			xReturn = pdFALSE;
ARM GAS  C:\Users\31005\AppData\Local\Temp\ccp6mIRg.s 			page 43


  91              		.loc 1 2307 12 view .LVU20
  92 0010 0024     		movs	r4, #0
  93              	.LVL6:
  94              	.L4:
2308:Middlewares/Third_Party/FreeRTOS/Source/queue.c **** 		}
2309:Middlewares/Third_Party/FreeRTOS/Source/queue.c **** 	}
2310:Middlewares/Third_Party/FreeRTOS/Source/queue.c **** 	taskEXIT_CRITICAL();
  95              		.loc 1 2310 2 is_stmt 1 view .LVU21
  96 0012 FFF7FEFF 		bl	vPortExitCritical
  97              	.LVL7:
2311:Middlewares/Third_Party/FreeRTOS/Source/queue.c **** 
2312:Middlewares/Third_Party/FreeRTOS/Source/queue.c **** 	return xReturn;
  98              		.loc 1 2312 2 view .LVU22
2313:Middlewares/Third_Party/FreeRTOS/Source/queue.c **** }
  99              		.loc 1 2313 1 is_stmt 0 view .LVU23
 100 0016 2046     		mov	r0, r4
 101 0018 10BD     		pop	{r4, pc}
 102              	.LVL8:
 103              	.L7:
2303:Middlewares/Third_Party/FreeRTOS/Source/queue.c **** 		}
 104              		.loc 1 2303 12 view .LVU24
 105 001a 0124     		movs	r4, #1
 106              	.LVL9:
2303:Middlewares/Third_Party/FreeRTOS/Source/queue.c **** 		}
 107              		.loc 1 2303 12 view .LVU25
 108 001c F9E7     		b	.L4
 109              		.cfi_endproc
 110              	.LFE38:
 112              		.section	.text.prvIsQueueEmpty,"ax",%progbits
 113              		.align	1
 114              		.syntax unified
 115              		.thumb
 116              		.thumb_func
 118              	prvIsQueueEmpty:
 119              	.LVL10:
 120              	.LFB36:
2257:Middlewares/Third_Party/FreeRTOS/Source/queue.c **** BaseType_t xReturn;
 121              		.loc 1 2257 1 is_stmt 1 view -0
 122              		.cfi_startproc
 123              		@ args = 0, pretend = 0, frame = 0
 124              		@ frame_needed = 0, uses_anonymous_args = 0
2257:Middlewares/Third_Party/FreeRTOS/Source/queue.c **** BaseType_t xReturn;
 125              		.loc 1 2257 1 is_stmt 0 view .LVU27
 126 0000 10B5     		push	{r4, lr}
 127              	.LCFI1:
 128              		.cfi_def_cfa_offset 8
 129              		.cfi_offset 4, -8
 130              		.cfi_offset 14, -4
 131 0002 0446     		mov	r4, r0
2258:Middlewares/Third_Party/FreeRTOS/Source/queue.c **** 
 132              		.loc 1 2258 1 is_stmt 1 view .LVU28
2260:Middlewares/Third_Party/FreeRTOS/Source/queue.c **** 	{
 133              		.loc 1 2260 2 view .LVU29
 134 0004 FFF7FEFF 		bl	vPortEnterCritical
 135              	.LVL11:
2262:Middlewares/Third_Party/FreeRTOS/Source/queue.c **** 		{
 136              		.loc 1 2262 3 view .LVU30
ARM GAS  C:\Users\31005\AppData\Local\Temp\ccp6mIRg.s 			page 44


2262:Middlewares/Third_Party/FreeRTOS/Source/queue.c **** 		{
 137              		.loc 1 2262 14 is_stmt 0 view .LVU31
 138 0008 A36B     		ldr	r3, [r4, #56]
2262:Middlewares/Third_Party/FreeRTOS/Source/queue.c **** 		{
 139              		.loc 1 2262 5 view .LVU32
 140 000a 23B9     		cbnz	r3, .L10
2264:Middlewares/Third_Party/FreeRTOS/Source/queue.c **** 		}
 141              		.loc 1 2264 12 view .LVU33
 142 000c 0124     		movs	r4, #1
 143              	.LVL12:
 144              	.L9:
2271:Middlewares/Third_Party/FreeRTOS/Source/queue.c **** 
 145              		.loc 1 2271 2 is_stmt 1 view .LVU34
 146 000e FFF7FEFF 		bl	vPortExitCritical
 147              	.LVL13:
2273:Middlewares/Third_Party/FreeRTOS/Source/queue.c **** }
 148              		.loc 1 2273 2 view .LVU35
2274:Middlewares/Third_Party/FreeRTOS/Source/queue.c **** /*-----------------------------------------------------------*/
 149              		.loc 1 2274 1 is_stmt 0 view .LVU36
 150 0012 2046     		mov	r0, r4
 151 0014 10BD     		pop	{r4, pc}
 152              	.LVL14:
 153              	.L10:
2268:Middlewares/Third_Party/FreeRTOS/Source/queue.c **** 		}
 154              		.loc 1 2268 12 view .LVU37
 155 0016 0024     		movs	r4, #0
 156              	.LVL15:
2268:Middlewares/Third_Party/FreeRTOS/Source/queue.c **** 		}
 157              		.loc 1 2268 12 view .LVU38
 158 0018 F9E7     		b	.L9
 159              		.cfi_endproc
 160              	.LFE36:
 162              		.section	.text.prvCopyDataToQueue,"ax",%progbits
 163              		.align	1
 164              		.syntax unified
 165              		.thumb
 166              		.thumb_func
 168              	prvCopyDataToQueue:
 169              	.LVL16:
 170              	.LFB33:
2040:Middlewares/Third_Party/FreeRTOS/Source/queue.c **** BaseType_t xReturn = pdFALSE;
 171              		.loc 1 2040 1 is_stmt 1 view -0
 172              		.cfi_startproc
 173              		@ args = 0, pretend = 0, frame = 0
 174              		@ frame_needed = 0, uses_anonymous_args = 0
2040:Middlewares/Third_Party/FreeRTOS/Source/queue.c **** BaseType_t xReturn = pdFALSE;
 175              		.loc 1 2040 1 is_stmt 0 view .LVU40
 176 0000 70B5     		push	{r4, r5, r6, lr}
 177              	.LCFI2:
 178              		.cfi_def_cfa_offset 16
 179              		.cfi_offset 4, -16
 180              		.cfi_offset 5, -12
 181              		.cfi_offset 6, -8
 182              		.cfi_offset 14, -4
 183 0002 0446     		mov	r4, r0
 184 0004 1546     		mov	r5, r2
2041:Middlewares/Third_Party/FreeRTOS/Source/queue.c **** UBaseType_t uxMessagesWaiting;
ARM GAS  C:\Users\31005\AppData\Local\Temp\ccp6mIRg.s 			page 45


 185              		.loc 1 2041 1 is_stmt 1 view .LVU41
 186              	.LVL17:
2042:Middlewares/Third_Party/FreeRTOS/Source/queue.c **** 
 187              		.loc 1 2042 1 view .LVU42
2046:Middlewares/Third_Party/FreeRTOS/Source/queue.c **** 
 188              		.loc 1 2046 2 view .LVU43
2046:Middlewares/Third_Party/FreeRTOS/Source/queue.c **** 
 189              		.loc 1 2046 20 is_stmt 0 view .LVU44
 190 0006 866B     		ldr	r6, [r0, #56]
 191              	.LVL18:
2048:Middlewares/Third_Party/FreeRTOS/Source/queue.c **** 	{
 192              		.loc 1 2048 2 is_stmt 1 view .LVU45
2048:Middlewares/Third_Party/FreeRTOS/Source/queue.c **** 	{
 193              		.loc 1 2048 13 is_stmt 0 view .LVU46
 194 0008 026C     		ldr	r2, [r0, #64]
 195              	.LVL19:
2048:Middlewares/Third_Party/FreeRTOS/Source/queue.c **** 	{
 196              		.loc 1 2048 4 view .LVU47
 197 000a 5AB9     		cbnz	r2, .L13
2052:Middlewares/Third_Party/FreeRTOS/Source/queue.c **** 			{
 198              		.loc 1 2052 4 is_stmt 1 view .LVU48
2052:Middlewares/Third_Party/FreeRTOS/Source/queue.c **** 			{
 199              		.loc 1 2052 15 is_stmt 0 view .LVU49
 200 000c 0368     		ldr	r3, [r0]
2052:Middlewares/Third_Party/FreeRTOS/Source/queue.c **** 			{
 201              		.loc 1 2052 6 view .LVU50
 202 000e 1BB1     		cbz	r3, .L22
2041:Middlewares/Third_Party/FreeRTOS/Source/queue.c **** UBaseType_t uxMessagesWaiting;
 203              		.loc 1 2041 12 view .LVU51
 204 0010 0020     		movs	r0, #0
 205              	.LVL20:
 206              	.L14:
2108:Middlewares/Third_Party/FreeRTOS/Source/queue.c **** 		}
 207              		.loc 1 2108 28 is_stmt 1 view .LVU52
2112:Middlewares/Third_Party/FreeRTOS/Source/queue.c **** 
 208              		.loc 1 2112 2 view .LVU53
2112:Middlewares/Third_Party/FreeRTOS/Source/queue.c **** 
 209              		.loc 1 2112 49 is_stmt 0 view .LVU54
 210 0012 0136     		adds	r6, r6, #1
 211              	.LVL21:
2112:Middlewares/Third_Party/FreeRTOS/Source/queue.c **** 
 212              		.loc 1 2112 29 view .LVU55
 213 0014 A663     		str	r6, [r4, #56]
2114:Middlewares/Third_Party/FreeRTOS/Source/queue.c **** }
 214              		.loc 1 2114 2 is_stmt 1 view .LVU56
2115:Middlewares/Third_Party/FreeRTOS/Source/queue.c **** /*-----------------------------------------------------------*/
 215              		.loc 1 2115 1 is_stmt 0 view .LVU57
 216 0016 70BD     		pop	{r4, r5, r6, pc}
 217              	.LVL22:
 218              	.L22:
2055:Middlewares/Third_Party/FreeRTOS/Source/queue.c **** 				pxQueue->pxMutexHolder = NULL;
 219              		.loc 1 2055 5 is_stmt 1 view .LVU58
2055:Middlewares/Third_Party/FreeRTOS/Source/queue.c **** 				pxQueue->pxMutexHolder = NULL;
 220              		.loc 1 2055 15 is_stmt 0 view .LVU59
 221 0018 4068     		ldr	r0, [r0, #4]
 222              	.LVL23:
2055:Middlewares/Third_Party/FreeRTOS/Source/queue.c **** 				pxQueue->pxMutexHolder = NULL;
ARM GAS  C:\Users\31005\AppData\Local\Temp\ccp6mIRg.s 			page 46


 223              		.loc 1 2055 15 view .LVU60
 224 001a FFF7FEFF 		bl	xTaskPriorityDisinherit
 225              	.LVL24:
2056:Middlewares/Third_Party/FreeRTOS/Source/queue.c **** 			}
 226              		.loc 1 2056 5 is_stmt 1 view .LVU61
2056:Middlewares/Third_Party/FreeRTOS/Source/queue.c **** 			}
 227              		.loc 1 2056 28 is_stmt 0 view .LVU62
 228 001e 0023     		movs	r3, #0
 229 0020 6360     		str	r3, [r4, #4]
 230 0022 F6E7     		b	.L14
 231              	.LVL25:
 232              	.L13:
2065:Middlewares/Third_Party/FreeRTOS/Source/queue.c **** 	{
 233              		.loc 1 2065 7 is_stmt 1 view .LVU63
2065:Middlewares/Third_Party/FreeRTOS/Source/queue.c **** 	{
 234              		.loc 1 2065 9 is_stmt 0 view .LVU64
 235 0024 6DB9     		cbnz	r5, .L15
2067:Middlewares/Third_Party/FreeRTOS/Source/queue.c **** 		pxQueue->pcWriteTo += pxQueue->uxItemSize;
 236              		.loc 1 2067 3 is_stmt 1 view .LVU65
2067:Middlewares/Third_Party/FreeRTOS/Source/queue.c **** 		pxQueue->pcWriteTo += pxQueue->uxItemSize;
 237              		.loc 1 2067 12 is_stmt 0 view .LVU66
 238 0026 8068     		ldr	r0, [r0, #8]
 239              	.LVL26:
2067:Middlewares/Third_Party/FreeRTOS/Source/queue.c **** 		pxQueue->pcWriteTo += pxQueue->uxItemSize;
 240              		.loc 1 2067 12 view .LVU67
 241 0028 FFF7FEFF 		bl	memcpy
 242              	.LVL27:
2068:Middlewares/Third_Party/FreeRTOS/Source/queue.c **** 		if( pxQueue->pcWriteTo >= pxQueue->pcTail ) /*lint !e946 MISRA exception justified as comparison 
 243              		.loc 1 2068 3 is_stmt 1 view .LVU68
2068:Middlewares/Third_Party/FreeRTOS/Source/queue.c **** 		if( pxQueue->pcWriteTo >= pxQueue->pcTail ) /*lint !e946 MISRA exception justified as comparison 
 244              		.loc 1 2068 10 is_stmt 0 view .LVU69
 245 002c A368     		ldr	r3, [r4, #8]
2068:Middlewares/Third_Party/FreeRTOS/Source/queue.c **** 		if( pxQueue->pcWriteTo >= pxQueue->pcTail ) /*lint !e946 MISRA exception justified as comparison 
 246              		.loc 1 2068 32 view .LVU70
 247 002e 226C     		ldr	r2, [r4, #64]
2068:Middlewares/Third_Party/FreeRTOS/Source/queue.c **** 		if( pxQueue->pcWriteTo >= pxQueue->pcTail ) /*lint !e946 MISRA exception justified as comparison 
 248              		.loc 1 2068 22 view .LVU71
 249 0030 1344     		add	r3, r3, r2
 250 0032 A360     		str	r3, [r4, #8]
2069:Middlewares/Third_Party/FreeRTOS/Source/queue.c **** 		{
 251              		.loc 1 2069 3 is_stmt 1 view .LVU72
2069:Middlewares/Third_Party/FreeRTOS/Source/queue.c **** 		{
 252              		.loc 1 2069 36 is_stmt 0 view .LVU73
 253 0034 6268     		ldr	r2, [r4, #4]
2069:Middlewares/Third_Party/FreeRTOS/Source/queue.c **** 		{
 254              		.loc 1 2069 5 view .LVU74
 255 0036 9342     		cmp	r3, r2
 256 0038 19D3     		bcc	.L18
2071:Middlewares/Third_Party/FreeRTOS/Source/queue.c **** 		}
 257              		.loc 1 2071 4 is_stmt 1 view .LVU75
2071:Middlewares/Third_Party/FreeRTOS/Source/queue.c **** 		}
 258              		.loc 1 2071 32 is_stmt 0 view .LVU76
 259 003a 2368     		ldr	r3, [r4]
2071:Middlewares/Third_Party/FreeRTOS/Source/queue.c **** 		}
 260              		.loc 1 2071 23 view .LVU77
 261 003c A360     		str	r3, [r4, #8]
2041:Middlewares/Third_Party/FreeRTOS/Source/queue.c **** UBaseType_t uxMessagesWaiting;
ARM GAS  C:\Users\31005\AppData\Local\Temp\ccp6mIRg.s 			page 47


 262              		.loc 1 2041 12 view .LVU78
 263 003e 2846     		mov	r0, r5
 264 0040 E7E7     		b	.L14
 265              	.LVL28:
 266              	.L15:
2080:Middlewares/Third_Party/FreeRTOS/Source/queue.c **** 		pxQueue->u.pcReadFrom -= pxQueue->uxItemSize;
 267              		.loc 1 2080 3 is_stmt 1 view .LVU79
2080:Middlewares/Third_Party/FreeRTOS/Source/queue.c **** 		pxQueue->u.pcReadFrom -= pxQueue->uxItemSize;
 268              		.loc 1 2080 12 is_stmt 0 view .LVU80
 269 0042 C068     		ldr	r0, [r0, #12]
 270              	.LVL29:
2080:Middlewares/Third_Party/FreeRTOS/Source/queue.c **** 		pxQueue->u.pcReadFrom -= pxQueue->uxItemSize;
 271              		.loc 1 2080 12 view .LVU81
 272 0044 FFF7FEFF 		bl	memcpy
 273              	.LVL30:
2081:Middlewares/Third_Party/FreeRTOS/Source/queue.c **** 		if( pxQueue->u.pcReadFrom < pxQueue->pcHead ) /*lint !e946 MISRA exception justified as compariso
 274              		.loc 1 2081 3 is_stmt 1 view .LVU82
2081:Middlewares/Third_Party/FreeRTOS/Source/queue.c **** 		if( pxQueue->u.pcReadFrom < pxQueue->pcHead ) /*lint !e946 MISRA exception justified as compariso
 275              		.loc 1 2081 13 is_stmt 0 view .LVU83
 276 0048 E368     		ldr	r3, [r4, #12]
2081:Middlewares/Third_Party/FreeRTOS/Source/queue.c **** 		if( pxQueue->u.pcReadFrom < pxQueue->pcHead ) /*lint !e946 MISRA exception justified as compariso
 277              		.loc 1 2081 35 view .LVU84
 278 004a 226C     		ldr	r2, [r4, #64]
2081:Middlewares/Third_Party/FreeRTOS/Source/queue.c **** 		if( pxQueue->u.pcReadFrom < pxQueue->pcHead ) /*lint !e946 MISRA exception justified as compariso
 279              		.loc 1 2081 25 view .LVU85
 280 004c 5142     		rsbs	r1, r2, #0
 281 004e 9B1A     		subs	r3, r3, r2
 282 0050 E360     		str	r3, [r4, #12]
2082:Middlewares/Third_Party/FreeRTOS/Source/queue.c **** 		{
 283              		.loc 1 2082 3 is_stmt 1 view .LVU86
2082:Middlewares/Third_Party/FreeRTOS/Source/queue.c **** 		{
 284              		.loc 1 2082 38 is_stmt 0 view .LVU87
 285 0052 2268     		ldr	r2, [r4]
2082:Middlewares/Third_Party/FreeRTOS/Source/queue.c **** 		{
 286              		.loc 1 2082 5 view .LVU88
 287 0054 9342     		cmp	r3, r2
 288 0056 02D2     		bcs	.L16
2084:Middlewares/Third_Party/FreeRTOS/Source/queue.c **** 		}
 289              		.loc 1 2084 4 is_stmt 1 view .LVU89
2084:Middlewares/Third_Party/FreeRTOS/Source/queue.c **** 		}
 290              		.loc 1 2084 37 is_stmt 0 view .LVU90
 291 0058 6368     		ldr	r3, [r4, #4]
2084:Middlewares/Third_Party/FreeRTOS/Source/queue.c **** 		}
 292              		.loc 1 2084 46 view .LVU91
 293 005a 0B44     		add	r3, r3, r1
2084:Middlewares/Third_Party/FreeRTOS/Source/queue.c **** 		}
 294              		.loc 1 2084 26 view .LVU92
 295 005c E360     		str	r3, [r4, #12]
 296              	.L16:
2088:Middlewares/Third_Party/FreeRTOS/Source/queue.c **** 		}
 297              		.loc 1 2088 28 is_stmt 1 view .LVU93
2091:Middlewares/Third_Party/FreeRTOS/Source/queue.c **** 		{
 298              		.loc 1 2091 3 view .LVU94
2091:Middlewares/Third_Party/FreeRTOS/Source/queue.c **** 		{
 299              		.loc 1 2091 5 is_stmt 0 view .LVU95
 300 005e 022D     		cmp	r5, #2
 301 0060 01D0     		beq	.L23
ARM GAS  C:\Users\31005\AppData\Local\Temp\ccp6mIRg.s 			page 48


2041:Middlewares/Third_Party/FreeRTOS/Source/queue.c **** UBaseType_t uxMessagesWaiting;
 302              		.loc 1 2041 12 view .LVU96
 303 0062 0020     		movs	r0, #0
 304 0064 D5E7     		b	.L14
 305              	.L23:
2093:Middlewares/Third_Party/FreeRTOS/Source/queue.c **** 			{
 306              		.loc 1 2093 4 is_stmt 1 view .LVU97
2093:Middlewares/Third_Party/FreeRTOS/Source/queue.c **** 			{
 307              		.loc 1 2093 6 is_stmt 0 view .LVU98
 308 0066 26B1     		cbz	r6, .L20
2099:Middlewares/Third_Party/FreeRTOS/Source/queue.c **** 			}
 309              		.loc 1 2099 5 is_stmt 1 view .LVU99
 310 0068 013E     		subs	r6, r6, #1
 311              	.LVL31:
2041:Middlewares/Third_Party/FreeRTOS/Source/queue.c **** UBaseType_t uxMessagesWaiting;
 312              		.loc 1 2041 12 is_stmt 0 view .LVU100
 313 006a 0020     		movs	r0, #0
 314 006c D1E7     		b	.L14
 315              	.L18:
2041:Middlewares/Third_Party/FreeRTOS/Source/queue.c **** UBaseType_t uxMessagesWaiting;
 316              		.loc 1 2041 12 view .LVU101
 317 006e 2846     		mov	r0, r5
 318 0070 CFE7     		b	.L14
 319              	.L20:
2041:Middlewares/Third_Party/FreeRTOS/Source/queue.c **** UBaseType_t uxMessagesWaiting;
 320              		.loc 1 2041 12 view .LVU102
 321 0072 0020     		movs	r0, #0
 322 0074 CDE7     		b	.L14
 323              		.cfi_endproc
 324              	.LFE33:
 326              		.section	.text.prvCopyDataFromQueue,"ax",%progbits
 327              		.align	1
 328              		.syntax unified
 329              		.thumb
 330              		.thumb_func
 332              	prvCopyDataFromQueue:
 333              	.LVL32:
 334              	.LFB34:
2119:Middlewares/Third_Party/FreeRTOS/Source/queue.c **** 	if( pxQueue->uxItemSize != ( UBaseType_t ) 0 )
 335              		.loc 1 2119 1 is_stmt 1 view -0
 336              		.cfi_startproc
 337              		@ args = 0, pretend = 0, frame = 0
 338              		@ frame_needed = 0, uses_anonymous_args = 0
2119:Middlewares/Third_Party/FreeRTOS/Source/queue.c **** 	if( pxQueue->uxItemSize != ( UBaseType_t ) 0 )
 339              		.loc 1 2119 1 is_stmt 0 view .LVU104
 340 0000 0346     		mov	r3, r0
2120:Middlewares/Third_Party/FreeRTOS/Source/queue.c **** 	{
 341              		.loc 1 2120 2 is_stmt 1 view .LVU105
2120:Middlewares/Third_Party/FreeRTOS/Source/queue.c **** 	{
 342              		.loc 1 2120 13 is_stmt 0 view .LVU106
 343 0002 026C     		ldr	r2, [r0, #64]
2120:Middlewares/Third_Party/FreeRTOS/Source/queue.c **** 	{
 344              		.loc 1 2120 4 view .LVU107
 345 0004 6AB1     		cbz	r2, .L28
2119:Middlewares/Third_Party/FreeRTOS/Source/queue.c **** 	if( pxQueue->uxItemSize != ( UBaseType_t ) 0 )
 346              		.loc 1 2119 1 view .LVU108
 347 0006 10B5     		push	{r4, lr}
ARM GAS  C:\Users\31005\AppData\Local\Temp\ccp6mIRg.s 			page 49


 348              	.LCFI3:
 349              		.cfi_def_cfa_offset 8
 350              		.cfi_offset 4, -8
 351              		.cfi_offset 14, -4
 352 0008 0846     		mov	r0, r1
 353              	.LVL33:
2122:Middlewares/Third_Party/FreeRTOS/Source/queue.c **** 		if( pxQueue->u.pcReadFrom >= pxQueue->pcTail ) /*lint !e946 MISRA exception justified as use of t
 354              		.loc 1 2122 3 is_stmt 1 view .LVU109
2122:Middlewares/Third_Party/FreeRTOS/Source/queue.c **** 		if( pxQueue->u.pcReadFrom >= pxQueue->pcTail ) /*lint !e946 MISRA exception justified as use of t
 355              		.loc 1 2122 13 is_stmt 0 view .LVU110
 356 000a D968     		ldr	r1, [r3, #12]
 357              	.LVL34:
2122:Middlewares/Third_Party/FreeRTOS/Source/queue.c **** 		if( pxQueue->u.pcReadFrom >= pxQueue->pcTail ) /*lint !e946 MISRA exception justified as use of t
 358              		.loc 1 2122 25 view .LVU111
 359 000c 1144     		add	r1, r1, r2
 360 000e D960     		str	r1, [r3, #12]
2123:Middlewares/Third_Party/FreeRTOS/Source/queue.c **** 		{
 361              		.loc 1 2123 3 is_stmt 1 view .LVU112
2123:Middlewares/Third_Party/FreeRTOS/Source/queue.c **** 		{
 362              		.loc 1 2123 5 is_stmt 0 view .LVU113
 363 0010 5C68     		ldr	r4, [r3, #4]
 364 0012 A142     		cmp	r1, r4
 365 0014 01D3     		bcc	.L26
2125:Middlewares/Third_Party/FreeRTOS/Source/queue.c **** 		}
 366              		.loc 1 2125 4 is_stmt 1 view .LVU114
2125:Middlewares/Third_Party/FreeRTOS/Source/queue.c **** 		}
 367              		.loc 1 2125 35 is_stmt 0 view .LVU115
 368 0016 1968     		ldr	r1, [r3]
2125:Middlewares/Third_Party/FreeRTOS/Source/queue.c **** 		}
 369              		.loc 1 2125 26 view .LVU116
 370 0018 D960     		str	r1, [r3, #12]
 371              	.L26:
2129:Middlewares/Third_Party/FreeRTOS/Source/queue.c **** 		}
 372              		.loc 1 2129 28 is_stmt 1 view .LVU117
2131:Middlewares/Third_Party/FreeRTOS/Source/queue.c **** 	}
 373              		.loc 1 2131 3 view .LVU118
2131:Middlewares/Third_Party/FreeRTOS/Source/queue.c **** 	}
 374              		.loc 1 2131 12 is_stmt 0 view .LVU119
 375 001a D968     		ldr	r1, [r3, #12]
 376 001c FFF7FEFF 		bl	memcpy
 377              	.LVL35:
2133:Middlewares/Third_Party/FreeRTOS/Source/queue.c **** /*-----------------------------------------------------------*/
 378              		.loc 1 2133 1 view .LVU120
 379 0020 10BD     		pop	{r4, pc}
 380              	.LVL36:
 381              	.L28:
 382              	.LCFI4:
 383              		.cfi_def_cfa_offset 0
 384              		.cfi_restore 4
 385              		.cfi_restore 14
2133:Middlewares/Third_Party/FreeRTOS/Source/queue.c **** /*-----------------------------------------------------------*/
 386              		.loc 1 2133 1 view .LVU121
 387 0022 7047     		bx	lr
 388              		.cfi_endproc
 389              	.LFE34:
 391              		.section	.text.prvUnlockQueue,"ax",%progbits
 392              		.align	1
ARM GAS  C:\Users\31005\AppData\Local\Temp\ccp6mIRg.s 			page 50


 393              		.syntax unified
 394              		.thumb
 395              		.thumb_func
 397              	prvUnlockQueue:
 398              	.LVL37:
 399              	.LFB35:
2137:Middlewares/Third_Party/FreeRTOS/Source/queue.c **** 	/* THIS FUNCTION MUST BE CALLED WITH THE SCHEDULER SUSPENDED. */
 400              		.loc 1 2137 1 is_stmt 1 view -0
 401              		.cfi_startproc
 402              		@ args = 0, pretend = 0, frame = 0
 403              		@ frame_needed = 0, uses_anonymous_args = 0
2137:Middlewares/Third_Party/FreeRTOS/Source/queue.c **** 	/* THIS FUNCTION MUST BE CALLED WITH THE SCHEDULER SUSPENDED. */
 404              		.loc 1 2137 1 is_stmt 0 view .LVU123
 405 0000 38B5     		push	{r3, r4, r5, lr}
 406              	.LCFI5:
 407              		.cfi_def_cfa_offset 16
 408              		.cfi_offset 3, -16
 409              		.cfi_offset 4, -12
 410              		.cfi_offset 5, -8
 411              		.cfi_offset 14, -4
 412 0002 0546     		mov	r5, r0
2144:Middlewares/Third_Party/FreeRTOS/Source/queue.c **** 	{
 413              		.loc 1 2144 2 is_stmt 1 view .LVU124
 414 0004 FFF7FEFF 		bl	vPortEnterCritical
 415              	.LVL38:
 416              	.LBB118:
2146:Middlewares/Third_Party/FreeRTOS/Source/queue.c **** 
 417              		.loc 1 2146 3 view .LVU125
2146:Middlewares/Third_Party/FreeRTOS/Source/queue.c **** 
 418              		.loc 1 2146 10 is_stmt 0 view .LVU126
 419 0008 95F84540 		ldrb	r4, [r5, #69]	@ zero_extendqisi2
 420 000c 64B2     		sxtb	r4, r4
 421              	.LVL39:
2149:Middlewares/Third_Party/FreeRTOS/Source/queue.c **** 		{
 422              		.loc 1 2149 3 is_stmt 1 view .LVU127
2149:Middlewares/Third_Party/FreeRTOS/Source/queue.c **** 		{
 423              		.loc 1 2149 8 is_stmt 0 view .LVU128
 424 000e 01E0     		b	.L32
 425              	.L34:
2207:Middlewares/Third_Party/FreeRTOS/Source/queue.c **** 					}
 426              		.loc 1 2207 31 is_stmt 1 view .LVU129
2217:Middlewares/Third_Party/FreeRTOS/Source/queue.c **** 		}
 427              		.loc 1 2217 4 view .LVU130
 428 0010 013C     		subs	r4, r4, #1
 429              	.LVL40:
2217:Middlewares/Third_Party/FreeRTOS/Source/queue.c **** 		}
 430              		.loc 1 2217 4 is_stmt 0 view .LVU131
 431 0012 64B2     		sxtb	r4, r4
 432              	.LVL41:
 433              	.L32:
2149:Middlewares/Third_Party/FreeRTOS/Source/queue.c **** 		{
 434              		.loc 1 2149 18 is_stmt 1 view .LVU132
 435 0014 002C     		cmp	r4, #0
 436 0016 0ADD     		ble	.L33
2197:Middlewares/Third_Party/FreeRTOS/Source/queue.c **** 				{
 437              		.loc 1 2197 5 view .LVU133
2197:Middlewares/Third_Party/FreeRTOS/Source/queue.c **** 				{
ARM GAS  C:\Users\31005\AppData\Local\Temp\ccp6mIRg.s 			page 51


 438              		.loc 1 2197 9 is_stmt 0 view .LVU134
 439 0018 6B6A     		ldr	r3, [r5, #36]
2197:Middlewares/Third_Party/FreeRTOS/Source/queue.c **** 				{
 440              		.loc 1 2197 7 view .LVU135
 441 001a 43B1     		cbz	r3, .L33
2199:Middlewares/Third_Party/FreeRTOS/Source/queue.c **** 					{
 442              		.loc 1 2199 6 is_stmt 1 view .LVU136
2199:Middlewares/Third_Party/FreeRTOS/Source/queue.c **** 					{
 443              		.loc 1 2199 10 is_stmt 0 view .LVU137
 444 001c 05F12400 		add	r0, r5, #36
 445 0020 FFF7FEFF 		bl	xTaskRemoveFromEventList
 446              	.LVL42:
2199:Middlewares/Third_Party/FreeRTOS/Source/queue.c **** 					{
 447              		.loc 1 2199 8 view .LVU138
 448 0024 0028     		cmp	r0, #0
 449 0026 F3D0     		beq	.L34
2203:Middlewares/Third_Party/FreeRTOS/Source/queue.c **** 					}
 450              		.loc 1 2203 7 is_stmt 1 view .LVU139
 451 0028 FFF7FEFF 		bl	vTaskMissedYield
 452              	.LVL43:
 453 002c F0E7     		b	.L34
 454              	.L33:
2220:Middlewares/Third_Party/FreeRTOS/Source/queue.c **** 	}
 455              		.loc 1 2220 3 view .LVU140
2220:Middlewares/Third_Party/FreeRTOS/Source/queue.c **** 	}
 456              		.loc 1 2220 20 is_stmt 0 view .LVU141
 457 002e FF23     		movs	r3, #255
 458 0030 85F84530 		strb	r3, [r5, #69]
 459              	.LBE118:
2222:Middlewares/Third_Party/FreeRTOS/Source/queue.c **** 
 460              		.loc 1 2222 2 is_stmt 1 view .LVU142
 461 0034 FFF7FEFF 		bl	vPortExitCritical
 462              	.LVL44:
2225:Middlewares/Third_Party/FreeRTOS/Source/queue.c **** 	{
 463              		.loc 1 2225 2 view .LVU143
 464 0038 FFF7FEFF 		bl	vPortEnterCritical
 465              	.LVL45:
 466              	.LBB119:
2227:Middlewares/Third_Party/FreeRTOS/Source/queue.c **** 
 467              		.loc 1 2227 3 view .LVU144
2227:Middlewares/Third_Party/FreeRTOS/Source/queue.c **** 
 468              		.loc 1 2227 10 is_stmt 0 view .LVU145
 469 003c 95F84440 		ldrb	r4, [r5, #68]	@ zero_extendqisi2
 470              	.LVL46:
2227:Middlewares/Third_Party/FreeRTOS/Source/queue.c **** 
 471              		.loc 1 2227 10 view .LVU146
 472 0040 64B2     		sxtb	r4, r4
 473              	.LVL47:
2229:Middlewares/Third_Party/FreeRTOS/Source/queue.c **** 		{
 474              		.loc 1 2229 3 is_stmt 1 view .LVU147
2229:Middlewares/Third_Party/FreeRTOS/Source/queue.c **** 		{
 475              		.loc 1 2229 8 is_stmt 0 view .LVU148
 476 0042 01E0     		b	.L36
 477              	.L38:
2239:Middlewares/Third_Party/FreeRTOS/Source/queue.c **** 				}
 478              		.loc 1 2239 30 is_stmt 1 view .LVU149
2242:Middlewares/Third_Party/FreeRTOS/Source/queue.c **** 			}
ARM GAS  C:\Users\31005\AppData\Local\Temp\ccp6mIRg.s 			page 52


 479              		.loc 1 2242 5 view .LVU150
 480 0044 013C     		subs	r4, r4, #1
 481              	.LVL48:
2242:Middlewares/Third_Party/FreeRTOS/Source/queue.c **** 			}
 482              		.loc 1 2242 5 is_stmt 0 view .LVU151
 483 0046 64B2     		sxtb	r4, r4
 484              	.LVL49:
 485              	.L36:
2229:Middlewares/Third_Party/FreeRTOS/Source/queue.c **** 		{
 486              		.loc 1 2229 18 is_stmt 1 view .LVU152
 487 0048 002C     		cmp	r4, #0
 488 004a 0ADD     		ble	.L37
2231:Middlewares/Third_Party/FreeRTOS/Source/queue.c **** 			{
 489              		.loc 1 2231 4 view .LVU153
2231:Middlewares/Third_Party/FreeRTOS/Source/queue.c **** 			{
 490              		.loc 1 2231 8 is_stmt 0 view .LVU154
 491 004c 2B69     		ldr	r3, [r5, #16]
2231:Middlewares/Third_Party/FreeRTOS/Source/queue.c **** 			{
 492              		.loc 1 2231 6 view .LVU155
 493 004e 43B1     		cbz	r3, .L37
2233:Middlewares/Third_Party/FreeRTOS/Source/queue.c **** 				{
 494              		.loc 1 2233 5 is_stmt 1 view .LVU156
2233:Middlewares/Third_Party/FreeRTOS/Source/queue.c **** 				{
 495              		.loc 1 2233 9 is_stmt 0 view .LVU157
 496 0050 05F11000 		add	r0, r5, #16
 497 0054 FFF7FEFF 		bl	xTaskRemoveFromEventList
 498              	.LVL50:
2233:Middlewares/Third_Party/FreeRTOS/Source/queue.c **** 				{
 499              		.loc 1 2233 7 view .LVU158
 500 0058 0028     		cmp	r0, #0
 501 005a F3D0     		beq	.L38
2235:Middlewares/Third_Party/FreeRTOS/Source/queue.c **** 				}
 502              		.loc 1 2235 6 is_stmt 1 view .LVU159
 503 005c FFF7FEFF 		bl	vTaskMissedYield
 504              	.LVL51:
 505 0060 F0E7     		b	.L38
 506              	.L37:
2250:Middlewares/Third_Party/FreeRTOS/Source/queue.c **** 	}
 507              		.loc 1 2250 3 view .LVU160
2250:Middlewares/Third_Party/FreeRTOS/Source/queue.c **** 	}
 508              		.loc 1 2250 20 is_stmt 0 view .LVU161
 509 0062 FF23     		movs	r3, #255
 510 0064 85F84430 		strb	r3, [r5, #68]
 511              	.LBE119:
2252:Middlewares/Third_Party/FreeRTOS/Source/queue.c **** }
 512              		.loc 1 2252 2 is_stmt 1 view .LVU162
 513 0068 FFF7FEFF 		bl	vPortExitCritical
 514              	.LVL52:
2253:Middlewares/Third_Party/FreeRTOS/Source/queue.c **** /*-----------------------------------------------------------*/
 515              		.loc 1 2253 1 is_stmt 0 view .LVU163
 516 006c 38BD     		pop	{r3, r4, r5, pc}
2253:Middlewares/Third_Party/FreeRTOS/Source/queue.c **** /*-----------------------------------------------------------*/
 517              		.loc 1 2253 1 view .LVU164
 518              		.cfi_endproc
 519              	.LFE35:
 521              		.section	.text.xQueueGenericReset,"ax",%progbits
 522              		.align	1
ARM GAS  C:\Users\31005\AppData\Local\Temp\ccp6mIRg.s 			page 53


 523              		.global	xQueueGenericReset
 524              		.syntax unified
 525              		.thumb
 526              		.thumb_func
 528              	xQueueGenericReset:
 529              	.LVL53:
 530              	.LFB4:
 248:Middlewares/Third_Party/FreeRTOS/Source/queue.c **** Queue_t * const pxQueue = ( Queue_t * ) xQueue;
 531              		.loc 1 248 1 is_stmt 1 view -0
 532              		.cfi_startproc
 533              		@ args = 0, pretend = 0, frame = 0
 534              		@ frame_needed = 0, uses_anonymous_args = 0
 248:Middlewares/Third_Party/FreeRTOS/Source/queue.c **** Queue_t * const pxQueue = ( Queue_t * ) xQueue;
 535              		.loc 1 248 1 is_stmt 0 view .LVU166
 536 0000 38B5     		push	{r3, r4, r5, lr}
 537              	.LCFI6:
 538              		.cfi_def_cfa_offset 16
 539              		.cfi_offset 3, -16
 540              		.cfi_offset 4, -12
 541              		.cfi_offset 5, -8
 542              		.cfi_offset 14, -4
 249:Middlewares/Third_Party/FreeRTOS/Source/queue.c **** 
 543              		.loc 1 249 1 is_stmt 1 view .LVU167
 544              	.LVL54:
 251:Middlewares/Third_Party/FreeRTOS/Source/queue.c **** 
 545              		.loc 1 251 2 view .LVU168
 546 0002 E0B1     		cbz	r0, .L47
 547 0004 0D46     		mov	r5, r1
 548 0006 0446     		mov	r4, r0
 251:Middlewares/Third_Party/FreeRTOS/Source/queue.c **** 
 549              		.loc 1 251 25 discriminator 2 view .LVU169
 253:Middlewares/Third_Party/FreeRTOS/Source/queue.c **** 	{
 550              		.loc 1 253 2 discriminator 2 view .LVU170
 551 0008 FFF7FEFF 		bl	vPortEnterCritical
 552              	.LVL55:
 255:Middlewares/Third_Party/FreeRTOS/Source/queue.c **** 		pxQueue->uxMessagesWaiting = ( UBaseType_t ) 0U;
 553              		.loc 1 255 3 discriminator 2 view .LVU171
 255:Middlewares/Third_Party/FreeRTOS/Source/queue.c **** 		pxQueue->uxMessagesWaiting = ( UBaseType_t ) 0U;
 554              		.loc 1 255 28 is_stmt 0 discriminator 2 view .LVU172
 555 000c 2368     		ldr	r3, [r4]
 255:Middlewares/Third_Party/FreeRTOS/Source/queue.c **** 		pxQueue->uxMessagesWaiting = ( UBaseType_t ) 0U;
 556              		.loc 1 255 48 discriminator 2 view .LVU173
 557 000e E26B     		ldr	r2, [r4, #60]
 255:Middlewares/Third_Party/FreeRTOS/Source/queue.c **** 		pxQueue->uxMessagesWaiting = ( UBaseType_t ) 0U;
 558              		.loc 1 255 68 discriminator 2 view .LVU174
 559 0010 216C     		ldr	r1, [r4, #64]
 255:Middlewares/Third_Party/FreeRTOS/Source/queue.c **** 		pxQueue->uxMessagesWaiting = ( UBaseType_t ) 0U;
 560              		.loc 1 255 37 discriminator 2 view .LVU175
 561 0012 01FB0230 		mla	r0, r1, r2, r3
 255:Middlewares/Third_Party/FreeRTOS/Source/queue.c **** 		pxQueue->uxMessagesWaiting = ( UBaseType_t ) 0U;
 562              		.loc 1 255 19 discriminator 2 view .LVU176
 563 0016 6060     		str	r0, [r4, #4]
 256:Middlewares/Third_Party/FreeRTOS/Source/queue.c **** 		pxQueue->pcWriteTo = pxQueue->pcHead;
 564              		.loc 1 256 3 is_stmt 1 discriminator 2 view .LVU177
 256:Middlewares/Third_Party/FreeRTOS/Source/queue.c **** 		pxQueue->pcWriteTo = pxQueue->pcHead;
 565              		.loc 1 256 30 is_stmt 0 discriminator 2 view .LVU178
 566 0018 0020     		movs	r0, #0
ARM GAS  C:\Users\31005\AppData\Local\Temp\ccp6mIRg.s 			page 54


 567 001a A063     		str	r0, [r4, #56]
 257:Middlewares/Third_Party/FreeRTOS/Source/queue.c **** 		pxQueue->u.pcReadFrom = pxQueue->pcHead + ( ( pxQueue->uxLength - ( UBaseType_t ) 1U ) * pxQueue-
 568              		.loc 1 257 3 is_stmt 1 discriminator 2 view .LVU179
 257:Middlewares/Third_Party/FreeRTOS/Source/queue.c **** 		pxQueue->u.pcReadFrom = pxQueue->pcHead + ( ( pxQueue->uxLength - ( UBaseType_t ) 1U ) * pxQueue-
 569              		.loc 1 257 22 is_stmt 0 discriminator 2 view .LVU180
 570 001c A360     		str	r3, [r4, #8]
 258:Middlewares/Third_Party/FreeRTOS/Source/queue.c **** 		pxQueue->cRxLock = queueUNLOCKED;
 571              		.loc 1 258 3 is_stmt 1 discriminator 2 view .LVU181
 258:Middlewares/Third_Party/FreeRTOS/Source/queue.c **** 		pxQueue->cRxLock = queueUNLOCKED;
 572              		.loc 1 258 67 is_stmt 0 discriminator 2 view .LVU182
 573 001e 013A     		subs	r2, r2, #1
 258:Middlewares/Third_Party/FreeRTOS/Source/queue.c **** 		pxQueue->cRxLock = queueUNLOCKED;
 574              		.loc 1 258 43 discriminator 2 view .LVU183
 575 0020 02FB0133 		mla	r3, r2, r1, r3
 258:Middlewares/Third_Party/FreeRTOS/Source/queue.c **** 		pxQueue->cRxLock = queueUNLOCKED;
 576              		.loc 1 258 25 discriminator 2 view .LVU184
 577 0024 E360     		str	r3, [r4, #12]
 259:Middlewares/Third_Party/FreeRTOS/Source/queue.c **** 		pxQueue->cTxLock = queueUNLOCKED;
 578              		.loc 1 259 3 is_stmt 1 discriminator 2 view .LVU185
 259:Middlewares/Third_Party/FreeRTOS/Source/queue.c **** 		pxQueue->cTxLock = queueUNLOCKED;
 579              		.loc 1 259 20 is_stmt 0 discriminator 2 view .LVU186
 580 0026 FF23     		movs	r3, #255
 581 0028 84F84430 		strb	r3, [r4, #68]
 260:Middlewares/Third_Party/FreeRTOS/Source/queue.c **** 
 582              		.loc 1 260 3 is_stmt 1 discriminator 2 view .LVU187
 260:Middlewares/Third_Party/FreeRTOS/Source/queue.c **** 
 583              		.loc 1 260 20 is_stmt 0 discriminator 2 view .LVU188
 584 002c 84F84530 		strb	r3, [r4, #69]
 262:Middlewares/Third_Party/FreeRTOS/Source/queue.c **** 		{
 585              		.loc 1 262 3 is_stmt 1 discriminator 2 view .LVU189
 262:Middlewares/Third_Party/FreeRTOS/Source/queue.c **** 		{
 586              		.loc 1 262 5 is_stmt 0 discriminator 2 view .LVU190
 587 0030 FDB9     		cbnz	r5, .L44
 269:Middlewares/Third_Party/FreeRTOS/Source/queue.c **** 			{
 588              		.loc 1 269 4 is_stmt 1 view .LVU191
 269:Middlewares/Third_Party/FreeRTOS/Source/queue.c **** 			{
 589              		.loc 1 269 8 is_stmt 0 view .LVU192
 590 0032 2369     		ldr	r3, [r4, #16]
 269:Middlewares/Third_Party/FreeRTOS/Source/queue.c **** 			{
 591              		.loc 1 269 6 view .LVU193
 592 0034 63B9     		cbnz	r3, .L48
 593              	.L45:
 292:Middlewares/Third_Party/FreeRTOS/Source/queue.c **** 
 594              		.loc 1 292 2 is_stmt 1 view .LVU194
 595 0036 FFF7FEFF 		bl	vPortExitCritical
 596              	.LVL56:
 296:Middlewares/Third_Party/FreeRTOS/Source/queue.c **** }
 597              		.loc 1 296 2 view .LVU195
 297:Middlewares/Third_Party/FreeRTOS/Source/queue.c **** /*-----------------------------------------------------------*/
 598              		.loc 1 297 1 is_stmt 0 view .LVU196
 599 003a 0120     		movs	r0, #1
 600 003c 38BD     		pop	{r3, r4, r5, pc}
 601              	.LVL57:
 602              	.L47:
 251:Middlewares/Third_Party/FreeRTOS/Source/queue.c **** 
 603              		.loc 1 251 2 is_stmt 1 view .LVU197
 604              	.LBB120:
ARM GAS  C:\Users\31005\AppData\Local\Temp\ccp6mIRg.s 			page 55


 605              	.LBI120:
 606              		.file 2 "Middlewares/Third_Party/FreeRTOS/Source/portable/GCC/ARM_CM4F/portmacro.h"
   1:Middlewares/Third_Party/FreeRTOS/Source/portable/GCC/ARM_CM4F/portmacro.h **** /*
   2:Middlewares/Third_Party/FreeRTOS/Source/portable/GCC/ARM_CM4F/portmacro.h ****  * FreeRTOS Kernel V10.0.1
   3:Middlewares/Third_Party/FreeRTOS/Source/portable/GCC/ARM_CM4F/portmacro.h ****  * Copyright (C) 2017 Amazon.com, Inc. or its affiliates.  All Rights Reserved.
   4:Middlewares/Third_Party/FreeRTOS/Source/portable/GCC/ARM_CM4F/portmacro.h ****  *
   5:Middlewares/Third_Party/FreeRTOS/Source/portable/GCC/ARM_CM4F/portmacro.h ****  * Permission is hereby granted, free of charge, to any person obtaining a copy of
   6:Middlewares/Third_Party/FreeRTOS/Source/portable/GCC/ARM_CM4F/portmacro.h ****  * this software and associated documentation files (the "Software"), to deal in
   7:Middlewares/Third_Party/FreeRTOS/Source/portable/GCC/ARM_CM4F/portmacro.h ****  * the Software without restriction, including without limitation the rights to
   8:Middlewares/Third_Party/FreeRTOS/Source/portable/GCC/ARM_CM4F/portmacro.h ****  * use, copy, modify, merge, publish, distribute, sublicense, and/or sell copies of
   9:Middlewares/Third_Party/FreeRTOS/Source/portable/GCC/ARM_CM4F/portmacro.h ****  * the Software, and to permit persons to whom the Software is furnished to do so,
  10:Middlewares/Third_Party/FreeRTOS/Source/portable/GCC/ARM_CM4F/portmacro.h ****  * subject to the following conditions:
  11:Middlewares/Third_Party/FreeRTOS/Source/portable/GCC/ARM_CM4F/portmacro.h ****  *
  12:Middlewares/Third_Party/FreeRTOS/Source/portable/GCC/ARM_CM4F/portmacro.h ****  * The above copyright notice and this permission notice shall be included in all
  13:Middlewares/Third_Party/FreeRTOS/Source/portable/GCC/ARM_CM4F/portmacro.h ****  * copies or substantial portions of the Software.
  14:Middlewares/Third_Party/FreeRTOS/Source/portable/GCC/ARM_CM4F/portmacro.h ****  *
  15:Middlewares/Third_Party/FreeRTOS/Source/portable/GCC/ARM_CM4F/portmacro.h ****  * THE SOFTWARE IS PROVIDED "AS IS", WITHOUT WARRANTY OF ANY KIND, EXPRESS OR
  16:Middlewares/Third_Party/FreeRTOS/Source/portable/GCC/ARM_CM4F/portmacro.h ****  * IMPLIED, INCLUDING BUT NOT LIMITED TO THE WARRANTIES OF MERCHANTABILITY, FITNESS
  17:Middlewares/Third_Party/FreeRTOS/Source/portable/GCC/ARM_CM4F/portmacro.h ****  * FOR A PARTICULAR PURPOSE AND NONINFRINGEMENT. IN NO EVENT SHALL THE AUTHORS OR
  18:Middlewares/Third_Party/FreeRTOS/Source/portable/GCC/ARM_CM4F/portmacro.h ****  * COPYRIGHT HOLDERS BE LIABLE FOR ANY CLAIM, DAMAGES OR OTHER LIABILITY, WHETHER
  19:Middlewares/Third_Party/FreeRTOS/Source/portable/GCC/ARM_CM4F/portmacro.h ****  * IN AN ACTION OF CONTRACT, TORT OR OTHERWISE, ARISING FROM, OUT OF OR IN
  20:Middlewares/Third_Party/FreeRTOS/Source/portable/GCC/ARM_CM4F/portmacro.h ****  * CONNECTION WITH THE SOFTWARE OR THE USE OR OTHER DEALINGS IN THE SOFTWARE.
  21:Middlewares/Third_Party/FreeRTOS/Source/portable/GCC/ARM_CM4F/portmacro.h ****  *
  22:Middlewares/Third_Party/FreeRTOS/Source/portable/GCC/ARM_CM4F/portmacro.h ****  * http://www.FreeRTOS.org
  23:Middlewares/Third_Party/FreeRTOS/Source/portable/GCC/ARM_CM4F/portmacro.h ****  * http://aws.amazon.com/freertos
  24:Middlewares/Third_Party/FreeRTOS/Source/portable/GCC/ARM_CM4F/portmacro.h ****  *
  25:Middlewares/Third_Party/FreeRTOS/Source/portable/GCC/ARM_CM4F/portmacro.h ****  * 1 tab == 4 spaces!
  26:Middlewares/Third_Party/FreeRTOS/Source/portable/GCC/ARM_CM4F/portmacro.h ****  */
  27:Middlewares/Third_Party/FreeRTOS/Source/portable/GCC/ARM_CM4F/portmacro.h **** 
  28:Middlewares/Third_Party/FreeRTOS/Source/portable/GCC/ARM_CM4F/portmacro.h **** 
  29:Middlewares/Third_Party/FreeRTOS/Source/portable/GCC/ARM_CM4F/portmacro.h **** #ifndef PORTMACRO_H
  30:Middlewares/Third_Party/FreeRTOS/Source/portable/GCC/ARM_CM4F/portmacro.h **** #define PORTMACRO_H
  31:Middlewares/Third_Party/FreeRTOS/Source/portable/GCC/ARM_CM4F/portmacro.h **** 
  32:Middlewares/Third_Party/FreeRTOS/Source/portable/GCC/ARM_CM4F/portmacro.h **** #ifdef __cplusplus
  33:Middlewares/Third_Party/FreeRTOS/Source/portable/GCC/ARM_CM4F/portmacro.h **** extern "C" {
  34:Middlewares/Third_Party/FreeRTOS/Source/portable/GCC/ARM_CM4F/portmacro.h **** #endif
  35:Middlewares/Third_Party/FreeRTOS/Source/portable/GCC/ARM_CM4F/portmacro.h **** 
  36:Middlewares/Third_Party/FreeRTOS/Source/portable/GCC/ARM_CM4F/portmacro.h **** /*-----------------------------------------------------------
  37:Middlewares/Third_Party/FreeRTOS/Source/portable/GCC/ARM_CM4F/portmacro.h ****  * Port specific definitions.
  38:Middlewares/Third_Party/FreeRTOS/Source/portable/GCC/ARM_CM4F/portmacro.h ****  *
  39:Middlewares/Third_Party/FreeRTOS/Source/portable/GCC/ARM_CM4F/portmacro.h ****  * The settings in this file configure FreeRTOS correctly for the
  40:Middlewares/Third_Party/FreeRTOS/Source/portable/GCC/ARM_CM4F/portmacro.h ****  * given hardware and compiler.
  41:Middlewares/Third_Party/FreeRTOS/Source/portable/GCC/ARM_CM4F/portmacro.h ****  *
  42:Middlewares/Third_Party/FreeRTOS/Source/portable/GCC/ARM_CM4F/portmacro.h ****  * These settings should not be altered.
  43:Middlewares/Third_Party/FreeRTOS/Source/portable/GCC/ARM_CM4F/portmacro.h ****  *-----------------------------------------------------------
  44:Middlewares/Third_Party/FreeRTOS/Source/portable/GCC/ARM_CM4F/portmacro.h ****  */
  45:Middlewares/Third_Party/FreeRTOS/Source/portable/GCC/ARM_CM4F/portmacro.h **** 
  46:Middlewares/Third_Party/FreeRTOS/Source/portable/GCC/ARM_CM4F/portmacro.h **** /* Type definitions. */
  47:Middlewares/Third_Party/FreeRTOS/Source/portable/GCC/ARM_CM4F/portmacro.h **** #define portCHAR		char
  48:Middlewares/Third_Party/FreeRTOS/Source/portable/GCC/ARM_CM4F/portmacro.h **** #define portFLOAT		float
  49:Middlewares/Third_Party/FreeRTOS/Source/portable/GCC/ARM_CM4F/portmacro.h **** #define portDOUBLE		double
  50:Middlewares/Third_Party/FreeRTOS/Source/portable/GCC/ARM_CM4F/portmacro.h **** #define portLONG		long
  51:Middlewares/Third_Party/FreeRTOS/Source/portable/GCC/ARM_CM4F/portmacro.h **** #define portSHORT		short
  52:Middlewares/Third_Party/FreeRTOS/Source/portable/GCC/ARM_CM4F/portmacro.h **** #define portSTACK_TYPE	uint32_t
  53:Middlewares/Third_Party/FreeRTOS/Source/portable/GCC/ARM_CM4F/portmacro.h **** #define portBASE_TYPE	long
  54:Middlewares/Third_Party/FreeRTOS/Source/portable/GCC/ARM_CM4F/portmacro.h **** 
  55:Middlewares/Third_Party/FreeRTOS/Source/portable/GCC/ARM_CM4F/portmacro.h **** typedef portSTACK_TYPE StackType_t;
ARM GAS  C:\Users\31005\AppData\Local\Temp\ccp6mIRg.s 			page 56


  56:Middlewares/Third_Party/FreeRTOS/Source/portable/GCC/ARM_CM4F/portmacro.h **** typedef long BaseType_t;
  57:Middlewares/Third_Party/FreeRTOS/Source/portable/GCC/ARM_CM4F/portmacro.h **** typedef unsigned long UBaseType_t;
  58:Middlewares/Third_Party/FreeRTOS/Source/portable/GCC/ARM_CM4F/portmacro.h **** 
  59:Middlewares/Third_Party/FreeRTOS/Source/portable/GCC/ARM_CM4F/portmacro.h **** #if( configUSE_16_BIT_TICKS == 1 )
  60:Middlewares/Third_Party/FreeRTOS/Source/portable/GCC/ARM_CM4F/portmacro.h **** 	typedef uint16_t TickType_t;
  61:Middlewares/Third_Party/FreeRTOS/Source/portable/GCC/ARM_CM4F/portmacro.h **** 	#define portMAX_DELAY ( TickType_t ) 0xffff
  62:Middlewares/Third_Party/FreeRTOS/Source/portable/GCC/ARM_CM4F/portmacro.h **** #else
  63:Middlewares/Third_Party/FreeRTOS/Source/portable/GCC/ARM_CM4F/portmacro.h **** 	typedef uint32_t TickType_t;
  64:Middlewares/Third_Party/FreeRTOS/Source/portable/GCC/ARM_CM4F/portmacro.h **** 	#define portMAX_DELAY ( TickType_t ) 0xffffffffUL
  65:Middlewares/Third_Party/FreeRTOS/Source/portable/GCC/ARM_CM4F/portmacro.h **** 
  66:Middlewares/Third_Party/FreeRTOS/Source/portable/GCC/ARM_CM4F/portmacro.h **** 	/* 32-bit tick type on a 32-bit architecture, so reads of the tick count do
  67:Middlewares/Third_Party/FreeRTOS/Source/portable/GCC/ARM_CM4F/portmacro.h **** 	not need to be guarded with a critical section. */
  68:Middlewares/Third_Party/FreeRTOS/Source/portable/GCC/ARM_CM4F/portmacro.h **** 	#define portTICK_TYPE_IS_ATOMIC 1
  69:Middlewares/Third_Party/FreeRTOS/Source/portable/GCC/ARM_CM4F/portmacro.h **** #endif
  70:Middlewares/Third_Party/FreeRTOS/Source/portable/GCC/ARM_CM4F/portmacro.h **** /*-----------------------------------------------------------*/
  71:Middlewares/Third_Party/FreeRTOS/Source/portable/GCC/ARM_CM4F/portmacro.h **** 
  72:Middlewares/Third_Party/FreeRTOS/Source/portable/GCC/ARM_CM4F/portmacro.h **** /* Architecture specifics. */
  73:Middlewares/Third_Party/FreeRTOS/Source/portable/GCC/ARM_CM4F/portmacro.h **** #define portSTACK_GROWTH			( -1 )
  74:Middlewares/Third_Party/FreeRTOS/Source/portable/GCC/ARM_CM4F/portmacro.h **** #define portTICK_PERIOD_MS			( ( TickType_t ) 1000 / configTICK_RATE_HZ )
  75:Middlewares/Third_Party/FreeRTOS/Source/portable/GCC/ARM_CM4F/portmacro.h **** #define portBYTE_ALIGNMENT			8
  76:Middlewares/Third_Party/FreeRTOS/Source/portable/GCC/ARM_CM4F/portmacro.h **** /*-----------------------------------------------------------*/
  77:Middlewares/Third_Party/FreeRTOS/Source/portable/GCC/ARM_CM4F/portmacro.h **** 
  78:Middlewares/Third_Party/FreeRTOS/Source/portable/GCC/ARM_CM4F/portmacro.h **** /* Scheduler utilities. */
  79:Middlewares/Third_Party/FreeRTOS/Source/portable/GCC/ARM_CM4F/portmacro.h **** #define portYIELD() 															\
  80:Middlewares/Third_Party/FreeRTOS/Source/portable/GCC/ARM_CM4F/portmacro.h **** {																				\
  81:Middlewares/Third_Party/FreeRTOS/Source/portable/GCC/ARM_CM4F/portmacro.h **** 	/* Set a PendSV to request a context switch. */								\
  82:Middlewares/Third_Party/FreeRTOS/Source/portable/GCC/ARM_CM4F/portmacro.h **** 	portNVIC_INT_CTRL_REG = portNVIC_PENDSVSET_BIT;								\
  83:Middlewares/Third_Party/FreeRTOS/Source/portable/GCC/ARM_CM4F/portmacro.h **** 																				\
  84:Middlewares/Third_Party/FreeRTOS/Source/portable/GCC/ARM_CM4F/portmacro.h **** 	/* Barriers are normally not required but do ensure the code is completely	\
  85:Middlewares/Third_Party/FreeRTOS/Source/portable/GCC/ARM_CM4F/portmacro.h **** 	within the specified behaviour for the architecture. */						\
  86:Middlewares/Third_Party/FreeRTOS/Source/portable/GCC/ARM_CM4F/portmacro.h **** 	__asm volatile( "dsb" ::: "memory" );										\
  87:Middlewares/Third_Party/FreeRTOS/Source/portable/GCC/ARM_CM4F/portmacro.h **** 	__asm volatile( "isb" );													\
  88:Middlewares/Third_Party/FreeRTOS/Source/portable/GCC/ARM_CM4F/portmacro.h **** }
  89:Middlewares/Third_Party/FreeRTOS/Source/portable/GCC/ARM_CM4F/portmacro.h **** 
  90:Middlewares/Third_Party/FreeRTOS/Source/portable/GCC/ARM_CM4F/portmacro.h **** #define portNVIC_INT_CTRL_REG		( * ( ( volatile uint32_t * ) 0xe000ed04 ) )
  91:Middlewares/Third_Party/FreeRTOS/Source/portable/GCC/ARM_CM4F/portmacro.h **** #define portNVIC_PENDSVSET_BIT		( 1UL << 28UL )
  92:Middlewares/Third_Party/FreeRTOS/Source/portable/GCC/ARM_CM4F/portmacro.h **** #define portEND_SWITCHING_ISR( xSwitchRequired ) if( xSwitchRequired != pdFALSE ) portYIELD()
  93:Middlewares/Third_Party/FreeRTOS/Source/portable/GCC/ARM_CM4F/portmacro.h **** #define portYIELD_FROM_ISR( x ) portEND_SWITCHING_ISR( x )
  94:Middlewares/Third_Party/FreeRTOS/Source/portable/GCC/ARM_CM4F/portmacro.h **** /*-----------------------------------------------------------*/
  95:Middlewares/Third_Party/FreeRTOS/Source/portable/GCC/ARM_CM4F/portmacro.h **** 
  96:Middlewares/Third_Party/FreeRTOS/Source/portable/GCC/ARM_CM4F/portmacro.h **** /* Critical section management. */
  97:Middlewares/Third_Party/FreeRTOS/Source/portable/GCC/ARM_CM4F/portmacro.h **** extern void vPortEnterCritical( void );
  98:Middlewares/Third_Party/FreeRTOS/Source/portable/GCC/ARM_CM4F/portmacro.h **** extern void vPortExitCritical( void );
  99:Middlewares/Third_Party/FreeRTOS/Source/portable/GCC/ARM_CM4F/portmacro.h **** #define portSET_INTERRUPT_MASK_FROM_ISR()		ulPortRaiseBASEPRI()
 100:Middlewares/Third_Party/FreeRTOS/Source/portable/GCC/ARM_CM4F/portmacro.h **** #define portCLEAR_INTERRUPT_MASK_FROM_ISR(x)	vPortSetBASEPRI(x)
 101:Middlewares/Third_Party/FreeRTOS/Source/portable/GCC/ARM_CM4F/portmacro.h **** #define portDISABLE_INTERRUPTS()				vPortRaiseBASEPRI()
 102:Middlewares/Third_Party/FreeRTOS/Source/portable/GCC/ARM_CM4F/portmacro.h **** #define portENABLE_INTERRUPTS()					vPortSetBASEPRI(0)
 103:Middlewares/Third_Party/FreeRTOS/Source/portable/GCC/ARM_CM4F/portmacro.h **** #define portENTER_CRITICAL()					vPortEnterCritical()
 104:Middlewares/Third_Party/FreeRTOS/Source/portable/GCC/ARM_CM4F/portmacro.h **** #define portEXIT_CRITICAL()						vPortExitCritical()
 105:Middlewares/Third_Party/FreeRTOS/Source/portable/GCC/ARM_CM4F/portmacro.h **** 
 106:Middlewares/Third_Party/FreeRTOS/Source/portable/GCC/ARM_CM4F/portmacro.h **** /*-----------------------------------------------------------*/
 107:Middlewares/Third_Party/FreeRTOS/Source/portable/GCC/ARM_CM4F/portmacro.h **** 
 108:Middlewares/Third_Party/FreeRTOS/Source/portable/GCC/ARM_CM4F/portmacro.h **** /* Task function macros as described on the FreeRTOS.org WEB site.  These are
 109:Middlewares/Third_Party/FreeRTOS/Source/portable/GCC/ARM_CM4F/portmacro.h **** not necessary for to use this port.  They are defined so the common demo files
 110:Middlewares/Third_Party/FreeRTOS/Source/portable/GCC/ARM_CM4F/portmacro.h **** (which build with all the ports) will build. */
 111:Middlewares/Third_Party/FreeRTOS/Source/portable/GCC/ARM_CM4F/portmacro.h **** #define portTASK_FUNCTION_PROTO( vFunction, pvParameters ) void vFunction( void *pvParameters )
 112:Middlewares/Third_Party/FreeRTOS/Source/portable/GCC/ARM_CM4F/portmacro.h **** #define portTASK_FUNCTION( vFunction, pvParameters ) void vFunction( void *pvParameters )
ARM GAS  C:\Users\31005\AppData\Local\Temp\ccp6mIRg.s 			page 57


 113:Middlewares/Third_Party/FreeRTOS/Source/portable/GCC/ARM_CM4F/portmacro.h **** /*-----------------------------------------------------------*/
 114:Middlewares/Third_Party/FreeRTOS/Source/portable/GCC/ARM_CM4F/portmacro.h **** 
 115:Middlewares/Third_Party/FreeRTOS/Source/portable/GCC/ARM_CM4F/portmacro.h **** /* Tickless idle/low power functionality. */
 116:Middlewares/Third_Party/FreeRTOS/Source/portable/GCC/ARM_CM4F/portmacro.h **** #ifndef portSUPPRESS_TICKS_AND_SLEEP
 117:Middlewares/Third_Party/FreeRTOS/Source/portable/GCC/ARM_CM4F/portmacro.h **** 	extern void vPortSuppressTicksAndSleep( TickType_t xExpectedIdleTime );
 118:Middlewares/Third_Party/FreeRTOS/Source/portable/GCC/ARM_CM4F/portmacro.h **** 	#define portSUPPRESS_TICKS_AND_SLEEP( xExpectedIdleTime ) vPortSuppressTicksAndSleep( xExpectedIdl
 119:Middlewares/Third_Party/FreeRTOS/Source/portable/GCC/ARM_CM4F/portmacro.h **** #endif
 120:Middlewares/Third_Party/FreeRTOS/Source/portable/GCC/ARM_CM4F/portmacro.h **** /*-----------------------------------------------------------*/
 121:Middlewares/Third_Party/FreeRTOS/Source/portable/GCC/ARM_CM4F/portmacro.h **** 
 122:Middlewares/Third_Party/FreeRTOS/Source/portable/GCC/ARM_CM4F/portmacro.h **** /* Architecture specific optimisations. */
 123:Middlewares/Third_Party/FreeRTOS/Source/portable/GCC/ARM_CM4F/portmacro.h **** #ifndef configUSE_PORT_OPTIMISED_TASK_SELECTION
 124:Middlewares/Third_Party/FreeRTOS/Source/portable/GCC/ARM_CM4F/portmacro.h **** 	#define configUSE_PORT_OPTIMISED_TASK_SELECTION 1
 125:Middlewares/Third_Party/FreeRTOS/Source/portable/GCC/ARM_CM4F/portmacro.h **** #endif
 126:Middlewares/Third_Party/FreeRTOS/Source/portable/GCC/ARM_CM4F/portmacro.h **** 
 127:Middlewares/Third_Party/FreeRTOS/Source/portable/GCC/ARM_CM4F/portmacro.h **** #if configUSE_PORT_OPTIMISED_TASK_SELECTION == 1
 128:Middlewares/Third_Party/FreeRTOS/Source/portable/GCC/ARM_CM4F/portmacro.h **** 
 129:Middlewares/Third_Party/FreeRTOS/Source/portable/GCC/ARM_CM4F/portmacro.h **** 	/* Generic helper function. */
 130:Middlewares/Third_Party/FreeRTOS/Source/portable/GCC/ARM_CM4F/portmacro.h **** 	__attribute__( ( always_inline ) ) static inline uint8_t ucPortCountLeadingZeros( uint32_t ulBitma
 131:Middlewares/Third_Party/FreeRTOS/Source/portable/GCC/ARM_CM4F/portmacro.h **** 	{
 132:Middlewares/Third_Party/FreeRTOS/Source/portable/GCC/ARM_CM4F/portmacro.h **** 	uint8_t ucReturn;
 133:Middlewares/Third_Party/FreeRTOS/Source/portable/GCC/ARM_CM4F/portmacro.h **** 
 134:Middlewares/Third_Party/FreeRTOS/Source/portable/GCC/ARM_CM4F/portmacro.h **** 		__asm volatile ( "clz %0, %1" : "=r" ( ucReturn ) : "r" ( ulBitmap ) : "memory" );
 135:Middlewares/Third_Party/FreeRTOS/Source/portable/GCC/ARM_CM4F/portmacro.h **** 		return ucReturn;
 136:Middlewares/Third_Party/FreeRTOS/Source/portable/GCC/ARM_CM4F/portmacro.h **** 	}
 137:Middlewares/Third_Party/FreeRTOS/Source/portable/GCC/ARM_CM4F/portmacro.h **** 
 138:Middlewares/Third_Party/FreeRTOS/Source/portable/GCC/ARM_CM4F/portmacro.h **** 	/* Check the configuration. */
 139:Middlewares/Third_Party/FreeRTOS/Source/portable/GCC/ARM_CM4F/portmacro.h **** 	#if( configMAX_PRIORITIES > 32 )
 140:Middlewares/Third_Party/FreeRTOS/Source/portable/GCC/ARM_CM4F/portmacro.h **** 		#error configUSE_PORT_OPTIMISED_TASK_SELECTION can only be set to 1 when configMAX_PRIORITIES is 
 141:Middlewares/Third_Party/FreeRTOS/Source/portable/GCC/ARM_CM4F/portmacro.h **** 	#endif
 142:Middlewares/Third_Party/FreeRTOS/Source/portable/GCC/ARM_CM4F/portmacro.h **** 
 143:Middlewares/Third_Party/FreeRTOS/Source/portable/GCC/ARM_CM4F/portmacro.h **** 	/* Store/clear the ready priorities in a bit map. */
 144:Middlewares/Third_Party/FreeRTOS/Source/portable/GCC/ARM_CM4F/portmacro.h **** 	#define portRECORD_READY_PRIORITY( uxPriority, uxReadyPriorities ) ( uxReadyPriorities ) |= ( 1UL 
 145:Middlewares/Third_Party/FreeRTOS/Source/portable/GCC/ARM_CM4F/portmacro.h **** 	#define portRESET_READY_PRIORITY( uxPriority, uxReadyPriorities ) ( uxReadyPriorities ) &= ~( 1UL 
 146:Middlewares/Third_Party/FreeRTOS/Source/portable/GCC/ARM_CM4F/portmacro.h **** 
 147:Middlewares/Third_Party/FreeRTOS/Source/portable/GCC/ARM_CM4F/portmacro.h **** 	/*-----------------------------------------------------------*/
 148:Middlewares/Third_Party/FreeRTOS/Source/portable/GCC/ARM_CM4F/portmacro.h **** 
 149:Middlewares/Third_Party/FreeRTOS/Source/portable/GCC/ARM_CM4F/portmacro.h **** 	#define portGET_HIGHEST_PRIORITY( uxTopPriority, uxReadyPriorities ) uxTopPriority = ( 31UL - ( ui
 150:Middlewares/Third_Party/FreeRTOS/Source/portable/GCC/ARM_CM4F/portmacro.h **** 
 151:Middlewares/Third_Party/FreeRTOS/Source/portable/GCC/ARM_CM4F/portmacro.h **** #endif /* configUSE_PORT_OPTIMISED_TASK_SELECTION */
 152:Middlewares/Third_Party/FreeRTOS/Source/portable/GCC/ARM_CM4F/portmacro.h **** 
 153:Middlewares/Third_Party/FreeRTOS/Source/portable/GCC/ARM_CM4F/portmacro.h **** /*-----------------------------------------------------------*/
 154:Middlewares/Third_Party/FreeRTOS/Source/portable/GCC/ARM_CM4F/portmacro.h **** 
 155:Middlewares/Third_Party/FreeRTOS/Source/portable/GCC/ARM_CM4F/portmacro.h **** #ifdef configASSERT
 156:Middlewares/Third_Party/FreeRTOS/Source/portable/GCC/ARM_CM4F/portmacro.h **** 	void vPortValidateInterruptPriority( void );
 157:Middlewares/Third_Party/FreeRTOS/Source/portable/GCC/ARM_CM4F/portmacro.h **** 	#define portASSERT_IF_INTERRUPT_PRIORITY_INVALID() 	vPortValidateInterruptPriority()
 158:Middlewares/Third_Party/FreeRTOS/Source/portable/GCC/ARM_CM4F/portmacro.h **** #endif
 159:Middlewares/Third_Party/FreeRTOS/Source/portable/GCC/ARM_CM4F/portmacro.h **** 
 160:Middlewares/Third_Party/FreeRTOS/Source/portable/GCC/ARM_CM4F/portmacro.h **** /* portNOP() is not required by this port. */
 161:Middlewares/Third_Party/FreeRTOS/Source/portable/GCC/ARM_CM4F/portmacro.h **** #define portNOP()
 162:Middlewares/Third_Party/FreeRTOS/Source/portable/GCC/ARM_CM4F/portmacro.h **** 
 163:Middlewares/Third_Party/FreeRTOS/Source/portable/GCC/ARM_CM4F/portmacro.h **** #define portINLINE	__inline
 164:Middlewares/Third_Party/FreeRTOS/Source/portable/GCC/ARM_CM4F/portmacro.h **** 
 165:Middlewares/Third_Party/FreeRTOS/Source/portable/GCC/ARM_CM4F/portmacro.h **** #ifndef portFORCE_INLINE
 166:Middlewares/Third_Party/FreeRTOS/Source/portable/GCC/ARM_CM4F/portmacro.h **** 	#define portFORCE_INLINE inline __attribute__(( always_inline))
 167:Middlewares/Third_Party/FreeRTOS/Source/portable/GCC/ARM_CM4F/portmacro.h **** #endif
 168:Middlewares/Third_Party/FreeRTOS/Source/portable/GCC/ARM_CM4F/portmacro.h **** 
 169:Middlewares/Third_Party/FreeRTOS/Source/portable/GCC/ARM_CM4F/portmacro.h **** portFORCE_INLINE static BaseType_t xPortIsInsideInterrupt( void )
ARM GAS  C:\Users\31005\AppData\Local\Temp\ccp6mIRg.s 			page 58


 170:Middlewares/Third_Party/FreeRTOS/Source/portable/GCC/ARM_CM4F/portmacro.h **** {
 171:Middlewares/Third_Party/FreeRTOS/Source/portable/GCC/ARM_CM4F/portmacro.h **** uint32_t ulCurrentInterrupt;
 172:Middlewares/Third_Party/FreeRTOS/Source/portable/GCC/ARM_CM4F/portmacro.h **** BaseType_t xReturn;
 173:Middlewares/Third_Party/FreeRTOS/Source/portable/GCC/ARM_CM4F/portmacro.h **** 
 174:Middlewares/Third_Party/FreeRTOS/Source/portable/GCC/ARM_CM4F/portmacro.h **** 	/* Obtain the number of the currently executing interrupt. */
 175:Middlewares/Third_Party/FreeRTOS/Source/portable/GCC/ARM_CM4F/portmacro.h **** 	__asm volatile( "mrs %0, ipsr" : "=r"( ulCurrentInterrupt ) :: "memory" );
 176:Middlewares/Third_Party/FreeRTOS/Source/portable/GCC/ARM_CM4F/portmacro.h **** 
 177:Middlewares/Third_Party/FreeRTOS/Source/portable/GCC/ARM_CM4F/portmacro.h **** 	if( ulCurrentInterrupt == 0 )
 178:Middlewares/Third_Party/FreeRTOS/Source/portable/GCC/ARM_CM4F/portmacro.h **** 	{
 179:Middlewares/Third_Party/FreeRTOS/Source/portable/GCC/ARM_CM4F/portmacro.h **** 		xReturn = pdFALSE;
 180:Middlewares/Third_Party/FreeRTOS/Source/portable/GCC/ARM_CM4F/portmacro.h **** 	}
 181:Middlewares/Third_Party/FreeRTOS/Source/portable/GCC/ARM_CM4F/portmacro.h **** 	else
 182:Middlewares/Third_Party/FreeRTOS/Source/portable/GCC/ARM_CM4F/portmacro.h **** 	{
 183:Middlewares/Third_Party/FreeRTOS/Source/portable/GCC/ARM_CM4F/portmacro.h **** 		xReturn = pdTRUE;
 184:Middlewares/Third_Party/FreeRTOS/Source/portable/GCC/ARM_CM4F/portmacro.h **** 	}
 185:Middlewares/Third_Party/FreeRTOS/Source/portable/GCC/ARM_CM4F/portmacro.h **** 
 186:Middlewares/Third_Party/FreeRTOS/Source/portable/GCC/ARM_CM4F/portmacro.h **** 	return xReturn;
 187:Middlewares/Third_Party/FreeRTOS/Source/portable/GCC/ARM_CM4F/portmacro.h **** }
 188:Middlewares/Third_Party/FreeRTOS/Source/portable/GCC/ARM_CM4F/portmacro.h **** 
 189:Middlewares/Third_Party/FreeRTOS/Source/portable/GCC/ARM_CM4F/portmacro.h **** /*-----------------------------------------------------------*/
 190:Middlewares/Third_Party/FreeRTOS/Source/portable/GCC/ARM_CM4F/portmacro.h **** 
 191:Middlewares/Third_Party/FreeRTOS/Source/portable/GCC/ARM_CM4F/portmacro.h **** portFORCE_INLINE static void vPortRaiseBASEPRI( void )
 607              		.loc 2 191 30 view .LVU198
 608              	.LBB121:
 192:Middlewares/Third_Party/FreeRTOS/Source/portable/GCC/ARM_CM4F/portmacro.h **** {
 193:Middlewares/Third_Party/FreeRTOS/Source/portable/GCC/ARM_CM4F/portmacro.h **** uint32_t ulNewBASEPRI;
 609              		.loc 2 193 1 view .LVU199
 194:Middlewares/Third_Party/FreeRTOS/Source/portable/GCC/ARM_CM4F/portmacro.h **** 
 195:Middlewares/Third_Party/FreeRTOS/Source/portable/GCC/ARM_CM4F/portmacro.h **** 	__asm volatile
 610              		.loc 2 195 2 view .LVU200
 611              		.syntax unified
 612              	@ 195 "Middlewares/Third_Party/FreeRTOS/Source/portable/GCC/ARM_CM4F/portmacro.h" 1
 613 003e 4FF05003 			mov r3, #80												
 614 0042 83F31188 		msr basepri, r3											
 615 0046 BFF36F8F 		isb														
 616 004a BFF34F8F 		dsb														
 617              	
 618              	@ 0 "" 2
 619              	.LVL58:
 620              		.thumb
 621              		.syntax unified
 622              	.L43:
 623              		.loc 2 195 2 is_stmt 0 view .LVU201
 624              	.LBE121:
 625              	.LBE120:
 251:Middlewares/Third_Party/FreeRTOS/Source/queue.c **** 
 626              		.loc 1 251 2 is_stmt 1 discriminator 1 view .LVU202
 251:Middlewares/Third_Party/FreeRTOS/Source/queue.c **** 
 627              		.loc 1 251 2 discriminator 1 view .LVU203
 628 004e FEE7     		b	.L43
 629              	.LVL59:
 630              	.L48:
 271:Middlewares/Third_Party/FreeRTOS/Source/queue.c **** 				{
 631              		.loc 1 271 5 view .LVU204
 271:Middlewares/Third_Party/FreeRTOS/Source/queue.c **** 				{
 632              		.loc 1 271 9 is_stmt 0 view .LVU205
 633 0050 04F11000 		add	r0, r4, #16
ARM GAS  C:\Users\31005\AppData\Local\Temp\ccp6mIRg.s 			page 59


 634 0054 FFF7FEFF 		bl	xTaskRemoveFromEventList
 635              	.LVL60:
 271:Middlewares/Third_Party/FreeRTOS/Source/queue.c **** 				{
 636              		.loc 1 271 7 view .LVU206
 637 0058 0028     		cmp	r0, #0
 638 005a ECD0     		beq	.L45
 273:Middlewares/Third_Party/FreeRTOS/Source/queue.c **** 				}
 639              		.loc 1 273 6 is_stmt 1 view .LVU207
 640 005c 4FF0E023 		mov	r3, #-536813568
 641 0060 4FF08052 		mov	r2, #268435456
 642 0064 C3F8042D 		str	r2, [r3, #3332]
 273:Middlewares/Third_Party/FreeRTOS/Source/queue.c **** 				}
 643              		.loc 1 273 6 view .LVU208
 644              		.syntax unified
 645              	@ 273 "Middlewares/Third_Party/FreeRTOS/Source/queue.c" 1
 646 0068 BFF34F8F 		dsb
 647              	@ 0 "" 2
 273:Middlewares/Third_Party/FreeRTOS/Source/queue.c **** 				}
 648              		.loc 1 273 6 view .LVU209
 649              	@ 273 "Middlewares/Third_Party/FreeRTOS/Source/queue.c" 1
 650 006c BFF36F8F 		isb
 651              	@ 0 "" 2
 273:Middlewares/Third_Party/FreeRTOS/Source/queue.c **** 				}
 652              		.loc 1 273 38 view .LVU210
 653              		.thumb
 654              		.syntax unified
 655 0070 E1E7     		b	.L45
 656              	.L44:
 288:Middlewares/Third_Party/FreeRTOS/Source/queue.c **** 			vListInitialise( &( pxQueue->xTasksWaitingToReceive ) );
 657              		.loc 1 288 4 view .LVU211
 658 0072 04F11000 		add	r0, r4, #16
 659 0076 FFF7FEFF 		bl	vListInitialise
 660              	.LVL61:
 289:Middlewares/Third_Party/FreeRTOS/Source/queue.c **** 		}
 661              		.loc 1 289 4 view .LVU212
 662 007a 04F12400 		add	r0, r4, #36
 663 007e FFF7FEFF 		bl	vListInitialise
 664              	.LVL62:
 665 0082 D8E7     		b	.L45
 666              		.cfi_endproc
 667              	.LFE4:
 669              		.section	.text.prvInitialiseNewQueue,"ax",%progbits
 670              		.align	1
 671              		.syntax unified
 672              		.thumb
 673              		.thumb_func
 675              	prvInitialiseNewQueue:
 676              	.LVL63:
 677              	.LFB7:
 409:Middlewares/Third_Party/FreeRTOS/Source/queue.c **** 	/* Remove compiler warnings about unused parameters should
 678              		.loc 1 409 1 view -0
 679              		.cfi_startproc
 680              		@ args = 4, pretend = 0, frame = 0
 681              		@ frame_needed = 0, uses_anonymous_args = 0
 409:Middlewares/Third_Party/FreeRTOS/Source/queue.c **** 	/* Remove compiler warnings about unused parameters should
 682              		.loc 1 409 1 is_stmt 0 view .LVU214
 683 0000 38B5     		push	{r3, r4, r5, lr}
ARM GAS  C:\Users\31005\AppData\Local\Temp\ccp6mIRg.s 			page 60


 684              	.LCFI7:
 685              		.cfi_def_cfa_offset 16
 686              		.cfi_offset 3, -16
 687              		.cfi_offset 4, -12
 688              		.cfi_offset 5, -8
 689              		.cfi_offset 14, -4
 690 0002 1D46     		mov	r5, r3
 691 0004 049C     		ldr	r4, [sp, #16]
 412:Middlewares/Third_Party/FreeRTOS/Source/queue.c **** 
 692              		.loc 1 412 2 is_stmt 1 view .LVU215
 414:Middlewares/Third_Party/FreeRTOS/Source/queue.c **** 	{
 693              		.loc 1 414 2 view .LVU216
 414:Middlewares/Third_Party/FreeRTOS/Source/queue.c **** 	{
 694              		.loc 1 414 4 is_stmt 0 view .LVU217
 695 0006 0B46     		mov	r3, r1
 696              	.LVL64:
 414:Middlewares/Third_Party/FreeRTOS/Source/queue.c **** 	{
 697              		.loc 1 414 4 view .LVU218
 698 0008 49B9     		cbnz	r1, .L50
 420:Middlewares/Third_Party/FreeRTOS/Source/queue.c **** 	}
 699              		.loc 1 420 3 is_stmt 1 view .LVU219
 420:Middlewares/Third_Party/FreeRTOS/Source/queue.c **** 	}
 700              		.loc 1 420 22 is_stmt 0 view .LVU220
 701 000a 2460     		str	r4, [r4]
 702              	.L51:
 430:Middlewares/Third_Party/FreeRTOS/Source/queue.c **** 	pxNewQueue->uxItemSize = uxItemSize;
 703              		.loc 1 430 2 is_stmt 1 view .LVU221
 430:Middlewares/Third_Party/FreeRTOS/Source/queue.c **** 	pxNewQueue->uxItemSize = uxItemSize;
 704              		.loc 1 430 23 is_stmt 0 view .LVU222
 705 000c E063     		str	r0, [r4, #60]
 431:Middlewares/Third_Party/FreeRTOS/Source/queue.c **** 	( void ) xQueueGenericReset( pxNewQueue, pdTRUE );
 706              		.loc 1 431 2 is_stmt 1 view .LVU223
 431:Middlewares/Third_Party/FreeRTOS/Source/queue.c **** 	( void ) xQueueGenericReset( pxNewQueue, pdTRUE );
 707              		.loc 1 431 25 is_stmt 0 view .LVU224
 708 000e 2364     		str	r3, [r4, #64]
 432:Middlewares/Third_Party/FreeRTOS/Source/queue.c **** 
 709              		.loc 1 432 2 is_stmt 1 view .LVU225
 432:Middlewares/Third_Party/FreeRTOS/Source/queue.c **** 
 710              		.loc 1 432 11 is_stmt 0 view .LVU226
 711 0010 0121     		movs	r1, #1
 712              	.LVL65:
 432:Middlewares/Third_Party/FreeRTOS/Source/queue.c **** 
 713              		.loc 1 432 11 view .LVU227
 714 0012 2046     		mov	r0, r4
 715              	.LVL66:
 432:Middlewares/Third_Party/FreeRTOS/Source/queue.c **** 
 716              		.loc 1 432 11 view .LVU228
 717 0014 FFF7FEFF 		bl	xQueueGenericReset
 718              	.LVL67:
 436:Middlewares/Third_Party/FreeRTOS/Source/queue.c **** 	}
 719              		.loc 1 436 3 is_stmt 1 view .LVU229
 436:Middlewares/Third_Party/FreeRTOS/Source/queue.c **** 	}
 720              		.loc 1 436 27 is_stmt 0 view .LVU230
 721 0018 84F84C50 		strb	r5, [r4, #76]
 446:Middlewares/Third_Party/FreeRTOS/Source/queue.c **** }
 722              		.loc 1 446 33 is_stmt 1 view .LVU231
 447:Middlewares/Third_Party/FreeRTOS/Source/queue.c **** /*-----------------------------------------------------------*/
ARM GAS  C:\Users\31005\AppData\Local\Temp\ccp6mIRg.s 			page 61


 723              		.loc 1 447 1 is_stmt 0 view .LVU232
 724 001c 38BD     		pop	{r3, r4, r5, pc}
 725              	.LVL68:
 726              	.L50:
 425:Middlewares/Third_Party/FreeRTOS/Source/queue.c **** 	}
 727              		.loc 1 425 3 is_stmt 1 view .LVU233
 425:Middlewares/Third_Party/FreeRTOS/Source/queue.c **** 	}
 728              		.loc 1 425 22 is_stmt 0 view .LVU234
 729 001e 2260     		str	r2, [r4]
 730 0020 F4E7     		b	.L51
 731              		.cfi_endproc
 732              	.LFE7:
 734              		.section	.text.xQueueGenericCreateStatic,"ax",%progbits
 735              		.align	1
 736              		.global	xQueueGenericCreateStatic
 737              		.syntax unified
 738              		.thumb
 739              		.thumb_func
 741              	xQueueGenericCreateStatic:
 742              	.LVL69:
 743              	.LFB5:
 303:Middlewares/Third_Party/FreeRTOS/Source/queue.c **** 	Queue_t *pxNewQueue;
 744              		.loc 1 303 2 is_stmt 1 view -0
 745              		.cfi_startproc
 746              		@ args = 4, pretend = 0, frame = 8
 747              		@ frame_needed = 0, uses_anonymous_args = 0
 304:Middlewares/Third_Party/FreeRTOS/Source/queue.c **** 
 748              		.loc 1 304 2 view .LVU236
 306:Middlewares/Third_Party/FreeRTOS/Source/queue.c **** 
 749              		.loc 1 306 3 view .LVU237
 750 0000 40B9     		cbnz	r0, .L54
 306:Middlewares/Third_Party/FreeRTOS/Source/queue.c **** 
 751              		.loc 1 306 3 view .LVU238
 752              	.LBB122:
 753              	.LBI122:
 191:Middlewares/Third_Party/FreeRTOS/Source/portable/GCC/ARM_CM4F/portmacro.h **** {
 754              		.loc 2 191 30 view .LVU239
 755              	.LBB123:
 193:Middlewares/Third_Party/FreeRTOS/Source/portable/GCC/ARM_CM4F/portmacro.h **** 
 756              		.loc 2 193 1 view .LVU240
 757              		.loc 2 195 2 view .LVU241
 758              		.syntax unified
 759              	@ 195 "Middlewares/Third_Party/FreeRTOS/Source/portable/GCC/ARM_CM4F/portmacro.h" 1
 760 0002 4FF05003 			mov r3, #80												
 761 0006 83F31188 		msr basepri, r3											
 762 000a BFF36F8F 		isb														
 763 000e BFF34F8F 		dsb														
 764              	
 765              	@ 0 "" 2
 766              	.LVL70:
 767              		.thumb
 768              		.syntax unified
 769              	.L55:
 770              		.loc 2 195 2 is_stmt 0 view .LVU242
 771              	.LBE123:
 772              	.LBE122:
 306:Middlewares/Third_Party/FreeRTOS/Source/queue.c **** 
ARM GAS  C:\Users\31005\AppData\Local\Temp\ccp6mIRg.s 			page 62


 773              		.loc 1 306 3 is_stmt 1 discriminator 1 view .LVU243
 306:Middlewares/Third_Party/FreeRTOS/Source/queue.c **** 
 774              		.loc 1 306 3 discriminator 1 view .LVU244
 775 0012 FEE7     		b	.L55
 776              	.LVL71:
 777              	.L54:
 303:Middlewares/Third_Party/FreeRTOS/Source/queue.c **** 	Queue_t *pxNewQueue;
 778              		.loc 1 303 2 is_stmt 0 discriminator 2 view .LVU245
 779 0014 10B5     		push	{r4, lr}
 780              	.LCFI8:
 781              		.cfi_def_cfa_offset 8
 782              		.cfi_offset 4, -8
 783              		.cfi_offset 14, -4
 784 0016 84B0     		sub	sp, sp, #16
 785              	.LCFI9:
 786              		.cfi_def_cfa_offset 24
 787 0018 1C46     		mov	r4, r3
 788 001a 8446     		mov	ip, r0
 306:Middlewares/Third_Party/FreeRTOS/Source/queue.c **** 
 789              		.loc 1 306 52 is_stmt 1 discriminator 2 view .LVU246
 310:Middlewares/Third_Party/FreeRTOS/Source/queue.c **** 
 790              		.loc 1 310 3 discriminator 2 view .LVU247
 791 001c 53B1     		cbz	r3, .L66
 310:Middlewares/Third_Party/FreeRTOS/Source/queue.c **** 
 792              		.loc 1 310 40 discriminator 2 view .LVU248
 314:Middlewares/Third_Party/FreeRTOS/Source/queue.c **** 		configASSERT( !( ( pucQueueStorage == NULL ) && ( uxItemSize != 0 ) ) );
 793              		.loc 1 314 3 discriminator 2 view .LVU249
 794 001e 92B1     		cbz	r2, .L58
 795 0020 89B9     		cbnz	r1, .L58
 314:Middlewares/Third_Party/FreeRTOS/Source/queue.c **** 		configASSERT( !( ( pucQueueStorage == NULL ) && ( uxItemSize != 0 ) ) );
 796              		.loc 1 314 3 view .LVU250
 797              	.LBB124:
 798              	.LBI124:
 191:Middlewares/Third_Party/FreeRTOS/Source/portable/GCC/ARM_CM4F/portmacro.h **** {
 799              		.loc 2 191 30 view .LVU251
 800              	.LBB125:
 193:Middlewares/Third_Party/FreeRTOS/Source/portable/GCC/ARM_CM4F/portmacro.h **** 
 801              		.loc 2 193 1 view .LVU252
 802              		.loc 2 195 2 view .LVU253
 803              		.syntax unified
 804              	@ 195 "Middlewares/Third_Party/FreeRTOS/Source/portable/GCC/ARM_CM4F/portmacro.h" 1
 805 0022 4FF05003 			mov r3, #80												
 806 0026 83F31188 		msr basepri, r3											
 807 002a BFF36F8F 		isb														
 808 002e BFF34F8F 		dsb														
 809              	
 810              	@ 0 "" 2
 811              	.LVL72:
 812              		.thumb
 813              		.syntax unified
 814              	.L59:
 815              		.loc 2 195 2 is_stmt 0 view .LVU254
 816              	.LBE125:
 817              	.LBE124:
 314:Middlewares/Third_Party/FreeRTOS/Source/queue.c **** 		configASSERT( !( ( pucQueueStorage == NULL ) && ( uxItemSize != 0 ) ) );
 818              		.loc 1 314 3 is_stmt 1 discriminator 3 view .LVU255
 314:Middlewares/Third_Party/FreeRTOS/Source/queue.c **** 		configASSERT( !( ( pucQueueStorage == NULL ) && ( uxItemSize != 0 ) ) );
ARM GAS  C:\Users\31005\AppData\Local\Temp\ccp6mIRg.s 			page 63


 819              		.loc 1 314 3 discriminator 3 view .LVU256
 820 0032 FEE7     		b	.L59
 821              	.LVL73:
 822              	.L66:
 310:Middlewares/Third_Party/FreeRTOS/Source/queue.c **** 
 823              		.loc 1 310 3 view .LVU257
 824              	.LBB126:
 825              	.LBI126:
 191:Middlewares/Third_Party/FreeRTOS/Source/portable/GCC/ARM_CM4F/portmacro.h **** {
 826              		.loc 2 191 30 view .LVU258
 827              	.LBB127:
 193:Middlewares/Third_Party/FreeRTOS/Source/portable/GCC/ARM_CM4F/portmacro.h **** 
 828              		.loc 2 193 1 view .LVU259
 829              		.loc 2 195 2 view .LVU260
 830              		.syntax unified
 831              	@ 195 "Middlewares/Third_Party/FreeRTOS/Source/portable/GCC/ARM_CM4F/portmacro.h" 1
 832 0034 4FF05003 			mov r3, #80												
 833 0038 83F31188 		msr basepri, r3											
 834 003c BFF36F8F 		isb														
 835 0040 BFF34F8F 		dsb														
 836              	
 837              	@ 0 "" 2
 838              	.LVL74:
 839              		.thumb
 840              		.syntax unified
 841              	.L57:
 842              		.loc 2 195 2 is_stmt 0 view .LVU261
 843              	.LBE127:
 844              	.LBE126:
 310:Middlewares/Third_Party/FreeRTOS/Source/queue.c **** 
 845              		.loc 1 310 3 is_stmt 1 discriminator 2 view .LVU262
 310:Middlewares/Third_Party/FreeRTOS/Source/queue.c **** 
 846              		.loc 1 310 3 discriminator 2 view .LVU263
 847 0044 FEE7     		b	.L57
 848              	.LVL75:
 849              	.L58:
 314:Middlewares/Third_Party/FreeRTOS/Source/queue.c **** 		configASSERT( !( ( pucQueueStorage == NULL ) && ( uxItemSize != 0 ) ) );
 850              		.loc 1 314 74 discriminator 8 view .LVU264
 315:Middlewares/Third_Party/FreeRTOS/Source/queue.c **** 
 851              		.loc 1 315 3 discriminator 8 view .LVU265
 852 0046 6AB1     		cbz	r2, .L67
 853              	.L60:
 315:Middlewares/Third_Party/FreeRTOS/Source/queue.c **** 
 854              		.loc 1 315 74 discriminator 8 view .LVU266
 855              	.LBB128:
 322:Middlewares/Third_Party/FreeRTOS/Source/queue.c **** 			configASSERT( xSize == sizeof( Queue_t ) );
 856              		.loc 1 322 4 discriminator 8 view .LVU267
 322:Middlewares/Third_Party/FreeRTOS/Source/queue.c **** 			configASSERT( xSize == sizeof( Queue_t ) );
 857              		.loc 1 322 20 is_stmt 0 discriminator 8 view .LVU268
 858 0048 5023     		movs	r3, #80
 859              	.LVL76:
 322:Middlewares/Third_Party/FreeRTOS/Source/queue.c **** 			configASSERT( xSize == sizeof( Queue_t ) );
 860              		.loc 1 322 20 discriminator 8 view .LVU269
 861 004a 0393     		str	r3, [sp, #12]
 323:Middlewares/Third_Party/FreeRTOS/Source/queue.c **** 		}
 862              		.loc 1 323 4 is_stmt 1 discriminator 8 view .LVU270
 863 004c 039B     		ldr	r3, [sp, #12]
ARM GAS  C:\Users\31005\AppData\Local\Temp\ccp6mIRg.s 			page 64


 864 004e 502B     		cmp	r3, #80
 865 0050 13D0     		beq	.L62
 323:Middlewares/Third_Party/FreeRTOS/Source/queue.c **** 		}
 866              		.loc 1 323 4 view .LVU271
 867              	.LBB129:
 868              	.LBI129:
 191:Middlewares/Third_Party/FreeRTOS/Source/portable/GCC/ARM_CM4F/portmacro.h **** {
 869              		.loc 2 191 30 view .LVU272
 870              	.LBB130:
 193:Middlewares/Third_Party/FreeRTOS/Source/portable/GCC/ARM_CM4F/portmacro.h **** 
 871              		.loc 2 193 1 view .LVU273
 872              		.loc 2 195 2 view .LVU274
 873              		.syntax unified
 874              	@ 195 "Middlewares/Third_Party/FreeRTOS/Source/portable/GCC/ARM_CM4F/portmacro.h" 1
 875 0052 4FF05003 			mov r3, #80												
 876 0056 83F31188 		msr basepri, r3											
 877 005a BFF36F8F 		isb														
 878 005e BFF34F8F 		dsb														
 879              	
 880              	@ 0 "" 2
 881              	.LVL77:
 882              		.thumb
 883              		.syntax unified
 884              	.L63:
 885              		.loc 2 195 2 is_stmt 0 view .LVU275
 886              	.LBE130:
 887              	.LBE129:
 323:Middlewares/Third_Party/FreeRTOS/Source/queue.c **** 		}
 888              		.loc 1 323 4 is_stmt 1 discriminator 5 view .LVU276
 323:Middlewares/Third_Party/FreeRTOS/Source/queue.c **** 		}
 889              		.loc 1 323 4 discriminator 5 view .LVU277
 890 0062 FEE7     		b	.L63
 891              	.LVL78:
 892              	.L67:
 323:Middlewares/Third_Party/FreeRTOS/Source/queue.c **** 		}
 893              		.loc 1 323 4 is_stmt 0 discriminator 5 view .LVU278
 894              	.LBE128:
 315:Middlewares/Third_Party/FreeRTOS/Source/queue.c **** 
 895              		.loc 1 315 3 discriminator 2 view .LVU279
 896 0064 0029     		cmp	r1, #0
 897 0066 EFD0     		beq	.L60
 315:Middlewares/Third_Party/FreeRTOS/Source/queue.c **** 
 898              		.loc 1 315 3 is_stmt 1 view .LVU280
 899              	.LBB131:
 900              	.LBI131:
 191:Middlewares/Third_Party/FreeRTOS/Source/portable/GCC/ARM_CM4F/portmacro.h **** {
 901              		.loc 2 191 30 view .LVU281
 902              	.LBB132:
 193:Middlewares/Third_Party/FreeRTOS/Source/portable/GCC/ARM_CM4F/portmacro.h **** 
 903              		.loc 2 193 1 view .LVU282
 904              		.loc 2 195 2 view .LVU283
 905              		.syntax unified
 906              	@ 195 "Middlewares/Third_Party/FreeRTOS/Source/portable/GCC/ARM_CM4F/portmacro.h" 1
 907 0068 4FF05003 			mov r3, #80												
 908 006c 83F31188 		msr basepri, r3											
 909 0070 BFF36F8F 		isb														
 910 0074 BFF34F8F 		dsb														
ARM GAS  C:\Users\31005\AppData\Local\Temp\ccp6mIRg.s 			page 65


 911              	
 912              	@ 0 "" 2
 913              	.LVL79:
 914              		.thumb
 915              		.syntax unified
 916              	.L61:
 917              		.loc 2 195 2 is_stmt 0 view .LVU284
 918              	.LBE132:
 919              	.LBE131:
 315:Middlewares/Third_Party/FreeRTOS/Source/queue.c **** 
 920              		.loc 1 315 3 is_stmt 1 discriminator 4 view .LVU285
 315:Middlewares/Third_Party/FreeRTOS/Source/queue.c **** 
 921              		.loc 1 315 3 discriminator 4 view .LVU286
 922 0078 FEE7     		b	.L61
 923              	.L62:
 924              	.LBB133:
 323:Middlewares/Third_Party/FreeRTOS/Source/queue.c **** 		}
 925              		.loc 1 323 46 view .LVU287
 926              	.LBE133:
 330:Middlewares/Third_Party/FreeRTOS/Source/queue.c **** 
 927              		.loc 1 330 3 view .LVU288
 928              	.LVL80:
 332:Middlewares/Third_Party/FreeRTOS/Source/queue.c **** 		{
 929              		.loc 1 332 3 view .LVU289
 339:Middlewares/Third_Party/FreeRTOS/Source/queue.c **** 			}
 930              		.loc 1 339 5 view .LVU290
 339:Middlewares/Third_Party/FreeRTOS/Source/queue.c **** 			}
 931              		.loc 1 339 39 is_stmt 0 view .LVU291
 932 007a 0123     		movs	r3, #1
 933 007c 84F84630 		strb	r3, [r4, #70]
 343:Middlewares/Third_Party/FreeRTOS/Source/queue.c **** 		}
 934              		.loc 1 343 4 is_stmt 1 view .LVU292
 935 0080 0094     		str	r4, [sp]
 936 0082 9DF81830 		ldrb	r3, [sp, #24]	@ zero_extendqisi2
 937 0086 6046     		mov	r0, ip
 938              	.LVL81:
 343:Middlewares/Third_Party/FreeRTOS/Source/queue.c **** 		}
 939              		.loc 1 343 4 is_stmt 0 view .LVU293
 940 0088 FFF7FEFF 		bl	prvInitialiseNewQueue
 941              	.LVL82:
 347:Middlewares/Third_Party/FreeRTOS/Source/queue.c **** 		}
 942              		.loc 1 347 43 is_stmt 1 view .LVU294
 350:Middlewares/Third_Party/FreeRTOS/Source/queue.c **** 	}
 943              		.loc 1 350 3 view .LVU295
 351:Middlewares/Third_Party/FreeRTOS/Source/queue.c **** 
 944              		.loc 1 351 2 is_stmt 0 view .LVU296
 945 008c 2046     		mov	r0, r4
 946 008e 04B0     		add	sp, sp, #16
 947              	.LCFI10:
 948              		.cfi_def_cfa_offset 8
 949              		@ sp needed
 950 0090 10BD     		pop	{r4, pc}
 351:Middlewares/Third_Party/FreeRTOS/Source/queue.c **** 
 951              		.loc 1 351 2 view .LVU297
 952              		.cfi_endproc
 953              	.LFE5:
 955              		.section	.text.xQueueGenericCreate,"ax",%progbits
ARM GAS  C:\Users\31005\AppData\Local\Temp\ccp6mIRg.s 			page 66


 956              		.align	1
 957              		.global	xQueueGenericCreate
 958              		.syntax unified
 959              		.thumb
 960              		.thumb_func
 962              	xQueueGenericCreate:
 963              	.LVL83:
 964              	.LFB6:
 359:Middlewares/Third_Party/FreeRTOS/Source/queue.c **** 	Queue_t *pxNewQueue;
 965              		.loc 1 359 2 is_stmt 1 view -0
 966              		.cfi_startproc
 967              		@ args = 0, pretend = 0, frame = 0
 968              		@ frame_needed = 0, uses_anonymous_args = 0
 360:Middlewares/Third_Party/FreeRTOS/Source/queue.c **** 	size_t xQueueSizeInBytes;
 969              		.loc 1 360 2 view .LVU299
 361:Middlewares/Third_Party/FreeRTOS/Source/queue.c **** 	uint8_t *pucQueueStorage;
 970              		.loc 1 361 2 view .LVU300
 362:Middlewares/Third_Party/FreeRTOS/Source/queue.c **** 
 971              		.loc 1 362 2 view .LVU301
 364:Middlewares/Third_Party/FreeRTOS/Source/queue.c **** 
 972              		.loc 1 364 3 view .LVU302
 973 0000 40B9     		cbnz	r0, .L69
 364:Middlewares/Third_Party/FreeRTOS/Source/queue.c **** 
 974              		.loc 1 364 3 view .LVU303
 975              	.LBB134:
 976              	.LBI134:
 191:Middlewares/Third_Party/FreeRTOS/Source/portable/GCC/ARM_CM4F/portmacro.h **** {
 977              		.loc 2 191 30 view .LVU304
 978              	.LBB135:
 193:Middlewares/Third_Party/FreeRTOS/Source/portable/GCC/ARM_CM4F/portmacro.h **** 
 979              		.loc 2 193 1 view .LVU305
 980              		.loc 2 195 2 view .LVU306
 981              		.syntax unified
 982              	@ 195 "Middlewares/Third_Party/FreeRTOS/Source/portable/GCC/ARM_CM4F/portmacro.h" 1
 983 0002 4FF05003 			mov r3, #80												
 984 0006 83F31188 		msr basepri, r3											
 985 000a BFF36F8F 		isb														
 986 000e BFF34F8F 		dsb														
 987              	
 988              	@ 0 "" 2
 989              	.LVL84:
 990              		.thumb
 991              		.syntax unified
 992              	.L70:
 993              		.loc 2 195 2 is_stmt 0 view .LVU307
 994              	.LBE135:
 995              	.LBE134:
 364:Middlewares/Third_Party/FreeRTOS/Source/queue.c **** 
 996              		.loc 1 364 3 is_stmt 1 discriminator 1 view .LVU308
 364:Middlewares/Third_Party/FreeRTOS/Source/queue.c **** 
 997              		.loc 1 364 3 discriminator 1 view .LVU309
 998 0012 FEE7     		b	.L70
 999              	.L69:
 359:Middlewares/Third_Party/FreeRTOS/Source/queue.c **** 	Queue_t *pxNewQueue;
 1000              		.loc 1 359 2 is_stmt 0 discriminator 2 view .LVU310
 1001 0014 F0B5     		push	{r4, r5, r6, r7, lr}
 1002              	.LCFI11:
ARM GAS  C:\Users\31005\AppData\Local\Temp\ccp6mIRg.s 			page 67


 1003              		.cfi_def_cfa_offset 20
 1004              		.cfi_offset 4, -20
 1005              		.cfi_offset 5, -16
 1006              		.cfi_offset 6, -12
 1007              		.cfi_offset 7, -8
 1008              		.cfi_offset 14, -4
 1009 0016 83B0     		sub	sp, sp, #12
 1010              	.LCFI12:
 1011              		.cfi_def_cfa_offset 32
 1012 0018 0C46     		mov	r4, r1
 1013 001a 1546     		mov	r5, r2
 1014 001c 0746     		mov	r7, r0
 364:Middlewares/Third_Party/FreeRTOS/Source/queue.c **** 
 1015              		.loc 1 364 52 is_stmt 1 discriminator 2 view .LVU311
 366:Middlewares/Third_Party/FreeRTOS/Source/queue.c **** 		{
 1016              		.loc 1 366 3 discriminator 2 view .LVU312
 366:Middlewares/Third_Party/FreeRTOS/Source/queue.c **** 		{
 1017              		.loc 1 366 5 is_stmt 0 discriminator 2 view .LVU313
 1018 001e A1B1     		cbz	r1, .L73
 375:Middlewares/Third_Party/FreeRTOS/Source/queue.c **** 		}
 1019              		.loc 1 375 4 is_stmt 1 view .LVU314
 375:Middlewares/Third_Party/FreeRTOS/Source/queue.c **** 		}
 1020              		.loc 1 375 22 is_stmt 0 view .LVU315
 1021 0020 01FB00F0 		mul	r0, r1, r0
 1022              	.LVL85:
 1023              	.L71:
 378:Middlewares/Third_Party/FreeRTOS/Source/queue.c **** 
 1024              		.loc 1 378 3 is_stmt 1 view .LVU316
 378:Middlewares/Third_Party/FreeRTOS/Source/queue.c **** 
 1025              		.loc 1 378 30 is_stmt 0 view .LVU317
 1026 0024 5030     		adds	r0, r0, #80
 1027              	.LVL86:
 378:Middlewares/Third_Party/FreeRTOS/Source/queue.c **** 
 1028              		.loc 1 378 30 view .LVU318
 1029 0026 FFF7FEFF 		bl	pvPortMalloc
 1030              	.LVL87:
 380:Middlewares/Third_Party/FreeRTOS/Source/queue.c **** 		{
 1031              		.loc 1 380 3 is_stmt 1 view .LVU319
 380:Middlewares/Third_Party/FreeRTOS/Source/queue.c **** 		{
 1032              		.loc 1 380 5 is_stmt 0 view .LVU320
 1033 002a 0646     		mov	r6, r0
 1034 002c 50B1     		cbz	r0, .L68
 384:Middlewares/Third_Party/FreeRTOS/Source/queue.c **** 
 1035              		.loc 1 384 4 is_stmt 1 view .LVU321
 1036              	.LVL88:
 391:Middlewares/Third_Party/FreeRTOS/Source/queue.c **** 			}
 1037              		.loc 1 391 5 view .LVU322
 391:Middlewares/Third_Party/FreeRTOS/Source/queue.c **** 			}
 1038              		.loc 1 391 39 is_stmt 0 view .LVU323
 1039 002e 0023     		movs	r3, #0
 1040 0030 80F84630 		strb	r3, [r0, #70]
 395:Middlewares/Third_Party/FreeRTOS/Source/queue.c **** 		}
 1041              		.loc 1 395 4 is_stmt 1 view .LVU324
 1042 0034 0090     		str	r0, [sp]
 1043 0036 2B46     		mov	r3, r5
 1044 0038 00F15002 		add	r2, r0, #80
 1045              	.LVL89:
ARM GAS  C:\Users\31005\AppData\Local\Temp\ccp6mIRg.s 			page 68


 395:Middlewares/Third_Party/FreeRTOS/Source/queue.c **** 		}
 1046              		.loc 1 395 4 is_stmt 0 view .LVU325
 1047 003c 2146     		mov	r1, r4
 1048 003e 3846     		mov	r0, r7
 1049              	.LVL90:
 395:Middlewares/Third_Party/FreeRTOS/Source/queue.c **** 		}
 1050              		.loc 1 395 4 view .LVU326
 1051 0040 FFF7FEFF 		bl	prvInitialiseNewQueue
 1052              	.LVL91:
 399:Middlewares/Third_Party/FreeRTOS/Source/queue.c **** 		}
 1053              		.loc 1 399 43 is_stmt 1 view .LVU327
 402:Middlewares/Third_Party/FreeRTOS/Source/queue.c **** 	}
 1054              		.loc 1 402 3 view .LVU328
 1055              	.L68:
 403:Middlewares/Third_Party/FreeRTOS/Source/queue.c **** 
 1056              		.loc 1 403 2 is_stmt 0 view .LVU329
 1057 0044 3046     		mov	r0, r6
 1058 0046 03B0     		add	sp, sp, #12
 1059              	.LCFI13:
 1060              		.cfi_remember_state
 1061              		.cfi_def_cfa_offset 20
 1062              		@ sp needed
 1063 0048 F0BD     		pop	{r4, r5, r6, r7, pc}
 1064              	.LVL92:
 1065              	.L73:
 1066              	.LCFI14:
 1067              		.cfi_restore_state
 369:Middlewares/Third_Party/FreeRTOS/Source/queue.c **** 		}
 1068              		.loc 1 369 22 view .LVU330
 1069 004a 0846     		mov	r0, r1
 1070              	.LVL93:
 369:Middlewares/Third_Party/FreeRTOS/Source/queue.c **** 		}
 1071              		.loc 1 369 22 view .LVU331
 1072 004c EAE7     		b	.L71
 1073              		.cfi_endproc
 1074              	.LFE6:
 1076              		.section	.text.xQueueGetMutexHolder,"ax",%progbits
 1077              		.align	1
 1078              		.global	xQueueGetMutexHolder
 1079              		.syntax unified
 1080              		.thumb
 1081              		.thumb_func
 1083              	xQueueGetMutexHolder:
 1084              	.LVL94:
 1085              	.LFB11:
 519:Middlewares/Third_Party/FreeRTOS/Source/queue.c **** 	void *pxReturn;
 1086              		.loc 1 519 2 is_stmt 1 view -0
 1087              		.cfi_startproc
 1088              		@ args = 0, pretend = 0, frame = 0
 1089              		@ frame_needed = 0, uses_anonymous_args = 0
 519:Middlewares/Third_Party/FreeRTOS/Source/queue.c **** 	void *pxReturn;
 1090              		.loc 1 519 2 is_stmt 0 view .LVU333
 1091 0000 10B5     		push	{r4, lr}
 1092              	.LCFI15:
 1093              		.cfi_def_cfa_offset 8
 1094              		.cfi_offset 4, -8
 1095              		.cfi_offset 14, -4
ARM GAS  C:\Users\31005\AppData\Local\Temp\ccp6mIRg.s 			page 69


 1096 0002 0446     		mov	r4, r0
 520:Middlewares/Third_Party/FreeRTOS/Source/queue.c **** 
 1097              		.loc 1 520 2 is_stmt 1 view .LVU334
 527:Middlewares/Third_Party/FreeRTOS/Source/queue.c **** 		{
 1098              		.loc 1 527 3 view .LVU335
 1099 0004 FFF7FEFF 		bl	vPortEnterCritical
 1100              	.LVL95:
 529:Middlewares/Third_Party/FreeRTOS/Source/queue.c **** 			{
 1101              		.loc 1 529 4 view .LVU336
 529:Middlewares/Third_Party/FreeRTOS/Source/queue.c **** 			{
 1102              		.loc 1 529 36 is_stmt 0 view .LVU337
 1103 0008 2368     		ldr	r3, [r4]
 529:Middlewares/Third_Party/FreeRTOS/Source/queue.c **** 			{
 1104              		.loc 1 529 6 view .LVU338
 1105 000a 23B9     		cbnz	r3, .L78
 531:Middlewares/Third_Party/FreeRTOS/Source/queue.c **** 			}
 1106              		.loc 1 531 5 is_stmt 1 view .LVU339
 531:Middlewares/Third_Party/FreeRTOS/Source/queue.c **** 			}
 1107              		.loc 1 531 14 is_stmt 0 view .LVU340
 1108 000c 6468     		ldr	r4, [r4, #4]
 1109              	.LVL96:
 1110              	.L77:
 538:Middlewares/Third_Party/FreeRTOS/Source/queue.c **** 
 1111              		.loc 1 538 3 is_stmt 1 view .LVU341
 1112 000e FFF7FEFF 		bl	vPortExitCritical
 1113              	.LVL97:
 540:Middlewares/Third_Party/FreeRTOS/Source/queue.c **** 	} /*lint !e818 xSemaphore cannot be a pointer to const because it is a typedef. */
 1114              		.loc 1 540 3 view .LVU342
 541:Middlewares/Third_Party/FreeRTOS/Source/queue.c **** 
 1115              		.loc 1 541 2 is_stmt 0 view .LVU343
 1116 0012 2046     		mov	r0, r4
 1117 0014 10BD     		pop	{r4, pc}
 1118              	.LVL98:
 1119              	.L78:
 535:Middlewares/Third_Party/FreeRTOS/Source/queue.c **** 			}
 1120              		.loc 1 535 14 view .LVU344
 1121 0016 0024     		movs	r4, #0
 1122              	.LVL99:
 535:Middlewares/Third_Party/FreeRTOS/Source/queue.c **** 			}
 1123              		.loc 1 535 14 view .LVU345
 1124 0018 F9E7     		b	.L77
 1125              		.cfi_endproc
 1126              	.LFE11:
 1128              		.section	.text.xQueueGetMutexHolderFromISR,"ax",%progbits
 1129              		.align	1
 1130              		.global	xQueueGetMutexHolderFromISR
 1131              		.syntax unified
 1132              		.thumb
 1133              		.thumb_func
 1135              	xQueueGetMutexHolderFromISR:
 1136              	.LVL100:
 1137              	.LFB12:
 549:Middlewares/Third_Party/FreeRTOS/Source/queue.c **** 	void *pxReturn;
 1138              		.loc 1 549 2 is_stmt 1 view -0
 1139              		.cfi_startproc
 1140              		@ args = 0, pretend = 0, frame = 0
 1141              		@ frame_needed = 0, uses_anonymous_args = 0
ARM GAS  C:\Users\31005\AppData\Local\Temp\ccp6mIRg.s 			page 70


 1142              		@ link register save eliminated.
 550:Middlewares/Third_Party/FreeRTOS/Source/queue.c **** 
 1143              		.loc 1 550 2 view .LVU347
 552:Middlewares/Third_Party/FreeRTOS/Source/queue.c **** 
 1144              		.loc 1 552 3 view .LVU348
 1145 0000 18B1     		cbz	r0, .L85
 552:Middlewares/Third_Party/FreeRTOS/Source/queue.c **** 
 1146              		.loc 1 552 29 discriminator 2 view .LVU349
 557:Middlewares/Third_Party/FreeRTOS/Source/queue.c **** 		{
 1147              		.loc 1 557 3 discriminator 2 view .LVU350
 557:Middlewares/Third_Party/FreeRTOS/Source/queue.c **** 		{
 1148              		.loc 1 557 35 is_stmt 0 discriminator 2 view .LVU351
 1149 0002 0268     		ldr	r2, [r0]
 557:Middlewares/Third_Party/FreeRTOS/Source/queue.c **** 		{
 1150              		.loc 1 557 5 discriminator 2 view .LVU352
 1151 0004 52B9     		cbnz	r2, .L84
 559:Middlewares/Third_Party/FreeRTOS/Source/queue.c **** 		}
 1152              		.loc 1 559 4 is_stmt 1 view .LVU353
 559:Middlewares/Third_Party/FreeRTOS/Source/queue.c **** 		}
 1153              		.loc 1 559 13 is_stmt 0 view .LVU354
 1154 0006 4068     		ldr	r0, [r0, #4]
 1155              	.LVL101:
 559:Middlewares/Third_Party/FreeRTOS/Source/queue.c **** 		}
 1156              		.loc 1 559 13 view .LVU355
 1157 0008 7047     		bx	lr
 1158              	.LVL102:
 1159              	.L85:
 552:Middlewares/Third_Party/FreeRTOS/Source/queue.c **** 
 1160              		.loc 1 552 3 is_stmt 1 view .LVU356
 1161              	.LBB136:
 1162              	.LBI136:
 191:Middlewares/Third_Party/FreeRTOS/Source/portable/GCC/ARM_CM4F/portmacro.h **** {
 1163              		.loc 2 191 30 view .LVU357
 1164              	.LBB137:
 193:Middlewares/Third_Party/FreeRTOS/Source/portable/GCC/ARM_CM4F/portmacro.h **** 
 1165              		.loc 2 193 1 view .LVU358
 1166              		.loc 2 195 2 view .LVU359
 1167              		.syntax unified
 1168              	@ 195 "Middlewares/Third_Party/FreeRTOS/Source/portable/GCC/ARM_CM4F/portmacro.h" 1
 1169 000a 4FF05003 			mov r3, #80												
 1170 000e 83F31188 		msr basepri, r3											
 1171 0012 BFF36F8F 		isb														
 1172 0016 BFF34F8F 		dsb														
 1173              	
 1174              	@ 0 "" 2
 1175              	.LVL103:
 1176              		.thumb
 1177              		.syntax unified
 1178              	.L82:
 1179              		.loc 2 195 2 is_stmt 0 view .LVU360
 1180              	.LBE137:
 1181              	.LBE136:
 552:Middlewares/Third_Party/FreeRTOS/Source/queue.c **** 
 1182              		.loc 1 552 3 is_stmt 1 discriminator 1 view .LVU361
 552:Middlewares/Third_Party/FreeRTOS/Source/queue.c **** 
 1183              		.loc 1 552 3 discriminator 1 view .LVU362
 1184 001a FEE7     		b	.L82
ARM GAS  C:\Users\31005\AppData\Local\Temp\ccp6mIRg.s 			page 71


 1185              	.L84:
 563:Middlewares/Third_Party/FreeRTOS/Source/queue.c **** 		}
 1186              		.loc 1 563 13 is_stmt 0 view .LVU363
 1187 001c 0020     		movs	r0, #0
 1188              	.LVL104:
 566:Middlewares/Third_Party/FreeRTOS/Source/queue.c **** 	} /*lint !e818 xSemaphore cannot be a pointer to const because it is a typedef. */
 1189              		.loc 1 566 3 is_stmt 1 view .LVU364
 567:Middlewares/Third_Party/FreeRTOS/Source/queue.c **** 
 1190              		.loc 1 567 2 is_stmt 0 view .LVU365
 1191 001e 7047     		bx	lr
 1192              		.cfi_endproc
 1193              	.LFE12:
 1195              		.section	.text.xQueueCreateCountingSemaphoreStatic,"ax",%progbits
 1196              		.align	1
 1197              		.global	xQueueCreateCountingSemaphoreStatic
 1198              		.syntax unified
 1199              		.thumb
 1200              		.thumb_func
 1202              	xQueueCreateCountingSemaphoreStatic:
 1203              	.LVL105:
 1204              	.LFB15:
 672:Middlewares/Third_Party/FreeRTOS/Source/queue.c **** 	QueueHandle_t xHandle;
 1205              		.loc 1 672 2 is_stmt 1 view -0
 1206              		.cfi_startproc
 1207              		@ args = 0, pretend = 0, frame = 0
 1208              		@ frame_needed = 0, uses_anonymous_args = 0
 673:Middlewares/Third_Party/FreeRTOS/Source/queue.c **** 
 1209              		.loc 1 673 2 view .LVU367
 675:Middlewares/Third_Party/FreeRTOS/Source/queue.c **** 		configASSERT( uxInitialCount <= uxMaxCount );
 1210              		.loc 1 675 3 view .LVU368
 1211 0000 40B9     		cbnz	r0, .L87
 675:Middlewares/Third_Party/FreeRTOS/Source/queue.c **** 		configASSERT( uxInitialCount <= uxMaxCount );
 1212              		.loc 1 675 3 view .LVU369
 1213              	.LBB138:
 1214              	.LBI138:
 191:Middlewares/Third_Party/FreeRTOS/Source/portable/GCC/ARM_CM4F/portmacro.h **** {
 1215              		.loc 2 191 30 view .LVU370
 1216              	.LBB139:
 193:Middlewares/Third_Party/FreeRTOS/Source/portable/GCC/ARM_CM4F/portmacro.h **** 
 1217              		.loc 2 193 1 view .LVU371
 1218              		.loc 2 195 2 view .LVU372
 1219              		.syntax unified
 1220              	@ 195 "Middlewares/Third_Party/FreeRTOS/Source/portable/GCC/ARM_CM4F/portmacro.h" 1
 1221 0002 4FF05003 			mov r3, #80												
 1222 0006 83F31188 		msr basepri, r3											
 1223 000a BFF36F8F 		isb														
 1224 000e BFF34F8F 		dsb														
 1225              	
 1226              	@ 0 "" 2
 1227              	.LVL106:
 1228              		.thumb
 1229              		.syntax unified
 1230              	.L88:
 1231              		.loc 2 195 2 is_stmt 0 view .LVU373
 1232              	.LBE139:
 1233              	.LBE138:
 675:Middlewares/Third_Party/FreeRTOS/Source/queue.c **** 		configASSERT( uxInitialCount <= uxMaxCount );
ARM GAS  C:\Users\31005\AppData\Local\Temp\ccp6mIRg.s 			page 72


 1234              		.loc 1 675 3 is_stmt 1 discriminator 1 view .LVU374
 675:Middlewares/Third_Party/FreeRTOS/Source/queue.c **** 		configASSERT( uxInitialCount <= uxMaxCount );
 1235              		.loc 1 675 3 discriminator 1 view .LVU375
 1236 0012 FEE7     		b	.L88
 1237              	.L87:
 672:Middlewares/Third_Party/FreeRTOS/Source/queue.c **** 	QueueHandle_t xHandle;
 1238              		.loc 1 672 2 is_stmt 0 discriminator 2 view .LVU376
 1239 0014 10B5     		push	{r4, lr}
 1240              	.LCFI16:
 1241              		.cfi_def_cfa_offset 8
 1242              		.cfi_offset 4, -8
 1243              		.cfi_offset 14, -4
 1244 0016 82B0     		sub	sp, sp, #8
 1245              	.LCFI17:
 1246              		.cfi_def_cfa_offset 16
 1247 0018 0C46     		mov	r4, r1
 675:Middlewares/Third_Party/FreeRTOS/Source/queue.c **** 		configASSERT( uxInitialCount <= uxMaxCount );
 1248              		.loc 1 675 34 is_stmt 1 discriminator 2 view .LVU377
 676:Middlewares/Third_Party/FreeRTOS/Source/queue.c **** 
 1249              		.loc 1 676 3 discriminator 2 view .LVU378
 1250 001a 8842     		cmp	r0, r1
 1251 001c 08D2     		bcs	.L89
 676:Middlewares/Third_Party/FreeRTOS/Source/queue.c **** 
 1252              		.loc 1 676 3 view .LVU379
 1253              	.LBB140:
 1254              	.LBI140:
 191:Middlewares/Third_Party/FreeRTOS/Source/portable/GCC/ARM_CM4F/portmacro.h **** {
 1255              		.loc 2 191 30 view .LVU380
 1256              	.LBB141:
 193:Middlewares/Third_Party/FreeRTOS/Source/portable/GCC/ARM_CM4F/portmacro.h **** 
 1257              		.loc 2 193 1 view .LVU381
 1258              		.loc 2 195 2 view .LVU382
 1259              		.syntax unified
 1260              	@ 195 "Middlewares/Third_Party/FreeRTOS/Source/portable/GCC/ARM_CM4F/portmacro.h" 1
 1261 001e 4FF05003 			mov r3, #80												
 1262 0022 83F31188 		msr basepri, r3											
 1263 0026 BFF36F8F 		isb														
 1264 002a BFF34F8F 		dsb														
 1265              	
 1266              	@ 0 "" 2
 1267              	.LVL107:
 1268              		.thumb
 1269              		.syntax unified
 1270              	.L90:
 1271              		.loc 2 195 2 is_stmt 0 view .LVU383
 1272              	.LBE141:
 1273              	.LBE140:
 676:Middlewares/Third_Party/FreeRTOS/Source/queue.c **** 
 1274              		.loc 1 676 3 is_stmt 1 discriminator 2 view .LVU384
 676:Middlewares/Third_Party/FreeRTOS/Source/queue.c **** 
 1275              		.loc 1 676 3 discriminator 2 view .LVU385
 1276 002e FEE7     		b	.L90
 1277              	.L89:
 676:Middlewares/Third_Party/FreeRTOS/Source/queue.c **** 
 1278              		.loc 1 676 47 discriminator 2 view .LVU386
 678:Middlewares/Third_Party/FreeRTOS/Source/queue.c **** 
 1279              		.loc 1 678 3 discriminator 2 view .LVU387
ARM GAS  C:\Users\31005\AppData\Local\Temp\ccp6mIRg.s 			page 73


 678:Middlewares/Third_Party/FreeRTOS/Source/queue.c **** 
 1280              		.loc 1 678 13 is_stmt 0 discriminator 2 view .LVU388
 1281 0030 0223     		movs	r3, #2
 1282 0032 0093     		str	r3, [sp]
 1283 0034 1346     		mov	r3, r2
 1284 0036 0022     		movs	r2, #0
 1285              	.LVL108:
 678:Middlewares/Third_Party/FreeRTOS/Source/queue.c **** 
 1286              		.loc 1 678 13 discriminator 2 view .LVU389
 1287 0038 1146     		mov	r1, r2
 1288              	.LVL109:
 678:Middlewares/Third_Party/FreeRTOS/Source/queue.c **** 
 1289              		.loc 1 678 13 discriminator 2 view .LVU390
 1290 003a FFF7FEFF 		bl	xQueueGenericCreateStatic
 1291              	.LVL110:
 680:Middlewares/Third_Party/FreeRTOS/Source/queue.c **** 		{
 1292              		.loc 1 680 3 is_stmt 1 discriminator 2 view .LVU391
 680:Middlewares/Third_Party/FreeRTOS/Source/queue.c **** 		{
 1293              		.loc 1 680 5 is_stmt 0 discriminator 2 view .LVU392
 1294 003e 00B1     		cbz	r0, .L86
 682:Middlewares/Third_Party/FreeRTOS/Source/queue.c **** 
 1295              		.loc 1 682 4 is_stmt 1 view .LVU393
 682:Middlewares/Third_Party/FreeRTOS/Source/queue.c **** 
 1296              		.loc 1 682 49 is_stmt 0 view .LVU394
 1297 0040 8463     		str	r4, [r0, #56]
 684:Middlewares/Third_Party/FreeRTOS/Source/queue.c **** 		}
 1298              		.loc 1 684 36 is_stmt 1 view .LVU395
 688:Middlewares/Third_Party/FreeRTOS/Source/queue.c **** 		}
 1299              		.loc 1 688 43 view .LVU396
 691:Middlewares/Third_Party/FreeRTOS/Source/queue.c **** 	}
 1300              		.loc 1 691 3 view .LVU397
 1301              	.L86:
 692:Middlewares/Third_Party/FreeRTOS/Source/queue.c **** 
 1302              		.loc 1 692 2 is_stmt 0 view .LVU398
 1303 0042 02B0     		add	sp, sp, #8
 1304              	.LCFI18:
 1305              		.cfi_def_cfa_offset 8
 1306              		@ sp needed
 1307 0044 10BD     		pop	{r4, pc}
 692:Middlewares/Third_Party/FreeRTOS/Source/queue.c **** 
 1308              		.loc 1 692 2 view .LVU399
 1309              		.cfi_endproc
 1310              	.LFE15:
 1312              		.section	.text.xQueueCreateCountingSemaphore,"ax",%progbits
 1313              		.align	1
 1314              		.global	xQueueCreateCountingSemaphore
 1315              		.syntax unified
 1316              		.thumb
 1317              		.thumb_func
 1319              	xQueueCreateCountingSemaphore:
 1320              	.LVL111:
 1321              	.LFB16:
 700:Middlewares/Third_Party/FreeRTOS/Source/queue.c **** 	QueueHandle_t xHandle;
 1322              		.loc 1 700 2 is_stmt 1 view -0
 1323              		.cfi_startproc
 1324              		@ args = 0, pretend = 0, frame = 0
 1325              		@ frame_needed = 0, uses_anonymous_args = 0
ARM GAS  C:\Users\31005\AppData\Local\Temp\ccp6mIRg.s 			page 74


 701:Middlewares/Third_Party/FreeRTOS/Source/queue.c **** 
 1326              		.loc 1 701 2 view .LVU401
 703:Middlewares/Third_Party/FreeRTOS/Source/queue.c **** 		configASSERT( uxInitialCount <= uxMaxCount );
 1327              		.loc 1 703 3 view .LVU402
 1328 0000 40B9     		cbnz	r0, .L95
 703:Middlewares/Third_Party/FreeRTOS/Source/queue.c **** 		configASSERT( uxInitialCount <= uxMaxCount );
 1329              		.loc 1 703 3 view .LVU403
 1330              	.LBB142:
 1331              	.LBI142:
 191:Middlewares/Third_Party/FreeRTOS/Source/portable/GCC/ARM_CM4F/portmacro.h **** {
 1332              		.loc 2 191 30 view .LVU404
 1333              	.LBB143:
 193:Middlewares/Third_Party/FreeRTOS/Source/portable/GCC/ARM_CM4F/portmacro.h **** 
 1334              		.loc 2 193 1 view .LVU405
 1335              		.loc 2 195 2 view .LVU406
 1336              		.syntax unified
 1337              	@ 195 "Middlewares/Third_Party/FreeRTOS/Source/portable/GCC/ARM_CM4F/portmacro.h" 1
 1338 0002 4FF05003 			mov r3, #80												
 1339 0006 83F31188 		msr basepri, r3											
 1340 000a BFF36F8F 		isb														
 1341 000e BFF34F8F 		dsb														
 1342              	
 1343              	@ 0 "" 2
 1344              	.LVL112:
 1345              		.thumb
 1346              		.syntax unified
 1347              	.L96:
 1348              		.loc 2 195 2 is_stmt 0 view .LVU407
 1349              	.LBE143:
 1350              	.LBE142:
 703:Middlewares/Third_Party/FreeRTOS/Source/queue.c **** 		configASSERT( uxInitialCount <= uxMaxCount );
 1351              		.loc 1 703 3 is_stmt 1 discriminator 1 view .LVU408
 703:Middlewares/Third_Party/FreeRTOS/Source/queue.c **** 		configASSERT( uxInitialCount <= uxMaxCount );
 1352              		.loc 1 703 3 discriminator 1 view .LVU409
 1353 0012 FEE7     		b	.L96
 1354              	.L95:
 700:Middlewares/Third_Party/FreeRTOS/Source/queue.c **** 	QueueHandle_t xHandle;
 1355              		.loc 1 700 2 is_stmt 0 discriminator 2 view .LVU410
 1356 0014 10B5     		push	{r4, lr}
 1357              	.LCFI19:
 1358              		.cfi_def_cfa_offset 8
 1359              		.cfi_offset 4, -8
 1360              		.cfi_offset 14, -4
 1361 0016 0C46     		mov	r4, r1
 703:Middlewares/Third_Party/FreeRTOS/Source/queue.c **** 		configASSERT( uxInitialCount <= uxMaxCount );
 1362              		.loc 1 703 34 is_stmt 1 discriminator 2 view .LVU411
 704:Middlewares/Third_Party/FreeRTOS/Source/queue.c **** 
 1363              		.loc 1 704 3 discriminator 2 view .LVU412
 1364 0018 8842     		cmp	r0, r1
 1365 001a 08D2     		bcs	.L97
 704:Middlewares/Third_Party/FreeRTOS/Source/queue.c **** 
 1366              		.loc 1 704 3 view .LVU413
 1367              	.LBB144:
 1368              	.LBI144:
 191:Middlewares/Third_Party/FreeRTOS/Source/portable/GCC/ARM_CM4F/portmacro.h **** {
 1369              		.loc 2 191 30 view .LVU414
 1370              	.LBB145:
ARM GAS  C:\Users\31005\AppData\Local\Temp\ccp6mIRg.s 			page 75


 193:Middlewares/Third_Party/FreeRTOS/Source/portable/GCC/ARM_CM4F/portmacro.h **** 
 1371              		.loc 2 193 1 view .LVU415
 1372              		.loc 2 195 2 view .LVU416
 1373              		.syntax unified
 1374              	@ 195 "Middlewares/Third_Party/FreeRTOS/Source/portable/GCC/ARM_CM4F/portmacro.h" 1
 1375 001c 4FF05003 			mov r3, #80												
 1376 0020 83F31188 		msr basepri, r3											
 1377 0024 BFF36F8F 		isb														
 1378 0028 BFF34F8F 		dsb														
 1379              	
 1380              	@ 0 "" 2
 1381              	.LVL113:
 1382              		.thumb
 1383              		.syntax unified
 1384              	.L98:
 1385              		.loc 2 195 2 is_stmt 0 view .LVU417
 1386              	.LBE145:
 1387              	.LBE144:
 704:Middlewares/Third_Party/FreeRTOS/Source/queue.c **** 
 1388              		.loc 1 704 3 is_stmt 1 discriminator 2 view .LVU418
 704:Middlewares/Third_Party/FreeRTOS/Source/queue.c **** 
 1389              		.loc 1 704 3 discriminator 2 view .LVU419
 1390 002c FEE7     		b	.L98
 1391              	.L97:
 704:Middlewares/Third_Party/FreeRTOS/Source/queue.c **** 
 1392              		.loc 1 704 47 discriminator 2 view .LVU420
 706:Middlewares/Third_Party/FreeRTOS/Source/queue.c **** 
 1393              		.loc 1 706 3 discriminator 2 view .LVU421
 706:Middlewares/Third_Party/FreeRTOS/Source/queue.c **** 
 1394              		.loc 1 706 13 is_stmt 0 discriminator 2 view .LVU422
 1395 002e 0222     		movs	r2, #2
 1396 0030 0021     		movs	r1, #0
 1397              	.LVL114:
 706:Middlewares/Third_Party/FreeRTOS/Source/queue.c **** 
 1398              		.loc 1 706 13 discriminator 2 view .LVU423
 1399 0032 FFF7FEFF 		bl	xQueueGenericCreate
 1400              	.LVL115:
 708:Middlewares/Third_Party/FreeRTOS/Source/queue.c **** 		{
 1401              		.loc 1 708 3 is_stmt 1 discriminator 2 view .LVU424
 708:Middlewares/Third_Party/FreeRTOS/Source/queue.c **** 		{
 1402              		.loc 1 708 5 is_stmt 0 discriminator 2 view .LVU425
 1403 0036 00B1     		cbz	r0, .L94
 710:Middlewares/Third_Party/FreeRTOS/Source/queue.c **** 
 1404              		.loc 1 710 4 is_stmt 1 view .LVU426
 710:Middlewares/Third_Party/FreeRTOS/Source/queue.c **** 
 1405              		.loc 1 710 49 is_stmt 0 view .LVU427
 1406 0038 8463     		str	r4, [r0, #56]
 712:Middlewares/Third_Party/FreeRTOS/Source/queue.c **** 		}
 1407              		.loc 1 712 36 is_stmt 1 view .LVU428
 716:Middlewares/Third_Party/FreeRTOS/Source/queue.c **** 		}
 1408              		.loc 1 716 43 view .LVU429
 719:Middlewares/Third_Party/FreeRTOS/Source/queue.c **** 	}
 1409              		.loc 1 719 3 view .LVU430
 1410              	.L94:
 720:Middlewares/Third_Party/FreeRTOS/Source/queue.c **** 
 1411              		.loc 1 720 2 is_stmt 0 view .LVU431
 1412 003a 10BD     		pop	{r4, pc}
ARM GAS  C:\Users\31005\AppData\Local\Temp\ccp6mIRg.s 			page 76


 720:Middlewares/Third_Party/FreeRTOS/Source/queue.c **** 
 1413              		.loc 1 720 2 view .LVU432
 1414              		.cfi_endproc
 1415              	.LFE16:
 1417              		.section	.text.xQueueGenericSend,"ax",%progbits
 1418              		.align	1
 1419              		.global	xQueueGenericSend
 1420              		.syntax unified
 1421              		.thumb
 1422              		.thumb_func
 1424              	xQueueGenericSend:
 1425              	.LVL116:
 1426              	.LFB17:
 726:Middlewares/Third_Party/FreeRTOS/Source/queue.c **** BaseType_t xEntryTimeSet = pdFALSE, xYieldRequired;
 1427              		.loc 1 726 1 is_stmt 1 view -0
 1428              		.cfi_startproc
 1429              		@ args = 0, pretend = 0, frame = 16
 1430              		@ frame_needed = 0, uses_anonymous_args = 0
 726:Middlewares/Third_Party/FreeRTOS/Source/queue.c **** BaseType_t xEntryTimeSet = pdFALSE, xYieldRequired;
 1431              		.loc 1 726 1 is_stmt 0 view .LVU434
 1432 0000 F0B5     		push	{r4, r5, r6, r7, lr}
 1433              	.LCFI20:
 1434              		.cfi_def_cfa_offset 20
 1435              		.cfi_offset 4, -20
 1436              		.cfi_offset 5, -16
 1437              		.cfi_offset 6, -12
 1438              		.cfi_offset 7, -8
 1439              		.cfi_offset 14, -4
 1440 0002 85B0     		sub	sp, sp, #20
 1441              	.LCFI21:
 1442              		.cfi_def_cfa_offset 40
 1443 0004 0192     		str	r2, [sp, #4]
 727:Middlewares/Third_Party/FreeRTOS/Source/queue.c **** TimeOut_t xTimeOut;
 1444              		.loc 1 727 1 is_stmt 1 view .LVU435
 1445              	.LVL117:
 728:Middlewares/Third_Party/FreeRTOS/Source/queue.c **** Queue_t * const pxQueue = ( Queue_t * ) xQueue;
 1446              		.loc 1 728 1 view .LVU436
 729:Middlewares/Third_Party/FreeRTOS/Source/queue.c **** 
 1447              		.loc 1 729 1 view .LVU437
 731:Middlewares/Third_Party/FreeRTOS/Source/queue.c **** 	configASSERT( !( ( pvItemToQueue == NULL ) && ( pxQueue->uxItemSize != ( UBaseType_t ) 0U ) ) );
 1448              		.loc 1 731 2 view .LVU438
 1449 0006 88B1     		cbz	r0, .L126
 1450 0008 0F46     		mov	r7, r1
 1451 000a 1D46     		mov	r5, r3
 1452 000c 0446     		mov	r4, r0
 731:Middlewares/Third_Party/FreeRTOS/Source/queue.c **** 	configASSERT( !( ( pvItemToQueue == NULL ) && ( pxQueue->uxItemSize != ( UBaseType_t ) 0U ) ) );
 1453              		.loc 1 731 25 discriminator 2 view .LVU439
 732:Middlewares/Third_Party/FreeRTOS/Source/queue.c **** 	configASSERT( !( ( xCopyPosition == queueOVERWRITE ) && ( pxQueue->uxLength != 1 ) ) );
 1454              		.loc 1 732 2 discriminator 2 view .LVU440
 1455 000e B1B1     		cbz	r1, .L127
 1456              	.LVL118:
 1457              	.L105:
 732:Middlewares/Third_Party/FreeRTOS/Source/queue.c **** 	configASSERT( !( ( xCopyPosition == queueOVERWRITE ) && ( pxQueue->uxLength != 1 ) ) );
 1458              		.loc 1 732 97 discriminator 8 view .LVU441
 733:Middlewares/Third_Party/FreeRTOS/Source/queue.c **** 	#if ( ( INCLUDE_xTaskGetSchedulerState == 1 ) || ( configUSE_TIMERS == 1 ) )
 1459              		.loc 1 733 2 discriminator 8 view .LVU442
 1460 0010 022D     		cmp	r5, #2
ARM GAS  C:\Users\31005\AppData\Local\Temp\ccp6mIRg.s 			page 77


 1461 0012 20D1     		bne	.L107
 733:Middlewares/Third_Party/FreeRTOS/Source/queue.c **** 	#if ( ( INCLUDE_xTaskGetSchedulerState == 1 ) || ( configUSE_TIMERS == 1 ) )
 1462              		.loc 1 733 2 is_stmt 0 discriminator 2 view .LVU443
 1463 0014 E36B     		ldr	r3, [r4, #60]
 1464 0016 012B     		cmp	r3, #1
 1465 0018 1DD0     		beq	.L107
 733:Middlewares/Third_Party/FreeRTOS/Source/queue.c **** 	#if ( ( INCLUDE_xTaskGetSchedulerState == 1 ) || ( configUSE_TIMERS == 1 ) )
 1466              		.loc 1 733 2 is_stmt 1 view .LVU444
 1467              	.LBB146:
 1468              	.LBI146:
 191:Middlewares/Third_Party/FreeRTOS/Source/portable/GCC/ARM_CM4F/portmacro.h **** {
 1469              		.loc 2 191 30 view .LVU445
 1470              	.LBB147:
 193:Middlewares/Third_Party/FreeRTOS/Source/portable/GCC/ARM_CM4F/portmacro.h **** 
 1471              		.loc 2 193 1 view .LVU446
 1472              		.loc 2 195 2 view .LVU447
 1473              		.syntax unified
 1474              	@ 195 "Middlewares/Third_Party/FreeRTOS/Source/portable/GCC/ARM_CM4F/portmacro.h" 1
 1475 001a 4FF05003 			mov r3, #80												
 1476 001e 83F31188 		msr basepri, r3											
 1477 0022 BFF36F8F 		isb														
 1478 0026 BFF34F8F 		dsb														
 1479              	
 1480              	@ 0 "" 2
 1481              	.LVL119:
 1482              		.thumb
 1483              		.syntax unified
 1484              	.L108:
 1485              		.loc 2 195 2 is_stmt 0 view .LVU448
 1486              	.LBE147:
 1487              	.LBE146:
 733:Middlewares/Third_Party/FreeRTOS/Source/queue.c **** 	#if ( ( INCLUDE_xTaskGetSchedulerState == 1 ) || ( configUSE_TIMERS == 1 ) )
 1488              		.loc 1 733 2 is_stmt 1 discriminator 3 view .LVU449
 733:Middlewares/Third_Party/FreeRTOS/Source/queue.c **** 	#if ( ( INCLUDE_xTaskGetSchedulerState == 1 ) || ( configUSE_TIMERS == 1 ) )
 1489              		.loc 1 733 2 discriminator 3 view .LVU450
 1490 002a FEE7     		b	.L108
 1491              	.LVL120:
 1492              	.L126:
 731:Middlewares/Third_Party/FreeRTOS/Source/queue.c **** 	configASSERT( !( ( pvItemToQueue == NULL ) && ( pxQueue->uxItemSize != ( UBaseType_t ) 0U ) ) );
 1493              		.loc 1 731 2 view .LVU451
 1494              	.LBB148:
 1495              	.LBI148:
 191:Middlewares/Third_Party/FreeRTOS/Source/portable/GCC/ARM_CM4F/portmacro.h **** {
 1496              		.loc 2 191 30 view .LVU452
 1497              	.LBB149:
 193:Middlewares/Third_Party/FreeRTOS/Source/portable/GCC/ARM_CM4F/portmacro.h **** 
 1498              		.loc 2 193 1 view .LVU453
 1499              		.loc 2 195 2 view .LVU454
 1500              		.syntax unified
 1501              	@ 195 "Middlewares/Third_Party/FreeRTOS/Source/portable/GCC/ARM_CM4F/portmacro.h" 1
 1502 002c 4FF05003 			mov r3, #80												
 1503 0030 83F31188 		msr basepri, r3											
 1504 0034 BFF36F8F 		isb														
 1505 0038 BFF34F8F 		dsb														
 1506              	
 1507              	@ 0 "" 2
 1508              	.LVL121:
ARM GAS  C:\Users\31005\AppData\Local\Temp\ccp6mIRg.s 			page 78


 1509              		.thumb
 1510              		.syntax unified
 1511              	.L104:
 1512              		.loc 2 195 2 is_stmt 0 view .LVU455
 1513              	.LBE149:
 1514              	.LBE148:
 731:Middlewares/Third_Party/FreeRTOS/Source/queue.c **** 	configASSERT( !( ( pvItemToQueue == NULL ) && ( pxQueue->uxItemSize != ( UBaseType_t ) 0U ) ) );
 1515              		.loc 1 731 2 is_stmt 1 discriminator 1 view .LVU456
 731:Middlewares/Third_Party/FreeRTOS/Source/queue.c **** 	configASSERT( !( ( pvItemToQueue == NULL ) && ( pxQueue->uxItemSize != ( UBaseType_t ) 0U ) ) );
 1516              		.loc 1 731 2 discriminator 1 view .LVU457
 1517 003c FEE7     		b	.L104
 1518              	.LVL122:
 1519              	.L127:
 732:Middlewares/Third_Party/FreeRTOS/Source/queue.c **** 	configASSERT( !( ( xCopyPosition == queueOVERWRITE ) && ( pxQueue->uxLength != 1 ) ) );
 1520              		.loc 1 732 2 is_stmt 0 discriminator 2 view .LVU458
 1521 003e 036C     		ldr	r3, [r0, #64]
 1522              	.LVL123:
 732:Middlewares/Third_Party/FreeRTOS/Source/queue.c **** 	configASSERT( !( ( xCopyPosition == queueOVERWRITE ) && ( pxQueue->uxLength != 1 ) ) );
 1523              		.loc 1 732 2 discriminator 2 view .LVU459
 1524 0040 002B     		cmp	r3, #0
 1525 0042 E5D0     		beq	.L105
 732:Middlewares/Third_Party/FreeRTOS/Source/queue.c **** 	configASSERT( !( ( xCopyPosition == queueOVERWRITE ) && ( pxQueue->uxLength != 1 ) ) );
 1526              		.loc 1 732 2 is_stmt 1 view .LVU460
 1527              	.LBB150:
 1528              	.LBI150:
 191:Middlewares/Third_Party/FreeRTOS/Source/portable/GCC/ARM_CM4F/portmacro.h **** {
 1529              		.loc 2 191 30 view .LVU461
 1530              	.LBB151:
 193:Middlewares/Third_Party/FreeRTOS/Source/portable/GCC/ARM_CM4F/portmacro.h **** 
 1531              		.loc 2 193 1 view .LVU462
 1532              		.loc 2 195 2 view .LVU463
 1533              		.syntax unified
 1534              	@ 195 "Middlewares/Third_Party/FreeRTOS/Source/portable/GCC/ARM_CM4F/portmacro.h" 1
 1535 0044 4FF05003 			mov r3, #80												
 1536 0048 83F31188 		msr basepri, r3											
 1537 004c BFF36F8F 		isb														
 1538 0050 BFF34F8F 		dsb														
 1539              	
 1540              	@ 0 "" 2
 1541              	.LVL124:
 1542              		.thumb
 1543              		.syntax unified
 1544              	.L106:
 1545              		.loc 2 195 2 is_stmt 0 view .LVU464
 1546              	.LBE151:
 1547              	.LBE150:
 732:Middlewares/Third_Party/FreeRTOS/Source/queue.c **** 	configASSERT( !( ( xCopyPosition == queueOVERWRITE ) && ( pxQueue->uxLength != 1 ) ) );
 1548              		.loc 1 732 2 is_stmt 1 discriminator 2 view .LVU465
 732:Middlewares/Third_Party/FreeRTOS/Source/queue.c **** 	configASSERT( !( ( xCopyPosition == queueOVERWRITE ) && ( pxQueue->uxLength != 1 ) ) );
 1549              		.loc 1 732 2 discriminator 2 view .LVU466
 1550 0054 FEE7     		b	.L106
 1551              	.L107:
 733:Middlewares/Third_Party/FreeRTOS/Source/queue.c **** 	#if ( ( INCLUDE_xTaskGetSchedulerState == 1 ) || ( configUSE_TIMERS == 1 ) )
 1552              		.loc 1 733 88 discriminator 8 view .LVU467
 736:Middlewares/Third_Party/FreeRTOS/Source/queue.c **** 	}
 1553              		.loc 1 736 3 discriminator 8 view .LVU468
 1554 0056 FFF7FEFF 		bl	xTaskGetSchedulerState
ARM GAS  C:\Users\31005\AppData\Local\Temp\ccp6mIRg.s 			page 79


 1555              	.LVL125:
 736:Middlewares/Third_Party/FreeRTOS/Source/queue.c **** 	}
 1556              		.loc 1 736 3 is_stmt 0 discriminator 8 view .LVU469
 1557 005a 0646     		mov	r6, r0
 1558 005c 58B9     		cbnz	r0, .L124
 736:Middlewares/Third_Party/FreeRTOS/Source/queue.c **** 	}
 1559              		.loc 1 736 3 discriminator 2 view .LVU470
 1560 005e 019B     		ldr	r3, [sp, #4]
 1561 0060 002B     		cmp	r3, #0
 1562 0062 48D0     		beq	.L111
 736:Middlewares/Third_Party/FreeRTOS/Source/queue.c **** 	}
 1563              		.loc 1 736 3 is_stmt 1 view .LVU471
 1564              	.LBB152:
 1565              	.LBI152:
 191:Middlewares/Third_Party/FreeRTOS/Source/portable/GCC/ARM_CM4F/portmacro.h **** {
 1566              		.loc 2 191 30 view .LVU472
 1567              	.LBB153:
 193:Middlewares/Third_Party/FreeRTOS/Source/portable/GCC/ARM_CM4F/portmacro.h **** 
 1568              		.loc 2 193 1 view .LVU473
 1569              		.loc 2 195 2 view .LVU474
 1570              		.syntax unified
 1571              	@ 195 "Middlewares/Third_Party/FreeRTOS/Source/portable/GCC/ARM_CM4F/portmacro.h" 1
 1572 0064 4FF05003 			mov r3, #80												
 1573 0068 83F31188 		msr basepri, r3											
 1574 006c BFF36F8F 		isb														
 1575 0070 BFF34F8F 		dsb														
 1576              	
 1577              	@ 0 "" 2
 1578              	.LVL126:
 1579              		.thumb
 1580              		.syntax unified
 1581              	.L110:
 1582              		.loc 2 195 2 is_stmt 0 view .LVU475
 1583              	.LBE153:
 1584              	.LBE152:
 736:Middlewares/Third_Party/FreeRTOS/Source/queue.c **** 	}
 1585              		.loc 1 736 3 is_stmt 1 discriminator 4 view .LVU476
 736:Middlewares/Third_Party/FreeRTOS/Source/queue.c **** 	}
 1586              		.loc 1 736 3 discriminator 4 view .LVU477
 1587 0074 FEE7     		b	.L110
 1588              	.L124:
 1589 0076 0026     		movs	r6, #0
 1590 0078 3DE0     		b	.L111
 1591              	.LVL127:
 1592              	.L112:
 754:Middlewares/Third_Party/FreeRTOS/Source/queue.c **** 				xYieldRequired = prvCopyDataToQueue( pxQueue, pvItemToQueue, xCopyPosition );
 1593              		.loc 1 754 31 view .LVU478
 755:Middlewares/Third_Party/FreeRTOS/Source/queue.c **** 
 1594              		.loc 1 755 5 view .LVU479
 755:Middlewares/Third_Party/FreeRTOS/Source/queue.c **** 
 1595              		.loc 1 755 22 is_stmt 0 view .LVU480
 1596 007a 2A46     		mov	r2, r5
 1597 007c 3946     		mov	r1, r7
 1598 007e 2046     		mov	r0, r4
 1599 0080 FFF7FEFF 		bl	prvCopyDataToQueue
 1600              	.LVL128:
 810:Middlewares/Third_Party/FreeRTOS/Source/queue.c **** 					{
ARM GAS  C:\Users\31005\AppData\Local\Temp\ccp6mIRg.s 			page 80


 1601              		.loc 1 810 6 is_stmt 1 view .LVU481
 810:Middlewares/Third_Party/FreeRTOS/Source/queue.c **** 					{
 1602              		.loc 1 810 10 is_stmt 0 view .LVU482
 1603 0084 636A     		ldr	r3, [r4, #36]
 810:Middlewares/Third_Party/FreeRTOS/Source/queue.c **** 					{
 1604              		.loc 1 810 8 view .LVU483
 1605 0086 7BB9     		cbnz	r3, .L128
 825:Middlewares/Third_Party/FreeRTOS/Source/queue.c **** 					{
 1606              		.loc 1 825 11 is_stmt 1 view .LVU484
 825:Middlewares/Third_Party/FreeRTOS/Source/queue.c **** 					{
 1607              		.loc 1 825 13 is_stmt 0 view .LVU485
 1608 0088 48B1     		cbz	r0, .L115
 831:Middlewares/Third_Party/FreeRTOS/Source/queue.c **** 					}
 1609              		.loc 1 831 7 is_stmt 1 view .LVU486
 1610 008a 4FF0E023 		mov	r3, #-536813568
 1611 008e 4FF08052 		mov	r2, #268435456
 1612 0092 C3F8042D 		str	r2, [r3, #3332]
 831:Middlewares/Third_Party/FreeRTOS/Source/queue.c **** 					}
 1613              		.loc 1 831 7 view .LVU487
 1614              		.syntax unified
 1615              	@ 831 "Middlewares/Third_Party/FreeRTOS/Source/queue.c" 1
 1616 0096 BFF34F8F 		dsb
 1617              	@ 0 "" 2
 831:Middlewares/Third_Party/FreeRTOS/Source/queue.c **** 					}
 1618              		.loc 1 831 7 view .LVU488
 1619              	@ 831 "Middlewares/Third_Party/FreeRTOS/Source/queue.c" 1
 1620 009a BFF36F8F 		isb
 1621              	@ 0 "" 2
 831:Middlewares/Third_Party/FreeRTOS/Source/queue.c **** 					}
 1622              		.loc 1 831 39 view .LVU489
 1623              	.LVL129:
 1624              		.thumb
 1625              		.syntax unified
 1626              	.L115:
 835:Middlewares/Third_Party/FreeRTOS/Source/queue.c **** 					}
 1627              		.loc 1 835 31 view .LVU490
 840:Middlewares/Third_Party/FreeRTOS/Source/queue.c **** 				return pdPASS;
 1628              		.loc 1 840 5 view .LVU491
 1629 009e FFF7FEFF 		bl	vPortExitCritical
 1630              	.LVL130:
 841:Middlewares/Third_Party/FreeRTOS/Source/queue.c **** 			}
 1631              		.loc 1 841 5 view .LVU492
 841:Middlewares/Third_Party/FreeRTOS/Source/queue.c **** 			}
 1632              		.loc 1 841 12 is_stmt 0 view .LVU493
 1633 00a2 0120     		movs	r0, #1
 1634              	.LVL131:
 1635              	.L102:
 920:Middlewares/Third_Party/FreeRTOS/Source/queue.c **** /*-----------------------------------------------------------*/
 1636              		.loc 1 920 1 view .LVU494
 1637 00a4 05B0     		add	sp, sp, #20
 1638              	.LCFI22:
 1639              		.cfi_remember_state
 1640              		.cfi_def_cfa_offset 20
 1641              		@ sp needed
 1642 00a6 F0BD     		pop	{r4, r5, r6, r7, pc}
 1643              	.LVL132:
 1644              	.L128:
ARM GAS  C:\Users\31005\AppData\Local\Temp\ccp6mIRg.s 			page 81


 1645              	.LCFI23:
 1646              		.cfi_restore_state
 812:Middlewares/Third_Party/FreeRTOS/Source/queue.c **** 						{
 1647              		.loc 1 812 7 is_stmt 1 view .LVU495
 812:Middlewares/Third_Party/FreeRTOS/Source/queue.c **** 						{
 1648              		.loc 1 812 11 is_stmt 0 view .LVU496
 1649 00a8 04F12400 		add	r0, r4, #36
 1650              	.LVL133:
 812:Middlewares/Third_Party/FreeRTOS/Source/queue.c **** 						{
 1651              		.loc 1 812 11 view .LVU497
 1652 00ac FFF7FEFF 		bl	xTaskRemoveFromEventList
 1653              	.LVL134:
 812:Middlewares/Third_Party/FreeRTOS/Source/queue.c **** 						{
 1654              		.loc 1 812 9 view .LVU498
 1655 00b0 0028     		cmp	r0, #0
 1656 00b2 F4D0     		beq	.L115
 818:Middlewares/Third_Party/FreeRTOS/Source/queue.c **** 						}
 1657              		.loc 1 818 8 is_stmt 1 view .LVU499
 1658 00b4 4FF0E023 		mov	r3, #-536813568
 1659 00b8 4FF08052 		mov	r2, #268435456
 1660 00bc C3F8042D 		str	r2, [r3, #3332]
 818:Middlewares/Third_Party/FreeRTOS/Source/queue.c **** 						}
 1661              		.loc 1 818 8 view .LVU500
 1662              		.syntax unified
 1663              	@ 818 "Middlewares/Third_Party/FreeRTOS/Source/queue.c" 1
 1664 00c0 BFF34F8F 		dsb
 1665              	@ 0 "" 2
 818:Middlewares/Third_Party/FreeRTOS/Source/queue.c **** 						}
 1666              		.loc 1 818 8 view .LVU501
 1667              	@ 818 "Middlewares/Third_Party/FreeRTOS/Source/queue.c" 1
 1668 00c4 BFF36F8F 		isb
 1669              	@ 0 "" 2
 818:Middlewares/Third_Party/FreeRTOS/Source/queue.c **** 						}
 1670              		.loc 1 818 40 view .LVU502
 1671              		.thumb
 1672              		.syntax unified
 1673 00c8 E9E7     		b	.L115
 1674              	.LVL135:
 1675              	.L129:
 849:Middlewares/Third_Party/FreeRTOS/Source/queue.c **** 
 1676              		.loc 1 849 6 view .LVU503
 1677 00ca FFF7FEFF 		bl	vPortExitCritical
 1678              	.LVL136:
 853:Middlewares/Third_Party/FreeRTOS/Source/queue.c **** 					return errQUEUE_FULL;
 1679              		.loc 1 853 39 view .LVU504
 854:Middlewares/Third_Party/FreeRTOS/Source/queue.c **** 				}
 1680              		.loc 1 854 6 view .LVU505
 854:Middlewares/Third_Party/FreeRTOS/Source/queue.c **** 				}
 1681              		.loc 1 854 13 is_stmt 0 view .LVU506
 1682 00ce 0020     		movs	r0, #0
 1683 00d0 E8E7     		b	.L102
 1684              	.L130:
 860:Middlewares/Third_Party/FreeRTOS/Source/queue.c **** 					xEntryTimeSet = pdTRUE;
 1685              		.loc 1 860 6 is_stmt 1 view .LVU507
 1686 00d2 02A8     		add	r0, sp, #8
 1687 00d4 FFF7FEFF 		bl	vTaskInternalSetTimeOutState
 1688              	.LVL137:
ARM GAS  C:\Users\31005\AppData\Local\Temp\ccp6mIRg.s 			page 82


 861:Middlewares/Third_Party/FreeRTOS/Source/queue.c **** 				}
 1689              		.loc 1 861 6 view .LVU508
 861:Middlewares/Third_Party/FreeRTOS/Source/queue.c **** 				}
 1690              		.loc 1 861 20 is_stmt 0 view .LVU509
 1691 00d8 0126     		movs	r6, #1
 1692 00da 19E0     		b	.L118
 1693              	.LVL138:
 1694              	.L131:
 876:Middlewares/Third_Party/FreeRTOS/Source/queue.c **** 
 1695              		.loc 1 876 3 is_stmt 1 discriminator 1 view .LVU510
 1696 00dc 0023     		movs	r3, #0
 1697 00de 84F84430 		strb	r3, [r4, #68]
 1698 00e2 21E0     		b	.L119
 1699              	.L132:
 876:Middlewares/Third_Party/FreeRTOS/Source/queue.c **** 
 1700              		.loc 1 876 3 discriminator 4 view .LVU511
 1701 00e4 0023     		movs	r3, #0
 1702 00e6 84F84530 		strb	r3, [r4, #69]
 1703 00ea 23E0     		b	.L120
 1704              	.L122:
 906:Middlewares/Third_Party/FreeRTOS/Source/queue.c **** 				( void ) xTaskResumeAll();
 1705              		.loc 1 906 5 view .LVU512
 1706 00ec 2046     		mov	r0, r4
 1707 00ee FFF7FEFF 		bl	prvUnlockQueue
 1708              	.LVL139:
 907:Middlewares/Third_Party/FreeRTOS/Source/queue.c **** 			}
 1709              		.loc 1 907 5 view .LVU513
 907:Middlewares/Third_Party/FreeRTOS/Source/queue.c **** 			}
 1710              		.loc 1 907 14 is_stmt 0 view .LVU514
 1711 00f2 FFF7FEFF 		bl	xTaskResumeAll
 1712              	.LVL140:
 1713              	.L111:
 736:Middlewares/Third_Party/FreeRTOS/Source/queue.c **** 	}
 1714              		.loc 1 736 104 is_stmt 1 discriminator 8 view .LVU515
 744:Middlewares/Third_Party/FreeRTOS/Source/queue.c **** 	{
 1715              		.loc 1 744 2 discriminator 8 view .LVU516
 746:Middlewares/Third_Party/FreeRTOS/Source/queue.c **** 		{
 1716              		.loc 1 746 3 discriminator 8 view .LVU517
 1717 00f6 FFF7FEFF 		bl	vPortEnterCritical
 1718              	.LVL141:
 752:Middlewares/Third_Party/FreeRTOS/Source/queue.c **** 			{
 1719              		.loc 1 752 4 discriminator 8 view .LVU518
 752:Middlewares/Third_Party/FreeRTOS/Source/queue.c **** 			{
 1720              		.loc 1 752 17 is_stmt 0 discriminator 8 view .LVU519
 1721 00fa A26B     		ldr	r2, [r4, #56]
 752:Middlewares/Third_Party/FreeRTOS/Source/queue.c **** 			{
 1722              		.loc 1 752 46 discriminator 8 view .LVU520
 1723 00fc E36B     		ldr	r3, [r4, #60]
 752:Middlewares/Third_Party/FreeRTOS/Source/queue.c **** 			{
 1724              		.loc 1 752 6 discriminator 8 view .LVU521
 1725 00fe 9A42     		cmp	r2, r3
 1726 0100 BBD3     		bcc	.L112
 752:Middlewares/Third_Party/FreeRTOS/Source/queue.c **** 			{
 1727              		.loc 1 752 59 discriminator 1 view .LVU522
 1728 0102 022D     		cmp	r5, #2
 1729 0104 B9D0     		beq	.L112
 845:Middlewares/Third_Party/FreeRTOS/Source/queue.c **** 				{
ARM GAS  C:\Users\31005\AppData\Local\Temp\ccp6mIRg.s 			page 83


 1730              		.loc 1 845 5 is_stmt 1 view .LVU523
 845:Middlewares/Third_Party/FreeRTOS/Source/queue.c **** 				{
 1731              		.loc 1 845 22 is_stmt 0 view .LVU524
 1732 0106 019B     		ldr	r3, [sp, #4]
 845:Middlewares/Third_Party/FreeRTOS/Source/queue.c **** 				{
 1733              		.loc 1 845 7 view .LVU525
 1734 0108 002B     		cmp	r3, #0
 1735 010a DED0     		beq	.L129
 856:Middlewares/Third_Party/FreeRTOS/Source/queue.c **** 				{
 1736              		.loc 1 856 10 is_stmt 1 view .LVU526
 856:Middlewares/Third_Party/FreeRTOS/Source/queue.c **** 				{
 1737              		.loc 1 856 12 is_stmt 0 view .LVU527
 1738 010c 002E     		cmp	r6, #0
 1739 010e E0D0     		beq	.L130
 1740              	.LVL142:
 1741              	.L118:
 866:Middlewares/Third_Party/FreeRTOS/Source/queue.c **** 				}
 1742              		.loc 1 866 30 is_stmt 1 view .LVU528
 870:Middlewares/Third_Party/FreeRTOS/Source/queue.c **** 
 1743              		.loc 1 870 3 view .LVU529
 1744 0110 FFF7FEFF 		bl	vPortExitCritical
 1745              	.LVL143:
 875:Middlewares/Third_Party/FreeRTOS/Source/queue.c **** 		prvLockQueue( pxQueue );
 1746              		.loc 1 875 3 view .LVU530
 1747 0114 FFF7FEFF 		bl	vTaskSuspendAll
 1748              	.LVL144:
 876:Middlewares/Third_Party/FreeRTOS/Source/queue.c **** 
 1749              		.loc 1 876 3 view .LVU531
 1750 0118 FFF7FEFF 		bl	vPortEnterCritical
 1751              	.LVL145:
 876:Middlewares/Third_Party/FreeRTOS/Source/queue.c **** 
 1752              		.loc 1 876 3 view .LVU532
 1753 011c 94F84420 		ldrb	r2, [r4, #68]	@ zero_extendqisi2
 1754 0120 52B2     		sxtb	r2, r2
 1755 0122 B2F1FF3F 		cmp	r2, #-1
 1756 0126 D9D0     		beq	.L131
 1757              	.L119:
 876:Middlewares/Third_Party/FreeRTOS/Source/queue.c **** 
 1758              		.loc 1 876 3 discriminator 3 view .LVU533
 1759 0128 94F84520 		ldrb	r2, [r4, #69]	@ zero_extendqisi2
 1760 012c 52B2     		sxtb	r2, r2
 1761 012e B2F1FF3F 		cmp	r2, #-1
 1762 0132 D7D0     		beq	.L132
 1763              	.L120:
 876:Middlewares/Third_Party/FreeRTOS/Source/queue.c **** 
 1764              		.loc 1 876 3 discriminator 6 view .LVU534
 1765 0134 FFF7FEFF 		bl	vPortExitCritical
 1766              	.LVL146:
 879:Middlewares/Third_Party/FreeRTOS/Source/queue.c **** 		{
 1767              		.loc 1 879 3 discriminator 6 view .LVU535
 879:Middlewares/Third_Party/FreeRTOS/Source/queue.c **** 		{
 1768              		.loc 1 879 7 is_stmt 0 discriminator 6 view .LVU536
 1769 0138 01A9     		add	r1, sp, #4
 1770 013a 02A8     		add	r0, sp, #8
 1771 013c FFF7FEFF 		bl	xTaskCheckForTimeOut
 1772              	.LVL147:
 879:Middlewares/Third_Party/FreeRTOS/Source/queue.c **** 		{
ARM GAS  C:\Users\31005\AppData\Local\Temp\ccp6mIRg.s 			page 84


 1773              		.loc 1 879 5 discriminator 6 view .LVU537
 1774 0140 D8B9     		cbnz	r0, .L121
 881:Middlewares/Third_Party/FreeRTOS/Source/queue.c **** 			{
 1775              		.loc 1 881 4 is_stmt 1 view .LVU538
 881:Middlewares/Third_Party/FreeRTOS/Source/queue.c **** 			{
 1776              		.loc 1 881 8 is_stmt 0 view .LVU539
 1777 0142 2046     		mov	r0, r4
 1778 0144 FFF7FEFF 		bl	prvIsQueueFull
 1779              	.LVL148:
 881:Middlewares/Third_Party/FreeRTOS/Source/queue.c **** 			{
 1780              		.loc 1 881 6 view .LVU540
 1781 0148 0028     		cmp	r0, #0
 1782 014a CFD0     		beq	.L122
 883:Middlewares/Third_Party/FreeRTOS/Source/queue.c **** 				vTaskPlaceOnEventList( &( pxQueue->xTasksWaitingToSend ), xTicksToWait );
 1783              		.loc 1 883 43 is_stmt 1 view .LVU541
 884:Middlewares/Third_Party/FreeRTOS/Source/queue.c **** 
 1784              		.loc 1 884 5 view .LVU542
 1785 014c 0199     		ldr	r1, [sp, #4]
 1786 014e 04F11000 		add	r0, r4, #16
 1787 0152 FFF7FEFF 		bl	vTaskPlaceOnEventList
 1788              	.LVL149:
 891:Middlewares/Third_Party/FreeRTOS/Source/queue.c **** 
 1789              		.loc 1 891 5 view .LVU543
 1790 0156 2046     		mov	r0, r4
 1791 0158 FFF7FEFF 		bl	prvUnlockQueue
 1792              	.LVL150:
 898:Middlewares/Third_Party/FreeRTOS/Source/queue.c **** 				{
 1793              		.loc 1 898 5 view .LVU544
 898:Middlewares/Third_Party/FreeRTOS/Source/queue.c **** 				{
 1794              		.loc 1 898 9 is_stmt 0 view .LVU545
 1795 015c FFF7FEFF 		bl	xTaskResumeAll
 1796              	.LVL151:
 898:Middlewares/Third_Party/FreeRTOS/Source/queue.c **** 				{
 1797              		.loc 1 898 7 view .LVU546
 1798 0160 0028     		cmp	r0, #0
 1799 0162 C8D1     		bne	.L111
 900:Middlewares/Third_Party/FreeRTOS/Source/queue.c **** 				}
 1800              		.loc 1 900 6 is_stmt 1 view .LVU547
 1801 0164 4FF0E023 		mov	r3, #-536813568
 1802 0168 4FF08052 		mov	r2, #268435456
 1803 016c C3F8042D 		str	r2, [r3, #3332]
 900:Middlewares/Third_Party/FreeRTOS/Source/queue.c **** 				}
 1804              		.loc 1 900 6 view .LVU548
 1805              		.syntax unified
 1806              	@ 900 "Middlewares/Third_Party/FreeRTOS/Source/queue.c" 1
 1807 0170 BFF34F8F 		dsb
 1808              	@ 0 "" 2
 900:Middlewares/Third_Party/FreeRTOS/Source/queue.c **** 				}
 1809              		.loc 1 900 6 view .LVU549
 1810              	@ 900 "Middlewares/Third_Party/FreeRTOS/Source/queue.c" 1
 1811 0174 BFF36F8F 		isb
 1812              	@ 0 "" 2
 1813              		.thumb
 1814              		.syntax unified
 1815 0178 BDE7     		b	.L111
 1816              	.L121:
 913:Middlewares/Third_Party/FreeRTOS/Source/queue.c **** 			( void ) xTaskResumeAll();
ARM GAS  C:\Users\31005\AppData\Local\Temp\ccp6mIRg.s 			page 85


 1817              		.loc 1 913 4 view .LVU550
 1818 017a 2046     		mov	r0, r4
 1819 017c FFF7FEFF 		bl	prvUnlockQueue
 1820              	.LVL152:
 914:Middlewares/Third_Party/FreeRTOS/Source/queue.c **** 
 1821              		.loc 1 914 4 view .LVU551
 914:Middlewares/Third_Party/FreeRTOS/Source/queue.c **** 
 1822              		.loc 1 914 13 is_stmt 0 view .LVU552
 1823 0180 FFF7FEFF 		bl	xTaskResumeAll
 1824              	.LVL153:
 916:Middlewares/Third_Party/FreeRTOS/Source/queue.c **** 			return errQUEUE_FULL;
 1825              		.loc 1 916 37 is_stmt 1 view .LVU553
 917:Middlewares/Third_Party/FreeRTOS/Source/queue.c **** 		}
 1826              		.loc 1 917 4 view .LVU554
 917:Middlewares/Third_Party/FreeRTOS/Source/queue.c **** 		}
 1827              		.loc 1 917 11 is_stmt 0 view .LVU555
 1828 0184 0020     		movs	r0, #0
 1829 0186 8DE7     		b	.L102
 1830              		.cfi_endproc
 1831              	.LFE17:
 1833              		.section	.text.prvInitialiseMutex,"ax",%progbits
 1834              		.align	1
 1835              		.syntax unified
 1836              		.thumb
 1837              		.thumb_func
 1839              	prvInitialiseMutex:
 1840              	.LVL154:
 1841              	.LFB8:
 453:Middlewares/Third_Party/FreeRTOS/Source/queue.c **** 		if( pxNewQueue != NULL )
 1842              		.loc 1 453 2 is_stmt 1 view -0
 1843              		.cfi_startproc
 1844              		@ args = 0, pretend = 0, frame = 0
 1845              		@ frame_needed = 0, uses_anonymous_args = 0
 454:Middlewares/Third_Party/FreeRTOS/Source/queue.c **** 		{
 1846              		.loc 1 454 3 view .LVU557
 454:Middlewares/Third_Party/FreeRTOS/Source/queue.c **** 		{
 1847              		.loc 1 454 5 is_stmt 0 view .LVU558
 1848 0000 48B1     		cbz	r0, .L136
 453:Middlewares/Third_Party/FreeRTOS/Source/queue.c **** 		if( pxNewQueue != NULL )
 1849              		.loc 1 453 2 view .LVU559
 1850 0002 08B5     		push	{r3, lr}
 1851              	.LCFI24:
 1852              		.cfi_def_cfa_offset 8
 1853              		.cfi_offset 3, -8
 1854              		.cfi_offset 14, -4
 460:Middlewares/Third_Party/FreeRTOS/Source/queue.c **** 			pxNewQueue->uxQueueType = queueQUEUE_IS_MUTEX;
 1855              		.loc 1 460 4 is_stmt 1 view .LVU560
 460:Middlewares/Third_Party/FreeRTOS/Source/queue.c **** 			pxNewQueue->uxQueueType = queueQUEUE_IS_MUTEX;
 1856              		.loc 1 460 30 is_stmt 0 view .LVU561
 1857 0004 0021     		movs	r1, #0
 1858 0006 4160     		str	r1, [r0, #4]
 461:Middlewares/Third_Party/FreeRTOS/Source/queue.c **** 
 1859              		.loc 1 461 4 is_stmt 1 view .LVU562
 461:Middlewares/Third_Party/FreeRTOS/Source/queue.c **** 
 1860              		.loc 1 461 28 is_stmt 0 view .LVU563
 1861 0008 0160     		str	r1, [r0]
 464:Middlewares/Third_Party/FreeRTOS/Source/queue.c **** 
ARM GAS  C:\Users\31005\AppData\Local\Temp\ccp6mIRg.s 			page 86


 1862              		.loc 1 464 4 is_stmt 1 view .LVU564
 464:Middlewares/Third_Party/FreeRTOS/Source/queue.c **** 
 1863              		.loc 1 464 39 is_stmt 0 view .LVU565
 1864 000a C160     		str	r1, [r0, #12]
 466:Middlewares/Third_Party/FreeRTOS/Source/queue.c **** 
 1865              		.loc 1 466 35 is_stmt 1 view .LVU566
 469:Middlewares/Third_Party/FreeRTOS/Source/queue.c **** 		}
 1866              		.loc 1 469 4 view .LVU567
 469:Middlewares/Third_Party/FreeRTOS/Source/queue.c **** 		}
 1867              		.loc 1 469 13 is_stmt 0 view .LVU568
 1868 000c 0B46     		mov	r3, r1
 1869 000e 0A46     		mov	r2, r1
 1870 0010 FFF7FEFF 		bl	xQueueGenericSend
 1871              	.LVL155:
 473:Middlewares/Third_Party/FreeRTOS/Source/queue.c **** 		}
 1872              		.loc 1 473 30 is_stmt 1 view .LVU569
 475:Middlewares/Third_Party/FreeRTOS/Source/queue.c **** 
 1873              		.loc 1 475 2 is_stmt 0 view .LVU570
 1874 0014 08BD     		pop	{r3, pc}
 1875              	.LVL156:
 1876              	.L136:
 1877              	.LCFI25:
 1878              		.cfi_def_cfa_offset 0
 1879              		.cfi_restore 3
 1880              		.cfi_restore 14
 475:Middlewares/Third_Party/FreeRTOS/Source/queue.c **** 
 1881              		.loc 1 475 2 view .LVU571
 1882 0016 7047     		bx	lr
 1883              		.cfi_endproc
 1884              	.LFE8:
 1886              		.section	.text.xQueueCreateMutex,"ax",%progbits
 1887              		.align	1
 1888              		.global	xQueueCreateMutex
 1889              		.syntax unified
 1890              		.thumb
 1891              		.thumb_func
 1893              	xQueueCreateMutex:
 1894              	.LVL157:
 1895              	.LFB9:
 483:Middlewares/Third_Party/FreeRTOS/Source/queue.c **** 	Queue_t *pxNewQueue;
 1896              		.loc 1 483 2 is_stmt 1 view -0
 1897              		.cfi_startproc
 1898              		@ args = 0, pretend = 0, frame = 0
 1899              		@ frame_needed = 0, uses_anonymous_args = 0
 483:Middlewares/Third_Party/FreeRTOS/Source/queue.c **** 	Queue_t *pxNewQueue;
 1900              		.loc 1 483 2 is_stmt 0 view .LVU573
 1901 0000 10B5     		push	{r4, lr}
 1902              	.LCFI26:
 1903              		.cfi_def_cfa_offset 8
 1904              		.cfi_offset 4, -8
 1905              		.cfi_offset 14, -4
 1906 0002 0246     		mov	r2, r0
 484:Middlewares/Third_Party/FreeRTOS/Source/queue.c **** 	const UBaseType_t uxMutexLength = ( UBaseType_t ) 1, uxMutexSize = ( UBaseType_t ) 0;
 1907              		.loc 1 484 2 is_stmt 1 view .LVU574
 485:Middlewares/Third_Party/FreeRTOS/Source/queue.c **** 
 1908              		.loc 1 485 2 view .LVU575
 1909              	.LVL158:
ARM GAS  C:\Users\31005\AppData\Local\Temp\ccp6mIRg.s 			page 87


 487:Middlewares/Third_Party/FreeRTOS/Source/queue.c **** 		prvInitialiseMutex( pxNewQueue );
 1910              		.loc 1 487 3 view .LVU576
 487:Middlewares/Third_Party/FreeRTOS/Source/queue.c **** 		prvInitialiseMutex( pxNewQueue );
 1911              		.loc 1 487 30 is_stmt 0 view .LVU577
 1912 0004 0021     		movs	r1, #0
 1913 0006 0120     		movs	r0, #1
 1914              	.LVL159:
 487:Middlewares/Third_Party/FreeRTOS/Source/queue.c **** 		prvInitialiseMutex( pxNewQueue );
 1915              		.loc 1 487 30 view .LVU578
 1916 0008 FFF7FEFF 		bl	xQueueGenericCreate
 1917              	.LVL160:
 1918 000c 0446     		mov	r4, r0
 1919              	.LVL161:
 488:Middlewares/Third_Party/FreeRTOS/Source/queue.c **** 
 1920              		.loc 1 488 3 is_stmt 1 view .LVU579
 1921 000e FFF7FEFF 		bl	prvInitialiseMutex
 1922              	.LVL162:
 490:Middlewares/Third_Party/FreeRTOS/Source/queue.c **** 	}
 1923              		.loc 1 490 3 view .LVU580
 491:Middlewares/Third_Party/FreeRTOS/Source/queue.c **** 
 1924              		.loc 1 491 2 is_stmt 0 view .LVU581
 1925 0012 2046     		mov	r0, r4
 1926 0014 10BD     		pop	{r4, pc}
 491:Middlewares/Third_Party/FreeRTOS/Source/queue.c **** 
 1927              		.loc 1 491 2 view .LVU582
 1928              		.cfi_endproc
 1929              	.LFE9:
 1931              		.section	.text.xQueueCreateMutexStatic,"ax",%progbits
 1932              		.align	1
 1933              		.global	xQueueCreateMutexStatic
 1934              		.syntax unified
 1935              		.thumb
 1936              		.thumb_func
 1938              	xQueueCreateMutexStatic:
 1939              	.LVL163:
 1940              	.LFB10:
 499:Middlewares/Third_Party/FreeRTOS/Source/queue.c **** 	Queue_t *pxNewQueue;
 1941              		.loc 1 499 2 is_stmt 1 view -0
 1942              		.cfi_startproc
 1943              		@ args = 0, pretend = 0, frame = 0
 1944              		@ frame_needed = 0, uses_anonymous_args = 0
 499:Middlewares/Third_Party/FreeRTOS/Source/queue.c **** 	Queue_t *pxNewQueue;
 1945              		.loc 1 499 2 is_stmt 0 view .LVU584
 1946 0000 10B5     		push	{r4, lr}
 1947              	.LCFI27:
 1948              		.cfi_def_cfa_offset 8
 1949              		.cfi_offset 4, -8
 1950              		.cfi_offset 14, -4
 1951 0002 82B0     		sub	sp, sp, #8
 1952              	.LCFI28:
 1953              		.cfi_def_cfa_offset 16
 1954 0004 0B46     		mov	r3, r1
 500:Middlewares/Third_Party/FreeRTOS/Source/queue.c **** 	const UBaseType_t uxMutexLength = ( UBaseType_t ) 1, uxMutexSize = ( UBaseType_t ) 0;
 1955              		.loc 1 500 2 is_stmt 1 view .LVU585
 501:Middlewares/Third_Party/FreeRTOS/Source/queue.c **** 
 1956              		.loc 1 501 2 view .LVU586
 1957              	.LVL164:
ARM GAS  C:\Users\31005\AppData\Local\Temp\ccp6mIRg.s 			page 88


 505:Middlewares/Third_Party/FreeRTOS/Source/queue.c **** 
 1958              		.loc 1 505 3 view .LVU587
 507:Middlewares/Third_Party/FreeRTOS/Source/queue.c **** 		prvInitialiseMutex( pxNewQueue );
 1959              		.loc 1 507 3 view .LVU588
 507:Middlewares/Third_Party/FreeRTOS/Source/queue.c **** 		prvInitialiseMutex( pxNewQueue );
 1960              		.loc 1 507 30 is_stmt 0 view .LVU589
 1961 0006 0090     		str	r0, [sp]
 1962 0008 0022     		movs	r2, #0
 1963 000a 1146     		mov	r1, r2
 1964              	.LVL165:
 507:Middlewares/Third_Party/FreeRTOS/Source/queue.c **** 		prvInitialiseMutex( pxNewQueue );
 1965              		.loc 1 507 30 view .LVU590
 1966 000c 0120     		movs	r0, #1
 1967              	.LVL166:
 507:Middlewares/Third_Party/FreeRTOS/Source/queue.c **** 		prvInitialiseMutex( pxNewQueue );
 1968              		.loc 1 507 30 view .LVU591
 1969 000e FFF7FEFF 		bl	xQueueGenericCreateStatic
 1970              	.LVL167:
 507:Middlewares/Third_Party/FreeRTOS/Source/queue.c **** 		prvInitialiseMutex( pxNewQueue );
 1971              		.loc 1 507 30 view .LVU592
 1972 0012 0446     		mov	r4, r0
 1973              	.LVL168:
 508:Middlewares/Third_Party/FreeRTOS/Source/queue.c **** 
 1974              		.loc 1 508 3 is_stmt 1 view .LVU593
 1975 0014 FFF7FEFF 		bl	prvInitialiseMutex
 1976              	.LVL169:
 510:Middlewares/Third_Party/FreeRTOS/Source/queue.c **** 	}
 1977              		.loc 1 510 3 view .LVU594
 511:Middlewares/Third_Party/FreeRTOS/Source/queue.c **** 
 1978              		.loc 1 511 2 is_stmt 0 view .LVU595
 1979 0018 2046     		mov	r0, r4
 1980 001a 02B0     		add	sp, sp, #8
 1981              	.LCFI29:
 1982              		.cfi_def_cfa_offset 8
 1983              		@ sp needed
 1984 001c 10BD     		pop	{r4, pc}
 511:Middlewares/Third_Party/FreeRTOS/Source/queue.c **** 
 1985              		.loc 1 511 2 view .LVU596
 1986              		.cfi_endproc
 1987              	.LFE10:
 1989              		.section	.text.xQueueGiveMutexRecursive,"ax",%progbits
 1990              		.align	1
 1991              		.global	xQueueGiveMutexRecursive
 1992              		.syntax unified
 1993              		.thumb
 1994              		.thumb_func
 1996              	xQueueGiveMutexRecursive:
 1997              	.LVL170:
 1998              	.LFB13:
 575:Middlewares/Third_Party/FreeRTOS/Source/queue.c **** 	BaseType_t xReturn;
 1999              		.loc 1 575 2 is_stmt 1 view -0
 2000              		.cfi_startproc
 2001              		@ args = 0, pretend = 0, frame = 0
 2002              		@ frame_needed = 0, uses_anonymous_args = 0
 575:Middlewares/Third_Party/FreeRTOS/Source/queue.c **** 	BaseType_t xReturn;
 2003              		.loc 1 575 2 is_stmt 0 view .LVU598
 2004 0000 38B5     		push	{r3, r4, r5, lr}
ARM GAS  C:\Users\31005\AppData\Local\Temp\ccp6mIRg.s 			page 89


 2005              	.LCFI30:
 2006              		.cfi_def_cfa_offset 16
 2007              		.cfi_offset 3, -16
 2008              		.cfi_offset 4, -12
 2009              		.cfi_offset 5, -8
 2010              		.cfi_offset 14, -4
 576:Middlewares/Third_Party/FreeRTOS/Source/queue.c **** 	Queue_t * const pxMutex = ( Queue_t * ) xMutex;
 2011              		.loc 1 576 2 is_stmt 1 view .LVU599
 577:Middlewares/Third_Party/FreeRTOS/Source/queue.c **** 
 2012              		.loc 1 577 2 view .LVU600
 2013              	.LVL171:
 579:Middlewares/Third_Party/FreeRTOS/Source/queue.c **** 
 2014              		.loc 1 579 3 view .LVU601
 2015 0002 38B1     		cbz	r0, .L150
 2016 0004 0446     		mov	r4, r0
 579:Middlewares/Third_Party/FreeRTOS/Source/queue.c **** 
 2017              		.loc 1 579 26 discriminator 2 view .LVU602
 587:Middlewares/Third_Party/FreeRTOS/Source/queue.c **** 		{
 2018              		.loc 1 587 3 discriminator 2 view .LVU603
 587:Middlewares/Third_Party/FreeRTOS/Source/queue.c **** 		{
 2019              		.loc 1 587 14 is_stmt 0 discriminator 2 view .LVU604
 2020 0006 4568     		ldr	r5, [r0, #4]
 587:Middlewares/Third_Party/FreeRTOS/Source/queue.c **** 		{
 2021              		.loc 1 587 44 discriminator 2 view .LVU605
 2022 0008 FFF7FEFF 		bl	xTaskGetCurrentTaskHandle
 2023              	.LVL172:
 587:Middlewares/Third_Party/FreeRTOS/Source/queue.c **** 		{
 2024              		.loc 1 587 5 discriminator 2 view .LVU606
 2025 000c 8542     		cmp	r5, r0
 2026 000e 0AD0     		beq	.L151
 616:Middlewares/Third_Party/FreeRTOS/Source/queue.c **** 
 2027              		.loc 1 616 12 view .LVU607
 2028 0010 0020     		movs	r0, #0
 2029              	.L143:
 622:Middlewares/Third_Party/FreeRTOS/Source/queue.c **** 
 2030              		.loc 1 622 2 view .LVU608
 2031 0012 38BD     		pop	{r3, r4, r5, pc}
 2032              	.LVL173:
 2033              	.L150:
 579:Middlewares/Third_Party/FreeRTOS/Source/queue.c **** 
 2034              		.loc 1 579 3 is_stmt 1 view .LVU609
 2035              	.LBB154:
 2036              	.LBI154:
 191:Middlewares/Third_Party/FreeRTOS/Source/portable/GCC/ARM_CM4F/portmacro.h **** {
 2037              		.loc 2 191 30 view .LVU610
 2038              	.LBB155:
 193:Middlewares/Third_Party/FreeRTOS/Source/portable/GCC/ARM_CM4F/portmacro.h **** 
 2039              		.loc 2 193 1 view .LVU611
 2040              		.loc 2 195 2 view .LVU612
 2041              		.syntax unified
 2042              	@ 195 "Middlewares/Third_Party/FreeRTOS/Source/portable/GCC/ARM_CM4F/portmacro.h" 1
 2043 0014 4FF05003 			mov r3, #80												
 2044 0018 83F31188 		msr basepri, r3											
 2045 001c BFF36F8F 		isb														
 2046 0020 BFF34F8F 		dsb														
 2047              	
 2048              	@ 0 "" 2
ARM GAS  C:\Users\31005\AppData\Local\Temp\ccp6mIRg.s 			page 90


 2049              	.LVL174:
 2050              		.thumb
 2051              		.syntax unified
 2052              	.L145:
 2053              		.loc 2 195 2 is_stmt 0 view .LVU613
 2054              	.LBE155:
 2055              	.LBE154:
 579:Middlewares/Third_Party/FreeRTOS/Source/queue.c **** 
 2056              		.loc 1 579 3 is_stmt 1 discriminator 1 view .LVU614
 579:Middlewares/Third_Party/FreeRTOS/Source/queue.c **** 
 2057              		.loc 1 579 3 discriminator 1 view .LVU615
 2058 0024 FEE7     		b	.L145
 2059              	.LVL175:
 2060              	.L151:
 589:Middlewares/Third_Party/FreeRTOS/Source/queue.c **** 
 2061              		.loc 1 589 40 view .LVU616
 596:Middlewares/Third_Party/FreeRTOS/Source/queue.c **** 
 2062              		.loc 1 596 4 view .LVU617
 596:Middlewares/Third_Party/FreeRTOS/Source/queue.c **** 
 2063              		.loc 1 596 16 is_stmt 0 view .LVU618
 2064 0026 E368     		ldr	r3, [r4, #12]
 596:Middlewares/Third_Party/FreeRTOS/Source/queue.c **** 
 2065              		.loc 1 596 39 view .LVU619
 2066 0028 013B     		subs	r3, r3, #1
 2067 002a E360     		str	r3, [r4, #12]
 599:Middlewares/Third_Party/FreeRTOS/Source/queue.c **** 			{
 2068              		.loc 1 599 4 is_stmt 1 view .LVU620
 599:Middlewares/Third_Party/FreeRTOS/Source/queue.c **** 			{
 2069              		.loc 1 599 6 is_stmt 0 view .LVU621
 2070 002c 0BB1     		cbz	r3, .L152
 610:Middlewares/Third_Party/FreeRTOS/Source/queue.c **** 		}
 2071              		.loc 1 610 12 view .LVU622
 2072 002e 0120     		movs	r0, #1
 2073              	.LVL176:
 618:Middlewares/Third_Party/FreeRTOS/Source/queue.c **** 		}
 2074              		.loc 1 618 47 is_stmt 1 view .LVU623
 621:Middlewares/Third_Party/FreeRTOS/Source/queue.c **** 	}
 2075              		.loc 1 621 3 view .LVU624
 621:Middlewares/Third_Party/FreeRTOS/Source/queue.c **** 	}
 2076              		.loc 1 621 10 is_stmt 0 view .LVU625
 2077 0030 EFE7     		b	.L143
 2078              	.LVL177:
 2079              	.L152:
 603:Middlewares/Third_Party/FreeRTOS/Source/queue.c **** 			}
 2080              		.loc 1 603 5 is_stmt 1 view .LVU626
 603:Middlewares/Third_Party/FreeRTOS/Source/queue.c **** 			}
 2081              		.loc 1 603 14 is_stmt 0 view .LVU627
 2082 0032 1A46     		mov	r2, r3
 2083 0034 1946     		mov	r1, r3
 2084 0036 2046     		mov	r0, r4
 2085 0038 FFF7FEFF 		bl	xQueueGenericSend
 2086              	.LVL178:
 610:Middlewares/Third_Party/FreeRTOS/Source/queue.c **** 		}
 2087              		.loc 1 610 12 view .LVU628
 2088 003c 0120     		movs	r0, #1
 2089 003e E8E7     		b	.L143
 2090              		.cfi_endproc
ARM GAS  C:\Users\31005\AppData\Local\Temp\ccp6mIRg.s 			page 91


 2091              	.LFE13:
 2093              		.section	.text.xQueueGenericSendFromISR,"ax",%progbits
 2094              		.align	1
 2095              		.global	xQueueGenericSendFromISR
 2096              		.syntax unified
 2097              		.thumb
 2098              		.thumb_func
 2100              	xQueueGenericSendFromISR:
 2101              	.LVL179:
 2102              	.LFB18:
 924:Middlewares/Third_Party/FreeRTOS/Source/queue.c **** BaseType_t xReturn;
 2103              		.loc 1 924 1 is_stmt 1 view -0
 2104              		.cfi_startproc
 2105              		@ args = 0, pretend = 0, frame = 0
 2106              		@ frame_needed = 0, uses_anonymous_args = 0
 924:Middlewares/Third_Party/FreeRTOS/Source/queue.c **** BaseType_t xReturn;
 2107              		.loc 1 924 1 is_stmt 0 view .LVU630
 2108 0000 2DE9F843 		push	{r3, r4, r5, r6, r7, r8, r9, lr}
 2109              	.LCFI31:
 2110              		.cfi_def_cfa_offset 32
 2111              		.cfi_offset 3, -32
 2112              		.cfi_offset 4, -28
 2113              		.cfi_offset 5, -24
 2114              		.cfi_offset 6, -20
 2115              		.cfi_offset 7, -16
 2116              		.cfi_offset 8, -12
 2117              		.cfi_offset 9, -8
 2118              		.cfi_offset 14, -4
 925:Middlewares/Third_Party/FreeRTOS/Source/queue.c **** UBaseType_t uxSavedInterruptStatus;
 2119              		.loc 1 925 1 is_stmt 1 view .LVU631
 926:Middlewares/Third_Party/FreeRTOS/Source/queue.c **** Queue_t * const pxQueue = ( Queue_t * ) xQueue;
 2120              		.loc 1 926 1 view .LVU632
 927:Middlewares/Third_Party/FreeRTOS/Source/queue.c **** 
 2121              		.loc 1 927 1 view .LVU633
 2122              	.LVL180:
 929:Middlewares/Third_Party/FreeRTOS/Source/queue.c **** 	configASSERT( !( ( pvItemToQueue == NULL ) && ( pxQueue->uxItemSize != ( UBaseType_t ) 0U ) ) );
 2123              		.loc 1 929 2 view .LVU634
 2124 0004 90B1     		cbz	r0, .L168
 2125 0006 0F46     		mov	r7, r1
 2126 0008 1646     		mov	r6, r2
 2127 000a 1C46     		mov	r4, r3
 2128 000c 0546     		mov	r5, r0
 929:Middlewares/Third_Party/FreeRTOS/Source/queue.c **** 	configASSERT( !( ( pvItemToQueue == NULL ) && ( pxQueue->uxItemSize != ( UBaseType_t ) 0U ) ) );
 2129              		.loc 1 929 25 discriminator 2 view .LVU635
 930:Middlewares/Third_Party/FreeRTOS/Source/queue.c **** 	configASSERT( !( ( xCopyPosition == queueOVERWRITE ) && ( pxQueue->uxLength != 1 ) ) );
 2130              		.loc 1 930 2 discriminator 2 view .LVU636
 2131 000e B1B1     		cbz	r1, .L169
 2132              	.LVL181:
 2133              	.L156:
 930:Middlewares/Third_Party/FreeRTOS/Source/queue.c **** 	configASSERT( !( ( xCopyPosition == queueOVERWRITE ) && ( pxQueue->uxLength != 1 ) ) );
 2134              		.loc 1 930 97 discriminator 8 view .LVU637
 931:Middlewares/Third_Party/FreeRTOS/Source/queue.c **** 
 2135              		.loc 1 931 2 discriminator 8 view .LVU638
 2136 0010 022C     		cmp	r4, #2
 2137 0012 20D1     		bne	.L158
 931:Middlewares/Third_Party/FreeRTOS/Source/queue.c **** 
 2138              		.loc 1 931 2 is_stmt 0 discriminator 2 view .LVU639
ARM GAS  C:\Users\31005\AppData\Local\Temp\ccp6mIRg.s 			page 92


 2139 0014 EB6B     		ldr	r3, [r5, #60]
 2140 0016 012B     		cmp	r3, #1
 2141 0018 1DD0     		beq	.L158
 931:Middlewares/Third_Party/FreeRTOS/Source/queue.c **** 
 2142              		.loc 1 931 2 is_stmt 1 view .LVU640
 2143              	.LBB156:
 2144              	.LBI156:
 191:Middlewares/Third_Party/FreeRTOS/Source/portable/GCC/ARM_CM4F/portmacro.h **** {
 2145              		.loc 2 191 30 view .LVU641
 2146              	.LBB157:
 193:Middlewares/Third_Party/FreeRTOS/Source/portable/GCC/ARM_CM4F/portmacro.h **** 
 2147              		.loc 2 193 1 view .LVU642
 2148              		.loc 2 195 2 view .LVU643
 2149              		.syntax unified
 2150              	@ 195 "Middlewares/Third_Party/FreeRTOS/Source/portable/GCC/ARM_CM4F/portmacro.h" 1
 2151 001a 4FF05003 			mov r3, #80												
 2152 001e 83F31188 		msr basepri, r3											
 2153 0022 BFF36F8F 		isb														
 2154 0026 BFF34F8F 		dsb														
 2155              	
 2156              	@ 0 "" 2
 2157              	.LVL182:
 2158              		.thumb
 2159              		.syntax unified
 2160              	.L159:
 2161              		.loc 2 195 2 is_stmt 0 view .LVU644
 2162              	.LBE157:
 2163              	.LBE156:
 931:Middlewares/Third_Party/FreeRTOS/Source/queue.c **** 
 2164              		.loc 1 931 2 is_stmt 1 discriminator 3 view .LVU645
 931:Middlewares/Third_Party/FreeRTOS/Source/queue.c **** 
 2165              		.loc 1 931 2 discriminator 3 view .LVU646
 2166 002a FEE7     		b	.L159
 2167              	.LVL183:
 2168              	.L168:
 929:Middlewares/Third_Party/FreeRTOS/Source/queue.c **** 	configASSERT( !( ( pvItemToQueue == NULL ) && ( pxQueue->uxItemSize != ( UBaseType_t ) 0U ) ) );
 2169              		.loc 1 929 2 view .LVU647
 2170              	.LBB158:
 2171              	.LBI158:
 191:Middlewares/Third_Party/FreeRTOS/Source/portable/GCC/ARM_CM4F/portmacro.h **** {
 2172              		.loc 2 191 30 view .LVU648
 2173              	.LBB159:
 193:Middlewares/Third_Party/FreeRTOS/Source/portable/GCC/ARM_CM4F/portmacro.h **** 
 2174              		.loc 2 193 1 view .LVU649
 2175              		.loc 2 195 2 view .LVU650
 2176              		.syntax unified
 2177              	@ 195 "Middlewares/Third_Party/FreeRTOS/Source/portable/GCC/ARM_CM4F/portmacro.h" 1
 2178 002c 4FF05003 			mov r3, #80												
 2179 0030 83F31188 		msr basepri, r3											
 2180 0034 BFF36F8F 		isb														
 2181 0038 BFF34F8F 		dsb														
 2182              	
 2183              	@ 0 "" 2
 2184              	.LVL184:
 2185              		.thumb
 2186              		.syntax unified
 2187              	.L155:
ARM GAS  C:\Users\31005\AppData\Local\Temp\ccp6mIRg.s 			page 93


 2188              		.loc 2 195 2 is_stmt 0 view .LVU651
 2189              	.LBE159:
 2190              	.LBE158:
 929:Middlewares/Third_Party/FreeRTOS/Source/queue.c **** 	configASSERT( !( ( pvItemToQueue == NULL ) && ( pxQueue->uxItemSize != ( UBaseType_t ) 0U ) ) );
 2191              		.loc 1 929 2 is_stmt 1 discriminator 1 view .LVU652
 929:Middlewares/Third_Party/FreeRTOS/Source/queue.c **** 	configASSERT( !( ( pvItemToQueue == NULL ) && ( pxQueue->uxItemSize != ( UBaseType_t ) 0U ) ) );
 2192              		.loc 1 929 2 discriminator 1 view .LVU653
 2193 003c FEE7     		b	.L155
 2194              	.LVL185:
 2195              	.L169:
 930:Middlewares/Third_Party/FreeRTOS/Source/queue.c **** 	configASSERT( !( ( xCopyPosition == queueOVERWRITE ) && ( pxQueue->uxLength != 1 ) ) );
 2196              		.loc 1 930 2 is_stmt 0 discriminator 2 view .LVU654
 2197 003e 036C     		ldr	r3, [r0, #64]
 2198              	.LVL186:
 930:Middlewares/Third_Party/FreeRTOS/Source/queue.c **** 	configASSERT( !( ( xCopyPosition == queueOVERWRITE ) && ( pxQueue->uxLength != 1 ) ) );
 2199              		.loc 1 930 2 discriminator 2 view .LVU655
 2200 0040 002B     		cmp	r3, #0
 2201 0042 E5D0     		beq	.L156
 930:Middlewares/Third_Party/FreeRTOS/Source/queue.c **** 	configASSERT( !( ( xCopyPosition == queueOVERWRITE ) && ( pxQueue->uxLength != 1 ) ) );
 2202              		.loc 1 930 2 is_stmt 1 view .LVU656
 2203              	.LBB160:
 2204              	.LBI160:
 191:Middlewares/Third_Party/FreeRTOS/Source/portable/GCC/ARM_CM4F/portmacro.h **** {
 2205              		.loc 2 191 30 view .LVU657
 2206              	.LBB161:
 193:Middlewares/Third_Party/FreeRTOS/Source/portable/GCC/ARM_CM4F/portmacro.h **** 
 2207              		.loc 2 193 1 view .LVU658
 2208              		.loc 2 195 2 view .LVU659
 2209              		.syntax unified
 2210              	@ 195 "Middlewares/Third_Party/FreeRTOS/Source/portable/GCC/ARM_CM4F/portmacro.h" 1
 2211 0044 4FF05003 			mov r3, #80												
 2212 0048 83F31188 		msr basepri, r3											
 2213 004c BFF36F8F 		isb														
 2214 0050 BFF34F8F 		dsb														
 2215              	
 2216              	@ 0 "" 2
 2217              	.LVL187:
 2218              		.thumb
 2219              		.syntax unified
 2220              	.L157:
 2221              		.loc 2 195 2 is_stmt 0 view .LVU660
 2222              	.LBE161:
 2223              	.LBE160:
 930:Middlewares/Third_Party/FreeRTOS/Source/queue.c **** 	configASSERT( !( ( xCopyPosition == queueOVERWRITE ) && ( pxQueue->uxLength != 1 ) ) );
 2224              		.loc 1 930 2 is_stmt 1 discriminator 2 view .LVU661
 930:Middlewares/Third_Party/FreeRTOS/Source/queue.c **** 	configASSERT( !( ( xCopyPosition == queueOVERWRITE ) && ( pxQueue->uxLength != 1 ) ) );
 2225              		.loc 1 930 2 discriminator 2 view .LVU662
 2226 0054 FEE7     		b	.L157
 2227              	.L158:
 931:Middlewares/Third_Party/FreeRTOS/Source/queue.c **** 
 2228              		.loc 1 931 88 discriminator 8 view .LVU663
 947:Middlewares/Third_Party/FreeRTOS/Source/queue.c **** 
 2229              		.loc 1 947 2 discriminator 8 view .LVU664
 2230 0056 FFF7FEFF 		bl	vPortValidateInterruptPriority
 2231              	.LVL188:
 954:Middlewares/Third_Party/FreeRTOS/Source/queue.c **** 	{
 2232              		.loc 1 954 2 discriminator 8 view .LVU665
ARM GAS  C:\Users\31005\AppData\Local\Temp\ccp6mIRg.s 			page 94


 2233              	.LBB162:
 2234              	.LBI162:
 196:Middlewares/Third_Party/FreeRTOS/Source/portable/GCC/ARM_CM4F/portmacro.h **** 	(
 197:Middlewares/Third_Party/FreeRTOS/Source/portable/GCC/ARM_CM4F/portmacro.h **** 		"	mov %0, %1												\n"	\
 198:Middlewares/Third_Party/FreeRTOS/Source/portable/GCC/ARM_CM4F/portmacro.h **** 		"	msr basepri, %0											\n" \
 199:Middlewares/Third_Party/FreeRTOS/Source/portable/GCC/ARM_CM4F/portmacro.h **** 		"	isb														\n" \
 200:Middlewares/Third_Party/FreeRTOS/Source/portable/GCC/ARM_CM4F/portmacro.h **** 		"	dsb														\n" \
 201:Middlewares/Third_Party/FreeRTOS/Source/portable/GCC/ARM_CM4F/portmacro.h **** 		:"=r" (ulNewBASEPRI) : "i" ( configMAX_SYSCALL_INTERRUPT_PRIORITY ) : "memory"
 202:Middlewares/Third_Party/FreeRTOS/Source/portable/GCC/ARM_CM4F/portmacro.h **** 	);
 203:Middlewares/Third_Party/FreeRTOS/Source/portable/GCC/ARM_CM4F/portmacro.h **** }
 204:Middlewares/Third_Party/FreeRTOS/Source/portable/GCC/ARM_CM4F/portmacro.h **** 
 205:Middlewares/Third_Party/FreeRTOS/Source/portable/GCC/ARM_CM4F/portmacro.h **** /*-----------------------------------------------------------*/
 206:Middlewares/Third_Party/FreeRTOS/Source/portable/GCC/ARM_CM4F/portmacro.h **** 
 207:Middlewares/Third_Party/FreeRTOS/Source/portable/GCC/ARM_CM4F/portmacro.h **** portFORCE_INLINE static uint32_t ulPortRaiseBASEPRI( void )
 2235              		.loc 2 207 34 discriminator 8 view .LVU666
 2236              	.LBB163:
 208:Middlewares/Third_Party/FreeRTOS/Source/portable/GCC/ARM_CM4F/portmacro.h **** {
 209:Middlewares/Third_Party/FreeRTOS/Source/portable/GCC/ARM_CM4F/portmacro.h **** uint32_t ulOriginalBASEPRI, ulNewBASEPRI;
 2237              		.loc 2 209 1 discriminator 8 view .LVU667
 210:Middlewares/Third_Party/FreeRTOS/Source/portable/GCC/ARM_CM4F/portmacro.h **** 
 211:Middlewares/Third_Party/FreeRTOS/Source/portable/GCC/ARM_CM4F/portmacro.h **** 	__asm volatile
 2238              		.loc 2 211 2 discriminator 8 view .LVU668
 2239              		.syntax unified
 2240              	@ 211 "Middlewares/Third_Party/FreeRTOS/Source/portable/GCC/ARM_CM4F/portmacro.h" 1
 2241 005a EFF31188 			mrs r8, basepri											
 2242 005e 4FF05003 		mov r3, #80												
 2243 0062 83F31188 		msr basepri, r3											
 2244 0066 BFF36F8F 		isb														
 2245 006a BFF34F8F 		dsb														
 2246              	
 2247              	@ 0 "" 2
 2248              	.LVL189:
 212:Middlewares/Third_Party/FreeRTOS/Source/portable/GCC/ARM_CM4F/portmacro.h **** 	(
 213:Middlewares/Third_Party/FreeRTOS/Source/portable/GCC/ARM_CM4F/portmacro.h **** 		"	mrs %0, basepri											\n" \
 214:Middlewares/Third_Party/FreeRTOS/Source/portable/GCC/ARM_CM4F/portmacro.h **** 		"	mov %1, %2												\n"	\
 215:Middlewares/Third_Party/FreeRTOS/Source/portable/GCC/ARM_CM4F/portmacro.h **** 		"	msr basepri, %1											\n" \
 216:Middlewares/Third_Party/FreeRTOS/Source/portable/GCC/ARM_CM4F/portmacro.h **** 		"	isb														\n" \
 217:Middlewares/Third_Party/FreeRTOS/Source/portable/GCC/ARM_CM4F/portmacro.h **** 		"	dsb														\n" \
 218:Middlewares/Third_Party/FreeRTOS/Source/portable/GCC/ARM_CM4F/portmacro.h **** 		:"=r" (ulOriginalBASEPRI), "=r" (ulNewBASEPRI) : "i" ( configMAX_SYSCALL_INTERRUPT_PRIORITY ) : "
 219:Middlewares/Third_Party/FreeRTOS/Source/portable/GCC/ARM_CM4F/portmacro.h **** 	);
 220:Middlewares/Third_Party/FreeRTOS/Source/portable/GCC/ARM_CM4F/portmacro.h **** 
 221:Middlewares/Third_Party/FreeRTOS/Source/portable/GCC/ARM_CM4F/portmacro.h **** 	/* This return will not be reached but is necessary to prevent compiler
 222:Middlewares/Third_Party/FreeRTOS/Source/portable/GCC/ARM_CM4F/portmacro.h **** 	warnings. */
 223:Middlewares/Third_Party/FreeRTOS/Source/portable/GCC/ARM_CM4F/portmacro.h **** 	return ulOriginalBASEPRI;
 2249              		.loc 2 223 2 discriminator 8 view .LVU669
 2250              		.loc 2 223 2 is_stmt 0 discriminator 8 view .LVU670
 2251              		.thumb
 2252              		.syntax unified
 2253              	.LBE163:
 2254              	.LBE162:
 956:Middlewares/Third_Party/FreeRTOS/Source/queue.c **** 		{
 2255              		.loc 1 956 3 is_stmt 1 discriminator 8 view .LVU671
 956:Middlewares/Third_Party/FreeRTOS/Source/queue.c **** 		{
 2256              		.loc 1 956 16 is_stmt 0 discriminator 8 view .LVU672
 2257 006e AA6B     		ldr	r2, [r5, #56]
 956:Middlewares/Third_Party/FreeRTOS/Source/queue.c **** 		{
 2258              		.loc 1 956 45 discriminator 8 view .LVU673
ARM GAS  C:\Users\31005\AppData\Local\Temp\ccp6mIRg.s 			page 95


 2259 0070 EB6B     		ldr	r3, [r5, #60]
 956:Middlewares/Third_Party/FreeRTOS/Source/queue.c **** 		{
 2260              		.loc 1 956 5 discriminator 8 view .LVU674
 2261 0072 9A42     		cmp	r2, r3
 2262 0074 06D3     		bcc	.L160
 956:Middlewares/Third_Party/FreeRTOS/Source/queue.c **** 		{
 2263              		.loc 1 956 58 discriminator 1 view .LVU675
 2264 0076 022C     		cmp	r4, #2
 2265 0078 04D0     		beq	.L160
1065:Middlewares/Third_Party/FreeRTOS/Source/queue.c **** 		}
 2266              		.loc 1 1065 12 view .LVU676
 2267 007a 0020     		movs	r0, #0
 2268              	.L161:
 2269              	.LVL190:
1068:Middlewares/Third_Party/FreeRTOS/Source/queue.c **** 
 2270              		.loc 1 1068 2 is_stmt 1 view .LVU677
 2271              	.LBB164:
 2272              	.LBI164:
 224:Middlewares/Third_Party/FreeRTOS/Source/portable/GCC/ARM_CM4F/portmacro.h **** }
 225:Middlewares/Third_Party/FreeRTOS/Source/portable/GCC/ARM_CM4F/portmacro.h **** /*-----------------------------------------------------------*/
 226:Middlewares/Third_Party/FreeRTOS/Source/portable/GCC/ARM_CM4F/portmacro.h **** 
 227:Middlewares/Third_Party/FreeRTOS/Source/portable/GCC/ARM_CM4F/portmacro.h **** portFORCE_INLINE static void vPortSetBASEPRI( uint32_t ulNewMaskValue )
 2273              		.loc 2 227 30 view .LVU678
 2274              	.LBB165:
 228:Middlewares/Third_Party/FreeRTOS/Source/portable/GCC/ARM_CM4F/portmacro.h **** {
 229:Middlewares/Third_Party/FreeRTOS/Source/portable/GCC/ARM_CM4F/portmacro.h **** 	__asm volatile
 2275              		.loc 2 229 2 view .LVU679
 2276              		.syntax unified
 2277              	@ 229 "Middlewares/Third_Party/FreeRTOS/Source/portable/GCC/ARM_CM4F/portmacro.h" 1
 2278 007c 88F31188 			msr basepri, r8	
 2279              	@ 0 "" 2
 2280              		.thumb
 2281              		.syntax unified
 2282              	.LBE165:
 2283              	.LBE164:
1070:Middlewares/Third_Party/FreeRTOS/Source/queue.c **** }
 2284              		.loc 1 1070 2 view .LVU680
1071:Middlewares/Third_Party/FreeRTOS/Source/queue.c **** /*-----------------------------------------------------------*/
 2285              		.loc 1 1071 1 is_stmt 0 view .LVU681
 2286 0080 BDE8F883 		pop	{r3, r4, r5, r6, r7, r8, r9, pc}
 2287              	.LVL191:
 2288              	.L160:
 2289              	.LBB166:
 958:Middlewares/Third_Party/FreeRTOS/Source/queue.c **** 
 2290              		.loc 1 958 4 is_stmt 1 view .LVU682
 958:Middlewares/Third_Party/FreeRTOS/Source/queue.c **** 
 2291              		.loc 1 958 17 is_stmt 0 view .LVU683
 2292 0084 95F84590 		ldrb	r9, [r5, #69]	@ zero_extendqisi2
 2293 0088 4FFA89F9 		sxtb	r9, r9
 2294              	.LVL192:
 960:Middlewares/Third_Party/FreeRTOS/Source/queue.c **** 
 2295              		.loc 1 960 39 is_stmt 1 view .LVU684
 967:Middlewares/Third_Party/FreeRTOS/Source/queue.c **** 
 2296              		.loc 1 967 4 view .LVU685
 967:Middlewares/Third_Party/FreeRTOS/Source/queue.c **** 
 2297              		.loc 1 967 13 is_stmt 0 view .LVU686
 2298 008c 2246     		mov	r2, r4
ARM GAS  C:\Users\31005\AppData\Local\Temp\ccp6mIRg.s 			page 96


 2299 008e 3946     		mov	r1, r7
 2300 0090 2846     		mov	r0, r5
 2301 0092 FFF7FEFF 		bl	prvCopyDataToQueue
 2302              	.LVL193:
 971:Middlewares/Third_Party/FreeRTOS/Source/queue.c **** 			{
 2303              		.loc 1 971 4 is_stmt 1 view .LVU687
 971:Middlewares/Third_Party/FreeRTOS/Source/queue.c **** 			{
 2304              		.loc 1 971 6 is_stmt 0 view .LVU688
 2305 0096 B9F1FF3F 		cmp	r9, #-1
 2306 009a 06D0     		beq	.L170
1057:Middlewares/Third_Party/FreeRTOS/Source/queue.c **** 			}
 2307              		.loc 1 1057 5 is_stmt 1 view .LVU689
1057:Middlewares/Third_Party/FreeRTOS/Source/queue.c **** 			}
 2308              		.loc 1 1057 45 is_stmt 0 view .LVU690
 2309 009c 09F10103 		add	r3, r9, #1
1057:Middlewares/Third_Party/FreeRTOS/Source/queue.c **** 			}
 2310              		.loc 1 1057 24 view .LVU691
 2311 00a0 5BB2     		sxtb	r3, r3
1057:Middlewares/Third_Party/FreeRTOS/Source/queue.c **** 			}
 2312              		.loc 1 1057 22 view .LVU692
 2313 00a2 85F84530 		strb	r3, [r5, #69]
1060:Middlewares/Third_Party/FreeRTOS/Source/queue.c **** 		}
 2314              		.loc 1 1060 12 view .LVU693
 2315 00a6 0120     		movs	r0, #1
 2316 00a8 E8E7     		b	.L161
 2317              	.L170:
1026:Middlewares/Third_Party/FreeRTOS/Source/queue.c **** 					{
 2318              		.loc 1 1026 6 is_stmt 1 view .LVU694
1026:Middlewares/Third_Party/FreeRTOS/Source/queue.c **** 					{
 2319              		.loc 1 1026 10 is_stmt 0 view .LVU695
 2320 00aa 6B6A     		ldr	r3, [r5, #36]
1026:Middlewares/Third_Party/FreeRTOS/Source/queue.c **** 					{
 2321              		.loc 1 1026 8 view .LVU696
 2322 00ac 0BB9     		cbnz	r3, .L171
1060:Middlewares/Third_Party/FreeRTOS/Source/queue.c **** 		}
 2323              		.loc 1 1060 12 view .LVU697
 2324 00ae 0120     		movs	r0, #1
 2325 00b0 E4E7     		b	.L161
 2326              	.L171:
1028:Middlewares/Third_Party/FreeRTOS/Source/queue.c **** 						{
 2327              		.loc 1 1028 7 is_stmt 1 view .LVU698
1028:Middlewares/Third_Party/FreeRTOS/Source/queue.c **** 						{
 2328              		.loc 1 1028 11 is_stmt 0 view .LVU699
 2329 00b2 05F12400 		add	r0, r5, #36
 2330 00b6 FFF7FEFF 		bl	xTaskRemoveFromEventList
 2331              	.LVL194:
1028:Middlewares/Third_Party/FreeRTOS/Source/queue.c **** 						{
 2332              		.loc 1 1028 9 view .LVU700
 2333 00ba 18B1     		cbz	r0, .L165
1032:Middlewares/Third_Party/FreeRTOS/Source/queue.c **** 							{
 2334              		.loc 1 1032 8 is_stmt 1 view .LVU701
1032:Middlewares/Third_Party/FreeRTOS/Source/queue.c **** 							{
 2335              		.loc 1 1032 10 is_stmt 0 view .LVU702
 2336 00bc 26B1     		cbz	r6, .L166
1034:Middlewares/Third_Party/FreeRTOS/Source/queue.c **** 							}
 2337              		.loc 1 1034 9 is_stmt 1 view .LVU703
1034:Middlewares/Third_Party/FreeRTOS/Source/queue.c **** 							}
ARM GAS  C:\Users\31005\AppData\Local\Temp\ccp6mIRg.s 			page 97


 2338              		.loc 1 1034 36 is_stmt 0 view .LVU704
 2339 00be 0120     		movs	r0, #1
 2340 00c0 3060     		str	r0, [r6]
 2341 00c2 DBE7     		b	.L161
 2342              	.L165:
1060:Middlewares/Third_Party/FreeRTOS/Source/queue.c **** 		}
 2343              		.loc 1 1060 12 view .LVU705
 2344 00c4 0120     		movs	r0, #1
 2345 00c6 D9E7     		b	.L161
 2346              	.L166:
 2347 00c8 0120     		movs	r0, #1
 2348 00ca D7E7     		b	.L161
 2349              	.LBE166:
 2350              		.cfi_endproc
 2351              	.LFE18:
 2353              		.section	.text.xQueueGiveFromISR,"ax",%progbits
 2354              		.align	1
 2355              		.global	xQueueGiveFromISR
 2356              		.syntax unified
 2357              		.thumb
 2358              		.thumb_func
 2360              	xQueueGiveFromISR:
 2361              	.LVL195:
 2362              	.LFB19:
1075:Middlewares/Third_Party/FreeRTOS/Source/queue.c **** BaseType_t xReturn;
 2363              		.loc 1 1075 1 is_stmt 1 view -0
 2364              		.cfi_startproc
 2365              		@ args = 0, pretend = 0, frame = 0
 2366              		@ frame_needed = 0, uses_anonymous_args = 0
1076:Middlewares/Third_Party/FreeRTOS/Source/queue.c **** UBaseType_t uxSavedInterruptStatus;
 2367              		.loc 1 1076 1 view .LVU707
1077:Middlewares/Third_Party/FreeRTOS/Source/queue.c **** Queue_t * const pxQueue = ( Queue_t * ) xQueue;
 2368              		.loc 1 1077 1 view .LVU708
1078:Middlewares/Third_Party/FreeRTOS/Source/queue.c **** 
 2369              		.loc 1 1078 1 view .LVU709
1086:Middlewares/Third_Party/FreeRTOS/Source/queue.c **** 
 2370              		.loc 1 1086 2 view .LVU710
 2371 0000 68B1     		cbz	r0, .L187
1075:Middlewares/Third_Party/FreeRTOS/Source/queue.c **** BaseType_t xReturn;
 2372              		.loc 1 1075 1 is_stmt 0 discriminator 2 view .LVU711
 2373 0002 70B5     		push	{r4, r5, r6, lr}
 2374              	.LCFI32:
 2375              		.cfi_def_cfa_offset 16
 2376              		.cfi_offset 4, -16
 2377              		.cfi_offset 5, -12
 2378              		.cfi_offset 6, -8
 2379              		.cfi_offset 14, -4
 2380 0004 0C46     		mov	r4, r1
 2381 0006 0546     		mov	r5, r0
1086:Middlewares/Third_Party/FreeRTOS/Source/queue.c **** 
 2382              		.loc 1 1086 25 is_stmt 1 discriminator 2 view .LVU712
1090:Middlewares/Third_Party/FreeRTOS/Source/queue.c **** 
 2383              		.loc 1 1090 2 discriminator 2 view .LVU713
 2384 0008 036C     		ldr	r3, [r0, #64]
 2385 000a 8BB1     		cbz	r3, .L175
1090:Middlewares/Third_Party/FreeRTOS/Source/queue.c **** 
 2386              		.loc 1 1090 2 view .LVU714
ARM GAS  C:\Users\31005\AppData\Local\Temp\ccp6mIRg.s 			page 98


 2387              	.LBB167:
 2388              	.LBI167:
 191:Middlewares/Third_Party/FreeRTOS/Source/portable/GCC/ARM_CM4F/portmacro.h **** {
 2389              		.loc 2 191 30 view .LVU715
 2390              	.LBB168:
 193:Middlewares/Third_Party/FreeRTOS/Source/portable/GCC/ARM_CM4F/portmacro.h **** 
 2391              		.loc 2 193 1 view .LVU716
 195:Middlewares/Third_Party/FreeRTOS/Source/portable/GCC/ARM_CM4F/portmacro.h **** 	(
 2392              		.loc 2 195 2 view .LVU717
 2393              		.syntax unified
 2394              	@ 195 "Middlewares/Third_Party/FreeRTOS/Source/portable/GCC/ARM_CM4F/portmacro.h" 1
 2395 000c 4FF05003 			mov r3, #80												
 2396 0010 83F31188 		msr basepri, r3											
 2397 0014 BFF36F8F 		isb														
 2398 0018 BFF34F8F 		dsb														
 2399              	
 2400              	@ 0 "" 2
 2401              	.LVL196:
 2402              		.thumb
 2403              		.syntax unified
 2404              	.L176:
 195:Middlewares/Third_Party/FreeRTOS/Source/portable/GCC/ARM_CM4F/portmacro.h **** 	(
 2405              		.loc 2 195 2 is_stmt 0 view .LVU718
 2406              	.LBE168:
 2407              	.LBE167:
1090:Middlewares/Third_Party/FreeRTOS/Source/queue.c **** 
 2408              		.loc 1 1090 2 is_stmt 1 discriminator 2 view .LVU719
1090:Middlewares/Third_Party/FreeRTOS/Source/queue.c **** 
 2409              		.loc 1 1090 2 discriminator 2 view .LVU720
 2410 001c FEE7     		b	.L176
 2411              	.L187:
 2412              	.LCFI33:
 2413              		.cfi_def_cfa_offset 0
 2414              		.cfi_restore 4
 2415              		.cfi_restore 5
 2416              		.cfi_restore 6
 2417              		.cfi_restore 14
1086:Middlewares/Third_Party/FreeRTOS/Source/queue.c **** 
 2418              		.loc 1 1086 2 view .LVU721
 2419              	.LBB169:
 2420              	.LBI169:
 191:Middlewares/Third_Party/FreeRTOS/Source/portable/GCC/ARM_CM4F/portmacro.h **** {
 2421              		.loc 2 191 30 view .LVU722
 2422              	.LBB170:
 193:Middlewares/Third_Party/FreeRTOS/Source/portable/GCC/ARM_CM4F/portmacro.h **** 
 2423              		.loc 2 193 1 view .LVU723
 195:Middlewares/Third_Party/FreeRTOS/Source/portable/GCC/ARM_CM4F/portmacro.h **** 	(
 2424              		.loc 2 195 2 view .LVU724
 2425              		.syntax unified
 2426              	@ 195 "Middlewares/Third_Party/FreeRTOS/Source/portable/GCC/ARM_CM4F/portmacro.h" 1
 2427 001e 4FF05003 			mov r3, #80												
 2428 0022 83F31188 		msr basepri, r3											
 2429 0026 BFF36F8F 		isb														
 2430 002a BFF34F8F 		dsb														
 2431              	
 2432              	@ 0 "" 2
 2433              	.LVL197:
ARM GAS  C:\Users\31005\AppData\Local\Temp\ccp6mIRg.s 			page 99


 2434              		.thumb
 2435              		.syntax unified
 2436              	.L174:
 195:Middlewares/Third_Party/FreeRTOS/Source/portable/GCC/ARM_CM4F/portmacro.h **** 	(
 2437              		.loc 2 195 2 is_stmt 0 view .LVU725
 2438              	.LBE170:
 2439              	.LBE169:
1086:Middlewares/Third_Party/FreeRTOS/Source/queue.c **** 
 2440              		.loc 1 1086 2 is_stmt 1 discriminator 1 view .LVU726
1086:Middlewares/Third_Party/FreeRTOS/Source/queue.c **** 
 2441              		.loc 1 1086 2 discriminator 1 view .LVU727
 2442 002e FEE7     		b	.L174
 2443              	.L175:
 2444              	.LCFI34:
 2445              		.cfi_def_cfa_offset 16
 2446              		.cfi_offset 4, -16
 2447              		.cfi_offset 5, -12
 2448              		.cfi_offset 6, -8
 2449              		.cfi_offset 14, -4
1090:Middlewares/Third_Party/FreeRTOS/Source/queue.c **** 
 2450              		.loc 1 1090 42 discriminator 2 view .LVU728
1095:Middlewares/Third_Party/FreeRTOS/Source/queue.c **** 
 2451              		.loc 1 1095 2 discriminator 2 view .LVU729
 2452 0030 0368     		ldr	r3, [r0]
 2453 0032 EBB1     		cbz	r3, .L188
 2454              	.L177:
1095:Middlewares/Third_Party/FreeRTOS/Source/queue.c **** 
 2455              		.loc 1 1095 108 discriminator 8 view .LVU730
1111:Middlewares/Third_Party/FreeRTOS/Source/queue.c **** 
 2456              		.loc 1 1111 2 discriminator 8 view .LVU731
 2457 0034 FFF7FEFF 		bl	vPortValidateInterruptPriority
 2458              	.LVL198:
1113:Middlewares/Third_Party/FreeRTOS/Source/queue.c **** 	{
 2459              		.loc 1 1113 2 discriminator 8 view .LVU732
 2460              	.LBB171:
 2461              	.LBI171:
 207:Middlewares/Third_Party/FreeRTOS/Source/portable/GCC/ARM_CM4F/portmacro.h **** {
 2462              		.loc 2 207 34 discriminator 8 view .LVU733
 2463              	.LBB172:
 209:Middlewares/Third_Party/FreeRTOS/Source/portable/GCC/ARM_CM4F/portmacro.h **** 
 2464              		.loc 2 209 1 discriminator 8 view .LVU734
 211:Middlewares/Third_Party/FreeRTOS/Source/portable/GCC/ARM_CM4F/portmacro.h **** 	(
 2465              		.loc 2 211 2 discriminator 8 view .LVU735
 2466              		.syntax unified
 2467              	@ 211 "Middlewares/Third_Party/FreeRTOS/Source/portable/GCC/ARM_CM4F/portmacro.h" 1
 2468 0038 EFF31186 			mrs r6, basepri											
 2469 003c 4FF05003 		mov r3, #80												
 2470 0040 83F31188 		msr basepri, r3											
 2471 0044 BFF36F8F 		isb														
 2472 0048 BFF34F8F 		dsb														
 2473              	
 2474              	@ 0 "" 2
 2475              	.LVL199:
 223:Middlewares/Third_Party/FreeRTOS/Source/portable/GCC/ARM_CM4F/portmacro.h **** }
 2476              		.loc 2 223 2 discriminator 8 view .LVU736
 223:Middlewares/Third_Party/FreeRTOS/Source/portable/GCC/ARM_CM4F/portmacro.h **** }
 2477              		.loc 2 223 2 is_stmt 0 discriminator 8 view .LVU737
ARM GAS  C:\Users\31005\AppData\Local\Temp\ccp6mIRg.s 			page 100


 2478              		.thumb
 2479              		.syntax unified
 2480              	.LBE172:
 2481              	.LBE171:
 2482              	.LBB173:
1115:Middlewares/Third_Party/FreeRTOS/Source/queue.c **** 
 2483              		.loc 1 1115 3 is_stmt 1 discriminator 8 view .LVU738
1115:Middlewares/Third_Party/FreeRTOS/Source/queue.c **** 
 2484              		.loc 1 1115 21 is_stmt 0 discriminator 8 view .LVU739
 2485 004c AA6B     		ldr	r2, [r5, #56]
 2486              	.LVL200:
1120:Middlewares/Third_Party/FreeRTOS/Source/queue.c **** 		{
 2487              		.loc 1 1120 3 is_stmt 1 discriminator 8 view .LVU740
1120:Middlewares/Third_Party/FreeRTOS/Source/queue.c **** 		{
 2488              		.loc 1 1120 34 is_stmt 0 discriminator 8 view .LVU741
 2489 004e EB6B     		ldr	r3, [r5, #60]
1120:Middlewares/Third_Party/FreeRTOS/Source/queue.c **** 		{
 2490              		.loc 1 1120 5 discriminator 8 view .LVU742
 2491 0050 9342     		cmp	r3, r2
 2492 0052 26D9     		bls	.L181
 2493              	.LBB174:
1122:Middlewares/Third_Party/FreeRTOS/Source/queue.c **** 
 2494              		.loc 1 1122 4 is_stmt 1 view .LVU743
1122:Middlewares/Third_Party/FreeRTOS/Source/queue.c **** 
 2495              		.loc 1 1122 17 is_stmt 0 view .LVU744
 2496 0054 95F84530 		ldrb	r3, [r5, #69]	@ zero_extendqisi2
 2497 0058 5BB2     		sxtb	r3, r3
 2498              	.LVL201:
1124:Middlewares/Third_Party/FreeRTOS/Source/queue.c **** 
 2499              		.loc 1 1124 39 is_stmt 1 view .LVU745
1132:Middlewares/Third_Party/FreeRTOS/Source/queue.c **** 
 2500              		.loc 1 1132 4 view .LVU746
1132:Middlewares/Third_Party/FreeRTOS/Source/queue.c **** 
 2501              		.loc 1 1132 51 is_stmt 0 view .LVU747
 2502 005a 0132     		adds	r2, r2, #1
 2503              	.LVL202:
1132:Middlewares/Third_Party/FreeRTOS/Source/queue.c **** 
 2504              		.loc 1 1132 31 view .LVU748
 2505 005c AA63     		str	r2, [r5, #56]
1136:Middlewares/Third_Party/FreeRTOS/Source/queue.c **** 			{
 2506              		.loc 1 1136 4 is_stmt 1 view .LVU749
1136:Middlewares/Third_Party/FreeRTOS/Source/queue.c **** 			{
 2507              		.loc 1 1136 6 is_stmt 0 view .LVU750
 2508 005e B3F1FF3F 		cmp	r3, #-1
 2509 0062 11D0     		beq	.L189
1222:Middlewares/Third_Party/FreeRTOS/Source/queue.c **** 			}
 2510              		.loc 1 1222 5 is_stmt 1 view .LVU751
1222:Middlewares/Third_Party/FreeRTOS/Source/queue.c **** 			}
 2511              		.loc 1 1222 45 is_stmt 0 view .LVU752
 2512 0064 0133     		adds	r3, r3, #1
 2513              	.LVL203:
1222:Middlewares/Third_Party/FreeRTOS/Source/queue.c **** 			}
 2514              		.loc 1 1222 24 view .LVU753
 2515 0066 5BB2     		sxtb	r3, r3
 2516              	.LVL204:
1222:Middlewares/Third_Party/FreeRTOS/Source/queue.c **** 			}
 2517              		.loc 1 1222 22 view .LVU754
ARM GAS  C:\Users\31005\AppData\Local\Temp\ccp6mIRg.s 			page 101


 2518 0068 85F84530 		strb	r3, [r5, #69]
1225:Middlewares/Third_Party/FreeRTOS/Source/queue.c **** 		}
 2519              		.loc 1 1225 12 view .LVU755
 2520 006c 0120     		movs	r0, #1
 2521 006e 19E0     		b	.L179
 2522              	.LVL205:
 2523              	.L188:
1225:Middlewares/Third_Party/FreeRTOS/Source/queue.c **** 		}
 2524              		.loc 1 1225 12 view .LVU756
 2525              	.LBE174:
 2526              	.LBE173:
1095:Middlewares/Third_Party/FreeRTOS/Source/queue.c **** 
 2527              		.loc 1 1095 2 discriminator 2 view .LVU757
 2528 0070 4368     		ldr	r3, [r0, #4]
 2529 0072 002B     		cmp	r3, #0
 2530 0074 DED0     		beq	.L177
1095:Middlewares/Third_Party/FreeRTOS/Source/queue.c **** 
 2531              		.loc 1 1095 2 is_stmt 1 view .LVU758
 2532              	.LBB177:
 2533              	.LBI177:
 191:Middlewares/Third_Party/FreeRTOS/Source/portable/GCC/ARM_CM4F/portmacro.h **** {
 2534              		.loc 2 191 30 view .LVU759
 2535              	.LBB178:
 193:Middlewares/Third_Party/FreeRTOS/Source/portable/GCC/ARM_CM4F/portmacro.h **** 
 2536              		.loc 2 193 1 view .LVU760
 195:Middlewares/Third_Party/FreeRTOS/Source/portable/GCC/ARM_CM4F/portmacro.h **** 	(
 2537              		.loc 2 195 2 view .LVU761
 2538              		.syntax unified
 2539              	@ 195 "Middlewares/Third_Party/FreeRTOS/Source/portable/GCC/ARM_CM4F/portmacro.h" 1
 2540 0076 4FF05003 			mov r3, #80												
 2541 007a 83F31188 		msr basepri, r3											
 2542 007e BFF36F8F 		isb														
 2543 0082 BFF34F8F 		dsb														
 2544              	
 2545              	@ 0 "" 2
 2546              	.LVL206:
 2547              		.thumb
 2548              		.syntax unified
 2549              	.L178:
 195:Middlewares/Third_Party/FreeRTOS/Source/portable/GCC/ARM_CM4F/portmacro.h **** 	(
 2550              		.loc 2 195 2 is_stmt 0 view .LVU762
 2551              	.LBE178:
 2552              	.LBE177:
1095:Middlewares/Third_Party/FreeRTOS/Source/queue.c **** 
 2553              		.loc 1 1095 2 is_stmt 1 discriminator 3 view .LVU763
1095:Middlewares/Third_Party/FreeRTOS/Source/queue.c **** 
 2554              		.loc 1 1095 2 discriminator 3 view .LVU764
 2555 0086 FEE7     		b	.L178
 2556              	.LVL207:
 2557              	.L189:
 2558              	.LBB179:
 2559              	.LBB175:
1191:Middlewares/Third_Party/FreeRTOS/Source/queue.c **** 					{
 2560              		.loc 1 1191 6 view .LVU765
1191:Middlewares/Third_Party/FreeRTOS/Source/queue.c **** 					{
 2561              		.loc 1 1191 10 is_stmt 0 view .LVU766
 2562 0088 6B6A     		ldr	r3, [r5, #36]
ARM GAS  C:\Users\31005\AppData\Local\Temp\ccp6mIRg.s 			page 102


 2563              	.LVL208:
1191:Middlewares/Third_Party/FreeRTOS/Source/queue.c **** 					{
 2564              		.loc 1 1191 8 view .LVU767
 2565 008a 0BB9     		cbnz	r3, .L190
1225:Middlewares/Third_Party/FreeRTOS/Source/queue.c **** 		}
 2566              		.loc 1 1225 12 view .LVU768
 2567 008c 0120     		movs	r0, #1
 2568 008e 09E0     		b	.L179
 2569              	.L190:
1193:Middlewares/Third_Party/FreeRTOS/Source/queue.c **** 						{
 2570              		.loc 1 1193 7 is_stmt 1 view .LVU769
1193:Middlewares/Third_Party/FreeRTOS/Source/queue.c **** 						{
 2571              		.loc 1 1193 11 is_stmt 0 view .LVU770
 2572 0090 05F12400 		add	r0, r5, #36
 2573 0094 FFF7FEFF 		bl	xTaskRemoveFromEventList
 2574              	.LVL209:
1193:Middlewares/Third_Party/FreeRTOS/Source/queue.c **** 						{
 2575              		.loc 1 1193 9 view .LVU771
 2576 0098 38B1     		cbz	r0, .L183
1197:Middlewares/Third_Party/FreeRTOS/Source/queue.c **** 							{
 2577              		.loc 1 1197 8 is_stmt 1 view .LVU772
1197:Middlewares/Third_Party/FreeRTOS/Source/queue.c **** 							{
 2578              		.loc 1 1197 10 is_stmt 0 view .LVU773
 2579 009a 44B1     		cbz	r4, .L184
1199:Middlewares/Third_Party/FreeRTOS/Source/queue.c **** 							}
 2580              		.loc 1 1199 9 is_stmt 1 view .LVU774
1199:Middlewares/Third_Party/FreeRTOS/Source/queue.c **** 							}
 2581              		.loc 1 1199 36 is_stmt 0 view .LVU775
 2582 009c 0120     		movs	r0, #1
 2583 009e 2060     		str	r0, [r4]
 2584 00a0 00E0     		b	.L179
 2585              	.LVL210:
 2586              	.L181:
1199:Middlewares/Third_Party/FreeRTOS/Source/queue.c **** 							}
 2587              		.loc 1 1199 36 view .LVU776
 2588              	.LBE175:
1230:Middlewares/Third_Party/FreeRTOS/Source/queue.c **** 		}
 2589              		.loc 1 1230 12 view .LVU777
 2590 00a2 0020     		movs	r0, #0
 2591              	.LVL211:
 2592              	.L179:
1230:Middlewares/Third_Party/FreeRTOS/Source/queue.c **** 		}
 2593              		.loc 1 1230 12 view .LVU778
 2594              	.LBE179:
1233:Middlewares/Third_Party/FreeRTOS/Source/queue.c **** 
 2595              		.loc 1 1233 2 is_stmt 1 view .LVU779
 2596              	.LBB180:
 2597              	.LBI180:
 227:Middlewares/Third_Party/FreeRTOS/Source/portable/GCC/ARM_CM4F/portmacro.h **** {
 2598              		.loc 2 227 30 view .LVU780
 2599              	.LBB181:
 2600              		.loc 2 229 2 view .LVU781
 2601              		.syntax unified
 2602              	@ 229 "Middlewares/Third_Party/FreeRTOS/Source/portable/GCC/ARM_CM4F/portmacro.h" 1
 2603 00a4 86F31188 			msr basepri, r6	
 2604              	@ 0 "" 2
 2605              		.thumb
ARM GAS  C:\Users\31005\AppData\Local\Temp\ccp6mIRg.s 			page 103


 2606              		.syntax unified
 2607              	.LBE181:
 2608              	.LBE180:
1235:Middlewares/Third_Party/FreeRTOS/Source/queue.c **** }
 2609              		.loc 1 1235 2 view .LVU782
1236:Middlewares/Third_Party/FreeRTOS/Source/queue.c **** /*-----------------------------------------------------------*/
 2610              		.loc 1 1236 1 is_stmt 0 view .LVU783
 2611 00a8 70BD     		pop	{r4, r5, r6, pc}
 2612              	.LVL212:
 2613              	.L183:
 2614              	.LBB182:
 2615              	.LBB176:
1225:Middlewares/Third_Party/FreeRTOS/Source/queue.c **** 		}
 2616              		.loc 1 1225 12 view .LVU784
 2617 00aa 0120     		movs	r0, #1
 2618 00ac FAE7     		b	.L179
 2619              	.L184:
 2620 00ae 0120     		movs	r0, #1
 2621 00b0 F8E7     		b	.L179
 2622              	.LBE176:
 2623              	.LBE182:
 2624              		.cfi_endproc
 2625              	.LFE19:
 2627              		.section	.text.xQueueReceive,"ax",%progbits
 2628              		.align	1
 2629              		.global	xQueueReceive
 2630              		.syntax unified
 2631              		.thumb
 2632              		.thumb_func
 2634              	xQueueReceive:
 2635              	.LVL213:
 2636              	.LFB20:
1240:Middlewares/Third_Party/FreeRTOS/Source/queue.c **** BaseType_t xEntryTimeSet = pdFALSE;
 2637              		.loc 1 1240 1 is_stmt 1 view -0
 2638              		.cfi_startproc
 2639              		@ args = 0, pretend = 0, frame = 16
 2640              		@ frame_needed = 0, uses_anonymous_args = 0
1240:Middlewares/Third_Party/FreeRTOS/Source/queue.c **** BaseType_t xEntryTimeSet = pdFALSE;
 2641              		.loc 1 1240 1 is_stmt 0 view .LVU786
 2642 0000 F0B5     		push	{r4, r5, r6, r7, lr}
 2643              	.LCFI35:
 2644              		.cfi_def_cfa_offset 20
 2645              		.cfi_offset 4, -20
 2646              		.cfi_offset 5, -16
 2647              		.cfi_offset 6, -12
 2648              		.cfi_offset 7, -8
 2649              		.cfi_offset 14, -4
 2650 0002 85B0     		sub	sp, sp, #20
 2651              	.LCFI36:
 2652              		.cfi_def_cfa_offset 40
 2653 0004 0192     		str	r2, [sp, #4]
1241:Middlewares/Third_Party/FreeRTOS/Source/queue.c **** TimeOut_t xTimeOut;
 2654              		.loc 1 1241 1 is_stmt 1 view .LVU787
 2655              	.LVL214:
1242:Middlewares/Third_Party/FreeRTOS/Source/queue.c **** Queue_t * const pxQueue = ( Queue_t * ) xQueue;
 2656              		.loc 1 1242 1 view .LVU788
1243:Middlewares/Third_Party/FreeRTOS/Source/queue.c **** 
ARM GAS  C:\Users\31005\AppData\Local\Temp\ccp6mIRg.s 			page 104


 2657              		.loc 1 1243 1 view .LVU789
1246:Middlewares/Third_Party/FreeRTOS/Source/queue.c **** 
 2658              		.loc 1 1246 2 view .LVU790
 2659 0006 90B1     		cbz	r0, .L211
 2660 0008 0F46     		mov	r7, r1
 2661 000a 0446     		mov	r4, r0
1246:Middlewares/Third_Party/FreeRTOS/Source/queue.c **** 
 2662              		.loc 1 1246 29 discriminator 2 view .LVU791
1250:Middlewares/Third_Party/FreeRTOS/Source/queue.c **** 
 2663              		.loc 1 1250 2 discriminator 2 view .LVU792
 2664 000c C1B1     		cbz	r1, .L212
 2665              	.L194:
1250:Middlewares/Third_Party/FreeRTOS/Source/queue.c **** 
 2666              		.loc 1 1250 100 discriminator 8 view .LVU793
1255:Middlewares/Third_Party/FreeRTOS/Source/queue.c **** 	}
 2667              		.loc 1 1255 3 discriminator 8 view .LVU794
 2668 000e FFF7FEFF 		bl	xTaskGetSchedulerState
 2669              	.LVL215:
1255:Middlewares/Third_Party/FreeRTOS/Source/queue.c **** 	}
 2670              		.loc 1 1255 3 is_stmt 0 discriminator 8 view .LVU795
 2671 0012 0646     		mov	r6, r0
 2672 0014 00BB     		cbnz	r0, .L209
1255:Middlewares/Third_Party/FreeRTOS/Source/queue.c **** 	}
 2673              		.loc 1 1255 3 discriminator 2 view .LVU796
 2674 0016 019B     		ldr	r3, [sp, #4]
 2675 0018 002B     		cmp	r3, #0
 2676 001a 5ED0     		beq	.L198
1255:Middlewares/Third_Party/FreeRTOS/Source/queue.c **** 	}
 2677              		.loc 1 1255 3 is_stmt 1 view .LVU797
 2678              	.LBB183:
 2679              	.LBI183:
 191:Middlewares/Third_Party/FreeRTOS/Source/portable/GCC/ARM_CM4F/portmacro.h **** {
 2680              		.loc 2 191 30 view .LVU798
 2681              	.LBB184:
 193:Middlewares/Third_Party/FreeRTOS/Source/portable/GCC/ARM_CM4F/portmacro.h **** 
 2682              		.loc 2 193 1 view .LVU799
 195:Middlewares/Third_Party/FreeRTOS/Source/portable/GCC/ARM_CM4F/portmacro.h **** 	(
 2683              		.loc 2 195 2 view .LVU800
 2684              		.syntax unified
 2685              	@ 195 "Middlewares/Third_Party/FreeRTOS/Source/portable/GCC/ARM_CM4F/portmacro.h" 1
 2686 001c 4FF05003 			mov r3, #80												
 2687 0020 83F31188 		msr basepri, r3											
 2688 0024 BFF36F8F 		isb														
 2689 0028 BFF34F8F 		dsb														
 2690              	
 2691              	@ 0 "" 2
 2692              	.LVL216:
 2693              		.thumb
 2694              		.syntax unified
 2695              	.L197:
 195:Middlewares/Third_Party/FreeRTOS/Source/portable/GCC/ARM_CM4F/portmacro.h **** 	(
 2696              		.loc 2 195 2 is_stmt 0 view .LVU801
 2697              	.LBE184:
 2698              	.LBE183:
1255:Middlewares/Third_Party/FreeRTOS/Source/queue.c **** 	}
 2699              		.loc 1 1255 3 is_stmt 1 discriminator 3 view .LVU802
1255:Middlewares/Third_Party/FreeRTOS/Source/queue.c **** 	}
ARM GAS  C:\Users\31005\AppData\Local\Temp\ccp6mIRg.s 			page 105


 2700              		.loc 1 1255 3 discriminator 3 view .LVU803
 2701 002c FEE7     		b	.L197
 2702              	.LVL217:
 2703              	.L211:
1246:Middlewares/Third_Party/FreeRTOS/Source/queue.c **** 
 2704              		.loc 1 1246 2 view .LVU804
 2705              	.LBB185:
 2706              	.LBI185:
 191:Middlewares/Third_Party/FreeRTOS/Source/portable/GCC/ARM_CM4F/portmacro.h **** {
 2707              		.loc 2 191 30 view .LVU805
 2708              	.LBB186:
 193:Middlewares/Third_Party/FreeRTOS/Source/portable/GCC/ARM_CM4F/portmacro.h **** 
 2709              		.loc 2 193 1 view .LVU806
 195:Middlewares/Third_Party/FreeRTOS/Source/portable/GCC/ARM_CM4F/portmacro.h **** 	(
 2710              		.loc 2 195 2 view .LVU807
 2711              		.syntax unified
 2712              	@ 195 "Middlewares/Third_Party/FreeRTOS/Source/portable/GCC/ARM_CM4F/portmacro.h" 1
 2713 002e 4FF05003 			mov r3, #80												
 2714 0032 83F31188 		msr basepri, r3											
 2715 0036 BFF36F8F 		isb														
 2716 003a BFF34F8F 		dsb														
 2717              	
 2718              	@ 0 "" 2
 2719              	.LVL218:
 2720              		.thumb
 2721              		.syntax unified
 2722              	.L193:
 195:Middlewares/Third_Party/FreeRTOS/Source/portable/GCC/ARM_CM4F/portmacro.h **** 	(
 2723              		.loc 2 195 2 is_stmt 0 view .LVU808
 2724              	.LBE186:
 2725              	.LBE185:
1246:Middlewares/Third_Party/FreeRTOS/Source/queue.c **** 
 2726              		.loc 1 1246 2 is_stmt 1 discriminator 1 view .LVU809
1246:Middlewares/Third_Party/FreeRTOS/Source/queue.c **** 
 2727              		.loc 1 1246 2 discriminator 1 view .LVU810
 2728 003e FEE7     		b	.L193
 2729              	.L212:
1250:Middlewares/Third_Party/FreeRTOS/Source/queue.c **** 
 2730              		.loc 1 1250 2 is_stmt 0 discriminator 2 view .LVU811
 2731 0040 036C     		ldr	r3, [r0, #64]
 2732 0042 002B     		cmp	r3, #0
 2733 0044 E3D0     		beq	.L194
1250:Middlewares/Third_Party/FreeRTOS/Source/queue.c **** 
 2734              		.loc 1 1250 2 is_stmt 1 view .LVU812
 2735              	.LBB187:
 2736              	.LBI187:
 191:Middlewares/Third_Party/FreeRTOS/Source/portable/GCC/ARM_CM4F/portmacro.h **** {
 2737              		.loc 2 191 30 view .LVU813
 2738              	.LBB188:
 193:Middlewares/Third_Party/FreeRTOS/Source/portable/GCC/ARM_CM4F/portmacro.h **** 
 2739              		.loc 2 193 1 view .LVU814
 195:Middlewares/Third_Party/FreeRTOS/Source/portable/GCC/ARM_CM4F/portmacro.h **** 	(
 2740              		.loc 2 195 2 view .LVU815
 2741              		.syntax unified
 2742              	@ 195 "Middlewares/Third_Party/FreeRTOS/Source/portable/GCC/ARM_CM4F/portmacro.h" 1
 2743 0046 4FF05003 			mov r3, #80												
 2744 004a 83F31188 		msr basepri, r3											
ARM GAS  C:\Users\31005\AppData\Local\Temp\ccp6mIRg.s 			page 106


 2745 004e BFF36F8F 		isb														
 2746 0052 BFF34F8F 		dsb														
 2747              	
 2748              	@ 0 "" 2
 2749              	.LVL219:
 2750              		.thumb
 2751              		.syntax unified
 2752              	.L195:
 195:Middlewares/Third_Party/FreeRTOS/Source/portable/GCC/ARM_CM4F/portmacro.h **** 	(
 2753              		.loc 2 195 2 is_stmt 0 view .LVU816
 2754              	.LBE188:
 2755              	.LBE187:
1250:Middlewares/Third_Party/FreeRTOS/Source/queue.c **** 
 2756              		.loc 1 1250 2 is_stmt 1 discriminator 2 view .LVU817
1250:Middlewares/Third_Party/FreeRTOS/Source/queue.c **** 
 2757              		.loc 1 1250 2 discriminator 2 view .LVU818
 2758 0056 FEE7     		b	.L195
 2759              	.LVL220:
 2760              	.L209:
1250:Middlewares/Third_Party/FreeRTOS/Source/queue.c **** 
 2761              		.loc 1 1250 2 is_stmt 0 discriminator 2 view .LVU819
 2762 0058 0026     		movs	r6, #0
 2763 005a 3EE0     		b	.L198
 2764              	.LVL221:
 2765              	.L215:
 2766              	.LBB189:
1274:Middlewares/Third_Party/FreeRTOS/Source/queue.c **** 				traceQUEUE_RECEIVE( pxQueue );
 2767              		.loc 1 1274 5 is_stmt 1 view .LVU820
 2768 005c 3946     		mov	r1, r7
 2769 005e 2046     		mov	r0, r4
 2770 0060 FFF7FEFF 		bl	prvCopyDataFromQueue
 2771              	.LVL222:
1275:Middlewares/Third_Party/FreeRTOS/Source/queue.c **** 				pxQueue->uxMessagesWaiting = uxMessagesWaiting - ( UBaseType_t ) 1;
 2772              		.loc 1 1275 34 view .LVU821
1276:Middlewares/Third_Party/FreeRTOS/Source/queue.c **** 
 2773              		.loc 1 1276 5 view .LVU822
1276:Middlewares/Third_Party/FreeRTOS/Source/queue.c **** 
 2774              		.loc 1 1276 52 is_stmt 0 view .LVU823
 2775 0064 013D     		subs	r5, r5, #1
 2776              	.LVL223:
1276:Middlewares/Third_Party/FreeRTOS/Source/queue.c **** 
 2777              		.loc 1 1276 32 view .LVU824
 2778 0066 A563     		str	r5, [r4, #56]
1281:Middlewares/Third_Party/FreeRTOS/Source/queue.c **** 				{
 2779              		.loc 1 1281 5 is_stmt 1 view .LVU825
1281:Middlewares/Third_Party/FreeRTOS/Source/queue.c **** 				{
 2780              		.loc 1 1281 9 is_stmt 0 view .LVU826
 2781 0068 2369     		ldr	r3, [r4, #16]
1281:Middlewares/Third_Party/FreeRTOS/Source/queue.c **** 				{
 2782              		.loc 1 1281 7 view .LVU827
 2783 006a 23B9     		cbnz	r3, .L213
 2784              	.L200:
1294:Middlewares/Third_Party/FreeRTOS/Source/queue.c **** 				}
 2785              		.loc 1 1294 30 is_stmt 1 view .LVU828
1297:Middlewares/Third_Party/FreeRTOS/Source/queue.c **** 				return pdPASS;
 2786              		.loc 1 1297 5 view .LVU829
 2787 006c FFF7FEFF 		bl	vPortExitCritical
ARM GAS  C:\Users\31005\AppData\Local\Temp\ccp6mIRg.s 			page 107


 2788              	.LVL224:
1298:Middlewares/Third_Party/FreeRTOS/Source/queue.c **** 			}
 2789              		.loc 1 1298 5 view .LVU830
1298:Middlewares/Third_Party/FreeRTOS/Source/queue.c **** 			}
 2790              		.loc 1 1298 12 is_stmt 0 view .LVU831
 2791 0070 0120     		movs	r0, #1
 2792              	.LVL225:
 2793              	.L191:
1298:Middlewares/Third_Party/FreeRTOS/Source/queue.c **** 			}
 2794              		.loc 1 1298 12 view .LVU832
 2795              	.LBE189:
1377:Middlewares/Third_Party/FreeRTOS/Source/queue.c **** /*-----------------------------------------------------------*/
 2796              		.loc 1 1377 1 view .LVU833
 2797 0072 05B0     		add	sp, sp, #20
 2798              	.LCFI37:
 2799              		.cfi_remember_state
 2800              		.cfi_def_cfa_offset 20
 2801              		@ sp needed
 2802 0074 F0BD     		pop	{r4, r5, r6, r7, pc}
 2803              	.LVL226:
 2804              	.L213:
 2805              	.LCFI38:
 2806              		.cfi_restore_state
 2807              	.LBB190:
1283:Middlewares/Third_Party/FreeRTOS/Source/queue.c **** 					{
 2808              		.loc 1 1283 6 is_stmt 1 view .LVU834
1283:Middlewares/Third_Party/FreeRTOS/Source/queue.c **** 					{
 2809              		.loc 1 1283 10 is_stmt 0 view .LVU835
 2810 0076 04F11000 		add	r0, r4, #16
 2811 007a FFF7FEFF 		bl	xTaskRemoveFromEventList
 2812              	.LVL227:
1283:Middlewares/Third_Party/FreeRTOS/Source/queue.c **** 					{
 2813              		.loc 1 1283 8 view .LVU836
 2814 007e 0028     		cmp	r0, #0
 2815 0080 F4D0     		beq	.L200
1285:Middlewares/Third_Party/FreeRTOS/Source/queue.c **** 					}
 2816              		.loc 1 1285 7 is_stmt 1 view .LVU837
 2817 0082 4FF0E023 		mov	r3, #-536813568
 2818 0086 4FF08052 		mov	r2, #268435456
 2819 008a C3F8042D 		str	r2, [r3, #3332]
1285:Middlewares/Third_Party/FreeRTOS/Source/queue.c **** 					}
 2820              		.loc 1 1285 7 view .LVU838
 2821              		.syntax unified
 2822              	@ 1285 "Middlewares/Third_Party/FreeRTOS/Source/queue.c" 1
 2823 008e BFF34F8F 		dsb
 2824              	@ 0 "" 2
1285:Middlewares/Third_Party/FreeRTOS/Source/queue.c **** 					}
 2825              		.loc 1 1285 7 view .LVU839
 2826              	@ 1285 "Middlewares/Third_Party/FreeRTOS/Source/queue.c" 1
 2827 0092 BFF36F8F 		isb
 2828              	@ 0 "" 2
1285:Middlewares/Third_Party/FreeRTOS/Source/queue.c **** 					}
 2829              		.loc 1 1285 39 view .LVU840
 2830              		.thumb
 2831              		.syntax unified
 2832 0096 E9E7     		b	.L200
 2833              	.LVL228:
ARM GAS  C:\Users\31005\AppData\Local\Temp\ccp6mIRg.s 			page 108


 2834              	.L216:
1306:Middlewares/Third_Party/FreeRTOS/Source/queue.c **** 					traceQUEUE_RECEIVE_FAILED( pxQueue );
 2835              		.loc 1 1306 6 view .LVU841
 2836 0098 FFF7FEFF 		bl	vPortExitCritical
 2837              	.LVL229:
1307:Middlewares/Third_Party/FreeRTOS/Source/queue.c **** 					return errQUEUE_EMPTY;
 2838              		.loc 1 1307 42 view .LVU842
1308:Middlewares/Third_Party/FreeRTOS/Source/queue.c **** 				}
 2839              		.loc 1 1308 6 view .LVU843
1308:Middlewares/Third_Party/FreeRTOS/Source/queue.c **** 				}
 2840              		.loc 1 1308 13 is_stmt 0 view .LVU844
 2841 009c 0020     		movs	r0, #0
 2842 009e E8E7     		b	.L191
 2843              	.L217:
1314:Middlewares/Third_Party/FreeRTOS/Source/queue.c **** 					xEntryTimeSet = pdTRUE;
 2844              		.loc 1 1314 6 is_stmt 1 view .LVU845
 2845 00a0 02A8     		add	r0, sp, #8
 2846 00a2 FFF7FEFF 		bl	vTaskInternalSetTimeOutState
 2847              	.LVL230:
1315:Middlewares/Third_Party/FreeRTOS/Source/queue.c **** 				}
 2848              		.loc 1 1315 6 view .LVU846
1315:Middlewares/Third_Party/FreeRTOS/Source/queue.c **** 				}
 2849              		.loc 1 1315 20 is_stmt 0 view .LVU847
 2850 00a6 0126     		movs	r6, #1
 2851 00a8 21E0     		b	.L203
 2852              	.LVL231:
 2853              	.L218:
1315:Middlewares/Third_Party/FreeRTOS/Source/queue.c **** 				}
 2854              		.loc 1 1315 20 view .LVU848
 2855              	.LBE190:
1330:Middlewares/Third_Party/FreeRTOS/Source/queue.c **** 
 2856              		.loc 1 1330 3 is_stmt 1 discriminator 1 view .LVU849
 2857 00aa 0023     		movs	r3, #0
 2858 00ac 84F84430 		strb	r3, [r4, #68]
 2859 00b0 29E0     		b	.L204
 2860              	.L219:
1330:Middlewares/Third_Party/FreeRTOS/Source/queue.c **** 
 2861              		.loc 1 1330 3 discriminator 4 view .LVU850
 2862 00b2 0023     		movs	r3, #0
 2863 00b4 84F84530 		strb	r3, [r4, #69]
 2864 00b8 2BE0     		b	.L205
 2865              	.L207:
1355:Middlewares/Third_Party/FreeRTOS/Source/queue.c **** 				( void ) xTaskResumeAll();
 2866              		.loc 1 1355 5 view .LVU851
 2867 00ba 2046     		mov	r0, r4
 2868 00bc FFF7FEFF 		bl	prvUnlockQueue
 2869              	.LVL232:
1356:Middlewares/Third_Party/FreeRTOS/Source/queue.c **** 			}
 2870              		.loc 1 1356 5 view .LVU852
1356:Middlewares/Third_Party/FreeRTOS/Source/queue.c **** 			}
 2871              		.loc 1 1356 14 is_stmt 0 view .LVU853
 2872 00c0 FFF7FEFF 		bl	xTaskResumeAll
 2873              	.LVL233:
 2874 00c4 09E0     		b	.L198
 2875              	.L206:
1363:Middlewares/Third_Party/FreeRTOS/Source/queue.c **** 			( void ) xTaskResumeAll();
 2876              		.loc 1 1363 4 is_stmt 1 view .LVU854
ARM GAS  C:\Users\31005\AppData\Local\Temp\ccp6mIRg.s 			page 109


 2877 00c6 2046     		mov	r0, r4
 2878 00c8 FFF7FEFF 		bl	prvUnlockQueue
 2879              	.LVL234:
1364:Middlewares/Third_Party/FreeRTOS/Source/queue.c **** 
 2880              		.loc 1 1364 4 view .LVU855
1364:Middlewares/Third_Party/FreeRTOS/Source/queue.c **** 
 2881              		.loc 1 1364 13 is_stmt 0 view .LVU856
 2882 00cc FFF7FEFF 		bl	xTaskResumeAll
 2883              	.LVL235:
1366:Middlewares/Third_Party/FreeRTOS/Source/queue.c **** 			{
 2884              		.loc 1 1366 4 is_stmt 1 view .LVU857
1366:Middlewares/Third_Party/FreeRTOS/Source/queue.c **** 			{
 2885              		.loc 1 1366 8 is_stmt 0 view .LVU858
 2886 00d0 2046     		mov	r0, r4
 2887 00d2 FFF7FEFF 		bl	prvIsQueueEmpty
 2888              	.LVL236:
1366:Middlewares/Third_Party/FreeRTOS/Source/queue.c **** 			{
 2889              		.loc 1 1366 6 view .LVU859
 2890 00d6 0028     		cmp	r0, #0
 2891 00d8 3FD1     		bne	.L214
 2892              	.LVL237:
 2893              	.L198:
1255:Middlewares/Third_Party/FreeRTOS/Source/queue.c **** 	}
 2894              		.loc 1 1255 104 is_stmt 1 discriminator 8 view .LVU860
1263:Middlewares/Third_Party/FreeRTOS/Source/queue.c **** 	{
 2895              		.loc 1 1263 2 discriminator 8 view .LVU861
1265:Middlewares/Third_Party/FreeRTOS/Source/queue.c **** 		{
 2896              		.loc 1 1265 3 discriminator 8 view .LVU862
 2897 00da FFF7FEFF 		bl	vPortEnterCritical
 2898              	.LVL238:
 2899              	.LBB191:
1267:Middlewares/Third_Party/FreeRTOS/Source/queue.c **** 
 2900              		.loc 1 1267 4 discriminator 8 view .LVU863
1267:Middlewares/Third_Party/FreeRTOS/Source/queue.c **** 
 2901              		.loc 1 1267 22 is_stmt 0 discriminator 8 view .LVU864
 2902 00de A56B     		ldr	r5, [r4, #56]
 2903              	.LVL239:
1271:Middlewares/Third_Party/FreeRTOS/Source/queue.c **** 			{
 2904              		.loc 1 1271 4 is_stmt 1 discriminator 8 view .LVU865
1271:Middlewares/Third_Party/FreeRTOS/Source/queue.c **** 			{
 2905              		.loc 1 1271 6 is_stmt 0 discriminator 8 view .LVU866
 2906 00e0 002D     		cmp	r5, #0
 2907 00e2 BBD1     		bne	.L215
1302:Middlewares/Third_Party/FreeRTOS/Source/queue.c **** 				{
 2908              		.loc 1 1302 5 is_stmt 1 view .LVU867
1302:Middlewares/Third_Party/FreeRTOS/Source/queue.c **** 				{
 2909              		.loc 1 1302 22 is_stmt 0 view .LVU868
 2910 00e4 019B     		ldr	r3, [sp, #4]
1302:Middlewares/Third_Party/FreeRTOS/Source/queue.c **** 				{
 2911              		.loc 1 1302 7 view .LVU869
 2912 00e6 002B     		cmp	r3, #0
 2913 00e8 D6D0     		beq	.L216
1310:Middlewares/Third_Party/FreeRTOS/Source/queue.c **** 				{
 2914              		.loc 1 1310 10 is_stmt 1 view .LVU870
1310:Middlewares/Third_Party/FreeRTOS/Source/queue.c **** 				{
 2915              		.loc 1 1310 12 is_stmt 0 view .LVU871
 2916 00ea 002E     		cmp	r6, #0
ARM GAS  C:\Users\31005\AppData\Local\Temp\ccp6mIRg.s 			page 110


 2917 00ec D8D0     		beq	.L217
 2918              	.LVL240:
 2919              	.L203:
1320:Middlewares/Third_Party/FreeRTOS/Source/queue.c **** 				}
 2920              		.loc 1 1320 30 is_stmt 1 view .LVU872
 2921              	.LBE191:
1324:Middlewares/Third_Party/FreeRTOS/Source/queue.c **** 
 2922              		.loc 1 1324 3 view .LVU873
 2923 00ee FFF7FEFF 		bl	vPortExitCritical
 2924              	.LVL241:
1329:Middlewares/Third_Party/FreeRTOS/Source/queue.c **** 		prvLockQueue( pxQueue );
 2925              		.loc 1 1329 3 view .LVU874
 2926 00f2 FFF7FEFF 		bl	vTaskSuspendAll
 2927              	.LVL242:
1330:Middlewares/Third_Party/FreeRTOS/Source/queue.c **** 
 2928              		.loc 1 1330 3 view .LVU875
 2929 00f6 FFF7FEFF 		bl	vPortEnterCritical
 2930              	.LVL243:
1330:Middlewares/Third_Party/FreeRTOS/Source/queue.c **** 
 2931              		.loc 1 1330 3 view .LVU876
 2932 00fa 94F84430 		ldrb	r3, [r4, #68]	@ zero_extendqisi2
 2933 00fe 5BB2     		sxtb	r3, r3
 2934 0100 B3F1FF3F 		cmp	r3, #-1
 2935 0104 D1D0     		beq	.L218
 2936              	.L204:
1330:Middlewares/Third_Party/FreeRTOS/Source/queue.c **** 
 2937              		.loc 1 1330 3 discriminator 3 view .LVU877
 2938 0106 94F84530 		ldrb	r3, [r4, #69]	@ zero_extendqisi2
 2939 010a 5BB2     		sxtb	r3, r3
 2940 010c B3F1FF3F 		cmp	r3, #-1
 2941 0110 CFD0     		beq	.L219
 2942              	.L205:
1330:Middlewares/Third_Party/FreeRTOS/Source/queue.c **** 
 2943              		.loc 1 1330 3 discriminator 6 view .LVU878
 2944 0112 FFF7FEFF 		bl	vPortExitCritical
 2945              	.LVL244:
1333:Middlewares/Third_Party/FreeRTOS/Source/queue.c **** 		{
 2946              		.loc 1 1333 3 discriminator 6 view .LVU879
1333:Middlewares/Third_Party/FreeRTOS/Source/queue.c **** 		{
 2947              		.loc 1 1333 7 is_stmt 0 discriminator 6 view .LVU880
 2948 0116 01A9     		add	r1, sp, #4
 2949 0118 02A8     		add	r0, sp, #8
 2950 011a FFF7FEFF 		bl	xTaskCheckForTimeOut
 2951              	.LVL245:
1333:Middlewares/Third_Party/FreeRTOS/Source/queue.c **** 		{
 2952              		.loc 1 1333 5 discriminator 6 view .LVU881
 2953 011e 0028     		cmp	r0, #0
 2954 0120 D1D1     		bne	.L206
1337:Middlewares/Third_Party/FreeRTOS/Source/queue.c **** 			{
 2955              		.loc 1 1337 4 is_stmt 1 view .LVU882
1337:Middlewares/Third_Party/FreeRTOS/Source/queue.c **** 			{
 2956              		.loc 1 1337 8 is_stmt 0 view .LVU883
 2957 0122 2046     		mov	r0, r4
 2958 0124 FFF7FEFF 		bl	prvIsQueueEmpty
 2959              	.LVL246:
1337:Middlewares/Third_Party/FreeRTOS/Source/queue.c **** 			{
 2960              		.loc 1 1337 6 view .LVU884
ARM GAS  C:\Users\31005\AppData\Local\Temp\ccp6mIRg.s 			page 111


 2961 0128 0028     		cmp	r0, #0
 2962 012a C6D0     		beq	.L207
1339:Middlewares/Third_Party/FreeRTOS/Source/queue.c **** 				vTaskPlaceOnEventList( &( pxQueue->xTasksWaitingToReceive ), xTicksToWait );
 2963              		.loc 1 1339 46 is_stmt 1 view .LVU885
1340:Middlewares/Third_Party/FreeRTOS/Source/queue.c **** 				prvUnlockQueue( pxQueue );
 2964              		.loc 1 1340 5 view .LVU886
 2965 012c 0199     		ldr	r1, [sp, #4]
 2966 012e 04F12400 		add	r0, r4, #36
 2967 0132 FFF7FEFF 		bl	vTaskPlaceOnEventList
 2968              	.LVL247:
1341:Middlewares/Third_Party/FreeRTOS/Source/queue.c **** 				if( xTaskResumeAll() == pdFALSE )
 2969              		.loc 1 1341 5 view .LVU887
 2970 0136 2046     		mov	r0, r4
 2971 0138 FFF7FEFF 		bl	prvUnlockQueue
 2972              	.LVL248:
1342:Middlewares/Third_Party/FreeRTOS/Source/queue.c **** 				{
 2973              		.loc 1 1342 5 view .LVU888
1342:Middlewares/Third_Party/FreeRTOS/Source/queue.c **** 				{
 2974              		.loc 1 1342 9 is_stmt 0 view .LVU889
 2975 013c FFF7FEFF 		bl	xTaskResumeAll
 2976              	.LVL249:
1342:Middlewares/Third_Party/FreeRTOS/Source/queue.c **** 				{
 2977              		.loc 1 1342 7 view .LVU890
 2978 0140 0028     		cmp	r0, #0
 2979 0142 CAD1     		bne	.L198
1344:Middlewares/Third_Party/FreeRTOS/Source/queue.c **** 				}
 2980              		.loc 1 1344 6 is_stmt 1 view .LVU891
 2981 0144 4FF0E023 		mov	r3, #-536813568
 2982 0148 4FF08052 		mov	r2, #268435456
 2983 014c C3F8042D 		str	r2, [r3, #3332]
1344:Middlewares/Third_Party/FreeRTOS/Source/queue.c **** 				}
 2984              		.loc 1 1344 6 view .LVU892
 2985              		.syntax unified
 2986              	@ 1344 "Middlewares/Third_Party/FreeRTOS/Source/queue.c" 1
 2987 0150 BFF34F8F 		dsb
 2988              	@ 0 "" 2
1344:Middlewares/Third_Party/FreeRTOS/Source/queue.c **** 				}
 2989              		.loc 1 1344 6 view .LVU893
 2990              	@ 1344 "Middlewares/Third_Party/FreeRTOS/Source/queue.c" 1
 2991 0154 BFF36F8F 		isb
 2992              	@ 0 "" 2
1344:Middlewares/Third_Party/FreeRTOS/Source/queue.c **** 				}
 2993              		.loc 1 1344 28 view .LVU894
 2994              		.thumb
 2995              		.syntax unified
 2996 0158 BFE7     		b	.L198
 2997              	.L214:
1369:Middlewares/Third_Party/FreeRTOS/Source/queue.c **** 			}
 2998              		.loc 1 1369 12 is_stmt 0 view .LVU895
 2999 015a 0020     		movs	r0, #0
 3000 015c 89E7     		b	.L191
 3001              		.cfi_endproc
 3002              	.LFE20:
 3004              		.section	.text.xQueueSemaphoreTake,"ax",%progbits
 3005              		.align	1
 3006              		.global	xQueueSemaphoreTake
 3007              		.syntax unified
ARM GAS  C:\Users\31005\AppData\Local\Temp\ccp6mIRg.s 			page 112


 3008              		.thumb
 3009              		.thumb_func
 3011              	xQueueSemaphoreTake:
 3012              	.LVL250:
 3013              	.LFB21:
1381:Middlewares/Third_Party/FreeRTOS/Source/queue.c **** BaseType_t xEntryTimeSet = pdFALSE;
 3014              		.loc 1 1381 1 is_stmt 1 view -0
 3015              		.cfi_startproc
 3016              		@ args = 0, pretend = 0, frame = 16
 3017              		@ frame_needed = 0, uses_anonymous_args = 0
1381:Middlewares/Third_Party/FreeRTOS/Source/queue.c **** BaseType_t xEntryTimeSet = pdFALSE;
 3018              		.loc 1 1381 1 is_stmt 0 view .LVU897
 3019 0000 70B5     		push	{r4, r5, r6, lr}
 3020              	.LCFI39:
 3021              		.cfi_def_cfa_offset 16
 3022              		.cfi_offset 4, -16
 3023              		.cfi_offset 5, -12
 3024              		.cfi_offset 6, -8
 3025              		.cfi_offset 14, -4
 3026 0002 84B0     		sub	sp, sp, #16
 3027              	.LCFI40:
 3028              		.cfi_def_cfa_offset 32
 3029 0004 0191     		str	r1, [sp, #4]
1382:Middlewares/Third_Party/FreeRTOS/Source/queue.c **** TimeOut_t xTimeOut;
 3030              		.loc 1 1382 1 is_stmt 1 view .LVU898
 3031              	.LVL251:
1383:Middlewares/Third_Party/FreeRTOS/Source/queue.c **** Queue_t * const pxQueue = ( Queue_t * ) xQueue;
 3032              		.loc 1 1383 1 view .LVU899
1384:Middlewares/Third_Party/FreeRTOS/Source/queue.c **** 
 3033              		.loc 1 1384 1 view .LVU900
1387:Middlewares/Third_Party/FreeRTOS/Source/queue.c **** #endif
 3034              		.loc 1 1387 2 view .LVU901
1391:Middlewares/Third_Party/FreeRTOS/Source/queue.c **** 
 3035              		.loc 1 1391 2 view .LVU902
 3036 0006 58B1     		cbz	r0, .L246
 3037 0008 0446     		mov	r4, r0
1391:Middlewares/Third_Party/FreeRTOS/Source/queue.c **** 
 3038              		.loc 1 1391 29 discriminator 2 view .LVU903
1395:Middlewares/Third_Party/FreeRTOS/Source/queue.c **** 
 3039              		.loc 1 1395 2 discriminator 2 view .LVU904
 3040 000a 036C     		ldr	r3, [r0, #64]
 3041 000c 8BB1     		cbz	r3, .L223
1395:Middlewares/Third_Party/FreeRTOS/Source/queue.c **** 
 3042              		.loc 1 1395 2 view .LVU905
 3043              	.LBB192:
 3044              	.LBI192:
 191:Middlewares/Third_Party/FreeRTOS/Source/portable/GCC/ARM_CM4F/portmacro.h **** {
 3045              		.loc 2 191 30 view .LVU906
 3046              	.LBB193:
 193:Middlewares/Third_Party/FreeRTOS/Source/portable/GCC/ARM_CM4F/portmacro.h **** 
 3047              		.loc 2 193 1 view .LVU907
 195:Middlewares/Third_Party/FreeRTOS/Source/portable/GCC/ARM_CM4F/portmacro.h **** 	(
 3048              		.loc 2 195 2 view .LVU908
 3049              		.syntax unified
 3050              	@ 195 "Middlewares/Third_Party/FreeRTOS/Source/portable/GCC/ARM_CM4F/portmacro.h" 1
 3051 000e 4FF05003 			mov r3, #80												
 3052 0012 83F31188 		msr basepri, r3											
ARM GAS  C:\Users\31005\AppData\Local\Temp\ccp6mIRg.s 			page 113


 3053 0016 BFF36F8F 		isb														
 3054 001a BFF34F8F 		dsb														
 3055              	
 3056              	@ 0 "" 2
 3057              	.LVL252:
 3058              		.thumb
 3059              		.syntax unified
 3060              	.L224:
 195:Middlewares/Third_Party/FreeRTOS/Source/portable/GCC/ARM_CM4F/portmacro.h **** 	(
 3061              		.loc 2 195 2 is_stmt 0 view .LVU909
 3062              	.LBE193:
 3063              	.LBE192:
1395:Middlewares/Third_Party/FreeRTOS/Source/queue.c **** 
 3064              		.loc 1 1395 2 is_stmt 1 discriminator 2 view .LVU910
1395:Middlewares/Third_Party/FreeRTOS/Source/queue.c **** 
 3065              		.loc 1 1395 2 discriminator 2 view .LVU911
 3066 001e FEE7     		b	.L224
 3067              	.L246:
1391:Middlewares/Third_Party/FreeRTOS/Source/queue.c **** 
 3068              		.loc 1 1391 2 view .LVU912
 3069              	.LBB194:
 3070              	.LBI194:
 191:Middlewares/Third_Party/FreeRTOS/Source/portable/GCC/ARM_CM4F/portmacro.h **** {
 3071              		.loc 2 191 30 view .LVU913
 3072              	.LBB195:
 193:Middlewares/Third_Party/FreeRTOS/Source/portable/GCC/ARM_CM4F/portmacro.h **** 
 3073              		.loc 2 193 1 view .LVU914
 195:Middlewares/Third_Party/FreeRTOS/Source/portable/GCC/ARM_CM4F/portmacro.h **** 	(
 3074              		.loc 2 195 2 view .LVU915
 3075              		.syntax unified
 3076              	@ 195 "Middlewares/Third_Party/FreeRTOS/Source/portable/GCC/ARM_CM4F/portmacro.h" 1
 3077 0020 4FF05003 			mov r3, #80												
 3078 0024 83F31188 		msr basepri, r3											
 3079 0028 BFF36F8F 		isb														
 3080 002c BFF34F8F 		dsb														
 3081              	
 3082              	@ 0 "" 2
 3083              	.LVL253:
 3084              		.thumb
 3085              		.syntax unified
 3086              	.L222:
 195:Middlewares/Third_Party/FreeRTOS/Source/portable/GCC/ARM_CM4F/portmacro.h **** 	(
 3087              		.loc 2 195 2 is_stmt 0 view .LVU916
 3088              	.LBE195:
 3089              	.LBE194:
1391:Middlewares/Third_Party/FreeRTOS/Source/queue.c **** 
 3090              		.loc 1 1391 2 is_stmt 1 discriminator 1 view .LVU917
1391:Middlewares/Third_Party/FreeRTOS/Source/queue.c **** 
 3091              		.loc 1 1391 2 discriminator 1 view .LVU918
 3092 0030 FEE7     		b	.L222
 3093              	.L223:
1395:Middlewares/Third_Party/FreeRTOS/Source/queue.c **** 
 3094              		.loc 1 1395 42 discriminator 2 view .LVU919
1400:Middlewares/Third_Party/FreeRTOS/Source/queue.c **** 	}
 3095              		.loc 1 1400 3 discriminator 2 view .LVU920
 3096 0032 FFF7FEFF 		bl	xTaskGetSchedulerState
 3097              	.LVL254:
ARM GAS  C:\Users\31005\AppData\Local\Temp\ccp6mIRg.s 			page 114


1400:Middlewares/Third_Party/FreeRTOS/Source/queue.c **** 	}
 3098              		.loc 1 1400 3 is_stmt 0 discriminator 2 view .LVU921
 3099 0036 0546     		mov	r5, r0
 3100 0038 50B9     		cbnz	r0, .L243
 3101 003a 019B     		ldr	r3, [sp, #4]
 3102 003c 5BB1     		cbz	r3, .L244
1400:Middlewares/Third_Party/FreeRTOS/Source/queue.c **** 	}
 3103              		.loc 1 1400 3 is_stmt 1 view .LVU922
 3104              	.LBB196:
 3105              	.LBI196:
 191:Middlewares/Third_Party/FreeRTOS/Source/portable/GCC/ARM_CM4F/portmacro.h **** {
 3106              		.loc 2 191 30 view .LVU923
 3107              	.LBB197:
 193:Middlewares/Third_Party/FreeRTOS/Source/portable/GCC/ARM_CM4F/portmacro.h **** 
 3108              		.loc 2 193 1 view .LVU924
 195:Middlewares/Third_Party/FreeRTOS/Source/portable/GCC/ARM_CM4F/portmacro.h **** 	(
 3109              		.loc 2 195 2 view .LVU925
 3110              		.syntax unified
 3111              	@ 195 "Middlewares/Third_Party/FreeRTOS/Source/portable/GCC/ARM_CM4F/portmacro.h" 1
 3112 003e 4FF05003 			mov r3, #80												
 3113 0042 83F31188 		msr basepri, r3											
 3114 0046 BFF36F8F 		isb														
 3115 004a BFF34F8F 		dsb														
 3116              	
 3117              	@ 0 "" 2
 3118              	.LVL255:
 3119              		.thumb
 3120              		.syntax unified
 3121              	.L226:
 195:Middlewares/Third_Party/FreeRTOS/Source/portable/GCC/ARM_CM4F/portmacro.h **** 	(
 3122              		.loc 2 195 2 is_stmt 0 view .LVU926
 3123              	.LBE197:
 3124              	.LBE196:
1400:Middlewares/Third_Party/FreeRTOS/Source/queue.c **** 	}
 3125              		.loc 1 1400 3 is_stmt 1 discriminator 3 view .LVU927
1400:Middlewares/Third_Party/FreeRTOS/Source/queue.c **** 	}
 3126              		.loc 1 1400 3 discriminator 3 view .LVU928
 3127 004e FEE7     		b	.L226
 3128              	.L243:
 3129 0050 0026     		movs	r6, #0
 3130 0052 3546     		mov	r5, r6
 3131 0054 55E0     		b	.L227
 3132              	.L244:
 3133 0056 0646     		mov	r6, r0
 3134 0058 53E0     		b	.L227
 3135              	.LVL256:
 3136              	.L250:
 3137              	.LBB198:
1421:Middlewares/Third_Party/FreeRTOS/Source/queue.c **** 
 3138              		.loc 1 1421 34 view .LVU929
1425:Middlewares/Third_Party/FreeRTOS/Source/queue.c **** 
 3139              		.loc 1 1425 5 view .LVU930
1425:Middlewares/Third_Party/FreeRTOS/Source/queue.c **** 
 3140              		.loc 1 1425 51 is_stmt 0 view .LVU931
 3141 005a 013B     		subs	r3, r3, #1
 3142              	.LVL257:
1425:Middlewares/Third_Party/FreeRTOS/Source/queue.c **** 
ARM GAS  C:\Users\31005\AppData\Local\Temp\ccp6mIRg.s 			page 115


 3143              		.loc 1 1425 32 view .LVU932
 3144 005c A363     		str	r3, [r4, #56]
1429:Middlewares/Third_Party/FreeRTOS/Source/queue.c **** 					{
 3145              		.loc 1 1429 6 is_stmt 1 view .LVU933
1429:Middlewares/Third_Party/FreeRTOS/Source/queue.c **** 					{
 3146              		.loc 1 1429 17 is_stmt 0 view .LVU934
 3147 005e 2368     		ldr	r3, [r4]
 3148              	.LVL258:
1429:Middlewares/Third_Party/FreeRTOS/Source/queue.c **** 					{
 3149              		.loc 1 1429 8 view .LVU935
 3150 0060 3BB1     		cbz	r3, .L247
 3151              	.LVL259:
 3152              	.L229:
1437:Middlewares/Third_Party/FreeRTOS/Source/queue.c **** 					}
 3153              		.loc 1 1437 31 is_stmt 1 view .LVU936
1444:Middlewares/Third_Party/FreeRTOS/Source/queue.c **** 				{
 3154              		.loc 1 1444 5 view .LVU937
1444:Middlewares/Third_Party/FreeRTOS/Source/queue.c **** 				{
 3155              		.loc 1 1444 9 is_stmt 0 view .LVU938
 3156 0062 2369     		ldr	r3, [r4, #16]
1444:Middlewares/Third_Party/FreeRTOS/Source/queue.c **** 				{
 3157              		.loc 1 1444 7 view .LVU939
 3158 0064 4BB9     		cbnz	r3, .L248
 3159              	.L230:
1457:Middlewares/Third_Party/FreeRTOS/Source/queue.c **** 				}
 3160              		.loc 1 1457 30 is_stmt 1 view .LVU940
1460:Middlewares/Third_Party/FreeRTOS/Source/queue.c **** 				return pdPASS;
 3161              		.loc 1 1460 5 view .LVU941
 3162 0066 FFF7FEFF 		bl	vPortExitCritical
 3163              	.LVL260:
1461:Middlewares/Third_Party/FreeRTOS/Source/queue.c **** 			}
 3164              		.loc 1 1461 5 view .LVU942
1461:Middlewares/Third_Party/FreeRTOS/Source/queue.c **** 			}
 3165              		.loc 1 1461 12 is_stmt 0 view .LVU943
 3166 006a 0126     		movs	r6, #1
 3167              	.LVL261:
 3168              	.L220:
1461:Middlewares/Third_Party/FreeRTOS/Source/queue.c **** 			}
 3169              		.loc 1 1461 12 view .LVU944
 3170              	.LBE198:
1596:Middlewares/Third_Party/FreeRTOS/Source/queue.c **** /*-----------------------------------------------------------*/
 3171              		.loc 1 1596 1 view .LVU945
 3172 006c 3046     		mov	r0, r6
 3173 006e 04B0     		add	sp, sp, #16
 3174              	.LCFI41:
 3175              		.cfi_remember_state
 3176              		.cfi_def_cfa_offset 16
 3177              		@ sp needed
 3178 0070 70BD     		pop	{r4, r5, r6, pc}
 3179              	.LVL262:
 3180              	.L247:
 3181              	.LCFI42:
 3182              		.cfi_restore_state
 3183              	.LBB201:
1433:Middlewares/Third_Party/FreeRTOS/Source/queue.c **** 					}
 3184              		.loc 1 1433 7 is_stmt 1 view .LVU946
1433:Middlewares/Third_Party/FreeRTOS/Source/queue.c **** 					}
ARM GAS  C:\Users\31005\AppData\Local\Temp\ccp6mIRg.s 			page 116


 3185              		.loc 1 1433 45 is_stmt 0 view .LVU947
 3186 0072 FFF7FEFF 		bl	pvTaskIncrementMutexHeldCount
 3187              	.LVL263:
1433:Middlewares/Third_Party/FreeRTOS/Source/queue.c **** 					}
 3188              		.loc 1 1433 30 view .LVU948
 3189 0076 6060     		str	r0, [r4, #4]
 3190 0078 F3E7     		b	.L229
 3191              	.L248:
1446:Middlewares/Third_Party/FreeRTOS/Source/queue.c **** 					{
 3192              		.loc 1 1446 6 is_stmt 1 view .LVU949
1446:Middlewares/Third_Party/FreeRTOS/Source/queue.c **** 					{
 3193              		.loc 1 1446 10 is_stmt 0 view .LVU950
 3194 007a 04F11000 		add	r0, r4, #16
 3195 007e FFF7FEFF 		bl	xTaskRemoveFromEventList
 3196              	.LVL264:
1446:Middlewares/Third_Party/FreeRTOS/Source/queue.c **** 					{
 3197              		.loc 1 1446 8 view .LVU951
 3198 0082 0028     		cmp	r0, #0
 3199 0084 EFD0     		beq	.L230
1448:Middlewares/Third_Party/FreeRTOS/Source/queue.c **** 					}
 3200              		.loc 1 1448 7 is_stmt 1 view .LVU952
 3201 0086 4FF0E023 		mov	r3, #-536813568
 3202 008a 4FF08052 		mov	r2, #268435456
 3203 008e C3F8042D 		str	r2, [r3, #3332]
1448:Middlewares/Third_Party/FreeRTOS/Source/queue.c **** 					}
 3204              		.loc 1 1448 7 view .LVU953
 3205              		.syntax unified
 3206              	@ 1448 "Middlewares/Third_Party/FreeRTOS/Source/queue.c" 1
 3207 0092 BFF34F8F 		dsb
 3208              	@ 0 "" 2
1448:Middlewares/Third_Party/FreeRTOS/Source/queue.c **** 					}
 3209              		.loc 1 1448 7 view .LVU954
 3210              	@ 1448 "Middlewares/Third_Party/FreeRTOS/Source/queue.c" 1
 3211 0096 BFF36F8F 		isb
 3212              	@ 0 "" 2
1448:Middlewares/Third_Party/FreeRTOS/Source/queue.c **** 					}
 3213              		.loc 1 1448 39 view .LVU955
 3214              		.thumb
 3215              		.syntax unified
 3216 009a E4E7     		b	.L230
 3217              	.L251:
1472:Middlewares/Third_Party/FreeRTOS/Source/queue.c **** 					}
 3218              		.loc 1 1472 7 view .LVU956
 3219 009c 46B1     		cbz	r6, .L233
1472:Middlewares/Third_Party/FreeRTOS/Source/queue.c **** 					}
 3220              		.loc 1 1472 7 view .LVU957
 3221              	.LBB199:
 3222              	.LBI199:
 191:Middlewares/Third_Party/FreeRTOS/Source/portable/GCC/ARM_CM4F/portmacro.h **** {
 3223              		.loc 2 191 30 view .LVU958
 3224              	.LBB200:
 193:Middlewares/Third_Party/FreeRTOS/Source/portable/GCC/ARM_CM4F/portmacro.h **** 
 3225              		.loc 2 193 1 view .LVU959
 195:Middlewares/Third_Party/FreeRTOS/Source/portable/GCC/ARM_CM4F/portmacro.h **** 	(
 3226              		.loc 2 195 2 view .LVU960
 3227              		.syntax unified
 3228              	@ 195 "Middlewares/Third_Party/FreeRTOS/Source/portable/GCC/ARM_CM4F/portmacro.h" 1
ARM GAS  C:\Users\31005\AppData\Local\Temp\ccp6mIRg.s 			page 117


 3229 009e 4FF05003 			mov r3, #80												
 3230 00a2 83F31188 		msr basepri, r3											
 3231 00a6 BFF36F8F 		isb														
 3232 00aa BFF34F8F 		dsb														
 3233              	
 3234              	@ 0 "" 2
 3235              	.LVL265:
 3236              		.thumb
 3237              		.syntax unified
 3238              	.L234:
 195:Middlewares/Third_Party/FreeRTOS/Source/portable/GCC/ARM_CM4F/portmacro.h **** 	(
 3239              		.loc 2 195 2 is_stmt 0 view .LVU961
 3240              	.LBE200:
 3241              	.LBE199:
1472:Middlewares/Third_Party/FreeRTOS/Source/queue.c **** 					}
 3242              		.loc 1 1472 7 is_stmt 1 discriminator 4 view .LVU962
1472:Middlewares/Third_Party/FreeRTOS/Source/queue.c **** 					}
 3243              		.loc 1 1472 7 discriminator 4 view .LVU963
 3244 00ae FEE7     		b	.L234
 3245              	.L233:
1472:Middlewares/Third_Party/FreeRTOS/Source/queue.c **** 					}
 3246              		.loc 1 1472 54 discriminator 2 view .LVU964
1478:Middlewares/Third_Party/FreeRTOS/Source/queue.c **** 					traceQUEUE_RECEIVE_FAILED( pxQueue );
 3247              		.loc 1 1478 6 discriminator 2 view .LVU965
 3248 00b0 FFF7FEFF 		bl	vPortExitCritical
 3249              	.LVL266:
1479:Middlewares/Third_Party/FreeRTOS/Source/queue.c **** 					return errQUEUE_EMPTY;
 3250              		.loc 1 1479 42 discriminator 2 view .LVU966
1480:Middlewares/Third_Party/FreeRTOS/Source/queue.c **** 				}
 3251              		.loc 1 1480 6 discriminator 2 view .LVU967
1480:Middlewares/Third_Party/FreeRTOS/Source/queue.c **** 				}
 3252              		.loc 1 1480 13 is_stmt 0 discriminator 2 view .LVU968
 3253 00b4 DAE7     		b	.L220
 3254              	.L252:
1486:Middlewares/Third_Party/FreeRTOS/Source/queue.c **** 					xEntryTimeSet = pdTRUE;
 3255              		.loc 1 1486 6 is_stmt 1 view .LVU969
 3256 00b6 02A8     		add	r0, sp, #8
 3257 00b8 FFF7FEFF 		bl	vTaskInternalSetTimeOutState
 3258              	.LVL267:
1487:Middlewares/Third_Party/FreeRTOS/Source/queue.c **** 				}
 3259              		.loc 1 1487 6 view .LVU970
1487:Middlewares/Third_Party/FreeRTOS/Source/queue.c **** 				}
 3260              		.loc 1 1487 20 is_stmt 0 view .LVU971
 3261 00bc 0125     		movs	r5, #1
 3262 00be 2AE0     		b	.L235
 3263              	.LVL268:
 3264              	.L253:
1487:Middlewares/Third_Party/FreeRTOS/Source/queue.c **** 				}
 3265              		.loc 1 1487 20 view .LVU972
 3266              	.LBE201:
1502:Middlewares/Third_Party/FreeRTOS/Source/queue.c **** 
 3267              		.loc 1 1502 3 is_stmt 1 discriminator 1 view .LVU973
 3268 00c0 0023     		movs	r3, #0
 3269 00c2 84F84430 		strb	r3, [r4, #68]
 3270 00c6 32E0     		b	.L236
 3271              	.L254:
1502:Middlewares/Third_Party/FreeRTOS/Source/queue.c **** 
ARM GAS  C:\Users\31005\AppData\Local\Temp\ccp6mIRg.s 			page 118


 3272              		.loc 1 1502 3 discriminator 4 view .LVU974
 3273 00c8 0023     		movs	r3, #0
 3274 00ca 84F84530 		strb	r3, [r4, #69]
 3275 00ce 34E0     		b	.L237
 3276              	.L255:
1519:Middlewares/Third_Party/FreeRTOS/Source/queue.c **** 						{
 3277              		.loc 1 1519 7 view .LVU975
 3278 00d0 FFF7FEFF 		bl	vPortEnterCritical
 3279              	.LVL269:
1521:Middlewares/Third_Party/FreeRTOS/Source/queue.c **** 						}
 3280              		.loc 1 1521 8 view .LVU976
1521:Middlewares/Third_Party/FreeRTOS/Source/queue.c **** 						}
 3281              		.loc 1 1521 31 is_stmt 0 view .LVU977
 3282 00d4 6068     		ldr	r0, [r4, #4]
 3283 00d6 FFF7FEFF 		bl	xTaskPriorityInherit
 3284              	.LVL270:
 3285 00da 0646     		mov	r6, r0
 3286              	.LVL271:
1523:Middlewares/Third_Party/FreeRTOS/Source/queue.c **** 					}
 3287              		.loc 1 1523 7 is_stmt 1 view .LVU978
 3288 00dc FFF7FEFF 		bl	vPortExitCritical
 3289              	.LVL272:
1523:Middlewares/Third_Party/FreeRTOS/Source/queue.c **** 					}
 3290              		.loc 1 1523 7 is_stmt 0 view .LVU979
 3291 00e0 3BE0     		b	.L240
 3292              	.L239:
1547:Middlewares/Third_Party/FreeRTOS/Source/queue.c **** 				( void ) xTaskResumeAll();
 3293              		.loc 1 1547 5 is_stmt 1 view .LVU980
 3294 00e2 2046     		mov	r0, r4
 3295 00e4 FFF7FEFF 		bl	prvUnlockQueue
 3296              	.LVL273:
1548:Middlewares/Third_Party/FreeRTOS/Source/queue.c **** 			}
 3297              		.loc 1 1548 5 view .LVU981
1548:Middlewares/Third_Party/FreeRTOS/Source/queue.c **** 			}
 3298              		.loc 1 1548 14 is_stmt 0 view .LVU982
 3299 00e8 FFF7FEFF 		bl	xTaskResumeAll
 3300              	.LVL274:
 3301 00ec 09E0     		b	.L227
 3302              	.L238:
1554:Middlewares/Third_Party/FreeRTOS/Source/queue.c **** 			( void ) xTaskResumeAll();
 3303              		.loc 1 1554 4 is_stmt 1 view .LVU983
 3304 00ee 2046     		mov	r0, r4
 3305 00f0 FFF7FEFF 		bl	prvUnlockQueue
 3306              	.LVL275:
1555:Middlewares/Third_Party/FreeRTOS/Source/queue.c **** 
 3307              		.loc 1 1555 4 view .LVU984
1555:Middlewares/Third_Party/FreeRTOS/Source/queue.c **** 
 3308              		.loc 1 1555 13 is_stmt 0 view .LVU985
 3309 00f4 FFF7FEFF 		bl	xTaskResumeAll
 3310              	.LVL276:
1561:Middlewares/Third_Party/FreeRTOS/Source/queue.c **** 			{
 3311              		.loc 1 1561 4 is_stmt 1 view .LVU986
1561:Middlewares/Third_Party/FreeRTOS/Source/queue.c **** 			{
 3312              		.loc 1 1561 8 is_stmt 0 view .LVU987
 3313 00f8 2046     		mov	r0, r4
 3314 00fa FFF7FEFF 		bl	prvIsQueueEmpty
 3315              	.LVL277:
ARM GAS  C:\Users\31005\AppData\Local\Temp\ccp6mIRg.s 			page 119


1561:Middlewares/Third_Party/FreeRTOS/Source/queue.c **** 			{
 3316              		.loc 1 1561 6 view .LVU988
 3317 00fe 0028     		cmp	r0, #0
 3318 0100 42D1     		bne	.L249
 3319              	.LVL278:
 3320              	.L227:
1400:Middlewares/Third_Party/FreeRTOS/Source/queue.c **** 	}
 3321              		.loc 1 1400 104 is_stmt 1 discriminator 8 view .LVU989
1409:Middlewares/Third_Party/FreeRTOS/Source/queue.c **** 	{
 3322              		.loc 1 1409 2 discriminator 8 view .LVU990
1411:Middlewares/Third_Party/FreeRTOS/Source/queue.c **** 		{
 3323              		.loc 1 1411 3 discriminator 8 view .LVU991
 3324 0102 FFF7FEFF 		bl	vPortEnterCritical
 3325              	.LVL279:
 3326              	.LBB202:
1415:Middlewares/Third_Party/FreeRTOS/Source/queue.c **** 
 3327              		.loc 1 1415 4 discriminator 8 view .LVU992
1415:Middlewares/Third_Party/FreeRTOS/Source/queue.c **** 
 3328              		.loc 1 1415 22 is_stmt 0 discriminator 8 view .LVU993
 3329 0106 A36B     		ldr	r3, [r4, #56]
 3330              	.LVL280:
1419:Middlewares/Third_Party/FreeRTOS/Source/queue.c **** 			{
 3331              		.loc 1 1419 4 is_stmt 1 discriminator 8 view .LVU994
1419:Middlewares/Third_Party/FreeRTOS/Source/queue.c **** 			{
 3332              		.loc 1 1419 6 is_stmt 0 discriminator 8 view .LVU995
 3333 0108 002B     		cmp	r3, #0
 3334 010a A6D1     		bne	.L250
1465:Middlewares/Third_Party/FreeRTOS/Source/queue.c **** 				{
 3335              		.loc 1 1465 5 is_stmt 1 view .LVU996
1465:Middlewares/Third_Party/FreeRTOS/Source/queue.c **** 				{
 3336              		.loc 1 1465 22 is_stmt 0 view .LVU997
 3337 010c 019B     		ldr	r3, [sp, #4]
 3338              	.LVL281:
1465:Middlewares/Third_Party/FreeRTOS/Source/queue.c **** 				{
 3339              		.loc 1 1465 7 view .LVU998
 3340 010e 002B     		cmp	r3, #0
 3341 0110 C4D0     		beq	.L251
1482:Middlewares/Third_Party/FreeRTOS/Source/queue.c **** 				{
 3342              		.loc 1 1482 10 is_stmt 1 view .LVU999
1482:Middlewares/Third_Party/FreeRTOS/Source/queue.c **** 				{
 3343              		.loc 1 1482 12 is_stmt 0 view .LVU1000
 3344 0112 002D     		cmp	r5, #0
 3345 0114 CFD0     		beq	.L252
 3346              	.LVL282:
 3347              	.L235:
1492:Middlewares/Third_Party/FreeRTOS/Source/queue.c **** 				}
 3348              		.loc 1 1492 30 is_stmt 1 view .LVU1001
 3349              	.LBE202:
1496:Middlewares/Third_Party/FreeRTOS/Source/queue.c **** 
 3350              		.loc 1 1496 3 view .LVU1002
 3351 0116 FFF7FEFF 		bl	vPortExitCritical
 3352              	.LVL283:
1501:Middlewares/Third_Party/FreeRTOS/Source/queue.c **** 		prvLockQueue( pxQueue );
 3353              		.loc 1 1501 3 view .LVU1003
 3354 011a FFF7FEFF 		bl	vTaskSuspendAll
 3355              	.LVL284:
1502:Middlewares/Third_Party/FreeRTOS/Source/queue.c **** 
ARM GAS  C:\Users\31005\AppData\Local\Temp\ccp6mIRg.s 			page 120


 3356              		.loc 1 1502 3 view .LVU1004
 3357 011e FFF7FEFF 		bl	vPortEnterCritical
 3358              	.LVL285:
1502:Middlewares/Third_Party/FreeRTOS/Source/queue.c **** 
 3359              		.loc 1 1502 3 view .LVU1005
 3360 0122 94F84430 		ldrb	r3, [r4, #68]	@ zero_extendqisi2
 3361 0126 5BB2     		sxtb	r3, r3
 3362 0128 B3F1FF3F 		cmp	r3, #-1
 3363 012c C8D0     		beq	.L253
 3364              	.L236:
1502:Middlewares/Third_Party/FreeRTOS/Source/queue.c **** 
 3365              		.loc 1 1502 3 discriminator 3 view .LVU1006
 3366 012e 94F84530 		ldrb	r3, [r4, #69]	@ zero_extendqisi2
 3367 0132 5BB2     		sxtb	r3, r3
 3368 0134 B3F1FF3F 		cmp	r3, #-1
 3369 0138 C6D0     		beq	.L254
 3370              	.L237:
1502:Middlewares/Third_Party/FreeRTOS/Source/queue.c **** 
 3371              		.loc 1 1502 3 discriminator 6 view .LVU1007
 3372 013a FFF7FEFF 		bl	vPortExitCritical
 3373              	.LVL286:
1505:Middlewares/Third_Party/FreeRTOS/Source/queue.c **** 		{
 3374              		.loc 1 1505 3 discriminator 6 view .LVU1008
1505:Middlewares/Third_Party/FreeRTOS/Source/queue.c **** 		{
 3375              		.loc 1 1505 7 is_stmt 0 discriminator 6 view .LVU1009
 3376 013e 01A9     		add	r1, sp, #4
 3377 0140 02A8     		add	r0, sp, #8
 3378 0142 FFF7FEFF 		bl	xTaskCheckForTimeOut
 3379              	.LVL287:
1505:Middlewares/Third_Party/FreeRTOS/Source/queue.c **** 		{
 3380              		.loc 1 1505 5 discriminator 6 view .LVU1010
 3381 0146 0028     		cmp	r0, #0
 3382 0148 D1D1     		bne	.L238
1511:Middlewares/Third_Party/FreeRTOS/Source/queue.c **** 			{
 3383              		.loc 1 1511 4 is_stmt 1 view .LVU1011
1511:Middlewares/Third_Party/FreeRTOS/Source/queue.c **** 			{
 3384              		.loc 1 1511 8 is_stmt 0 view .LVU1012
 3385 014a 2046     		mov	r0, r4
 3386 014c FFF7FEFF 		bl	prvIsQueueEmpty
 3387              	.LVL288:
1511:Middlewares/Third_Party/FreeRTOS/Source/queue.c **** 			{
 3388              		.loc 1 1511 6 view .LVU1013
 3389 0150 0028     		cmp	r0, #0
 3390 0152 C6D0     		beq	.L239
1513:Middlewares/Third_Party/FreeRTOS/Source/queue.c **** 
 3391              		.loc 1 1513 46 is_stmt 1 view .LVU1014
1517:Middlewares/Third_Party/FreeRTOS/Source/queue.c **** 					{
 3392              		.loc 1 1517 6 view .LVU1015
1517:Middlewares/Third_Party/FreeRTOS/Source/queue.c **** 					{
 3393              		.loc 1 1517 17 is_stmt 0 view .LVU1016
 3394 0154 2368     		ldr	r3, [r4]
1517:Middlewares/Third_Party/FreeRTOS/Source/queue.c **** 					{
 3395              		.loc 1 1517 8 view .LVU1017
 3396 0156 002B     		cmp	r3, #0
 3397 0158 BAD0     		beq	.L255
 3398              	.L240:
1527:Middlewares/Third_Party/FreeRTOS/Source/queue.c **** 					}
ARM GAS  C:\Users\31005\AppData\Local\Temp\ccp6mIRg.s 			page 121


 3399              		.loc 1 1527 31 is_stmt 1 view .LVU1018
1532:Middlewares/Third_Party/FreeRTOS/Source/queue.c **** 				prvUnlockQueue( pxQueue );
 3400              		.loc 1 1532 5 view .LVU1019
 3401 015a 0199     		ldr	r1, [sp, #4]
 3402 015c 04F12400 		add	r0, r4, #36
 3403 0160 FFF7FEFF 		bl	vTaskPlaceOnEventList
 3404              	.LVL289:
1533:Middlewares/Third_Party/FreeRTOS/Source/queue.c **** 				if( xTaskResumeAll() == pdFALSE )
 3405              		.loc 1 1533 5 view .LVU1020
 3406 0164 2046     		mov	r0, r4
 3407 0166 FFF7FEFF 		bl	prvUnlockQueue
 3408              	.LVL290:
1534:Middlewares/Third_Party/FreeRTOS/Source/queue.c **** 				{
 3409              		.loc 1 1534 5 view .LVU1021
1534:Middlewares/Third_Party/FreeRTOS/Source/queue.c **** 				{
 3410              		.loc 1 1534 9 is_stmt 0 view .LVU1022
 3411 016a FFF7FEFF 		bl	xTaskResumeAll
 3412              	.LVL291:
1534:Middlewares/Third_Party/FreeRTOS/Source/queue.c **** 				{
 3413              		.loc 1 1534 7 view .LVU1023
 3414 016e 0028     		cmp	r0, #0
 3415 0170 C7D1     		bne	.L227
1536:Middlewares/Third_Party/FreeRTOS/Source/queue.c **** 				}
 3416              		.loc 1 1536 6 is_stmt 1 view .LVU1024
 3417 0172 4FF0E023 		mov	r3, #-536813568
 3418 0176 4FF08052 		mov	r2, #268435456
 3419 017a C3F8042D 		str	r2, [r3, #3332]
1536:Middlewares/Third_Party/FreeRTOS/Source/queue.c **** 				}
 3420              		.loc 1 1536 6 view .LVU1025
 3421              		.syntax unified
 3422              	@ 1536 "Middlewares/Third_Party/FreeRTOS/Source/queue.c" 1
 3423 017e BFF34F8F 		dsb
 3424              	@ 0 "" 2
1536:Middlewares/Third_Party/FreeRTOS/Source/queue.c **** 				}
 3425              		.loc 1 1536 6 view .LVU1026
 3426              	@ 1536 "Middlewares/Third_Party/FreeRTOS/Source/queue.c" 1
 3427 0182 BFF36F8F 		isb
 3428              	@ 0 "" 2
1536:Middlewares/Third_Party/FreeRTOS/Source/queue.c **** 				}
 3429              		.loc 1 1536 28 view .LVU1027
 3430              		.thumb
 3431              		.syntax unified
 3432 0186 BCE7     		b	.L227
 3433              	.L249:
1568:Middlewares/Third_Party/FreeRTOS/Source/queue.c **** 					{
 3434              		.loc 1 1568 6 view .LVU1028
1568:Middlewares/Third_Party/FreeRTOS/Source/queue.c **** 					{
 3435              		.loc 1 1568 8 is_stmt 0 view .LVU1029
 3436 0188 0EB9     		cbnz	r6, .L256
 3437              	.L242:
1587:Middlewares/Third_Party/FreeRTOS/Source/queue.c **** 				return errQUEUE_EMPTY;
 3438              		.loc 1 1587 41 is_stmt 1 view .LVU1030
1588:Middlewares/Third_Party/FreeRTOS/Source/queue.c **** 			}
 3439              		.loc 1 1588 5 view .LVU1031
1588:Middlewares/Third_Party/FreeRTOS/Source/queue.c **** 			}
 3440              		.loc 1 1588 12 is_stmt 0 view .LVU1032
 3441 018a 0026     		movs	r6, #0
ARM GAS  C:\Users\31005\AppData\Local\Temp\ccp6mIRg.s 			page 122


 3442              	.LVL292:
1588:Middlewares/Third_Party/FreeRTOS/Source/queue.c **** 			}
 3443              		.loc 1 1588 12 view .LVU1033
 3444 018c 6EE7     		b	.L220
 3445              	.LVL293:
 3446              	.L256:
1570:Middlewares/Third_Party/FreeRTOS/Source/queue.c **** 						{
 3447              		.loc 1 1570 7 is_stmt 1 view .LVU1034
 3448 018e FFF7FEFF 		bl	vPortEnterCritical
 3449              	.LVL294:
 3450              	.LBB203:
1572:Middlewares/Third_Party/FreeRTOS/Source/queue.c **** 
 3451              		.loc 1 1572 8 view .LVU1035
1579:Middlewares/Third_Party/FreeRTOS/Source/queue.c **** 							vTaskPriorityDisinheritAfterTimeout( ( void * ) pxQueue->pxMutexHolder, uxHighestWaitingPrio
 3452              		.loc 1 1579 8 view .LVU1036
1579:Middlewares/Third_Party/FreeRTOS/Source/queue.c **** 							vTaskPriorityDisinheritAfterTimeout( ( void * ) pxQueue->pxMutexHolder, uxHighestWaitingPrio
 3453              		.loc 1 1579 35 is_stmt 0 view .LVU1037
 3454 0192 2046     		mov	r0, r4
 3455 0194 FFF7FEFF 		bl	prvGetDisinheritPriorityAfterTimeout
 3456              	.LVL295:
 3457 0198 0146     		mov	r1, r0
 3458              	.LVL296:
1580:Middlewares/Third_Party/FreeRTOS/Source/queue.c **** 						}
 3459              		.loc 1 1580 8 is_stmt 1 view .LVU1038
 3460 019a 6068     		ldr	r0, [r4, #4]
 3461              	.LVL297:
1580:Middlewares/Third_Party/FreeRTOS/Source/queue.c **** 						}
 3462              		.loc 1 1580 8 is_stmt 0 view .LVU1039
 3463 019c FFF7FEFF 		bl	vTaskPriorityDisinheritAfterTimeout
 3464              	.LVL298:
1580:Middlewares/Third_Party/FreeRTOS/Source/queue.c **** 						}
 3465              		.loc 1 1580 8 view .LVU1040
 3466              	.LBE203:
1582:Middlewares/Third_Party/FreeRTOS/Source/queue.c **** 					}
 3467              		.loc 1 1582 7 is_stmt 1 view .LVU1041
 3468 01a0 FFF7FEFF 		bl	vPortExitCritical
 3469              	.LVL299:
 3470 01a4 F1E7     		b	.L242
 3471              		.cfi_endproc
 3472              	.LFE21:
 3474              		.section	.text.xQueueTakeMutexRecursive,"ax",%progbits
 3475              		.align	1
 3476              		.global	xQueueTakeMutexRecursive
 3477              		.syntax unified
 3478              		.thumb
 3479              		.thumb_func
 3481              	xQueueTakeMutexRecursive:
 3482              	.LVL300:
 3483              	.LFB14:
 630:Middlewares/Third_Party/FreeRTOS/Source/queue.c **** 	BaseType_t xReturn;
 3484              		.loc 1 630 2 view -0
 3485              		.cfi_startproc
 3486              		@ args = 0, pretend = 0, frame = 0
 3487              		@ frame_needed = 0, uses_anonymous_args = 0
 631:Middlewares/Third_Party/FreeRTOS/Source/queue.c **** 	Queue_t * const pxMutex = ( Queue_t * ) xMutex;
 3488              		.loc 1 631 2 view .LVU1043
 632:Middlewares/Third_Party/FreeRTOS/Source/queue.c **** 
ARM GAS  C:\Users\31005\AppData\Local\Temp\ccp6mIRg.s 			page 123


 3489              		.loc 1 632 2 view .LVU1044
 634:Middlewares/Third_Party/FreeRTOS/Source/queue.c **** 
 3490              		.loc 1 634 3 view .LVU1045
 3491 0000 80B1     		cbz	r0, .L264
 630:Middlewares/Third_Party/FreeRTOS/Source/queue.c **** 	BaseType_t xReturn;
 3492              		.loc 1 630 2 is_stmt 0 discriminator 2 view .LVU1046
 3493 0002 70B5     		push	{r4, r5, r6, lr}
 3494              	.LCFI43:
 3495              		.cfi_def_cfa_offset 16
 3496              		.cfi_offset 4, -16
 3497              		.cfi_offset 5, -12
 3498              		.cfi_offset 6, -8
 3499              		.cfi_offset 14, -4
 3500 0004 0C46     		mov	r4, r1
 3501 0006 0546     		mov	r5, r0
 634:Middlewares/Third_Party/FreeRTOS/Source/queue.c **** 
 3502              		.loc 1 634 26 is_stmt 1 discriminator 2 view .LVU1047
 639:Middlewares/Third_Party/FreeRTOS/Source/queue.c **** 
 3503              		.loc 1 639 39 discriminator 2 view .LVU1048
 641:Middlewares/Third_Party/FreeRTOS/Source/queue.c **** 		{
 3504              		.loc 1 641 3 discriminator 2 view .LVU1049
 641:Middlewares/Third_Party/FreeRTOS/Source/queue.c **** 		{
 3505              		.loc 1 641 14 is_stmt 0 discriminator 2 view .LVU1050
 3506 0008 4668     		ldr	r6, [r0, #4]
 641:Middlewares/Third_Party/FreeRTOS/Source/queue.c **** 		{
 3507              		.loc 1 641 44 discriminator 2 view .LVU1051
 3508 000a FFF7FEFF 		bl	xTaskGetCurrentTaskHandle
 3509              	.LVL301:
 641:Middlewares/Third_Party/FreeRTOS/Source/queue.c **** 		{
 3510              		.loc 1 641 5 discriminator 2 view .LVU1052
 3511 000e 8642     		cmp	r6, r0
 3512 0010 11D0     		beq	.L265
 648:Middlewares/Third_Party/FreeRTOS/Source/queue.c **** 
 3513              		.loc 1 648 4 is_stmt 1 view .LVU1053
 648:Middlewares/Third_Party/FreeRTOS/Source/queue.c **** 
 3514              		.loc 1 648 14 is_stmt 0 view .LVU1054
 3515 0012 2146     		mov	r1, r4
 3516 0014 2846     		mov	r0, r5
 3517 0016 FFF7FEFF 		bl	xQueueSemaphoreTake
 3518              	.LVL302:
 653:Middlewares/Third_Party/FreeRTOS/Source/queue.c **** 			{
 3519              		.loc 1 653 4 is_stmt 1 view .LVU1055
 653:Middlewares/Third_Party/FreeRTOS/Source/queue.c **** 			{
 3520              		.loc 1 653 6 is_stmt 0 view .LVU1056
 3521 001a 80B1     		cbz	r0, .L257
 655:Middlewares/Third_Party/FreeRTOS/Source/queue.c **** 			}
 3522              		.loc 1 655 5 is_stmt 1 view .LVU1057
 655:Middlewares/Third_Party/FreeRTOS/Source/queue.c **** 			}
 3523              		.loc 1 655 17 is_stmt 0 view .LVU1058
 3524 001c EB68     		ldr	r3, [r5, #12]
 655:Middlewares/Third_Party/FreeRTOS/Source/queue.c **** 			}
 3525              		.loc 1 655 40 view .LVU1059
 3526 001e 0133     		adds	r3, r3, #1
 3527 0020 EB60     		str	r3, [r5, #12]
 659:Middlewares/Third_Party/FreeRTOS/Source/queue.c **** 			}
 3528              		.loc 1 659 48 is_stmt 1 view .LVU1060
 663:Middlewares/Third_Party/FreeRTOS/Source/queue.c **** 	}
ARM GAS  C:\Users\31005\AppData\Local\Temp\ccp6mIRg.s 			page 124


 3529              		.loc 1 663 3 view .LVU1061
 663:Middlewares/Third_Party/FreeRTOS/Source/queue.c **** 	}
 3530              		.loc 1 663 10 is_stmt 0 view .LVU1062
 3531 0022 0CE0     		b	.L257
 3532              	.LVL303:
 3533              	.L264:
 3534              	.LCFI44:
 3535              		.cfi_def_cfa_offset 0
 3536              		.cfi_restore 4
 3537              		.cfi_restore 5
 3538              		.cfi_restore 6
 3539              		.cfi_restore 14
 634:Middlewares/Third_Party/FreeRTOS/Source/queue.c **** 
 3540              		.loc 1 634 3 is_stmt 1 view .LVU1063
 3541              	.LBB204:
 3542              	.LBI204:
 191:Middlewares/Third_Party/FreeRTOS/Source/portable/GCC/ARM_CM4F/portmacro.h **** {
 3543              		.loc 2 191 30 view .LVU1064
 3544              	.LBB205:
 193:Middlewares/Third_Party/FreeRTOS/Source/portable/GCC/ARM_CM4F/portmacro.h **** 
 3545              		.loc 2 193 1 view .LVU1065
 195:Middlewares/Third_Party/FreeRTOS/Source/portable/GCC/ARM_CM4F/portmacro.h **** 	(
 3546              		.loc 2 195 2 view .LVU1066
 3547              		.syntax unified
 3548              	@ 195 "Middlewares/Third_Party/FreeRTOS/Source/portable/GCC/ARM_CM4F/portmacro.h" 1
 3549 0024 4FF05003 			mov r3, #80												
 3550 0028 83F31188 		msr basepri, r3											
 3551 002c BFF36F8F 		isb														
 3552 0030 BFF34F8F 		dsb														
 3553              	
 3554              	@ 0 "" 2
 3555              	.LVL304:
 3556              		.thumb
 3557              		.syntax unified
 3558              	.L259:
 195:Middlewares/Third_Party/FreeRTOS/Source/portable/GCC/ARM_CM4F/portmacro.h **** 	(
 3559              		.loc 2 195 2 is_stmt 0 view .LVU1067
 3560              	.LBE205:
 3561              	.LBE204:
 634:Middlewares/Third_Party/FreeRTOS/Source/queue.c **** 
 3562              		.loc 1 634 3 is_stmt 1 discriminator 1 view .LVU1068
 634:Middlewares/Third_Party/FreeRTOS/Source/queue.c **** 
 3563              		.loc 1 634 3 discriminator 1 view .LVU1069
 3564 0034 FEE7     		b	.L259
 3565              	.LVL305:
 3566              	.L265:
 3567              	.LCFI45:
 3568              		.cfi_def_cfa_offset 16
 3569              		.cfi_offset 4, -16
 3570              		.cfi_offset 5, -12
 3571              		.cfi_offset 6, -8
 3572              		.cfi_offset 14, -4
 643:Middlewares/Third_Party/FreeRTOS/Source/queue.c **** 			xReturn = pdPASS;
 3573              		.loc 1 643 4 view .LVU1070
 643:Middlewares/Third_Party/FreeRTOS/Source/queue.c **** 			xReturn = pdPASS;
 3574              		.loc 1 643 16 is_stmt 0 view .LVU1071
 3575 0036 EB68     		ldr	r3, [r5, #12]
ARM GAS  C:\Users\31005\AppData\Local\Temp\ccp6mIRg.s 			page 125


 643:Middlewares/Third_Party/FreeRTOS/Source/queue.c **** 			xReturn = pdPASS;
 3576              		.loc 1 643 39 view .LVU1072
 3577 0038 0133     		adds	r3, r3, #1
 3578 003a EB60     		str	r3, [r5, #12]
 644:Middlewares/Third_Party/FreeRTOS/Source/queue.c **** 		}
 3579              		.loc 1 644 4 is_stmt 1 view .LVU1073
 3580              	.LVL306:
 644:Middlewares/Third_Party/FreeRTOS/Source/queue.c **** 		}
 3581              		.loc 1 644 12 is_stmt 0 view .LVU1074
 3582 003c 0120     		movs	r0, #1
 3583              	.LVL307:
 3584              	.L257:
 664:Middlewares/Third_Party/FreeRTOS/Source/queue.c **** 
 3585              		.loc 1 664 2 view .LVU1075
 3586 003e 70BD     		pop	{r4, r5, r6, pc}
 664:Middlewares/Third_Party/FreeRTOS/Source/queue.c **** 
 3587              		.loc 1 664 2 view .LVU1076
 3588              		.cfi_endproc
 3589              	.LFE14:
 3591              		.section	.text.xQueuePeek,"ax",%progbits
 3592              		.align	1
 3593              		.global	xQueuePeek
 3594              		.syntax unified
 3595              		.thumb
 3596              		.thumb_func
 3598              	xQueuePeek:
 3599              	.LVL308:
 3600              	.LFB22:
1600:Middlewares/Third_Party/FreeRTOS/Source/queue.c **** BaseType_t xEntryTimeSet = pdFALSE;
 3601              		.loc 1 1600 1 is_stmt 1 view -0
 3602              		.cfi_startproc
 3603              		@ args = 0, pretend = 0, frame = 16
 3604              		@ frame_needed = 0, uses_anonymous_args = 0
1600:Middlewares/Third_Party/FreeRTOS/Source/queue.c **** BaseType_t xEntryTimeSet = pdFALSE;
 3605              		.loc 1 1600 1 is_stmt 0 view .LVU1078
 3606 0000 70B5     		push	{r4, r5, r6, lr}
 3607              	.LCFI46:
 3608              		.cfi_def_cfa_offset 16
 3609              		.cfi_offset 4, -16
 3610              		.cfi_offset 5, -12
 3611              		.cfi_offset 6, -8
 3612              		.cfi_offset 14, -4
 3613 0002 84B0     		sub	sp, sp, #16
 3614              	.LCFI47:
 3615              		.cfi_def_cfa_offset 32
 3616 0004 0192     		str	r2, [sp, #4]
1601:Middlewares/Third_Party/FreeRTOS/Source/queue.c **** TimeOut_t xTimeOut;
 3617              		.loc 1 1601 1 is_stmt 1 view .LVU1079
 3618              	.LVL309:
1602:Middlewares/Third_Party/FreeRTOS/Source/queue.c **** int8_t *pcOriginalReadPosition;
 3619              		.loc 1 1602 1 view .LVU1080
1603:Middlewares/Third_Party/FreeRTOS/Source/queue.c **** Queue_t * const pxQueue = ( Queue_t * ) xQueue;
 3620              		.loc 1 1603 1 view .LVU1081
1604:Middlewares/Third_Party/FreeRTOS/Source/queue.c **** 
 3621              		.loc 1 1604 1 view .LVU1082
1607:Middlewares/Third_Party/FreeRTOS/Source/queue.c **** 
 3622              		.loc 1 1607 2 view .LVU1083
ARM GAS  C:\Users\31005\AppData\Local\Temp\ccp6mIRg.s 			page 126


 3623 0006 90B1     		cbz	r0, .L286
 3624 0008 0E46     		mov	r6, r1
 3625 000a 0446     		mov	r4, r0
1607:Middlewares/Third_Party/FreeRTOS/Source/queue.c **** 
 3626              		.loc 1 1607 29 discriminator 2 view .LVU1084
1611:Middlewares/Third_Party/FreeRTOS/Source/queue.c **** 
 3627              		.loc 1 1611 2 discriminator 2 view .LVU1085
 3628 000c C1B1     		cbz	r1, .L287
 3629              	.L269:
1611:Middlewares/Third_Party/FreeRTOS/Source/queue.c **** 
 3630              		.loc 1 1611 100 discriminator 8 view .LVU1086
1616:Middlewares/Third_Party/FreeRTOS/Source/queue.c **** 	}
 3631              		.loc 1 1616 3 discriminator 8 view .LVU1087
 3632 000e FFF7FEFF 		bl	xTaskGetSchedulerState
 3633              	.LVL310:
1616:Middlewares/Third_Party/FreeRTOS/Source/queue.c **** 	}
 3634              		.loc 1 1616 3 is_stmt 0 discriminator 8 view .LVU1088
 3635 0012 0546     		mov	r5, r0
 3636 0014 00BB     		cbnz	r0, .L284
1616:Middlewares/Third_Party/FreeRTOS/Source/queue.c **** 	}
 3637              		.loc 1 1616 3 discriminator 2 view .LVU1089
 3638 0016 019B     		ldr	r3, [sp, #4]
 3639 0018 002B     		cmp	r3, #0
 3640 001a 5ED0     		beq	.L273
1616:Middlewares/Third_Party/FreeRTOS/Source/queue.c **** 	}
 3641              		.loc 1 1616 3 is_stmt 1 view .LVU1090
 3642              	.LBB206:
 3643              	.LBI206:
 191:Middlewares/Third_Party/FreeRTOS/Source/portable/GCC/ARM_CM4F/portmacro.h **** {
 3644              		.loc 2 191 30 view .LVU1091
 3645              	.LBB207:
 193:Middlewares/Third_Party/FreeRTOS/Source/portable/GCC/ARM_CM4F/portmacro.h **** 
 3646              		.loc 2 193 1 view .LVU1092
 195:Middlewares/Third_Party/FreeRTOS/Source/portable/GCC/ARM_CM4F/portmacro.h **** 	(
 3647              		.loc 2 195 2 view .LVU1093
 3648              		.syntax unified
 3649              	@ 195 "Middlewares/Third_Party/FreeRTOS/Source/portable/GCC/ARM_CM4F/portmacro.h" 1
 3650 001c 4FF05003 			mov r3, #80												
 3651 0020 83F31188 		msr basepri, r3											
 3652 0024 BFF36F8F 		isb														
 3653 0028 BFF34F8F 		dsb														
 3654              	
 3655              	@ 0 "" 2
 3656              	.LVL311:
 3657              		.thumb
 3658              		.syntax unified
 3659              	.L272:
 195:Middlewares/Third_Party/FreeRTOS/Source/portable/GCC/ARM_CM4F/portmacro.h **** 	(
 3660              		.loc 2 195 2 is_stmt 0 view .LVU1094
 3661              	.LBE207:
 3662              	.LBE206:
1616:Middlewares/Third_Party/FreeRTOS/Source/queue.c **** 	}
 3663              		.loc 1 1616 3 is_stmt 1 discriminator 3 view .LVU1095
1616:Middlewares/Third_Party/FreeRTOS/Source/queue.c **** 	}
 3664              		.loc 1 1616 3 discriminator 3 view .LVU1096
 3665 002c FEE7     		b	.L272
 3666              	.LVL312:
ARM GAS  C:\Users\31005\AppData\Local\Temp\ccp6mIRg.s 			page 127


 3667              	.L286:
1607:Middlewares/Third_Party/FreeRTOS/Source/queue.c **** 
 3668              		.loc 1 1607 2 view .LVU1097
 3669              	.LBB208:
 3670              	.LBI208:
 191:Middlewares/Third_Party/FreeRTOS/Source/portable/GCC/ARM_CM4F/portmacro.h **** {
 3671              		.loc 2 191 30 view .LVU1098
 3672              	.LBB209:
 193:Middlewares/Third_Party/FreeRTOS/Source/portable/GCC/ARM_CM4F/portmacro.h **** 
 3673              		.loc 2 193 1 view .LVU1099
 195:Middlewares/Third_Party/FreeRTOS/Source/portable/GCC/ARM_CM4F/portmacro.h **** 	(
 3674              		.loc 2 195 2 view .LVU1100
 3675              		.syntax unified
 3676              	@ 195 "Middlewares/Third_Party/FreeRTOS/Source/portable/GCC/ARM_CM4F/portmacro.h" 1
 3677 002e 4FF05003 			mov r3, #80												
 3678 0032 83F31188 		msr basepri, r3											
 3679 0036 BFF36F8F 		isb														
 3680 003a BFF34F8F 		dsb														
 3681              	
 3682              	@ 0 "" 2
 3683              	.LVL313:
 3684              		.thumb
 3685              		.syntax unified
 3686              	.L268:
 195:Middlewares/Third_Party/FreeRTOS/Source/portable/GCC/ARM_CM4F/portmacro.h **** 	(
 3687              		.loc 2 195 2 is_stmt 0 view .LVU1101
 3688              	.LBE209:
 3689              	.LBE208:
1607:Middlewares/Third_Party/FreeRTOS/Source/queue.c **** 
 3690              		.loc 1 1607 2 is_stmt 1 discriminator 1 view .LVU1102
1607:Middlewares/Third_Party/FreeRTOS/Source/queue.c **** 
 3691              		.loc 1 1607 2 discriminator 1 view .LVU1103
 3692 003e FEE7     		b	.L268
 3693              	.L287:
1611:Middlewares/Third_Party/FreeRTOS/Source/queue.c **** 
 3694              		.loc 1 1611 2 is_stmt 0 discriminator 2 view .LVU1104
 3695 0040 036C     		ldr	r3, [r0, #64]
 3696 0042 002B     		cmp	r3, #0
 3697 0044 E3D0     		beq	.L269
1611:Middlewares/Third_Party/FreeRTOS/Source/queue.c **** 
 3698              		.loc 1 1611 2 is_stmt 1 view .LVU1105
 3699              	.LBB210:
 3700              	.LBI210:
 191:Middlewares/Third_Party/FreeRTOS/Source/portable/GCC/ARM_CM4F/portmacro.h **** {
 3701              		.loc 2 191 30 view .LVU1106
 3702              	.LBB211:
 193:Middlewares/Third_Party/FreeRTOS/Source/portable/GCC/ARM_CM4F/portmacro.h **** 
 3703              		.loc 2 193 1 view .LVU1107
 195:Middlewares/Third_Party/FreeRTOS/Source/portable/GCC/ARM_CM4F/portmacro.h **** 	(
 3704              		.loc 2 195 2 view .LVU1108
 3705              		.syntax unified
 3706              	@ 195 "Middlewares/Third_Party/FreeRTOS/Source/portable/GCC/ARM_CM4F/portmacro.h" 1
 3707 0046 4FF05003 			mov r3, #80												
 3708 004a 83F31188 		msr basepri, r3											
 3709 004e BFF36F8F 		isb														
 3710 0052 BFF34F8F 		dsb														
 3711              	
ARM GAS  C:\Users\31005\AppData\Local\Temp\ccp6mIRg.s 			page 128


 3712              	@ 0 "" 2
 3713              	.LVL314:
 3714              		.thumb
 3715              		.syntax unified
 3716              	.L270:
 195:Middlewares/Third_Party/FreeRTOS/Source/portable/GCC/ARM_CM4F/portmacro.h **** 	(
 3717              		.loc 2 195 2 is_stmt 0 view .LVU1109
 3718              	.LBE211:
 3719              	.LBE210:
1611:Middlewares/Third_Party/FreeRTOS/Source/queue.c **** 
 3720              		.loc 1 1611 2 is_stmt 1 discriminator 2 view .LVU1110
1611:Middlewares/Third_Party/FreeRTOS/Source/queue.c **** 
 3721              		.loc 1 1611 2 discriminator 2 view .LVU1111
 3722 0056 FEE7     		b	.L270
 3723              	.LVL315:
 3724              	.L284:
1611:Middlewares/Third_Party/FreeRTOS/Source/queue.c **** 
 3725              		.loc 1 1611 2 is_stmt 0 discriminator 2 view .LVU1112
 3726 0058 0025     		movs	r5, #0
 3727 005a 3EE0     		b	.L273
 3728              	.LVL316:
 3729              	.L290:
 3730              	.LBB212:
1638:Middlewares/Third_Party/FreeRTOS/Source/queue.c **** 
 3731              		.loc 1 1638 5 is_stmt 1 view .LVU1113
1638:Middlewares/Third_Party/FreeRTOS/Source/queue.c **** 
 3732              		.loc 1 1638 28 is_stmt 0 view .LVU1114
 3733 005c E568     		ldr	r5, [r4, #12]
 3734              	.LVL317:
1640:Middlewares/Third_Party/FreeRTOS/Source/queue.c **** 				traceQUEUE_PEEK( pxQueue );
 3735              		.loc 1 1640 5 is_stmt 1 view .LVU1115
 3736 005e 3146     		mov	r1, r6
 3737 0060 2046     		mov	r0, r4
 3738 0062 FFF7FEFF 		bl	prvCopyDataFromQueue
 3739              	.LVL318:
1641:Middlewares/Third_Party/FreeRTOS/Source/queue.c **** 
 3740              		.loc 1 1641 31 view .LVU1116
1644:Middlewares/Third_Party/FreeRTOS/Source/queue.c **** 
 3741              		.loc 1 1644 5 view .LVU1117
1644:Middlewares/Third_Party/FreeRTOS/Source/queue.c **** 
 3742              		.loc 1 1644 27 is_stmt 0 view .LVU1118
 3743 0066 E560     		str	r5, [r4, #12]
1648:Middlewares/Third_Party/FreeRTOS/Source/queue.c **** 				{
 3744              		.loc 1 1648 5 is_stmt 1 view .LVU1119
1648:Middlewares/Third_Party/FreeRTOS/Source/queue.c **** 				{
 3745              		.loc 1 1648 9 is_stmt 0 view .LVU1120
 3746 0068 636A     		ldr	r3, [r4, #36]
1648:Middlewares/Third_Party/FreeRTOS/Source/queue.c **** 				{
 3747              		.loc 1 1648 7 view .LVU1121
 3748 006a 23B9     		cbnz	r3, .L288
 3749              	.L275:
1662:Middlewares/Third_Party/FreeRTOS/Source/queue.c **** 				}
 3750              		.loc 1 1662 30 is_stmt 1 view .LVU1122
1665:Middlewares/Third_Party/FreeRTOS/Source/queue.c **** 				return pdPASS;
 3751              		.loc 1 1665 5 view .LVU1123
 3752 006c FFF7FEFF 		bl	vPortExitCritical
 3753              	.LVL319:
ARM GAS  C:\Users\31005\AppData\Local\Temp\ccp6mIRg.s 			page 129


1666:Middlewares/Third_Party/FreeRTOS/Source/queue.c **** 			}
 3754              		.loc 1 1666 5 view .LVU1124
1666:Middlewares/Third_Party/FreeRTOS/Source/queue.c **** 			}
 3755              		.loc 1 1666 12 is_stmt 0 view .LVU1125
 3756 0070 0120     		movs	r0, #1
 3757              	.LVL320:
 3758              	.L266:
1666:Middlewares/Third_Party/FreeRTOS/Source/queue.c **** 			}
 3759              		.loc 1 1666 12 view .LVU1126
 3760              	.LBE212:
1746:Middlewares/Third_Party/FreeRTOS/Source/queue.c **** /*-----------------------------------------------------------*/
 3761              		.loc 1 1746 1 view .LVU1127
 3762 0072 04B0     		add	sp, sp, #16
 3763              	.LCFI48:
 3764              		.cfi_remember_state
 3765              		.cfi_def_cfa_offset 16
 3766              		@ sp needed
 3767 0074 70BD     		pop	{r4, r5, r6, pc}
 3768              	.LVL321:
 3769              	.L288:
 3770              	.LCFI49:
 3771              		.cfi_restore_state
 3772              	.LBB213:
1650:Middlewares/Third_Party/FreeRTOS/Source/queue.c **** 					{
 3773              		.loc 1 1650 6 is_stmt 1 view .LVU1128
1650:Middlewares/Third_Party/FreeRTOS/Source/queue.c **** 					{
 3774              		.loc 1 1650 10 is_stmt 0 view .LVU1129
 3775 0076 04F12400 		add	r0, r4, #36
 3776 007a FFF7FEFF 		bl	xTaskRemoveFromEventList
 3777              	.LVL322:
1650:Middlewares/Third_Party/FreeRTOS/Source/queue.c **** 					{
 3778              		.loc 1 1650 8 view .LVU1130
 3779 007e 0028     		cmp	r0, #0
 3780 0080 F4D0     		beq	.L275
1653:Middlewares/Third_Party/FreeRTOS/Source/queue.c **** 					}
 3781              		.loc 1 1653 7 is_stmt 1 view .LVU1131
 3782 0082 4FF0E023 		mov	r3, #-536813568
 3783 0086 4FF08052 		mov	r2, #268435456
 3784 008a C3F8042D 		str	r2, [r3, #3332]
1653:Middlewares/Third_Party/FreeRTOS/Source/queue.c **** 					}
 3785              		.loc 1 1653 7 view .LVU1132
 3786              		.syntax unified
 3787              	@ 1653 "Middlewares/Third_Party/FreeRTOS/Source/queue.c" 1
 3788 008e BFF34F8F 		dsb
 3789              	@ 0 "" 2
1653:Middlewares/Third_Party/FreeRTOS/Source/queue.c **** 					}
 3790              		.loc 1 1653 7 view .LVU1133
 3791              	@ 1653 "Middlewares/Third_Party/FreeRTOS/Source/queue.c" 1
 3792 0092 BFF36F8F 		isb
 3793              	@ 0 "" 2
1653:Middlewares/Third_Party/FreeRTOS/Source/queue.c **** 					}
 3794              		.loc 1 1653 39 view .LVU1134
 3795              		.thumb
 3796              		.syntax unified
 3797 0096 E9E7     		b	.L275
 3798              	.LVL323:
 3799              	.L291:
ARM GAS  C:\Users\31005\AppData\Local\Temp\ccp6mIRg.s 			page 130


1674:Middlewares/Third_Party/FreeRTOS/Source/queue.c **** 					traceQUEUE_PEEK_FAILED( pxQueue );
 3800              		.loc 1 1674 6 view .LVU1135
 3801 0098 FFF7FEFF 		bl	vPortExitCritical
 3802              	.LVL324:
1675:Middlewares/Third_Party/FreeRTOS/Source/queue.c **** 					return errQUEUE_EMPTY;
 3803              		.loc 1 1675 39 view .LVU1136
1676:Middlewares/Third_Party/FreeRTOS/Source/queue.c **** 				}
 3804              		.loc 1 1676 6 view .LVU1137
1676:Middlewares/Third_Party/FreeRTOS/Source/queue.c **** 				}
 3805              		.loc 1 1676 13 is_stmt 0 view .LVU1138
 3806 009c 0020     		movs	r0, #0
 3807 009e E8E7     		b	.L266
 3808              	.L292:
1683:Middlewares/Third_Party/FreeRTOS/Source/queue.c **** 					xEntryTimeSet = pdTRUE;
 3809              		.loc 1 1683 6 is_stmt 1 view .LVU1139
 3810 00a0 02A8     		add	r0, sp, #8
 3811 00a2 FFF7FEFF 		bl	vTaskInternalSetTimeOutState
 3812              	.LVL325:
1684:Middlewares/Third_Party/FreeRTOS/Source/queue.c **** 				}
 3813              		.loc 1 1684 6 view .LVU1140
1684:Middlewares/Third_Party/FreeRTOS/Source/queue.c **** 				}
 3814              		.loc 1 1684 20 is_stmt 0 view .LVU1141
 3815 00a6 0125     		movs	r5, #1
 3816 00a8 21E0     		b	.L278
 3817              	.LVL326:
 3818              	.L293:
1684:Middlewares/Third_Party/FreeRTOS/Source/queue.c **** 				}
 3819              		.loc 1 1684 20 view .LVU1142
 3820              	.LBE213:
1699:Middlewares/Third_Party/FreeRTOS/Source/queue.c **** 
 3821              		.loc 1 1699 3 is_stmt 1 discriminator 1 view .LVU1143
 3822 00aa 0023     		movs	r3, #0
 3823 00ac 84F84430 		strb	r3, [r4, #68]
 3824 00b0 29E0     		b	.L279
 3825              	.L294:
1699:Middlewares/Third_Party/FreeRTOS/Source/queue.c **** 
 3826              		.loc 1 1699 3 discriminator 4 view .LVU1144
 3827 00b2 0023     		movs	r3, #0
 3828 00b4 84F84530 		strb	r3, [r4, #69]
 3829 00b8 2BE0     		b	.L280
 3830              	.L282:
1724:Middlewares/Third_Party/FreeRTOS/Source/queue.c **** 				( void ) xTaskResumeAll();
 3831              		.loc 1 1724 5 view .LVU1145
 3832 00ba 2046     		mov	r0, r4
 3833 00bc FFF7FEFF 		bl	prvUnlockQueue
 3834              	.LVL327:
1725:Middlewares/Third_Party/FreeRTOS/Source/queue.c **** 			}
 3835              		.loc 1 1725 5 view .LVU1146
1725:Middlewares/Third_Party/FreeRTOS/Source/queue.c **** 			}
 3836              		.loc 1 1725 14 is_stmt 0 view .LVU1147
 3837 00c0 FFF7FEFF 		bl	xTaskResumeAll
 3838              	.LVL328:
 3839 00c4 09E0     		b	.L273
 3840              	.L281:
1732:Middlewares/Third_Party/FreeRTOS/Source/queue.c **** 			( void ) xTaskResumeAll();
 3841              		.loc 1 1732 4 is_stmt 1 view .LVU1148
 3842 00c6 2046     		mov	r0, r4
ARM GAS  C:\Users\31005\AppData\Local\Temp\ccp6mIRg.s 			page 131


 3843 00c8 FFF7FEFF 		bl	prvUnlockQueue
 3844              	.LVL329:
1733:Middlewares/Third_Party/FreeRTOS/Source/queue.c **** 
 3845              		.loc 1 1733 4 view .LVU1149
1733:Middlewares/Third_Party/FreeRTOS/Source/queue.c **** 
 3846              		.loc 1 1733 13 is_stmt 0 view .LVU1150
 3847 00cc FFF7FEFF 		bl	xTaskResumeAll
 3848              	.LVL330:
1735:Middlewares/Third_Party/FreeRTOS/Source/queue.c **** 			{
 3849              		.loc 1 1735 4 is_stmt 1 view .LVU1151
1735:Middlewares/Third_Party/FreeRTOS/Source/queue.c **** 			{
 3850              		.loc 1 1735 8 is_stmt 0 view .LVU1152
 3851 00d0 2046     		mov	r0, r4
 3852 00d2 FFF7FEFF 		bl	prvIsQueueEmpty
 3853              	.LVL331:
1735:Middlewares/Third_Party/FreeRTOS/Source/queue.c **** 			{
 3854              		.loc 1 1735 6 view .LVU1153
 3855 00d6 0028     		cmp	r0, #0
 3856 00d8 3FD1     		bne	.L289
 3857              	.LVL332:
 3858              	.L273:
1616:Middlewares/Third_Party/FreeRTOS/Source/queue.c **** 	}
 3859              		.loc 1 1616 104 is_stmt 1 discriminator 8 view .LVU1154
1625:Middlewares/Third_Party/FreeRTOS/Source/queue.c **** 	{
 3860              		.loc 1 1625 2 discriminator 8 view .LVU1155
1627:Middlewares/Third_Party/FreeRTOS/Source/queue.c **** 		{
 3861              		.loc 1 1627 3 discriminator 8 view .LVU1156
 3862 00da FFF7FEFF 		bl	vPortEnterCritical
 3863              	.LVL333:
 3864              	.LBB214:
1629:Middlewares/Third_Party/FreeRTOS/Source/queue.c **** 
 3865              		.loc 1 1629 4 discriminator 8 view .LVU1157
1629:Middlewares/Third_Party/FreeRTOS/Source/queue.c **** 
 3866              		.loc 1 1629 22 is_stmt 0 discriminator 8 view .LVU1158
 3867 00de A36B     		ldr	r3, [r4, #56]
 3868              	.LVL334:
1633:Middlewares/Third_Party/FreeRTOS/Source/queue.c **** 			{
 3869              		.loc 1 1633 4 is_stmt 1 discriminator 8 view .LVU1159
1633:Middlewares/Third_Party/FreeRTOS/Source/queue.c **** 			{
 3870              		.loc 1 1633 6 is_stmt 0 discriminator 8 view .LVU1160
 3871 00e0 002B     		cmp	r3, #0
 3872 00e2 BBD1     		bne	.L290
1670:Middlewares/Third_Party/FreeRTOS/Source/queue.c **** 				{
 3873              		.loc 1 1670 5 is_stmt 1 view .LVU1161
1670:Middlewares/Third_Party/FreeRTOS/Source/queue.c **** 				{
 3874              		.loc 1 1670 22 is_stmt 0 view .LVU1162
 3875 00e4 019B     		ldr	r3, [sp, #4]
 3876              	.LVL335:
1670:Middlewares/Third_Party/FreeRTOS/Source/queue.c **** 				{
 3877              		.loc 1 1670 7 view .LVU1163
 3878 00e6 002B     		cmp	r3, #0
 3879 00e8 D6D0     		beq	.L291
1678:Middlewares/Third_Party/FreeRTOS/Source/queue.c **** 				{
 3880              		.loc 1 1678 10 is_stmt 1 view .LVU1164
1678:Middlewares/Third_Party/FreeRTOS/Source/queue.c **** 				{
 3881              		.loc 1 1678 12 is_stmt 0 view .LVU1165
 3882 00ea 002D     		cmp	r5, #0
ARM GAS  C:\Users\31005\AppData\Local\Temp\ccp6mIRg.s 			page 132


 3883 00ec D8D0     		beq	.L292
 3884              	.LVL336:
 3885              	.L278:
1689:Middlewares/Third_Party/FreeRTOS/Source/queue.c **** 				}
 3886              		.loc 1 1689 30 is_stmt 1 view .LVU1166
 3887              	.LBE214:
1693:Middlewares/Third_Party/FreeRTOS/Source/queue.c **** 
 3888              		.loc 1 1693 3 view .LVU1167
 3889 00ee FFF7FEFF 		bl	vPortExitCritical
 3890              	.LVL337:
1698:Middlewares/Third_Party/FreeRTOS/Source/queue.c **** 		prvLockQueue( pxQueue );
 3891              		.loc 1 1698 3 view .LVU1168
 3892 00f2 FFF7FEFF 		bl	vTaskSuspendAll
 3893              	.LVL338:
1699:Middlewares/Third_Party/FreeRTOS/Source/queue.c **** 
 3894              		.loc 1 1699 3 view .LVU1169
 3895 00f6 FFF7FEFF 		bl	vPortEnterCritical
 3896              	.LVL339:
1699:Middlewares/Third_Party/FreeRTOS/Source/queue.c **** 
 3897              		.loc 1 1699 3 view .LVU1170
 3898 00fa 94F84430 		ldrb	r3, [r4, #68]	@ zero_extendqisi2
 3899 00fe 5BB2     		sxtb	r3, r3
 3900 0100 B3F1FF3F 		cmp	r3, #-1
 3901 0104 D1D0     		beq	.L293
 3902              	.L279:
1699:Middlewares/Third_Party/FreeRTOS/Source/queue.c **** 
 3903              		.loc 1 1699 3 discriminator 3 view .LVU1171
 3904 0106 94F84530 		ldrb	r3, [r4, #69]	@ zero_extendqisi2
 3905 010a 5BB2     		sxtb	r3, r3
 3906 010c B3F1FF3F 		cmp	r3, #-1
 3907 0110 CFD0     		beq	.L294
 3908              	.L280:
1699:Middlewares/Third_Party/FreeRTOS/Source/queue.c **** 
 3909              		.loc 1 1699 3 discriminator 6 view .LVU1172
 3910 0112 FFF7FEFF 		bl	vPortExitCritical
 3911              	.LVL340:
1702:Middlewares/Third_Party/FreeRTOS/Source/queue.c **** 		{
 3912              		.loc 1 1702 3 discriminator 6 view .LVU1173
1702:Middlewares/Third_Party/FreeRTOS/Source/queue.c **** 		{
 3913              		.loc 1 1702 7 is_stmt 0 discriminator 6 view .LVU1174
 3914 0116 01A9     		add	r1, sp, #4
 3915 0118 02A8     		add	r0, sp, #8
 3916 011a FFF7FEFF 		bl	xTaskCheckForTimeOut
 3917              	.LVL341:
1702:Middlewares/Third_Party/FreeRTOS/Source/queue.c **** 		{
 3918              		.loc 1 1702 5 discriminator 6 view .LVU1175
 3919 011e 0028     		cmp	r0, #0
 3920 0120 D1D1     		bne	.L281
1706:Middlewares/Third_Party/FreeRTOS/Source/queue.c **** 			{
 3921              		.loc 1 1706 4 is_stmt 1 view .LVU1176
1706:Middlewares/Third_Party/FreeRTOS/Source/queue.c **** 			{
 3922              		.loc 1 1706 8 is_stmt 0 view .LVU1177
 3923 0122 2046     		mov	r0, r4
 3924 0124 FFF7FEFF 		bl	prvIsQueueEmpty
 3925              	.LVL342:
1706:Middlewares/Third_Party/FreeRTOS/Source/queue.c **** 			{
 3926              		.loc 1 1706 6 view .LVU1178
ARM GAS  C:\Users\31005\AppData\Local\Temp\ccp6mIRg.s 			page 133


 3927 0128 0028     		cmp	r0, #0
 3928 012a C6D0     		beq	.L282
1708:Middlewares/Third_Party/FreeRTOS/Source/queue.c **** 				vTaskPlaceOnEventList( &( pxQueue->xTasksWaitingToReceive ), xTicksToWait );
 3929              		.loc 1 1708 43 is_stmt 1 view .LVU1179
1709:Middlewares/Third_Party/FreeRTOS/Source/queue.c **** 				prvUnlockQueue( pxQueue );
 3930              		.loc 1 1709 5 view .LVU1180
 3931 012c 0199     		ldr	r1, [sp, #4]
 3932 012e 04F12400 		add	r0, r4, #36
 3933 0132 FFF7FEFF 		bl	vTaskPlaceOnEventList
 3934              	.LVL343:
1710:Middlewares/Third_Party/FreeRTOS/Source/queue.c **** 				if( xTaskResumeAll() == pdFALSE )
 3935              		.loc 1 1710 5 view .LVU1181
 3936 0136 2046     		mov	r0, r4
 3937 0138 FFF7FEFF 		bl	prvUnlockQueue
 3938              	.LVL344:
1711:Middlewares/Third_Party/FreeRTOS/Source/queue.c **** 				{
 3939              		.loc 1 1711 5 view .LVU1182
1711:Middlewares/Third_Party/FreeRTOS/Source/queue.c **** 				{
 3940              		.loc 1 1711 9 is_stmt 0 view .LVU1183
 3941 013c FFF7FEFF 		bl	xTaskResumeAll
 3942              	.LVL345:
1711:Middlewares/Third_Party/FreeRTOS/Source/queue.c **** 				{
 3943              		.loc 1 1711 7 view .LVU1184
 3944 0140 0028     		cmp	r0, #0
 3945 0142 CAD1     		bne	.L273
1713:Middlewares/Third_Party/FreeRTOS/Source/queue.c **** 				}
 3946              		.loc 1 1713 6 is_stmt 1 view .LVU1185
 3947 0144 4FF0E023 		mov	r3, #-536813568
 3948 0148 4FF08052 		mov	r2, #268435456
 3949 014c C3F8042D 		str	r2, [r3, #3332]
1713:Middlewares/Third_Party/FreeRTOS/Source/queue.c **** 				}
 3950              		.loc 1 1713 6 view .LVU1186
 3951              		.syntax unified
 3952              	@ 1713 "Middlewares/Third_Party/FreeRTOS/Source/queue.c" 1
 3953 0150 BFF34F8F 		dsb
 3954              	@ 0 "" 2
1713:Middlewares/Third_Party/FreeRTOS/Source/queue.c **** 				}
 3955              		.loc 1 1713 6 view .LVU1187
 3956              	@ 1713 "Middlewares/Third_Party/FreeRTOS/Source/queue.c" 1
 3957 0154 BFF36F8F 		isb
 3958              	@ 0 "" 2
1713:Middlewares/Third_Party/FreeRTOS/Source/queue.c **** 				}
 3959              		.loc 1 1713 28 view .LVU1188
 3960              		.thumb
 3961              		.syntax unified
 3962 0158 BFE7     		b	.L273
 3963              	.L289:
1738:Middlewares/Third_Party/FreeRTOS/Source/queue.c **** 			}
 3964              		.loc 1 1738 12 is_stmt 0 view .LVU1189
 3965 015a 0020     		movs	r0, #0
 3966 015c 89E7     		b	.L266
 3967              		.cfi_endproc
 3968              	.LFE22:
 3970              		.section	.text.xQueueReceiveFromISR,"ax",%progbits
 3971              		.align	1
 3972              		.global	xQueueReceiveFromISR
 3973              		.syntax unified
ARM GAS  C:\Users\31005\AppData\Local\Temp\ccp6mIRg.s 			page 134


 3974              		.thumb
 3975              		.thumb_func
 3977              	xQueueReceiveFromISR:
 3978              	.LVL346:
 3979              	.LFB23:
1750:Middlewares/Third_Party/FreeRTOS/Source/queue.c **** BaseType_t xReturn;
 3980              		.loc 1 1750 1 is_stmt 1 view -0
 3981              		.cfi_startproc
 3982              		@ args = 0, pretend = 0, frame = 0
 3983              		@ frame_needed = 0, uses_anonymous_args = 0
1750:Middlewares/Third_Party/FreeRTOS/Source/queue.c **** BaseType_t xReturn;
 3984              		.loc 1 1750 1 is_stmt 0 view .LVU1191
 3985 0000 2DE9F843 		push	{r3, r4, r5, r6, r7, r8, r9, lr}
 3986              	.LCFI50:
 3987              		.cfi_def_cfa_offset 32
 3988              		.cfi_offset 3, -32
 3989              		.cfi_offset 4, -28
 3990              		.cfi_offset 5, -24
 3991              		.cfi_offset 6, -20
 3992              		.cfi_offset 7, -16
 3993              		.cfi_offset 8, -12
 3994              		.cfi_offset 9, -8
 3995              		.cfi_offset 14, -4
1751:Middlewares/Third_Party/FreeRTOS/Source/queue.c **** UBaseType_t uxSavedInterruptStatus;
 3996              		.loc 1 1751 1 is_stmt 1 view .LVU1192
1752:Middlewares/Third_Party/FreeRTOS/Source/queue.c **** Queue_t * const pxQueue = ( Queue_t * ) xQueue;
 3997              		.loc 1 1752 1 view .LVU1193
1753:Middlewares/Third_Party/FreeRTOS/Source/queue.c **** 
 3998              		.loc 1 1753 1 view .LVU1194
 3999              	.LVL347:
1755:Middlewares/Third_Party/FreeRTOS/Source/queue.c **** 	configASSERT( !( ( pvBuffer == NULL ) && ( pxQueue->uxItemSize != ( UBaseType_t ) 0U ) ) );
 4000              		.loc 1 1755 2 view .LVU1195
 4001 0004 B0B1     		cbz	r0, .L307
 4002 0006 0D46     		mov	r5, r1
 4003 0008 9046     		mov	r8, r2
 4004 000a 0446     		mov	r4, r0
1755:Middlewares/Third_Party/FreeRTOS/Source/queue.c **** 	configASSERT( !( ( pvBuffer == NULL ) && ( pxQueue->uxItemSize != ( UBaseType_t ) 0U ) ) );
 4005              		.loc 1 1755 25 discriminator 2 view .LVU1196
1756:Middlewares/Third_Party/FreeRTOS/Source/queue.c **** 
 4006              		.loc 1 1756 2 discriminator 2 view .LVU1197
 4007 000c D9B1     		cbz	r1, .L308
 4008              	.L298:
1756:Middlewares/Third_Party/FreeRTOS/Source/queue.c **** 
 4009              		.loc 1 1756 92 discriminator 8 view .LVU1198
1772:Middlewares/Third_Party/FreeRTOS/Source/queue.c **** 
 4010              		.loc 1 1772 2 discriminator 8 view .LVU1199
 4011 000e FFF7FEFF 		bl	vPortValidateInterruptPriority
 4012              	.LVL348:
1774:Middlewares/Third_Party/FreeRTOS/Source/queue.c **** 	{
 4013              		.loc 1 1774 2 discriminator 8 view .LVU1200
 4014              	.LBB215:
 4015              	.LBI215:
 207:Middlewares/Third_Party/FreeRTOS/Source/portable/GCC/ARM_CM4F/portmacro.h **** {
 4016              		.loc 2 207 34 discriminator 8 view .LVU1201
 4017              	.LBB216:
 209:Middlewares/Third_Party/FreeRTOS/Source/portable/GCC/ARM_CM4F/portmacro.h **** 
 4018              		.loc 2 209 1 discriminator 8 view .LVU1202
ARM GAS  C:\Users\31005\AppData\Local\Temp\ccp6mIRg.s 			page 135


 211:Middlewares/Third_Party/FreeRTOS/Source/portable/GCC/ARM_CM4F/portmacro.h **** 	(
 4019              		.loc 2 211 2 discriminator 8 view .LVU1203
 4020              		.syntax unified
 4021              	@ 211 "Middlewares/Third_Party/FreeRTOS/Source/portable/GCC/ARM_CM4F/portmacro.h" 1
 4022 0012 EFF31187 			mrs r7, basepri											
 4023 0016 4FF05003 		mov r3, #80												
 4024 001a 83F31188 		msr basepri, r3											
 4025 001e BFF36F8F 		isb														
 4026 0022 BFF34F8F 		dsb														
 4027              	
 4028              	@ 0 "" 2
 4029              	.LVL349:
 223:Middlewares/Third_Party/FreeRTOS/Source/portable/GCC/ARM_CM4F/portmacro.h **** }
 4030              		.loc 2 223 2 discriminator 8 view .LVU1204
 223:Middlewares/Third_Party/FreeRTOS/Source/portable/GCC/ARM_CM4F/portmacro.h **** }
 4031              		.loc 2 223 2 is_stmt 0 discriminator 8 view .LVU1205
 4032              		.thumb
 4033              		.syntax unified
 4034              	.LBE216:
 4035              	.LBE215:
 4036              	.LBB217:
1776:Middlewares/Third_Party/FreeRTOS/Source/queue.c **** 
 4037              		.loc 1 1776 3 is_stmt 1 discriminator 8 view .LVU1206
1776:Middlewares/Third_Party/FreeRTOS/Source/queue.c **** 
 4038              		.loc 1 1776 21 is_stmt 0 discriminator 8 view .LVU1207
 4039 0026 A66B     		ldr	r6, [r4, #56]
 4040              	.LVL350:
1779:Middlewares/Third_Party/FreeRTOS/Source/queue.c **** 		{
 4041              		.loc 1 1779 3 is_stmt 1 discriminator 8 view .LVU1208
1779:Middlewares/Third_Party/FreeRTOS/Source/queue.c **** 		{
 4042              		.loc 1 1779 5 is_stmt 0 discriminator 8 view .LVU1209
 4043 0028 CEB9     		cbnz	r6, .L309
1830:Middlewares/Third_Party/FreeRTOS/Source/queue.c **** 			traceQUEUE_RECEIVE_FROM_ISR_FAILED( pxQueue );
 4044              		.loc 1 1830 12 view .LVU1210
 4045 002a 0020     		movs	r0, #0
 4046              	.L300:
 4047              	.LVL351:
1831:Middlewares/Third_Party/FreeRTOS/Source/queue.c **** 		}
 4048              		.loc 1 1831 49 is_stmt 1 view .LVU1211
 4049              	.LBE217:
1834:Middlewares/Third_Party/FreeRTOS/Source/queue.c **** 
 4050              		.loc 1 1834 2 view .LVU1212
 4051              	.LBB219:
 4052              	.LBI219:
 227:Middlewares/Third_Party/FreeRTOS/Source/portable/GCC/ARM_CM4F/portmacro.h **** {
 4053              		.loc 2 227 30 view .LVU1213
 4054              	.LBB220:
 4055              		.loc 2 229 2 view .LVU1214
 4056              		.syntax unified
 4057              	@ 229 "Middlewares/Third_Party/FreeRTOS/Source/portable/GCC/ARM_CM4F/portmacro.h" 1
 4058 002c 87F31188 			msr basepri, r7	
 4059              	@ 0 "" 2
 4060              		.thumb
 4061              		.syntax unified
 4062              	.LBE220:
 4063              	.LBE219:
1836:Middlewares/Third_Party/FreeRTOS/Source/queue.c **** }
ARM GAS  C:\Users\31005\AppData\Local\Temp\ccp6mIRg.s 			page 136


 4064              		.loc 1 1836 2 view .LVU1215
1837:Middlewares/Third_Party/FreeRTOS/Source/queue.c **** /*-----------------------------------------------------------*/
 4065              		.loc 1 1837 1 is_stmt 0 view .LVU1216
 4066 0030 BDE8F883 		pop	{r3, r4, r5, r6, r7, r8, r9, pc}
 4067              	.LVL352:
 4068              	.L307:
1755:Middlewares/Third_Party/FreeRTOS/Source/queue.c **** 	configASSERT( !( ( pvBuffer == NULL ) && ( pxQueue->uxItemSize != ( UBaseType_t ) 0U ) ) );
 4069              		.loc 1 1755 2 is_stmt 1 view .LVU1217
 4070              	.LBB221:
 4071              	.LBI221:
 191:Middlewares/Third_Party/FreeRTOS/Source/portable/GCC/ARM_CM4F/portmacro.h **** {
 4072              		.loc 2 191 30 view .LVU1218
 4073              	.LBB222:
 193:Middlewares/Third_Party/FreeRTOS/Source/portable/GCC/ARM_CM4F/portmacro.h **** 
 4074              		.loc 2 193 1 view .LVU1219
 195:Middlewares/Third_Party/FreeRTOS/Source/portable/GCC/ARM_CM4F/portmacro.h **** 	(
 4075              		.loc 2 195 2 view .LVU1220
 4076              		.syntax unified
 4077              	@ 195 "Middlewares/Third_Party/FreeRTOS/Source/portable/GCC/ARM_CM4F/portmacro.h" 1
 4078 0034 4FF05003 			mov r3, #80												
 4079 0038 83F31188 		msr basepri, r3											
 4080 003c BFF36F8F 		isb														
 4081 0040 BFF34F8F 		dsb														
 4082              	
 4083              	@ 0 "" 2
 4084              	.LVL353:
 4085              		.thumb
 4086              		.syntax unified
 4087              	.L297:
 195:Middlewares/Third_Party/FreeRTOS/Source/portable/GCC/ARM_CM4F/portmacro.h **** 	(
 4088              		.loc 2 195 2 is_stmt 0 view .LVU1221
 4089              	.LBE222:
 4090              	.LBE221:
1755:Middlewares/Third_Party/FreeRTOS/Source/queue.c **** 	configASSERT( !( ( pvBuffer == NULL ) && ( pxQueue->uxItemSize != ( UBaseType_t ) 0U ) ) );
 4091              		.loc 1 1755 2 is_stmt 1 discriminator 1 view .LVU1222
1755:Middlewares/Third_Party/FreeRTOS/Source/queue.c **** 	configASSERT( !( ( pvBuffer == NULL ) && ( pxQueue->uxItemSize != ( UBaseType_t ) 0U ) ) );
 4092              		.loc 1 1755 2 discriminator 1 view .LVU1223
 4093 0044 FEE7     		b	.L297
 4094              	.L308:
1756:Middlewares/Third_Party/FreeRTOS/Source/queue.c **** 
 4095              		.loc 1 1756 2 is_stmt 0 discriminator 2 view .LVU1224
 4096 0046 036C     		ldr	r3, [r0, #64]
 4097 0048 002B     		cmp	r3, #0
 4098 004a E0D0     		beq	.L298
1756:Middlewares/Third_Party/FreeRTOS/Source/queue.c **** 
 4099              		.loc 1 1756 2 is_stmt 1 view .LVU1225
 4100              	.LBB223:
 4101              	.LBI223:
 191:Middlewares/Third_Party/FreeRTOS/Source/portable/GCC/ARM_CM4F/portmacro.h **** {
 4102              		.loc 2 191 30 view .LVU1226
 4103              	.LBB224:
 193:Middlewares/Third_Party/FreeRTOS/Source/portable/GCC/ARM_CM4F/portmacro.h **** 
 4104              		.loc 2 193 1 view .LVU1227
 195:Middlewares/Third_Party/FreeRTOS/Source/portable/GCC/ARM_CM4F/portmacro.h **** 	(
 4105              		.loc 2 195 2 view .LVU1228
 4106              		.syntax unified
 4107              	@ 195 "Middlewares/Third_Party/FreeRTOS/Source/portable/GCC/ARM_CM4F/portmacro.h" 1
ARM GAS  C:\Users\31005\AppData\Local\Temp\ccp6mIRg.s 			page 137


 4108 004c 4FF05003 			mov r3, #80												
 4109 0050 83F31188 		msr basepri, r3											
 4110 0054 BFF36F8F 		isb														
 4111 0058 BFF34F8F 		dsb														
 4112              	
 4113              	@ 0 "" 2
 4114              	.LVL354:
 4115              		.thumb
 4116              		.syntax unified
 4117              	.L299:
 195:Middlewares/Third_Party/FreeRTOS/Source/portable/GCC/ARM_CM4F/portmacro.h **** 	(
 4118              		.loc 2 195 2 is_stmt 0 view .LVU1229
 4119              	.LBE224:
 4120              	.LBE223:
1756:Middlewares/Third_Party/FreeRTOS/Source/queue.c **** 
 4121              		.loc 1 1756 2 is_stmt 1 discriminator 2 view .LVU1230
1756:Middlewares/Third_Party/FreeRTOS/Source/queue.c **** 
 4122              		.loc 1 1756 2 discriminator 2 view .LVU1231
 4123 005c FEE7     		b	.L299
 4124              	.LVL355:
 4125              	.L309:
 4126              	.LBB225:
 4127              	.LBB218:
1781:Middlewares/Third_Party/FreeRTOS/Source/queue.c **** 
 4128              		.loc 1 1781 4 view .LVU1232
1781:Middlewares/Third_Party/FreeRTOS/Source/queue.c **** 
 4129              		.loc 1 1781 17 is_stmt 0 view .LVU1233
 4130 005e 94F84490 		ldrb	r9, [r4, #68]	@ zero_extendqisi2
 4131 0062 4FFA89F9 		sxtb	r9, r9
 4132              	.LVL356:
1783:Middlewares/Third_Party/FreeRTOS/Source/queue.c **** 
 4133              		.loc 1 1783 42 is_stmt 1 view .LVU1234
1785:Middlewares/Third_Party/FreeRTOS/Source/queue.c **** 			pxQueue->uxMessagesWaiting = uxMessagesWaiting - ( UBaseType_t ) 1;
 4134              		.loc 1 1785 4 view .LVU1235
 4135 0066 2946     		mov	r1, r5
 4136 0068 2046     		mov	r0, r4
 4137 006a FFF7FEFF 		bl	prvCopyDataFromQueue
 4138              	.LVL357:
1786:Middlewares/Third_Party/FreeRTOS/Source/queue.c **** 
 4139              		.loc 1 1786 4 view .LVU1236
1786:Middlewares/Third_Party/FreeRTOS/Source/queue.c **** 
 4140              		.loc 1 1786 51 is_stmt 0 view .LVU1237
 4141 006e 731E     		subs	r3, r6, #1
1786:Middlewares/Third_Party/FreeRTOS/Source/queue.c **** 
 4142              		.loc 1 1786 31 view .LVU1238
 4143 0070 A363     		str	r3, [r4, #56]
1792:Middlewares/Third_Party/FreeRTOS/Source/queue.c **** 			{
 4144              		.loc 1 1792 4 is_stmt 1 view .LVU1239
1792:Middlewares/Third_Party/FreeRTOS/Source/queue.c **** 			{
 4145              		.loc 1 1792 6 is_stmt 0 view .LVU1240
 4146 0072 B9F1FF3F 		cmp	r9, #-1
 4147 0076 06D0     		beq	.L310
1823:Middlewares/Third_Party/FreeRTOS/Source/queue.c **** 			}
 4148              		.loc 1 1823 5 is_stmt 1 view .LVU1241
1823:Middlewares/Third_Party/FreeRTOS/Source/queue.c **** 			}
 4149              		.loc 1 1823 45 is_stmt 0 view .LVU1242
 4150 0078 09F10103 		add	r3, r9, #1
ARM GAS  C:\Users\31005\AppData\Local\Temp\ccp6mIRg.s 			page 138


1823:Middlewares/Third_Party/FreeRTOS/Source/queue.c **** 			}
 4151              		.loc 1 1823 24 view .LVU1243
 4152 007c 5BB2     		sxtb	r3, r3
1823:Middlewares/Third_Party/FreeRTOS/Source/queue.c **** 			}
 4153              		.loc 1 1823 22 view .LVU1244
 4154 007e 84F84430 		strb	r3, [r4, #68]
1826:Middlewares/Third_Party/FreeRTOS/Source/queue.c **** 		}
 4155              		.loc 1 1826 12 view .LVU1245
 4156 0082 0120     		movs	r0, #1
 4157 0084 D2E7     		b	.L300
 4158              	.L310:
1794:Middlewares/Third_Party/FreeRTOS/Source/queue.c **** 				{
 4159              		.loc 1 1794 5 is_stmt 1 view .LVU1246
1794:Middlewares/Third_Party/FreeRTOS/Source/queue.c **** 				{
 4160              		.loc 1 1794 9 is_stmt 0 view .LVU1247
 4161 0086 2369     		ldr	r3, [r4, #16]
1794:Middlewares/Third_Party/FreeRTOS/Source/queue.c **** 				{
 4162              		.loc 1 1794 7 view .LVU1248
 4163 0088 0BB9     		cbnz	r3, .L311
1826:Middlewares/Third_Party/FreeRTOS/Source/queue.c **** 		}
 4164              		.loc 1 1826 12 view .LVU1249
 4165 008a 0120     		movs	r0, #1
 4166 008c CEE7     		b	.L300
 4167              	.L311:
1796:Middlewares/Third_Party/FreeRTOS/Source/queue.c **** 					{
 4168              		.loc 1 1796 6 is_stmt 1 view .LVU1250
1796:Middlewares/Third_Party/FreeRTOS/Source/queue.c **** 					{
 4169              		.loc 1 1796 10 is_stmt 0 view .LVU1251
 4170 008e 04F11000 		add	r0, r4, #16
 4171 0092 FFF7FEFF 		bl	xTaskRemoveFromEventList
 4172              	.LVL358:
1796:Middlewares/Third_Party/FreeRTOS/Source/queue.c **** 					{
 4173              		.loc 1 1796 8 view .LVU1252
 4174 0096 30B1     		cbz	r0, .L304
1800:Middlewares/Third_Party/FreeRTOS/Source/queue.c **** 						{
 4175              		.loc 1 1800 7 is_stmt 1 view .LVU1253
1800:Middlewares/Third_Party/FreeRTOS/Source/queue.c **** 						{
 4176              		.loc 1 1800 9 is_stmt 0 view .LVU1254
 4177 0098 B8F1000F 		cmp	r8, #0
 4178 009c 05D0     		beq	.L305
1802:Middlewares/Third_Party/FreeRTOS/Source/queue.c **** 						}
 4179              		.loc 1 1802 8 is_stmt 1 view .LVU1255
1802:Middlewares/Third_Party/FreeRTOS/Source/queue.c **** 						}
 4180              		.loc 1 1802 35 is_stmt 0 view .LVU1256
 4181 009e 0120     		movs	r0, #1
 4182 00a0 C8F80000 		str	r0, [r8]
 4183 00a4 C2E7     		b	.L300
 4184              	.L304:
1826:Middlewares/Third_Party/FreeRTOS/Source/queue.c **** 		}
 4185              		.loc 1 1826 12 view .LVU1257
 4186 00a6 0120     		movs	r0, #1
 4187 00a8 C0E7     		b	.L300
 4188              	.L305:
 4189 00aa 0120     		movs	r0, #1
 4190 00ac BEE7     		b	.L300
 4191              	.LBE218:
 4192              	.LBE225:
ARM GAS  C:\Users\31005\AppData\Local\Temp\ccp6mIRg.s 			page 139


 4193              		.cfi_endproc
 4194              	.LFE23:
 4196              		.section	.text.xQueuePeekFromISR,"ax",%progbits
 4197              		.align	1
 4198              		.global	xQueuePeekFromISR
 4199              		.syntax unified
 4200              		.thumb
 4201              		.thumb_func
 4203              	xQueuePeekFromISR:
 4204              	.LVL359:
 4205              	.LFB24:
1841:Middlewares/Third_Party/FreeRTOS/Source/queue.c **** BaseType_t xReturn;
 4206              		.loc 1 1841 1 is_stmt 1 view -0
 4207              		.cfi_startproc
 4208              		@ args = 0, pretend = 0, frame = 0
 4209              		@ frame_needed = 0, uses_anonymous_args = 0
1841:Middlewares/Third_Party/FreeRTOS/Source/queue.c **** BaseType_t xReturn;
 4210              		.loc 1 1841 1 is_stmt 0 view .LVU1259
 4211 0000 F8B5     		push	{r3, r4, r5, r6, r7, lr}
 4212              	.LCFI51:
 4213              		.cfi_def_cfa_offset 24
 4214              		.cfi_offset 3, -24
 4215              		.cfi_offset 4, -20
 4216              		.cfi_offset 5, -16
 4217              		.cfi_offset 6, -12
 4218              		.cfi_offset 7, -8
 4219              		.cfi_offset 14, -4
1842:Middlewares/Third_Party/FreeRTOS/Source/queue.c **** UBaseType_t uxSavedInterruptStatus;
 4220              		.loc 1 1842 1 is_stmt 1 view .LVU1260
1843:Middlewares/Third_Party/FreeRTOS/Source/queue.c **** int8_t *pcOriginalReadPosition;
 4221              		.loc 1 1843 1 view .LVU1261
1844:Middlewares/Third_Party/FreeRTOS/Source/queue.c **** Queue_t * const pxQueue = ( Queue_t * ) xQueue;
 4222              		.loc 1 1844 1 view .LVU1262
1845:Middlewares/Third_Party/FreeRTOS/Source/queue.c **** 
 4223              		.loc 1 1845 1 view .LVU1263
 4224              	.LVL360:
1847:Middlewares/Third_Party/FreeRTOS/Source/queue.c **** 	configASSERT( !( ( pvBuffer == NULL ) && ( pxQueue->uxItemSize != ( UBaseType_t ) 0U ) ) );
 4225              		.loc 1 1847 2 view .LVU1264
 4226 0002 68B1     		cbz	r0, .L322
 4227 0004 0D46     		mov	r5, r1
 4228 0006 0446     		mov	r4, r0
1847:Middlewares/Third_Party/FreeRTOS/Source/queue.c **** 	configASSERT( !( ( pvBuffer == NULL ) && ( pxQueue->uxItemSize != ( UBaseType_t ) 0U ) ) );
 4229              		.loc 1 1847 25 discriminator 2 view .LVU1265
1848:Middlewares/Third_Party/FreeRTOS/Source/queue.c **** 	configASSERT( pxQueue->uxItemSize != 0 ); /* Can't peek a semaphore. */
 4230              		.loc 1 1848 2 discriminator 2 view .LVU1266
 4231 0008 99B1     		cbz	r1, .L323
 4232              	.L315:
1848:Middlewares/Third_Party/FreeRTOS/Source/queue.c **** 	configASSERT( pxQueue->uxItemSize != 0 ); /* Can't peek a semaphore. */
 4233              		.loc 1 1848 92 discriminator 8 view .LVU1267
1849:Middlewares/Third_Party/FreeRTOS/Source/queue.c **** 
 4234              		.loc 1 1849 2 discriminator 8 view .LVU1268
 4235 000a 236C     		ldr	r3, [r4, #64]
 4236 000c EBB9     		cbnz	r3, .L317
1849:Middlewares/Third_Party/FreeRTOS/Source/queue.c **** 
 4237              		.loc 1 1849 2 view .LVU1269
 4238              	.LBB226:
 4239              	.LBI226:
ARM GAS  C:\Users\31005\AppData\Local\Temp\ccp6mIRg.s 			page 140


 191:Middlewares/Third_Party/FreeRTOS/Source/portable/GCC/ARM_CM4F/portmacro.h **** {
 4240              		.loc 2 191 30 view .LVU1270
 4241              	.LBB227:
 193:Middlewares/Third_Party/FreeRTOS/Source/portable/GCC/ARM_CM4F/portmacro.h **** 
 4242              		.loc 2 193 1 view .LVU1271
 195:Middlewares/Third_Party/FreeRTOS/Source/portable/GCC/ARM_CM4F/portmacro.h **** 	(
 4243              		.loc 2 195 2 view .LVU1272
 4244              		.syntax unified
 4245              	@ 195 "Middlewares/Third_Party/FreeRTOS/Source/portable/GCC/ARM_CM4F/portmacro.h" 1
 4246 000e 4FF05003 			mov r3, #80												
 4247 0012 83F31188 		msr basepri, r3											
 4248 0016 BFF36F8F 		isb														
 4249 001a BFF34F8F 		dsb														
 4250              	
 4251              	@ 0 "" 2
 4252              	.LVL361:
 4253              		.thumb
 4254              		.syntax unified
 4255              	.L318:
 195:Middlewares/Third_Party/FreeRTOS/Source/portable/GCC/ARM_CM4F/portmacro.h **** 	(
 4256              		.loc 2 195 2 is_stmt 0 view .LVU1273
 4257              	.LBE227:
 4258              	.LBE226:
1849:Middlewares/Third_Party/FreeRTOS/Source/queue.c **** 
 4259              		.loc 1 1849 2 is_stmt 1 discriminator 3 view .LVU1274
1849:Middlewares/Third_Party/FreeRTOS/Source/queue.c **** 
 4260              		.loc 1 1849 2 discriminator 3 view .LVU1275
 4261 001e FEE7     		b	.L318
 4262              	.L322:
1847:Middlewares/Third_Party/FreeRTOS/Source/queue.c **** 	configASSERT( !( ( pvBuffer == NULL ) && ( pxQueue->uxItemSize != ( UBaseType_t ) 0U ) ) );
 4263              		.loc 1 1847 2 view .LVU1276
 4264              	.LBB228:
 4265              	.LBI228:
 191:Middlewares/Third_Party/FreeRTOS/Source/portable/GCC/ARM_CM4F/portmacro.h **** {
 4266              		.loc 2 191 30 view .LVU1277
 4267              	.LBB229:
 193:Middlewares/Third_Party/FreeRTOS/Source/portable/GCC/ARM_CM4F/portmacro.h **** 
 4268              		.loc 2 193 1 view .LVU1278
 195:Middlewares/Third_Party/FreeRTOS/Source/portable/GCC/ARM_CM4F/portmacro.h **** 	(
 4269              		.loc 2 195 2 view .LVU1279
 4270              		.syntax unified
 4271              	@ 195 "Middlewares/Third_Party/FreeRTOS/Source/portable/GCC/ARM_CM4F/portmacro.h" 1
 4272 0020 4FF05003 			mov r3, #80												
 4273 0024 83F31188 		msr basepri, r3											
 4274 0028 BFF36F8F 		isb														
 4275 002c BFF34F8F 		dsb														
 4276              	
 4277              	@ 0 "" 2
 4278              	.LVL362:
 4279              		.thumb
 4280              		.syntax unified
 4281              	.L314:
 195:Middlewares/Third_Party/FreeRTOS/Source/portable/GCC/ARM_CM4F/portmacro.h **** 	(
 4282              		.loc 2 195 2 is_stmt 0 view .LVU1280
 4283              	.LBE229:
 4284              	.LBE228:
1847:Middlewares/Third_Party/FreeRTOS/Source/queue.c **** 	configASSERT( !( ( pvBuffer == NULL ) && ( pxQueue->uxItemSize != ( UBaseType_t ) 0U ) ) );
ARM GAS  C:\Users\31005\AppData\Local\Temp\ccp6mIRg.s 			page 141


 4285              		.loc 1 1847 2 is_stmt 1 discriminator 1 view .LVU1281
1847:Middlewares/Third_Party/FreeRTOS/Source/queue.c **** 	configASSERT( !( ( pvBuffer == NULL ) && ( pxQueue->uxItemSize != ( UBaseType_t ) 0U ) ) );
 4286              		.loc 1 1847 2 discriminator 1 view .LVU1282
 4287 0030 FEE7     		b	.L314
 4288              	.L323:
1848:Middlewares/Third_Party/FreeRTOS/Source/queue.c **** 	configASSERT( pxQueue->uxItemSize != 0 ); /* Can't peek a semaphore. */
 4289              		.loc 1 1848 2 is_stmt 0 discriminator 2 view .LVU1283
 4290 0032 036C     		ldr	r3, [r0, #64]
 4291 0034 002B     		cmp	r3, #0
 4292 0036 E8D0     		beq	.L315
1848:Middlewares/Third_Party/FreeRTOS/Source/queue.c **** 	configASSERT( pxQueue->uxItemSize != 0 ); /* Can't peek a semaphore. */
 4293              		.loc 1 1848 2 is_stmt 1 view .LVU1284
 4294              	.LBB230:
 4295              	.LBI230:
 191:Middlewares/Third_Party/FreeRTOS/Source/portable/GCC/ARM_CM4F/portmacro.h **** {
 4296              		.loc 2 191 30 view .LVU1285
 4297              	.LBB231:
 193:Middlewares/Third_Party/FreeRTOS/Source/portable/GCC/ARM_CM4F/portmacro.h **** 
 4298              		.loc 2 193 1 view .LVU1286
 195:Middlewares/Third_Party/FreeRTOS/Source/portable/GCC/ARM_CM4F/portmacro.h **** 	(
 4299              		.loc 2 195 2 view .LVU1287
 4300              		.syntax unified
 4301              	@ 195 "Middlewares/Third_Party/FreeRTOS/Source/portable/GCC/ARM_CM4F/portmacro.h" 1
 4302 0038 4FF05003 			mov r3, #80												
 4303 003c 83F31188 		msr basepri, r3											
 4304 0040 BFF36F8F 		isb														
 4305 0044 BFF34F8F 		dsb														
 4306              	
 4307              	@ 0 "" 2
 4308              	.LVL363:
 4309              		.thumb
 4310              		.syntax unified
 4311              	.L316:
 195:Middlewares/Third_Party/FreeRTOS/Source/portable/GCC/ARM_CM4F/portmacro.h **** 	(
 4312              		.loc 2 195 2 is_stmt 0 view .LVU1288
 4313              	.LBE231:
 4314              	.LBE230:
1848:Middlewares/Third_Party/FreeRTOS/Source/queue.c **** 	configASSERT( pxQueue->uxItemSize != 0 ); /* Can't peek a semaphore. */
 4315              		.loc 1 1848 2 is_stmt 1 discriminator 2 view .LVU1289
1848:Middlewares/Third_Party/FreeRTOS/Source/queue.c **** 	configASSERT( pxQueue->uxItemSize != 0 ); /* Can't peek a semaphore. */
 4316              		.loc 1 1848 2 discriminator 2 view .LVU1290
 4317 0048 FEE7     		b	.L316
 4318              	.L317:
1849:Middlewares/Third_Party/FreeRTOS/Source/queue.c **** 
 4319              		.loc 1 1849 42 discriminator 2 view .LVU1291
1865:Middlewares/Third_Party/FreeRTOS/Source/queue.c **** 
 4320              		.loc 1 1865 2 discriminator 2 view .LVU1292
 4321 004a FFF7FEFF 		bl	vPortValidateInterruptPriority
 4322              	.LVL364:
1867:Middlewares/Third_Party/FreeRTOS/Source/queue.c **** 	{
 4323              		.loc 1 1867 2 discriminator 2 view .LVU1293
 4324              	.LBB232:
 4325              	.LBI232:
 207:Middlewares/Third_Party/FreeRTOS/Source/portable/GCC/ARM_CM4F/portmacro.h **** {
 4326              		.loc 2 207 34 discriminator 2 view .LVU1294
 4327              	.LBB233:
 209:Middlewares/Third_Party/FreeRTOS/Source/portable/GCC/ARM_CM4F/portmacro.h **** 
ARM GAS  C:\Users\31005\AppData\Local\Temp\ccp6mIRg.s 			page 142


 4328              		.loc 2 209 1 discriminator 2 view .LVU1295
 211:Middlewares/Third_Party/FreeRTOS/Source/portable/GCC/ARM_CM4F/portmacro.h **** 	(
 4329              		.loc 2 211 2 discriminator 2 view .LVU1296
 4330              		.syntax unified
 4331              	@ 211 "Middlewares/Third_Party/FreeRTOS/Source/portable/GCC/ARM_CM4F/portmacro.h" 1
 4332 004e EFF31186 			mrs r6, basepri											
 4333 0052 4FF05003 		mov r3, #80												
 4334 0056 83F31188 		msr basepri, r3											
 4335 005a BFF36F8F 		isb														
 4336 005e BFF34F8F 		dsb														
 4337              	
 4338              	@ 0 "" 2
 4339              	.LVL365:
 223:Middlewares/Third_Party/FreeRTOS/Source/portable/GCC/ARM_CM4F/portmacro.h **** }
 4340              		.loc 2 223 2 discriminator 2 view .LVU1297
 223:Middlewares/Third_Party/FreeRTOS/Source/portable/GCC/ARM_CM4F/portmacro.h **** }
 4341              		.loc 2 223 2 is_stmt 0 discriminator 2 view .LVU1298
 4342              		.thumb
 4343              		.syntax unified
 4344              	.LBE233:
 4345              	.LBE232:
1870:Middlewares/Third_Party/FreeRTOS/Source/queue.c **** 		{
 4346              		.loc 1 1870 3 is_stmt 1 discriminator 2 view .LVU1299
1870:Middlewares/Third_Party/FreeRTOS/Source/queue.c **** 		{
 4347              		.loc 1 1870 14 is_stmt 0 discriminator 2 view .LVU1300
 4348 0062 A36B     		ldr	r3, [r4, #56]
1870:Middlewares/Third_Party/FreeRTOS/Source/queue.c **** 		{
 4349              		.loc 1 1870 5 discriminator 2 view .LVU1301
 4350 0064 1BB9     		cbnz	r3, .L324
1884:Middlewares/Third_Party/FreeRTOS/Source/queue.c **** 			traceQUEUE_PEEK_FROM_ISR_FAILED( pxQueue );
 4351              		.loc 1 1884 12 view .LVU1302
 4352 0066 0020     		movs	r0, #0
 4353              	.L319:
 4354              	.LVL366:
1885:Middlewares/Third_Party/FreeRTOS/Source/queue.c **** 		}
 4355              		.loc 1 1885 46 is_stmt 1 view .LVU1303
1888:Middlewares/Third_Party/FreeRTOS/Source/queue.c **** 
 4356              		.loc 1 1888 2 view .LVU1304
 4357              	.LBB234:
 4358              	.LBI234:
 227:Middlewares/Third_Party/FreeRTOS/Source/portable/GCC/ARM_CM4F/portmacro.h **** {
 4359              		.loc 2 227 30 view .LVU1305
 4360              	.LBB235:
 4361              		.loc 2 229 2 view .LVU1306
 4362              		.syntax unified
 4363              	@ 229 "Middlewares/Third_Party/FreeRTOS/Source/portable/GCC/ARM_CM4F/portmacro.h" 1
 4364 0068 86F31188 			msr basepri, r6	
 4365              	@ 0 "" 2
 4366              		.thumb
 4367              		.syntax unified
 4368              	.LBE235:
 4369              	.LBE234:
1890:Middlewares/Third_Party/FreeRTOS/Source/queue.c **** }
 4370              		.loc 1 1890 2 view .LVU1307
1891:Middlewares/Third_Party/FreeRTOS/Source/queue.c **** /*-----------------------------------------------------------*/
 4371              		.loc 1 1891 1 is_stmt 0 view .LVU1308
 4372 006c F8BD     		pop	{r3, r4, r5, r6, r7, pc}
ARM GAS  C:\Users\31005\AppData\Local\Temp\ccp6mIRg.s 			page 143


 4373              	.LVL367:
 4374              	.L324:
1872:Middlewares/Third_Party/FreeRTOS/Source/queue.c **** 
 4375              		.loc 1 1872 39 is_stmt 1 view .LVU1309
1876:Middlewares/Third_Party/FreeRTOS/Source/queue.c **** 			prvCopyDataFromQueue( pxQueue, pvBuffer );
 4376              		.loc 1 1876 4 view .LVU1310
1876:Middlewares/Third_Party/FreeRTOS/Source/queue.c **** 			prvCopyDataFromQueue( pxQueue, pvBuffer );
 4377              		.loc 1 1876 27 is_stmt 0 view .LVU1311
 4378 006e E768     		ldr	r7, [r4, #12]
 4379              	.LVL368:
1877:Middlewares/Third_Party/FreeRTOS/Source/queue.c **** 			pxQueue->u.pcReadFrom = pcOriginalReadPosition;
 4380              		.loc 1 1877 4 is_stmt 1 view .LVU1312
 4381 0070 2946     		mov	r1, r5
 4382 0072 2046     		mov	r0, r4
 4383 0074 FFF7FEFF 		bl	prvCopyDataFromQueue
 4384              	.LVL369:
1878:Middlewares/Third_Party/FreeRTOS/Source/queue.c **** 
 4385              		.loc 1 1878 4 view .LVU1313
1878:Middlewares/Third_Party/FreeRTOS/Source/queue.c **** 
 4386              		.loc 1 1878 26 is_stmt 0 view .LVU1314
 4387 0078 E760     		str	r7, [r4, #12]
1880:Middlewares/Third_Party/FreeRTOS/Source/queue.c **** 		}
 4388              		.loc 1 1880 4 is_stmt 1 view .LVU1315
 4389              	.LVL370:
1880:Middlewares/Third_Party/FreeRTOS/Source/queue.c **** 		}
 4390              		.loc 1 1880 12 is_stmt 0 view .LVU1316
 4391 007a 0120     		movs	r0, #1
 4392 007c F4E7     		b	.L319
 4393              		.cfi_endproc
 4394              	.LFE24:
 4396              		.section	.text.uxQueueMessagesWaiting,"ax",%progbits
 4397              		.align	1
 4398              		.global	uxQueueMessagesWaiting
 4399              		.syntax unified
 4400              		.thumb
 4401              		.thumb_func
 4403              	uxQueueMessagesWaiting:
 4404              	.LVL371:
 4405              	.LFB25:
1895:Middlewares/Third_Party/FreeRTOS/Source/queue.c **** UBaseType_t uxReturn;
 4406              		.loc 1 1895 1 is_stmt 1 view -0
 4407              		.cfi_startproc
 4408              		@ args = 0, pretend = 0, frame = 0
 4409              		@ frame_needed = 0, uses_anonymous_args = 0
1896:Middlewares/Third_Party/FreeRTOS/Source/queue.c **** 
 4410              		.loc 1 1896 1 view .LVU1318
1898:Middlewares/Third_Party/FreeRTOS/Source/queue.c **** 
 4411              		.loc 1 1898 2 view .LVU1319
 4412 0000 40B1     		cbz	r0, .L330
1895:Middlewares/Third_Party/FreeRTOS/Source/queue.c **** UBaseType_t uxReturn;
 4413              		.loc 1 1895 1 is_stmt 0 discriminator 2 view .LVU1320
 4414 0002 10B5     		push	{r4, lr}
 4415              	.LCFI52:
 4416              		.cfi_def_cfa_offset 8
 4417              		.cfi_offset 4, -8
 4418              		.cfi_offset 14, -4
 4419 0004 0446     		mov	r4, r0
ARM GAS  C:\Users\31005\AppData\Local\Temp\ccp6mIRg.s 			page 144


1898:Middlewares/Third_Party/FreeRTOS/Source/queue.c **** 
 4420              		.loc 1 1898 24 is_stmt 1 discriminator 2 view .LVU1321
1900:Middlewares/Third_Party/FreeRTOS/Source/queue.c **** 	{
 4421              		.loc 1 1900 2 discriminator 2 view .LVU1322
 4422 0006 FFF7FEFF 		bl	vPortEnterCritical
 4423              	.LVL372:
1902:Middlewares/Third_Party/FreeRTOS/Source/queue.c **** 	}
 4424              		.loc 1 1902 3 discriminator 2 view .LVU1323
1902:Middlewares/Third_Party/FreeRTOS/Source/queue.c **** 	}
 4425              		.loc 1 1902 12 is_stmt 0 discriminator 2 view .LVU1324
 4426 000a A46B     		ldr	r4, [r4, #56]
 4427              	.LVL373:
1904:Middlewares/Third_Party/FreeRTOS/Source/queue.c **** 
 4428              		.loc 1 1904 2 is_stmt 1 discriminator 2 view .LVU1325
 4429 000c FFF7FEFF 		bl	vPortExitCritical
 4430              	.LVL374:
1906:Middlewares/Third_Party/FreeRTOS/Source/queue.c **** } /*lint !e818 Pointer cannot be declared const as xQueue is a typedef not pointer. */
 4431              		.loc 1 1906 2 discriminator 2 view .LVU1326
1907:Middlewares/Third_Party/FreeRTOS/Source/queue.c **** /*-----------------------------------------------------------*/
 4432              		.loc 1 1907 1 is_stmt 0 discriminator 2 view .LVU1327
 4433 0010 2046     		mov	r0, r4
 4434 0012 10BD     		pop	{r4, pc}
 4435              	.LVL375:
 4436              	.L330:
 4437              	.LCFI53:
 4438              		.cfi_def_cfa_offset 0
 4439              		.cfi_restore 4
 4440              		.cfi_restore 14
1898:Middlewares/Third_Party/FreeRTOS/Source/queue.c **** 
 4441              		.loc 1 1898 2 is_stmt 1 view .LVU1328
 4442              	.LBB236:
 4443              	.LBI236:
 191:Middlewares/Third_Party/FreeRTOS/Source/portable/GCC/ARM_CM4F/portmacro.h **** {
 4444              		.loc 2 191 30 view .LVU1329
 4445              	.LBB237:
 193:Middlewares/Third_Party/FreeRTOS/Source/portable/GCC/ARM_CM4F/portmacro.h **** 
 4446              		.loc 2 193 1 view .LVU1330
 195:Middlewares/Third_Party/FreeRTOS/Source/portable/GCC/ARM_CM4F/portmacro.h **** 	(
 4447              		.loc 2 195 2 view .LVU1331
 4448              		.syntax unified
 4449              	@ 195 "Middlewares/Third_Party/FreeRTOS/Source/portable/GCC/ARM_CM4F/portmacro.h" 1
 4450 0014 4FF05003 			mov r3, #80												
 4451 0018 83F31188 		msr basepri, r3											
 4452 001c BFF36F8F 		isb														
 4453 0020 BFF34F8F 		dsb														
 4454              	
 4455              	@ 0 "" 2
 4456              	.LVL376:
 4457              		.thumb
 4458              		.syntax unified
 4459              	.L327:
 195:Middlewares/Third_Party/FreeRTOS/Source/portable/GCC/ARM_CM4F/portmacro.h **** 	(
 4460              		.loc 2 195 2 is_stmt 0 view .LVU1332
 4461              	.LBE237:
 4462              	.LBE236:
1898:Middlewares/Third_Party/FreeRTOS/Source/queue.c **** 
 4463              		.loc 1 1898 2 is_stmt 1 discriminator 1 view .LVU1333
ARM GAS  C:\Users\31005\AppData\Local\Temp\ccp6mIRg.s 			page 145


1898:Middlewares/Third_Party/FreeRTOS/Source/queue.c **** 
 4464              		.loc 1 1898 2 discriminator 1 view .LVU1334
 4465 0024 FEE7     		b	.L327
 4466              		.cfi_endproc
 4467              	.LFE25:
 4469              		.section	.text.uxQueueSpacesAvailable,"ax",%progbits
 4470              		.align	1
 4471              		.global	uxQueueSpacesAvailable
 4472              		.syntax unified
 4473              		.thumb
 4474              		.thumb_func
 4476              	uxQueueSpacesAvailable:
 4477              	.LVL377:
 4478              	.LFB26:
1911:Middlewares/Third_Party/FreeRTOS/Source/queue.c **** UBaseType_t uxReturn;
 4479              		.loc 1 1911 1 view -0
 4480              		.cfi_startproc
 4481              		@ args = 0, pretend = 0, frame = 0
 4482              		@ frame_needed = 0, uses_anonymous_args = 0
1911:Middlewares/Third_Party/FreeRTOS/Source/queue.c **** UBaseType_t uxReturn;
 4483              		.loc 1 1911 1 is_stmt 0 view .LVU1336
 4484 0000 38B5     		push	{r3, r4, r5, lr}
 4485              	.LCFI54:
 4486              		.cfi_def_cfa_offset 16
 4487              		.cfi_offset 3, -16
 4488              		.cfi_offset 4, -12
 4489              		.cfi_offset 5, -8
 4490              		.cfi_offset 14, -4
1912:Middlewares/Third_Party/FreeRTOS/Source/queue.c **** Queue_t *pxQueue;
 4491              		.loc 1 1912 1 is_stmt 1 view .LVU1337
1913:Middlewares/Third_Party/FreeRTOS/Source/queue.c **** 
 4492              		.loc 1 1913 1 view .LVU1338
1915:Middlewares/Third_Party/FreeRTOS/Source/queue.c **** 	configASSERT( pxQueue );
 4493              		.loc 1 1915 2 view .LVU1339
 4494              	.LVL378:
1916:Middlewares/Third_Party/FreeRTOS/Source/queue.c **** 
 4495              		.loc 1 1916 2 view .LVU1340
 4496 0002 48B1     		cbz	r0, .L335
 4497 0004 0546     		mov	r5, r0
1916:Middlewares/Third_Party/FreeRTOS/Source/queue.c **** 
 4498              		.loc 1 1916 25 discriminator 2 view .LVU1341
1918:Middlewares/Third_Party/FreeRTOS/Source/queue.c **** 	{
 4499              		.loc 1 1918 2 discriminator 2 view .LVU1342
 4500 0006 FFF7FEFF 		bl	vPortEnterCritical
 4501              	.LVL379:
1920:Middlewares/Third_Party/FreeRTOS/Source/queue.c **** 	}
 4502              		.loc 1 1920 3 discriminator 2 view .LVU1343
1920:Middlewares/Third_Party/FreeRTOS/Source/queue.c **** 	}
 4503              		.loc 1 1920 21 is_stmt 0 discriminator 2 view .LVU1344
 4504 000a EC6B     		ldr	r4, [r5, #60]
1920:Middlewares/Third_Party/FreeRTOS/Source/queue.c **** 	}
 4505              		.loc 1 1920 41 discriminator 2 view .LVU1345
 4506 000c AB6B     		ldr	r3, [r5, #56]
1920:Middlewares/Third_Party/FreeRTOS/Source/queue.c **** 	}
 4507              		.loc 1 1920 12 discriminator 2 view .LVU1346
 4508 000e E41A     		subs	r4, r4, r3
 4509              	.LVL380:
ARM GAS  C:\Users\31005\AppData\Local\Temp\ccp6mIRg.s 			page 146


1922:Middlewares/Third_Party/FreeRTOS/Source/queue.c **** 
 4510              		.loc 1 1922 2 is_stmt 1 discriminator 2 view .LVU1347
 4511 0010 FFF7FEFF 		bl	vPortExitCritical
 4512              	.LVL381:
1924:Middlewares/Third_Party/FreeRTOS/Source/queue.c **** } /*lint !e818 Pointer cannot be declared const as xQueue is a typedef not pointer. */
 4513              		.loc 1 1924 2 discriminator 2 view .LVU1348
1925:Middlewares/Third_Party/FreeRTOS/Source/queue.c **** /*-----------------------------------------------------------*/
 4514              		.loc 1 1925 1 is_stmt 0 discriminator 2 view .LVU1349
 4515 0014 2046     		mov	r0, r4
 4516 0016 38BD     		pop	{r3, r4, r5, pc}
 4517              	.LVL382:
 4518              	.L335:
1916:Middlewares/Third_Party/FreeRTOS/Source/queue.c **** 
 4519              		.loc 1 1916 2 is_stmt 1 view .LVU1350
 4520              	.LBB238:
 4521              	.LBI238:
 191:Middlewares/Third_Party/FreeRTOS/Source/portable/GCC/ARM_CM4F/portmacro.h **** {
 4522              		.loc 2 191 30 view .LVU1351
 4523              	.LBB239:
 193:Middlewares/Third_Party/FreeRTOS/Source/portable/GCC/ARM_CM4F/portmacro.h **** 
 4524              		.loc 2 193 1 view .LVU1352
 195:Middlewares/Third_Party/FreeRTOS/Source/portable/GCC/ARM_CM4F/portmacro.h **** 	(
 4525              		.loc 2 195 2 view .LVU1353
 4526              		.syntax unified
 4527              	@ 195 "Middlewares/Third_Party/FreeRTOS/Source/portable/GCC/ARM_CM4F/portmacro.h" 1
 4528 0018 4FF05003 			mov r3, #80												
 4529 001c 83F31188 		msr basepri, r3											
 4530 0020 BFF36F8F 		isb														
 4531 0024 BFF34F8F 		dsb														
 4532              	
 4533              	@ 0 "" 2
 4534              	.LVL383:
 4535              		.thumb
 4536              		.syntax unified
 4537              	.L333:
 195:Middlewares/Third_Party/FreeRTOS/Source/portable/GCC/ARM_CM4F/portmacro.h **** 	(
 4538              		.loc 2 195 2 is_stmt 0 view .LVU1354
 4539              	.LBE239:
 4540              	.LBE238:
1916:Middlewares/Third_Party/FreeRTOS/Source/queue.c **** 
 4541              		.loc 1 1916 2 is_stmt 1 discriminator 1 view .LVU1355
1916:Middlewares/Third_Party/FreeRTOS/Source/queue.c **** 
 4542              		.loc 1 1916 2 discriminator 1 view .LVU1356
 4543 0028 FEE7     		b	.L333
 4544              		.cfi_endproc
 4545              	.LFE26:
 4547              		.section	.text.uxQueueMessagesWaitingFromISR,"ax",%progbits
 4548              		.align	1
 4549              		.global	uxQueueMessagesWaitingFromISR
 4550              		.syntax unified
 4551              		.thumb
 4552              		.thumb_func
 4554              	uxQueueMessagesWaitingFromISR:
 4555              	.LVL384:
 4556              	.LFB27:
1929:Middlewares/Third_Party/FreeRTOS/Source/queue.c **** UBaseType_t uxReturn;
 4557              		.loc 1 1929 1 view -0
ARM GAS  C:\Users\31005\AppData\Local\Temp\ccp6mIRg.s 			page 147


 4558              		.cfi_startproc
 4559              		@ args = 0, pretend = 0, frame = 0
 4560              		@ frame_needed = 0, uses_anonymous_args = 0
 4561              		@ link register save eliminated.
1930:Middlewares/Third_Party/FreeRTOS/Source/queue.c **** 
 4562              		.loc 1 1930 1 view .LVU1358
1932:Middlewares/Third_Party/FreeRTOS/Source/queue.c **** 
 4563              		.loc 1 1932 2 view .LVU1359
 4564 0000 08B1     		cbz	r0, .L339
1932:Middlewares/Third_Party/FreeRTOS/Source/queue.c **** 
 4565              		.loc 1 1932 24 discriminator 2 view .LVU1360
1934:Middlewares/Third_Party/FreeRTOS/Source/queue.c **** 
 4566              		.loc 1 1934 2 discriminator 2 view .LVU1361
1934:Middlewares/Third_Party/FreeRTOS/Source/queue.c **** 
 4567              		.loc 1 1934 11 is_stmt 0 discriminator 2 view .LVU1362
 4568 0002 806B     		ldr	r0, [r0, #56]
 4569              	.LVL385:
1936:Middlewares/Third_Party/FreeRTOS/Source/queue.c **** } /*lint !e818 Pointer cannot be declared const as xQueue is a typedef not pointer. */
 4570              		.loc 1 1936 2 is_stmt 1 discriminator 2 view .LVU1363
1937:Middlewares/Third_Party/FreeRTOS/Source/queue.c **** /*-----------------------------------------------------------*/
 4571              		.loc 1 1937 1 is_stmt 0 discriminator 2 view .LVU1364
 4572 0004 7047     		bx	lr
 4573              	.LVL386:
 4574              	.L339:
1932:Middlewares/Third_Party/FreeRTOS/Source/queue.c **** 
 4575              		.loc 1 1932 2 is_stmt 1 view .LVU1365
 4576              	.LBB240:
 4577              	.LBI240:
 191:Middlewares/Third_Party/FreeRTOS/Source/portable/GCC/ARM_CM4F/portmacro.h **** {
 4578              		.loc 2 191 30 view .LVU1366
 4579              	.LBB241:
 193:Middlewares/Third_Party/FreeRTOS/Source/portable/GCC/ARM_CM4F/portmacro.h **** 
 4580              		.loc 2 193 1 view .LVU1367
 195:Middlewares/Third_Party/FreeRTOS/Source/portable/GCC/ARM_CM4F/portmacro.h **** 	(
 4581              		.loc 2 195 2 view .LVU1368
 4582              		.syntax unified
 4583              	@ 195 "Middlewares/Third_Party/FreeRTOS/Source/portable/GCC/ARM_CM4F/portmacro.h" 1
 4584 0006 4FF05003 			mov r3, #80												
 4585 000a 83F31188 		msr basepri, r3											
 4586 000e BFF36F8F 		isb														
 4587 0012 BFF34F8F 		dsb														
 4588              	
 4589              	@ 0 "" 2
 4590              	.LVL387:
 4591              		.thumb
 4592              		.syntax unified
 4593              	.L338:
 195:Middlewares/Third_Party/FreeRTOS/Source/portable/GCC/ARM_CM4F/portmacro.h **** 	(
 4594              		.loc 2 195 2 is_stmt 0 view .LVU1369
 4595              	.LBE241:
 4596              	.LBE240:
1932:Middlewares/Third_Party/FreeRTOS/Source/queue.c **** 
 4597              		.loc 1 1932 2 is_stmt 1 discriminator 1 view .LVU1370
1932:Middlewares/Third_Party/FreeRTOS/Source/queue.c **** 
 4598              		.loc 1 1932 2 discriminator 1 view .LVU1371
 4599 0016 FEE7     		b	.L338
 4600              		.cfi_endproc
ARM GAS  C:\Users\31005\AppData\Local\Temp\ccp6mIRg.s 			page 148


 4601              	.LFE27:
 4603              		.section	.text.uxQueueGetQueueNumber,"ax",%progbits
 4604              		.align	1
 4605              		.global	uxQueueGetQueueNumber
 4606              		.syntax unified
 4607              		.thumb
 4608              		.thumb_func
 4610              	uxQueueGetQueueNumber:
 4611              	.LVL388:
 4612              	.LFB29:
1985:Middlewares/Third_Party/FreeRTOS/Source/queue.c **** 		return ( ( Queue_t * ) xQueue )->uxQueueNumber;
 4613              		.loc 1 1985 2 view -0
 4614              		.cfi_startproc
 4615              		@ args = 0, pretend = 0, frame = 0
 4616              		@ frame_needed = 0, uses_anonymous_args = 0
 4617              		@ link register save eliminated.
1986:Middlewares/Third_Party/FreeRTOS/Source/queue.c **** 	}
 4618              		.loc 1 1986 3 view .LVU1373
1987:Middlewares/Third_Party/FreeRTOS/Source/queue.c **** 
 4619              		.loc 1 1987 2 is_stmt 0 view .LVU1374
 4620 0000 806C     		ldr	r0, [r0, #72]
 4621              	.LVL389:
1987:Middlewares/Third_Party/FreeRTOS/Source/queue.c **** 
 4622              		.loc 1 1987 2 view .LVU1375
 4623 0002 7047     		bx	lr
 4624              		.cfi_endproc
 4625              	.LFE29:
 4627              		.section	.text.vQueueSetQueueNumber,"ax",%progbits
 4628              		.align	1
 4629              		.global	vQueueSetQueueNumber
 4630              		.syntax unified
 4631              		.thumb
 4632              		.thumb_func
 4634              	vQueueSetQueueNumber:
 4635              	.LVL390:
 4636              	.LFB30:
1995:Middlewares/Third_Party/FreeRTOS/Source/queue.c **** 		( ( Queue_t * ) xQueue )->uxQueueNumber = uxQueueNumber;
 4637              		.loc 1 1995 2 is_stmt 1 view -0
 4638              		.cfi_startproc
 4639              		@ args = 0, pretend = 0, frame = 0
 4640              		@ frame_needed = 0, uses_anonymous_args = 0
 4641              		@ link register save eliminated.
1996:Middlewares/Third_Party/FreeRTOS/Source/queue.c **** 	}
 4642              		.loc 1 1996 3 view .LVU1377
1996:Middlewares/Third_Party/FreeRTOS/Source/queue.c **** 	}
 4643              		.loc 1 1996 43 is_stmt 0 view .LVU1378
 4644 0000 8164     		str	r1, [r0, #72]
1997:Middlewares/Third_Party/FreeRTOS/Source/queue.c **** 
 4645              		.loc 1 1997 2 view .LVU1379
 4646 0002 7047     		bx	lr
 4647              		.cfi_endproc
 4648              	.LFE30:
 4650              		.section	.text.ucQueueGetQueueType,"ax",%progbits
 4651              		.align	1
 4652              		.global	ucQueueGetQueueType
 4653              		.syntax unified
 4654              		.thumb
ARM GAS  C:\Users\31005\AppData\Local\Temp\ccp6mIRg.s 			page 149


 4655              		.thumb_func
 4657              	ucQueueGetQueueType:
 4658              	.LVL391:
 4659              	.LFB31:
2005:Middlewares/Third_Party/FreeRTOS/Source/queue.c **** 		return ( ( Queue_t * ) xQueue )->ucQueueType;
 4660              		.loc 1 2005 2 is_stmt 1 view -0
 4661              		.cfi_startproc
 4662              		@ args = 0, pretend = 0, frame = 0
 4663              		@ frame_needed = 0, uses_anonymous_args = 0
 4664              		@ link register save eliminated.
2006:Middlewares/Third_Party/FreeRTOS/Source/queue.c **** 	}
 4665              		.loc 1 2006 3 view .LVU1381
2007:Middlewares/Third_Party/FreeRTOS/Source/queue.c **** 
 4666              		.loc 1 2007 2 is_stmt 0 view .LVU1382
 4667 0000 90F84C00 		ldrb	r0, [r0, #76]	@ zero_extendqisi2
 4668              	.LVL392:
2007:Middlewares/Third_Party/FreeRTOS/Source/queue.c **** 
 4669              		.loc 1 2007 2 view .LVU1383
 4670 0004 7047     		bx	lr
 4671              		.cfi_endproc
 4672              	.LFE31:
 4674              		.section	.text.xQueueIsQueueEmptyFromISR,"ax",%progbits
 4675              		.align	1
 4676              		.global	xQueueIsQueueEmptyFromISR
 4677              		.syntax unified
 4678              		.thumb
 4679              		.thumb_func
 4681              	xQueueIsQueueEmptyFromISR:
 4682              	.LVL393:
 4683              	.LFB37:
2278:Middlewares/Third_Party/FreeRTOS/Source/queue.c **** BaseType_t xReturn;
 4684              		.loc 1 2278 1 is_stmt 1 view -0
 4685              		.cfi_startproc
 4686              		@ args = 0, pretend = 0, frame = 0
 4687              		@ frame_needed = 0, uses_anonymous_args = 0
 4688              		@ link register save eliminated.
2279:Middlewares/Third_Party/FreeRTOS/Source/queue.c **** 
 4689              		.loc 1 2279 1 view .LVU1385
2281:Middlewares/Third_Party/FreeRTOS/Source/queue.c **** 	if( ( ( Queue_t * ) xQueue )->uxMessagesWaiting == ( UBaseType_t ) 0 )
 4690              		.loc 1 2281 2 view .LVU1386
 4691 0000 18B1     		cbz	r0, .L348
2281:Middlewares/Third_Party/FreeRTOS/Source/queue.c **** 	if( ( ( Queue_t * ) xQueue )->uxMessagesWaiting == ( UBaseType_t ) 0 )
 4692              		.loc 1 2281 24 discriminator 2 view .LVU1387
2282:Middlewares/Third_Party/FreeRTOS/Source/queue.c **** 	{
 4693              		.loc 1 2282 2 discriminator 2 view .LVU1388
2282:Middlewares/Third_Party/FreeRTOS/Source/queue.c **** 	{
 4694              		.loc 1 2282 30 is_stmt 0 discriminator 2 view .LVU1389
 4695 0002 836B     		ldr	r3, [r0, #56]
2282:Middlewares/Third_Party/FreeRTOS/Source/queue.c **** 	{
 4696              		.loc 1 2282 4 discriminator 2 view .LVU1390
 4697 0004 53B9     		cbnz	r3, .L347
2284:Middlewares/Third_Party/FreeRTOS/Source/queue.c **** 	}
 4698              		.loc 1 2284 11 view .LVU1391
 4699 0006 0120     		movs	r0, #1
 4700              	.LVL394:
2284:Middlewares/Third_Party/FreeRTOS/Source/queue.c **** 	}
 4701              		.loc 1 2284 11 view .LVU1392
ARM GAS  C:\Users\31005\AppData\Local\Temp\ccp6mIRg.s 			page 150


 4702 0008 7047     		bx	lr
 4703              	.LVL395:
 4704              	.L348:
2281:Middlewares/Third_Party/FreeRTOS/Source/queue.c **** 	if( ( ( Queue_t * ) xQueue )->uxMessagesWaiting == ( UBaseType_t ) 0 )
 4705              		.loc 1 2281 2 is_stmt 1 view .LVU1393
 4706              	.LBB242:
 4707              	.LBI242:
 191:Middlewares/Third_Party/FreeRTOS/Source/portable/GCC/ARM_CM4F/portmacro.h **** {
 4708              		.loc 2 191 30 view .LVU1394
 4709              	.LBB243:
 193:Middlewares/Third_Party/FreeRTOS/Source/portable/GCC/ARM_CM4F/portmacro.h **** 
 4710              		.loc 2 193 1 view .LVU1395
 195:Middlewares/Third_Party/FreeRTOS/Source/portable/GCC/ARM_CM4F/portmacro.h **** 	(
 4711              		.loc 2 195 2 view .LVU1396
 4712              		.syntax unified
 4713              	@ 195 "Middlewares/Third_Party/FreeRTOS/Source/portable/GCC/ARM_CM4F/portmacro.h" 1
 4714 000a 4FF05003 			mov r3, #80												
 4715 000e 83F31188 		msr basepri, r3											
 4716 0012 BFF36F8F 		isb														
 4717 0016 BFF34F8F 		dsb														
 4718              	
 4719              	@ 0 "" 2
 4720              	.LVL396:
 4721              		.thumb
 4722              		.syntax unified
 4723              	.L345:
 195:Middlewares/Third_Party/FreeRTOS/Source/portable/GCC/ARM_CM4F/portmacro.h **** 	(
 4724              		.loc 2 195 2 is_stmt 0 view .LVU1397
 4725              	.LBE243:
 4726              	.LBE242:
2281:Middlewares/Third_Party/FreeRTOS/Source/queue.c **** 	if( ( ( Queue_t * ) xQueue )->uxMessagesWaiting == ( UBaseType_t ) 0 )
 4727              		.loc 1 2281 2 is_stmt 1 discriminator 1 view .LVU1398
2281:Middlewares/Third_Party/FreeRTOS/Source/queue.c **** 	if( ( ( Queue_t * ) xQueue )->uxMessagesWaiting == ( UBaseType_t ) 0 )
 4728              		.loc 1 2281 2 discriminator 1 view .LVU1399
 4729 001a FEE7     		b	.L345
 4730              	.L347:
2288:Middlewares/Third_Party/FreeRTOS/Source/queue.c **** 	}
 4731              		.loc 1 2288 11 is_stmt 0 view .LVU1400
 4732 001c 0020     		movs	r0, #0
 4733              	.LVL397:
2291:Middlewares/Third_Party/FreeRTOS/Source/queue.c **** } /*lint !e818 xQueue could not be pointer to const because it is a typedef. */
 4734              		.loc 1 2291 2 is_stmt 1 view .LVU1401
2292:Middlewares/Third_Party/FreeRTOS/Source/queue.c **** /*-----------------------------------------------------------*/
 4735              		.loc 1 2292 1 is_stmt 0 view .LVU1402
 4736 001e 7047     		bx	lr
 4737              		.cfi_endproc
 4738              	.LFE37:
 4740              		.section	.text.xQueueIsQueueFullFromISR,"ax",%progbits
 4741              		.align	1
 4742              		.global	xQueueIsQueueFullFromISR
 4743              		.syntax unified
 4744              		.thumb
 4745              		.thumb_func
 4747              	xQueueIsQueueFullFromISR:
 4748              	.LVL398:
 4749              	.LFB39:
2314:Middlewares/Third_Party/FreeRTOS/Source/queue.c **** /*-----------------------------------------------------------*/
ARM GAS  C:\Users\31005\AppData\Local\Temp\ccp6mIRg.s 			page 151


2315:Middlewares/Third_Party/FreeRTOS/Source/queue.c **** 
2316:Middlewares/Third_Party/FreeRTOS/Source/queue.c **** BaseType_t xQueueIsQueueFullFromISR( const QueueHandle_t xQueue )
2317:Middlewares/Third_Party/FreeRTOS/Source/queue.c **** {
 4750              		.loc 1 2317 1 is_stmt 1 view -0
 4751              		.cfi_startproc
 4752              		@ args = 0, pretend = 0, frame = 0
 4753              		@ frame_needed = 0, uses_anonymous_args = 0
 4754              		@ link register save eliminated.
2318:Middlewares/Third_Party/FreeRTOS/Source/queue.c **** BaseType_t xReturn;
 4755              		.loc 1 2318 1 view .LVU1404
2319:Middlewares/Third_Party/FreeRTOS/Source/queue.c **** 
2320:Middlewares/Third_Party/FreeRTOS/Source/queue.c **** 	configASSERT( xQueue );
 4756              		.loc 1 2320 2 view .LVU1405
 4757 0000 28B1     		cbz	r0, .L354
 4758              		.loc 1 2320 24 discriminator 2 view .LVU1406
2321:Middlewares/Third_Party/FreeRTOS/Source/queue.c **** 	if( ( ( Queue_t * ) xQueue )->uxMessagesWaiting == ( ( Queue_t * ) xQueue )->uxLength )
 4759              		.loc 1 2321 2 discriminator 2 view .LVU1407
 4760              		.loc 1 2321 30 is_stmt 0 discriminator 2 view .LVU1408
 4761 0002 826B     		ldr	r2, [r0, #56]
 4762              		.loc 1 2321 77 discriminator 2 view .LVU1409
 4763 0004 C36B     		ldr	r3, [r0, #60]
 4764              		.loc 1 2321 4 discriminator 2 view .LVU1410
 4765 0006 9A42     		cmp	r2, r3
 4766 0008 0AD0     		beq	.L355
2322:Middlewares/Third_Party/FreeRTOS/Source/queue.c **** 	{
2323:Middlewares/Third_Party/FreeRTOS/Source/queue.c **** 		xReturn = pdTRUE;
2324:Middlewares/Third_Party/FreeRTOS/Source/queue.c **** 	}
2325:Middlewares/Third_Party/FreeRTOS/Source/queue.c **** 	else
2326:Middlewares/Third_Party/FreeRTOS/Source/queue.c **** 	{
2327:Middlewares/Third_Party/FreeRTOS/Source/queue.c **** 		xReturn = pdFALSE;
 4767              		.loc 1 2327 11 view .LVU1411
 4768 000a 0020     		movs	r0, #0
 4769              	.LVL399:
2328:Middlewares/Third_Party/FreeRTOS/Source/queue.c **** 	}
2329:Middlewares/Third_Party/FreeRTOS/Source/queue.c **** 
2330:Middlewares/Third_Party/FreeRTOS/Source/queue.c **** 	return xReturn;
 4770              		.loc 1 2330 2 is_stmt 1 view .LVU1412
2331:Middlewares/Third_Party/FreeRTOS/Source/queue.c **** } /*lint !e818 xQueue could not be pointer to const because it is a typedef. */
 4771              		.loc 1 2331 1 is_stmt 0 view .LVU1413
 4772 000c 7047     		bx	lr
 4773              	.LVL400:
 4774              	.L354:
2320:Middlewares/Third_Party/FreeRTOS/Source/queue.c **** 	if( ( ( Queue_t * ) xQueue )->uxMessagesWaiting == ( ( Queue_t * ) xQueue )->uxLength )
 4775              		.loc 1 2320 2 is_stmt 1 view .LVU1414
 4776              	.LBB244:
 4777              	.LBI244:
 191:Middlewares/Third_Party/FreeRTOS/Source/portable/GCC/ARM_CM4F/portmacro.h **** {
 4778              		.loc 2 191 30 view .LVU1415
 4779              	.LBB245:
 193:Middlewares/Third_Party/FreeRTOS/Source/portable/GCC/ARM_CM4F/portmacro.h **** 
 4780              		.loc 2 193 1 view .LVU1416
 195:Middlewares/Third_Party/FreeRTOS/Source/portable/GCC/ARM_CM4F/portmacro.h **** 	(
 4781              		.loc 2 195 2 view .LVU1417
 4782              		.syntax unified
 4783              	@ 195 "Middlewares/Third_Party/FreeRTOS/Source/portable/GCC/ARM_CM4F/portmacro.h" 1
 4784 000e 4FF05003 			mov r3, #80												
 4785 0012 83F31188 		msr basepri, r3											
ARM GAS  C:\Users\31005\AppData\Local\Temp\ccp6mIRg.s 			page 152


 4786 0016 BFF36F8F 		isb														
 4787 001a BFF34F8F 		dsb														
 4788              	
 4789              	@ 0 "" 2
 4790              	.LVL401:
 4791              		.thumb
 4792              		.syntax unified
 4793              	.L351:
 195:Middlewares/Third_Party/FreeRTOS/Source/portable/GCC/ARM_CM4F/portmacro.h **** 	(
 4794              		.loc 2 195 2 is_stmt 0 view .LVU1418
 4795              	.LBE245:
 4796              	.LBE244:
2320:Middlewares/Third_Party/FreeRTOS/Source/queue.c **** 	if( ( ( Queue_t * ) xQueue )->uxMessagesWaiting == ( ( Queue_t * ) xQueue )->uxLength )
 4797              		.loc 1 2320 2 is_stmt 1 discriminator 1 view .LVU1419
2320:Middlewares/Third_Party/FreeRTOS/Source/queue.c **** 	if( ( ( Queue_t * ) xQueue )->uxMessagesWaiting == ( ( Queue_t * ) xQueue )->uxLength )
 4798              		.loc 1 2320 2 discriminator 1 view .LVU1420
 4799 001e FEE7     		b	.L351
 4800              	.L355:
2323:Middlewares/Third_Party/FreeRTOS/Source/queue.c **** 	}
 4801              		.loc 1 2323 11 is_stmt 0 view .LVU1421
 4802 0020 0120     		movs	r0, #1
 4803              	.LVL402:
2323:Middlewares/Third_Party/FreeRTOS/Source/queue.c **** 	}
 4804              		.loc 1 2323 11 view .LVU1422
 4805 0022 7047     		bx	lr
 4806              		.cfi_endproc
 4807              	.LFE39:
 4809              		.section	.text.vQueueAddToRegistry,"ax",%progbits
 4810              		.align	1
 4811              		.global	vQueueAddToRegistry
 4812              		.syntax unified
 4813              		.thumb
 4814              		.thumb_func
 4816              	vQueueAddToRegistry:
 4817              	.LVL403:
 4818              	.LFB40:
2332:Middlewares/Third_Party/FreeRTOS/Source/queue.c **** /*-----------------------------------------------------------*/
2333:Middlewares/Third_Party/FreeRTOS/Source/queue.c **** 
2334:Middlewares/Third_Party/FreeRTOS/Source/queue.c **** #if ( configUSE_CO_ROUTINES == 1 )
2335:Middlewares/Third_Party/FreeRTOS/Source/queue.c **** 
2336:Middlewares/Third_Party/FreeRTOS/Source/queue.c **** 	BaseType_t xQueueCRSend( QueueHandle_t xQueue, const void *pvItemToQueue, TickType_t xTicksToWait 
2337:Middlewares/Third_Party/FreeRTOS/Source/queue.c **** 	{
2338:Middlewares/Third_Party/FreeRTOS/Source/queue.c **** 	BaseType_t xReturn;
2339:Middlewares/Third_Party/FreeRTOS/Source/queue.c **** 	Queue_t * const pxQueue = ( Queue_t * ) xQueue;
2340:Middlewares/Third_Party/FreeRTOS/Source/queue.c **** 
2341:Middlewares/Third_Party/FreeRTOS/Source/queue.c **** 		/* If the queue is already full we may have to block.  A critical section
2342:Middlewares/Third_Party/FreeRTOS/Source/queue.c **** 		is required to prevent an interrupt removing something from the queue
2343:Middlewares/Third_Party/FreeRTOS/Source/queue.c **** 		between the check to see if the queue is full and blocking on the queue. */
2344:Middlewares/Third_Party/FreeRTOS/Source/queue.c **** 		portDISABLE_INTERRUPTS();
2345:Middlewares/Third_Party/FreeRTOS/Source/queue.c **** 		{
2346:Middlewares/Third_Party/FreeRTOS/Source/queue.c **** 			if( prvIsQueueFull( pxQueue ) != pdFALSE )
2347:Middlewares/Third_Party/FreeRTOS/Source/queue.c **** 			{
2348:Middlewares/Third_Party/FreeRTOS/Source/queue.c **** 				/* The queue is full - do we want to block or just leave without
2349:Middlewares/Third_Party/FreeRTOS/Source/queue.c **** 				posting? */
2350:Middlewares/Third_Party/FreeRTOS/Source/queue.c **** 				if( xTicksToWait > ( TickType_t ) 0 )
2351:Middlewares/Third_Party/FreeRTOS/Source/queue.c **** 				{
2352:Middlewares/Third_Party/FreeRTOS/Source/queue.c **** 					/* As this is called from a coroutine we cannot block directly, but
ARM GAS  C:\Users\31005\AppData\Local\Temp\ccp6mIRg.s 			page 153


2353:Middlewares/Third_Party/FreeRTOS/Source/queue.c **** 					return indicating that we need to block. */
2354:Middlewares/Third_Party/FreeRTOS/Source/queue.c **** 					vCoRoutineAddToDelayedList( xTicksToWait, &( pxQueue->xTasksWaitingToSend ) );
2355:Middlewares/Third_Party/FreeRTOS/Source/queue.c **** 					portENABLE_INTERRUPTS();
2356:Middlewares/Third_Party/FreeRTOS/Source/queue.c **** 					return errQUEUE_BLOCKED;
2357:Middlewares/Third_Party/FreeRTOS/Source/queue.c **** 				}
2358:Middlewares/Third_Party/FreeRTOS/Source/queue.c **** 				else
2359:Middlewares/Third_Party/FreeRTOS/Source/queue.c **** 				{
2360:Middlewares/Third_Party/FreeRTOS/Source/queue.c **** 					portENABLE_INTERRUPTS();
2361:Middlewares/Third_Party/FreeRTOS/Source/queue.c **** 					return errQUEUE_FULL;
2362:Middlewares/Third_Party/FreeRTOS/Source/queue.c **** 				}
2363:Middlewares/Third_Party/FreeRTOS/Source/queue.c **** 			}
2364:Middlewares/Third_Party/FreeRTOS/Source/queue.c **** 		}
2365:Middlewares/Third_Party/FreeRTOS/Source/queue.c **** 		portENABLE_INTERRUPTS();
2366:Middlewares/Third_Party/FreeRTOS/Source/queue.c **** 
2367:Middlewares/Third_Party/FreeRTOS/Source/queue.c **** 		portDISABLE_INTERRUPTS();
2368:Middlewares/Third_Party/FreeRTOS/Source/queue.c **** 		{
2369:Middlewares/Third_Party/FreeRTOS/Source/queue.c **** 			if( pxQueue->uxMessagesWaiting < pxQueue->uxLength )
2370:Middlewares/Third_Party/FreeRTOS/Source/queue.c **** 			{
2371:Middlewares/Third_Party/FreeRTOS/Source/queue.c **** 				/* There is room in the queue, copy the data into the queue. */
2372:Middlewares/Third_Party/FreeRTOS/Source/queue.c **** 				prvCopyDataToQueue( pxQueue, pvItemToQueue, queueSEND_TO_BACK );
2373:Middlewares/Third_Party/FreeRTOS/Source/queue.c **** 				xReturn = pdPASS;
2374:Middlewares/Third_Party/FreeRTOS/Source/queue.c **** 
2375:Middlewares/Third_Party/FreeRTOS/Source/queue.c **** 				/* Were any co-routines waiting for data to become available? */
2376:Middlewares/Third_Party/FreeRTOS/Source/queue.c **** 				if( listLIST_IS_EMPTY( &( pxQueue->xTasksWaitingToReceive ) ) == pdFALSE )
2377:Middlewares/Third_Party/FreeRTOS/Source/queue.c **** 				{
2378:Middlewares/Third_Party/FreeRTOS/Source/queue.c **** 					/* In this instance the co-routine could be placed directly
2379:Middlewares/Third_Party/FreeRTOS/Source/queue.c **** 					into the ready list as we are within a critical section.
2380:Middlewares/Third_Party/FreeRTOS/Source/queue.c **** 					Instead the same pending ready list mechanism is used as if
2381:Middlewares/Third_Party/FreeRTOS/Source/queue.c **** 					the event were caused from within an interrupt. */
2382:Middlewares/Third_Party/FreeRTOS/Source/queue.c **** 					if( xCoRoutineRemoveFromEventList( &( pxQueue->xTasksWaitingToReceive ) ) != pdFALSE )
2383:Middlewares/Third_Party/FreeRTOS/Source/queue.c **** 					{
2384:Middlewares/Third_Party/FreeRTOS/Source/queue.c **** 						/* The co-routine waiting has a higher priority so record
2385:Middlewares/Third_Party/FreeRTOS/Source/queue.c **** 						that a yield might be appropriate. */
2386:Middlewares/Third_Party/FreeRTOS/Source/queue.c **** 						xReturn = errQUEUE_YIELD;
2387:Middlewares/Third_Party/FreeRTOS/Source/queue.c **** 					}
2388:Middlewares/Third_Party/FreeRTOS/Source/queue.c **** 					else
2389:Middlewares/Third_Party/FreeRTOS/Source/queue.c **** 					{
2390:Middlewares/Third_Party/FreeRTOS/Source/queue.c **** 						mtCOVERAGE_TEST_MARKER();
2391:Middlewares/Third_Party/FreeRTOS/Source/queue.c **** 					}
2392:Middlewares/Third_Party/FreeRTOS/Source/queue.c **** 				}
2393:Middlewares/Third_Party/FreeRTOS/Source/queue.c **** 				else
2394:Middlewares/Third_Party/FreeRTOS/Source/queue.c **** 				{
2395:Middlewares/Third_Party/FreeRTOS/Source/queue.c **** 					mtCOVERAGE_TEST_MARKER();
2396:Middlewares/Third_Party/FreeRTOS/Source/queue.c **** 				}
2397:Middlewares/Third_Party/FreeRTOS/Source/queue.c **** 			}
2398:Middlewares/Third_Party/FreeRTOS/Source/queue.c **** 			else
2399:Middlewares/Third_Party/FreeRTOS/Source/queue.c **** 			{
2400:Middlewares/Third_Party/FreeRTOS/Source/queue.c **** 				xReturn = errQUEUE_FULL;
2401:Middlewares/Third_Party/FreeRTOS/Source/queue.c **** 			}
2402:Middlewares/Third_Party/FreeRTOS/Source/queue.c **** 		}
2403:Middlewares/Third_Party/FreeRTOS/Source/queue.c **** 		portENABLE_INTERRUPTS();
2404:Middlewares/Third_Party/FreeRTOS/Source/queue.c **** 
2405:Middlewares/Third_Party/FreeRTOS/Source/queue.c **** 		return xReturn;
2406:Middlewares/Third_Party/FreeRTOS/Source/queue.c **** 	}
2407:Middlewares/Third_Party/FreeRTOS/Source/queue.c **** 
2408:Middlewares/Third_Party/FreeRTOS/Source/queue.c **** #endif /* configUSE_CO_ROUTINES */
2409:Middlewares/Third_Party/FreeRTOS/Source/queue.c **** /*-----------------------------------------------------------*/
ARM GAS  C:\Users\31005\AppData\Local\Temp\ccp6mIRg.s 			page 154


2410:Middlewares/Third_Party/FreeRTOS/Source/queue.c **** 
2411:Middlewares/Third_Party/FreeRTOS/Source/queue.c **** #if ( configUSE_CO_ROUTINES == 1 )
2412:Middlewares/Third_Party/FreeRTOS/Source/queue.c **** 
2413:Middlewares/Third_Party/FreeRTOS/Source/queue.c **** 	BaseType_t xQueueCRReceive( QueueHandle_t xQueue, void *pvBuffer, TickType_t xTicksToWait )
2414:Middlewares/Third_Party/FreeRTOS/Source/queue.c **** 	{
2415:Middlewares/Third_Party/FreeRTOS/Source/queue.c **** 	BaseType_t xReturn;
2416:Middlewares/Third_Party/FreeRTOS/Source/queue.c **** 	Queue_t * const pxQueue = ( Queue_t * ) xQueue;
2417:Middlewares/Third_Party/FreeRTOS/Source/queue.c **** 
2418:Middlewares/Third_Party/FreeRTOS/Source/queue.c **** 		/* If the queue is already empty we may have to block.  A critical section
2419:Middlewares/Third_Party/FreeRTOS/Source/queue.c **** 		is required to prevent an interrupt adding something to the queue
2420:Middlewares/Third_Party/FreeRTOS/Source/queue.c **** 		between the check to see if the queue is empty and blocking on the queue. */
2421:Middlewares/Third_Party/FreeRTOS/Source/queue.c **** 		portDISABLE_INTERRUPTS();
2422:Middlewares/Third_Party/FreeRTOS/Source/queue.c **** 		{
2423:Middlewares/Third_Party/FreeRTOS/Source/queue.c **** 			if( pxQueue->uxMessagesWaiting == ( UBaseType_t ) 0 )
2424:Middlewares/Third_Party/FreeRTOS/Source/queue.c **** 			{
2425:Middlewares/Third_Party/FreeRTOS/Source/queue.c **** 				/* There are no messages in the queue, do we want to block or just
2426:Middlewares/Third_Party/FreeRTOS/Source/queue.c **** 				leave with nothing? */
2427:Middlewares/Third_Party/FreeRTOS/Source/queue.c **** 				if( xTicksToWait > ( TickType_t ) 0 )
2428:Middlewares/Third_Party/FreeRTOS/Source/queue.c **** 				{
2429:Middlewares/Third_Party/FreeRTOS/Source/queue.c **** 					/* As this is a co-routine we cannot block directly, but return
2430:Middlewares/Third_Party/FreeRTOS/Source/queue.c **** 					indicating that we need to block. */
2431:Middlewares/Third_Party/FreeRTOS/Source/queue.c **** 					vCoRoutineAddToDelayedList( xTicksToWait, &( pxQueue->xTasksWaitingToReceive ) );
2432:Middlewares/Third_Party/FreeRTOS/Source/queue.c **** 					portENABLE_INTERRUPTS();
2433:Middlewares/Third_Party/FreeRTOS/Source/queue.c **** 					return errQUEUE_BLOCKED;
2434:Middlewares/Third_Party/FreeRTOS/Source/queue.c **** 				}
2435:Middlewares/Third_Party/FreeRTOS/Source/queue.c **** 				else
2436:Middlewares/Third_Party/FreeRTOS/Source/queue.c **** 				{
2437:Middlewares/Third_Party/FreeRTOS/Source/queue.c **** 					portENABLE_INTERRUPTS();
2438:Middlewares/Third_Party/FreeRTOS/Source/queue.c **** 					return errQUEUE_FULL;
2439:Middlewares/Third_Party/FreeRTOS/Source/queue.c **** 				}
2440:Middlewares/Third_Party/FreeRTOS/Source/queue.c **** 			}
2441:Middlewares/Third_Party/FreeRTOS/Source/queue.c **** 			else
2442:Middlewares/Third_Party/FreeRTOS/Source/queue.c **** 			{
2443:Middlewares/Third_Party/FreeRTOS/Source/queue.c **** 				mtCOVERAGE_TEST_MARKER();
2444:Middlewares/Third_Party/FreeRTOS/Source/queue.c **** 			}
2445:Middlewares/Third_Party/FreeRTOS/Source/queue.c **** 		}
2446:Middlewares/Third_Party/FreeRTOS/Source/queue.c **** 		portENABLE_INTERRUPTS();
2447:Middlewares/Third_Party/FreeRTOS/Source/queue.c **** 
2448:Middlewares/Third_Party/FreeRTOS/Source/queue.c **** 		portDISABLE_INTERRUPTS();
2449:Middlewares/Third_Party/FreeRTOS/Source/queue.c **** 		{
2450:Middlewares/Third_Party/FreeRTOS/Source/queue.c **** 			if( pxQueue->uxMessagesWaiting > ( UBaseType_t ) 0 )
2451:Middlewares/Third_Party/FreeRTOS/Source/queue.c **** 			{
2452:Middlewares/Third_Party/FreeRTOS/Source/queue.c **** 				/* Data is available from the queue. */
2453:Middlewares/Third_Party/FreeRTOS/Source/queue.c **** 				pxQueue->u.pcReadFrom += pxQueue->uxItemSize;
2454:Middlewares/Third_Party/FreeRTOS/Source/queue.c **** 				if( pxQueue->u.pcReadFrom >= pxQueue->pcTail )
2455:Middlewares/Third_Party/FreeRTOS/Source/queue.c **** 				{
2456:Middlewares/Third_Party/FreeRTOS/Source/queue.c **** 					pxQueue->u.pcReadFrom = pxQueue->pcHead;
2457:Middlewares/Third_Party/FreeRTOS/Source/queue.c **** 				}
2458:Middlewares/Third_Party/FreeRTOS/Source/queue.c **** 				else
2459:Middlewares/Third_Party/FreeRTOS/Source/queue.c **** 				{
2460:Middlewares/Third_Party/FreeRTOS/Source/queue.c **** 					mtCOVERAGE_TEST_MARKER();
2461:Middlewares/Third_Party/FreeRTOS/Source/queue.c **** 				}
2462:Middlewares/Third_Party/FreeRTOS/Source/queue.c **** 				--( pxQueue->uxMessagesWaiting );
2463:Middlewares/Third_Party/FreeRTOS/Source/queue.c **** 				( void ) memcpy( ( void * ) pvBuffer, ( void * ) pxQueue->u.pcReadFrom, ( unsigned ) pxQueue->u
2464:Middlewares/Third_Party/FreeRTOS/Source/queue.c **** 
2465:Middlewares/Third_Party/FreeRTOS/Source/queue.c **** 				xReturn = pdPASS;
2466:Middlewares/Third_Party/FreeRTOS/Source/queue.c **** 
ARM GAS  C:\Users\31005\AppData\Local\Temp\ccp6mIRg.s 			page 155


2467:Middlewares/Third_Party/FreeRTOS/Source/queue.c **** 				/* Were any co-routines waiting for space to become available? */
2468:Middlewares/Third_Party/FreeRTOS/Source/queue.c **** 				if( listLIST_IS_EMPTY( &( pxQueue->xTasksWaitingToSend ) ) == pdFALSE )
2469:Middlewares/Third_Party/FreeRTOS/Source/queue.c **** 				{
2470:Middlewares/Third_Party/FreeRTOS/Source/queue.c **** 					/* In this instance the co-routine could be placed directly
2471:Middlewares/Third_Party/FreeRTOS/Source/queue.c **** 					into the ready list as we are within a critical section.
2472:Middlewares/Third_Party/FreeRTOS/Source/queue.c **** 					Instead the same pending ready list mechanism is used as if
2473:Middlewares/Third_Party/FreeRTOS/Source/queue.c **** 					the event were caused from within an interrupt. */
2474:Middlewares/Third_Party/FreeRTOS/Source/queue.c **** 					if( xCoRoutineRemoveFromEventList( &( pxQueue->xTasksWaitingToSend ) ) != pdFALSE )
2475:Middlewares/Third_Party/FreeRTOS/Source/queue.c **** 					{
2476:Middlewares/Third_Party/FreeRTOS/Source/queue.c **** 						xReturn = errQUEUE_YIELD;
2477:Middlewares/Third_Party/FreeRTOS/Source/queue.c **** 					}
2478:Middlewares/Third_Party/FreeRTOS/Source/queue.c **** 					else
2479:Middlewares/Third_Party/FreeRTOS/Source/queue.c **** 					{
2480:Middlewares/Third_Party/FreeRTOS/Source/queue.c **** 						mtCOVERAGE_TEST_MARKER();
2481:Middlewares/Third_Party/FreeRTOS/Source/queue.c **** 					}
2482:Middlewares/Third_Party/FreeRTOS/Source/queue.c **** 				}
2483:Middlewares/Third_Party/FreeRTOS/Source/queue.c **** 				else
2484:Middlewares/Third_Party/FreeRTOS/Source/queue.c **** 				{
2485:Middlewares/Third_Party/FreeRTOS/Source/queue.c **** 					mtCOVERAGE_TEST_MARKER();
2486:Middlewares/Third_Party/FreeRTOS/Source/queue.c **** 				}
2487:Middlewares/Third_Party/FreeRTOS/Source/queue.c **** 			}
2488:Middlewares/Third_Party/FreeRTOS/Source/queue.c **** 			else
2489:Middlewares/Third_Party/FreeRTOS/Source/queue.c **** 			{
2490:Middlewares/Third_Party/FreeRTOS/Source/queue.c **** 				xReturn = pdFAIL;
2491:Middlewares/Third_Party/FreeRTOS/Source/queue.c **** 			}
2492:Middlewares/Third_Party/FreeRTOS/Source/queue.c **** 		}
2493:Middlewares/Third_Party/FreeRTOS/Source/queue.c **** 		portENABLE_INTERRUPTS();
2494:Middlewares/Third_Party/FreeRTOS/Source/queue.c **** 
2495:Middlewares/Third_Party/FreeRTOS/Source/queue.c **** 		return xReturn;
2496:Middlewares/Third_Party/FreeRTOS/Source/queue.c **** 	}
2497:Middlewares/Third_Party/FreeRTOS/Source/queue.c **** 
2498:Middlewares/Third_Party/FreeRTOS/Source/queue.c **** #endif /* configUSE_CO_ROUTINES */
2499:Middlewares/Third_Party/FreeRTOS/Source/queue.c **** /*-----------------------------------------------------------*/
2500:Middlewares/Third_Party/FreeRTOS/Source/queue.c **** 
2501:Middlewares/Third_Party/FreeRTOS/Source/queue.c **** #if ( configUSE_CO_ROUTINES == 1 )
2502:Middlewares/Third_Party/FreeRTOS/Source/queue.c **** 
2503:Middlewares/Third_Party/FreeRTOS/Source/queue.c **** 	BaseType_t xQueueCRSendFromISR( QueueHandle_t xQueue, const void *pvItemToQueue, BaseType_t xCoRou
2504:Middlewares/Third_Party/FreeRTOS/Source/queue.c **** 	{
2505:Middlewares/Third_Party/FreeRTOS/Source/queue.c **** 	Queue_t * const pxQueue = ( Queue_t * ) xQueue;
2506:Middlewares/Third_Party/FreeRTOS/Source/queue.c **** 
2507:Middlewares/Third_Party/FreeRTOS/Source/queue.c **** 		/* Cannot block within an ISR so if there is no space on the queue then
2508:Middlewares/Third_Party/FreeRTOS/Source/queue.c **** 		exit without doing anything. */
2509:Middlewares/Third_Party/FreeRTOS/Source/queue.c **** 		if( pxQueue->uxMessagesWaiting < pxQueue->uxLength )
2510:Middlewares/Third_Party/FreeRTOS/Source/queue.c **** 		{
2511:Middlewares/Third_Party/FreeRTOS/Source/queue.c **** 			prvCopyDataToQueue( pxQueue, pvItemToQueue, queueSEND_TO_BACK );
2512:Middlewares/Third_Party/FreeRTOS/Source/queue.c **** 
2513:Middlewares/Third_Party/FreeRTOS/Source/queue.c **** 			/* We only want to wake one co-routine per ISR, so check that a
2514:Middlewares/Third_Party/FreeRTOS/Source/queue.c **** 			co-routine has not already been woken. */
2515:Middlewares/Third_Party/FreeRTOS/Source/queue.c **** 			if( xCoRoutinePreviouslyWoken == pdFALSE )
2516:Middlewares/Third_Party/FreeRTOS/Source/queue.c **** 			{
2517:Middlewares/Third_Party/FreeRTOS/Source/queue.c **** 				if( listLIST_IS_EMPTY( &( pxQueue->xTasksWaitingToReceive ) ) == pdFALSE )
2518:Middlewares/Third_Party/FreeRTOS/Source/queue.c **** 				{
2519:Middlewares/Third_Party/FreeRTOS/Source/queue.c **** 					if( xCoRoutineRemoveFromEventList( &( pxQueue->xTasksWaitingToReceive ) ) != pdFALSE )
2520:Middlewares/Third_Party/FreeRTOS/Source/queue.c **** 					{
2521:Middlewares/Third_Party/FreeRTOS/Source/queue.c **** 						return pdTRUE;
2522:Middlewares/Third_Party/FreeRTOS/Source/queue.c **** 					}
2523:Middlewares/Third_Party/FreeRTOS/Source/queue.c **** 					else
ARM GAS  C:\Users\31005\AppData\Local\Temp\ccp6mIRg.s 			page 156


2524:Middlewares/Third_Party/FreeRTOS/Source/queue.c **** 					{
2525:Middlewares/Third_Party/FreeRTOS/Source/queue.c **** 						mtCOVERAGE_TEST_MARKER();
2526:Middlewares/Third_Party/FreeRTOS/Source/queue.c **** 					}
2527:Middlewares/Third_Party/FreeRTOS/Source/queue.c **** 				}
2528:Middlewares/Third_Party/FreeRTOS/Source/queue.c **** 				else
2529:Middlewares/Third_Party/FreeRTOS/Source/queue.c **** 				{
2530:Middlewares/Third_Party/FreeRTOS/Source/queue.c **** 					mtCOVERAGE_TEST_MARKER();
2531:Middlewares/Third_Party/FreeRTOS/Source/queue.c **** 				}
2532:Middlewares/Third_Party/FreeRTOS/Source/queue.c **** 			}
2533:Middlewares/Third_Party/FreeRTOS/Source/queue.c **** 			else
2534:Middlewares/Third_Party/FreeRTOS/Source/queue.c **** 			{
2535:Middlewares/Third_Party/FreeRTOS/Source/queue.c **** 				mtCOVERAGE_TEST_MARKER();
2536:Middlewares/Third_Party/FreeRTOS/Source/queue.c **** 			}
2537:Middlewares/Third_Party/FreeRTOS/Source/queue.c **** 		}
2538:Middlewares/Third_Party/FreeRTOS/Source/queue.c **** 		else
2539:Middlewares/Third_Party/FreeRTOS/Source/queue.c **** 		{
2540:Middlewares/Third_Party/FreeRTOS/Source/queue.c **** 			mtCOVERAGE_TEST_MARKER();
2541:Middlewares/Third_Party/FreeRTOS/Source/queue.c **** 		}
2542:Middlewares/Third_Party/FreeRTOS/Source/queue.c **** 
2543:Middlewares/Third_Party/FreeRTOS/Source/queue.c **** 		return xCoRoutinePreviouslyWoken;
2544:Middlewares/Third_Party/FreeRTOS/Source/queue.c **** 	}
2545:Middlewares/Third_Party/FreeRTOS/Source/queue.c **** 
2546:Middlewares/Third_Party/FreeRTOS/Source/queue.c **** #endif /* configUSE_CO_ROUTINES */
2547:Middlewares/Third_Party/FreeRTOS/Source/queue.c **** /*-----------------------------------------------------------*/
2548:Middlewares/Third_Party/FreeRTOS/Source/queue.c **** 
2549:Middlewares/Third_Party/FreeRTOS/Source/queue.c **** #if ( configUSE_CO_ROUTINES == 1 )
2550:Middlewares/Third_Party/FreeRTOS/Source/queue.c **** 
2551:Middlewares/Third_Party/FreeRTOS/Source/queue.c **** 	BaseType_t xQueueCRReceiveFromISR( QueueHandle_t xQueue, void *pvBuffer, BaseType_t *pxCoRoutineWo
2552:Middlewares/Third_Party/FreeRTOS/Source/queue.c **** 	{
2553:Middlewares/Third_Party/FreeRTOS/Source/queue.c **** 	BaseType_t xReturn;
2554:Middlewares/Third_Party/FreeRTOS/Source/queue.c **** 	Queue_t * const pxQueue = ( Queue_t * ) xQueue;
2555:Middlewares/Third_Party/FreeRTOS/Source/queue.c **** 
2556:Middlewares/Third_Party/FreeRTOS/Source/queue.c **** 		/* We cannot block from an ISR, so check there is data available. If
2557:Middlewares/Third_Party/FreeRTOS/Source/queue.c **** 		not then just leave without doing anything. */
2558:Middlewares/Third_Party/FreeRTOS/Source/queue.c **** 		if( pxQueue->uxMessagesWaiting > ( UBaseType_t ) 0 )
2559:Middlewares/Third_Party/FreeRTOS/Source/queue.c **** 		{
2560:Middlewares/Third_Party/FreeRTOS/Source/queue.c **** 			/* Copy the data from the queue. */
2561:Middlewares/Third_Party/FreeRTOS/Source/queue.c **** 			pxQueue->u.pcReadFrom += pxQueue->uxItemSize;
2562:Middlewares/Third_Party/FreeRTOS/Source/queue.c **** 			if( pxQueue->u.pcReadFrom >= pxQueue->pcTail )
2563:Middlewares/Third_Party/FreeRTOS/Source/queue.c **** 			{
2564:Middlewares/Third_Party/FreeRTOS/Source/queue.c **** 				pxQueue->u.pcReadFrom = pxQueue->pcHead;
2565:Middlewares/Third_Party/FreeRTOS/Source/queue.c **** 			}
2566:Middlewares/Third_Party/FreeRTOS/Source/queue.c **** 			else
2567:Middlewares/Third_Party/FreeRTOS/Source/queue.c **** 			{
2568:Middlewares/Third_Party/FreeRTOS/Source/queue.c **** 				mtCOVERAGE_TEST_MARKER();
2569:Middlewares/Third_Party/FreeRTOS/Source/queue.c **** 			}
2570:Middlewares/Third_Party/FreeRTOS/Source/queue.c **** 			--( pxQueue->uxMessagesWaiting );
2571:Middlewares/Third_Party/FreeRTOS/Source/queue.c **** 			( void ) memcpy( ( void * ) pvBuffer, ( void * ) pxQueue->u.pcReadFrom, ( unsigned ) pxQueue->ux
2572:Middlewares/Third_Party/FreeRTOS/Source/queue.c **** 
2573:Middlewares/Third_Party/FreeRTOS/Source/queue.c **** 			if( ( *pxCoRoutineWoken ) == pdFALSE )
2574:Middlewares/Third_Party/FreeRTOS/Source/queue.c **** 			{
2575:Middlewares/Third_Party/FreeRTOS/Source/queue.c **** 				if( listLIST_IS_EMPTY( &( pxQueue->xTasksWaitingToSend ) ) == pdFALSE )
2576:Middlewares/Third_Party/FreeRTOS/Source/queue.c **** 				{
2577:Middlewares/Third_Party/FreeRTOS/Source/queue.c **** 					if( xCoRoutineRemoveFromEventList( &( pxQueue->xTasksWaitingToSend ) ) != pdFALSE )
2578:Middlewares/Third_Party/FreeRTOS/Source/queue.c **** 					{
2579:Middlewares/Third_Party/FreeRTOS/Source/queue.c **** 						*pxCoRoutineWoken = pdTRUE;
2580:Middlewares/Third_Party/FreeRTOS/Source/queue.c **** 					}
ARM GAS  C:\Users\31005\AppData\Local\Temp\ccp6mIRg.s 			page 157


2581:Middlewares/Third_Party/FreeRTOS/Source/queue.c **** 					else
2582:Middlewares/Third_Party/FreeRTOS/Source/queue.c **** 					{
2583:Middlewares/Third_Party/FreeRTOS/Source/queue.c **** 						mtCOVERAGE_TEST_MARKER();
2584:Middlewares/Third_Party/FreeRTOS/Source/queue.c **** 					}
2585:Middlewares/Third_Party/FreeRTOS/Source/queue.c **** 				}
2586:Middlewares/Third_Party/FreeRTOS/Source/queue.c **** 				else
2587:Middlewares/Third_Party/FreeRTOS/Source/queue.c **** 				{
2588:Middlewares/Third_Party/FreeRTOS/Source/queue.c **** 					mtCOVERAGE_TEST_MARKER();
2589:Middlewares/Third_Party/FreeRTOS/Source/queue.c **** 				}
2590:Middlewares/Third_Party/FreeRTOS/Source/queue.c **** 			}
2591:Middlewares/Third_Party/FreeRTOS/Source/queue.c **** 			else
2592:Middlewares/Third_Party/FreeRTOS/Source/queue.c **** 			{
2593:Middlewares/Third_Party/FreeRTOS/Source/queue.c **** 				mtCOVERAGE_TEST_MARKER();
2594:Middlewares/Third_Party/FreeRTOS/Source/queue.c **** 			}
2595:Middlewares/Third_Party/FreeRTOS/Source/queue.c **** 
2596:Middlewares/Third_Party/FreeRTOS/Source/queue.c **** 			xReturn = pdPASS;
2597:Middlewares/Third_Party/FreeRTOS/Source/queue.c **** 		}
2598:Middlewares/Third_Party/FreeRTOS/Source/queue.c **** 		else
2599:Middlewares/Third_Party/FreeRTOS/Source/queue.c **** 		{
2600:Middlewares/Third_Party/FreeRTOS/Source/queue.c **** 			xReturn = pdFAIL;
2601:Middlewares/Third_Party/FreeRTOS/Source/queue.c **** 		}
2602:Middlewares/Third_Party/FreeRTOS/Source/queue.c **** 
2603:Middlewares/Third_Party/FreeRTOS/Source/queue.c **** 		return xReturn;
2604:Middlewares/Third_Party/FreeRTOS/Source/queue.c **** 	}
2605:Middlewares/Third_Party/FreeRTOS/Source/queue.c **** 
2606:Middlewares/Third_Party/FreeRTOS/Source/queue.c **** #endif /* configUSE_CO_ROUTINES */
2607:Middlewares/Third_Party/FreeRTOS/Source/queue.c **** /*-----------------------------------------------------------*/
2608:Middlewares/Third_Party/FreeRTOS/Source/queue.c **** 
2609:Middlewares/Third_Party/FreeRTOS/Source/queue.c **** #if ( configQUEUE_REGISTRY_SIZE > 0 )
2610:Middlewares/Third_Party/FreeRTOS/Source/queue.c **** 
2611:Middlewares/Third_Party/FreeRTOS/Source/queue.c **** 	void vQueueAddToRegistry( QueueHandle_t xQueue, const char *pcQueueName ) /*lint !e971 Unqualified
2612:Middlewares/Third_Party/FreeRTOS/Source/queue.c **** 	{
 4819              		.loc 1 2612 2 is_stmt 1 view -0
 4820              		.cfi_startproc
 4821              		@ args = 0, pretend = 0, frame = 0
 4822              		@ frame_needed = 0, uses_anonymous_args = 0
 4823              		@ link register save eliminated.
2613:Middlewares/Third_Party/FreeRTOS/Source/queue.c **** 	UBaseType_t ux;
 4824              		.loc 1 2613 2 view .LVU1424
2614:Middlewares/Third_Party/FreeRTOS/Source/queue.c **** 
2615:Middlewares/Third_Party/FreeRTOS/Source/queue.c **** 		/* See if there is an empty space in the registry.  A NULL name denotes
2616:Middlewares/Third_Party/FreeRTOS/Source/queue.c **** 		a free slot. */
2617:Middlewares/Third_Party/FreeRTOS/Source/queue.c **** 		for( ux = ( UBaseType_t ) 0U; ux < ( UBaseType_t ) configQUEUE_REGISTRY_SIZE; ux++ )
 4825              		.loc 1 2617 3 view .LVU1425
 4826              		.loc 1 2617 11 is_stmt 0 view .LVU1426
 4827 0000 0023     		movs	r3, #0
 4828              	.LVL404:
 4829              	.L357:
 4830              		.loc 1 2617 36 is_stmt 1 discriminator 1 view .LVU1427
 4831 0002 072B     		cmp	r3, #7
 4832 0004 0CD8     		bhi	.L361
2618:Middlewares/Third_Party/FreeRTOS/Source/queue.c **** 		{
2619:Middlewares/Third_Party/FreeRTOS/Source/queue.c **** 			if( xQueueRegistry[ ux ].pcQueueName == NULL )
 4833              		.loc 1 2619 4 view .LVU1428
 4834              		.loc 1 2619 28 is_stmt 0 view .LVU1429
 4835 0006 074A     		ldr	r2, .L363
 4836 0008 52F83320 		ldr	r2, [r2, r3, lsl #3]
ARM GAS  C:\Users\31005\AppData\Local\Temp\ccp6mIRg.s 			page 158


 4837              		.loc 1 2619 6 view .LVU1430
 4838 000c 0AB1     		cbz	r2, .L362
2620:Middlewares/Third_Party/FreeRTOS/Source/queue.c **** 			{
2621:Middlewares/Third_Party/FreeRTOS/Source/queue.c **** 				/* Store the information on this queue. */
2622:Middlewares/Third_Party/FreeRTOS/Source/queue.c **** 				xQueueRegistry[ ux ].pcQueueName = pcQueueName;
2623:Middlewares/Third_Party/FreeRTOS/Source/queue.c **** 				xQueueRegistry[ ux ].xHandle = xQueue;
2624:Middlewares/Third_Party/FreeRTOS/Source/queue.c **** 
2625:Middlewares/Third_Party/FreeRTOS/Source/queue.c **** 				traceQUEUE_REGISTRY_ADD( xQueue, pcQueueName );
2626:Middlewares/Third_Party/FreeRTOS/Source/queue.c **** 				break;
2627:Middlewares/Third_Party/FreeRTOS/Source/queue.c **** 			}
2628:Middlewares/Third_Party/FreeRTOS/Source/queue.c **** 			else
2629:Middlewares/Third_Party/FreeRTOS/Source/queue.c **** 			{
2630:Middlewares/Third_Party/FreeRTOS/Source/queue.c **** 				mtCOVERAGE_TEST_MARKER();
 4839              		.loc 1 2630 29 is_stmt 1 discriminator 2 view .LVU1431
2617:Middlewares/Third_Party/FreeRTOS/Source/queue.c **** 		{
 4840              		.loc 1 2617 83 discriminator 2 view .LVU1432
 4841 000e 0133     		adds	r3, r3, #1
 4842              	.LVL405:
2617:Middlewares/Third_Party/FreeRTOS/Source/queue.c **** 		{
 4843              		.loc 1 2617 83 is_stmt 0 discriminator 2 view .LVU1433
 4844 0010 F7E7     		b	.L357
 4845              	.L362:
2622:Middlewares/Third_Party/FreeRTOS/Source/queue.c **** 				xQueueRegistry[ ux ].xHandle = xQueue;
 4846              		.loc 1 2622 5 is_stmt 1 view .LVU1434
2622:Middlewares/Third_Party/FreeRTOS/Source/queue.c **** 				xQueueRegistry[ ux ].xHandle = xQueue;
 4847              		.loc 1 2622 38 is_stmt 0 view .LVU1435
 4848 0012 044A     		ldr	r2, .L363
 4849 0014 42F83310 		str	r1, [r2, r3, lsl #3]
2623:Middlewares/Third_Party/FreeRTOS/Source/queue.c **** 
 4850              		.loc 1 2623 5 is_stmt 1 view .LVU1436
2623:Middlewares/Third_Party/FreeRTOS/Source/queue.c **** 
 4851              		.loc 1 2623 34 is_stmt 0 view .LVU1437
 4852 0018 02EBC302 		add	r2, r2, r3, lsl #3
 4853 001c 5060     		str	r0, [r2, #4]
2625:Middlewares/Third_Party/FreeRTOS/Source/queue.c **** 				break;
 4854              		.loc 1 2625 51 is_stmt 1 view .LVU1438
2626:Middlewares/Third_Party/FreeRTOS/Source/queue.c **** 			}
 4855              		.loc 1 2626 5 view .LVU1439
 4856 001e 7047     		bx	lr
 4857              	.L361:
2631:Middlewares/Third_Party/FreeRTOS/Source/queue.c **** 			}
2632:Middlewares/Third_Party/FreeRTOS/Source/queue.c **** 		}
2633:Middlewares/Third_Party/FreeRTOS/Source/queue.c **** 	}
 4858              		.loc 1 2633 2 is_stmt 0 view .LVU1440
 4859 0020 7047     		bx	lr
 4860              	.L364:
 4861 0022 00BF     		.align	2
 4862              	.L363:
 4863 0024 00000000 		.word	xQueueRegistry
 4864              		.cfi_endproc
 4865              	.LFE40:
 4867              		.section	.text.pcQueueGetName,"ax",%progbits
 4868              		.align	1
 4869              		.global	pcQueueGetName
 4870              		.syntax unified
 4871              		.thumb
 4872              		.thumb_func
ARM GAS  C:\Users\31005\AppData\Local\Temp\ccp6mIRg.s 			page 159


 4874              	pcQueueGetName:
 4875              	.LVL406:
 4876              	.LFB41:
2634:Middlewares/Third_Party/FreeRTOS/Source/queue.c **** 
2635:Middlewares/Third_Party/FreeRTOS/Source/queue.c **** #endif /* configQUEUE_REGISTRY_SIZE */
2636:Middlewares/Third_Party/FreeRTOS/Source/queue.c **** /*-----------------------------------------------------------*/
2637:Middlewares/Third_Party/FreeRTOS/Source/queue.c **** 
2638:Middlewares/Third_Party/FreeRTOS/Source/queue.c **** #if ( configQUEUE_REGISTRY_SIZE > 0 )
2639:Middlewares/Third_Party/FreeRTOS/Source/queue.c **** 
2640:Middlewares/Third_Party/FreeRTOS/Source/queue.c **** 	const char *pcQueueGetName( QueueHandle_t xQueue ) /*lint !e971 Unqualified char types are allowed
2641:Middlewares/Third_Party/FreeRTOS/Source/queue.c **** 	{
 4877              		.loc 1 2641 2 is_stmt 1 view -0
 4878              		.cfi_startproc
 4879              		@ args = 0, pretend = 0, frame = 0
 4880              		@ frame_needed = 0, uses_anonymous_args = 0
 4881              		@ link register save eliminated.
2642:Middlewares/Third_Party/FreeRTOS/Source/queue.c **** 	UBaseType_t ux;
 4882              		.loc 1 2642 2 view .LVU1442
2643:Middlewares/Third_Party/FreeRTOS/Source/queue.c **** 	const char *pcReturn = NULL; /*lint !e971 Unqualified char types are allowed for strings and singl
 4883              		.loc 1 2643 2 view .LVU1443
2644:Middlewares/Third_Party/FreeRTOS/Source/queue.c **** 
2645:Middlewares/Third_Party/FreeRTOS/Source/queue.c **** 		/* Note there is nothing here to protect against another task adding or
2646:Middlewares/Third_Party/FreeRTOS/Source/queue.c **** 		removing entries from the registry while it is being searched. */
2647:Middlewares/Third_Party/FreeRTOS/Source/queue.c **** 		for( ux = ( UBaseType_t ) 0U; ux < ( UBaseType_t ) configQUEUE_REGISTRY_SIZE; ux++ )
 4884              		.loc 1 2647 3 view .LVU1444
 4885              		.loc 1 2647 11 is_stmt 0 view .LVU1445
 4886 0000 0023     		movs	r3, #0
 4887              	.LVL407:
 4888              	.L366:
 4889              		.loc 1 2647 36 is_stmt 1 discriminator 1 view .LVU1446
 4890 0002 072B     		cmp	r3, #7
 4891 0004 0BD8     		bhi	.L370
2648:Middlewares/Third_Party/FreeRTOS/Source/queue.c **** 		{
2649:Middlewares/Third_Party/FreeRTOS/Source/queue.c **** 			if( xQueueRegistry[ ux ].xHandle == xQueue )
 4892              		.loc 1 2649 4 view .LVU1447
 4893              		.loc 1 2649 28 is_stmt 0 view .LVU1448
 4894 0006 074A     		ldr	r2, .L372
 4895 0008 02EBC302 		add	r2, r2, r3, lsl #3
 4896 000c 5268     		ldr	r2, [r2, #4]
 4897              		.loc 1 2649 6 view .LVU1449
 4898 000e 8242     		cmp	r2, r0
 4899 0010 01D0     		beq	.L371
2650:Middlewares/Third_Party/FreeRTOS/Source/queue.c **** 			{
2651:Middlewares/Third_Party/FreeRTOS/Source/queue.c **** 				pcReturn = xQueueRegistry[ ux ].pcQueueName;
2652:Middlewares/Third_Party/FreeRTOS/Source/queue.c **** 				break;
2653:Middlewares/Third_Party/FreeRTOS/Source/queue.c **** 			}
2654:Middlewares/Third_Party/FreeRTOS/Source/queue.c **** 			else
2655:Middlewares/Third_Party/FreeRTOS/Source/queue.c **** 			{
2656:Middlewares/Third_Party/FreeRTOS/Source/queue.c **** 				mtCOVERAGE_TEST_MARKER();
 4900              		.loc 1 2656 29 is_stmt 1 discriminator 2 view .LVU1450
2647:Middlewares/Third_Party/FreeRTOS/Source/queue.c **** 		{
 4901              		.loc 1 2647 83 discriminator 2 view .LVU1451
 4902 0012 0133     		adds	r3, r3, #1
 4903              	.LVL408:
2647:Middlewares/Third_Party/FreeRTOS/Source/queue.c **** 		{
 4904              		.loc 1 2647 83 is_stmt 0 discriminator 2 view .LVU1452
 4905 0014 F5E7     		b	.L366
ARM GAS  C:\Users\31005\AppData\Local\Temp\ccp6mIRg.s 			page 160


 4906              	.L371:
2651:Middlewares/Third_Party/FreeRTOS/Source/queue.c **** 				break;
 4907              		.loc 1 2651 5 is_stmt 1 view .LVU1453
2651:Middlewares/Third_Party/FreeRTOS/Source/queue.c **** 				break;
 4908              		.loc 1 2651 14 is_stmt 0 view .LVU1454
 4909 0016 034A     		ldr	r2, .L372
 4910 0018 52F83300 		ldr	r0, [r2, r3, lsl #3]
 4911              	.LVL409:
2652:Middlewares/Third_Party/FreeRTOS/Source/queue.c **** 			}
 4912              		.loc 1 2652 5 is_stmt 1 view .LVU1455
 4913 001c 7047     		bx	lr
 4914              	.LVL410:
 4915              	.L370:
2643:Middlewares/Third_Party/FreeRTOS/Source/queue.c **** 
 4916              		.loc 1 2643 14 is_stmt 0 view .LVU1456
 4917 001e 0020     		movs	r0, #0
 4918              	.LVL411:
2657:Middlewares/Third_Party/FreeRTOS/Source/queue.c **** 			}
2658:Middlewares/Third_Party/FreeRTOS/Source/queue.c **** 		}
2659:Middlewares/Third_Party/FreeRTOS/Source/queue.c **** 
2660:Middlewares/Third_Party/FreeRTOS/Source/queue.c **** 		return pcReturn;
 4919              		.loc 1 2660 3 is_stmt 1 view .LVU1457
2661:Middlewares/Third_Party/FreeRTOS/Source/queue.c **** 	} /*lint !e818 xQueue cannot be a pointer to const because it is a typedef. */
 4920              		.loc 1 2661 2 is_stmt 0 view .LVU1458
 4921 0020 7047     		bx	lr
 4922              	.L373:
 4923 0022 00BF     		.align	2
 4924              	.L372:
 4925 0024 00000000 		.word	xQueueRegistry
 4926              		.cfi_endproc
 4927              	.LFE41:
 4929              		.section	.text.vQueueUnregisterQueue,"ax",%progbits
 4930              		.align	1
 4931              		.global	vQueueUnregisterQueue
 4932              		.syntax unified
 4933              		.thumb
 4934              		.thumb_func
 4936              	vQueueUnregisterQueue:
 4937              	.LVL412:
 4938              	.LFB42:
2662:Middlewares/Third_Party/FreeRTOS/Source/queue.c **** 
2663:Middlewares/Third_Party/FreeRTOS/Source/queue.c **** #endif /* configQUEUE_REGISTRY_SIZE */
2664:Middlewares/Third_Party/FreeRTOS/Source/queue.c **** /*-----------------------------------------------------------*/
2665:Middlewares/Third_Party/FreeRTOS/Source/queue.c **** 
2666:Middlewares/Third_Party/FreeRTOS/Source/queue.c **** #if ( configQUEUE_REGISTRY_SIZE > 0 )
2667:Middlewares/Third_Party/FreeRTOS/Source/queue.c **** 
2668:Middlewares/Third_Party/FreeRTOS/Source/queue.c **** 	void vQueueUnregisterQueue( QueueHandle_t xQueue )
2669:Middlewares/Third_Party/FreeRTOS/Source/queue.c **** 	{
 4939              		.loc 1 2669 2 is_stmt 1 view -0
 4940              		.cfi_startproc
 4941              		@ args = 0, pretend = 0, frame = 0
 4942              		@ frame_needed = 0, uses_anonymous_args = 0
 4943              		@ link register save eliminated.
2670:Middlewares/Third_Party/FreeRTOS/Source/queue.c **** 	UBaseType_t ux;
 4944              		.loc 1 2670 2 view .LVU1460
2671:Middlewares/Third_Party/FreeRTOS/Source/queue.c **** 
2672:Middlewares/Third_Party/FreeRTOS/Source/queue.c **** 		/* See if the handle of the queue being unregistered in actually in the
ARM GAS  C:\Users\31005\AppData\Local\Temp\ccp6mIRg.s 			page 161


2673:Middlewares/Third_Party/FreeRTOS/Source/queue.c **** 		registry. */
2674:Middlewares/Third_Party/FreeRTOS/Source/queue.c **** 		for( ux = ( UBaseType_t ) 0U; ux < ( UBaseType_t ) configQUEUE_REGISTRY_SIZE; ux++ )
 4945              		.loc 1 2674 3 view .LVU1461
 4946              		.loc 1 2674 11 is_stmt 0 view .LVU1462
 4947 0000 0023     		movs	r3, #0
 4948              	.LVL413:
 4949              	.L375:
 4950              		.loc 1 2674 36 is_stmt 1 discriminator 1 view .LVU1463
 4951 0002 072B     		cmp	r3, #7
 4952 0004 0FD8     		bhi	.L379
2675:Middlewares/Third_Party/FreeRTOS/Source/queue.c **** 		{
2676:Middlewares/Third_Party/FreeRTOS/Source/queue.c **** 			if( xQueueRegistry[ ux ].xHandle == xQueue )
 4953              		.loc 1 2676 4 view .LVU1464
 4954              		.loc 1 2676 28 is_stmt 0 view .LVU1465
 4955 0006 084A     		ldr	r2, .L381
 4956 0008 02EBC302 		add	r2, r2, r3, lsl #3
 4957 000c 5268     		ldr	r2, [r2, #4]
 4958              		.loc 1 2676 6 view .LVU1466
 4959 000e 8242     		cmp	r2, r0
 4960 0010 01D0     		beq	.L380
2677:Middlewares/Third_Party/FreeRTOS/Source/queue.c **** 			{
2678:Middlewares/Third_Party/FreeRTOS/Source/queue.c **** 				/* Set the name to NULL to show that this slot if free again. */
2679:Middlewares/Third_Party/FreeRTOS/Source/queue.c **** 				xQueueRegistry[ ux ].pcQueueName = NULL;
2680:Middlewares/Third_Party/FreeRTOS/Source/queue.c **** 
2681:Middlewares/Third_Party/FreeRTOS/Source/queue.c **** 				/* Set the handle to NULL to ensure the same queue handle cannot
2682:Middlewares/Third_Party/FreeRTOS/Source/queue.c **** 				appear in the registry twice if it is added, removed, then
2683:Middlewares/Third_Party/FreeRTOS/Source/queue.c **** 				added again. */
2684:Middlewares/Third_Party/FreeRTOS/Source/queue.c **** 				xQueueRegistry[ ux ].xHandle = ( QueueHandle_t ) 0;
2685:Middlewares/Third_Party/FreeRTOS/Source/queue.c **** 				break;
2686:Middlewares/Third_Party/FreeRTOS/Source/queue.c **** 			}
2687:Middlewares/Third_Party/FreeRTOS/Source/queue.c **** 			else
2688:Middlewares/Third_Party/FreeRTOS/Source/queue.c **** 			{
2689:Middlewares/Third_Party/FreeRTOS/Source/queue.c **** 				mtCOVERAGE_TEST_MARKER();
 4961              		.loc 1 2689 29 is_stmt 1 discriminator 2 view .LVU1467
2674:Middlewares/Third_Party/FreeRTOS/Source/queue.c **** 		{
 4962              		.loc 1 2674 83 discriminator 2 view .LVU1468
 4963 0012 0133     		adds	r3, r3, #1
 4964              	.LVL414:
2674:Middlewares/Third_Party/FreeRTOS/Source/queue.c **** 		{
 4965              		.loc 1 2674 83 is_stmt 0 discriminator 2 view .LVU1469
 4966 0014 F5E7     		b	.L375
 4967              	.L380:
2679:Middlewares/Third_Party/FreeRTOS/Source/queue.c **** 
 4968              		.loc 1 2679 5 is_stmt 1 view .LVU1470
2679:Middlewares/Third_Party/FreeRTOS/Source/queue.c **** 
 4969              		.loc 1 2679 38 is_stmt 0 view .LVU1471
 4970 0016 044A     		ldr	r2, .L381
 4971 0018 0021     		movs	r1, #0
 4972 001a 42F83310 		str	r1, [r2, r3, lsl #3]
2684:Middlewares/Third_Party/FreeRTOS/Source/queue.c **** 				break;
 4973              		.loc 1 2684 5 is_stmt 1 view .LVU1472
2684:Middlewares/Third_Party/FreeRTOS/Source/queue.c **** 				break;
 4974              		.loc 1 2684 34 is_stmt 0 view .LVU1473
 4975 001e 02EBC302 		add	r2, r2, r3, lsl #3
 4976 0022 5160     		str	r1, [r2, #4]
2685:Middlewares/Third_Party/FreeRTOS/Source/queue.c **** 			}
 4977              		.loc 1 2685 5 is_stmt 1 view .LVU1474
ARM GAS  C:\Users\31005\AppData\Local\Temp\ccp6mIRg.s 			page 162


 4978 0024 7047     		bx	lr
 4979              	.L379:
2690:Middlewares/Third_Party/FreeRTOS/Source/queue.c **** 			}
2691:Middlewares/Third_Party/FreeRTOS/Source/queue.c **** 		}
2692:Middlewares/Third_Party/FreeRTOS/Source/queue.c **** 
2693:Middlewares/Third_Party/FreeRTOS/Source/queue.c **** 	} /*lint !e818 xQueue could not be pointer to const because it is a typedef. */
 4980              		.loc 1 2693 2 is_stmt 0 view .LVU1475
 4981 0026 7047     		bx	lr
 4982              	.L382:
 4983              		.align	2
 4984              	.L381:
 4985 0028 00000000 		.word	xQueueRegistry
 4986              		.cfi_endproc
 4987              	.LFE42:
 4989              		.section	.text.vQueueDelete,"ax",%progbits
 4990              		.align	1
 4991              		.global	vQueueDelete
 4992              		.syntax unified
 4993              		.thumb
 4994              		.thumb_func
 4996              	vQueueDelete:
 4997              	.LVL415:
 4998              	.LFB28:
1941:Middlewares/Third_Party/FreeRTOS/Source/queue.c **** Queue_t * const pxQueue = ( Queue_t * ) xQueue;
 4999              		.loc 1 1941 1 is_stmt 1 view -0
 5000              		.cfi_startproc
 5001              		@ args = 0, pretend = 0, frame = 0
 5002              		@ frame_needed = 0, uses_anonymous_args = 0
1942:Middlewares/Third_Party/FreeRTOS/Source/queue.c **** 
 5003              		.loc 1 1942 1 view .LVU1477
1944:Middlewares/Third_Party/FreeRTOS/Source/queue.c **** 	traceQUEUE_DELETE( pxQueue );
 5004              		.loc 1 1944 2 view .LVU1478
 5005 0000 38B1     		cbz	r0, .L389
1941:Middlewares/Third_Party/FreeRTOS/Source/queue.c **** Queue_t * const pxQueue = ( Queue_t * ) xQueue;
 5006              		.loc 1 1941 1 is_stmt 0 discriminator 2 view .LVU1479
 5007 0002 10B5     		push	{r4, lr}
 5008              	.LCFI55:
 5009              		.cfi_def_cfa_offset 8
 5010              		.cfi_offset 4, -8
 5011              		.cfi_offset 14, -4
 5012 0004 0446     		mov	r4, r0
1944:Middlewares/Third_Party/FreeRTOS/Source/queue.c **** 	traceQUEUE_DELETE( pxQueue );
 5013              		.loc 1 1944 25 is_stmt 1 discriminator 2 view .LVU1480
1945:Middlewares/Third_Party/FreeRTOS/Source/queue.c **** 
 5014              		.loc 1 1945 30 discriminator 2 view .LVU1481
1949:Middlewares/Third_Party/FreeRTOS/Source/queue.c **** 	}
 5015              		.loc 1 1949 3 discriminator 2 view .LVU1482
 5016 0006 FFF7FEFF 		bl	vQueueUnregisterQueue
 5017              	.LVL416:
1963:Middlewares/Third_Party/FreeRTOS/Source/queue.c **** 		{
 5018              		.loc 1 1963 3 discriminator 2 view .LVU1483
1963:Middlewares/Third_Party/FreeRTOS/Source/queue.c **** 		{
 5019              		.loc 1 1963 14 is_stmt 0 discriminator 2 view .LVU1484
 5020 000a 94F84630 		ldrb	r3, [r4, #70]	@ zero_extendqisi2
1963:Middlewares/Third_Party/FreeRTOS/Source/queue.c **** 		{
 5021              		.loc 1 1963 5 discriminator 2 view .LVU1485
 5022 000e 4BB1     		cbz	r3, .L390
ARM GAS  C:\Users\31005\AppData\Local\Temp\ccp6mIRg.s 			page 163


 5023              	.L383:
1979:Middlewares/Third_Party/FreeRTOS/Source/queue.c **** /*-----------------------------------------------------------*/
 5024              		.loc 1 1979 1 view .LVU1486
 5025 0010 10BD     		pop	{r4, pc}
 5026              	.LVL417:
 5027              	.L389:
 5028              	.LCFI56:
 5029              		.cfi_def_cfa_offset 0
 5030              		.cfi_restore 4
 5031              		.cfi_restore 14
1944:Middlewares/Third_Party/FreeRTOS/Source/queue.c **** 	traceQUEUE_DELETE( pxQueue );
 5032              		.loc 1 1944 2 is_stmt 1 view .LVU1487
 5033              	.LBB246:
 5034              	.LBI246:
 191:Middlewares/Third_Party/FreeRTOS/Source/portable/GCC/ARM_CM4F/portmacro.h **** {
 5035              		.loc 2 191 30 view .LVU1488
 5036              	.LBB247:
 193:Middlewares/Third_Party/FreeRTOS/Source/portable/GCC/ARM_CM4F/portmacro.h **** 
 5037              		.loc 2 193 1 view .LVU1489
 195:Middlewares/Third_Party/FreeRTOS/Source/portable/GCC/ARM_CM4F/portmacro.h **** 	(
 5038              		.loc 2 195 2 view .LVU1490
 5039              		.syntax unified
 5040              	@ 195 "Middlewares/Third_Party/FreeRTOS/Source/portable/GCC/ARM_CM4F/portmacro.h" 1
 5041 0012 4FF05003 			mov r3, #80												
 5042 0016 83F31188 		msr basepri, r3											
 5043 001a BFF36F8F 		isb														
 5044 001e BFF34F8F 		dsb														
 5045              	
 5046              	@ 0 "" 2
 5047              	.LVL418:
 5048              		.thumb
 5049              		.syntax unified
 5050              	.L385:
 195:Middlewares/Third_Party/FreeRTOS/Source/portable/GCC/ARM_CM4F/portmacro.h **** 	(
 5051              		.loc 2 195 2 is_stmt 0 view .LVU1491
 5052              	.LBE247:
 5053              	.LBE246:
1944:Middlewares/Third_Party/FreeRTOS/Source/queue.c **** 	traceQUEUE_DELETE( pxQueue );
 5054              		.loc 1 1944 2 is_stmt 1 discriminator 1 view .LVU1492
1944:Middlewares/Third_Party/FreeRTOS/Source/queue.c **** 	traceQUEUE_DELETE( pxQueue );
 5055              		.loc 1 1944 2 discriminator 1 view .LVU1493
 5056 0022 FEE7     		b	.L385
 5057              	.LVL419:
 5058              	.L390:
 5059              	.LCFI57:
 5060              		.cfi_def_cfa_offset 8
 5061              		.cfi_offset 4, -8
 5062              		.cfi_offset 14, -4
1965:Middlewares/Third_Party/FreeRTOS/Source/queue.c **** 		}
 5063              		.loc 1 1965 4 view .LVU1494
 5064 0024 2046     		mov	r0, r4
 5065 0026 FFF7FEFF 		bl	vPortFree
 5066              	.LVL420:
1969:Middlewares/Third_Party/FreeRTOS/Source/queue.c **** 		}
 5067              		.loc 1 1969 28 view .LVU1495
1979:Middlewares/Third_Party/FreeRTOS/Source/queue.c **** /*-----------------------------------------------------------*/
 5068              		.loc 1 1979 1 is_stmt 0 view .LVU1496
ARM GAS  C:\Users\31005\AppData\Local\Temp\ccp6mIRg.s 			page 164


 5069 002a F1E7     		b	.L383
 5070              		.cfi_endproc
 5071              	.LFE28:
 5073              		.section	.text.vQueueWaitForMessageRestricted,"ax",%progbits
 5074              		.align	1
 5075              		.global	vQueueWaitForMessageRestricted
 5076              		.syntax unified
 5077              		.thumb
 5078              		.thumb_func
 5080              	vQueueWaitForMessageRestricted:
 5081              	.LVL421:
 5082              	.LFB43:
2694:Middlewares/Third_Party/FreeRTOS/Source/queue.c **** 
2695:Middlewares/Third_Party/FreeRTOS/Source/queue.c **** #endif /* configQUEUE_REGISTRY_SIZE */
2696:Middlewares/Third_Party/FreeRTOS/Source/queue.c **** /*-----------------------------------------------------------*/
2697:Middlewares/Third_Party/FreeRTOS/Source/queue.c **** 
2698:Middlewares/Third_Party/FreeRTOS/Source/queue.c **** #if ( configUSE_TIMERS == 1 )
2699:Middlewares/Third_Party/FreeRTOS/Source/queue.c **** 
2700:Middlewares/Third_Party/FreeRTOS/Source/queue.c **** 	void vQueueWaitForMessageRestricted( QueueHandle_t xQueue, TickType_t xTicksToWait, const BaseType
2701:Middlewares/Third_Party/FreeRTOS/Source/queue.c **** 	{
 5083              		.loc 1 2701 2 is_stmt 1 view -0
 5084              		.cfi_startproc
 5085              		@ args = 0, pretend = 0, frame = 0
 5086              		@ frame_needed = 0, uses_anonymous_args = 0
 5087              		.loc 1 2701 2 is_stmt 0 view .LVU1498
 5088 0000 70B5     		push	{r4, r5, r6, lr}
 5089              	.LCFI58:
 5090              		.cfi_def_cfa_offset 16
 5091              		.cfi_offset 4, -16
 5092              		.cfi_offset 5, -12
 5093              		.cfi_offset 6, -8
 5094              		.cfi_offset 14, -4
 5095 0002 0446     		mov	r4, r0
 5096 0004 0D46     		mov	r5, r1
 5097 0006 1646     		mov	r6, r2
2702:Middlewares/Third_Party/FreeRTOS/Source/queue.c **** 	Queue_t * const pxQueue = ( Queue_t * ) xQueue;
 5098              		.loc 1 2702 2 is_stmt 1 view .LVU1499
 5099              	.LVL422:
2703:Middlewares/Third_Party/FreeRTOS/Source/queue.c **** 
2704:Middlewares/Third_Party/FreeRTOS/Source/queue.c **** 		/* This function should not be called by application code hence the
2705:Middlewares/Third_Party/FreeRTOS/Source/queue.c **** 		'Restricted' in its name.  It is not part of the public API.  It is
2706:Middlewares/Third_Party/FreeRTOS/Source/queue.c **** 		designed for use by kernel code, and has special calling requirements.
2707:Middlewares/Third_Party/FreeRTOS/Source/queue.c **** 		It can result in vListInsert() being called on a list that can only
2708:Middlewares/Third_Party/FreeRTOS/Source/queue.c **** 		possibly ever have one item in it, so the list will be fast, but even
2709:Middlewares/Third_Party/FreeRTOS/Source/queue.c **** 		so it should be called with the scheduler locked and not from a critical
2710:Middlewares/Third_Party/FreeRTOS/Source/queue.c **** 		section. */
2711:Middlewares/Third_Party/FreeRTOS/Source/queue.c **** 
2712:Middlewares/Third_Party/FreeRTOS/Source/queue.c **** 		/* Only do anything if there are no messages in the queue.  This function
2713:Middlewares/Third_Party/FreeRTOS/Source/queue.c **** 		will not actually cause the task to block, just place it on a blocked
2714:Middlewares/Third_Party/FreeRTOS/Source/queue.c **** 		list.  It will not block until the scheduler is unlocked - at which
2715:Middlewares/Third_Party/FreeRTOS/Source/queue.c **** 		time a yield will be performed.  If an item is added to the queue while
2716:Middlewares/Third_Party/FreeRTOS/Source/queue.c **** 		the queue is locked, and the calling task blocks on the queue, then the
2717:Middlewares/Third_Party/FreeRTOS/Source/queue.c **** 		calling task will be immediately unblocked when the queue is unlocked. */
2718:Middlewares/Third_Party/FreeRTOS/Source/queue.c **** 		prvLockQueue( pxQueue );
 5100              		.loc 1 2718 3 view .LVU1500
 5101 0008 FFF7FEFF 		bl	vPortEnterCritical
 5102              	.LVL423:
ARM GAS  C:\Users\31005\AppData\Local\Temp\ccp6mIRg.s 			page 165


 5103              		.loc 1 2718 3 view .LVU1501
 5104 000c 94F84430 		ldrb	r3, [r4, #68]	@ zero_extendqisi2
 5105 0010 5BB2     		sxtb	r3, r3
 5106 0012 B3F1FF3F 		cmp	r3, #-1
 5107 0016 0DD0     		beq	.L396
 5108              	.L392:
 5109              		.loc 1 2718 3 discriminator 3 view .LVU1502
 5110 0018 94F84530 		ldrb	r3, [r4, #69]	@ zero_extendqisi2
 5111 001c 5BB2     		sxtb	r3, r3
 5112 001e B3F1FF3F 		cmp	r3, #-1
 5113 0022 0BD0     		beq	.L397
 5114              	.L393:
 5115              		.loc 1 2718 3 discriminator 6 view .LVU1503
 5116 0024 FFF7FEFF 		bl	vPortExitCritical
 5117              	.LVL424:
2719:Middlewares/Third_Party/FreeRTOS/Source/queue.c **** 		if( pxQueue->uxMessagesWaiting == ( UBaseType_t ) 0U )
 5118              		.loc 1 2719 3 discriminator 6 view .LVU1504
 5119              		.loc 1 2719 14 is_stmt 0 discriminator 6 view .LVU1505
 5120 0028 A36B     		ldr	r3, [r4, #56]
 5121              		.loc 1 2719 5 discriminator 6 view .LVU1506
 5122 002a 5BB1     		cbz	r3, .L398
 5123              	.L394:
2720:Middlewares/Third_Party/FreeRTOS/Source/queue.c **** 		{
2721:Middlewares/Third_Party/FreeRTOS/Source/queue.c **** 			/* There is nothing in the queue, block for the specified period. */
2722:Middlewares/Third_Party/FreeRTOS/Source/queue.c **** 			vTaskPlaceOnEventListRestricted( &( pxQueue->xTasksWaitingToReceive ), xTicksToWait, xWaitIndefi
2723:Middlewares/Third_Party/FreeRTOS/Source/queue.c **** 		}
2724:Middlewares/Third_Party/FreeRTOS/Source/queue.c **** 		else
2725:Middlewares/Third_Party/FreeRTOS/Source/queue.c **** 		{
2726:Middlewares/Third_Party/FreeRTOS/Source/queue.c **** 			mtCOVERAGE_TEST_MARKER();
 5124              		.loc 1 2726 28 is_stmt 1 view .LVU1507
2727:Middlewares/Third_Party/FreeRTOS/Source/queue.c **** 		}
2728:Middlewares/Third_Party/FreeRTOS/Source/queue.c **** 		prvUnlockQueue( pxQueue );
 5125              		.loc 1 2728 3 view .LVU1508
 5126 002c 2046     		mov	r0, r4
 5127 002e FFF7FEFF 		bl	prvUnlockQueue
 5128              	.LVL425:
2729:Middlewares/Third_Party/FreeRTOS/Source/queue.c **** 	}
 5129              		.loc 1 2729 2 is_stmt 0 view .LVU1509
 5130 0032 70BD     		pop	{r4, r5, r6, pc}
 5131              	.LVL426:
 5132              	.L396:
2718:Middlewares/Third_Party/FreeRTOS/Source/queue.c **** 		if( pxQueue->uxMessagesWaiting == ( UBaseType_t ) 0U )
 5133              		.loc 1 2718 3 is_stmt 1 discriminator 1 view .LVU1510
 5134 0034 0023     		movs	r3, #0
 5135 0036 84F84430 		strb	r3, [r4, #68]
 5136 003a EDE7     		b	.L392
 5137              	.L397:
2718:Middlewares/Third_Party/FreeRTOS/Source/queue.c **** 		if( pxQueue->uxMessagesWaiting == ( UBaseType_t ) 0U )
 5138              		.loc 1 2718 3 discriminator 4 view .LVU1511
 5139 003c 0023     		movs	r3, #0
 5140 003e 84F84530 		strb	r3, [r4, #69]
 5141 0042 EFE7     		b	.L393
 5142              	.L398:
2722:Middlewares/Third_Party/FreeRTOS/Source/queue.c **** 		}
 5143              		.loc 1 2722 4 view .LVU1512
 5144 0044 3246     		mov	r2, r6
 5145 0046 2946     		mov	r1, r5
ARM GAS  C:\Users\31005\AppData\Local\Temp\ccp6mIRg.s 			page 166


 5146 0048 04F12400 		add	r0, r4, #36
 5147 004c FFF7FEFF 		bl	vTaskPlaceOnEventListRestricted
 5148              	.LVL427:
 5149 0050 ECE7     		b	.L394
 5150              		.cfi_endproc
 5151              	.LFE43:
 5153              		.global	xQueueRegistry
 5154              		.section	.bss.xQueueRegistry,"aw",%nobits
 5155              		.align	2
 5158              	xQueueRegistry:
 5159 0000 00000000 		.space	64
 5159      00000000 
 5159      00000000 
 5159      00000000 
 5159      00000000 
 5160              		.text
 5161              	.Letext0:
 5162              		.file 3 "e:\\vscode\\msys2\\mingw64\\lib\\gcc\\arm-none-eabi\\12.2.0\\include\\stddef.h"
 5163              		.file 4 "e:\\vscode\\msys2\\mingw64\\arm-none-eabi\\include\\machine\\_default_types.h"
 5164              		.file 5 "e:\\vscode\\msys2\\mingw64\\arm-none-eabi\\include\\sys\\_stdint.h"
 5165              		.file 6 "Middlewares/Third_Party/FreeRTOS/Source/include/FreeRTOS.h"
 5166              		.file 7 "Middlewares/Third_Party/FreeRTOS/Source/include/list.h"
 5167              		.file 8 "Middlewares/Third_Party/FreeRTOS/Source/include/task.h"
 5168              		.file 9 "Middlewares/Third_Party/FreeRTOS/Source/include/queue.h"
 5169              		.file 10 "Middlewares/Third_Party/FreeRTOS/Source/include/portable.h"
 5170              		.file 11 "e:\\vscode\\msys2\\mingw64\\arm-none-eabi\\include\\string.h"
 5171              		.file 12 "<built-in>"
ARM GAS  C:\Users\31005\AppData\Local\Temp\ccp6mIRg.s 			page 167


DEFINED SYMBOLS
                            *ABS*:00000000 queue.c
C:\Users\31005\AppData\Local\Temp\ccp6mIRg.s:21     .text.prvGetDisinheritPriorityAfterTimeout:00000000 $t
C:\Users\31005\AppData\Local\Temp\ccp6mIRg.s:26     .text.prvGetDisinheritPriorityAfterTimeout:00000000 prvGetDisinheritPriorityAfterTimeout
C:\Users\31005\AppData\Local\Temp\ccp6mIRg.s:60     .text.prvIsQueueFull:00000000 $t
C:\Users\31005\AppData\Local\Temp\ccp6mIRg.s:65     .text.prvIsQueueFull:00000000 prvIsQueueFull
C:\Users\31005\AppData\Local\Temp\ccp6mIRg.s:113    .text.prvIsQueueEmpty:00000000 $t
C:\Users\31005\AppData\Local\Temp\ccp6mIRg.s:118    .text.prvIsQueueEmpty:00000000 prvIsQueueEmpty
C:\Users\31005\AppData\Local\Temp\ccp6mIRg.s:163    .text.prvCopyDataToQueue:00000000 $t
C:\Users\31005\AppData\Local\Temp\ccp6mIRg.s:168    .text.prvCopyDataToQueue:00000000 prvCopyDataToQueue
C:\Users\31005\AppData\Local\Temp\ccp6mIRg.s:327    .text.prvCopyDataFromQueue:00000000 $t
C:\Users\31005\AppData\Local\Temp\ccp6mIRg.s:332    .text.prvCopyDataFromQueue:00000000 prvCopyDataFromQueue
C:\Users\31005\AppData\Local\Temp\ccp6mIRg.s:392    .text.prvUnlockQueue:00000000 $t
C:\Users\31005\AppData\Local\Temp\ccp6mIRg.s:397    .text.prvUnlockQueue:00000000 prvUnlockQueue
C:\Users\31005\AppData\Local\Temp\ccp6mIRg.s:522    .text.xQueueGenericReset:00000000 $t
C:\Users\31005\AppData\Local\Temp\ccp6mIRg.s:528    .text.xQueueGenericReset:00000000 xQueueGenericReset
C:\Users\31005\AppData\Local\Temp\ccp6mIRg.s:670    .text.prvInitialiseNewQueue:00000000 $t
C:\Users\31005\AppData\Local\Temp\ccp6mIRg.s:675    .text.prvInitialiseNewQueue:00000000 prvInitialiseNewQueue
C:\Users\31005\AppData\Local\Temp\ccp6mIRg.s:735    .text.xQueueGenericCreateStatic:00000000 $t
C:\Users\31005\AppData\Local\Temp\ccp6mIRg.s:741    .text.xQueueGenericCreateStatic:00000000 xQueueGenericCreateStatic
C:\Users\31005\AppData\Local\Temp\ccp6mIRg.s:956    .text.xQueueGenericCreate:00000000 $t
C:\Users\31005\AppData\Local\Temp\ccp6mIRg.s:962    .text.xQueueGenericCreate:00000000 xQueueGenericCreate
C:\Users\31005\AppData\Local\Temp\ccp6mIRg.s:1077   .text.xQueueGetMutexHolder:00000000 $t
C:\Users\31005\AppData\Local\Temp\ccp6mIRg.s:1083   .text.xQueueGetMutexHolder:00000000 xQueueGetMutexHolder
C:\Users\31005\AppData\Local\Temp\ccp6mIRg.s:1129   .text.xQueueGetMutexHolderFromISR:00000000 $t
C:\Users\31005\AppData\Local\Temp\ccp6mIRg.s:1135   .text.xQueueGetMutexHolderFromISR:00000000 xQueueGetMutexHolderFromISR
C:\Users\31005\AppData\Local\Temp\ccp6mIRg.s:1196   .text.xQueueCreateCountingSemaphoreStatic:00000000 $t
C:\Users\31005\AppData\Local\Temp\ccp6mIRg.s:1202   .text.xQueueCreateCountingSemaphoreStatic:00000000 xQueueCreateCountingSemaphoreStatic
C:\Users\31005\AppData\Local\Temp\ccp6mIRg.s:1313   .text.xQueueCreateCountingSemaphore:00000000 $t
C:\Users\31005\AppData\Local\Temp\ccp6mIRg.s:1319   .text.xQueueCreateCountingSemaphore:00000000 xQueueCreateCountingSemaphore
C:\Users\31005\AppData\Local\Temp\ccp6mIRg.s:1418   .text.xQueueGenericSend:00000000 $t
C:\Users\31005\AppData\Local\Temp\ccp6mIRg.s:1424   .text.xQueueGenericSend:00000000 xQueueGenericSend
C:\Users\31005\AppData\Local\Temp\ccp6mIRg.s:1834   .text.prvInitialiseMutex:00000000 $t
C:\Users\31005\AppData\Local\Temp\ccp6mIRg.s:1839   .text.prvInitialiseMutex:00000000 prvInitialiseMutex
C:\Users\31005\AppData\Local\Temp\ccp6mIRg.s:1887   .text.xQueueCreateMutex:00000000 $t
C:\Users\31005\AppData\Local\Temp\ccp6mIRg.s:1893   .text.xQueueCreateMutex:00000000 xQueueCreateMutex
C:\Users\31005\AppData\Local\Temp\ccp6mIRg.s:1932   .text.xQueueCreateMutexStatic:00000000 $t
C:\Users\31005\AppData\Local\Temp\ccp6mIRg.s:1938   .text.xQueueCreateMutexStatic:00000000 xQueueCreateMutexStatic
C:\Users\31005\AppData\Local\Temp\ccp6mIRg.s:1990   .text.xQueueGiveMutexRecursive:00000000 $t
C:\Users\31005\AppData\Local\Temp\ccp6mIRg.s:1996   .text.xQueueGiveMutexRecursive:00000000 xQueueGiveMutexRecursive
C:\Users\31005\AppData\Local\Temp\ccp6mIRg.s:2094   .text.xQueueGenericSendFromISR:00000000 $t
C:\Users\31005\AppData\Local\Temp\ccp6mIRg.s:2100   .text.xQueueGenericSendFromISR:00000000 xQueueGenericSendFromISR
C:\Users\31005\AppData\Local\Temp\ccp6mIRg.s:2354   .text.xQueueGiveFromISR:00000000 $t
C:\Users\31005\AppData\Local\Temp\ccp6mIRg.s:2360   .text.xQueueGiveFromISR:00000000 xQueueGiveFromISR
C:\Users\31005\AppData\Local\Temp\ccp6mIRg.s:2628   .text.xQueueReceive:00000000 $t
C:\Users\31005\AppData\Local\Temp\ccp6mIRg.s:2634   .text.xQueueReceive:00000000 xQueueReceive
C:\Users\31005\AppData\Local\Temp\ccp6mIRg.s:3005   .text.xQueueSemaphoreTake:00000000 $t
C:\Users\31005\AppData\Local\Temp\ccp6mIRg.s:3011   .text.xQueueSemaphoreTake:00000000 xQueueSemaphoreTake
C:\Users\31005\AppData\Local\Temp\ccp6mIRg.s:3475   .text.xQueueTakeMutexRecursive:00000000 $t
C:\Users\31005\AppData\Local\Temp\ccp6mIRg.s:3481   .text.xQueueTakeMutexRecursive:00000000 xQueueTakeMutexRecursive
C:\Users\31005\AppData\Local\Temp\ccp6mIRg.s:3592   .text.xQueuePeek:00000000 $t
C:\Users\31005\AppData\Local\Temp\ccp6mIRg.s:3598   .text.xQueuePeek:00000000 xQueuePeek
C:\Users\31005\AppData\Local\Temp\ccp6mIRg.s:3971   .text.xQueueReceiveFromISR:00000000 $t
C:\Users\31005\AppData\Local\Temp\ccp6mIRg.s:3977   .text.xQueueReceiveFromISR:00000000 xQueueReceiveFromISR
C:\Users\31005\AppData\Local\Temp\ccp6mIRg.s:4197   .text.xQueuePeekFromISR:00000000 $t
C:\Users\31005\AppData\Local\Temp\ccp6mIRg.s:4203   .text.xQueuePeekFromISR:00000000 xQueuePeekFromISR
C:\Users\31005\AppData\Local\Temp\ccp6mIRg.s:4397   .text.uxQueueMessagesWaiting:00000000 $t
ARM GAS  C:\Users\31005\AppData\Local\Temp\ccp6mIRg.s 			page 168


C:\Users\31005\AppData\Local\Temp\ccp6mIRg.s:4403   .text.uxQueueMessagesWaiting:00000000 uxQueueMessagesWaiting
C:\Users\31005\AppData\Local\Temp\ccp6mIRg.s:4470   .text.uxQueueSpacesAvailable:00000000 $t
C:\Users\31005\AppData\Local\Temp\ccp6mIRg.s:4476   .text.uxQueueSpacesAvailable:00000000 uxQueueSpacesAvailable
C:\Users\31005\AppData\Local\Temp\ccp6mIRg.s:4548   .text.uxQueueMessagesWaitingFromISR:00000000 $t
C:\Users\31005\AppData\Local\Temp\ccp6mIRg.s:4554   .text.uxQueueMessagesWaitingFromISR:00000000 uxQueueMessagesWaitingFromISR
C:\Users\31005\AppData\Local\Temp\ccp6mIRg.s:4604   .text.uxQueueGetQueueNumber:00000000 $t
C:\Users\31005\AppData\Local\Temp\ccp6mIRg.s:4610   .text.uxQueueGetQueueNumber:00000000 uxQueueGetQueueNumber
C:\Users\31005\AppData\Local\Temp\ccp6mIRg.s:4628   .text.vQueueSetQueueNumber:00000000 $t
C:\Users\31005\AppData\Local\Temp\ccp6mIRg.s:4634   .text.vQueueSetQueueNumber:00000000 vQueueSetQueueNumber
C:\Users\31005\AppData\Local\Temp\ccp6mIRg.s:4651   .text.ucQueueGetQueueType:00000000 $t
C:\Users\31005\AppData\Local\Temp\ccp6mIRg.s:4657   .text.ucQueueGetQueueType:00000000 ucQueueGetQueueType
C:\Users\31005\AppData\Local\Temp\ccp6mIRg.s:4675   .text.xQueueIsQueueEmptyFromISR:00000000 $t
C:\Users\31005\AppData\Local\Temp\ccp6mIRg.s:4681   .text.xQueueIsQueueEmptyFromISR:00000000 xQueueIsQueueEmptyFromISR
C:\Users\31005\AppData\Local\Temp\ccp6mIRg.s:4741   .text.xQueueIsQueueFullFromISR:00000000 $t
C:\Users\31005\AppData\Local\Temp\ccp6mIRg.s:4747   .text.xQueueIsQueueFullFromISR:00000000 xQueueIsQueueFullFromISR
C:\Users\31005\AppData\Local\Temp\ccp6mIRg.s:4810   .text.vQueueAddToRegistry:00000000 $t
C:\Users\31005\AppData\Local\Temp\ccp6mIRg.s:4816   .text.vQueueAddToRegistry:00000000 vQueueAddToRegistry
C:\Users\31005\AppData\Local\Temp\ccp6mIRg.s:4863   .text.vQueueAddToRegistry:00000024 $d
C:\Users\31005\AppData\Local\Temp\ccp6mIRg.s:5158   .bss.xQueueRegistry:00000000 xQueueRegistry
C:\Users\31005\AppData\Local\Temp\ccp6mIRg.s:4868   .text.pcQueueGetName:00000000 $t
C:\Users\31005\AppData\Local\Temp\ccp6mIRg.s:4874   .text.pcQueueGetName:00000000 pcQueueGetName
C:\Users\31005\AppData\Local\Temp\ccp6mIRg.s:4925   .text.pcQueueGetName:00000024 $d
C:\Users\31005\AppData\Local\Temp\ccp6mIRg.s:4930   .text.vQueueUnregisterQueue:00000000 $t
C:\Users\31005\AppData\Local\Temp\ccp6mIRg.s:4936   .text.vQueueUnregisterQueue:00000000 vQueueUnregisterQueue
C:\Users\31005\AppData\Local\Temp\ccp6mIRg.s:4985   .text.vQueueUnregisterQueue:00000028 $d
C:\Users\31005\AppData\Local\Temp\ccp6mIRg.s:4990   .text.vQueueDelete:00000000 $t
C:\Users\31005\AppData\Local\Temp\ccp6mIRg.s:4996   .text.vQueueDelete:00000000 vQueueDelete
C:\Users\31005\AppData\Local\Temp\ccp6mIRg.s:5074   .text.vQueueWaitForMessageRestricted:00000000 $t
C:\Users\31005\AppData\Local\Temp\ccp6mIRg.s:5080   .text.vQueueWaitForMessageRestricted:00000000 vQueueWaitForMessageRestricted
C:\Users\31005\AppData\Local\Temp\ccp6mIRg.s:5155   .bss.xQueueRegistry:00000000 $d

UNDEFINED SYMBOLS
vPortEnterCritical
vPortExitCritical
xTaskPriorityDisinherit
memcpy
xTaskRemoveFromEventList
vTaskMissedYield
vListInitialise
pvPortMalloc
xTaskGetSchedulerState
vTaskInternalSetTimeOutState
xTaskResumeAll
vTaskSuspendAll
xTaskCheckForTimeOut
vTaskPlaceOnEventList
xTaskGetCurrentTaskHandle
vPortValidateInterruptPriority
pvTaskIncrementMutexHeldCount
xTaskPriorityInherit
vTaskPriorityDisinheritAfterTimeout
vPortFree
vTaskPlaceOnEventListRestricted
