ARM GAS  C:\Users\31005\AppData\Local\Temp\ccLRqEhz.s 			page 1


   1              		.cpu cortex-m4
   2              		.arch armv7e-m
   3              		.fpu fpv4-sp-d16
   4              		.eabi_attribute 27, 1
   5              		.eabi_attribute 28, 1
   6              		.eabi_attribute 20, 1
   7              		.eabi_attribute 21, 1
   8              		.eabi_attribute 23, 3
   9              		.eabi_attribute 24, 1
  10              		.eabi_attribute 25, 1
  11              		.eabi_attribute 26, 1
  12              		.eabi_attribute 30, 1
  13              		.eabi_attribute 34, 1
  14              		.eabi_attribute 18, 4
  15              		.file	"stream_buffer.c"
  16              		.text
  17              	.Ltext0:
  18              		.cfi_sections	.debug_frame
  19              		.file 1 "Middlewares/Third_Party/FreeRTOS/Source/stream_buffer.c"
  20              		.section	.text.prvBytesInBuffer,"ax",%progbits
  21              		.align	1
  22              		.syntax unified
  23              		.thumb
  24              		.thumb_func
  26              	prvBytesInBuffer:
  27              	.LVL0:
  28              	.LFB23:
   1:Middlewares/Third_Party/FreeRTOS/Source/stream_buffer.c **** /*
   2:Middlewares/Third_Party/FreeRTOS/Source/stream_buffer.c ****  * FreeRTOS Kernel V10.0.1
   3:Middlewares/Third_Party/FreeRTOS/Source/stream_buffer.c ****  * Copyright (C) 2017 Amazon.com, Inc. or its affiliates.  All Rights Reserved.
   4:Middlewares/Third_Party/FreeRTOS/Source/stream_buffer.c ****  *
   5:Middlewares/Third_Party/FreeRTOS/Source/stream_buffer.c ****  * Permission is hereby granted, free of charge, to any person obtaining a copy of
   6:Middlewares/Third_Party/FreeRTOS/Source/stream_buffer.c ****  * this software and associated documentation files (the "Software"), to deal in
   7:Middlewares/Third_Party/FreeRTOS/Source/stream_buffer.c ****  * the Software without restriction, including without limitation the rights to
   8:Middlewares/Third_Party/FreeRTOS/Source/stream_buffer.c ****  * use, copy, modify, merge, publish, distribute, sublicense, and/or sell copies of
   9:Middlewares/Third_Party/FreeRTOS/Source/stream_buffer.c ****  * the Software, and to permit persons to whom the Software is furnished to do so,
  10:Middlewares/Third_Party/FreeRTOS/Source/stream_buffer.c ****  * subject to the following conditions:
  11:Middlewares/Third_Party/FreeRTOS/Source/stream_buffer.c ****  *
  12:Middlewares/Third_Party/FreeRTOS/Source/stream_buffer.c ****  * The above copyright notice and this permission notice shall be included in all
  13:Middlewares/Third_Party/FreeRTOS/Source/stream_buffer.c ****  * copies or substantial portions of the Software.
  14:Middlewares/Third_Party/FreeRTOS/Source/stream_buffer.c ****  *
  15:Middlewares/Third_Party/FreeRTOS/Source/stream_buffer.c ****  * THE SOFTWARE IS PROVIDED "AS IS", WITHOUT WARRANTY OF ANY KIND, EXPRESS OR
  16:Middlewares/Third_Party/FreeRTOS/Source/stream_buffer.c ****  * IMPLIED, INCLUDING BUT NOT LIMITED TO THE WARRANTIES OF MERCHANTABILITY, FITNESS
  17:Middlewares/Third_Party/FreeRTOS/Source/stream_buffer.c ****  * FOR A PARTICULAR PURPOSE AND NONINFRINGEMENT. IN NO EVENT SHALL THE AUTHORS OR
  18:Middlewares/Third_Party/FreeRTOS/Source/stream_buffer.c ****  * COPYRIGHT HOLDERS BE LIABLE FOR ANY CLAIM, DAMAGES OR OTHER LIABILITY, WHETHER
  19:Middlewares/Third_Party/FreeRTOS/Source/stream_buffer.c ****  * IN AN ACTION OF CONTRACT, TORT OR OTHERWISE, ARISING FROM, OUT OF OR IN
  20:Middlewares/Third_Party/FreeRTOS/Source/stream_buffer.c ****  * CONNECTION WITH THE SOFTWARE OR THE USE OR OTHER DEALINGS IN THE SOFTWARE.
  21:Middlewares/Third_Party/FreeRTOS/Source/stream_buffer.c ****  *
  22:Middlewares/Third_Party/FreeRTOS/Source/stream_buffer.c ****  * http://www.FreeRTOS.org
  23:Middlewares/Third_Party/FreeRTOS/Source/stream_buffer.c ****  * http://aws.amazon.com/freertos
  24:Middlewares/Third_Party/FreeRTOS/Source/stream_buffer.c ****  *
  25:Middlewares/Third_Party/FreeRTOS/Source/stream_buffer.c ****  * 1 tab == 4 spaces!
  26:Middlewares/Third_Party/FreeRTOS/Source/stream_buffer.c ****  */
  27:Middlewares/Third_Party/FreeRTOS/Source/stream_buffer.c **** 
  28:Middlewares/Third_Party/FreeRTOS/Source/stream_buffer.c **** /* Standard includes. */
  29:Middlewares/Third_Party/FreeRTOS/Source/stream_buffer.c **** #include <stdint.h>
  30:Middlewares/Third_Party/FreeRTOS/Source/stream_buffer.c **** #include <string.h>
ARM GAS  C:\Users\31005\AppData\Local\Temp\ccLRqEhz.s 			page 2


  31:Middlewares/Third_Party/FreeRTOS/Source/stream_buffer.c **** 
  32:Middlewares/Third_Party/FreeRTOS/Source/stream_buffer.c **** /* Defining MPU_WRAPPERS_INCLUDED_FROM_API_FILE prevents task.h from redefining
  33:Middlewares/Third_Party/FreeRTOS/Source/stream_buffer.c **** all the API functions to use the MPU wrappers.  That should only be done when
  34:Middlewares/Third_Party/FreeRTOS/Source/stream_buffer.c **** task.h is included from an application file. */
  35:Middlewares/Third_Party/FreeRTOS/Source/stream_buffer.c **** #define MPU_WRAPPERS_INCLUDED_FROM_API_FILE
  36:Middlewares/Third_Party/FreeRTOS/Source/stream_buffer.c **** 
  37:Middlewares/Third_Party/FreeRTOS/Source/stream_buffer.c **** /* FreeRTOS includes. */
  38:Middlewares/Third_Party/FreeRTOS/Source/stream_buffer.c **** #include "FreeRTOS.h"
  39:Middlewares/Third_Party/FreeRTOS/Source/stream_buffer.c **** #include "task.h"
  40:Middlewares/Third_Party/FreeRTOS/Source/stream_buffer.c **** #include "stream_buffer.h"
  41:Middlewares/Third_Party/FreeRTOS/Source/stream_buffer.c **** 
  42:Middlewares/Third_Party/FreeRTOS/Source/stream_buffer.c **** #if( configUSE_TASK_NOTIFICATIONS != 1 )
  43:Middlewares/Third_Party/FreeRTOS/Source/stream_buffer.c **** 	#error configUSE_TASK_NOTIFICATIONS must be set to 1 to build stream_buffer.c
  44:Middlewares/Third_Party/FreeRTOS/Source/stream_buffer.c **** #endif
  45:Middlewares/Third_Party/FreeRTOS/Source/stream_buffer.c **** 
  46:Middlewares/Third_Party/FreeRTOS/Source/stream_buffer.c **** /* Lint e961 and e750 are suppressed as a MISRA exception justified because the
  47:Middlewares/Third_Party/FreeRTOS/Source/stream_buffer.c **** MPU ports require MPU_WRAPPERS_INCLUDED_FROM_API_FILE to be defined for the
  48:Middlewares/Third_Party/FreeRTOS/Source/stream_buffer.c **** header files above, but not in this file, in order to generate the correct
  49:Middlewares/Third_Party/FreeRTOS/Source/stream_buffer.c **** privileged Vs unprivileged linkage and placement. */
  50:Middlewares/Third_Party/FreeRTOS/Source/stream_buffer.c **** #undef MPU_WRAPPERS_INCLUDED_FROM_API_FILE /*lint !e961 !e750. */
  51:Middlewares/Third_Party/FreeRTOS/Source/stream_buffer.c **** 
  52:Middlewares/Third_Party/FreeRTOS/Source/stream_buffer.c **** /* If the user has not provided application specific Rx notification macros,
  53:Middlewares/Third_Party/FreeRTOS/Source/stream_buffer.c **** or #defined the notification macros away, them provide default implementations
  54:Middlewares/Third_Party/FreeRTOS/Source/stream_buffer.c **** that uses task notifications. */
  55:Middlewares/Third_Party/FreeRTOS/Source/stream_buffer.c **** /*lint -save -e9026 Function like macros allowed and needed here so they can be overidden. */
  56:Middlewares/Third_Party/FreeRTOS/Source/stream_buffer.c **** #ifndef sbRECEIVE_COMPLETED
  57:Middlewares/Third_Party/FreeRTOS/Source/stream_buffer.c **** 	#define sbRECEIVE_COMPLETED( pxStreamBuffer )										\
  58:Middlewares/Third_Party/FreeRTOS/Source/stream_buffer.c **** 		vTaskSuspendAll();																\
  59:Middlewares/Third_Party/FreeRTOS/Source/stream_buffer.c **** 		{																				\
  60:Middlewares/Third_Party/FreeRTOS/Source/stream_buffer.c **** 			if( ( pxStreamBuffer )->xTaskWaitingToSend != NULL )						\
  61:Middlewares/Third_Party/FreeRTOS/Source/stream_buffer.c **** 			{																			\
  62:Middlewares/Third_Party/FreeRTOS/Source/stream_buffer.c **** 				( void ) xTaskNotify( ( pxStreamBuffer )->xTaskWaitingToSend,			\
  63:Middlewares/Third_Party/FreeRTOS/Source/stream_buffer.c **** 									  ( uint32_t ) 0,									\
  64:Middlewares/Third_Party/FreeRTOS/Source/stream_buffer.c **** 									  eNoAction );										\
  65:Middlewares/Third_Party/FreeRTOS/Source/stream_buffer.c **** 				( pxStreamBuffer )->xTaskWaitingToSend = NULL;							\
  66:Middlewares/Third_Party/FreeRTOS/Source/stream_buffer.c **** 			}																			\
  67:Middlewares/Third_Party/FreeRTOS/Source/stream_buffer.c **** 		}																				\
  68:Middlewares/Third_Party/FreeRTOS/Source/stream_buffer.c **** 		( void ) xTaskResumeAll();
  69:Middlewares/Third_Party/FreeRTOS/Source/stream_buffer.c **** #endif /* sbRECEIVE_COMPLETED */
  70:Middlewares/Third_Party/FreeRTOS/Source/stream_buffer.c **** 
  71:Middlewares/Third_Party/FreeRTOS/Source/stream_buffer.c **** #ifndef sbRECEIVE_COMPLETED_FROM_ISR
  72:Middlewares/Third_Party/FreeRTOS/Source/stream_buffer.c **** 	#define sbRECEIVE_COMPLETED_FROM_ISR( pxStreamBuffer,								\
  73:Middlewares/Third_Party/FreeRTOS/Source/stream_buffer.c **** 										  pxHigherPriorityTaskWoken )					\
  74:Middlewares/Third_Party/FreeRTOS/Source/stream_buffer.c **** 	{																					\
  75:Middlewares/Third_Party/FreeRTOS/Source/stream_buffer.c **** 	UBaseType_t uxSavedInterruptStatus;													\
  76:Middlewares/Third_Party/FreeRTOS/Source/stream_buffer.c **** 																						\
  77:Middlewares/Third_Party/FreeRTOS/Source/stream_buffer.c **** 		uxSavedInterruptStatus = ( UBaseType_t ) portSET_INTERRUPT_MASK_FROM_ISR();		\
  78:Middlewares/Third_Party/FreeRTOS/Source/stream_buffer.c **** 		{																				\
  79:Middlewares/Third_Party/FreeRTOS/Source/stream_buffer.c **** 			if( ( pxStreamBuffer )->xTaskWaitingToSend != NULL )						\
  80:Middlewares/Third_Party/FreeRTOS/Source/stream_buffer.c **** 			{																			\
  81:Middlewares/Third_Party/FreeRTOS/Source/stream_buffer.c **** 				( void ) xTaskNotifyFromISR( ( pxStreamBuffer )->xTaskWaitingToSend,	\
  82:Middlewares/Third_Party/FreeRTOS/Source/stream_buffer.c **** 											 ( uint32_t ) 0,							\
  83:Middlewares/Third_Party/FreeRTOS/Source/stream_buffer.c **** 											 eNoAction,									\
  84:Middlewares/Third_Party/FreeRTOS/Source/stream_buffer.c **** 											 pxHigherPriorityTaskWoken );				\
  85:Middlewares/Third_Party/FreeRTOS/Source/stream_buffer.c **** 				( pxStreamBuffer )->xTaskWaitingToSend = NULL;							\
  86:Middlewares/Third_Party/FreeRTOS/Source/stream_buffer.c **** 			}																			\
  87:Middlewares/Third_Party/FreeRTOS/Source/stream_buffer.c **** 		}																				\
ARM GAS  C:\Users\31005\AppData\Local\Temp\ccLRqEhz.s 			page 3


  88:Middlewares/Third_Party/FreeRTOS/Source/stream_buffer.c **** 		portCLEAR_INTERRUPT_MASK_FROM_ISR( uxSavedInterruptStatus );					\
  89:Middlewares/Third_Party/FreeRTOS/Source/stream_buffer.c **** 	}
  90:Middlewares/Third_Party/FreeRTOS/Source/stream_buffer.c **** #endif /* sbRECEIVE_COMPLETED_FROM_ISR */
  91:Middlewares/Third_Party/FreeRTOS/Source/stream_buffer.c **** 
  92:Middlewares/Third_Party/FreeRTOS/Source/stream_buffer.c **** /* If the user has not provided an application specific Tx notification macro,
  93:Middlewares/Third_Party/FreeRTOS/Source/stream_buffer.c **** or #defined the notification macro away, them provide a default implementation
  94:Middlewares/Third_Party/FreeRTOS/Source/stream_buffer.c **** that uses task notifications. */
  95:Middlewares/Third_Party/FreeRTOS/Source/stream_buffer.c **** #ifndef sbSEND_COMPLETED
  96:Middlewares/Third_Party/FreeRTOS/Source/stream_buffer.c **** 	#define sbSEND_COMPLETED( pxStreamBuffer )											\
  97:Middlewares/Third_Party/FreeRTOS/Source/stream_buffer.c **** 		vTaskSuspendAll();																\
  98:Middlewares/Third_Party/FreeRTOS/Source/stream_buffer.c **** 		{																				\
  99:Middlewares/Third_Party/FreeRTOS/Source/stream_buffer.c **** 			if( ( pxStreamBuffer )->xTaskWaitingToReceive != NULL )						\
 100:Middlewares/Third_Party/FreeRTOS/Source/stream_buffer.c **** 			{																			\
 101:Middlewares/Third_Party/FreeRTOS/Source/stream_buffer.c **** 				( void ) xTaskNotify( ( pxStreamBuffer )->xTaskWaitingToReceive,		\
 102:Middlewares/Third_Party/FreeRTOS/Source/stream_buffer.c **** 									  ( uint32_t ) 0,									\
 103:Middlewares/Third_Party/FreeRTOS/Source/stream_buffer.c **** 									  eNoAction );										\
 104:Middlewares/Third_Party/FreeRTOS/Source/stream_buffer.c **** 				( pxStreamBuffer )->xTaskWaitingToReceive = NULL;						\
 105:Middlewares/Third_Party/FreeRTOS/Source/stream_buffer.c **** 			}																			\
 106:Middlewares/Third_Party/FreeRTOS/Source/stream_buffer.c **** 		}																				\
 107:Middlewares/Third_Party/FreeRTOS/Source/stream_buffer.c **** 		( void ) xTaskResumeAll();
 108:Middlewares/Third_Party/FreeRTOS/Source/stream_buffer.c **** #endif /* sbSEND_COMPLETED */
 109:Middlewares/Third_Party/FreeRTOS/Source/stream_buffer.c **** 
 110:Middlewares/Third_Party/FreeRTOS/Source/stream_buffer.c **** #ifndef sbSEND_COMPLETE_FROM_ISR
 111:Middlewares/Third_Party/FreeRTOS/Source/stream_buffer.c **** 	#define sbSEND_COMPLETE_FROM_ISR( pxStreamBuffer, pxHigherPriorityTaskWoken )		\
 112:Middlewares/Third_Party/FreeRTOS/Source/stream_buffer.c **** 	{																					\
 113:Middlewares/Third_Party/FreeRTOS/Source/stream_buffer.c **** 	UBaseType_t uxSavedInterruptStatus;													\
 114:Middlewares/Third_Party/FreeRTOS/Source/stream_buffer.c **** 																						\
 115:Middlewares/Third_Party/FreeRTOS/Source/stream_buffer.c **** 		uxSavedInterruptStatus = ( UBaseType_t ) portSET_INTERRUPT_MASK_FROM_ISR();		\
 116:Middlewares/Third_Party/FreeRTOS/Source/stream_buffer.c **** 		{																				\
 117:Middlewares/Third_Party/FreeRTOS/Source/stream_buffer.c **** 			if( ( pxStreamBuffer )->xTaskWaitingToReceive != NULL )						\
 118:Middlewares/Third_Party/FreeRTOS/Source/stream_buffer.c **** 			{																			\
 119:Middlewares/Third_Party/FreeRTOS/Source/stream_buffer.c **** 				( void ) xTaskNotifyFromISR( ( pxStreamBuffer )->xTaskWaitingToReceive,	\
 120:Middlewares/Third_Party/FreeRTOS/Source/stream_buffer.c **** 											 ( uint32_t ) 0,							\
 121:Middlewares/Third_Party/FreeRTOS/Source/stream_buffer.c **** 											 eNoAction,									\
 122:Middlewares/Third_Party/FreeRTOS/Source/stream_buffer.c **** 											 pxHigherPriorityTaskWoken );				\
 123:Middlewares/Third_Party/FreeRTOS/Source/stream_buffer.c **** 				( pxStreamBuffer )->xTaskWaitingToReceive = NULL;						\
 124:Middlewares/Third_Party/FreeRTOS/Source/stream_buffer.c **** 			}																			\
 125:Middlewares/Third_Party/FreeRTOS/Source/stream_buffer.c **** 		}																				\
 126:Middlewares/Third_Party/FreeRTOS/Source/stream_buffer.c **** 		portCLEAR_INTERRUPT_MASK_FROM_ISR( uxSavedInterruptStatus );					\
 127:Middlewares/Third_Party/FreeRTOS/Source/stream_buffer.c **** 	}
 128:Middlewares/Third_Party/FreeRTOS/Source/stream_buffer.c **** #endif /* sbSEND_COMPLETE_FROM_ISR */
 129:Middlewares/Third_Party/FreeRTOS/Source/stream_buffer.c **** /*lint -restore (9026) */
 130:Middlewares/Third_Party/FreeRTOS/Source/stream_buffer.c **** 
 131:Middlewares/Third_Party/FreeRTOS/Source/stream_buffer.c **** /* The number of bytes used to hold the length of a message in the buffer. */
 132:Middlewares/Third_Party/FreeRTOS/Source/stream_buffer.c **** #define sbBYTES_TO_STORE_MESSAGE_LENGTH ( sizeof( size_t ) )
 133:Middlewares/Third_Party/FreeRTOS/Source/stream_buffer.c **** 
 134:Middlewares/Third_Party/FreeRTOS/Source/stream_buffer.c **** /* Bits stored in the ucFlags field of the stream buffer. */
 135:Middlewares/Third_Party/FreeRTOS/Source/stream_buffer.c **** #define sbFLAGS_IS_MESSAGE_BUFFER		( ( uint8_t ) 1 ) /* Set if the stream buffer was created as a m
 136:Middlewares/Third_Party/FreeRTOS/Source/stream_buffer.c **** #define sbFLAGS_IS_STATICALLY_ALLOCATED ( ( uint8_t ) 2 ) /* Set if the stream buffer was created u
 137:Middlewares/Third_Party/FreeRTOS/Source/stream_buffer.c **** 
 138:Middlewares/Third_Party/FreeRTOS/Source/stream_buffer.c **** /*-----------------------------------------------------------*/
 139:Middlewares/Third_Party/FreeRTOS/Source/stream_buffer.c **** 
 140:Middlewares/Third_Party/FreeRTOS/Source/stream_buffer.c **** /* Structure that hold state information on the buffer. */
 141:Middlewares/Third_Party/FreeRTOS/Source/stream_buffer.c **** typedef struct xSTREAM_BUFFER /*lint !e9058 Style convention uses tag. */
 142:Middlewares/Third_Party/FreeRTOS/Source/stream_buffer.c **** {
 143:Middlewares/Third_Party/FreeRTOS/Source/stream_buffer.c **** 	volatile size_t xTail;				/* Index to the next item to read within the buffer. */
 144:Middlewares/Third_Party/FreeRTOS/Source/stream_buffer.c **** 	volatile size_t xHead;				/* Index to the next item to write within the buffer. */
ARM GAS  C:\Users\31005\AppData\Local\Temp\ccLRqEhz.s 			page 4


 145:Middlewares/Third_Party/FreeRTOS/Source/stream_buffer.c **** 	size_t xLength;						/* The length of the buffer pointed to by pucBuffer. */
 146:Middlewares/Third_Party/FreeRTOS/Source/stream_buffer.c **** 	size_t xTriggerLevelBytes;			/* The number of bytes that must be in the stream buffer before a tas
 147:Middlewares/Third_Party/FreeRTOS/Source/stream_buffer.c **** 	volatile TaskHandle_t xTaskWaitingToReceive; /* Holds the handle of a task waiting for data, or NU
 148:Middlewares/Third_Party/FreeRTOS/Source/stream_buffer.c **** 	volatile TaskHandle_t xTaskWaitingToSend;	/* Holds the handle of a task waiting to send data to a 
 149:Middlewares/Third_Party/FreeRTOS/Source/stream_buffer.c **** 	uint8_t *pucBuffer;					/* Points to the buffer itself - that is - the RAM that stores the data pa
 150:Middlewares/Third_Party/FreeRTOS/Source/stream_buffer.c **** 	uint8_t ucFlags;
 151:Middlewares/Third_Party/FreeRTOS/Source/stream_buffer.c **** 
 152:Middlewares/Third_Party/FreeRTOS/Source/stream_buffer.c **** 	#if ( configUSE_TRACE_FACILITY == 1 )
 153:Middlewares/Third_Party/FreeRTOS/Source/stream_buffer.c **** 		UBaseType_t uxStreamBufferNumber;		/* Used for tracing purposes. */
 154:Middlewares/Third_Party/FreeRTOS/Source/stream_buffer.c **** 	#endif
 155:Middlewares/Third_Party/FreeRTOS/Source/stream_buffer.c **** } StreamBuffer_t;
 156:Middlewares/Third_Party/FreeRTOS/Source/stream_buffer.c **** 
 157:Middlewares/Third_Party/FreeRTOS/Source/stream_buffer.c **** /*
 158:Middlewares/Third_Party/FreeRTOS/Source/stream_buffer.c ****  * The number of bytes available to be read from the buffer.
 159:Middlewares/Third_Party/FreeRTOS/Source/stream_buffer.c ****  */
 160:Middlewares/Third_Party/FreeRTOS/Source/stream_buffer.c **** static size_t prvBytesInBuffer( const StreamBuffer_t * const pxStreamBuffer ) PRIVILEGED_FUNCTION;
 161:Middlewares/Third_Party/FreeRTOS/Source/stream_buffer.c **** 
 162:Middlewares/Third_Party/FreeRTOS/Source/stream_buffer.c **** /*
 163:Middlewares/Third_Party/FreeRTOS/Source/stream_buffer.c ****  * Add xCount bytes from pucData into the pxStreamBuffer message buffer.
 164:Middlewares/Third_Party/FreeRTOS/Source/stream_buffer.c ****  * Returns the number of bytes written, which will either equal xCount in the
 165:Middlewares/Third_Party/FreeRTOS/Source/stream_buffer.c ****  * success case, or 0 if there was not enough space in the buffer (in which case
 166:Middlewares/Third_Party/FreeRTOS/Source/stream_buffer.c ****  * no data is written into the buffer).
 167:Middlewares/Third_Party/FreeRTOS/Source/stream_buffer.c ****  */
 168:Middlewares/Third_Party/FreeRTOS/Source/stream_buffer.c **** static size_t prvWriteBytesToBuffer( StreamBuffer_t * const pxStreamBuffer, const uint8_t *pucData,
 169:Middlewares/Third_Party/FreeRTOS/Source/stream_buffer.c **** 
 170:Middlewares/Third_Party/FreeRTOS/Source/stream_buffer.c **** /*
 171:Middlewares/Third_Party/FreeRTOS/Source/stream_buffer.c ****  * If the stream buffer is being used as a message buffer, then reads an entire
 172:Middlewares/Third_Party/FreeRTOS/Source/stream_buffer.c ****  * message out of the buffer.  If the stream buffer is being used as a stream
 173:Middlewares/Third_Party/FreeRTOS/Source/stream_buffer.c ****  * buffer then read as many bytes as possible from the buffer.
 174:Middlewares/Third_Party/FreeRTOS/Source/stream_buffer.c ****  * prvReadBytesFromBuffer() is called to actually extract the bytes from the
 175:Middlewares/Third_Party/FreeRTOS/Source/stream_buffer.c ****  * buffer's data storage area.
 176:Middlewares/Third_Party/FreeRTOS/Source/stream_buffer.c ****  */
 177:Middlewares/Third_Party/FreeRTOS/Source/stream_buffer.c **** static size_t prvReadMessageFromBuffer( StreamBuffer_t *pxStreamBuffer,
 178:Middlewares/Third_Party/FreeRTOS/Source/stream_buffer.c **** 										void *pvRxData,
 179:Middlewares/Third_Party/FreeRTOS/Source/stream_buffer.c **** 										size_t xBufferLengthBytes,
 180:Middlewares/Third_Party/FreeRTOS/Source/stream_buffer.c **** 										size_t xBytesAvailable,
 181:Middlewares/Third_Party/FreeRTOS/Source/stream_buffer.c **** 										size_t xBytesToStoreMessageLength ) PRIVILEGED_FUNCTION;
 182:Middlewares/Third_Party/FreeRTOS/Source/stream_buffer.c **** 
 183:Middlewares/Third_Party/FreeRTOS/Source/stream_buffer.c **** /*
 184:Middlewares/Third_Party/FreeRTOS/Source/stream_buffer.c ****  * If the stream buffer is being used as a message buffer, then writes an entire
 185:Middlewares/Third_Party/FreeRTOS/Source/stream_buffer.c ****  * message to the buffer.  If the stream buffer is being used as a stream
 186:Middlewares/Third_Party/FreeRTOS/Source/stream_buffer.c ****  * buffer then write as many bytes as possible to the buffer.
 187:Middlewares/Third_Party/FreeRTOS/Source/stream_buffer.c ****  * prvWriteBytestoBuffer() is called to actually send the bytes to the buffer's
 188:Middlewares/Third_Party/FreeRTOS/Source/stream_buffer.c ****  * data storage area.
 189:Middlewares/Third_Party/FreeRTOS/Source/stream_buffer.c ****  */
 190:Middlewares/Third_Party/FreeRTOS/Source/stream_buffer.c **** static size_t prvWriteMessageToBuffer(  StreamBuffer_t * const pxStreamBuffer,
 191:Middlewares/Third_Party/FreeRTOS/Source/stream_buffer.c **** 										const void * pvTxData,
 192:Middlewares/Third_Party/FreeRTOS/Source/stream_buffer.c **** 										size_t xDataLengthBytes,
 193:Middlewares/Third_Party/FreeRTOS/Source/stream_buffer.c **** 										size_t xSpace,
 194:Middlewares/Third_Party/FreeRTOS/Source/stream_buffer.c **** 										size_t xRequiredSpace ) PRIVILEGED_FUNCTION;
 195:Middlewares/Third_Party/FreeRTOS/Source/stream_buffer.c **** 
 196:Middlewares/Third_Party/FreeRTOS/Source/stream_buffer.c **** /*
 197:Middlewares/Third_Party/FreeRTOS/Source/stream_buffer.c ****  * Read xMaxCount bytes from the pxStreamBuffer message buffer and write them
 198:Middlewares/Third_Party/FreeRTOS/Source/stream_buffer.c ****  * to pucData.
 199:Middlewares/Third_Party/FreeRTOS/Source/stream_buffer.c ****  */
 200:Middlewares/Third_Party/FreeRTOS/Source/stream_buffer.c **** static size_t prvReadBytesFromBuffer( StreamBuffer_t *pxStreamBuffer,
 201:Middlewares/Third_Party/FreeRTOS/Source/stream_buffer.c **** 									  uint8_t *pucData,
ARM GAS  C:\Users\31005\AppData\Local\Temp\ccLRqEhz.s 			page 5


 202:Middlewares/Third_Party/FreeRTOS/Source/stream_buffer.c **** 									  size_t xMaxCount,
 203:Middlewares/Third_Party/FreeRTOS/Source/stream_buffer.c **** 									  size_t xBytesAvailable ); PRIVILEGED_FUNCTION
 204:Middlewares/Third_Party/FreeRTOS/Source/stream_buffer.c **** 
 205:Middlewares/Third_Party/FreeRTOS/Source/stream_buffer.c **** /*
 206:Middlewares/Third_Party/FreeRTOS/Source/stream_buffer.c ****  * Called by both pxStreamBufferCreate() and pxStreamBufferCreateStatic() to
 207:Middlewares/Third_Party/FreeRTOS/Source/stream_buffer.c ****  * initialise the members of the newly created stream buffer structure.
 208:Middlewares/Third_Party/FreeRTOS/Source/stream_buffer.c ****  */
 209:Middlewares/Third_Party/FreeRTOS/Source/stream_buffer.c **** static void prvInitialiseNewStreamBuffer( StreamBuffer_t * const pxStreamBuffer,
 210:Middlewares/Third_Party/FreeRTOS/Source/stream_buffer.c **** 										  uint8_t * const pucBuffer,
 211:Middlewares/Third_Party/FreeRTOS/Source/stream_buffer.c **** 										  size_t xBufferSizeBytes,
 212:Middlewares/Third_Party/FreeRTOS/Source/stream_buffer.c **** 										  size_t xTriggerLevelBytes,
 213:Middlewares/Third_Party/FreeRTOS/Source/stream_buffer.c **** 										  BaseType_t xIsMessageBuffer ) PRIVILEGED_FUNCTION;
 214:Middlewares/Third_Party/FreeRTOS/Source/stream_buffer.c **** 
 215:Middlewares/Third_Party/FreeRTOS/Source/stream_buffer.c **** /*-----------------------------------------------------------*/
 216:Middlewares/Third_Party/FreeRTOS/Source/stream_buffer.c **** 
 217:Middlewares/Third_Party/FreeRTOS/Source/stream_buffer.c **** #if( configSUPPORT_DYNAMIC_ALLOCATION == 1 )
 218:Middlewares/Third_Party/FreeRTOS/Source/stream_buffer.c **** 
 219:Middlewares/Third_Party/FreeRTOS/Source/stream_buffer.c **** 	StreamBufferHandle_t xStreamBufferGenericCreate( size_t xBufferSizeBytes, size_t xTriggerLevelByte
 220:Middlewares/Third_Party/FreeRTOS/Source/stream_buffer.c **** 	{
 221:Middlewares/Third_Party/FreeRTOS/Source/stream_buffer.c **** 	uint8_t *pucAllocatedMemory;
 222:Middlewares/Third_Party/FreeRTOS/Source/stream_buffer.c **** 
 223:Middlewares/Third_Party/FreeRTOS/Source/stream_buffer.c **** 		/* In case the stream buffer is going to be used as a message buffer
 224:Middlewares/Third_Party/FreeRTOS/Source/stream_buffer.c **** 		(that is, it will hold discrete messages with a little meta data that
 225:Middlewares/Third_Party/FreeRTOS/Source/stream_buffer.c **** 		says how big the next message is) check the buffer will be large enough
 226:Middlewares/Third_Party/FreeRTOS/Source/stream_buffer.c **** 		to hold at least one message. */
 227:Middlewares/Third_Party/FreeRTOS/Source/stream_buffer.c **** 		configASSERT( xBufferSizeBytes > sbBYTES_TO_STORE_MESSAGE_LENGTH );
 228:Middlewares/Third_Party/FreeRTOS/Source/stream_buffer.c **** 		configASSERT( xTriggerLevelBytes <= xBufferSizeBytes );
 229:Middlewares/Third_Party/FreeRTOS/Source/stream_buffer.c **** 
 230:Middlewares/Third_Party/FreeRTOS/Source/stream_buffer.c **** 		/* A trigger level of 0 would cause a waiting task to unblock even when
 231:Middlewares/Third_Party/FreeRTOS/Source/stream_buffer.c **** 		the buffer was empty. */
 232:Middlewares/Third_Party/FreeRTOS/Source/stream_buffer.c **** 		if( xTriggerLevelBytes == ( size_t ) 0 )
 233:Middlewares/Third_Party/FreeRTOS/Source/stream_buffer.c **** 		{
 234:Middlewares/Third_Party/FreeRTOS/Source/stream_buffer.c **** 			xTriggerLevelBytes = ( size_t ) 1; /*lint !e9044 Parameter modified to ensure it doesn't have a 
 235:Middlewares/Third_Party/FreeRTOS/Source/stream_buffer.c **** 		}
 236:Middlewares/Third_Party/FreeRTOS/Source/stream_buffer.c **** 
 237:Middlewares/Third_Party/FreeRTOS/Source/stream_buffer.c **** 		/* A stream buffer requires a StreamBuffer_t structure and a buffer.
 238:Middlewares/Third_Party/FreeRTOS/Source/stream_buffer.c **** 		Both are allocated in a single call to pvPortMalloc().  The
 239:Middlewares/Third_Party/FreeRTOS/Source/stream_buffer.c **** 		StreamBuffer_t structure is placed at the start of the allocated memory
 240:Middlewares/Third_Party/FreeRTOS/Source/stream_buffer.c **** 		and the buffer follows immediately after.  The requested size is
 241:Middlewares/Third_Party/FreeRTOS/Source/stream_buffer.c **** 		incremented so the free space is returned as the user would expect -
 242:Middlewares/Third_Party/FreeRTOS/Source/stream_buffer.c **** 		this is a quirk of the implementation that means otherwise the free
 243:Middlewares/Third_Party/FreeRTOS/Source/stream_buffer.c **** 		space would be reported as one byte smaller than would be logically
 244:Middlewares/Third_Party/FreeRTOS/Source/stream_buffer.c **** 		expected. */
 245:Middlewares/Third_Party/FreeRTOS/Source/stream_buffer.c **** 		xBufferSizeBytes++;
 246:Middlewares/Third_Party/FreeRTOS/Source/stream_buffer.c **** 		pucAllocatedMemory = ( uint8_t * ) pvPortMalloc( xBufferSizeBytes + sizeof( StreamBuffer_t ) ); /
 247:Middlewares/Third_Party/FreeRTOS/Source/stream_buffer.c **** 
 248:Middlewares/Third_Party/FreeRTOS/Source/stream_buffer.c **** 		if( pucAllocatedMemory != NULL )
 249:Middlewares/Third_Party/FreeRTOS/Source/stream_buffer.c **** 		{
 250:Middlewares/Third_Party/FreeRTOS/Source/stream_buffer.c **** 			prvInitialiseNewStreamBuffer( ( StreamBuffer_t * ) pucAllocatedMemory, /* Structure at the start
 251:Middlewares/Third_Party/FreeRTOS/Source/stream_buffer.c **** 										   pucAllocatedMemory + sizeof( StreamBuffer_t ),  /* Storage area follows. */ /*lint !e9
 252:Middlewares/Third_Party/FreeRTOS/Source/stream_buffer.c **** 										   xBufferSizeBytes,
 253:Middlewares/Third_Party/FreeRTOS/Source/stream_buffer.c **** 										   xTriggerLevelBytes,
 254:Middlewares/Third_Party/FreeRTOS/Source/stream_buffer.c **** 										   xIsMessageBuffer );
 255:Middlewares/Third_Party/FreeRTOS/Source/stream_buffer.c **** 
 256:Middlewares/Third_Party/FreeRTOS/Source/stream_buffer.c **** 			traceSTREAM_BUFFER_CREATE( ( ( StreamBuffer_t * ) pucAllocatedMemory ), xIsMessageBuffer );
 257:Middlewares/Third_Party/FreeRTOS/Source/stream_buffer.c **** 		}
 258:Middlewares/Third_Party/FreeRTOS/Source/stream_buffer.c **** 		else
ARM GAS  C:\Users\31005\AppData\Local\Temp\ccLRqEhz.s 			page 6


 259:Middlewares/Third_Party/FreeRTOS/Source/stream_buffer.c **** 		{
 260:Middlewares/Third_Party/FreeRTOS/Source/stream_buffer.c **** 			traceSTREAM_BUFFER_CREATE_FAILED( xIsMessageBuffer );
 261:Middlewares/Third_Party/FreeRTOS/Source/stream_buffer.c **** 		}
 262:Middlewares/Third_Party/FreeRTOS/Source/stream_buffer.c **** 
 263:Middlewares/Third_Party/FreeRTOS/Source/stream_buffer.c **** 		return ( StreamBufferHandle_t * ) pucAllocatedMemory; /*lint !e9087 !e826 Safe cast as allocated 
 264:Middlewares/Third_Party/FreeRTOS/Source/stream_buffer.c **** 	}
 265:Middlewares/Third_Party/FreeRTOS/Source/stream_buffer.c **** 
 266:Middlewares/Third_Party/FreeRTOS/Source/stream_buffer.c **** #endif /* configSUPPORT_DYNAMIC_ALLOCATION */
 267:Middlewares/Third_Party/FreeRTOS/Source/stream_buffer.c **** /*-----------------------------------------------------------*/
 268:Middlewares/Third_Party/FreeRTOS/Source/stream_buffer.c **** 
 269:Middlewares/Third_Party/FreeRTOS/Source/stream_buffer.c **** #if( configSUPPORT_STATIC_ALLOCATION == 1 )
 270:Middlewares/Third_Party/FreeRTOS/Source/stream_buffer.c **** 
 271:Middlewares/Third_Party/FreeRTOS/Source/stream_buffer.c **** 	StreamBufferHandle_t xStreamBufferGenericCreateStatic( size_t xBufferSizeBytes,
 272:Middlewares/Third_Party/FreeRTOS/Source/stream_buffer.c **** 														   size_t xTriggerLevelBytes,
 273:Middlewares/Third_Party/FreeRTOS/Source/stream_buffer.c **** 														   BaseType_t xIsMessageBuffer,
 274:Middlewares/Third_Party/FreeRTOS/Source/stream_buffer.c **** 														   uint8_t * const pucStreamBufferStorageArea,
 275:Middlewares/Third_Party/FreeRTOS/Source/stream_buffer.c **** 														   StaticStreamBuffer_t * const pxStaticStreamBuffer )
 276:Middlewares/Third_Party/FreeRTOS/Source/stream_buffer.c **** 	{
 277:Middlewares/Third_Party/FreeRTOS/Source/stream_buffer.c **** 	StreamBuffer_t * const pxStreamBuffer = ( StreamBuffer_t * ) pxStaticStreamBuffer; /*lint !e740 !e
 278:Middlewares/Third_Party/FreeRTOS/Source/stream_buffer.c **** 	StreamBufferHandle_t xReturn;
 279:Middlewares/Third_Party/FreeRTOS/Source/stream_buffer.c **** 
 280:Middlewares/Third_Party/FreeRTOS/Source/stream_buffer.c **** 		configASSERT( pucStreamBufferStorageArea );
 281:Middlewares/Third_Party/FreeRTOS/Source/stream_buffer.c **** 		configASSERT( pxStaticStreamBuffer );
 282:Middlewares/Third_Party/FreeRTOS/Source/stream_buffer.c **** 		configASSERT( xTriggerLevelBytes <= xBufferSizeBytes );
 283:Middlewares/Third_Party/FreeRTOS/Source/stream_buffer.c **** 
 284:Middlewares/Third_Party/FreeRTOS/Source/stream_buffer.c **** 		/* A trigger level of 0 would cause a waiting task to unblock even when
 285:Middlewares/Third_Party/FreeRTOS/Source/stream_buffer.c **** 		the buffer was empty. */
 286:Middlewares/Third_Party/FreeRTOS/Source/stream_buffer.c **** 		if( xTriggerLevelBytes == ( size_t ) 0 )
 287:Middlewares/Third_Party/FreeRTOS/Source/stream_buffer.c **** 		{
 288:Middlewares/Third_Party/FreeRTOS/Source/stream_buffer.c **** 			xTriggerLevelBytes = ( size_t ) 1; /*lint !e9044 Function parameter deliberately modified to ens
 289:Middlewares/Third_Party/FreeRTOS/Source/stream_buffer.c **** 		}
 290:Middlewares/Third_Party/FreeRTOS/Source/stream_buffer.c **** 
 291:Middlewares/Third_Party/FreeRTOS/Source/stream_buffer.c **** 		/* In case the stream buffer is going to be used as a message buffer
 292:Middlewares/Third_Party/FreeRTOS/Source/stream_buffer.c **** 		(that is, it will hold discrete messages with a little meta data that
 293:Middlewares/Third_Party/FreeRTOS/Source/stream_buffer.c **** 		says how big the next message is) check the buffer will be large enough
 294:Middlewares/Third_Party/FreeRTOS/Source/stream_buffer.c **** 		to hold at least one message. */
 295:Middlewares/Third_Party/FreeRTOS/Source/stream_buffer.c **** 		configASSERT( xBufferSizeBytes > sbBYTES_TO_STORE_MESSAGE_LENGTH );
 296:Middlewares/Third_Party/FreeRTOS/Source/stream_buffer.c **** 
 297:Middlewares/Third_Party/FreeRTOS/Source/stream_buffer.c **** 		#if( configASSERT_DEFINED == 1 )
 298:Middlewares/Third_Party/FreeRTOS/Source/stream_buffer.c **** 		{
 299:Middlewares/Third_Party/FreeRTOS/Source/stream_buffer.c **** 			/* Sanity check that the size of the structure used to declare a
 300:Middlewares/Third_Party/FreeRTOS/Source/stream_buffer.c **** 			variable of type StaticStreamBuffer_t equals the size of the real
 301:Middlewares/Third_Party/FreeRTOS/Source/stream_buffer.c **** 			message buffer structure. */
 302:Middlewares/Third_Party/FreeRTOS/Source/stream_buffer.c **** 			volatile size_t xSize = sizeof( StaticStreamBuffer_t );
 303:Middlewares/Third_Party/FreeRTOS/Source/stream_buffer.c **** 			configASSERT( xSize == sizeof( StreamBuffer_t ) );
 304:Middlewares/Third_Party/FreeRTOS/Source/stream_buffer.c **** 		}
 305:Middlewares/Third_Party/FreeRTOS/Source/stream_buffer.c **** 		#endif /* configASSERT_DEFINED */
 306:Middlewares/Third_Party/FreeRTOS/Source/stream_buffer.c **** 
 307:Middlewares/Third_Party/FreeRTOS/Source/stream_buffer.c **** 		if( ( pucStreamBufferStorageArea != NULL ) && ( pxStaticStreamBuffer != NULL ) )
 308:Middlewares/Third_Party/FreeRTOS/Source/stream_buffer.c **** 		{
 309:Middlewares/Third_Party/FreeRTOS/Source/stream_buffer.c **** 			prvInitialiseNewStreamBuffer( pxStreamBuffer,
 310:Middlewares/Third_Party/FreeRTOS/Source/stream_buffer.c **** 										  pucStreamBufferStorageArea,
 311:Middlewares/Third_Party/FreeRTOS/Source/stream_buffer.c **** 										  xBufferSizeBytes,
 312:Middlewares/Third_Party/FreeRTOS/Source/stream_buffer.c **** 										  xTriggerLevelBytes,
 313:Middlewares/Third_Party/FreeRTOS/Source/stream_buffer.c **** 										  xIsMessageBuffer );
 314:Middlewares/Third_Party/FreeRTOS/Source/stream_buffer.c **** 
 315:Middlewares/Third_Party/FreeRTOS/Source/stream_buffer.c **** 			/* Remember this was statically allocated in case it is ever deleted
ARM GAS  C:\Users\31005\AppData\Local\Temp\ccLRqEhz.s 			page 7


 316:Middlewares/Third_Party/FreeRTOS/Source/stream_buffer.c **** 			again. */
 317:Middlewares/Third_Party/FreeRTOS/Source/stream_buffer.c **** 			pxStreamBuffer->ucFlags |= sbFLAGS_IS_STATICALLY_ALLOCATED;
 318:Middlewares/Third_Party/FreeRTOS/Source/stream_buffer.c **** 
 319:Middlewares/Third_Party/FreeRTOS/Source/stream_buffer.c **** 			traceSTREAM_BUFFER_CREATE( pxStreamBuffer, xIsMessageBuffer );
 320:Middlewares/Third_Party/FreeRTOS/Source/stream_buffer.c **** 
 321:Middlewares/Third_Party/FreeRTOS/Source/stream_buffer.c **** 			xReturn = ( StreamBufferHandle_t ) pxStaticStreamBuffer; /*lint !e9087 Data hiding requires cast
 322:Middlewares/Third_Party/FreeRTOS/Source/stream_buffer.c **** 		}
 323:Middlewares/Third_Party/FreeRTOS/Source/stream_buffer.c **** 		else
 324:Middlewares/Third_Party/FreeRTOS/Source/stream_buffer.c **** 		{
 325:Middlewares/Third_Party/FreeRTOS/Source/stream_buffer.c **** 			xReturn = NULL;
 326:Middlewares/Third_Party/FreeRTOS/Source/stream_buffer.c **** 			traceSTREAM_BUFFER_CREATE_STATIC_FAILED( xReturn, xIsMessageBuffer );
 327:Middlewares/Third_Party/FreeRTOS/Source/stream_buffer.c **** 		}
 328:Middlewares/Third_Party/FreeRTOS/Source/stream_buffer.c **** 
 329:Middlewares/Third_Party/FreeRTOS/Source/stream_buffer.c **** 		return xReturn;
 330:Middlewares/Third_Party/FreeRTOS/Source/stream_buffer.c **** 	}
 331:Middlewares/Third_Party/FreeRTOS/Source/stream_buffer.c **** 
 332:Middlewares/Third_Party/FreeRTOS/Source/stream_buffer.c **** #endif /* ( configSUPPORT_STATIC_ALLOCATION == 1 ) */
 333:Middlewares/Third_Party/FreeRTOS/Source/stream_buffer.c **** /*-----------------------------------------------------------*/
 334:Middlewares/Third_Party/FreeRTOS/Source/stream_buffer.c **** 
 335:Middlewares/Third_Party/FreeRTOS/Source/stream_buffer.c **** void vStreamBufferDelete( StreamBufferHandle_t xStreamBuffer )
 336:Middlewares/Third_Party/FreeRTOS/Source/stream_buffer.c **** {
 337:Middlewares/Third_Party/FreeRTOS/Source/stream_buffer.c **** StreamBuffer_t * pxStreamBuffer = ( StreamBuffer_t * ) xStreamBuffer; /*lint !e9087 !e9079 Safe cas
 338:Middlewares/Third_Party/FreeRTOS/Source/stream_buffer.c **** 
 339:Middlewares/Third_Party/FreeRTOS/Source/stream_buffer.c **** 	configASSERT( pxStreamBuffer );
 340:Middlewares/Third_Party/FreeRTOS/Source/stream_buffer.c **** 
 341:Middlewares/Third_Party/FreeRTOS/Source/stream_buffer.c **** 	traceSTREAM_BUFFER_DELETE( xStreamBuffer );
 342:Middlewares/Third_Party/FreeRTOS/Source/stream_buffer.c **** 
 343:Middlewares/Third_Party/FreeRTOS/Source/stream_buffer.c **** 	if( ( pxStreamBuffer->ucFlags & sbFLAGS_IS_STATICALLY_ALLOCATED ) == ( uint8_t ) pdFALSE )
 344:Middlewares/Third_Party/FreeRTOS/Source/stream_buffer.c **** 	{
 345:Middlewares/Third_Party/FreeRTOS/Source/stream_buffer.c **** 		#if( configSUPPORT_DYNAMIC_ALLOCATION == 1 )
 346:Middlewares/Third_Party/FreeRTOS/Source/stream_buffer.c **** 		{
 347:Middlewares/Third_Party/FreeRTOS/Source/stream_buffer.c **** 			/* Both the structure and the buffer were allocated using a single call
 348:Middlewares/Third_Party/FreeRTOS/Source/stream_buffer.c **** 			to pvPortMalloc(), hence only one call to vPortFree() is required. */
 349:Middlewares/Third_Party/FreeRTOS/Source/stream_buffer.c **** 			vPortFree( ( void * ) pxStreamBuffer ); /*lint !e9087 Standard free() semantics require void *, 
 350:Middlewares/Third_Party/FreeRTOS/Source/stream_buffer.c **** 		}
 351:Middlewares/Third_Party/FreeRTOS/Source/stream_buffer.c **** 		#else
 352:Middlewares/Third_Party/FreeRTOS/Source/stream_buffer.c **** 		{
 353:Middlewares/Third_Party/FreeRTOS/Source/stream_buffer.c **** 			/* Should not be possible to get here, ucFlags must be corrupt.
 354:Middlewares/Third_Party/FreeRTOS/Source/stream_buffer.c **** 			Force an assert. */
 355:Middlewares/Third_Party/FreeRTOS/Source/stream_buffer.c **** 			configASSERT( xStreamBuffer == ( StreamBufferHandle_t ) ~0 );
 356:Middlewares/Third_Party/FreeRTOS/Source/stream_buffer.c **** 		}
 357:Middlewares/Third_Party/FreeRTOS/Source/stream_buffer.c **** 		#endif
 358:Middlewares/Third_Party/FreeRTOS/Source/stream_buffer.c **** 	}
 359:Middlewares/Third_Party/FreeRTOS/Source/stream_buffer.c **** 	else
 360:Middlewares/Third_Party/FreeRTOS/Source/stream_buffer.c **** 	{
 361:Middlewares/Third_Party/FreeRTOS/Source/stream_buffer.c **** 		/* The structure and buffer were not allocated dynamically and cannot be
 362:Middlewares/Third_Party/FreeRTOS/Source/stream_buffer.c **** 		freed - just scrub the structure so future use will assert. */
 363:Middlewares/Third_Party/FreeRTOS/Source/stream_buffer.c **** 		memset( pxStreamBuffer, 0x00, sizeof( StreamBuffer_t ) );
 364:Middlewares/Third_Party/FreeRTOS/Source/stream_buffer.c **** 	}
 365:Middlewares/Third_Party/FreeRTOS/Source/stream_buffer.c **** }
 366:Middlewares/Third_Party/FreeRTOS/Source/stream_buffer.c **** /*-----------------------------------------------------------*/
 367:Middlewares/Third_Party/FreeRTOS/Source/stream_buffer.c **** 
 368:Middlewares/Third_Party/FreeRTOS/Source/stream_buffer.c **** BaseType_t xStreamBufferReset( StreamBufferHandle_t xStreamBuffer )
 369:Middlewares/Third_Party/FreeRTOS/Source/stream_buffer.c **** {
 370:Middlewares/Third_Party/FreeRTOS/Source/stream_buffer.c **** StreamBuffer_t * const pxStreamBuffer = ( StreamBuffer_t * ) xStreamBuffer; /*lint !e9087 !e9079 Sa
 371:Middlewares/Third_Party/FreeRTOS/Source/stream_buffer.c **** BaseType_t xReturn = pdFAIL, xIsMessageBuffer;
 372:Middlewares/Third_Party/FreeRTOS/Source/stream_buffer.c **** 
ARM GAS  C:\Users\31005\AppData\Local\Temp\ccLRqEhz.s 			page 8


 373:Middlewares/Third_Party/FreeRTOS/Source/stream_buffer.c **** #if( configUSE_TRACE_FACILITY == 1 )
 374:Middlewares/Third_Party/FreeRTOS/Source/stream_buffer.c **** 	UBaseType_t uxStreamBufferNumber;
 375:Middlewares/Third_Party/FreeRTOS/Source/stream_buffer.c **** #endif
 376:Middlewares/Third_Party/FreeRTOS/Source/stream_buffer.c **** 
 377:Middlewares/Third_Party/FreeRTOS/Source/stream_buffer.c **** 	configASSERT( pxStreamBuffer );
 378:Middlewares/Third_Party/FreeRTOS/Source/stream_buffer.c **** 
 379:Middlewares/Third_Party/FreeRTOS/Source/stream_buffer.c **** 	#if( configUSE_TRACE_FACILITY == 1 )
 380:Middlewares/Third_Party/FreeRTOS/Source/stream_buffer.c **** 	{
 381:Middlewares/Third_Party/FreeRTOS/Source/stream_buffer.c **** 		/* Store the stream buffer number so it can be restored after the
 382:Middlewares/Third_Party/FreeRTOS/Source/stream_buffer.c **** 		reset. */
 383:Middlewares/Third_Party/FreeRTOS/Source/stream_buffer.c **** 		uxStreamBufferNumber = pxStreamBuffer->uxStreamBufferNumber;
 384:Middlewares/Third_Party/FreeRTOS/Source/stream_buffer.c **** 	}
 385:Middlewares/Third_Party/FreeRTOS/Source/stream_buffer.c **** 	#endif
 386:Middlewares/Third_Party/FreeRTOS/Source/stream_buffer.c **** 
 387:Middlewares/Third_Party/FreeRTOS/Source/stream_buffer.c **** 	/* Can only reset a message buffer if there are no tasks blocked on it. */
 388:Middlewares/Third_Party/FreeRTOS/Source/stream_buffer.c **** 	if( pxStreamBuffer->xTaskWaitingToReceive == NULL )
 389:Middlewares/Third_Party/FreeRTOS/Source/stream_buffer.c **** 	{
 390:Middlewares/Third_Party/FreeRTOS/Source/stream_buffer.c **** 		if( pxStreamBuffer->xTaskWaitingToSend == NULL )
 391:Middlewares/Third_Party/FreeRTOS/Source/stream_buffer.c **** 		{
 392:Middlewares/Third_Party/FreeRTOS/Source/stream_buffer.c **** 			if( ( pxStreamBuffer->ucFlags & sbFLAGS_IS_MESSAGE_BUFFER ) != ( uint8_t ) 0 )
 393:Middlewares/Third_Party/FreeRTOS/Source/stream_buffer.c **** 			{
 394:Middlewares/Third_Party/FreeRTOS/Source/stream_buffer.c **** 				xIsMessageBuffer = pdTRUE;
 395:Middlewares/Third_Party/FreeRTOS/Source/stream_buffer.c **** 			}
 396:Middlewares/Third_Party/FreeRTOS/Source/stream_buffer.c **** 			else
 397:Middlewares/Third_Party/FreeRTOS/Source/stream_buffer.c **** 			{
 398:Middlewares/Third_Party/FreeRTOS/Source/stream_buffer.c **** 				xIsMessageBuffer = pdFALSE;
 399:Middlewares/Third_Party/FreeRTOS/Source/stream_buffer.c **** 			}
 400:Middlewares/Third_Party/FreeRTOS/Source/stream_buffer.c **** 
 401:Middlewares/Third_Party/FreeRTOS/Source/stream_buffer.c **** 			prvInitialiseNewStreamBuffer( pxStreamBuffer,
 402:Middlewares/Third_Party/FreeRTOS/Source/stream_buffer.c **** 										  pxStreamBuffer->pucBuffer,
 403:Middlewares/Third_Party/FreeRTOS/Source/stream_buffer.c **** 										  pxStreamBuffer->xLength,
 404:Middlewares/Third_Party/FreeRTOS/Source/stream_buffer.c **** 										  pxStreamBuffer->xTriggerLevelBytes,
 405:Middlewares/Third_Party/FreeRTOS/Source/stream_buffer.c **** 										  xIsMessageBuffer );
 406:Middlewares/Third_Party/FreeRTOS/Source/stream_buffer.c **** 			xReturn = pdPASS;
 407:Middlewares/Third_Party/FreeRTOS/Source/stream_buffer.c **** 
 408:Middlewares/Third_Party/FreeRTOS/Source/stream_buffer.c **** 			#if( configUSE_TRACE_FACILITY == 1 )
 409:Middlewares/Third_Party/FreeRTOS/Source/stream_buffer.c **** 			{
 410:Middlewares/Third_Party/FreeRTOS/Source/stream_buffer.c **** 				pxStreamBuffer->uxStreamBufferNumber = uxStreamBufferNumber;
 411:Middlewares/Third_Party/FreeRTOS/Source/stream_buffer.c **** 			}
 412:Middlewares/Third_Party/FreeRTOS/Source/stream_buffer.c **** 			#endif
 413:Middlewares/Third_Party/FreeRTOS/Source/stream_buffer.c **** 
 414:Middlewares/Third_Party/FreeRTOS/Source/stream_buffer.c **** 			traceSTREAM_BUFFER_RESET( xStreamBuffer );
 415:Middlewares/Third_Party/FreeRTOS/Source/stream_buffer.c **** 		}
 416:Middlewares/Third_Party/FreeRTOS/Source/stream_buffer.c **** 	}
 417:Middlewares/Third_Party/FreeRTOS/Source/stream_buffer.c **** 
 418:Middlewares/Third_Party/FreeRTOS/Source/stream_buffer.c **** 	return xReturn;
 419:Middlewares/Third_Party/FreeRTOS/Source/stream_buffer.c **** }
 420:Middlewares/Third_Party/FreeRTOS/Source/stream_buffer.c **** /*-----------------------------------------------------------*/
 421:Middlewares/Third_Party/FreeRTOS/Source/stream_buffer.c **** 
 422:Middlewares/Third_Party/FreeRTOS/Source/stream_buffer.c **** BaseType_t xStreamBufferSetTriggerLevel( StreamBufferHandle_t xStreamBuffer, size_t xTriggerLevel )
 423:Middlewares/Third_Party/FreeRTOS/Source/stream_buffer.c **** {
 424:Middlewares/Third_Party/FreeRTOS/Source/stream_buffer.c **** StreamBuffer_t * const pxStreamBuffer = ( StreamBuffer_t * ) xStreamBuffer; /*lint !e9087 !e9079 Sa
 425:Middlewares/Third_Party/FreeRTOS/Source/stream_buffer.c **** BaseType_t xReturn;
 426:Middlewares/Third_Party/FreeRTOS/Source/stream_buffer.c **** 
 427:Middlewares/Third_Party/FreeRTOS/Source/stream_buffer.c **** 	configASSERT( pxStreamBuffer );
 428:Middlewares/Third_Party/FreeRTOS/Source/stream_buffer.c **** 
 429:Middlewares/Third_Party/FreeRTOS/Source/stream_buffer.c **** 	/* It is not valid for the trigger level to be 0. */
ARM GAS  C:\Users\31005\AppData\Local\Temp\ccLRqEhz.s 			page 9


 430:Middlewares/Third_Party/FreeRTOS/Source/stream_buffer.c **** 	if( xTriggerLevel == ( size_t ) 0 )
 431:Middlewares/Third_Party/FreeRTOS/Source/stream_buffer.c **** 	{
 432:Middlewares/Third_Party/FreeRTOS/Source/stream_buffer.c **** 		xTriggerLevel = ( size_t ) 1; /*lint !e9044 Parameter modified to ensure it doesn't have a danger
 433:Middlewares/Third_Party/FreeRTOS/Source/stream_buffer.c **** 	}
 434:Middlewares/Third_Party/FreeRTOS/Source/stream_buffer.c **** 
 435:Middlewares/Third_Party/FreeRTOS/Source/stream_buffer.c **** 	/* The trigger level is the number of bytes that must be in the stream
 436:Middlewares/Third_Party/FreeRTOS/Source/stream_buffer.c **** 	buffer before a task that is waiting for data is unblocked. */
 437:Middlewares/Third_Party/FreeRTOS/Source/stream_buffer.c **** 	if( xTriggerLevel <= pxStreamBuffer->xLength )
 438:Middlewares/Third_Party/FreeRTOS/Source/stream_buffer.c **** 	{
 439:Middlewares/Third_Party/FreeRTOS/Source/stream_buffer.c **** 		pxStreamBuffer->xTriggerLevelBytes = xTriggerLevel;
 440:Middlewares/Third_Party/FreeRTOS/Source/stream_buffer.c **** 		xReturn = pdPASS;
 441:Middlewares/Third_Party/FreeRTOS/Source/stream_buffer.c **** 	}
 442:Middlewares/Third_Party/FreeRTOS/Source/stream_buffer.c **** 	else
 443:Middlewares/Third_Party/FreeRTOS/Source/stream_buffer.c **** 	{
 444:Middlewares/Third_Party/FreeRTOS/Source/stream_buffer.c **** 		xReturn = pdFALSE;
 445:Middlewares/Third_Party/FreeRTOS/Source/stream_buffer.c **** 	}
 446:Middlewares/Third_Party/FreeRTOS/Source/stream_buffer.c **** 
 447:Middlewares/Third_Party/FreeRTOS/Source/stream_buffer.c **** 	return xReturn;
 448:Middlewares/Third_Party/FreeRTOS/Source/stream_buffer.c **** }
 449:Middlewares/Third_Party/FreeRTOS/Source/stream_buffer.c **** /*-----------------------------------------------------------*/
 450:Middlewares/Third_Party/FreeRTOS/Source/stream_buffer.c **** 
 451:Middlewares/Third_Party/FreeRTOS/Source/stream_buffer.c **** size_t xStreamBufferSpacesAvailable( StreamBufferHandle_t xStreamBuffer )
 452:Middlewares/Third_Party/FreeRTOS/Source/stream_buffer.c **** {
 453:Middlewares/Third_Party/FreeRTOS/Source/stream_buffer.c **** const StreamBuffer_t * const pxStreamBuffer = ( StreamBuffer_t * ) xStreamBuffer; /*lint !e9087 !e9
 454:Middlewares/Third_Party/FreeRTOS/Source/stream_buffer.c **** size_t xSpace;
 455:Middlewares/Third_Party/FreeRTOS/Source/stream_buffer.c **** 
 456:Middlewares/Third_Party/FreeRTOS/Source/stream_buffer.c **** 	configASSERT( pxStreamBuffer );
 457:Middlewares/Third_Party/FreeRTOS/Source/stream_buffer.c **** 
 458:Middlewares/Third_Party/FreeRTOS/Source/stream_buffer.c **** 	xSpace = pxStreamBuffer->xLength + pxStreamBuffer->xTail;
 459:Middlewares/Third_Party/FreeRTOS/Source/stream_buffer.c **** 	xSpace -= pxStreamBuffer->xHead;
 460:Middlewares/Third_Party/FreeRTOS/Source/stream_buffer.c **** 	xSpace -= ( size_t ) 1;
 461:Middlewares/Third_Party/FreeRTOS/Source/stream_buffer.c **** 
 462:Middlewares/Third_Party/FreeRTOS/Source/stream_buffer.c **** 	if( xSpace >= pxStreamBuffer->xLength )
 463:Middlewares/Third_Party/FreeRTOS/Source/stream_buffer.c **** 	{
 464:Middlewares/Third_Party/FreeRTOS/Source/stream_buffer.c **** 		xSpace -= pxStreamBuffer->xLength;
 465:Middlewares/Third_Party/FreeRTOS/Source/stream_buffer.c **** 	}
 466:Middlewares/Third_Party/FreeRTOS/Source/stream_buffer.c **** 	else
 467:Middlewares/Third_Party/FreeRTOS/Source/stream_buffer.c **** 	{
 468:Middlewares/Third_Party/FreeRTOS/Source/stream_buffer.c **** 		mtCOVERAGE_TEST_MARKER();
 469:Middlewares/Third_Party/FreeRTOS/Source/stream_buffer.c **** 	}
 470:Middlewares/Third_Party/FreeRTOS/Source/stream_buffer.c **** 
 471:Middlewares/Third_Party/FreeRTOS/Source/stream_buffer.c **** 	return xSpace;
 472:Middlewares/Third_Party/FreeRTOS/Source/stream_buffer.c **** }
 473:Middlewares/Third_Party/FreeRTOS/Source/stream_buffer.c **** /*-----------------------------------------------------------*/
 474:Middlewares/Third_Party/FreeRTOS/Source/stream_buffer.c **** 
 475:Middlewares/Third_Party/FreeRTOS/Source/stream_buffer.c **** size_t xStreamBufferBytesAvailable( StreamBufferHandle_t xStreamBuffer )
 476:Middlewares/Third_Party/FreeRTOS/Source/stream_buffer.c **** {
 477:Middlewares/Third_Party/FreeRTOS/Source/stream_buffer.c **** const StreamBuffer_t * const pxStreamBuffer = ( StreamBuffer_t * ) xStreamBuffer; /*lint !e9087 !e9
 478:Middlewares/Third_Party/FreeRTOS/Source/stream_buffer.c **** size_t xReturn;
 479:Middlewares/Third_Party/FreeRTOS/Source/stream_buffer.c **** 
 480:Middlewares/Third_Party/FreeRTOS/Source/stream_buffer.c **** 	configASSERT( pxStreamBuffer );
 481:Middlewares/Third_Party/FreeRTOS/Source/stream_buffer.c **** 
 482:Middlewares/Third_Party/FreeRTOS/Source/stream_buffer.c **** 	xReturn = prvBytesInBuffer( pxStreamBuffer );
 483:Middlewares/Third_Party/FreeRTOS/Source/stream_buffer.c **** 	return xReturn;
 484:Middlewares/Third_Party/FreeRTOS/Source/stream_buffer.c **** }
 485:Middlewares/Third_Party/FreeRTOS/Source/stream_buffer.c **** /*-----------------------------------------------------------*/
 486:Middlewares/Third_Party/FreeRTOS/Source/stream_buffer.c **** 
ARM GAS  C:\Users\31005\AppData\Local\Temp\ccLRqEhz.s 			page 10


 487:Middlewares/Third_Party/FreeRTOS/Source/stream_buffer.c **** size_t xStreamBufferSend( StreamBufferHandle_t xStreamBuffer,
 488:Middlewares/Third_Party/FreeRTOS/Source/stream_buffer.c **** 						  const void *pvTxData,
 489:Middlewares/Third_Party/FreeRTOS/Source/stream_buffer.c **** 						  size_t xDataLengthBytes,
 490:Middlewares/Third_Party/FreeRTOS/Source/stream_buffer.c **** 						  TickType_t xTicksToWait )
 491:Middlewares/Third_Party/FreeRTOS/Source/stream_buffer.c **** {
 492:Middlewares/Third_Party/FreeRTOS/Source/stream_buffer.c **** StreamBuffer_t * const pxStreamBuffer = ( StreamBuffer_t * ) xStreamBuffer; /*lint !e9087 !e9079 Sa
 493:Middlewares/Third_Party/FreeRTOS/Source/stream_buffer.c **** size_t xReturn, xSpace = 0;
 494:Middlewares/Third_Party/FreeRTOS/Source/stream_buffer.c **** size_t xRequiredSpace = xDataLengthBytes;
 495:Middlewares/Third_Party/FreeRTOS/Source/stream_buffer.c **** TimeOut_t xTimeOut;
 496:Middlewares/Third_Party/FreeRTOS/Source/stream_buffer.c **** 
 497:Middlewares/Third_Party/FreeRTOS/Source/stream_buffer.c **** 	configASSERT( pvTxData );
 498:Middlewares/Third_Party/FreeRTOS/Source/stream_buffer.c **** 	configASSERT( pxStreamBuffer );
 499:Middlewares/Third_Party/FreeRTOS/Source/stream_buffer.c **** 
 500:Middlewares/Third_Party/FreeRTOS/Source/stream_buffer.c **** 	/* This send function is used to write to both message buffers and stream
 501:Middlewares/Third_Party/FreeRTOS/Source/stream_buffer.c **** 	buffers.  If this is a message buffer then the space needed must be
 502:Middlewares/Third_Party/FreeRTOS/Source/stream_buffer.c **** 	increased by the amount of bytes needed to store the length of the
 503:Middlewares/Third_Party/FreeRTOS/Source/stream_buffer.c **** 	message. */
 504:Middlewares/Third_Party/FreeRTOS/Source/stream_buffer.c **** 	if( ( pxStreamBuffer->ucFlags & sbFLAGS_IS_MESSAGE_BUFFER ) != ( uint8_t ) 0 )
 505:Middlewares/Third_Party/FreeRTOS/Source/stream_buffer.c **** 	{
 506:Middlewares/Third_Party/FreeRTOS/Source/stream_buffer.c **** 		xRequiredSpace += sbBYTES_TO_STORE_MESSAGE_LENGTH;
 507:Middlewares/Third_Party/FreeRTOS/Source/stream_buffer.c **** 	}
 508:Middlewares/Third_Party/FreeRTOS/Source/stream_buffer.c **** 	else
 509:Middlewares/Third_Party/FreeRTOS/Source/stream_buffer.c **** 	{
 510:Middlewares/Third_Party/FreeRTOS/Source/stream_buffer.c **** 		mtCOVERAGE_TEST_MARKER();
 511:Middlewares/Third_Party/FreeRTOS/Source/stream_buffer.c **** 	}
 512:Middlewares/Third_Party/FreeRTOS/Source/stream_buffer.c **** 
 513:Middlewares/Third_Party/FreeRTOS/Source/stream_buffer.c **** 	if( xTicksToWait != ( TickType_t ) 0 )
 514:Middlewares/Third_Party/FreeRTOS/Source/stream_buffer.c **** 	{
 515:Middlewares/Third_Party/FreeRTOS/Source/stream_buffer.c **** 		vTaskSetTimeOutState( &xTimeOut );
 516:Middlewares/Third_Party/FreeRTOS/Source/stream_buffer.c **** 
 517:Middlewares/Third_Party/FreeRTOS/Source/stream_buffer.c **** 		do
 518:Middlewares/Third_Party/FreeRTOS/Source/stream_buffer.c **** 		{
 519:Middlewares/Third_Party/FreeRTOS/Source/stream_buffer.c **** 			/* Wait until the required number of bytes are free in the message
 520:Middlewares/Third_Party/FreeRTOS/Source/stream_buffer.c **** 			buffer. */
 521:Middlewares/Third_Party/FreeRTOS/Source/stream_buffer.c **** 			taskENTER_CRITICAL();
 522:Middlewares/Third_Party/FreeRTOS/Source/stream_buffer.c **** 			{
 523:Middlewares/Third_Party/FreeRTOS/Source/stream_buffer.c **** 				xSpace = xStreamBufferSpacesAvailable( pxStreamBuffer );
 524:Middlewares/Third_Party/FreeRTOS/Source/stream_buffer.c **** 
 525:Middlewares/Third_Party/FreeRTOS/Source/stream_buffer.c **** 				if( xSpace < xRequiredSpace )
 526:Middlewares/Third_Party/FreeRTOS/Source/stream_buffer.c **** 				{
 527:Middlewares/Third_Party/FreeRTOS/Source/stream_buffer.c **** 					/* Clear notification state as going to wait for space. */
 528:Middlewares/Third_Party/FreeRTOS/Source/stream_buffer.c **** 					( void ) xTaskNotifyStateClear( NULL );
 529:Middlewares/Third_Party/FreeRTOS/Source/stream_buffer.c **** 
 530:Middlewares/Third_Party/FreeRTOS/Source/stream_buffer.c **** 					/* Should only be one writer. */
 531:Middlewares/Third_Party/FreeRTOS/Source/stream_buffer.c **** 					configASSERT( pxStreamBuffer->xTaskWaitingToSend == NULL );
 532:Middlewares/Third_Party/FreeRTOS/Source/stream_buffer.c **** 					pxStreamBuffer->xTaskWaitingToSend = xTaskGetCurrentTaskHandle();
 533:Middlewares/Third_Party/FreeRTOS/Source/stream_buffer.c **** 				}
 534:Middlewares/Third_Party/FreeRTOS/Source/stream_buffer.c **** 				else
 535:Middlewares/Third_Party/FreeRTOS/Source/stream_buffer.c **** 				{
 536:Middlewares/Third_Party/FreeRTOS/Source/stream_buffer.c **** 					taskEXIT_CRITICAL();
 537:Middlewares/Third_Party/FreeRTOS/Source/stream_buffer.c **** 					break;
 538:Middlewares/Third_Party/FreeRTOS/Source/stream_buffer.c **** 				}
 539:Middlewares/Third_Party/FreeRTOS/Source/stream_buffer.c **** 			}
 540:Middlewares/Third_Party/FreeRTOS/Source/stream_buffer.c **** 			taskEXIT_CRITICAL();
 541:Middlewares/Third_Party/FreeRTOS/Source/stream_buffer.c **** 
 542:Middlewares/Third_Party/FreeRTOS/Source/stream_buffer.c **** 			traceBLOCKING_ON_STREAM_BUFFER_SEND( xStreamBuffer );
 543:Middlewares/Third_Party/FreeRTOS/Source/stream_buffer.c **** 			( void ) xTaskNotifyWait( ( uint32_t ) 0, UINT32_MAX, NULL, xTicksToWait );
ARM GAS  C:\Users\31005\AppData\Local\Temp\ccLRqEhz.s 			page 11


 544:Middlewares/Third_Party/FreeRTOS/Source/stream_buffer.c **** 			pxStreamBuffer->xTaskWaitingToSend = NULL;
 545:Middlewares/Third_Party/FreeRTOS/Source/stream_buffer.c **** 
 546:Middlewares/Third_Party/FreeRTOS/Source/stream_buffer.c **** 		} while( xTaskCheckForTimeOut( &xTimeOut, &xTicksToWait ) == pdFALSE );
 547:Middlewares/Third_Party/FreeRTOS/Source/stream_buffer.c **** 	}
 548:Middlewares/Third_Party/FreeRTOS/Source/stream_buffer.c **** 	else
 549:Middlewares/Third_Party/FreeRTOS/Source/stream_buffer.c **** 	{
 550:Middlewares/Third_Party/FreeRTOS/Source/stream_buffer.c **** 		mtCOVERAGE_TEST_MARKER();
 551:Middlewares/Third_Party/FreeRTOS/Source/stream_buffer.c **** 	}
 552:Middlewares/Third_Party/FreeRTOS/Source/stream_buffer.c **** 
 553:Middlewares/Third_Party/FreeRTOS/Source/stream_buffer.c **** 	if( xSpace == ( size_t ) 0 )
 554:Middlewares/Third_Party/FreeRTOS/Source/stream_buffer.c **** 	{
 555:Middlewares/Third_Party/FreeRTOS/Source/stream_buffer.c **** 		xSpace = xStreamBufferSpacesAvailable( pxStreamBuffer );
 556:Middlewares/Third_Party/FreeRTOS/Source/stream_buffer.c **** 	}
 557:Middlewares/Third_Party/FreeRTOS/Source/stream_buffer.c **** 	else
 558:Middlewares/Third_Party/FreeRTOS/Source/stream_buffer.c **** 	{
 559:Middlewares/Third_Party/FreeRTOS/Source/stream_buffer.c **** 		mtCOVERAGE_TEST_MARKER();
 560:Middlewares/Third_Party/FreeRTOS/Source/stream_buffer.c **** 	}
 561:Middlewares/Third_Party/FreeRTOS/Source/stream_buffer.c **** 
 562:Middlewares/Third_Party/FreeRTOS/Source/stream_buffer.c **** 	xReturn = prvWriteMessageToBuffer( pxStreamBuffer, pvTxData, xDataLengthBytes, xSpace, xRequiredSp
 563:Middlewares/Third_Party/FreeRTOS/Source/stream_buffer.c **** 
 564:Middlewares/Third_Party/FreeRTOS/Source/stream_buffer.c **** 	if( xReturn > ( size_t ) 0 )
 565:Middlewares/Third_Party/FreeRTOS/Source/stream_buffer.c **** 	{
 566:Middlewares/Third_Party/FreeRTOS/Source/stream_buffer.c **** 		traceSTREAM_BUFFER_SEND( xStreamBuffer, xReturn );
 567:Middlewares/Third_Party/FreeRTOS/Source/stream_buffer.c **** 
 568:Middlewares/Third_Party/FreeRTOS/Source/stream_buffer.c **** 		/* Was a task waiting for the data? */
 569:Middlewares/Third_Party/FreeRTOS/Source/stream_buffer.c **** 		if( prvBytesInBuffer( pxStreamBuffer ) >= pxStreamBuffer->xTriggerLevelBytes )
 570:Middlewares/Third_Party/FreeRTOS/Source/stream_buffer.c **** 		{
 571:Middlewares/Third_Party/FreeRTOS/Source/stream_buffer.c **** 			sbSEND_COMPLETED( pxStreamBuffer );
 572:Middlewares/Third_Party/FreeRTOS/Source/stream_buffer.c **** 		}
 573:Middlewares/Third_Party/FreeRTOS/Source/stream_buffer.c **** 		else
 574:Middlewares/Third_Party/FreeRTOS/Source/stream_buffer.c **** 		{
 575:Middlewares/Third_Party/FreeRTOS/Source/stream_buffer.c **** 			mtCOVERAGE_TEST_MARKER();
 576:Middlewares/Third_Party/FreeRTOS/Source/stream_buffer.c **** 		}
 577:Middlewares/Third_Party/FreeRTOS/Source/stream_buffer.c **** 	}
 578:Middlewares/Third_Party/FreeRTOS/Source/stream_buffer.c **** 	else
 579:Middlewares/Third_Party/FreeRTOS/Source/stream_buffer.c **** 	{
 580:Middlewares/Third_Party/FreeRTOS/Source/stream_buffer.c **** 		mtCOVERAGE_TEST_MARKER();
 581:Middlewares/Third_Party/FreeRTOS/Source/stream_buffer.c **** 		traceSTREAM_BUFFER_SEND_FAILED( xStreamBuffer );
 582:Middlewares/Third_Party/FreeRTOS/Source/stream_buffer.c **** 	}
 583:Middlewares/Third_Party/FreeRTOS/Source/stream_buffer.c **** 
 584:Middlewares/Third_Party/FreeRTOS/Source/stream_buffer.c **** 	return xReturn;
 585:Middlewares/Third_Party/FreeRTOS/Source/stream_buffer.c **** }
 586:Middlewares/Third_Party/FreeRTOS/Source/stream_buffer.c **** /*-----------------------------------------------------------*/
 587:Middlewares/Third_Party/FreeRTOS/Source/stream_buffer.c **** 
 588:Middlewares/Third_Party/FreeRTOS/Source/stream_buffer.c **** size_t xStreamBufferSendFromISR( StreamBufferHandle_t xStreamBuffer,
 589:Middlewares/Third_Party/FreeRTOS/Source/stream_buffer.c **** 								 const void *pvTxData,
 590:Middlewares/Third_Party/FreeRTOS/Source/stream_buffer.c **** 								 size_t xDataLengthBytes,
 591:Middlewares/Third_Party/FreeRTOS/Source/stream_buffer.c **** 								 BaseType_t * const pxHigherPriorityTaskWoken )
 592:Middlewares/Third_Party/FreeRTOS/Source/stream_buffer.c **** {
 593:Middlewares/Third_Party/FreeRTOS/Source/stream_buffer.c **** StreamBuffer_t * const pxStreamBuffer = ( StreamBuffer_t * ) xStreamBuffer; /*lint !e9087 !e9079 Sa
 594:Middlewares/Third_Party/FreeRTOS/Source/stream_buffer.c **** size_t xReturn, xSpace;
 595:Middlewares/Third_Party/FreeRTOS/Source/stream_buffer.c **** size_t xRequiredSpace = xDataLengthBytes;
 596:Middlewares/Third_Party/FreeRTOS/Source/stream_buffer.c **** 
 597:Middlewares/Third_Party/FreeRTOS/Source/stream_buffer.c **** 	configASSERT( pvTxData );
 598:Middlewares/Third_Party/FreeRTOS/Source/stream_buffer.c **** 	configASSERT( pxStreamBuffer );
 599:Middlewares/Third_Party/FreeRTOS/Source/stream_buffer.c **** 
 600:Middlewares/Third_Party/FreeRTOS/Source/stream_buffer.c **** 	/* This send function is used to write to both message buffers and stream
ARM GAS  C:\Users\31005\AppData\Local\Temp\ccLRqEhz.s 			page 12


 601:Middlewares/Third_Party/FreeRTOS/Source/stream_buffer.c **** 	buffers.  If this is a message buffer then the space needed must be
 602:Middlewares/Third_Party/FreeRTOS/Source/stream_buffer.c **** 	increased by the amount of bytes needed to store the length of the
 603:Middlewares/Third_Party/FreeRTOS/Source/stream_buffer.c **** 	message. */
 604:Middlewares/Third_Party/FreeRTOS/Source/stream_buffer.c **** 	if( ( pxStreamBuffer->ucFlags & sbFLAGS_IS_MESSAGE_BUFFER ) != ( uint8_t ) 0 )
 605:Middlewares/Third_Party/FreeRTOS/Source/stream_buffer.c **** 	{
 606:Middlewares/Third_Party/FreeRTOS/Source/stream_buffer.c **** 		xRequiredSpace += sbBYTES_TO_STORE_MESSAGE_LENGTH;
 607:Middlewares/Third_Party/FreeRTOS/Source/stream_buffer.c **** 	}
 608:Middlewares/Third_Party/FreeRTOS/Source/stream_buffer.c **** 	else
 609:Middlewares/Third_Party/FreeRTOS/Source/stream_buffer.c **** 	{
 610:Middlewares/Third_Party/FreeRTOS/Source/stream_buffer.c **** 		mtCOVERAGE_TEST_MARKER();
 611:Middlewares/Third_Party/FreeRTOS/Source/stream_buffer.c **** 	}
 612:Middlewares/Third_Party/FreeRTOS/Source/stream_buffer.c **** 
 613:Middlewares/Third_Party/FreeRTOS/Source/stream_buffer.c **** 	xSpace = xStreamBufferSpacesAvailable( pxStreamBuffer );
 614:Middlewares/Third_Party/FreeRTOS/Source/stream_buffer.c **** 	xReturn = prvWriteMessageToBuffer( pxStreamBuffer, pvTxData, xDataLengthBytes, xSpace, xRequiredSp
 615:Middlewares/Third_Party/FreeRTOS/Source/stream_buffer.c **** 
 616:Middlewares/Third_Party/FreeRTOS/Source/stream_buffer.c **** 	if( xReturn > ( size_t ) 0 )
 617:Middlewares/Third_Party/FreeRTOS/Source/stream_buffer.c **** 	{
 618:Middlewares/Third_Party/FreeRTOS/Source/stream_buffer.c **** 		/* Was a task waiting for the data? */
 619:Middlewares/Third_Party/FreeRTOS/Source/stream_buffer.c **** 		if( prvBytesInBuffer( pxStreamBuffer ) >= pxStreamBuffer->xTriggerLevelBytes )
 620:Middlewares/Third_Party/FreeRTOS/Source/stream_buffer.c **** 		{
 621:Middlewares/Third_Party/FreeRTOS/Source/stream_buffer.c **** 			sbSEND_COMPLETE_FROM_ISR( pxStreamBuffer, pxHigherPriorityTaskWoken );
 622:Middlewares/Third_Party/FreeRTOS/Source/stream_buffer.c **** 		}
 623:Middlewares/Third_Party/FreeRTOS/Source/stream_buffer.c **** 		else
 624:Middlewares/Third_Party/FreeRTOS/Source/stream_buffer.c **** 		{
 625:Middlewares/Third_Party/FreeRTOS/Source/stream_buffer.c **** 			mtCOVERAGE_TEST_MARKER();
 626:Middlewares/Third_Party/FreeRTOS/Source/stream_buffer.c **** 		}
 627:Middlewares/Third_Party/FreeRTOS/Source/stream_buffer.c **** 	}
 628:Middlewares/Third_Party/FreeRTOS/Source/stream_buffer.c **** 	else
 629:Middlewares/Third_Party/FreeRTOS/Source/stream_buffer.c **** 	{
 630:Middlewares/Third_Party/FreeRTOS/Source/stream_buffer.c **** 		mtCOVERAGE_TEST_MARKER();
 631:Middlewares/Third_Party/FreeRTOS/Source/stream_buffer.c **** 	}
 632:Middlewares/Third_Party/FreeRTOS/Source/stream_buffer.c **** 
 633:Middlewares/Third_Party/FreeRTOS/Source/stream_buffer.c **** 	traceSTREAM_BUFFER_SEND_FROM_ISR( xStreamBuffer, xReturn );
 634:Middlewares/Third_Party/FreeRTOS/Source/stream_buffer.c **** 
 635:Middlewares/Third_Party/FreeRTOS/Source/stream_buffer.c **** 	return xReturn;
 636:Middlewares/Third_Party/FreeRTOS/Source/stream_buffer.c **** }
 637:Middlewares/Third_Party/FreeRTOS/Source/stream_buffer.c **** /*-----------------------------------------------------------*/
 638:Middlewares/Third_Party/FreeRTOS/Source/stream_buffer.c **** 
 639:Middlewares/Third_Party/FreeRTOS/Source/stream_buffer.c **** static size_t prvWriteMessageToBuffer( StreamBuffer_t * const pxStreamBuffer,
 640:Middlewares/Third_Party/FreeRTOS/Source/stream_buffer.c **** 									   const void * pvTxData,
 641:Middlewares/Third_Party/FreeRTOS/Source/stream_buffer.c **** 									   size_t xDataLengthBytes,
 642:Middlewares/Third_Party/FreeRTOS/Source/stream_buffer.c **** 									   size_t xSpace,
 643:Middlewares/Third_Party/FreeRTOS/Source/stream_buffer.c **** 									   size_t xRequiredSpace )
 644:Middlewares/Third_Party/FreeRTOS/Source/stream_buffer.c **** {
 645:Middlewares/Third_Party/FreeRTOS/Source/stream_buffer.c **** 	BaseType_t xShouldWrite;
 646:Middlewares/Third_Party/FreeRTOS/Source/stream_buffer.c **** 	size_t xReturn;
 647:Middlewares/Third_Party/FreeRTOS/Source/stream_buffer.c **** 
 648:Middlewares/Third_Party/FreeRTOS/Source/stream_buffer.c **** 	if( xSpace == ( size_t ) 0 )
 649:Middlewares/Third_Party/FreeRTOS/Source/stream_buffer.c **** 	{
 650:Middlewares/Third_Party/FreeRTOS/Source/stream_buffer.c **** 		/* Doesn't matter if this is a stream buffer or a message buffer, there
 651:Middlewares/Third_Party/FreeRTOS/Source/stream_buffer.c **** 		is no space to write. */
 652:Middlewares/Third_Party/FreeRTOS/Source/stream_buffer.c **** 		xShouldWrite = pdFALSE;
 653:Middlewares/Third_Party/FreeRTOS/Source/stream_buffer.c **** 	}
 654:Middlewares/Third_Party/FreeRTOS/Source/stream_buffer.c **** 	else if( ( pxStreamBuffer->ucFlags & sbFLAGS_IS_MESSAGE_BUFFER ) == ( uint8_t ) 0 )
 655:Middlewares/Third_Party/FreeRTOS/Source/stream_buffer.c **** 	{
 656:Middlewares/Third_Party/FreeRTOS/Source/stream_buffer.c **** 		/* This is a stream buffer, as opposed to a message buffer, so writing a
 657:Middlewares/Third_Party/FreeRTOS/Source/stream_buffer.c **** 		stream of bytes rather than discrete messages.  Write as many bytes as
ARM GAS  C:\Users\31005\AppData\Local\Temp\ccLRqEhz.s 			page 13


 658:Middlewares/Third_Party/FreeRTOS/Source/stream_buffer.c **** 		possible. */
 659:Middlewares/Third_Party/FreeRTOS/Source/stream_buffer.c **** 		xShouldWrite = pdTRUE;
 660:Middlewares/Third_Party/FreeRTOS/Source/stream_buffer.c **** 		xDataLengthBytes = configMIN( xDataLengthBytes, xSpace ); /*lint !e9044 Function parameter modifi
 661:Middlewares/Third_Party/FreeRTOS/Source/stream_buffer.c **** 	}
 662:Middlewares/Third_Party/FreeRTOS/Source/stream_buffer.c **** 	else if( xSpace >= xRequiredSpace )
 663:Middlewares/Third_Party/FreeRTOS/Source/stream_buffer.c **** 	{
 664:Middlewares/Third_Party/FreeRTOS/Source/stream_buffer.c **** 		/* This is a message buffer, as opposed to a stream buffer, and there
 665:Middlewares/Third_Party/FreeRTOS/Source/stream_buffer.c **** 		is enough space to write both the message length and the message itself
 666:Middlewares/Third_Party/FreeRTOS/Source/stream_buffer.c **** 		into the buffer.  Start by writing the length of the data, the data
 667:Middlewares/Third_Party/FreeRTOS/Source/stream_buffer.c **** 		itself will be written later in this function. */
 668:Middlewares/Third_Party/FreeRTOS/Source/stream_buffer.c **** 		xShouldWrite = pdTRUE;
 669:Middlewares/Third_Party/FreeRTOS/Source/stream_buffer.c **** 		( void ) prvWriteBytesToBuffer( pxStreamBuffer, ( const uint8_t * ) &( xDataLengthBytes ), sbBYTE
 670:Middlewares/Third_Party/FreeRTOS/Source/stream_buffer.c **** 	}
 671:Middlewares/Third_Party/FreeRTOS/Source/stream_buffer.c **** 	else
 672:Middlewares/Third_Party/FreeRTOS/Source/stream_buffer.c **** 	{
 673:Middlewares/Third_Party/FreeRTOS/Source/stream_buffer.c **** 		/* There is space available, but not enough space. */
 674:Middlewares/Third_Party/FreeRTOS/Source/stream_buffer.c **** 		xShouldWrite = pdFALSE;
 675:Middlewares/Third_Party/FreeRTOS/Source/stream_buffer.c **** 	}
 676:Middlewares/Third_Party/FreeRTOS/Source/stream_buffer.c **** 
 677:Middlewares/Third_Party/FreeRTOS/Source/stream_buffer.c **** 	if( xShouldWrite != pdFALSE )
 678:Middlewares/Third_Party/FreeRTOS/Source/stream_buffer.c **** 	{
 679:Middlewares/Third_Party/FreeRTOS/Source/stream_buffer.c **** 		/* Writes the data itself. */
 680:Middlewares/Third_Party/FreeRTOS/Source/stream_buffer.c **** 		xReturn = prvWriteBytesToBuffer( pxStreamBuffer, ( const uint8_t * ) pvTxData, xDataLengthBytes )
 681:Middlewares/Third_Party/FreeRTOS/Source/stream_buffer.c **** 	}
 682:Middlewares/Third_Party/FreeRTOS/Source/stream_buffer.c **** 	else
 683:Middlewares/Third_Party/FreeRTOS/Source/stream_buffer.c **** 	{
 684:Middlewares/Third_Party/FreeRTOS/Source/stream_buffer.c **** 		xReturn = 0;
 685:Middlewares/Third_Party/FreeRTOS/Source/stream_buffer.c **** 	}
 686:Middlewares/Third_Party/FreeRTOS/Source/stream_buffer.c **** 
 687:Middlewares/Third_Party/FreeRTOS/Source/stream_buffer.c **** 	return xReturn;
 688:Middlewares/Third_Party/FreeRTOS/Source/stream_buffer.c **** }
 689:Middlewares/Third_Party/FreeRTOS/Source/stream_buffer.c **** /*-----------------------------------------------------------*/
 690:Middlewares/Third_Party/FreeRTOS/Source/stream_buffer.c **** 
 691:Middlewares/Third_Party/FreeRTOS/Source/stream_buffer.c **** size_t xStreamBufferReceive( StreamBufferHandle_t xStreamBuffer,
 692:Middlewares/Third_Party/FreeRTOS/Source/stream_buffer.c **** 							 void *pvRxData,
 693:Middlewares/Third_Party/FreeRTOS/Source/stream_buffer.c **** 							 size_t xBufferLengthBytes,
 694:Middlewares/Third_Party/FreeRTOS/Source/stream_buffer.c **** 							 TickType_t xTicksToWait )
 695:Middlewares/Third_Party/FreeRTOS/Source/stream_buffer.c **** {
 696:Middlewares/Third_Party/FreeRTOS/Source/stream_buffer.c **** StreamBuffer_t * const pxStreamBuffer = ( StreamBuffer_t * ) xStreamBuffer; /*lint !e9087 !e9079 Sa
 697:Middlewares/Third_Party/FreeRTOS/Source/stream_buffer.c **** size_t xReceivedLength = 0, xBytesAvailable, xBytesToStoreMessageLength;
 698:Middlewares/Third_Party/FreeRTOS/Source/stream_buffer.c **** 
 699:Middlewares/Third_Party/FreeRTOS/Source/stream_buffer.c **** 	configASSERT( pvRxData );
 700:Middlewares/Third_Party/FreeRTOS/Source/stream_buffer.c **** 	configASSERT( pxStreamBuffer );
 701:Middlewares/Third_Party/FreeRTOS/Source/stream_buffer.c **** 
 702:Middlewares/Third_Party/FreeRTOS/Source/stream_buffer.c **** 	/* This receive function is used by both message buffers, which store
 703:Middlewares/Third_Party/FreeRTOS/Source/stream_buffer.c **** 	discrete messages, and stream buffers, which store a continuous stream of
 704:Middlewares/Third_Party/FreeRTOS/Source/stream_buffer.c **** 	bytes.  Discrete messages include an additional
 705:Middlewares/Third_Party/FreeRTOS/Source/stream_buffer.c **** 	sbBYTES_TO_STORE_MESSAGE_LENGTH bytes that hold the length of the
 706:Middlewares/Third_Party/FreeRTOS/Source/stream_buffer.c **** 	message. */
 707:Middlewares/Third_Party/FreeRTOS/Source/stream_buffer.c **** 	if( ( pxStreamBuffer->ucFlags & sbFLAGS_IS_MESSAGE_BUFFER ) != ( uint8_t ) 0 )
 708:Middlewares/Third_Party/FreeRTOS/Source/stream_buffer.c **** 	{
 709:Middlewares/Third_Party/FreeRTOS/Source/stream_buffer.c **** 		xBytesToStoreMessageLength = sbBYTES_TO_STORE_MESSAGE_LENGTH;
 710:Middlewares/Third_Party/FreeRTOS/Source/stream_buffer.c **** 	}
 711:Middlewares/Third_Party/FreeRTOS/Source/stream_buffer.c **** 	else
 712:Middlewares/Third_Party/FreeRTOS/Source/stream_buffer.c **** 	{
 713:Middlewares/Third_Party/FreeRTOS/Source/stream_buffer.c **** 		xBytesToStoreMessageLength = 0;
 714:Middlewares/Third_Party/FreeRTOS/Source/stream_buffer.c **** 	}
ARM GAS  C:\Users\31005\AppData\Local\Temp\ccLRqEhz.s 			page 14


 715:Middlewares/Third_Party/FreeRTOS/Source/stream_buffer.c **** 
 716:Middlewares/Third_Party/FreeRTOS/Source/stream_buffer.c **** 	if( xTicksToWait != ( TickType_t ) 0 )
 717:Middlewares/Third_Party/FreeRTOS/Source/stream_buffer.c **** 	{
 718:Middlewares/Third_Party/FreeRTOS/Source/stream_buffer.c **** 		/* Checking if there is data and clearing the notification state must be
 719:Middlewares/Third_Party/FreeRTOS/Source/stream_buffer.c **** 		performed atomically. */
 720:Middlewares/Third_Party/FreeRTOS/Source/stream_buffer.c **** 		taskENTER_CRITICAL();
 721:Middlewares/Third_Party/FreeRTOS/Source/stream_buffer.c **** 		{
 722:Middlewares/Third_Party/FreeRTOS/Source/stream_buffer.c **** 			xBytesAvailable = prvBytesInBuffer( pxStreamBuffer );
 723:Middlewares/Third_Party/FreeRTOS/Source/stream_buffer.c **** 
 724:Middlewares/Third_Party/FreeRTOS/Source/stream_buffer.c **** 			/* If this function was invoked by a message buffer read then
 725:Middlewares/Third_Party/FreeRTOS/Source/stream_buffer.c **** 			xBytesToStoreMessageLength holds the number of bytes used to hold
 726:Middlewares/Third_Party/FreeRTOS/Source/stream_buffer.c **** 			the length of the next discrete message.  If this function was
 727:Middlewares/Third_Party/FreeRTOS/Source/stream_buffer.c **** 			invoked by a stream buffer read then xBytesToStoreMessageLength will
 728:Middlewares/Third_Party/FreeRTOS/Source/stream_buffer.c **** 			be 0. */
 729:Middlewares/Third_Party/FreeRTOS/Source/stream_buffer.c **** 			if( xBytesAvailable <= xBytesToStoreMessageLength )
 730:Middlewares/Third_Party/FreeRTOS/Source/stream_buffer.c **** 			{
 731:Middlewares/Third_Party/FreeRTOS/Source/stream_buffer.c **** 				/* Clear notification state as going to wait for data. */
 732:Middlewares/Third_Party/FreeRTOS/Source/stream_buffer.c **** 				( void ) xTaskNotifyStateClear( NULL );
 733:Middlewares/Third_Party/FreeRTOS/Source/stream_buffer.c **** 
 734:Middlewares/Third_Party/FreeRTOS/Source/stream_buffer.c **** 				/* Should only be one reader. */
 735:Middlewares/Third_Party/FreeRTOS/Source/stream_buffer.c **** 				configASSERT( pxStreamBuffer->xTaskWaitingToReceive == NULL );
 736:Middlewares/Third_Party/FreeRTOS/Source/stream_buffer.c **** 				pxStreamBuffer->xTaskWaitingToReceive = xTaskGetCurrentTaskHandle();
 737:Middlewares/Third_Party/FreeRTOS/Source/stream_buffer.c **** 			}
 738:Middlewares/Third_Party/FreeRTOS/Source/stream_buffer.c **** 			else
 739:Middlewares/Third_Party/FreeRTOS/Source/stream_buffer.c **** 			{
 740:Middlewares/Third_Party/FreeRTOS/Source/stream_buffer.c **** 				mtCOVERAGE_TEST_MARKER();
 741:Middlewares/Third_Party/FreeRTOS/Source/stream_buffer.c **** 			}
 742:Middlewares/Third_Party/FreeRTOS/Source/stream_buffer.c **** 		}
 743:Middlewares/Third_Party/FreeRTOS/Source/stream_buffer.c **** 		taskEXIT_CRITICAL();
 744:Middlewares/Third_Party/FreeRTOS/Source/stream_buffer.c **** 
 745:Middlewares/Third_Party/FreeRTOS/Source/stream_buffer.c **** 		if( xBytesAvailable <= xBytesToStoreMessageLength )
 746:Middlewares/Third_Party/FreeRTOS/Source/stream_buffer.c **** 		{
 747:Middlewares/Third_Party/FreeRTOS/Source/stream_buffer.c **** 			/* Wait for data to be available. */
 748:Middlewares/Third_Party/FreeRTOS/Source/stream_buffer.c **** 			traceBLOCKING_ON_STREAM_BUFFER_RECEIVE( xStreamBuffer );
 749:Middlewares/Third_Party/FreeRTOS/Source/stream_buffer.c **** 			( void ) xTaskNotifyWait( ( uint32_t ) 0, UINT32_MAX, NULL, xTicksToWait );
 750:Middlewares/Third_Party/FreeRTOS/Source/stream_buffer.c **** 			pxStreamBuffer->xTaskWaitingToReceive = NULL;
 751:Middlewares/Third_Party/FreeRTOS/Source/stream_buffer.c **** 
 752:Middlewares/Third_Party/FreeRTOS/Source/stream_buffer.c **** 			/* Recheck the data available after blocking. */
 753:Middlewares/Third_Party/FreeRTOS/Source/stream_buffer.c **** 			xBytesAvailable = prvBytesInBuffer( pxStreamBuffer );
 754:Middlewares/Third_Party/FreeRTOS/Source/stream_buffer.c **** 		}
 755:Middlewares/Third_Party/FreeRTOS/Source/stream_buffer.c **** 		else
 756:Middlewares/Third_Party/FreeRTOS/Source/stream_buffer.c **** 		{
 757:Middlewares/Third_Party/FreeRTOS/Source/stream_buffer.c **** 			mtCOVERAGE_TEST_MARKER();
 758:Middlewares/Third_Party/FreeRTOS/Source/stream_buffer.c **** 		}
 759:Middlewares/Third_Party/FreeRTOS/Source/stream_buffer.c **** 	}
 760:Middlewares/Third_Party/FreeRTOS/Source/stream_buffer.c **** 	else
 761:Middlewares/Third_Party/FreeRTOS/Source/stream_buffer.c **** 	{
 762:Middlewares/Third_Party/FreeRTOS/Source/stream_buffer.c **** 		xBytesAvailable = prvBytesInBuffer( pxStreamBuffer );
 763:Middlewares/Third_Party/FreeRTOS/Source/stream_buffer.c **** 	}
 764:Middlewares/Third_Party/FreeRTOS/Source/stream_buffer.c **** 
 765:Middlewares/Third_Party/FreeRTOS/Source/stream_buffer.c **** 	/* Whether receiving a discrete message (where xBytesToStoreMessageLength
 766:Middlewares/Third_Party/FreeRTOS/Source/stream_buffer.c **** 	holds the number of bytes used to store the message length) or a stream of
 767:Middlewares/Third_Party/FreeRTOS/Source/stream_buffer.c **** 	bytes (where xBytesToStoreMessageLength is zero), the number of bytes
 768:Middlewares/Third_Party/FreeRTOS/Source/stream_buffer.c **** 	available must be greater than xBytesToStoreMessageLength to be able to
 769:Middlewares/Third_Party/FreeRTOS/Source/stream_buffer.c **** 	read bytes from the buffer. */
 770:Middlewares/Third_Party/FreeRTOS/Source/stream_buffer.c **** 	if( xBytesAvailable > xBytesToStoreMessageLength )
 771:Middlewares/Third_Party/FreeRTOS/Source/stream_buffer.c **** 	{
ARM GAS  C:\Users\31005\AppData\Local\Temp\ccLRqEhz.s 			page 15


 772:Middlewares/Third_Party/FreeRTOS/Source/stream_buffer.c **** 		xReceivedLength = prvReadMessageFromBuffer( pxStreamBuffer, pvRxData, xBufferLengthBytes, xBytesA
 773:Middlewares/Third_Party/FreeRTOS/Source/stream_buffer.c **** 
 774:Middlewares/Third_Party/FreeRTOS/Source/stream_buffer.c **** 		/* Was a task waiting for space in the buffer? */
 775:Middlewares/Third_Party/FreeRTOS/Source/stream_buffer.c **** 		if( xReceivedLength != ( size_t ) 0 )
 776:Middlewares/Third_Party/FreeRTOS/Source/stream_buffer.c **** 		{
 777:Middlewares/Third_Party/FreeRTOS/Source/stream_buffer.c **** 			traceSTREAM_BUFFER_RECEIVE( xStreamBuffer, xReceivedLength );
 778:Middlewares/Third_Party/FreeRTOS/Source/stream_buffer.c **** 			sbRECEIVE_COMPLETED( pxStreamBuffer );
 779:Middlewares/Third_Party/FreeRTOS/Source/stream_buffer.c **** 		}
 780:Middlewares/Third_Party/FreeRTOS/Source/stream_buffer.c **** 		else
 781:Middlewares/Third_Party/FreeRTOS/Source/stream_buffer.c **** 		{
 782:Middlewares/Third_Party/FreeRTOS/Source/stream_buffer.c **** 			mtCOVERAGE_TEST_MARKER();
 783:Middlewares/Third_Party/FreeRTOS/Source/stream_buffer.c **** 		}
 784:Middlewares/Third_Party/FreeRTOS/Source/stream_buffer.c **** 	}
 785:Middlewares/Third_Party/FreeRTOS/Source/stream_buffer.c **** 	else
 786:Middlewares/Third_Party/FreeRTOS/Source/stream_buffer.c **** 	{
 787:Middlewares/Third_Party/FreeRTOS/Source/stream_buffer.c **** 		traceSTREAM_BUFFER_RECEIVE_FAILED( xStreamBuffer );
 788:Middlewares/Third_Party/FreeRTOS/Source/stream_buffer.c **** 		mtCOVERAGE_TEST_MARKER();
 789:Middlewares/Third_Party/FreeRTOS/Source/stream_buffer.c **** 	}
 790:Middlewares/Third_Party/FreeRTOS/Source/stream_buffer.c **** 
 791:Middlewares/Third_Party/FreeRTOS/Source/stream_buffer.c **** 	return xReceivedLength;
 792:Middlewares/Third_Party/FreeRTOS/Source/stream_buffer.c **** }
 793:Middlewares/Third_Party/FreeRTOS/Source/stream_buffer.c **** /*-----------------------------------------------------------*/
 794:Middlewares/Third_Party/FreeRTOS/Source/stream_buffer.c **** 
 795:Middlewares/Third_Party/FreeRTOS/Source/stream_buffer.c **** size_t xStreamBufferReceiveFromISR( StreamBufferHandle_t xStreamBuffer,
 796:Middlewares/Third_Party/FreeRTOS/Source/stream_buffer.c **** 									void *pvRxData,
 797:Middlewares/Third_Party/FreeRTOS/Source/stream_buffer.c **** 									size_t xBufferLengthBytes,
 798:Middlewares/Third_Party/FreeRTOS/Source/stream_buffer.c **** 									BaseType_t * const pxHigherPriorityTaskWoken )
 799:Middlewares/Third_Party/FreeRTOS/Source/stream_buffer.c **** {
 800:Middlewares/Third_Party/FreeRTOS/Source/stream_buffer.c **** StreamBuffer_t * const pxStreamBuffer = ( StreamBuffer_t * ) xStreamBuffer; /*lint !e9087 !e9079 Sa
 801:Middlewares/Third_Party/FreeRTOS/Source/stream_buffer.c **** size_t xReceivedLength = 0, xBytesAvailable, xBytesToStoreMessageLength;
 802:Middlewares/Third_Party/FreeRTOS/Source/stream_buffer.c **** 
 803:Middlewares/Third_Party/FreeRTOS/Source/stream_buffer.c **** 	configASSERT( pvRxData );
 804:Middlewares/Third_Party/FreeRTOS/Source/stream_buffer.c **** 	configASSERT( pxStreamBuffer );
 805:Middlewares/Third_Party/FreeRTOS/Source/stream_buffer.c **** 
 806:Middlewares/Third_Party/FreeRTOS/Source/stream_buffer.c **** 	/* This receive function is used by both message buffers, which store
 807:Middlewares/Third_Party/FreeRTOS/Source/stream_buffer.c **** 	discrete messages, and stream buffers, which store a continuous stream of
 808:Middlewares/Third_Party/FreeRTOS/Source/stream_buffer.c **** 	bytes.  Discrete messages include an additional
 809:Middlewares/Third_Party/FreeRTOS/Source/stream_buffer.c **** 	sbBYTES_TO_STORE_MESSAGE_LENGTH bytes that hold the length of the
 810:Middlewares/Third_Party/FreeRTOS/Source/stream_buffer.c **** 	message. */
 811:Middlewares/Third_Party/FreeRTOS/Source/stream_buffer.c **** 	if( ( pxStreamBuffer->ucFlags & sbFLAGS_IS_MESSAGE_BUFFER ) != ( uint8_t ) 0 )
 812:Middlewares/Third_Party/FreeRTOS/Source/stream_buffer.c **** 	{
 813:Middlewares/Third_Party/FreeRTOS/Source/stream_buffer.c **** 		xBytesToStoreMessageLength = sbBYTES_TO_STORE_MESSAGE_LENGTH;
 814:Middlewares/Third_Party/FreeRTOS/Source/stream_buffer.c **** 	}
 815:Middlewares/Third_Party/FreeRTOS/Source/stream_buffer.c **** 	else
 816:Middlewares/Third_Party/FreeRTOS/Source/stream_buffer.c **** 	{
 817:Middlewares/Third_Party/FreeRTOS/Source/stream_buffer.c **** 		xBytesToStoreMessageLength = 0;
 818:Middlewares/Third_Party/FreeRTOS/Source/stream_buffer.c **** 	}
 819:Middlewares/Third_Party/FreeRTOS/Source/stream_buffer.c **** 
 820:Middlewares/Third_Party/FreeRTOS/Source/stream_buffer.c **** 	xBytesAvailable = prvBytesInBuffer( pxStreamBuffer );
 821:Middlewares/Third_Party/FreeRTOS/Source/stream_buffer.c **** 
 822:Middlewares/Third_Party/FreeRTOS/Source/stream_buffer.c **** 	/* Whether receiving a discrete message (where xBytesToStoreMessageLength
 823:Middlewares/Third_Party/FreeRTOS/Source/stream_buffer.c **** 	holds the number of bytes used to store the message length) or a stream of
 824:Middlewares/Third_Party/FreeRTOS/Source/stream_buffer.c **** 	bytes (where xBytesToStoreMessageLength is zero), the number of bytes
 825:Middlewares/Third_Party/FreeRTOS/Source/stream_buffer.c **** 	available must be greater than xBytesToStoreMessageLength to be able to
 826:Middlewares/Third_Party/FreeRTOS/Source/stream_buffer.c **** 	read bytes from the buffer. */
 827:Middlewares/Third_Party/FreeRTOS/Source/stream_buffer.c **** 	if( xBytesAvailable > xBytesToStoreMessageLength )
 828:Middlewares/Third_Party/FreeRTOS/Source/stream_buffer.c **** 	{
ARM GAS  C:\Users\31005\AppData\Local\Temp\ccLRqEhz.s 			page 16


 829:Middlewares/Third_Party/FreeRTOS/Source/stream_buffer.c **** 		xReceivedLength = prvReadMessageFromBuffer( pxStreamBuffer, pvRxData, xBufferLengthBytes, xBytesA
 830:Middlewares/Third_Party/FreeRTOS/Source/stream_buffer.c **** 
 831:Middlewares/Third_Party/FreeRTOS/Source/stream_buffer.c **** 		/* Was a task waiting for space in the buffer? */
 832:Middlewares/Third_Party/FreeRTOS/Source/stream_buffer.c **** 		if( xReceivedLength != ( size_t ) 0 )
 833:Middlewares/Third_Party/FreeRTOS/Source/stream_buffer.c **** 		{
 834:Middlewares/Third_Party/FreeRTOS/Source/stream_buffer.c **** 			sbRECEIVE_COMPLETED_FROM_ISR( pxStreamBuffer, pxHigherPriorityTaskWoken );
 835:Middlewares/Third_Party/FreeRTOS/Source/stream_buffer.c **** 		}
 836:Middlewares/Third_Party/FreeRTOS/Source/stream_buffer.c **** 		else
 837:Middlewares/Third_Party/FreeRTOS/Source/stream_buffer.c **** 		{
 838:Middlewares/Third_Party/FreeRTOS/Source/stream_buffer.c **** 			mtCOVERAGE_TEST_MARKER();
 839:Middlewares/Third_Party/FreeRTOS/Source/stream_buffer.c **** 		}
 840:Middlewares/Third_Party/FreeRTOS/Source/stream_buffer.c **** 	}
 841:Middlewares/Third_Party/FreeRTOS/Source/stream_buffer.c **** 	else
 842:Middlewares/Third_Party/FreeRTOS/Source/stream_buffer.c **** 	{
 843:Middlewares/Third_Party/FreeRTOS/Source/stream_buffer.c **** 		mtCOVERAGE_TEST_MARKER();
 844:Middlewares/Third_Party/FreeRTOS/Source/stream_buffer.c **** 	}
 845:Middlewares/Third_Party/FreeRTOS/Source/stream_buffer.c **** 
 846:Middlewares/Third_Party/FreeRTOS/Source/stream_buffer.c **** 	traceSTREAM_BUFFER_RECEIVE_FROM_ISR( xStreamBuffer, xReceivedLength );
 847:Middlewares/Third_Party/FreeRTOS/Source/stream_buffer.c **** 
 848:Middlewares/Third_Party/FreeRTOS/Source/stream_buffer.c **** 	return xReceivedLength;
 849:Middlewares/Third_Party/FreeRTOS/Source/stream_buffer.c **** }
 850:Middlewares/Third_Party/FreeRTOS/Source/stream_buffer.c **** /*-----------------------------------------------------------*/
 851:Middlewares/Third_Party/FreeRTOS/Source/stream_buffer.c **** 
 852:Middlewares/Third_Party/FreeRTOS/Source/stream_buffer.c **** static size_t prvReadMessageFromBuffer( StreamBuffer_t *pxStreamBuffer,
 853:Middlewares/Third_Party/FreeRTOS/Source/stream_buffer.c **** 										void *pvRxData,
 854:Middlewares/Third_Party/FreeRTOS/Source/stream_buffer.c **** 										size_t xBufferLengthBytes,
 855:Middlewares/Third_Party/FreeRTOS/Source/stream_buffer.c **** 										size_t xBytesAvailable,
 856:Middlewares/Third_Party/FreeRTOS/Source/stream_buffer.c **** 										size_t xBytesToStoreMessageLength )
 857:Middlewares/Third_Party/FreeRTOS/Source/stream_buffer.c **** {
 858:Middlewares/Third_Party/FreeRTOS/Source/stream_buffer.c **** size_t xOriginalTail, xReceivedLength, xNextMessageLength;
 859:Middlewares/Third_Party/FreeRTOS/Source/stream_buffer.c **** 
 860:Middlewares/Third_Party/FreeRTOS/Source/stream_buffer.c **** 	if( xBytesToStoreMessageLength != ( size_t ) 0 )
 861:Middlewares/Third_Party/FreeRTOS/Source/stream_buffer.c **** 	{
 862:Middlewares/Third_Party/FreeRTOS/Source/stream_buffer.c **** 		/* A discrete message is being received.  First receive the length
 863:Middlewares/Third_Party/FreeRTOS/Source/stream_buffer.c **** 		of the message.  A copy of the tail is stored so the buffer can be
 864:Middlewares/Third_Party/FreeRTOS/Source/stream_buffer.c **** 		returned to its prior state if the length of the message is too
 865:Middlewares/Third_Party/FreeRTOS/Source/stream_buffer.c **** 		large for the provided buffer. */
 866:Middlewares/Third_Party/FreeRTOS/Source/stream_buffer.c **** 		xOriginalTail = pxStreamBuffer->xTail;
 867:Middlewares/Third_Party/FreeRTOS/Source/stream_buffer.c **** 		( void ) prvReadBytesFromBuffer( pxStreamBuffer, ( uint8_t * ) &xNextMessageLength, xBytesToStore
 868:Middlewares/Third_Party/FreeRTOS/Source/stream_buffer.c **** 
 869:Middlewares/Third_Party/FreeRTOS/Source/stream_buffer.c **** 		/* Reduce the number of bytes available by the number of bytes just
 870:Middlewares/Third_Party/FreeRTOS/Source/stream_buffer.c **** 		read out. */
 871:Middlewares/Third_Party/FreeRTOS/Source/stream_buffer.c **** 		xBytesAvailable -= xBytesToStoreMessageLength;
 872:Middlewares/Third_Party/FreeRTOS/Source/stream_buffer.c **** 
 873:Middlewares/Third_Party/FreeRTOS/Source/stream_buffer.c **** 		/* Check there is enough space in the buffer provided by the
 874:Middlewares/Third_Party/FreeRTOS/Source/stream_buffer.c **** 		user. */
 875:Middlewares/Third_Party/FreeRTOS/Source/stream_buffer.c **** 		if( xNextMessageLength > xBufferLengthBytes )
 876:Middlewares/Third_Party/FreeRTOS/Source/stream_buffer.c **** 		{
 877:Middlewares/Third_Party/FreeRTOS/Source/stream_buffer.c **** 			/* The user has provided insufficient space to read the message
 878:Middlewares/Third_Party/FreeRTOS/Source/stream_buffer.c **** 			so return the buffer to its previous state (so the length of
 879:Middlewares/Third_Party/FreeRTOS/Source/stream_buffer.c **** 			the message is in the buffer again). */
 880:Middlewares/Third_Party/FreeRTOS/Source/stream_buffer.c **** 			pxStreamBuffer->xTail = xOriginalTail;
 881:Middlewares/Third_Party/FreeRTOS/Source/stream_buffer.c **** 			xNextMessageLength = 0;
 882:Middlewares/Third_Party/FreeRTOS/Source/stream_buffer.c **** 		}
 883:Middlewares/Third_Party/FreeRTOS/Source/stream_buffer.c **** 		else
 884:Middlewares/Third_Party/FreeRTOS/Source/stream_buffer.c **** 		{
 885:Middlewares/Third_Party/FreeRTOS/Source/stream_buffer.c **** 			mtCOVERAGE_TEST_MARKER();
ARM GAS  C:\Users\31005\AppData\Local\Temp\ccLRqEhz.s 			page 17


 886:Middlewares/Third_Party/FreeRTOS/Source/stream_buffer.c **** 		}
 887:Middlewares/Third_Party/FreeRTOS/Source/stream_buffer.c **** 	}
 888:Middlewares/Third_Party/FreeRTOS/Source/stream_buffer.c **** 	else
 889:Middlewares/Third_Party/FreeRTOS/Source/stream_buffer.c **** 	{
 890:Middlewares/Third_Party/FreeRTOS/Source/stream_buffer.c **** 		/* A stream of bytes is being received (as opposed to a discrete
 891:Middlewares/Third_Party/FreeRTOS/Source/stream_buffer.c **** 		message), so read as many bytes as possible. */
 892:Middlewares/Third_Party/FreeRTOS/Source/stream_buffer.c **** 		xNextMessageLength = xBufferLengthBytes;
 893:Middlewares/Third_Party/FreeRTOS/Source/stream_buffer.c **** 	}
 894:Middlewares/Third_Party/FreeRTOS/Source/stream_buffer.c **** 
 895:Middlewares/Third_Party/FreeRTOS/Source/stream_buffer.c **** 	/* Read the actual data. */
 896:Middlewares/Third_Party/FreeRTOS/Source/stream_buffer.c **** 	xReceivedLength = prvReadBytesFromBuffer( pxStreamBuffer, ( uint8_t * ) pvRxData, xNextMessageLeng
 897:Middlewares/Third_Party/FreeRTOS/Source/stream_buffer.c **** 
 898:Middlewares/Third_Party/FreeRTOS/Source/stream_buffer.c **** 	return xReceivedLength;
 899:Middlewares/Third_Party/FreeRTOS/Source/stream_buffer.c **** }
 900:Middlewares/Third_Party/FreeRTOS/Source/stream_buffer.c **** /*-----------------------------------------------------------*/
 901:Middlewares/Third_Party/FreeRTOS/Source/stream_buffer.c **** 
 902:Middlewares/Third_Party/FreeRTOS/Source/stream_buffer.c **** BaseType_t xStreamBufferIsEmpty( StreamBufferHandle_t xStreamBuffer )
 903:Middlewares/Third_Party/FreeRTOS/Source/stream_buffer.c **** {
 904:Middlewares/Third_Party/FreeRTOS/Source/stream_buffer.c **** const StreamBuffer_t * const pxStreamBuffer = ( StreamBuffer_t * ) xStreamBuffer; /*lint !e9087 !e9
 905:Middlewares/Third_Party/FreeRTOS/Source/stream_buffer.c **** BaseType_t xReturn;
 906:Middlewares/Third_Party/FreeRTOS/Source/stream_buffer.c **** size_t xTail;
 907:Middlewares/Third_Party/FreeRTOS/Source/stream_buffer.c **** 
 908:Middlewares/Third_Party/FreeRTOS/Source/stream_buffer.c **** 	configASSERT( pxStreamBuffer );
 909:Middlewares/Third_Party/FreeRTOS/Source/stream_buffer.c **** 
 910:Middlewares/Third_Party/FreeRTOS/Source/stream_buffer.c **** 	/* True if no bytes are available. */
 911:Middlewares/Third_Party/FreeRTOS/Source/stream_buffer.c **** 	xTail = pxStreamBuffer->xTail;
 912:Middlewares/Third_Party/FreeRTOS/Source/stream_buffer.c **** 	if( pxStreamBuffer->xHead == xTail )
 913:Middlewares/Third_Party/FreeRTOS/Source/stream_buffer.c **** 	{
 914:Middlewares/Third_Party/FreeRTOS/Source/stream_buffer.c **** 		xReturn = pdTRUE;
 915:Middlewares/Third_Party/FreeRTOS/Source/stream_buffer.c **** 	}
 916:Middlewares/Third_Party/FreeRTOS/Source/stream_buffer.c **** 	else
 917:Middlewares/Third_Party/FreeRTOS/Source/stream_buffer.c **** 	{
 918:Middlewares/Third_Party/FreeRTOS/Source/stream_buffer.c **** 		xReturn = pdFALSE;
 919:Middlewares/Third_Party/FreeRTOS/Source/stream_buffer.c **** 	}
 920:Middlewares/Third_Party/FreeRTOS/Source/stream_buffer.c **** 
 921:Middlewares/Third_Party/FreeRTOS/Source/stream_buffer.c **** 	return xReturn;
 922:Middlewares/Third_Party/FreeRTOS/Source/stream_buffer.c **** }
 923:Middlewares/Third_Party/FreeRTOS/Source/stream_buffer.c **** /*-----------------------------------------------------------*/
 924:Middlewares/Third_Party/FreeRTOS/Source/stream_buffer.c **** 
 925:Middlewares/Third_Party/FreeRTOS/Source/stream_buffer.c **** BaseType_t xStreamBufferIsFull( StreamBufferHandle_t xStreamBuffer )
 926:Middlewares/Third_Party/FreeRTOS/Source/stream_buffer.c **** {
 927:Middlewares/Third_Party/FreeRTOS/Source/stream_buffer.c **** BaseType_t xReturn;
 928:Middlewares/Third_Party/FreeRTOS/Source/stream_buffer.c **** size_t xBytesToStoreMessageLength;
 929:Middlewares/Third_Party/FreeRTOS/Source/stream_buffer.c **** const StreamBuffer_t * const pxStreamBuffer = ( StreamBuffer_t * ) xStreamBuffer; /*lint !e9087 !e9
 930:Middlewares/Third_Party/FreeRTOS/Source/stream_buffer.c **** 
 931:Middlewares/Third_Party/FreeRTOS/Source/stream_buffer.c **** 	configASSERT( pxStreamBuffer );
 932:Middlewares/Third_Party/FreeRTOS/Source/stream_buffer.c **** 
 933:Middlewares/Third_Party/FreeRTOS/Source/stream_buffer.c **** 	/* This generic version of the receive function is used by both message
 934:Middlewares/Third_Party/FreeRTOS/Source/stream_buffer.c **** 	buffers, which store discrete messages, and stream buffers, which store a
 935:Middlewares/Third_Party/FreeRTOS/Source/stream_buffer.c **** 	continuous stream of bytes.  Discrete messages include an additional
 936:Middlewares/Third_Party/FreeRTOS/Source/stream_buffer.c **** 	sbBYTES_TO_STORE_MESSAGE_LENGTH bytes that hold the length of the message. */
 937:Middlewares/Third_Party/FreeRTOS/Source/stream_buffer.c **** 	if( ( pxStreamBuffer->ucFlags & sbFLAGS_IS_MESSAGE_BUFFER ) != ( uint8_t ) 0 )
 938:Middlewares/Third_Party/FreeRTOS/Source/stream_buffer.c **** 	{
 939:Middlewares/Third_Party/FreeRTOS/Source/stream_buffer.c **** 		xBytesToStoreMessageLength = sbBYTES_TO_STORE_MESSAGE_LENGTH;
 940:Middlewares/Third_Party/FreeRTOS/Source/stream_buffer.c **** 	}
 941:Middlewares/Third_Party/FreeRTOS/Source/stream_buffer.c **** 	else
 942:Middlewares/Third_Party/FreeRTOS/Source/stream_buffer.c **** 	{
ARM GAS  C:\Users\31005\AppData\Local\Temp\ccLRqEhz.s 			page 18


 943:Middlewares/Third_Party/FreeRTOS/Source/stream_buffer.c **** 		xBytesToStoreMessageLength = 0;
 944:Middlewares/Third_Party/FreeRTOS/Source/stream_buffer.c **** 	}
 945:Middlewares/Third_Party/FreeRTOS/Source/stream_buffer.c **** 
 946:Middlewares/Third_Party/FreeRTOS/Source/stream_buffer.c **** 	/* True if the available space equals zero. */
 947:Middlewares/Third_Party/FreeRTOS/Source/stream_buffer.c **** 	if( xStreamBufferSpacesAvailable( xStreamBuffer ) <= xBytesToStoreMessageLength )
 948:Middlewares/Third_Party/FreeRTOS/Source/stream_buffer.c **** 	{
 949:Middlewares/Third_Party/FreeRTOS/Source/stream_buffer.c **** 		xReturn = pdTRUE;
 950:Middlewares/Third_Party/FreeRTOS/Source/stream_buffer.c **** 	}
 951:Middlewares/Third_Party/FreeRTOS/Source/stream_buffer.c **** 	else
 952:Middlewares/Third_Party/FreeRTOS/Source/stream_buffer.c **** 	{
 953:Middlewares/Third_Party/FreeRTOS/Source/stream_buffer.c **** 		xReturn = pdFALSE;
 954:Middlewares/Third_Party/FreeRTOS/Source/stream_buffer.c **** 	}
 955:Middlewares/Third_Party/FreeRTOS/Source/stream_buffer.c **** 
 956:Middlewares/Third_Party/FreeRTOS/Source/stream_buffer.c **** 	return xReturn;
 957:Middlewares/Third_Party/FreeRTOS/Source/stream_buffer.c **** }
 958:Middlewares/Third_Party/FreeRTOS/Source/stream_buffer.c **** /*-----------------------------------------------------------*/
 959:Middlewares/Third_Party/FreeRTOS/Source/stream_buffer.c **** 
 960:Middlewares/Third_Party/FreeRTOS/Source/stream_buffer.c **** BaseType_t xStreamBufferSendCompletedFromISR( StreamBufferHandle_t xStreamBuffer, BaseType_t *pxHig
 961:Middlewares/Third_Party/FreeRTOS/Source/stream_buffer.c **** {
 962:Middlewares/Third_Party/FreeRTOS/Source/stream_buffer.c **** StreamBuffer_t * const pxStreamBuffer = ( StreamBuffer_t * ) xStreamBuffer; /*lint !e9087 !e9079 Sa
 963:Middlewares/Third_Party/FreeRTOS/Source/stream_buffer.c **** BaseType_t xReturn;
 964:Middlewares/Third_Party/FreeRTOS/Source/stream_buffer.c **** UBaseType_t uxSavedInterruptStatus;
 965:Middlewares/Third_Party/FreeRTOS/Source/stream_buffer.c **** 
 966:Middlewares/Third_Party/FreeRTOS/Source/stream_buffer.c **** 	configASSERT( pxStreamBuffer );
 967:Middlewares/Third_Party/FreeRTOS/Source/stream_buffer.c **** 
 968:Middlewares/Third_Party/FreeRTOS/Source/stream_buffer.c **** 	uxSavedInterruptStatus = ( UBaseType_t ) portSET_INTERRUPT_MASK_FROM_ISR();
 969:Middlewares/Third_Party/FreeRTOS/Source/stream_buffer.c **** 	{
 970:Middlewares/Third_Party/FreeRTOS/Source/stream_buffer.c **** 		if( ( pxStreamBuffer )->xTaskWaitingToReceive != NULL )
 971:Middlewares/Third_Party/FreeRTOS/Source/stream_buffer.c **** 		{
 972:Middlewares/Third_Party/FreeRTOS/Source/stream_buffer.c **** 			( void ) xTaskNotifyFromISR( ( pxStreamBuffer )->xTaskWaitingToReceive,
 973:Middlewares/Third_Party/FreeRTOS/Source/stream_buffer.c **** 										 ( uint32_t ) 0,
 974:Middlewares/Third_Party/FreeRTOS/Source/stream_buffer.c **** 										 eNoAction,
 975:Middlewares/Third_Party/FreeRTOS/Source/stream_buffer.c **** 										 pxHigherPriorityTaskWoken );
 976:Middlewares/Third_Party/FreeRTOS/Source/stream_buffer.c **** 			( pxStreamBuffer )->xTaskWaitingToReceive = NULL;
 977:Middlewares/Third_Party/FreeRTOS/Source/stream_buffer.c **** 			xReturn = pdTRUE;
 978:Middlewares/Third_Party/FreeRTOS/Source/stream_buffer.c **** 		}
 979:Middlewares/Third_Party/FreeRTOS/Source/stream_buffer.c **** 		else
 980:Middlewares/Third_Party/FreeRTOS/Source/stream_buffer.c **** 		{
 981:Middlewares/Third_Party/FreeRTOS/Source/stream_buffer.c **** 			xReturn = pdFALSE;
 982:Middlewares/Third_Party/FreeRTOS/Source/stream_buffer.c **** 		}
 983:Middlewares/Third_Party/FreeRTOS/Source/stream_buffer.c **** 	}
 984:Middlewares/Third_Party/FreeRTOS/Source/stream_buffer.c **** 	portCLEAR_INTERRUPT_MASK_FROM_ISR( uxSavedInterruptStatus );
 985:Middlewares/Third_Party/FreeRTOS/Source/stream_buffer.c **** 
 986:Middlewares/Third_Party/FreeRTOS/Source/stream_buffer.c **** 	return xReturn;
 987:Middlewares/Third_Party/FreeRTOS/Source/stream_buffer.c **** }
 988:Middlewares/Third_Party/FreeRTOS/Source/stream_buffer.c **** /*-----------------------------------------------------------*/
 989:Middlewares/Third_Party/FreeRTOS/Source/stream_buffer.c **** 
 990:Middlewares/Third_Party/FreeRTOS/Source/stream_buffer.c **** BaseType_t xStreamBufferReceiveCompletedFromISR( StreamBufferHandle_t xStreamBuffer, BaseType_t *px
 991:Middlewares/Third_Party/FreeRTOS/Source/stream_buffer.c **** {
 992:Middlewares/Third_Party/FreeRTOS/Source/stream_buffer.c **** StreamBuffer_t * const pxStreamBuffer = ( StreamBuffer_t * ) xStreamBuffer; /*lint !e9087 !e9079 Sa
 993:Middlewares/Third_Party/FreeRTOS/Source/stream_buffer.c **** BaseType_t xReturn;
 994:Middlewares/Third_Party/FreeRTOS/Source/stream_buffer.c **** UBaseType_t uxSavedInterruptStatus;
 995:Middlewares/Third_Party/FreeRTOS/Source/stream_buffer.c **** 
 996:Middlewares/Third_Party/FreeRTOS/Source/stream_buffer.c **** 	configASSERT( pxStreamBuffer );
 997:Middlewares/Third_Party/FreeRTOS/Source/stream_buffer.c **** 
 998:Middlewares/Third_Party/FreeRTOS/Source/stream_buffer.c **** 	uxSavedInterruptStatus = ( UBaseType_t ) portSET_INTERRUPT_MASK_FROM_ISR();
 999:Middlewares/Third_Party/FreeRTOS/Source/stream_buffer.c **** 	{
ARM GAS  C:\Users\31005\AppData\Local\Temp\ccLRqEhz.s 			page 19


1000:Middlewares/Third_Party/FreeRTOS/Source/stream_buffer.c **** 		if( ( pxStreamBuffer )->xTaskWaitingToSend != NULL )
1001:Middlewares/Third_Party/FreeRTOS/Source/stream_buffer.c **** 		{
1002:Middlewares/Third_Party/FreeRTOS/Source/stream_buffer.c **** 			( void ) xTaskNotifyFromISR( ( pxStreamBuffer )->xTaskWaitingToSend,
1003:Middlewares/Third_Party/FreeRTOS/Source/stream_buffer.c **** 										 ( uint32_t ) 0,
1004:Middlewares/Third_Party/FreeRTOS/Source/stream_buffer.c **** 										 eNoAction,
1005:Middlewares/Third_Party/FreeRTOS/Source/stream_buffer.c **** 										 pxHigherPriorityTaskWoken );
1006:Middlewares/Third_Party/FreeRTOS/Source/stream_buffer.c **** 			( pxStreamBuffer )->xTaskWaitingToSend = NULL;
1007:Middlewares/Third_Party/FreeRTOS/Source/stream_buffer.c **** 			xReturn = pdTRUE;
1008:Middlewares/Third_Party/FreeRTOS/Source/stream_buffer.c **** 		}
1009:Middlewares/Third_Party/FreeRTOS/Source/stream_buffer.c **** 		else
1010:Middlewares/Third_Party/FreeRTOS/Source/stream_buffer.c **** 		{
1011:Middlewares/Third_Party/FreeRTOS/Source/stream_buffer.c **** 			xReturn = pdFALSE;
1012:Middlewares/Third_Party/FreeRTOS/Source/stream_buffer.c **** 		}
1013:Middlewares/Third_Party/FreeRTOS/Source/stream_buffer.c **** 	}
1014:Middlewares/Third_Party/FreeRTOS/Source/stream_buffer.c **** 	portCLEAR_INTERRUPT_MASK_FROM_ISR( uxSavedInterruptStatus );
1015:Middlewares/Third_Party/FreeRTOS/Source/stream_buffer.c **** 
1016:Middlewares/Third_Party/FreeRTOS/Source/stream_buffer.c **** 	return xReturn;
1017:Middlewares/Third_Party/FreeRTOS/Source/stream_buffer.c **** }
1018:Middlewares/Third_Party/FreeRTOS/Source/stream_buffer.c **** /*-----------------------------------------------------------*/
1019:Middlewares/Third_Party/FreeRTOS/Source/stream_buffer.c **** 
1020:Middlewares/Third_Party/FreeRTOS/Source/stream_buffer.c **** static size_t prvWriteBytesToBuffer( StreamBuffer_t * const pxStreamBuffer, const uint8_t *pucData,
1021:Middlewares/Third_Party/FreeRTOS/Source/stream_buffer.c **** {
1022:Middlewares/Third_Party/FreeRTOS/Source/stream_buffer.c **** size_t xNextHead, xFirstLength;
1023:Middlewares/Third_Party/FreeRTOS/Source/stream_buffer.c **** 
1024:Middlewares/Third_Party/FreeRTOS/Source/stream_buffer.c **** 	configASSERT( xCount > ( size_t ) 0 );
1025:Middlewares/Third_Party/FreeRTOS/Source/stream_buffer.c **** 
1026:Middlewares/Third_Party/FreeRTOS/Source/stream_buffer.c **** 	xNextHead = pxStreamBuffer->xHead;
1027:Middlewares/Third_Party/FreeRTOS/Source/stream_buffer.c **** 
1028:Middlewares/Third_Party/FreeRTOS/Source/stream_buffer.c **** 	/* Calculate the number of bytes that can be added in the first write -
1029:Middlewares/Third_Party/FreeRTOS/Source/stream_buffer.c **** 	which may be less than the total number of bytes that need to be added if
1030:Middlewares/Third_Party/FreeRTOS/Source/stream_buffer.c **** 	the buffer will wrap back to the beginning. */
1031:Middlewares/Third_Party/FreeRTOS/Source/stream_buffer.c **** 	xFirstLength = configMIN( pxStreamBuffer->xLength - xNextHead, xCount );
1032:Middlewares/Third_Party/FreeRTOS/Source/stream_buffer.c **** 
1033:Middlewares/Third_Party/FreeRTOS/Source/stream_buffer.c **** 	/* Write as many bytes as can be written in the first write. */
1034:Middlewares/Third_Party/FreeRTOS/Source/stream_buffer.c **** 	configASSERT( ( xNextHead + xFirstLength ) <= pxStreamBuffer->xLength );
1035:Middlewares/Third_Party/FreeRTOS/Source/stream_buffer.c **** 	memcpy( ( void* ) ( &( pxStreamBuffer->pucBuffer[ xNextHead ] ) ), ( const void * ) pucData, xFirs
1036:Middlewares/Third_Party/FreeRTOS/Source/stream_buffer.c **** 
1037:Middlewares/Third_Party/FreeRTOS/Source/stream_buffer.c **** 	/* If the number of bytes written was less than the number that could be
1038:Middlewares/Third_Party/FreeRTOS/Source/stream_buffer.c **** 	written in the first write... */
1039:Middlewares/Third_Party/FreeRTOS/Source/stream_buffer.c **** 	if( xCount > xFirstLength )
1040:Middlewares/Third_Party/FreeRTOS/Source/stream_buffer.c **** 	{
1041:Middlewares/Third_Party/FreeRTOS/Source/stream_buffer.c **** 		/* ...then write the remaining bytes to the start of the buffer. */
1042:Middlewares/Third_Party/FreeRTOS/Source/stream_buffer.c **** 		configASSERT( ( xCount - xFirstLength ) <= pxStreamBuffer->xLength );
1043:Middlewares/Third_Party/FreeRTOS/Source/stream_buffer.c **** 		memcpy( ( void * ) pxStreamBuffer->pucBuffer, ( const void * ) &( pucData[ xFirstLength ] ), xCou
1044:Middlewares/Third_Party/FreeRTOS/Source/stream_buffer.c **** 	}
1045:Middlewares/Third_Party/FreeRTOS/Source/stream_buffer.c **** 	else
1046:Middlewares/Third_Party/FreeRTOS/Source/stream_buffer.c **** 	{
1047:Middlewares/Third_Party/FreeRTOS/Source/stream_buffer.c **** 		mtCOVERAGE_TEST_MARKER();
1048:Middlewares/Third_Party/FreeRTOS/Source/stream_buffer.c **** 	}
1049:Middlewares/Third_Party/FreeRTOS/Source/stream_buffer.c **** 
1050:Middlewares/Third_Party/FreeRTOS/Source/stream_buffer.c **** 	xNextHead += xCount;
1051:Middlewares/Third_Party/FreeRTOS/Source/stream_buffer.c **** 	if( xNextHead >= pxStreamBuffer->xLength )
1052:Middlewares/Third_Party/FreeRTOS/Source/stream_buffer.c **** 	{
1053:Middlewares/Third_Party/FreeRTOS/Source/stream_buffer.c **** 		xNextHead -= pxStreamBuffer->xLength;
1054:Middlewares/Third_Party/FreeRTOS/Source/stream_buffer.c **** 	}
1055:Middlewares/Third_Party/FreeRTOS/Source/stream_buffer.c **** 	else
1056:Middlewares/Third_Party/FreeRTOS/Source/stream_buffer.c **** 	{
ARM GAS  C:\Users\31005\AppData\Local\Temp\ccLRqEhz.s 			page 20


1057:Middlewares/Third_Party/FreeRTOS/Source/stream_buffer.c **** 		mtCOVERAGE_TEST_MARKER();
1058:Middlewares/Third_Party/FreeRTOS/Source/stream_buffer.c **** 	}
1059:Middlewares/Third_Party/FreeRTOS/Source/stream_buffer.c **** 
1060:Middlewares/Third_Party/FreeRTOS/Source/stream_buffer.c **** 	pxStreamBuffer->xHead = xNextHead;
1061:Middlewares/Third_Party/FreeRTOS/Source/stream_buffer.c **** 
1062:Middlewares/Third_Party/FreeRTOS/Source/stream_buffer.c **** 	return xCount;
1063:Middlewares/Third_Party/FreeRTOS/Source/stream_buffer.c **** }
1064:Middlewares/Third_Party/FreeRTOS/Source/stream_buffer.c **** /*-----------------------------------------------------------*/
1065:Middlewares/Third_Party/FreeRTOS/Source/stream_buffer.c **** 
1066:Middlewares/Third_Party/FreeRTOS/Source/stream_buffer.c **** static size_t prvReadBytesFromBuffer( StreamBuffer_t *pxStreamBuffer, uint8_t *pucData, size_t xMax
1067:Middlewares/Third_Party/FreeRTOS/Source/stream_buffer.c **** {
1068:Middlewares/Third_Party/FreeRTOS/Source/stream_buffer.c **** size_t xCount, xFirstLength, xNextTail;
1069:Middlewares/Third_Party/FreeRTOS/Source/stream_buffer.c **** 
1070:Middlewares/Third_Party/FreeRTOS/Source/stream_buffer.c **** 	/* Use the minimum of the wanted bytes and the available bytes. */
1071:Middlewares/Third_Party/FreeRTOS/Source/stream_buffer.c **** 	xCount = configMIN( xBytesAvailable, xMaxCount );
1072:Middlewares/Third_Party/FreeRTOS/Source/stream_buffer.c **** 
1073:Middlewares/Third_Party/FreeRTOS/Source/stream_buffer.c **** 	if( xCount > ( size_t ) 0 )
1074:Middlewares/Third_Party/FreeRTOS/Source/stream_buffer.c **** 	{
1075:Middlewares/Third_Party/FreeRTOS/Source/stream_buffer.c **** 		xNextTail = pxStreamBuffer->xTail;
1076:Middlewares/Third_Party/FreeRTOS/Source/stream_buffer.c **** 
1077:Middlewares/Third_Party/FreeRTOS/Source/stream_buffer.c **** 		/* Calculate the number of bytes that can be read - which may be
1078:Middlewares/Third_Party/FreeRTOS/Source/stream_buffer.c **** 		less than the number wanted if the data wraps around to the start of
1079:Middlewares/Third_Party/FreeRTOS/Source/stream_buffer.c **** 		the buffer. */
1080:Middlewares/Third_Party/FreeRTOS/Source/stream_buffer.c **** 		xFirstLength = configMIN( pxStreamBuffer->xLength - xNextTail, xCount );
1081:Middlewares/Third_Party/FreeRTOS/Source/stream_buffer.c **** 
1082:Middlewares/Third_Party/FreeRTOS/Source/stream_buffer.c **** 		/* Obtain the number of bytes it is possible to obtain in the first
1083:Middlewares/Third_Party/FreeRTOS/Source/stream_buffer.c **** 		read.  Asserts check bounds of read and write. */
1084:Middlewares/Third_Party/FreeRTOS/Source/stream_buffer.c **** 		configASSERT( xFirstLength <= xMaxCount );
1085:Middlewares/Third_Party/FreeRTOS/Source/stream_buffer.c **** 		configASSERT( ( xNextTail + xFirstLength ) <= pxStreamBuffer->xLength );
1086:Middlewares/Third_Party/FreeRTOS/Source/stream_buffer.c **** 		memcpy( ( void * ) pucData, ( const void * ) &( pxStreamBuffer->pucBuffer[ xNextTail ] ), xFirstL
1087:Middlewares/Third_Party/FreeRTOS/Source/stream_buffer.c **** 
1088:Middlewares/Third_Party/FreeRTOS/Source/stream_buffer.c **** 		/* If the total number of wanted bytes is greater than the number
1089:Middlewares/Third_Party/FreeRTOS/Source/stream_buffer.c **** 		that could be read in the first read... */
1090:Middlewares/Third_Party/FreeRTOS/Source/stream_buffer.c **** 		if( xCount > xFirstLength )
1091:Middlewares/Third_Party/FreeRTOS/Source/stream_buffer.c **** 		{
1092:Middlewares/Third_Party/FreeRTOS/Source/stream_buffer.c **** 			/*...then read the remaining bytes from the start of the buffer. */
1093:Middlewares/Third_Party/FreeRTOS/Source/stream_buffer.c **** 			configASSERT( xCount <= xMaxCount );
1094:Middlewares/Third_Party/FreeRTOS/Source/stream_buffer.c **** 			memcpy( ( void * ) &( pucData[ xFirstLength ] ), ( void * ) ( pxStreamBuffer->pucBuffer ), xCoun
1095:Middlewares/Third_Party/FreeRTOS/Source/stream_buffer.c **** 		}
1096:Middlewares/Third_Party/FreeRTOS/Source/stream_buffer.c **** 		else
1097:Middlewares/Third_Party/FreeRTOS/Source/stream_buffer.c **** 		{
1098:Middlewares/Third_Party/FreeRTOS/Source/stream_buffer.c **** 			mtCOVERAGE_TEST_MARKER();
1099:Middlewares/Third_Party/FreeRTOS/Source/stream_buffer.c **** 		}
1100:Middlewares/Third_Party/FreeRTOS/Source/stream_buffer.c **** 
1101:Middlewares/Third_Party/FreeRTOS/Source/stream_buffer.c **** 		/* Move the tail pointer to effectively remove the data read from
1102:Middlewares/Third_Party/FreeRTOS/Source/stream_buffer.c **** 		the buffer. */
1103:Middlewares/Third_Party/FreeRTOS/Source/stream_buffer.c **** 		xNextTail += xCount;
1104:Middlewares/Third_Party/FreeRTOS/Source/stream_buffer.c **** 
1105:Middlewares/Third_Party/FreeRTOS/Source/stream_buffer.c **** 		if( xNextTail >= pxStreamBuffer->xLength )
1106:Middlewares/Third_Party/FreeRTOS/Source/stream_buffer.c **** 		{
1107:Middlewares/Third_Party/FreeRTOS/Source/stream_buffer.c **** 			xNextTail -= pxStreamBuffer->xLength;
1108:Middlewares/Third_Party/FreeRTOS/Source/stream_buffer.c **** 		}
1109:Middlewares/Third_Party/FreeRTOS/Source/stream_buffer.c **** 
1110:Middlewares/Third_Party/FreeRTOS/Source/stream_buffer.c **** 		pxStreamBuffer->xTail = xNextTail;
1111:Middlewares/Third_Party/FreeRTOS/Source/stream_buffer.c **** 	}
1112:Middlewares/Third_Party/FreeRTOS/Source/stream_buffer.c **** 	else
1113:Middlewares/Third_Party/FreeRTOS/Source/stream_buffer.c **** 	{
ARM GAS  C:\Users\31005\AppData\Local\Temp\ccLRqEhz.s 			page 21


1114:Middlewares/Third_Party/FreeRTOS/Source/stream_buffer.c **** 		mtCOVERAGE_TEST_MARKER();
1115:Middlewares/Third_Party/FreeRTOS/Source/stream_buffer.c **** 	}
1116:Middlewares/Third_Party/FreeRTOS/Source/stream_buffer.c **** 
1117:Middlewares/Third_Party/FreeRTOS/Source/stream_buffer.c **** 	return xCount;
1118:Middlewares/Third_Party/FreeRTOS/Source/stream_buffer.c **** }
1119:Middlewares/Third_Party/FreeRTOS/Source/stream_buffer.c **** /*-----------------------------------------------------------*/
1120:Middlewares/Third_Party/FreeRTOS/Source/stream_buffer.c **** 
1121:Middlewares/Third_Party/FreeRTOS/Source/stream_buffer.c **** static size_t prvBytesInBuffer( const StreamBuffer_t * const pxStreamBuffer )
1122:Middlewares/Third_Party/FreeRTOS/Source/stream_buffer.c **** {
  29              		.loc 1 1122 1 view -0
  30              		.cfi_startproc
  31              		@ args = 0, pretend = 0, frame = 0
  32              		@ frame_needed = 0, uses_anonymous_args = 0
  33              		@ link register save eliminated.
1123:Middlewares/Third_Party/FreeRTOS/Source/stream_buffer.c **** /* Returns the distance between xTail and xHead. */
1124:Middlewares/Third_Party/FreeRTOS/Source/stream_buffer.c **** size_t xCount;
  34              		.loc 1 1124 1 view .LVU1
1125:Middlewares/Third_Party/FreeRTOS/Source/stream_buffer.c **** 
1126:Middlewares/Third_Party/FreeRTOS/Source/stream_buffer.c **** 	xCount = pxStreamBuffer->xLength + pxStreamBuffer->xHead;
  35              		.loc 1 1126 2 view .LVU2
  36              		.loc 1 1126 25 is_stmt 0 view .LVU3
  37 0000 8268     		ldr	r2, [r0, #8]
  38              		.loc 1 1126 51 view .LVU4
  39 0002 4368     		ldr	r3, [r0, #4]
  40              		.loc 1 1126 9 view .LVU5
  41 0004 1344     		add	r3, r3, r2
  42              	.LVL1:
1127:Middlewares/Third_Party/FreeRTOS/Source/stream_buffer.c **** 	xCount -= pxStreamBuffer->xTail;
  43              		.loc 1 1127 2 is_stmt 1 view .LVU6
  44              		.loc 1 1127 26 is_stmt 0 view .LVU7
  45 0006 0068     		ldr	r0, [r0]
  46              	.LVL2:
  47              		.loc 1 1127 9 view .LVU8
  48 0008 181A     		subs	r0, r3, r0
  49              	.LVL3:
1128:Middlewares/Third_Party/FreeRTOS/Source/stream_buffer.c **** 	if ( xCount >= pxStreamBuffer->xLength )
  50              		.loc 1 1128 2 is_stmt 1 view .LVU9
  51              		.loc 1 1128 5 is_stmt 0 view .LVU10
  52 000a 8242     		cmp	r2, r0
  53 000c 00D8     		bhi	.L1
1129:Middlewares/Third_Party/FreeRTOS/Source/stream_buffer.c **** 	{
1130:Middlewares/Third_Party/FreeRTOS/Source/stream_buffer.c **** 		xCount -= pxStreamBuffer->xLength;
  54              		.loc 1 1130 3 is_stmt 1 view .LVU11
  55              		.loc 1 1130 10 is_stmt 0 view .LVU12
  56 000e 801A     		subs	r0, r0, r2
  57              	.LVL4:
1131:Middlewares/Third_Party/FreeRTOS/Source/stream_buffer.c **** 	}
1132:Middlewares/Third_Party/FreeRTOS/Source/stream_buffer.c **** 	else
1133:Middlewares/Third_Party/FreeRTOS/Source/stream_buffer.c **** 	{
1134:Middlewares/Third_Party/FreeRTOS/Source/stream_buffer.c **** 		mtCOVERAGE_TEST_MARKER();
  58              		.loc 1 1134 27 is_stmt 1 view .LVU13
1135:Middlewares/Third_Party/FreeRTOS/Source/stream_buffer.c **** 	}
1136:Middlewares/Third_Party/FreeRTOS/Source/stream_buffer.c **** 
1137:Middlewares/Third_Party/FreeRTOS/Source/stream_buffer.c **** 	return xCount;
  59              		.loc 1 1137 2 view .LVU14
  60              	.L1:
1138:Middlewares/Third_Party/FreeRTOS/Source/stream_buffer.c **** }
ARM GAS  C:\Users\31005\AppData\Local\Temp\ccLRqEhz.s 			page 22


  61              		.loc 1 1138 1 is_stmt 0 view .LVU15
  62 0010 7047     		bx	lr
  63              		.cfi_endproc
  64              	.LFE23:
  66              		.section	.text.prvInitialiseNewStreamBuffer,"ax",%progbits
  67              		.align	1
  68              		.syntax unified
  69              		.thumb
  70              		.thumb_func
  72              	prvInitialiseNewStreamBuffer:
  73              	.LVL5:
  74              	.LFB24:
1139:Middlewares/Third_Party/FreeRTOS/Source/stream_buffer.c **** /*-----------------------------------------------------------*/
1140:Middlewares/Third_Party/FreeRTOS/Source/stream_buffer.c **** 
1141:Middlewares/Third_Party/FreeRTOS/Source/stream_buffer.c **** static void prvInitialiseNewStreamBuffer( StreamBuffer_t * const pxStreamBuffer,
1142:Middlewares/Third_Party/FreeRTOS/Source/stream_buffer.c **** 										  uint8_t * const pucBuffer,
1143:Middlewares/Third_Party/FreeRTOS/Source/stream_buffer.c **** 										  size_t xBufferSizeBytes,
1144:Middlewares/Third_Party/FreeRTOS/Source/stream_buffer.c **** 										  size_t xTriggerLevelBytes,
1145:Middlewares/Third_Party/FreeRTOS/Source/stream_buffer.c **** 										  BaseType_t xIsMessageBuffer )
1146:Middlewares/Third_Party/FreeRTOS/Source/stream_buffer.c **** {
  75              		.loc 1 1146 1 is_stmt 1 view -0
  76              		.cfi_startproc
  77              		@ args = 4, pretend = 0, frame = 0
  78              		@ frame_needed = 0, uses_anonymous_args = 0
  79              		.loc 1 1146 1 is_stmt 0 view .LVU17
  80 0000 F8B5     		push	{r3, r4, r5, r6, r7, lr}
  81              	.LCFI0:
  82              		.cfi_def_cfa_offset 24
  83              		.cfi_offset 3, -24
  84              		.cfi_offset 4, -20
  85              		.cfi_offset 5, -16
  86              		.cfi_offset 6, -12
  87              		.cfi_offset 7, -8
  88              		.cfi_offset 14, -4
  89 0002 0746     		mov	r7, r0
  90 0004 0C46     		mov	r4, r1
  91 0006 1646     		mov	r6, r2
  92 0008 1D46     		mov	r5, r3
  93              	.LBB88:
1147:Middlewares/Third_Party/FreeRTOS/Source/stream_buffer.c **** 	/* Assert here is deliberately writing to the entire buffer to ensure it can
1148:Middlewares/Third_Party/FreeRTOS/Source/stream_buffer.c **** 	be written to without generating exceptions, and is setting the buffer to a
1149:Middlewares/Third_Party/FreeRTOS/Source/stream_buffer.c **** 	known value to assist in development/debugging. */
1150:Middlewares/Third_Party/FreeRTOS/Source/stream_buffer.c **** 	#if( configASSERT_DEFINED == 1 )
1151:Middlewares/Third_Party/FreeRTOS/Source/stream_buffer.c **** 	{
1152:Middlewares/Third_Party/FreeRTOS/Source/stream_buffer.c **** 		/* The value written just has to be identifiable when looking at the
1153:Middlewares/Third_Party/FreeRTOS/Source/stream_buffer.c **** 		memory.  Don't use 0xA5 as that is the stack fill value and could
1154:Middlewares/Third_Party/FreeRTOS/Source/stream_buffer.c **** 		result in confusion as to what is actually being observed. */
1155:Middlewares/Third_Party/FreeRTOS/Source/stream_buffer.c **** 		const BaseType_t xWriteValue = 0x55;
  94              		.loc 1 1155 3 is_stmt 1 view .LVU18
  95              	.LVL6:
1156:Middlewares/Third_Party/FreeRTOS/Source/stream_buffer.c **** 		configASSERT( memset( pucBuffer, ( int ) xWriteValue, xBufferSizeBytes ) == pucBuffer );
  96              		.loc 1 1156 3 view .LVU19
  97 000a 5521     		movs	r1, #85
  98              	.LVL7:
  99              		.loc 1 1156 3 is_stmt 0 view .LVU20
 100 000c 2046     		mov	r0, r4
 101              	.LVL8:
ARM GAS  C:\Users\31005\AppData\Local\Temp\ccLRqEhz.s 			page 23


 102              		.loc 1 1156 3 view .LVU21
 103 000e FFF7FEFF 		bl	memset
 104              	.LVL9:
 105              		.loc 1 1156 3 view .LVU22
 106 0012 8442     		cmp	r4, r0
 107 0014 08D0     		beq	.L4
 108              		.loc 1 1156 3 is_stmt 1 view .LVU23
 109              	.LBB89:
 110              	.LBI89:
 111              		.file 2 "Middlewares/Third_Party/FreeRTOS/Source/portable/GCC/ARM_CM4F/portmacro.h"
   1:Middlewares/Third_Party/FreeRTOS/Source/portable/GCC/ARM_CM4F/portmacro.h **** /*
   2:Middlewares/Third_Party/FreeRTOS/Source/portable/GCC/ARM_CM4F/portmacro.h ****  * FreeRTOS Kernel V10.0.1
   3:Middlewares/Third_Party/FreeRTOS/Source/portable/GCC/ARM_CM4F/portmacro.h ****  * Copyright (C) 2017 Amazon.com, Inc. or its affiliates.  All Rights Reserved.
   4:Middlewares/Third_Party/FreeRTOS/Source/portable/GCC/ARM_CM4F/portmacro.h ****  *
   5:Middlewares/Third_Party/FreeRTOS/Source/portable/GCC/ARM_CM4F/portmacro.h ****  * Permission is hereby granted, free of charge, to any person obtaining a copy of
   6:Middlewares/Third_Party/FreeRTOS/Source/portable/GCC/ARM_CM4F/portmacro.h ****  * this software and associated documentation files (the "Software"), to deal in
   7:Middlewares/Third_Party/FreeRTOS/Source/portable/GCC/ARM_CM4F/portmacro.h ****  * the Software without restriction, including without limitation the rights to
   8:Middlewares/Third_Party/FreeRTOS/Source/portable/GCC/ARM_CM4F/portmacro.h ****  * use, copy, modify, merge, publish, distribute, sublicense, and/or sell copies of
   9:Middlewares/Third_Party/FreeRTOS/Source/portable/GCC/ARM_CM4F/portmacro.h ****  * the Software, and to permit persons to whom the Software is furnished to do so,
  10:Middlewares/Third_Party/FreeRTOS/Source/portable/GCC/ARM_CM4F/portmacro.h ****  * subject to the following conditions:
  11:Middlewares/Third_Party/FreeRTOS/Source/portable/GCC/ARM_CM4F/portmacro.h ****  *
  12:Middlewares/Third_Party/FreeRTOS/Source/portable/GCC/ARM_CM4F/portmacro.h ****  * The above copyright notice and this permission notice shall be included in all
  13:Middlewares/Third_Party/FreeRTOS/Source/portable/GCC/ARM_CM4F/portmacro.h ****  * copies or substantial portions of the Software.
  14:Middlewares/Third_Party/FreeRTOS/Source/portable/GCC/ARM_CM4F/portmacro.h ****  *
  15:Middlewares/Third_Party/FreeRTOS/Source/portable/GCC/ARM_CM4F/portmacro.h ****  * THE SOFTWARE IS PROVIDED "AS IS", WITHOUT WARRANTY OF ANY KIND, EXPRESS OR
  16:Middlewares/Third_Party/FreeRTOS/Source/portable/GCC/ARM_CM4F/portmacro.h ****  * IMPLIED, INCLUDING BUT NOT LIMITED TO THE WARRANTIES OF MERCHANTABILITY, FITNESS
  17:Middlewares/Third_Party/FreeRTOS/Source/portable/GCC/ARM_CM4F/portmacro.h ****  * FOR A PARTICULAR PURPOSE AND NONINFRINGEMENT. IN NO EVENT SHALL THE AUTHORS OR
  18:Middlewares/Third_Party/FreeRTOS/Source/portable/GCC/ARM_CM4F/portmacro.h ****  * COPYRIGHT HOLDERS BE LIABLE FOR ANY CLAIM, DAMAGES OR OTHER LIABILITY, WHETHER
  19:Middlewares/Third_Party/FreeRTOS/Source/portable/GCC/ARM_CM4F/portmacro.h ****  * IN AN ACTION OF CONTRACT, TORT OR OTHERWISE, ARISING FROM, OUT OF OR IN
  20:Middlewares/Third_Party/FreeRTOS/Source/portable/GCC/ARM_CM4F/portmacro.h ****  * CONNECTION WITH THE SOFTWARE OR THE USE OR OTHER DEALINGS IN THE SOFTWARE.
  21:Middlewares/Third_Party/FreeRTOS/Source/portable/GCC/ARM_CM4F/portmacro.h ****  *
  22:Middlewares/Third_Party/FreeRTOS/Source/portable/GCC/ARM_CM4F/portmacro.h ****  * http://www.FreeRTOS.org
  23:Middlewares/Third_Party/FreeRTOS/Source/portable/GCC/ARM_CM4F/portmacro.h ****  * http://aws.amazon.com/freertos
  24:Middlewares/Third_Party/FreeRTOS/Source/portable/GCC/ARM_CM4F/portmacro.h ****  *
  25:Middlewares/Third_Party/FreeRTOS/Source/portable/GCC/ARM_CM4F/portmacro.h ****  * 1 tab == 4 spaces!
  26:Middlewares/Third_Party/FreeRTOS/Source/portable/GCC/ARM_CM4F/portmacro.h ****  */
  27:Middlewares/Third_Party/FreeRTOS/Source/portable/GCC/ARM_CM4F/portmacro.h **** 
  28:Middlewares/Third_Party/FreeRTOS/Source/portable/GCC/ARM_CM4F/portmacro.h **** 
  29:Middlewares/Third_Party/FreeRTOS/Source/portable/GCC/ARM_CM4F/portmacro.h **** #ifndef PORTMACRO_H
  30:Middlewares/Third_Party/FreeRTOS/Source/portable/GCC/ARM_CM4F/portmacro.h **** #define PORTMACRO_H
  31:Middlewares/Third_Party/FreeRTOS/Source/portable/GCC/ARM_CM4F/portmacro.h **** 
  32:Middlewares/Third_Party/FreeRTOS/Source/portable/GCC/ARM_CM4F/portmacro.h **** #ifdef __cplusplus
  33:Middlewares/Third_Party/FreeRTOS/Source/portable/GCC/ARM_CM4F/portmacro.h **** extern "C" {
  34:Middlewares/Third_Party/FreeRTOS/Source/portable/GCC/ARM_CM4F/portmacro.h **** #endif
  35:Middlewares/Third_Party/FreeRTOS/Source/portable/GCC/ARM_CM4F/portmacro.h **** 
  36:Middlewares/Third_Party/FreeRTOS/Source/portable/GCC/ARM_CM4F/portmacro.h **** /*-----------------------------------------------------------
  37:Middlewares/Third_Party/FreeRTOS/Source/portable/GCC/ARM_CM4F/portmacro.h ****  * Port specific definitions.
  38:Middlewares/Third_Party/FreeRTOS/Source/portable/GCC/ARM_CM4F/portmacro.h ****  *
  39:Middlewares/Third_Party/FreeRTOS/Source/portable/GCC/ARM_CM4F/portmacro.h ****  * The settings in this file configure FreeRTOS correctly for the
  40:Middlewares/Third_Party/FreeRTOS/Source/portable/GCC/ARM_CM4F/portmacro.h ****  * given hardware and compiler.
  41:Middlewares/Third_Party/FreeRTOS/Source/portable/GCC/ARM_CM4F/portmacro.h ****  *
  42:Middlewares/Third_Party/FreeRTOS/Source/portable/GCC/ARM_CM4F/portmacro.h ****  * These settings should not be altered.
  43:Middlewares/Third_Party/FreeRTOS/Source/portable/GCC/ARM_CM4F/portmacro.h ****  *-----------------------------------------------------------
  44:Middlewares/Third_Party/FreeRTOS/Source/portable/GCC/ARM_CM4F/portmacro.h ****  */
  45:Middlewares/Third_Party/FreeRTOS/Source/portable/GCC/ARM_CM4F/portmacro.h **** 
  46:Middlewares/Third_Party/FreeRTOS/Source/portable/GCC/ARM_CM4F/portmacro.h **** /* Type definitions. */
  47:Middlewares/Third_Party/FreeRTOS/Source/portable/GCC/ARM_CM4F/portmacro.h **** #define portCHAR		char
ARM GAS  C:\Users\31005\AppData\Local\Temp\ccLRqEhz.s 			page 24


  48:Middlewares/Third_Party/FreeRTOS/Source/portable/GCC/ARM_CM4F/portmacro.h **** #define portFLOAT		float
  49:Middlewares/Third_Party/FreeRTOS/Source/portable/GCC/ARM_CM4F/portmacro.h **** #define portDOUBLE		double
  50:Middlewares/Third_Party/FreeRTOS/Source/portable/GCC/ARM_CM4F/portmacro.h **** #define portLONG		long
  51:Middlewares/Third_Party/FreeRTOS/Source/portable/GCC/ARM_CM4F/portmacro.h **** #define portSHORT		short
  52:Middlewares/Third_Party/FreeRTOS/Source/portable/GCC/ARM_CM4F/portmacro.h **** #define portSTACK_TYPE	uint32_t
  53:Middlewares/Third_Party/FreeRTOS/Source/portable/GCC/ARM_CM4F/portmacro.h **** #define portBASE_TYPE	long
  54:Middlewares/Third_Party/FreeRTOS/Source/portable/GCC/ARM_CM4F/portmacro.h **** 
  55:Middlewares/Third_Party/FreeRTOS/Source/portable/GCC/ARM_CM4F/portmacro.h **** typedef portSTACK_TYPE StackType_t;
  56:Middlewares/Third_Party/FreeRTOS/Source/portable/GCC/ARM_CM4F/portmacro.h **** typedef long BaseType_t;
  57:Middlewares/Third_Party/FreeRTOS/Source/portable/GCC/ARM_CM4F/portmacro.h **** typedef unsigned long UBaseType_t;
  58:Middlewares/Third_Party/FreeRTOS/Source/portable/GCC/ARM_CM4F/portmacro.h **** 
  59:Middlewares/Third_Party/FreeRTOS/Source/portable/GCC/ARM_CM4F/portmacro.h **** #if( configUSE_16_BIT_TICKS == 1 )
  60:Middlewares/Third_Party/FreeRTOS/Source/portable/GCC/ARM_CM4F/portmacro.h **** 	typedef uint16_t TickType_t;
  61:Middlewares/Third_Party/FreeRTOS/Source/portable/GCC/ARM_CM4F/portmacro.h **** 	#define portMAX_DELAY ( TickType_t ) 0xffff
  62:Middlewares/Third_Party/FreeRTOS/Source/portable/GCC/ARM_CM4F/portmacro.h **** #else
  63:Middlewares/Third_Party/FreeRTOS/Source/portable/GCC/ARM_CM4F/portmacro.h **** 	typedef uint32_t TickType_t;
  64:Middlewares/Third_Party/FreeRTOS/Source/portable/GCC/ARM_CM4F/portmacro.h **** 	#define portMAX_DELAY ( TickType_t ) 0xffffffffUL
  65:Middlewares/Third_Party/FreeRTOS/Source/portable/GCC/ARM_CM4F/portmacro.h **** 
  66:Middlewares/Third_Party/FreeRTOS/Source/portable/GCC/ARM_CM4F/portmacro.h **** 	/* 32-bit tick type on a 32-bit architecture, so reads of the tick count do
  67:Middlewares/Third_Party/FreeRTOS/Source/portable/GCC/ARM_CM4F/portmacro.h **** 	not need to be guarded with a critical section. */
  68:Middlewares/Third_Party/FreeRTOS/Source/portable/GCC/ARM_CM4F/portmacro.h **** 	#define portTICK_TYPE_IS_ATOMIC 1
  69:Middlewares/Third_Party/FreeRTOS/Source/portable/GCC/ARM_CM4F/portmacro.h **** #endif
  70:Middlewares/Third_Party/FreeRTOS/Source/portable/GCC/ARM_CM4F/portmacro.h **** /*-----------------------------------------------------------*/
  71:Middlewares/Third_Party/FreeRTOS/Source/portable/GCC/ARM_CM4F/portmacro.h **** 
  72:Middlewares/Third_Party/FreeRTOS/Source/portable/GCC/ARM_CM4F/portmacro.h **** /* Architecture specifics. */
  73:Middlewares/Third_Party/FreeRTOS/Source/portable/GCC/ARM_CM4F/portmacro.h **** #define portSTACK_GROWTH			( -1 )
  74:Middlewares/Third_Party/FreeRTOS/Source/portable/GCC/ARM_CM4F/portmacro.h **** #define portTICK_PERIOD_MS			( ( TickType_t ) 1000 / configTICK_RATE_HZ )
  75:Middlewares/Third_Party/FreeRTOS/Source/portable/GCC/ARM_CM4F/portmacro.h **** #define portBYTE_ALIGNMENT			8
  76:Middlewares/Third_Party/FreeRTOS/Source/portable/GCC/ARM_CM4F/portmacro.h **** /*-----------------------------------------------------------*/
  77:Middlewares/Third_Party/FreeRTOS/Source/portable/GCC/ARM_CM4F/portmacro.h **** 
  78:Middlewares/Third_Party/FreeRTOS/Source/portable/GCC/ARM_CM4F/portmacro.h **** /* Scheduler utilities. */
  79:Middlewares/Third_Party/FreeRTOS/Source/portable/GCC/ARM_CM4F/portmacro.h **** #define portYIELD() 															\
  80:Middlewares/Third_Party/FreeRTOS/Source/portable/GCC/ARM_CM4F/portmacro.h **** {																				\
  81:Middlewares/Third_Party/FreeRTOS/Source/portable/GCC/ARM_CM4F/portmacro.h **** 	/* Set a PendSV to request a context switch. */								\
  82:Middlewares/Third_Party/FreeRTOS/Source/portable/GCC/ARM_CM4F/portmacro.h **** 	portNVIC_INT_CTRL_REG = portNVIC_PENDSVSET_BIT;								\
  83:Middlewares/Third_Party/FreeRTOS/Source/portable/GCC/ARM_CM4F/portmacro.h **** 																				\
  84:Middlewares/Third_Party/FreeRTOS/Source/portable/GCC/ARM_CM4F/portmacro.h **** 	/* Barriers are normally not required but do ensure the code is completely	\
  85:Middlewares/Third_Party/FreeRTOS/Source/portable/GCC/ARM_CM4F/portmacro.h **** 	within the specified behaviour for the architecture. */						\
  86:Middlewares/Third_Party/FreeRTOS/Source/portable/GCC/ARM_CM4F/portmacro.h **** 	__asm volatile( "dsb" ::: "memory" );										\
  87:Middlewares/Third_Party/FreeRTOS/Source/portable/GCC/ARM_CM4F/portmacro.h **** 	__asm volatile( "isb" );													\
  88:Middlewares/Third_Party/FreeRTOS/Source/portable/GCC/ARM_CM4F/portmacro.h **** }
  89:Middlewares/Third_Party/FreeRTOS/Source/portable/GCC/ARM_CM4F/portmacro.h **** 
  90:Middlewares/Third_Party/FreeRTOS/Source/portable/GCC/ARM_CM4F/portmacro.h **** #define portNVIC_INT_CTRL_REG		( * ( ( volatile uint32_t * ) 0xe000ed04 ) )
  91:Middlewares/Third_Party/FreeRTOS/Source/portable/GCC/ARM_CM4F/portmacro.h **** #define portNVIC_PENDSVSET_BIT		( 1UL << 28UL )
  92:Middlewares/Third_Party/FreeRTOS/Source/portable/GCC/ARM_CM4F/portmacro.h **** #define portEND_SWITCHING_ISR( xSwitchRequired ) if( xSwitchRequired != pdFALSE ) portYIELD()
  93:Middlewares/Third_Party/FreeRTOS/Source/portable/GCC/ARM_CM4F/portmacro.h **** #define portYIELD_FROM_ISR( x ) portEND_SWITCHING_ISR( x )
  94:Middlewares/Third_Party/FreeRTOS/Source/portable/GCC/ARM_CM4F/portmacro.h **** /*-----------------------------------------------------------*/
  95:Middlewares/Third_Party/FreeRTOS/Source/portable/GCC/ARM_CM4F/portmacro.h **** 
  96:Middlewares/Third_Party/FreeRTOS/Source/portable/GCC/ARM_CM4F/portmacro.h **** /* Critical section management. */
  97:Middlewares/Third_Party/FreeRTOS/Source/portable/GCC/ARM_CM4F/portmacro.h **** extern void vPortEnterCritical( void );
  98:Middlewares/Third_Party/FreeRTOS/Source/portable/GCC/ARM_CM4F/portmacro.h **** extern void vPortExitCritical( void );
  99:Middlewares/Third_Party/FreeRTOS/Source/portable/GCC/ARM_CM4F/portmacro.h **** #define portSET_INTERRUPT_MASK_FROM_ISR()		ulPortRaiseBASEPRI()
 100:Middlewares/Third_Party/FreeRTOS/Source/portable/GCC/ARM_CM4F/portmacro.h **** #define portCLEAR_INTERRUPT_MASK_FROM_ISR(x)	vPortSetBASEPRI(x)
 101:Middlewares/Third_Party/FreeRTOS/Source/portable/GCC/ARM_CM4F/portmacro.h **** #define portDISABLE_INTERRUPTS()				vPortRaiseBASEPRI()
 102:Middlewares/Third_Party/FreeRTOS/Source/portable/GCC/ARM_CM4F/portmacro.h **** #define portENABLE_INTERRUPTS()					vPortSetBASEPRI(0)
 103:Middlewares/Third_Party/FreeRTOS/Source/portable/GCC/ARM_CM4F/portmacro.h **** #define portENTER_CRITICAL()					vPortEnterCritical()
 104:Middlewares/Third_Party/FreeRTOS/Source/portable/GCC/ARM_CM4F/portmacro.h **** #define portEXIT_CRITICAL()						vPortExitCritical()
ARM GAS  C:\Users\31005\AppData\Local\Temp\ccLRqEhz.s 			page 25


 105:Middlewares/Third_Party/FreeRTOS/Source/portable/GCC/ARM_CM4F/portmacro.h **** 
 106:Middlewares/Third_Party/FreeRTOS/Source/portable/GCC/ARM_CM4F/portmacro.h **** /*-----------------------------------------------------------*/
 107:Middlewares/Third_Party/FreeRTOS/Source/portable/GCC/ARM_CM4F/portmacro.h **** 
 108:Middlewares/Third_Party/FreeRTOS/Source/portable/GCC/ARM_CM4F/portmacro.h **** /* Task function macros as described on the FreeRTOS.org WEB site.  These are
 109:Middlewares/Third_Party/FreeRTOS/Source/portable/GCC/ARM_CM4F/portmacro.h **** not necessary for to use this port.  They are defined so the common demo files
 110:Middlewares/Third_Party/FreeRTOS/Source/portable/GCC/ARM_CM4F/portmacro.h **** (which build with all the ports) will build. */
 111:Middlewares/Third_Party/FreeRTOS/Source/portable/GCC/ARM_CM4F/portmacro.h **** #define portTASK_FUNCTION_PROTO( vFunction, pvParameters ) void vFunction( void *pvParameters )
 112:Middlewares/Third_Party/FreeRTOS/Source/portable/GCC/ARM_CM4F/portmacro.h **** #define portTASK_FUNCTION( vFunction, pvParameters ) void vFunction( void *pvParameters )
 113:Middlewares/Third_Party/FreeRTOS/Source/portable/GCC/ARM_CM4F/portmacro.h **** /*-----------------------------------------------------------*/
 114:Middlewares/Third_Party/FreeRTOS/Source/portable/GCC/ARM_CM4F/portmacro.h **** 
 115:Middlewares/Third_Party/FreeRTOS/Source/portable/GCC/ARM_CM4F/portmacro.h **** /* Tickless idle/low power functionality. */
 116:Middlewares/Third_Party/FreeRTOS/Source/portable/GCC/ARM_CM4F/portmacro.h **** #ifndef portSUPPRESS_TICKS_AND_SLEEP
 117:Middlewares/Third_Party/FreeRTOS/Source/portable/GCC/ARM_CM4F/portmacro.h **** 	extern void vPortSuppressTicksAndSleep( TickType_t xExpectedIdleTime );
 118:Middlewares/Third_Party/FreeRTOS/Source/portable/GCC/ARM_CM4F/portmacro.h **** 	#define portSUPPRESS_TICKS_AND_SLEEP( xExpectedIdleTime ) vPortSuppressTicksAndSleep( xExpectedIdl
 119:Middlewares/Third_Party/FreeRTOS/Source/portable/GCC/ARM_CM4F/portmacro.h **** #endif
 120:Middlewares/Third_Party/FreeRTOS/Source/portable/GCC/ARM_CM4F/portmacro.h **** /*-----------------------------------------------------------*/
 121:Middlewares/Third_Party/FreeRTOS/Source/portable/GCC/ARM_CM4F/portmacro.h **** 
 122:Middlewares/Third_Party/FreeRTOS/Source/portable/GCC/ARM_CM4F/portmacro.h **** /* Architecture specific optimisations. */
 123:Middlewares/Third_Party/FreeRTOS/Source/portable/GCC/ARM_CM4F/portmacro.h **** #ifndef configUSE_PORT_OPTIMISED_TASK_SELECTION
 124:Middlewares/Third_Party/FreeRTOS/Source/portable/GCC/ARM_CM4F/portmacro.h **** 	#define configUSE_PORT_OPTIMISED_TASK_SELECTION 1
 125:Middlewares/Third_Party/FreeRTOS/Source/portable/GCC/ARM_CM4F/portmacro.h **** #endif
 126:Middlewares/Third_Party/FreeRTOS/Source/portable/GCC/ARM_CM4F/portmacro.h **** 
 127:Middlewares/Third_Party/FreeRTOS/Source/portable/GCC/ARM_CM4F/portmacro.h **** #if configUSE_PORT_OPTIMISED_TASK_SELECTION == 1
 128:Middlewares/Third_Party/FreeRTOS/Source/portable/GCC/ARM_CM4F/portmacro.h **** 
 129:Middlewares/Third_Party/FreeRTOS/Source/portable/GCC/ARM_CM4F/portmacro.h **** 	/* Generic helper function. */
 130:Middlewares/Third_Party/FreeRTOS/Source/portable/GCC/ARM_CM4F/portmacro.h **** 	__attribute__( ( always_inline ) ) static inline uint8_t ucPortCountLeadingZeros( uint32_t ulBitma
 131:Middlewares/Third_Party/FreeRTOS/Source/portable/GCC/ARM_CM4F/portmacro.h **** 	{
 132:Middlewares/Third_Party/FreeRTOS/Source/portable/GCC/ARM_CM4F/portmacro.h **** 	uint8_t ucReturn;
 133:Middlewares/Third_Party/FreeRTOS/Source/portable/GCC/ARM_CM4F/portmacro.h **** 
 134:Middlewares/Third_Party/FreeRTOS/Source/portable/GCC/ARM_CM4F/portmacro.h **** 		__asm volatile ( "clz %0, %1" : "=r" ( ucReturn ) : "r" ( ulBitmap ) : "memory" );
 135:Middlewares/Third_Party/FreeRTOS/Source/portable/GCC/ARM_CM4F/portmacro.h **** 		return ucReturn;
 136:Middlewares/Third_Party/FreeRTOS/Source/portable/GCC/ARM_CM4F/portmacro.h **** 	}
 137:Middlewares/Third_Party/FreeRTOS/Source/portable/GCC/ARM_CM4F/portmacro.h **** 
 138:Middlewares/Third_Party/FreeRTOS/Source/portable/GCC/ARM_CM4F/portmacro.h **** 	/* Check the configuration. */
 139:Middlewares/Third_Party/FreeRTOS/Source/portable/GCC/ARM_CM4F/portmacro.h **** 	#if( configMAX_PRIORITIES > 32 )
 140:Middlewares/Third_Party/FreeRTOS/Source/portable/GCC/ARM_CM4F/portmacro.h **** 		#error configUSE_PORT_OPTIMISED_TASK_SELECTION can only be set to 1 when configMAX_PRIORITIES is 
 141:Middlewares/Third_Party/FreeRTOS/Source/portable/GCC/ARM_CM4F/portmacro.h **** 	#endif
 142:Middlewares/Third_Party/FreeRTOS/Source/portable/GCC/ARM_CM4F/portmacro.h **** 
 143:Middlewares/Third_Party/FreeRTOS/Source/portable/GCC/ARM_CM4F/portmacro.h **** 	/* Store/clear the ready priorities in a bit map. */
 144:Middlewares/Third_Party/FreeRTOS/Source/portable/GCC/ARM_CM4F/portmacro.h **** 	#define portRECORD_READY_PRIORITY( uxPriority, uxReadyPriorities ) ( uxReadyPriorities ) |= ( 1UL 
 145:Middlewares/Third_Party/FreeRTOS/Source/portable/GCC/ARM_CM4F/portmacro.h **** 	#define portRESET_READY_PRIORITY( uxPriority, uxReadyPriorities ) ( uxReadyPriorities ) &= ~( 1UL 
 146:Middlewares/Third_Party/FreeRTOS/Source/portable/GCC/ARM_CM4F/portmacro.h **** 
 147:Middlewares/Third_Party/FreeRTOS/Source/portable/GCC/ARM_CM4F/portmacro.h **** 	/*-----------------------------------------------------------*/
 148:Middlewares/Third_Party/FreeRTOS/Source/portable/GCC/ARM_CM4F/portmacro.h **** 
 149:Middlewares/Third_Party/FreeRTOS/Source/portable/GCC/ARM_CM4F/portmacro.h **** 	#define portGET_HIGHEST_PRIORITY( uxTopPriority, uxReadyPriorities ) uxTopPriority = ( 31UL - ( ui
 150:Middlewares/Third_Party/FreeRTOS/Source/portable/GCC/ARM_CM4F/portmacro.h **** 
 151:Middlewares/Third_Party/FreeRTOS/Source/portable/GCC/ARM_CM4F/portmacro.h **** #endif /* configUSE_PORT_OPTIMISED_TASK_SELECTION */
 152:Middlewares/Third_Party/FreeRTOS/Source/portable/GCC/ARM_CM4F/portmacro.h **** 
 153:Middlewares/Third_Party/FreeRTOS/Source/portable/GCC/ARM_CM4F/portmacro.h **** /*-----------------------------------------------------------*/
 154:Middlewares/Third_Party/FreeRTOS/Source/portable/GCC/ARM_CM4F/portmacro.h **** 
 155:Middlewares/Third_Party/FreeRTOS/Source/portable/GCC/ARM_CM4F/portmacro.h **** #ifdef configASSERT
 156:Middlewares/Third_Party/FreeRTOS/Source/portable/GCC/ARM_CM4F/portmacro.h **** 	void vPortValidateInterruptPriority( void );
 157:Middlewares/Third_Party/FreeRTOS/Source/portable/GCC/ARM_CM4F/portmacro.h **** 	#define portASSERT_IF_INTERRUPT_PRIORITY_INVALID() 	vPortValidateInterruptPriority()
 158:Middlewares/Third_Party/FreeRTOS/Source/portable/GCC/ARM_CM4F/portmacro.h **** #endif
 159:Middlewares/Third_Party/FreeRTOS/Source/portable/GCC/ARM_CM4F/portmacro.h **** 
 160:Middlewares/Third_Party/FreeRTOS/Source/portable/GCC/ARM_CM4F/portmacro.h **** /* portNOP() is not required by this port. */
 161:Middlewares/Third_Party/FreeRTOS/Source/portable/GCC/ARM_CM4F/portmacro.h **** #define portNOP()
ARM GAS  C:\Users\31005\AppData\Local\Temp\ccLRqEhz.s 			page 26


 162:Middlewares/Third_Party/FreeRTOS/Source/portable/GCC/ARM_CM4F/portmacro.h **** 
 163:Middlewares/Third_Party/FreeRTOS/Source/portable/GCC/ARM_CM4F/portmacro.h **** #define portINLINE	__inline
 164:Middlewares/Third_Party/FreeRTOS/Source/portable/GCC/ARM_CM4F/portmacro.h **** 
 165:Middlewares/Third_Party/FreeRTOS/Source/portable/GCC/ARM_CM4F/portmacro.h **** #ifndef portFORCE_INLINE
 166:Middlewares/Third_Party/FreeRTOS/Source/portable/GCC/ARM_CM4F/portmacro.h **** 	#define portFORCE_INLINE inline __attribute__(( always_inline))
 167:Middlewares/Third_Party/FreeRTOS/Source/portable/GCC/ARM_CM4F/portmacro.h **** #endif
 168:Middlewares/Third_Party/FreeRTOS/Source/portable/GCC/ARM_CM4F/portmacro.h **** 
 169:Middlewares/Third_Party/FreeRTOS/Source/portable/GCC/ARM_CM4F/portmacro.h **** portFORCE_INLINE static BaseType_t xPortIsInsideInterrupt( void )
 170:Middlewares/Third_Party/FreeRTOS/Source/portable/GCC/ARM_CM4F/portmacro.h **** {
 171:Middlewares/Third_Party/FreeRTOS/Source/portable/GCC/ARM_CM4F/portmacro.h **** uint32_t ulCurrentInterrupt;
 172:Middlewares/Third_Party/FreeRTOS/Source/portable/GCC/ARM_CM4F/portmacro.h **** BaseType_t xReturn;
 173:Middlewares/Third_Party/FreeRTOS/Source/portable/GCC/ARM_CM4F/portmacro.h **** 
 174:Middlewares/Third_Party/FreeRTOS/Source/portable/GCC/ARM_CM4F/portmacro.h **** 	/* Obtain the number of the currently executing interrupt. */
 175:Middlewares/Third_Party/FreeRTOS/Source/portable/GCC/ARM_CM4F/portmacro.h **** 	__asm volatile( "mrs %0, ipsr" : "=r"( ulCurrentInterrupt ) :: "memory" );
 176:Middlewares/Third_Party/FreeRTOS/Source/portable/GCC/ARM_CM4F/portmacro.h **** 
 177:Middlewares/Third_Party/FreeRTOS/Source/portable/GCC/ARM_CM4F/portmacro.h **** 	if( ulCurrentInterrupt == 0 )
 178:Middlewares/Third_Party/FreeRTOS/Source/portable/GCC/ARM_CM4F/portmacro.h **** 	{
 179:Middlewares/Third_Party/FreeRTOS/Source/portable/GCC/ARM_CM4F/portmacro.h **** 		xReturn = pdFALSE;
 180:Middlewares/Third_Party/FreeRTOS/Source/portable/GCC/ARM_CM4F/portmacro.h **** 	}
 181:Middlewares/Third_Party/FreeRTOS/Source/portable/GCC/ARM_CM4F/portmacro.h **** 	else
 182:Middlewares/Third_Party/FreeRTOS/Source/portable/GCC/ARM_CM4F/portmacro.h **** 	{
 183:Middlewares/Third_Party/FreeRTOS/Source/portable/GCC/ARM_CM4F/portmacro.h **** 		xReturn = pdTRUE;
 184:Middlewares/Third_Party/FreeRTOS/Source/portable/GCC/ARM_CM4F/portmacro.h **** 	}
 185:Middlewares/Third_Party/FreeRTOS/Source/portable/GCC/ARM_CM4F/portmacro.h **** 
 186:Middlewares/Third_Party/FreeRTOS/Source/portable/GCC/ARM_CM4F/portmacro.h **** 	return xReturn;
 187:Middlewares/Third_Party/FreeRTOS/Source/portable/GCC/ARM_CM4F/portmacro.h **** }
 188:Middlewares/Third_Party/FreeRTOS/Source/portable/GCC/ARM_CM4F/portmacro.h **** 
 189:Middlewares/Third_Party/FreeRTOS/Source/portable/GCC/ARM_CM4F/portmacro.h **** /*-----------------------------------------------------------*/
 190:Middlewares/Third_Party/FreeRTOS/Source/portable/GCC/ARM_CM4F/portmacro.h **** 
 191:Middlewares/Third_Party/FreeRTOS/Source/portable/GCC/ARM_CM4F/portmacro.h **** portFORCE_INLINE static void vPortRaiseBASEPRI( void )
 112              		.loc 2 191 30 view .LVU24
 113              	.LBB90:
 192:Middlewares/Third_Party/FreeRTOS/Source/portable/GCC/ARM_CM4F/portmacro.h **** {
 193:Middlewares/Third_Party/FreeRTOS/Source/portable/GCC/ARM_CM4F/portmacro.h **** uint32_t ulNewBASEPRI;
 114              		.loc 2 193 1 view .LVU25
 194:Middlewares/Third_Party/FreeRTOS/Source/portable/GCC/ARM_CM4F/portmacro.h **** 
 195:Middlewares/Third_Party/FreeRTOS/Source/portable/GCC/ARM_CM4F/portmacro.h **** 	__asm volatile
 115              		.loc 2 195 2 view .LVU26
 116              		.syntax unified
 117              	@ 195 "Middlewares/Third_Party/FreeRTOS/Source/portable/GCC/ARM_CM4F/portmacro.h" 1
 118 0016 4FF05003 			mov r3, #80												
 119 001a 83F31188 		msr basepri, r3											
 120 001e BFF36F8F 		isb														
 121 0022 BFF34F8F 		dsb														
 122              	
 123              	@ 0 "" 2
 124              	.LVL10:
 125              		.thumb
 126              		.syntax unified
 127              	.L5:
 128              		.loc 2 195 2 is_stmt 0 view .LVU27
 129              	.LBE90:
 130              	.LBE89:
 131              		.loc 1 1156 3 is_stmt 1 discriminator 1 view .LVU28
 132              		.loc 1 1156 3 discriminator 1 view .LVU29
 133 0026 FEE7     		b	.L5
 134              	.L4:
ARM GAS  C:\Users\31005\AppData\Local\Temp\ccLRqEhz.s 			page 27


 135              		.loc 1 1156 90 discriminator 2 view .LVU30
 136              	.LBE88:
1157:Middlewares/Third_Party/FreeRTOS/Source/stream_buffer.c **** 	}
1158:Middlewares/Third_Party/FreeRTOS/Source/stream_buffer.c **** 	#endif
1159:Middlewares/Third_Party/FreeRTOS/Source/stream_buffer.c **** 
1160:Middlewares/Third_Party/FreeRTOS/Source/stream_buffer.c **** 	memset( ( void * ) pxStreamBuffer, 0x00, sizeof( StreamBuffer_t ) ); /*lint !e9087 memset() requir
 137              		.loc 1 1160 2 discriminator 2 view .LVU31
 138 0028 2422     		movs	r2, #36
 139 002a 0021     		movs	r1, #0
 140 002c 3846     		mov	r0, r7
 141 002e FFF7FEFF 		bl	memset
 142              	.LVL11:
1161:Middlewares/Third_Party/FreeRTOS/Source/stream_buffer.c **** 	pxStreamBuffer->pucBuffer = pucBuffer;
 143              		.loc 1 1161 2 discriminator 2 view .LVU32
 144              		.loc 1 1161 28 is_stmt 0 discriminator 2 view .LVU33
 145 0032 BC61     		str	r4, [r7, #24]
1162:Middlewares/Third_Party/FreeRTOS/Source/stream_buffer.c **** 	pxStreamBuffer->xLength = xBufferSizeBytes;
 146              		.loc 1 1162 2 is_stmt 1 discriminator 2 view .LVU34
 147              		.loc 1 1162 26 is_stmt 0 discriminator 2 view .LVU35
 148 0034 BE60     		str	r6, [r7, #8]
1163:Middlewares/Third_Party/FreeRTOS/Source/stream_buffer.c **** 	pxStreamBuffer->xTriggerLevelBytes = xTriggerLevelBytes;
 149              		.loc 1 1163 2 is_stmt 1 discriminator 2 view .LVU36
 150              		.loc 1 1163 37 is_stmt 0 discriminator 2 view .LVU37
 151 0036 FD60     		str	r5, [r7, #12]
1164:Middlewares/Third_Party/FreeRTOS/Source/stream_buffer.c **** 
1165:Middlewares/Third_Party/FreeRTOS/Source/stream_buffer.c **** 	if( xIsMessageBuffer != pdFALSE )
 152              		.loc 1 1165 2 is_stmt 1 discriminator 2 view .LVU38
 153              		.loc 1 1165 4 is_stmt 0 discriminator 2 view .LVU39
 154 0038 069B     		ldr	r3, [sp, #24]
 155 003a 0BB1     		cbz	r3, .L3
1166:Middlewares/Third_Party/FreeRTOS/Source/stream_buffer.c **** 	{
1167:Middlewares/Third_Party/FreeRTOS/Source/stream_buffer.c **** 		pxStreamBuffer->ucFlags |= sbFLAGS_IS_MESSAGE_BUFFER;
 156              		.loc 1 1167 3 is_stmt 1 view .LVU40
 157              		.loc 1 1167 27 is_stmt 0 view .LVU41
 158 003c 0123     		movs	r3, #1
 159 003e 3B77     		strb	r3, [r7, #28]
 160              	.L3:
1168:Middlewares/Third_Party/FreeRTOS/Source/stream_buffer.c **** 	}
1169:Middlewares/Third_Party/FreeRTOS/Source/stream_buffer.c **** }
 161              		.loc 1 1169 1 view .LVU42
 162 0040 F8BD     		pop	{r3, r4, r5, r6, r7, pc}
 163              		.loc 1 1169 1 view .LVU43
 164              		.cfi_endproc
 165              	.LFE24:
 167              		.section	.text.prvWriteBytesToBuffer,"ax",%progbits
 168              		.align	1
 169              		.syntax unified
 170              		.thumb
 171              		.thumb_func
 173              	prvWriteBytesToBuffer:
 174              	.LVL12:
 175              	.LFB21:
1021:Middlewares/Third_Party/FreeRTOS/Source/stream_buffer.c **** size_t xNextHead, xFirstLength;
 176              		.loc 1 1021 1 is_stmt 1 view -0
 177              		.cfi_startproc
 178              		@ args = 0, pretend = 0, frame = 0
 179              		@ frame_needed = 0, uses_anonymous_args = 0
ARM GAS  C:\Users\31005\AppData\Local\Temp\ccLRqEhz.s 			page 28


1022:Middlewares/Third_Party/FreeRTOS/Source/stream_buffer.c **** 
 180              		.loc 1 1022 1 view .LVU45
1024:Middlewares/Third_Party/FreeRTOS/Source/stream_buffer.c **** 
 181              		.loc 1 1024 2 view .LVU46
 182 0000 42B9     		cbnz	r2, .L9
1024:Middlewares/Third_Party/FreeRTOS/Source/stream_buffer.c **** 
 183              		.loc 1 1024 2 view .LVU47
 184              	.LBB91:
 185              	.LBI91:
 191:Middlewares/Third_Party/FreeRTOS/Source/portable/GCC/ARM_CM4F/portmacro.h **** {
 186              		.loc 2 191 30 view .LVU48
 187              	.LBB92:
 193:Middlewares/Third_Party/FreeRTOS/Source/portable/GCC/ARM_CM4F/portmacro.h **** 
 188              		.loc 2 193 1 view .LVU49
 189              		.loc 2 195 2 view .LVU50
 190              		.syntax unified
 191              	@ 195 "Middlewares/Third_Party/FreeRTOS/Source/portable/GCC/ARM_CM4F/portmacro.h" 1
 192 0002 4FF05003 			mov r3, #80												
 193 0006 83F31188 		msr basepri, r3											
 194 000a BFF36F8F 		isb														
 195 000e BFF34F8F 		dsb														
 196              	
 197              	@ 0 "" 2
 198              	.LVL13:
 199              		.thumb
 200              		.syntax unified
 201              	.L10:
 202              		.loc 2 195 2 is_stmt 0 view .LVU51
 203              	.LBE92:
 204              	.LBE91:
1024:Middlewares/Third_Party/FreeRTOS/Source/stream_buffer.c **** 
 205              		.loc 1 1024 2 is_stmt 1 discriminator 1 view .LVU52
1024:Middlewares/Third_Party/FreeRTOS/Source/stream_buffer.c **** 
 206              		.loc 1 1024 2 discriminator 1 view .LVU53
 207 0012 FEE7     		b	.L10
 208              	.L9:
1021:Middlewares/Third_Party/FreeRTOS/Source/stream_buffer.c **** size_t xNextHead, xFirstLength;
 209              		.loc 1 1021 1 is_stmt 0 discriminator 2 view .LVU54
 210 0014 2DE9F041 		push	{r4, r5, r6, r7, r8, lr}
 211              	.LCFI1:
 212              		.cfi_def_cfa_offset 24
 213              		.cfi_offset 4, -24
 214              		.cfi_offset 5, -20
 215              		.cfi_offset 6, -16
 216              		.cfi_offset 7, -12
 217              		.cfi_offset 8, -8
 218              		.cfi_offset 14, -4
 219 0018 0446     		mov	r4, r0
 220 001a 0E46     		mov	r6, r1
 221 001c 1746     		mov	r7, r2
1024:Middlewares/Third_Party/FreeRTOS/Source/stream_buffer.c **** 
 222              		.loc 1 1024 39 is_stmt 1 discriminator 2 view .LVU55
1026:Middlewares/Third_Party/FreeRTOS/Source/stream_buffer.c **** 
 223              		.loc 1 1026 2 discriminator 2 view .LVU56
1026:Middlewares/Third_Party/FreeRTOS/Source/stream_buffer.c **** 
 224              		.loc 1 1026 12 is_stmt 0 discriminator 2 view .LVU57
 225 001e D0F80480 		ldr	r8, [r0, #4]
ARM GAS  C:\Users\31005\AppData\Local\Temp\ccLRqEhz.s 			page 29


 226              	.LVL14:
1031:Middlewares/Third_Party/FreeRTOS/Source/stream_buffer.c **** 
 227              		.loc 1 1031 2 is_stmt 1 discriminator 2 view .LVU58
1031:Middlewares/Third_Party/FreeRTOS/Source/stream_buffer.c **** 
 228              		.loc 1 1031 17 is_stmt 0 discriminator 2 view .LVU59
 229 0022 8368     		ldr	r3, [r0, #8]
 230 0024 A3EB0805 		sub	r5, r3, r8
1031:Middlewares/Third_Party/FreeRTOS/Source/stream_buffer.c **** 
 231              		.loc 1 1031 15 discriminator 2 view .LVU60
 232 0028 9542     		cmp	r5, r2
 233 002a 28BF     		it	cs
 234 002c 1546     		movcs	r5, r2
 235              	.LVL15:
1034:Middlewares/Third_Party/FreeRTOS/Source/stream_buffer.c **** 	memcpy( ( void* ) ( &( pxStreamBuffer->pucBuffer[ xNextHead ] ) ), ( const void * ) pucData, xFirs
 236              		.loc 1 1034 2 is_stmt 1 discriminator 2 view .LVU61
 237 002e 08EB0502 		add	r2, r8, r5
 238              	.LVL16:
1034:Middlewares/Third_Party/FreeRTOS/Source/stream_buffer.c **** 	memcpy( ( void* ) ( &( pxStreamBuffer->pucBuffer[ xNextHead ] ) ), ( const void * ) pucData, xFirs
 239              		.loc 1 1034 2 is_stmt 0 discriminator 2 view .LVU62
 240 0032 9342     		cmp	r3, r2
 241 0034 08D2     		bcs	.L11
1034:Middlewares/Third_Party/FreeRTOS/Source/stream_buffer.c **** 	memcpy( ( void* ) ( &( pxStreamBuffer->pucBuffer[ xNextHead ] ) ), ( const void * ) pucData, xFirs
 242              		.loc 1 1034 2 is_stmt 1 view .LVU63
 243              	.LBB93:
 244              	.LBI93:
 191:Middlewares/Third_Party/FreeRTOS/Source/portable/GCC/ARM_CM4F/portmacro.h **** {
 245              		.loc 2 191 30 view .LVU64
 246              	.LBB94:
 193:Middlewares/Third_Party/FreeRTOS/Source/portable/GCC/ARM_CM4F/portmacro.h **** 
 247              		.loc 2 193 1 view .LVU65
 248              		.loc 2 195 2 view .LVU66
 249              		.syntax unified
 250              	@ 195 "Middlewares/Third_Party/FreeRTOS/Source/portable/GCC/ARM_CM4F/portmacro.h" 1
 251 0036 4FF05003 			mov r3, #80												
 252 003a 83F31188 		msr basepri, r3											
 253 003e BFF36F8F 		isb														
 254 0042 BFF34F8F 		dsb														
 255              	
 256              	@ 0 "" 2
 257              	.LVL17:
 258              		.thumb
 259              		.syntax unified
 260              	.L12:
 261              		.loc 2 195 2 is_stmt 0 view .LVU67
 262              	.LBE94:
 263              	.LBE93:
1034:Middlewares/Third_Party/FreeRTOS/Source/stream_buffer.c **** 	memcpy( ( void* ) ( &( pxStreamBuffer->pucBuffer[ xNextHead ] ) ), ( const void * ) pucData, xFirs
 264              		.loc 1 1034 2 is_stmt 1 discriminator 2 view .LVU68
1034:Middlewares/Third_Party/FreeRTOS/Source/stream_buffer.c **** 	memcpy( ( void* ) ( &( pxStreamBuffer->pucBuffer[ xNextHead ] ) ), ( const void * ) pucData, xFirs
 265              		.loc 1 1034 2 discriminator 2 view .LVU69
 266 0046 FEE7     		b	.L12
 267              	.L11:
1034:Middlewares/Third_Party/FreeRTOS/Source/stream_buffer.c **** 	memcpy( ( void* ) ( &( pxStreamBuffer->pucBuffer[ xNextHead ] ) ), ( const void * ) pucData, xFirs
 268              		.loc 1 1034 73 discriminator 2 view .LVU70
1035:Middlewares/Third_Party/FreeRTOS/Source/stream_buffer.c **** 
 269              		.loc 1 1035 2 discriminator 2 view .LVU71
1035:Middlewares/Third_Party/FreeRTOS/Source/stream_buffer.c **** 
ARM GAS  C:\Users\31005\AppData\Local\Temp\ccLRqEhz.s 			page 30


 270              		.loc 1 1035 39 is_stmt 0 discriminator 2 view .LVU72
 271 0048 8069     		ldr	r0, [r0, #24]
 272              	.LVL18:
1035:Middlewares/Third_Party/FreeRTOS/Source/stream_buffer.c **** 
 273              		.loc 1 1035 2 discriminator 2 view .LVU73
 274 004a 2A46     		mov	r2, r5
 275 004c 4044     		add	r0, r0, r8
 276 004e FFF7FEFF 		bl	memcpy
 277              	.LVL19:
1039:Middlewares/Third_Party/FreeRTOS/Source/stream_buffer.c **** 	{
 278              		.loc 1 1039 2 is_stmt 1 discriminator 2 view .LVU74
1039:Middlewares/Third_Party/FreeRTOS/Source/stream_buffer.c **** 	{
 279              		.loc 1 1039 4 is_stmt 0 discriminator 2 view .LVU75
 280 0052 AF42     		cmp	r7, r5
 281 0054 10D9     		bls	.L13
1042:Middlewares/Third_Party/FreeRTOS/Source/stream_buffer.c **** 		memcpy( ( void * ) pxStreamBuffer->pucBuffer, ( const void * ) &( pucData[ xFirstLength ] ), xCou
 282              		.loc 1 1042 3 is_stmt 1 view .LVU76
 283 0056 7A1B     		subs	r2, r7, r5
 284 0058 A368     		ldr	r3, [r4, #8]
 285 005a 9A42     		cmp	r2, r3
 286 005c 08D9     		bls	.L14
1042:Middlewares/Third_Party/FreeRTOS/Source/stream_buffer.c **** 		memcpy( ( void * ) pxStreamBuffer->pucBuffer, ( const void * ) &( pucData[ xFirstLength ] ), xCou
 287              		.loc 1 1042 3 view .LVU77
 288              	.LBB95:
 289              	.LBI95:
 191:Middlewares/Third_Party/FreeRTOS/Source/portable/GCC/ARM_CM4F/portmacro.h **** {
 290              		.loc 2 191 30 view .LVU78
 291              	.LBB96:
 193:Middlewares/Third_Party/FreeRTOS/Source/portable/GCC/ARM_CM4F/portmacro.h **** 
 292              		.loc 2 193 1 view .LVU79
 293              		.loc 2 195 2 view .LVU80
 294              		.syntax unified
 295              	@ 195 "Middlewares/Third_Party/FreeRTOS/Source/portable/GCC/ARM_CM4F/portmacro.h" 1
 296 005e 4FF05003 			mov r3, #80												
 297 0062 83F31188 		msr basepri, r3											
 298 0066 BFF36F8F 		isb														
 299 006a BFF34F8F 		dsb														
 300              	
 301              	@ 0 "" 2
 302              	.LVL20:
 303              		.thumb
 304              		.syntax unified
 305              	.L15:
 306              		.loc 2 195 2 is_stmt 0 view .LVU81
 307              	.LBE96:
 308              	.LBE95:
1042:Middlewares/Third_Party/FreeRTOS/Source/stream_buffer.c **** 		memcpy( ( void * ) pxStreamBuffer->pucBuffer, ( const void * ) &( pucData[ xFirstLength ] ), xCou
 309              		.loc 1 1042 3 is_stmt 1 discriminator 3 view .LVU82
1042:Middlewares/Third_Party/FreeRTOS/Source/stream_buffer.c **** 		memcpy( ( void * ) pxStreamBuffer->pucBuffer, ( const void * ) &( pucData[ xFirstLength ] ), xCou
 310              		.loc 1 1042 3 discriminator 3 view .LVU83
 311 006e FEE7     		b	.L15
 312              	.L14:
1042:Middlewares/Third_Party/FreeRTOS/Source/stream_buffer.c **** 		memcpy( ( void * ) pxStreamBuffer->pucBuffer, ( const void * ) &( pucData[ xFirstLength ] ), xCou
 313              		.loc 1 1042 71 discriminator 2 view .LVU84
1043:Middlewares/Third_Party/FreeRTOS/Source/stream_buffer.c **** 	}
 314              		.loc 1 1043 3 discriminator 2 view .LVU85
 315 0070 7119     		adds	r1, r6, r5
ARM GAS  C:\Users\31005\AppData\Local\Temp\ccLRqEhz.s 			page 31


 316 0072 A069     		ldr	r0, [r4, #24]
 317 0074 FFF7FEFF 		bl	memcpy
 318              	.LVL21:
 319              	.L13:
1047:Middlewares/Third_Party/FreeRTOS/Source/stream_buffer.c **** 	}
 320              		.loc 1 1047 27 view .LVU86
1050:Middlewares/Third_Party/FreeRTOS/Source/stream_buffer.c **** 	if( xNextHead >= pxStreamBuffer->xLength )
 321              		.loc 1 1050 2 view .LVU87
1050:Middlewares/Third_Party/FreeRTOS/Source/stream_buffer.c **** 	if( xNextHead >= pxStreamBuffer->xLength )
 322              		.loc 1 1050 12 is_stmt 0 view .LVU88
 323 0078 07EB0803 		add	r3, r7, r8
 324              	.LVL22:
1051:Middlewares/Third_Party/FreeRTOS/Source/stream_buffer.c **** 	{
 325              		.loc 1 1051 2 is_stmt 1 view .LVU89
1051:Middlewares/Third_Party/FreeRTOS/Source/stream_buffer.c **** 	{
 326              		.loc 1 1051 33 is_stmt 0 view .LVU90
 327 007c A268     		ldr	r2, [r4, #8]
1051:Middlewares/Third_Party/FreeRTOS/Source/stream_buffer.c **** 	{
 328              		.loc 1 1051 4 view .LVU91
 329 007e 9A42     		cmp	r2, r3
 330 0080 00D8     		bhi	.L16
1053:Middlewares/Third_Party/FreeRTOS/Source/stream_buffer.c **** 	}
 331              		.loc 1 1053 3 is_stmt 1 view .LVU92
1053:Middlewares/Third_Party/FreeRTOS/Source/stream_buffer.c **** 	}
 332              		.loc 1 1053 13 is_stmt 0 view .LVU93
 333 0082 9B1A     		subs	r3, r3, r2
 334              	.LVL23:
 335              	.L16:
1057:Middlewares/Third_Party/FreeRTOS/Source/stream_buffer.c **** 	}
 336              		.loc 1 1057 27 is_stmt 1 view .LVU94
1060:Middlewares/Third_Party/FreeRTOS/Source/stream_buffer.c **** 
 337              		.loc 1 1060 2 view .LVU95
1060:Middlewares/Third_Party/FreeRTOS/Source/stream_buffer.c **** 
 338              		.loc 1 1060 24 is_stmt 0 view .LVU96
 339 0084 6360     		str	r3, [r4, #4]
1062:Middlewares/Third_Party/FreeRTOS/Source/stream_buffer.c **** }
 340              		.loc 1 1062 2 is_stmt 1 view .LVU97
1063:Middlewares/Third_Party/FreeRTOS/Source/stream_buffer.c **** /*-----------------------------------------------------------*/
 341              		.loc 1 1063 1 is_stmt 0 view .LVU98
 342 0086 3846     		mov	r0, r7
 343 0088 BDE8F081 		pop	{r4, r5, r6, r7, r8, pc}
1063:Middlewares/Third_Party/FreeRTOS/Source/stream_buffer.c **** /*-----------------------------------------------------------*/
 344              		.loc 1 1063 1 view .LVU99
 345              		.cfi_endproc
 346              	.LFE21:
 348              		.section	.text.prvWriteMessageToBuffer,"ax",%progbits
 349              		.align	1
 350              		.syntax unified
 351              		.thumb
 352              		.thumb_func
 354              	prvWriteMessageToBuffer:
 355              	.LVL24:
 356              	.LFB13:
 644:Middlewares/Third_Party/FreeRTOS/Source/stream_buffer.c **** 	BaseType_t xShouldWrite;
 357              		.loc 1 644 1 is_stmt 1 view -0
 358              		.cfi_startproc
 359              		@ args = 4, pretend = 0, frame = 8
ARM GAS  C:\Users\31005\AppData\Local\Temp\ccLRqEhz.s 			page 32


 360              		@ frame_needed = 0, uses_anonymous_args = 0
 644:Middlewares/Third_Party/FreeRTOS/Source/stream_buffer.c **** 	BaseType_t xShouldWrite;
 361              		.loc 1 644 1 is_stmt 0 view .LVU101
 362 0000 30B5     		push	{r4, r5, lr}
 363              	.LCFI2:
 364              		.cfi_def_cfa_offset 12
 365              		.cfi_offset 4, -12
 366              		.cfi_offset 5, -8
 367              		.cfi_offset 14, -4
 368 0002 83B0     		sub	sp, sp, #12
 369              	.LCFI3:
 370              		.cfi_def_cfa_offset 24
 371 0004 0546     		mov	r5, r0
 372 0006 0192     		str	r2, [sp, #4]
 645:Middlewares/Third_Party/FreeRTOS/Source/stream_buffer.c **** 	size_t xReturn;
 373              		.loc 1 645 2 is_stmt 1 view .LVU102
 646:Middlewares/Third_Party/FreeRTOS/Source/stream_buffer.c **** 
 374              		.loc 1 646 2 view .LVU103
 648:Middlewares/Third_Party/FreeRTOS/Source/stream_buffer.c **** 	{
 375              		.loc 1 648 2 view .LVU104
 648:Middlewares/Third_Party/FreeRTOS/Source/stream_buffer.c **** 	{
 376              		.loc 1 648 4 is_stmt 0 view .LVU105
 377 0008 1846     		mov	r0, r3
 378              	.LVL25:
 648:Middlewares/Third_Party/FreeRTOS/Source/stream_buffer.c **** 	{
 379              		.loc 1 648 4 view .LVU106
 380 000a 6BB1     		cbz	r3, .L20
 381 000c 0C46     		mov	r4, r1
 654:Middlewares/Third_Party/FreeRTOS/Source/stream_buffer.c **** 	{
 382              		.loc 1 654 7 is_stmt 1 view .LVU107
 654:Middlewares/Third_Party/FreeRTOS/Source/stream_buffer.c **** 	{
 383              		.loc 1 654 27 is_stmt 0 view .LVU108
 384 000e 2B7F     		ldrb	r3, [r5, #28]	@ zero_extendqisi2
 385              	.LVL26:
 654:Middlewares/Third_Party/FreeRTOS/Source/stream_buffer.c **** 	{
 386              		.loc 1 654 9 view .LVU109
 387 0010 13F0010F 		tst	r3, #1
 388 0014 0AD1     		bne	.L21
 659:Middlewares/Third_Party/FreeRTOS/Source/stream_buffer.c **** 		xDataLengthBytes = configMIN( xDataLengthBytes, xSpace ); /*lint !e9044 Function parameter modifi
 389              		.loc 1 659 3 is_stmt 1 view .LVU110
 390              	.LVL27:
 660:Middlewares/Third_Party/FreeRTOS/Source/stream_buffer.c **** 	}
 391              		.loc 1 660 3 view .LVU111
 660:Middlewares/Third_Party/FreeRTOS/Source/stream_buffer.c **** 	}
 392              		.loc 1 660 22 is_stmt 0 view .LVU112
 393 0016 9042     		cmp	r0, r2
 394 0018 28BF     		it	cs
 395 001a 1046     		movcs	r0, r2
 396              	.LVL28:
 660:Middlewares/Third_Party/FreeRTOS/Source/stream_buffer.c **** 	}
 397              		.loc 1 660 20 view .LVU113
 398 001c 0190     		str	r0, [sp, #4]
 677:Middlewares/Third_Party/FreeRTOS/Source/stream_buffer.c **** 	{
 399              		.loc 1 677 2 is_stmt 1 view .LVU114
 400              	.LVL29:
 401              	.L22:
 680:Middlewares/Third_Party/FreeRTOS/Source/stream_buffer.c **** 	}
ARM GAS  C:\Users\31005\AppData\Local\Temp\ccLRqEhz.s 			page 33


 402              		.loc 1 680 3 view .LVU115
 680:Middlewares/Third_Party/FreeRTOS/Source/stream_buffer.c **** 	}
 403              		.loc 1 680 13 is_stmt 0 view .LVU116
 404 001e 019A     		ldr	r2, [sp, #4]
 405 0020 2146     		mov	r1, r4
 406 0022 2846     		mov	r0, r5
 407 0024 FFF7FEFF 		bl	prvWriteBytesToBuffer
 408              	.LVL30:
 409              	.L20:
 687:Middlewares/Third_Party/FreeRTOS/Source/stream_buffer.c **** }
 410              		.loc 1 687 2 is_stmt 1 view .LVU117
 688:Middlewares/Third_Party/FreeRTOS/Source/stream_buffer.c **** /*-----------------------------------------------------------*/
 411              		.loc 1 688 1 is_stmt 0 view .LVU118
 412 0028 03B0     		add	sp, sp, #12
 413              	.LCFI4:
 414              		.cfi_remember_state
 415              		.cfi_def_cfa_offset 12
 416              		@ sp needed
 417 002a 30BD     		pop	{r4, r5, pc}
 418              	.LVL31:
 419              	.L21:
 420              	.LCFI5:
 421              		.cfi_restore_state
 662:Middlewares/Third_Party/FreeRTOS/Source/stream_buffer.c **** 	{
 422              		.loc 1 662 7 is_stmt 1 view .LVU119
 662:Middlewares/Third_Party/FreeRTOS/Source/stream_buffer.c **** 	{
 423              		.loc 1 662 9 is_stmt 0 view .LVU120
 424 002c 069B     		ldr	r3, [sp, #24]
 425 002e 9842     		cmp	r0, r3
 426 0030 01D2     		bcs	.L25
 684:Middlewares/Third_Party/FreeRTOS/Source/stream_buffer.c **** 	}
 427              		.loc 1 684 11 view .LVU121
 428 0032 0020     		movs	r0, #0
 429              	.LVL32:
 684:Middlewares/Third_Party/FreeRTOS/Source/stream_buffer.c **** 	}
 430              		.loc 1 684 11 view .LVU122
 431 0034 F8E7     		b	.L20
 432              	.LVL33:
 433              	.L25:
 668:Middlewares/Third_Party/FreeRTOS/Source/stream_buffer.c **** 		( void ) prvWriteBytesToBuffer( pxStreamBuffer, ( const uint8_t * ) &( xDataLengthBytes ), sbBYTE
 434              		.loc 1 668 3 is_stmt 1 view .LVU123
 669:Middlewares/Third_Party/FreeRTOS/Source/stream_buffer.c **** 	}
 435              		.loc 1 669 3 view .LVU124
 669:Middlewares/Third_Party/FreeRTOS/Source/stream_buffer.c **** 	}
 436              		.loc 1 669 12 is_stmt 0 view .LVU125
 437 0036 0422     		movs	r2, #4
 438              	.LVL34:
 669:Middlewares/Third_Party/FreeRTOS/Source/stream_buffer.c **** 	}
 439              		.loc 1 669 12 view .LVU126
 440 0038 0DEB0201 		add	r1, sp, r2
 441              	.LVL35:
 669:Middlewares/Third_Party/FreeRTOS/Source/stream_buffer.c **** 	}
 442              		.loc 1 669 12 view .LVU127
 443 003c 2846     		mov	r0, r5
 444              	.LVL36:
 669:Middlewares/Third_Party/FreeRTOS/Source/stream_buffer.c **** 	}
 445              		.loc 1 669 12 view .LVU128
ARM GAS  C:\Users\31005\AppData\Local\Temp\ccLRqEhz.s 			page 34


 446 003e FFF7FEFF 		bl	prvWriteBytesToBuffer
 447              	.LVL37:
 677:Middlewares/Third_Party/FreeRTOS/Source/stream_buffer.c **** 	{
 448              		.loc 1 677 2 is_stmt 1 view .LVU129
 449 0042 ECE7     		b	.L22
 450              		.cfi_endproc
 451              	.LFE13:
 453              		.section	.text.prvReadBytesFromBuffer,"ax",%progbits
 454              		.align	1
 455              		.syntax unified
 456              		.thumb
 457              		.thumb_func
 459              	prvReadBytesFromBuffer:
 460              	.LVL38:
 461              	.LFB22:
1067:Middlewares/Third_Party/FreeRTOS/Source/stream_buffer.c **** size_t xCount, xFirstLength, xNextTail;
 462              		.loc 1 1067 1 view -0
 463              		.cfi_startproc
 464              		@ args = 0, pretend = 0, frame = 0
 465              		@ frame_needed = 0, uses_anonymous_args = 0
1067:Middlewares/Third_Party/FreeRTOS/Source/stream_buffer.c **** size_t xCount, xFirstLength, xNextTail;
 466              		.loc 1 1067 1 is_stmt 0 view .LVU131
 467 0000 2DE9F041 		push	{r4, r5, r6, r7, r8, lr}
 468              	.LCFI6:
 469              		.cfi_def_cfa_offset 24
 470              		.cfi_offset 4, -24
 471              		.cfi_offset 5, -20
 472              		.cfi_offset 6, -16
 473              		.cfi_offset 7, -12
 474              		.cfi_offset 8, -8
 475              		.cfi_offset 14, -4
1068:Middlewares/Third_Party/FreeRTOS/Source/stream_buffer.c **** 
 476              		.loc 1 1068 1 is_stmt 1 view .LVU132
1071:Middlewares/Third_Party/FreeRTOS/Source/stream_buffer.c **** 
 477              		.loc 1 1071 2 view .LVU133
1071:Middlewares/Third_Party/FreeRTOS/Source/stream_buffer.c **** 
 478              		.loc 1 1071 9 is_stmt 0 view .LVU134
 479 0004 9342     		cmp	r3, r2
 480 0006 28BF     		it	cs
 481 0008 1346     		movcs	r3, r2
 482              	.LVL39:
1071:Middlewares/Third_Party/FreeRTOS/Source/stream_buffer.c **** 
 483              		.loc 1 1071 9 view .LVU135
 484 000a 1C46     		mov	r4, r3
 485              	.LVL40:
1073:Middlewares/Third_Party/FreeRTOS/Source/stream_buffer.c **** 	{
 486              		.loc 1 1073 2 is_stmt 1 view .LVU136
1073:Middlewares/Third_Party/FreeRTOS/Source/stream_buffer.c **** 	{
 487              		.loc 1 1073 4 is_stmt 0 view .LVU137
 488 000c 83B3     		cbz	r3, .L26
 489 000e 0646     		mov	r6, r0
 490 0010 0F46     		mov	r7, r1
1075:Middlewares/Third_Party/FreeRTOS/Source/stream_buffer.c **** 
 491              		.loc 1 1075 3 is_stmt 1 view .LVU138
1075:Middlewares/Third_Party/FreeRTOS/Source/stream_buffer.c **** 
 492              		.loc 1 1075 13 is_stmt 0 view .LVU139
 493 0012 D0F80080 		ldr	r8, [r0]
ARM GAS  C:\Users\31005\AppData\Local\Temp\ccLRqEhz.s 			page 35


 494              	.LVL41:
1080:Middlewares/Third_Party/FreeRTOS/Source/stream_buffer.c **** 
 495              		.loc 1 1080 3 is_stmt 1 view .LVU140
1080:Middlewares/Third_Party/FreeRTOS/Source/stream_buffer.c **** 
 496              		.loc 1 1080 18 is_stmt 0 view .LVU141
 497 0016 8368     		ldr	r3, [r0, #8]
 498              	.LVL42:
1080:Middlewares/Third_Party/FreeRTOS/Source/stream_buffer.c **** 
 499              		.loc 1 1080 18 view .LVU142
 500 0018 A3EB0805 		sub	r5, r3, r8
1080:Middlewares/Third_Party/FreeRTOS/Source/stream_buffer.c **** 
 501              		.loc 1 1080 16 view .LVU143
 502 001c A542     		cmp	r5, r4
 503 001e 28BF     		it	cs
 504 0020 2546     		movcs	r5, r4
 505              	.LVL43:
1084:Middlewares/Third_Party/FreeRTOS/Source/stream_buffer.c **** 		configASSERT( ( xNextTail + xFirstLength ) <= pxStreamBuffer->xLength );
 506              		.loc 1 1084 3 is_stmt 1 view .LVU144
 507 0022 AA42     		cmp	r2, r5
 508 0024 08D2     		bcs	.L28
1084:Middlewares/Third_Party/FreeRTOS/Source/stream_buffer.c **** 		configASSERT( ( xNextTail + xFirstLength ) <= pxStreamBuffer->xLength );
 509              		.loc 1 1084 3 view .LVU145
 510              	.LBB97:
 511              	.LBI97:
 191:Middlewares/Third_Party/FreeRTOS/Source/portable/GCC/ARM_CM4F/portmacro.h **** {
 512              		.loc 2 191 30 view .LVU146
 513              	.LBB98:
 193:Middlewares/Third_Party/FreeRTOS/Source/portable/GCC/ARM_CM4F/portmacro.h **** 
 514              		.loc 2 193 1 view .LVU147
 515              		.loc 2 195 2 view .LVU148
 516              		.syntax unified
 517              	@ 195 "Middlewares/Third_Party/FreeRTOS/Source/portable/GCC/ARM_CM4F/portmacro.h" 1
 518 0026 4FF05003 			mov r3, #80												
 519 002a 83F31188 		msr basepri, r3											
 520 002e BFF36F8F 		isb														
 521 0032 BFF34F8F 		dsb														
 522              	
 523              	@ 0 "" 2
 524              	.LVL44:
 525              		.thumb
 526              		.syntax unified
 527              	.L29:
 528              		.loc 2 195 2 is_stmt 0 view .LVU149
 529              	.LBE98:
 530              	.LBE97:
1084:Middlewares/Third_Party/FreeRTOS/Source/stream_buffer.c **** 		configASSERT( ( xNextTail + xFirstLength ) <= pxStreamBuffer->xLength );
 531              		.loc 1 1084 3 is_stmt 1 discriminator 1 view .LVU150
1084:Middlewares/Third_Party/FreeRTOS/Source/stream_buffer.c **** 		configASSERT( ( xNextTail + xFirstLength ) <= pxStreamBuffer->xLength );
 532              		.loc 1 1084 3 discriminator 1 view .LVU151
 533 0036 FEE7     		b	.L29
 534              	.L28:
1084:Middlewares/Third_Party/FreeRTOS/Source/stream_buffer.c **** 		configASSERT( ( xNextTail + xFirstLength ) <= pxStreamBuffer->xLength );
 535              		.loc 1 1084 44 discriminator 2 view .LVU152
1085:Middlewares/Third_Party/FreeRTOS/Source/stream_buffer.c **** 		memcpy( ( void * ) pucData, ( const void * ) &( pxStreamBuffer->pucBuffer[ xNextTail ] ), xFirstL
 536              		.loc 1 1085 3 discriminator 2 view .LVU153
 537 0038 08EB0502 		add	r2, r8, r5
 538              	.LVL45:
ARM GAS  C:\Users\31005\AppData\Local\Temp\ccLRqEhz.s 			page 36


1085:Middlewares/Third_Party/FreeRTOS/Source/stream_buffer.c **** 		memcpy( ( void * ) pucData, ( const void * ) &( pxStreamBuffer->pucBuffer[ xNextTail ] ), xFirstL
 539              		.loc 1 1085 3 is_stmt 0 discriminator 2 view .LVU154
 540 003c 9342     		cmp	r3, r2
 541 003e 08D2     		bcs	.L30
1085:Middlewares/Third_Party/FreeRTOS/Source/stream_buffer.c **** 		memcpy( ( void * ) pucData, ( const void * ) &( pxStreamBuffer->pucBuffer[ xNextTail ] ), xFirstL
 542              		.loc 1 1085 3 is_stmt 1 view .LVU155
 543              	.LBB99:
 544              	.LBI99:
 191:Middlewares/Third_Party/FreeRTOS/Source/portable/GCC/ARM_CM4F/portmacro.h **** {
 545              		.loc 2 191 30 view .LVU156
 546              	.LBB100:
 193:Middlewares/Third_Party/FreeRTOS/Source/portable/GCC/ARM_CM4F/portmacro.h **** 
 547              		.loc 2 193 1 view .LVU157
 548              		.loc 2 195 2 view .LVU158
 549              		.syntax unified
 550              	@ 195 "Middlewares/Third_Party/FreeRTOS/Source/portable/GCC/ARM_CM4F/portmacro.h" 1
 551 0040 4FF05003 			mov r3, #80												
 552 0044 83F31188 		msr basepri, r3											
 553 0048 BFF36F8F 		isb														
 554 004c BFF34F8F 		dsb														
 555              	
 556              	@ 0 "" 2
 557              	.LVL46:
 558              		.thumb
 559              		.syntax unified
 560              	.L31:
 561              		.loc 2 195 2 is_stmt 0 view .LVU159
 562              	.LBE100:
 563              	.LBE99:
1085:Middlewares/Third_Party/FreeRTOS/Source/stream_buffer.c **** 		memcpy( ( void * ) pucData, ( const void * ) &( pxStreamBuffer->pucBuffer[ xNextTail ] ), xFirstL
 564              		.loc 1 1085 3 is_stmt 1 discriminator 2 view .LVU160
1085:Middlewares/Third_Party/FreeRTOS/Source/stream_buffer.c **** 		memcpy( ( void * ) pucData, ( const void * ) &( pxStreamBuffer->pucBuffer[ xNextTail ] ), xFirstL
 565              		.loc 1 1085 3 discriminator 2 view .LVU161
 566 0050 FEE7     		b	.L31
 567              	.L30:
1085:Middlewares/Third_Party/FreeRTOS/Source/stream_buffer.c **** 		memcpy( ( void * ) pucData, ( const void * ) &( pxStreamBuffer->pucBuffer[ xNextTail ] ), xFirstL
 568              		.loc 1 1085 74 discriminator 2 view .LVU162
1086:Middlewares/Third_Party/FreeRTOS/Source/stream_buffer.c **** 
 569              		.loc 1 1086 3 discriminator 2 view .LVU163
1086:Middlewares/Third_Party/FreeRTOS/Source/stream_buffer.c **** 
 570              		.loc 1 1086 65 is_stmt 0 discriminator 2 view .LVU164
 571 0052 8169     		ldr	r1, [r0, #24]
 572              	.LVL47:
1086:Middlewares/Third_Party/FreeRTOS/Source/stream_buffer.c **** 
 573              		.loc 1 1086 3 discriminator 2 view .LVU165
 574 0054 2A46     		mov	r2, r5
 575 0056 4144     		add	r1, r1, r8
 576 0058 3846     		mov	r0, r7
 577              	.LVL48:
1086:Middlewares/Third_Party/FreeRTOS/Source/stream_buffer.c **** 
 578              		.loc 1 1086 3 discriminator 2 view .LVU166
 579 005a FFF7FEFF 		bl	memcpy
 580              	.LVL49:
1090:Middlewares/Third_Party/FreeRTOS/Source/stream_buffer.c **** 		{
 581              		.loc 1 1090 3 is_stmt 1 discriminator 2 view .LVU167
1090:Middlewares/Third_Party/FreeRTOS/Source/stream_buffer.c **** 		{
 582              		.loc 1 1090 5 is_stmt 0 discriminator 2 view .LVU168
ARM GAS  C:\Users\31005\AppData\Local\Temp\ccLRqEhz.s 			page 37


 583 005e AC42     		cmp	r4, r5
 584 0060 09D8     		bhi	.L35
 585              	.L32:
1098:Middlewares/Third_Party/FreeRTOS/Source/stream_buffer.c **** 		}
 586              		.loc 1 1098 28 is_stmt 1 view .LVU169
1103:Middlewares/Third_Party/FreeRTOS/Source/stream_buffer.c **** 
 587              		.loc 1 1103 3 view .LVU170
1103:Middlewares/Third_Party/FreeRTOS/Source/stream_buffer.c **** 
 588              		.loc 1 1103 13 is_stmt 0 view .LVU171
 589 0062 04EB0803 		add	r3, r4, r8
 590              	.LVL50:
1105:Middlewares/Third_Party/FreeRTOS/Source/stream_buffer.c **** 		{
 591              		.loc 1 1105 3 is_stmt 1 view .LVU172
1105:Middlewares/Third_Party/FreeRTOS/Source/stream_buffer.c **** 		{
 592              		.loc 1 1105 34 is_stmt 0 view .LVU173
 593 0066 B268     		ldr	r2, [r6, #8]
1105:Middlewares/Third_Party/FreeRTOS/Source/stream_buffer.c **** 		{
 594              		.loc 1 1105 5 view .LVU174
 595 0068 9A42     		cmp	r2, r3
 596 006a 00D8     		bhi	.L33
1107:Middlewares/Third_Party/FreeRTOS/Source/stream_buffer.c **** 		}
 597              		.loc 1 1107 4 is_stmt 1 view .LVU175
1107:Middlewares/Third_Party/FreeRTOS/Source/stream_buffer.c **** 		}
 598              		.loc 1 1107 14 is_stmt 0 view .LVU176
 599 006c 9B1A     		subs	r3, r3, r2
 600              	.LVL51:
 601              	.L33:
1110:Middlewares/Third_Party/FreeRTOS/Source/stream_buffer.c **** 	}
 602              		.loc 1 1110 3 is_stmt 1 view .LVU177
1110:Middlewares/Third_Party/FreeRTOS/Source/stream_buffer.c **** 	}
 603              		.loc 1 1110 25 is_stmt 0 view .LVU178
 604 006e 3360     		str	r3, [r6]
1114:Middlewares/Third_Party/FreeRTOS/Source/stream_buffer.c **** 	}
 605              		.loc 1 1114 27 is_stmt 1 view .LVU179
1117:Middlewares/Third_Party/FreeRTOS/Source/stream_buffer.c **** }
 606              		.loc 1 1117 2 view .LVU180
 607              	.LVL52:
 608              	.L26:
1118:Middlewares/Third_Party/FreeRTOS/Source/stream_buffer.c **** /*-----------------------------------------------------------*/
 609              		.loc 1 1118 1 is_stmt 0 view .LVU181
 610 0070 2046     		mov	r0, r4
 611 0072 BDE8F081 		pop	{r4, r5, r6, r7, r8, pc}
 612              	.LVL53:
 613              	.L35:
1093:Middlewares/Third_Party/FreeRTOS/Source/stream_buffer.c **** 			memcpy( ( void * ) &( pucData[ xFirstLength ] ), ( void * ) ( pxStreamBuffer->pucBuffer ), xCoun
 614              		.loc 1 1093 4 is_stmt 1 discriminator 2 view .LVU182
1093:Middlewares/Third_Party/FreeRTOS/Source/stream_buffer.c **** 			memcpy( ( void * ) &( pucData[ xFirstLength ] ), ( void * ) ( pxStreamBuffer->pucBuffer ), xCoun
 615              		.loc 1 1093 39 discriminator 2 view .LVU183
1094:Middlewares/Third_Party/FreeRTOS/Source/stream_buffer.c **** 		}
 616              		.loc 1 1094 4 discriminator 2 view .LVU184
 617 0076 621B     		subs	r2, r4, r5
 618 0078 B169     		ldr	r1, [r6, #24]
 619 007a 7819     		adds	r0, r7, r5
 620 007c FFF7FEFF 		bl	memcpy
 621              	.LVL54:
 622 0080 EFE7     		b	.L32
 623              		.cfi_endproc
ARM GAS  C:\Users\31005\AppData\Local\Temp\ccLRqEhz.s 			page 38


 624              	.LFE22:
 626              		.section	.text.prvReadMessageFromBuffer,"ax",%progbits
 627              		.align	1
 628              		.syntax unified
 629              		.thumb
 630              		.thumb_func
 632              	prvReadMessageFromBuffer:
 633              	.LVL55:
 634              	.LFB16:
 857:Middlewares/Third_Party/FreeRTOS/Source/stream_buffer.c **** size_t xOriginalTail, xReceivedLength, xNextMessageLength;
 635              		.loc 1 857 1 view -0
 636              		.cfi_startproc
 637              		@ args = 4, pretend = 0, frame = 8
 638              		@ frame_needed = 0, uses_anonymous_args = 0
 857:Middlewares/Third_Party/FreeRTOS/Source/stream_buffer.c **** size_t xOriginalTail, xReceivedLength, xNextMessageLength;
 639              		.loc 1 857 1 is_stmt 0 view .LVU186
 640 0000 2DE9F043 		push	{r4, r5, r6, r7, r8, r9, lr}
 641              	.LCFI7:
 642              		.cfi_def_cfa_offset 28
 643              		.cfi_offset 4, -28
 644              		.cfi_offset 5, -24
 645              		.cfi_offset 6, -20
 646              		.cfi_offset 7, -16
 647              		.cfi_offset 8, -12
 648              		.cfi_offset 9, -8
 649              		.cfi_offset 14, -4
 650 0004 83B0     		sub	sp, sp, #12
 651              	.LCFI8:
 652              		.cfi_def_cfa_offset 40
 653 0006 0546     		mov	r5, r0
 654 0008 0E46     		mov	r6, r1
 655 000a 1746     		mov	r7, r2
 656 000c 1C46     		mov	r4, r3
 657 000e DDF82880 		ldr	r8, [sp, #40]
 858:Middlewares/Third_Party/FreeRTOS/Source/stream_buffer.c **** 
 658              		.loc 1 858 1 is_stmt 1 view .LVU187
 860:Middlewares/Third_Party/FreeRTOS/Source/stream_buffer.c **** 	{
 659              		.loc 1 860 2 view .LVU188
 860:Middlewares/Third_Party/FreeRTOS/Source/stream_buffer.c **** 	{
 660              		.loc 1 860 4 is_stmt 0 view .LVU189
 661 0012 B8F1000F 		cmp	r8, #0
 662 0016 09D1     		bne	.L40
 892:Middlewares/Third_Party/FreeRTOS/Source/stream_buffer.c **** 	}
 663              		.loc 1 892 3 is_stmt 1 view .LVU190
 892:Middlewares/Third_Party/FreeRTOS/Source/stream_buffer.c **** 	}
 664              		.loc 1 892 22 is_stmt 0 view .LVU191
 665 0018 0192     		str	r2, [sp, #4]
 666              	.LVL56:
 667              	.L38:
 896:Middlewares/Third_Party/FreeRTOS/Source/stream_buffer.c **** 
 668              		.loc 1 896 2 is_stmt 1 view .LVU192
 896:Middlewares/Third_Party/FreeRTOS/Source/stream_buffer.c **** 
 669              		.loc 1 896 20 is_stmt 0 view .LVU193
 670 001a 2346     		mov	r3, r4
 671 001c 019A     		ldr	r2, [sp, #4]
 672 001e 3146     		mov	r1, r6
 673 0020 2846     		mov	r0, r5
ARM GAS  C:\Users\31005\AppData\Local\Temp\ccLRqEhz.s 			page 39


 674 0022 FFF7FEFF 		bl	prvReadBytesFromBuffer
 675              	.LVL57:
 898:Middlewares/Third_Party/FreeRTOS/Source/stream_buffer.c **** }
 676              		.loc 1 898 2 is_stmt 1 view .LVU194
 899:Middlewares/Third_Party/FreeRTOS/Source/stream_buffer.c **** /*-----------------------------------------------------------*/
 677              		.loc 1 899 1 is_stmt 0 view .LVU195
 678 0026 03B0     		add	sp, sp, #12
 679              	.LCFI9:
 680              		.cfi_remember_state
 681              		.cfi_def_cfa_offset 28
 682              		@ sp needed
 683 0028 BDE8F083 		pop	{r4, r5, r6, r7, r8, r9, pc}
 684              	.LVL58:
 685              	.L40:
 686              	.LCFI10:
 687              		.cfi_restore_state
 866:Middlewares/Third_Party/FreeRTOS/Source/stream_buffer.c **** 		( void ) prvReadBytesFromBuffer( pxStreamBuffer, ( uint8_t * ) &xNextMessageLength, xBytesToStore
 688              		.loc 1 866 3 is_stmt 1 view .LVU196
 866:Middlewares/Third_Party/FreeRTOS/Source/stream_buffer.c **** 		( void ) prvReadBytesFromBuffer( pxStreamBuffer, ( uint8_t * ) &xNextMessageLength, xBytesToStore
 689              		.loc 1 866 17 is_stmt 0 view .LVU197
 690 002c D0F80090 		ldr	r9, [r0]
 691              	.LVL59:
 867:Middlewares/Third_Party/FreeRTOS/Source/stream_buffer.c **** 
 692              		.loc 1 867 3 is_stmt 1 view .LVU198
 867:Middlewares/Third_Party/FreeRTOS/Source/stream_buffer.c **** 
 693              		.loc 1 867 12 is_stmt 0 view .LVU199
 694 0030 4246     		mov	r2, r8
 695              	.LVL60:
 867:Middlewares/Third_Party/FreeRTOS/Source/stream_buffer.c **** 
 696              		.loc 1 867 12 view .LVU200
 697 0032 01A9     		add	r1, sp, #4
 698              	.LVL61:
 867:Middlewares/Third_Party/FreeRTOS/Source/stream_buffer.c **** 
 699              		.loc 1 867 12 view .LVU201
 700 0034 FFF7FEFF 		bl	prvReadBytesFromBuffer
 701              	.LVL62:
 871:Middlewares/Third_Party/FreeRTOS/Source/stream_buffer.c **** 
 702              		.loc 1 871 3 is_stmt 1 view .LVU202
 871:Middlewares/Third_Party/FreeRTOS/Source/stream_buffer.c **** 
 703              		.loc 1 871 19 is_stmt 0 view .LVU203
 704 0038 A4EB0804 		sub	r4, r4, r8
 705              	.LVL63:
 875:Middlewares/Third_Party/FreeRTOS/Source/stream_buffer.c **** 		{
 706              		.loc 1 875 3 is_stmt 1 view .LVU204
 875:Middlewares/Third_Party/FreeRTOS/Source/stream_buffer.c **** 		{
 707              		.loc 1 875 26 is_stmt 0 view .LVU205
 708 003c 019B     		ldr	r3, [sp, #4]
 875:Middlewares/Third_Party/FreeRTOS/Source/stream_buffer.c **** 		{
 709              		.loc 1 875 5 view .LVU206
 710 003e BB42     		cmp	r3, r7
 711 0040 EBD9     		bls	.L38
 880:Middlewares/Third_Party/FreeRTOS/Source/stream_buffer.c **** 			xNextMessageLength = 0;
 712              		.loc 1 880 4 is_stmt 1 view .LVU207
 880:Middlewares/Third_Party/FreeRTOS/Source/stream_buffer.c **** 			xNextMessageLength = 0;
 713              		.loc 1 880 26 is_stmt 0 view .LVU208
 714 0042 C5F80090 		str	r9, [r5]
 881:Middlewares/Third_Party/FreeRTOS/Source/stream_buffer.c **** 		}
ARM GAS  C:\Users\31005\AppData\Local\Temp\ccLRqEhz.s 			page 40


 715              		.loc 1 881 4 is_stmt 1 view .LVU209
 881:Middlewares/Third_Party/FreeRTOS/Source/stream_buffer.c **** 		}
 716              		.loc 1 881 23 is_stmt 0 view .LVU210
 717 0046 0023     		movs	r3, #0
 718 0048 0193     		str	r3, [sp, #4]
 719 004a E6E7     		b	.L38
 720              		.cfi_endproc
 721              	.LFE16:
 723              		.section	.text.xStreamBufferGenericCreate,"ax",%progbits
 724              		.align	1
 725              		.global	xStreamBufferGenericCreate
 726              		.syntax unified
 727              		.thumb
 728              		.thumb_func
 730              	xStreamBufferGenericCreate:
 731              	.LVL64:
 732              	.LFB4:
 220:Middlewares/Third_Party/FreeRTOS/Source/stream_buffer.c **** 	uint8_t *pucAllocatedMemory;
 733              		.loc 1 220 2 is_stmt 1 view -0
 734              		.cfi_startproc
 735              		@ args = 0, pretend = 0, frame = 0
 736              		@ frame_needed = 0, uses_anonymous_args = 0
 221:Middlewares/Third_Party/FreeRTOS/Source/stream_buffer.c **** 
 737              		.loc 1 221 2 view .LVU212
 227:Middlewares/Third_Party/FreeRTOS/Source/stream_buffer.c **** 		configASSERT( xTriggerLevelBytes <= xBufferSizeBytes );
 738              		.loc 1 227 3 view .LVU213
 739 0000 0428     		cmp	r0, #4
 740 0002 08D8     		bhi	.L42
 227:Middlewares/Third_Party/FreeRTOS/Source/stream_buffer.c **** 		configASSERT( xTriggerLevelBytes <= xBufferSizeBytes );
 741              		.loc 1 227 3 view .LVU214
 742              	.LBB101:
 743              	.LBI101:
 191:Middlewares/Third_Party/FreeRTOS/Source/portable/GCC/ARM_CM4F/portmacro.h **** {
 744              		.loc 2 191 30 view .LVU215
 745              	.LBB102:
 193:Middlewares/Third_Party/FreeRTOS/Source/portable/GCC/ARM_CM4F/portmacro.h **** 
 746              		.loc 2 193 1 view .LVU216
 747              		.loc 2 195 2 view .LVU217
 748              		.syntax unified
 749              	@ 195 "Middlewares/Third_Party/FreeRTOS/Source/portable/GCC/ARM_CM4F/portmacro.h" 1
 750 0004 4FF05003 			mov r3, #80												
 751 0008 83F31188 		msr basepri, r3											
 752 000c BFF36F8F 		isb														
 753 0010 BFF34F8F 		dsb														
 754              	
 755              	@ 0 "" 2
 756              	.LVL65:
 757              		.thumb
 758              		.syntax unified
 759              	.L43:
 760              		.loc 2 195 2 is_stmt 0 view .LVU218
 761              	.LBE102:
 762              	.LBE101:
 227:Middlewares/Third_Party/FreeRTOS/Source/stream_buffer.c **** 		configASSERT( xTriggerLevelBytes <= xBufferSizeBytes );
 763              		.loc 1 227 3 is_stmt 1 discriminator 1 view .LVU219
 227:Middlewares/Third_Party/FreeRTOS/Source/stream_buffer.c **** 		configASSERT( xTriggerLevelBytes <= xBufferSizeBytes );
 764              		.loc 1 227 3 discriminator 1 view .LVU220
ARM GAS  C:\Users\31005\AppData\Local\Temp\ccLRqEhz.s 			page 41


 765 0014 FEE7     		b	.L43
 766              	.L42:
 220:Middlewares/Third_Party/FreeRTOS/Source/stream_buffer.c **** 	uint8_t *pucAllocatedMemory;
 767              		.loc 1 220 2 is_stmt 0 discriminator 2 view .LVU221
 768 0016 F0B5     		push	{r4, r5, r6, r7, lr}
 769              	.LCFI11:
 770              		.cfi_def_cfa_offset 20
 771              		.cfi_offset 4, -20
 772              		.cfi_offset 5, -16
 773              		.cfi_offset 6, -12
 774              		.cfi_offset 7, -8
 775              		.cfi_offset 14, -4
 776 0018 83B0     		sub	sp, sp, #12
 777              	.LCFI12:
 778              		.cfi_def_cfa_offset 32
 779 001a 0C46     		mov	r4, r1
 780 001c 1546     		mov	r5, r2
 227:Middlewares/Third_Party/FreeRTOS/Source/stream_buffer.c **** 		configASSERT( xTriggerLevelBytes <= xBufferSizeBytes );
 781              		.loc 1 227 69 is_stmt 1 discriminator 2 view .LVU222
 228:Middlewares/Third_Party/FreeRTOS/Source/stream_buffer.c **** 
 782              		.loc 1 228 3 discriminator 2 view .LVU223
 783 001e 8842     		cmp	r0, r1
 784 0020 08D2     		bcs	.L44
 228:Middlewares/Third_Party/FreeRTOS/Source/stream_buffer.c **** 
 785              		.loc 1 228 3 view .LVU224
 786              	.LBB103:
 787              	.LBI103:
 191:Middlewares/Third_Party/FreeRTOS/Source/portable/GCC/ARM_CM4F/portmacro.h **** {
 788              		.loc 2 191 30 view .LVU225
 789              	.LBB104:
 193:Middlewares/Third_Party/FreeRTOS/Source/portable/GCC/ARM_CM4F/portmacro.h **** 
 790              		.loc 2 193 1 view .LVU226
 791              		.loc 2 195 2 view .LVU227
 792              		.syntax unified
 793              	@ 195 "Middlewares/Third_Party/FreeRTOS/Source/portable/GCC/ARM_CM4F/portmacro.h" 1
 794 0022 4FF05003 			mov r3, #80												
 795 0026 83F31188 		msr basepri, r3											
 796 002a BFF36F8F 		isb														
 797 002e BFF34F8F 		dsb														
 798              	
 799              	@ 0 "" 2
 800              	.LVL66:
 801              		.thumb
 802              		.syntax unified
 803              	.L45:
 804              		.loc 2 195 2 is_stmt 0 view .LVU228
 805              	.LBE104:
 806              	.LBE103:
 228:Middlewares/Third_Party/FreeRTOS/Source/stream_buffer.c **** 
 807              		.loc 1 228 3 is_stmt 1 discriminator 2 view .LVU229
 228:Middlewares/Third_Party/FreeRTOS/Source/stream_buffer.c **** 
 808              		.loc 1 228 3 discriminator 2 view .LVU230
 809 0032 FEE7     		b	.L45
 810              	.L44:
 228:Middlewares/Third_Party/FreeRTOS/Source/stream_buffer.c **** 
 811              		.loc 1 228 57 discriminator 2 view .LVU231
 232:Middlewares/Third_Party/FreeRTOS/Source/stream_buffer.c **** 		{
ARM GAS  C:\Users\31005\AppData\Local\Temp\ccLRqEhz.s 			page 42


 812              		.loc 1 232 3 discriminator 2 view .LVU232
 232:Middlewares/Third_Party/FreeRTOS/Source/stream_buffer.c **** 		{
 813              		.loc 1 232 5 is_stmt 0 discriminator 2 view .LVU233
 814 0034 01B9     		cbnz	r1, .L46
 234:Middlewares/Third_Party/FreeRTOS/Source/stream_buffer.c **** 		}
 815              		.loc 1 234 23 view .LVU234
 816 0036 0124     		movs	r4, #1
 817              	.L46:
 818              	.LVL67:
 245:Middlewares/Third_Party/FreeRTOS/Source/stream_buffer.c **** 		pucAllocatedMemory = ( uint8_t * ) pvPortMalloc( xBufferSizeBytes + sizeof( StreamBuffer_t ) ); /
 819              		.loc 1 245 3 is_stmt 1 view .LVU235
 245:Middlewares/Third_Party/FreeRTOS/Source/stream_buffer.c **** 		pucAllocatedMemory = ( uint8_t * ) pvPortMalloc( xBufferSizeBytes + sizeof( StreamBuffer_t ) ); /
 820              		.loc 1 245 19 is_stmt 0 view .LVU236
 821 0038 471C     		adds	r7, r0, #1
 822              	.LVL68:
 246:Middlewares/Third_Party/FreeRTOS/Source/stream_buffer.c **** 
 823              		.loc 1 246 3 is_stmt 1 view .LVU237
 246:Middlewares/Third_Party/FreeRTOS/Source/stream_buffer.c **** 
 824              		.loc 1 246 38 is_stmt 0 view .LVU238
 825 003a 2530     		adds	r0, r0, #37
 826 003c FFF7FEFF 		bl	pvPortMalloc
 827              	.LVL69:
 248:Middlewares/Third_Party/FreeRTOS/Source/stream_buffer.c **** 		{
 828              		.loc 1 248 3 is_stmt 1 view .LVU239
 248:Middlewares/Third_Party/FreeRTOS/Source/stream_buffer.c **** 		{
 829              		.loc 1 248 5 is_stmt 0 view .LVU240
 830 0040 0646     		mov	r6, r0
 831 0042 30B1     		cbz	r0, .L41
 250:Middlewares/Third_Party/FreeRTOS/Source/stream_buffer.c **** 										   pucAllocatedMemory + sizeof( StreamBuffer_t ),  /* Storage area follows. */ /*lint !e9
 832              		.loc 1 250 4 is_stmt 1 view .LVU241
 833 0044 0095     		str	r5, [sp]
 834 0046 2346     		mov	r3, r4
 835 0048 3A46     		mov	r2, r7
 836 004a 00F12401 		add	r1, r0, #36
 837 004e FFF7FEFF 		bl	prvInitialiseNewStreamBuffer
 838              	.LVL70:
 256:Middlewares/Third_Party/FreeRTOS/Source/stream_buffer.c **** 		}
 839              		.loc 1 256 94 view .LVU242
 260:Middlewares/Third_Party/FreeRTOS/Source/stream_buffer.c **** 		}
 840              		.loc 1 260 56 view .LVU243
 263:Middlewares/Third_Party/FreeRTOS/Source/stream_buffer.c **** 	}
 841              		.loc 1 263 3 view .LVU244
 842              	.L41:
 264:Middlewares/Third_Party/FreeRTOS/Source/stream_buffer.c **** 
 843              		.loc 1 264 2 is_stmt 0 view .LVU245
 844 0052 3046     		mov	r0, r6
 845 0054 03B0     		add	sp, sp, #12
 846              	.LCFI13:
 847              		.cfi_def_cfa_offset 20
 848              		@ sp needed
 849 0056 F0BD     		pop	{r4, r5, r6, r7, pc}
 264:Middlewares/Third_Party/FreeRTOS/Source/stream_buffer.c **** 
 850              		.loc 1 264 2 view .LVU246
 851              		.cfi_endproc
 852              	.LFE4:
 854              		.section	.text.xStreamBufferGenericCreateStatic,"ax",%progbits
 855              		.align	1
ARM GAS  C:\Users\31005\AppData\Local\Temp\ccLRqEhz.s 			page 43


 856              		.global	xStreamBufferGenericCreateStatic
 857              		.syntax unified
 858              		.thumb
 859              		.thumb_func
 861              	xStreamBufferGenericCreateStatic:
 862              	.LVL71:
 863              	.LFB5:
 276:Middlewares/Third_Party/FreeRTOS/Source/stream_buffer.c **** 	StreamBuffer_t * const pxStreamBuffer = ( StreamBuffer_t * ) pxStaticStreamBuffer; /*lint !e740 !e
 864              		.loc 1 276 2 is_stmt 1 view -0
 865              		.cfi_startproc
 866              		@ args = 4, pretend = 0, frame = 8
 867              		@ frame_needed = 0, uses_anonymous_args = 0
 277:Middlewares/Third_Party/FreeRTOS/Source/stream_buffer.c **** 	StreamBufferHandle_t xReturn;
 868              		.loc 1 277 2 view .LVU248
 278:Middlewares/Third_Party/FreeRTOS/Source/stream_buffer.c **** 
 869              		.loc 1 278 2 view .LVU249
 280:Middlewares/Third_Party/FreeRTOS/Source/stream_buffer.c **** 		configASSERT( pxStaticStreamBuffer );
 870              		.loc 1 280 3 view .LVU250
 871 0000 7BB1     		cbz	r3, .L66
 276:Middlewares/Third_Party/FreeRTOS/Source/stream_buffer.c **** 	StreamBuffer_t * const pxStreamBuffer = ( StreamBuffer_t * ) pxStaticStreamBuffer; /*lint !e740 !e
 872              		.loc 1 276 2 is_stmt 0 discriminator 2 view .LVU251
 873 0002 00B5     		push	{lr}
 874              	.LCFI14:
 875              		.cfi_def_cfa_offset 4
 876              		.cfi_offset 14, -4
 877 0004 85B0     		sub	sp, sp, #20
 878              	.LCFI15:
 879              		.cfi_def_cfa_offset 24
 880 0006 9C46     		mov	ip, r3
 280:Middlewares/Third_Party/FreeRTOS/Source/stream_buffer.c **** 		configASSERT( pxStaticStreamBuffer );
 881              		.loc 1 280 45 is_stmt 1 discriminator 2 view .LVU252
 281:Middlewares/Third_Party/FreeRTOS/Source/stream_buffer.c **** 		configASSERT( xTriggerLevelBytes <= xBufferSizeBytes );
 882              		.loc 1 281 3 discriminator 2 view .LVU253
 883 0008 069B     		ldr	r3, [sp, #24]
 884              	.LVL72:
 281:Middlewares/Third_Party/FreeRTOS/Source/stream_buffer.c **** 		configASSERT( xTriggerLevelBytes <= xBufferSizeBytes );
 885              		.loc 1 281 3 is_stmt 0 discriminator 2 view .LVU254
 886 000a 9BB1     		cbz	r3, .L67
 281:Middlewares/Third_Party/FreeRTOS/Source/stream_buffer.c **** 		configASSERT( xTriggerLevelBytes <= xBufferSizeBytes );
 887              		.loc 1 281 39 is_stmt 1 discriminator 2 view .LVU255
 282:Middlewares/Third_Party/FreeRTOS/Source/stream_buffer.c **** 
 888              		.loc 1 282 3 discriminator 2 view .LVU256
 889 000c 8142     		cmp	r1, r0
 890 000e 1AD9     		bls	.L56
 282:Middlewares/Third_Party/FreeRTOS/Source/stream_buffer.c **** 
 891              		.loc 1 282 3 view .LVU257
 892              	.LBB105:
 893              	.LBI105:
 191:Middlewares/Third_Party/FreeRTOS/Source/portable/GCC/ARM_CM4F/portmacro.h **** {
 894              		.loc 2 191 30 view .LVU258
 895              	.LBB106:
 193:Middlewares/Third_Party/FreeRTOS/Source/portable/GCC/ARM_CM4F/portmacro.h **** 
 896              		.loc 2 193 1 view .LVU259
 897              		.loc 2 195 2 view .LVU260
 898              		.syntax unified
 899              	@ 195 "Middlewares/Third_Party/FreeRTOS/Source/portable/GCC/ARM_CM4F/portmacro.h" 1
 900 0010 4FF05003 			mov r3, #80												
ARM GAS  C:\Users\31005\AppData\Local\Temp\ccLRqEhz.s 			page 44


 901 0014 83F31188 		msr basepri, r3											
 902 0018 BFF36F8F 		isb														
 903 001c BFF34F8F 		dsb														
 904              	
 905              	@ 0 "" 2
 906              	.LVL73:
 907              		.thumb
 908              		.syntax unified
 909              	.L57:
 910              		.loc 2 195 2 is_stmt 0 view .LVU261
 911              	.LBE106:
 912              	.LBE105:
 282:Middlewares/Third_Party/FreeRTOS/Source/stream_buffer.c **** 
 913              		.loc 1 282 3 is_stmt 1 discriminator 3 view .LVU262
 282:Middlewares/Third_Party/FreeRTOS/Source/stream_buffer.c **** 
 914              		.loc 1 282 3 discriminator 3 view .LVU263
 915 0020 FEE7     		b	.L57
 916              	.LVL74:
 917              	.L66:
 918              	.LCFI16:
 919              		.cfi_def_cfa_offset 0
 920              		.cfi_restore 14
 280:Middlewares/Third_Party/FreeRTOS/Source/stream_buffer.c **** 		configASSERT( pxStaticStreamBuffer );
 921              		.loc 1 280 3 view .LVU264
 922              	.LBB107:
 923              	.LBI107:
 191:Middlewares/Third_Party/FreeRTOS/Source/portable/GCC/ARM_CM4F/portmacro.h **** {
 924              		.loc 2 191 30 view .LVU265
 925              	.LBB108:
 193:Middlewares/Third_Party/FreeRTOS/Source/portable/GCC/ARM_CM4F/portmacro.h **** 
 926              		.loc 2 193 1 view .LVU266
 927              		.loc 2 195 2 view .LVU267
 928              		.syntax unified
 929              	@ 195 "Middlewares/Third_Party/FreeRTOS/Source/portable/GCC/ARM_CM4F/portmacro.h" 1
 930 0022 4FF05003 			mov r3, #80												
 931 0026 83F31188 		msr basepri, r3											
 932 002a BFF36F8F 		isb														
 933 002e BFF34F8F 		dsb														
 934              	
 935              	@ 0 "" 2
 936              	.LVL75:
 937              		.thumb
 938              		.syntax unified
 939              	.L53:
 940              		.loc 2 195 2 is_stmt 0 view .LVU268
 941              	.LBE108:
 942              	.LBE107:
 280:Middlewares/Third_Party/FreeRTOS/Source/stream_buffer.c **** 		configASSERT( pxStaticStreamBuffer );
 943              		.loc 1 280 3 is_stmt 1 discriminator 1 view .LVU269
 280:Middlewares/Third_Party/FreeRTOS/Source/stream_buffer.c **** 		configASSERT( pxStaticStreamBuffer );
 944              		.loc 1 280 3 discriminator 1 view .LVU270
 945 0032 FEE7     		b	.L53
 946              	.LVL76:
 947              	.L67:
 948              	.LCFI17:
 949              		.cfi_def_cfa_offset 24
 950              		.cfi_offset 14, -4
ARM GAS  C:\Users\31005\AppData\Local\Temp\ccLRqEhz.s 			page 45


 281:Middlewares/Third_Party/FreeRTOS/Source/stream_buffer.c **** 		configASSERT( xTriggerLevelBytes <= xBufferSizeBytes );
 951              		.loc 1 281 3 view .LVU271
 952              	.LBB109:
 953              	.LBI109:
 191:Middlewares/Third_Party/FreeRTOS/Source/portable/GCC/ARM_CM4F/portmacro.h **** {
 954              		.loc 2 191 30 view .LVU272
 955              	.LBB110:
 193:Middlewares/Third_Party/FreeRTOS/Source/portable/GCC/ARM_CM4F/portmacro.h **** 
 956              		.loc 2 193 1 view .LVU273
 957              		.loc 2 195 2 view .LVU274
 958              		.syntax unified
 959              	@ 195 "Middlewares/Third_Party/FreeRTOS/Source/portable/GCC/ARM_CM4F/portmacro.h" 1
 960 0034 4FF05003 			mov r3, #80												
 961 0038 83F31188 		msr basepri, r3											
 962 003c BFF36F8F 		isb														
 963 0040 BFF34F8F 		dsb														
 964              	
 965              	@ 0 "" 2
 966              	.LVL77:
 967              		.thumb
 968              		.syntax unified
 969              	.L55:
 970              		.loc 2 195 2 is_stmt 0 view .LVU275
 971              	.LBE110:
 972              	.LBE109:
 281:Middlewares/Third_Party/FreeRTOS/Source/stream_buffer.c **** 		configASSERT( xTriggerLevelBytes <= xBufferSizeBytes );
 973              		.loc 1 281 3 is_stmt 1 discriminator 2 view .LVU276
 281:Middlewares/Third_Party/FreeRTOS/Source/stream_buffer.c **** 		configASSERT( xTriggerLevelBytes <= xBufferSizeBytes );
 974              		.loc 1 281 3 discriminator 2 view .LVU277
 975 0044 FEE7     		b	.L55
 976              	.L56:
 282:Middlewares/Third_Party/FreeRTOS/Source/stream_buffer.c **** 
 977              		.loc 1 282 57 discriminator 2 view .LVU278
 286:Middlewares/Third_Party/FreeRTOS/Source/stream_buffer.c **** 		{
 978              		.loc 1 286 3 discriminator 2 view .LVU279
 286:Middlewares/Third_Party/FreeRTOS/Source/stream_buffer.c **** 		{
 979              		.loc 1 286 5 is_stmt 0 discriminator 2 view .LVU280
 980 0046 01B9     		cbnz	r1, .L58
 288:Middlewares/Third_Party/FreeRTOS/Source/stream_buffer.c **** 		}
 981              		.loc 1 288 23 view .LVU281
 982 0048 0121     		movs	r1, #1
 983              	.LVL78:
 984              	.L58:
 295:Middlewares/Third_Party/FreeRTOS/Source/stream_buffer.c **** 
 985              		.loc 1 295 3 is_stmt 1 view .LVU282
 986 004a 0428     		cmp	r0, #4
 987 004c 08D8     		bhi	.L59
 295:Middlewares/Third_Party/FreeRTOS/Source/stream_buffer.c **** 
 988              		.loc 1 295 3 view .LVU283
 989              	.LBB111:
 990              	.LBI111:
 191:Middlewares/Third_Party/FreeRTOS/Source/portable/GCC/ARM_CM4F/portmacro.h **** {
 991              		.loc 2 191 30 view .LVU284
 992              	.LBB112:
 193:Middlewares/Third_Party/FreeRTOS/Source/portable/GCC/ARM_CM4F/portmacro.h **** 
 993              		.loc 2 193 1 view .LVU285
 994              		.loc 2 195 2 view .LVU286
ARM GAS  C:\Users\31005\AppData\Local\Temp\ccLRqEhz.s 			page 46


 995              		.syntax unified
 996              	@ 195 "Middlewares/Third_Party/FreeRTOS/Source/portable/GCC/ARM_CM4F/portmacro.h" 1
 997 004e 4FF05003 			mov r3, #80												
 998 0052 83F31188 		msr basepri, r3											
 999 0056 BFF36F8F 		isb														
 1000 005a BFF34F8F 		dsb														
 1001              	
 1002              	@ 0 "" 2
 1003              	.LVL79:
 1004              		.thumb
 1005              		.syntax unified
 1006              	.L60:
 1007              		.loc 2 195 2 is_stmt 0 view .LVU287
 1008              	.LBE112:
 1009              	.LBE111:
 295:Middlewares/Third_Party/FreeRTOS/Source/stream_buffer.c **** 
 1010              		.loc 1 295 3 is_stmt 1 discriminator 4 view .LVU288
 295:Middlewares/Third_Party/FreeRTOS/Source/stream_buffer.c **** 
 1011              		.loc 1 295 3 discriminator 4 view .LVU289
 1012 005e FEE7     		b	.L60
 1013              	.L59:
 295:Middlewares/Third_Party/FreeRTOS/Source/stream_buffer.c **** 
 1014              		.loc 1 295 69 discriminator 2 view .LVU290
 1015              	.LBB113:
 302:Middlewares/Third_Party/FreeRTOS/Source/stream_buffer.c **** 			configASSERT( xSize == sizeof( StreamBuffer_t ) );
 1016              		.loc 1 302 4 discriminator 2 view .LVU291
 302:Middlewares/Third_Party/FreeRTOS/Source/stream_buffer.c **** 			configASSERT( xSize == sizeof( StreamBuffer_t ) );
 1017              		.loc 1 302 20 is_stmt 0 discriminator 2 view .LVU292
 1018 0060 2423     		movs	r3, #36
 1019 0062 0393     		str	r3, [sp, #12]
 303:Middlewares/Third_Party/FreeRTOS/Source/stream_buffer.c **** 		}
 1020              		.loc 1 303 4 is_stmt 1 discriminator 2 view .LVU293
 1021 0064 039B     		ldr	r3, [sp, #12]
 1022 0066 242B     		cmp	r3, #36
 1023 0068 08D0     		beq	.L61
 303:Middlewares/Third_Party/FreeRTOS/Source/stream_buffer.c **** 		}
 1024              		.loc 1 303 4 view .LVU294
 1025              	.LBB114:
 1026              	.LBI114:
 191:Middlewares/Third_Party/FreeRTOS/Source/portable/GCC/ARM_CM4F/portmacro.h **** {
 1027              		.loc 2 191 30 view .LVU295
 1028              	.LBB115:
 193:Middlewares/Third_Party/FreeRTOS/Source/portable/GCC/ARM_CM4F/portmacro.h **** 
 1029              		.loc 2 193 1 view .LVU296
 1030              		.loc 2 195 2 view .LVU297
 1031              		.syntax unified
 1032              	@ 195 "Middlewares/Third_Party/FreeRTOS/Source/portable/GCC/ARM_CM4F/portmacro.h" 1
 1033 006a 4FF05003 			mov r3, #80												
 1034 006e 83F31188 		msr basepri, r3											
 1035 0072 BFF36F8F 		isb														
 1036 0076 BFF34F8F 		dsb														
 1037              	
 1038              	@ 0 "" 2
 1039              	.LVL80:
 1040              		.thumb
 1041              		.syntax unified
 1042              	.L62:
ARM GAS  C:\Users\31005\AppData\Local\Temp\ccLRqEhz.s 			page 47


 1043              		.loc 2 195 2 is_stmt 0 view .LVU298
 1044              	.LBE115:
 1045              	.LBE114:
 303:Middlewares/Third_Party/FreeRTOS/Source/stream_buffer.c **** 		}
 1046              		.loc 1 303 4 is_stmt 1 discriminator 5 view .LVU299
 303:Middlewares/Third_Party/FreeRTOS/Source/stream_buffer.c **** 		}
 1047              		.loc 1 303 4 discriminator 5 view .LVU300
 1048 007a FEE7     		b	.L62
 1049              	.L61:
 303:Middlewares/Third_Party/FreeRTOS/Source/stream_buffer.c **** 		}
 1050              		.loc 1 303 53 view .LVU301
 1051              	.LBE113:
 307:Middlewares/Third_Party/FreeRTOS/Source/stream_buffer.c **** 		{
 1052              		.loc 1 307 3 view .LVU302
 309:Middlewares/Third_Party/FreeRTOS/Source/stream_buffer.c **** 										  pucStreamBufferStorageArea,
 1053              		.loc 1 309 4 view .LVU303
 1054 007c 0092     		str	r2, [sp]
 1055 007e 0B46     		mov	r3, r1
 1056 0080 0246     		mov	r2, r0
 1057              	.LVL81:
 309:Middlewares/Third_Party/FreeRTOS/Source/stream_buffer.c **** 										  pucStreamBufferStorageArea,
 1058              		.loc 1 309 4 is_stmt 0 view .LVU304
 1059 0082 6146     		mov	r1, ip
 1060              	.LVL82:
 309:Middlewares/Third_Party/FreeRTOS/Source/stream_buffer.c **** 										  pucStreamBufferStorageArea,
 1061              		.loc 1 309 4 view .LVU305
 1062 0084 0698     		ldr	r0, [sp, #24]
 1063              	.LVL83:
 309:Middlewares/Third_Party/FreeRTOS/Source/stream_buffer.c **** 										  pucStreamBufferStorageArea,
 1064              		.loc 1 309 4 view .LVU306
 1065 0086 FFF7FEFF 		bl	prvInitialiseNewStreamBuffer
 1066              	.LVL84:
 317:Middlewares/Third_Party/FreeRTOS/Source/stream_buffer.c **** 
 1067              		.loc 1 317 4 is_stmt 1 view .LVU307
 317:Middlewares/Third_Party/FreeRTOS/Source/stream_buffer.c **** 
 1068              		.loc 1 317 18 is_stmt 0 view .LVU308
 1069 008a 069B     		ldr	r3, [sp, #24]
 1070 008c 1B7F     		ldrb	r3, [r3, #28]	@ zero_extendqisi2
 317:Middlewares/Third_Party/FreeRTOS/Source/stream_buffer.c **** 
 1071              		.loc 1 317 28 view .LVU309
 1072 008e 43F00203 		orr	r3, r3, #2
 1073 0092 069A     		ldr	r2, [sp, #24]
 1074 0094 1377     		strb	r3, [r2, #28]
 319:Middlewares/Third_Party/FreeRTOS/Source/stream_buffer.c **** 
 1075              		.loc 1 319 65 is_stmt 1 view .LVU310
 321:Middlewares/Third_Party/FreeRTOS/Source/stream_buffer.c **** 		}
 1076              		.loc 1 321 4 view .LVU311
 1077              	.LVL85:
 326:Middlewares/Third_Party/FreeRTOS/Source/stream_buffer.c **** 		}
 1078              		.loc 1 326 72 view .LVU312
 329:Middlewares/Third_Party/FreeRTOS/Source/stream_buffer.c **** 	}
 1079              		.loc 1 329 3 view .LVU313
 330:Middlewares/Third_Party/FreeRTOS/Source/stream_buffer.c **** 
 1080              		.loc 1 330 2 is_stmt 0 view .LVU314
 1081 0096 1046     		mov	r0, r2
 1082 0098 05B0     		add	sp, sp, #20
 1083              	.LCFI18:
ARM GAS  C:\Users\31005\AppData\Local\Temp\ccLRqEhz.s 			page 48


 1084              		.cfi_def_cfa_offset 4
 1085              		@ sp needed
 1086 009a 5DF804FB 		ldr	pc, [sp], #4
 330:Middlewares/Third_Party/FreeRTOS/Source/stream_buffer.c **** 
 1087              		.loc 1 330 2 view .LVU315
 1088              		.cfi_endproc
 1089              	.LFE5:
 1091              		.section	.text.vStreamBufferDelete,"ax",%progbits
 1092              		.align	1
 1093              		.global	vStreamBufferDelete
 1094              		.syntax unified
 1095              		.thumb
 1096              		.thumb_func
 1098              	vStreamBufferDelete:
 1099              	.LVL86:
 1100              	.LFB6:
 336:Middlewares/Third_Party/FreeRTOS/Source/stream_buffer.c **** StreamBuffer_t * pxStreamBuffer = ( StreamBuffer_t * ) xStreamBuffer; /*lint !e9087 !e9079 Safe cas
 1101              		.loc 1 336 1 is_stmt 1 view -0
 1102              		.cfi_startproc
 1103              		@ args = 0, pretend = 0, frame = 0
 1104              		@ frame_needed = 0, uses_anonymous_args = 0
 336:Middlewares/Third_Party/FreeRTOS/Source/stream_buffer.c **** StreamBuffer_t * pxStreamBuffer = ( StreamBuffer_t * ) xStreamBuffer; /*lint !e9087 !e9079 Safe cas
 1105              		.loc 1 336 1 is_stmt 0 view .LVU317
 1106 0000 08B5     		push	{r3, lr}
 1107              	.LCFI19:
 1108              		.cfi_def_cfa_offset 8
 1109              		.cfi_offset 3, -8
 1110              		.cfi_offset 14, -4
 337:Middlewares/Third_Party/FreeRTOS/Source/stream_buffer.c **** 
 1111              		.loc 1 337 1 is_stmt 1 view .LVU318
 1112              	.LVL87:
 339:Middlewares/Third_Party/FreeRTOS/Source/stream_buffer.c **** 
 1113              		.loc 1 339 2 view .LVU319
 1114 0002 30B1     		cbz	r0, .L74
 339:Middlewares/Third_Party/FreeRTOS/Source/stream_buffer.c **** 
 1115              		.loc 1 339 32 discriminator 2 view .LVU320
 341:Middlewares/Third_Party/FreeRTOS/Source/stream_buffer.c **** 
 1116              		.loc 1 341 44 discriminator 2 view .LVU321
 343:Middlewares/Third_Party/FreeRTOS/Source/stream_buffer.c **** 	{
 1117              		.loc 1 343 2 discriminator 2 view .LVU322
 343:Middlewares/Third_Party/FreeRTOS/Source/stream_buffer.c **** 	{
 1118              		.loc 1 343 22 is_stmt 0 discriminator 2 view .LVU323
 1119 0004 027F     		ldrb	r2, [r0, #28]	@ zero_extendqisi2
 343:Middlewares/Third_Party/FreeRTOS/Source/stream_buffer.c **** 	{
 1120              		.loc 1 343 4 discriminator 2 view .LVU324
 1121 0006 12F0020F 		tst	r2, #2
 1122 000a 0BD1     		bne	.L71
 349:Middlewares/Third_Party/FreeRTOS/Source/stream_buffer.c **** 		}
 1123              		.loc 1 349 4 is_stmt 1 view .LVU325
 1124 000c FFF7FEFF 		bl	vPortFree
 1125              	.LVL88:
 1126              	.L68:
 365:Middlewares/Third_Party/FreeRTOS/Source/stream_buffer.c **** /*-----------------------------------------------------------*/
 1127              		.loc 1 365 1 is_stmt 0 view .LVU326
 1128 0010 08BD     		pop	{r3, pc}
 1129              	.LVL89:
 1130              	.L74:
ARM GAS  C:\Users\31005\AppData\Local\Temp\ccLRqEhz.s 			page 49


 339:Middlewares/Third_Party/FreeRTOS/Source/stream_buffer.c **** 
 1131              		.loc 1 339 2 is_stmt 1 view .LVU327
 1132              	.LBB116:
 1133              	.LBI116:
 191:Middlewares/Third_Party/FreeRTOS/Source/portable/GCC/ARM_CM4F/portmacro.h **** {
 1134              		.loc 2 191 30 view .LVU328
 1135              	.LBB117:
 193:Middlewares/Third_Party/FreeRTOS/Source/portable/GCC/ARM_CM4F/portmacro.h **** 
 1136              		.loc 2 193 1 view .LVU329
 1137              		.loc 2 195 2 view .LVU330
 1138              		.syntax unified
 1139              	@ 195 "Middlewares/Third_Party/FreeRTOS/Source/portable/GCC/ARM_CM4F/portmacro.h" 1
 1140 0012 4FF05003 			mov r3, #80												
 1141 0016 83F31188 		msr basepri, r3											
 1142 001a BFF36F8F 		isb														
 1143 001e BFF34F8F 		dsb														
 1144              	
 1145              	@ 0 "" 2
 1146              	.LVL90:
 1147              		.thumb
 1148              		.syntax unified
 1149              	.L70:
 1150              		.loc 2 195 2 is_stmt 0 view .LVU331
 1151              	.LBE117:
 1152              	.LBE116:
 339:Middlewares/Third_Party/FreeRTOS/Source/stream_buffer.c **** 
 1153              		.loc 1 339 2 is_stmt 1 discriminator 1 view .LVU332
 339:Middlewares/Third_Party/FreeRTOS/Source/stream_buffer.c **** 
 1154              		.loc 1 339 2 discriminator 1 view .LVU333
 1155 0022 FEE7     		b	.L70
 1156              	.L71:
 363:Middlewares/Third_Party/FreeRTOS/Source/stream_buffer.c **** 	}
 1157              		.loc 1 363 3 view .LVU334
 1158 0024 2422     		movs	r2, #36
 1159 0026 0021     		movs	r1, #0
 1160 0028 FFF7FEFF 		bl	memset
 1161              	.LVL91:
 365:Middlewares/Third_Party/FreeRTOS/Source/stream_buffer.c **** /*-----------------------------------------------------------*/
 1162              		.loc 1 365 1 is_stmt 0 view .LVU335
 1163 002c F0E7     		b	.L68
 1164              		.cfi_endproc
 1165              	.LFE6:
 1167              		.section	.text.xStreamBufferReset,"ax",%progbits
 1168              		.align	1
 1169              		.global	xStreamBufferReset
 1170              		.syntax unified
 1171              		.thumb
 1172              		.thumb_func
 1174              	xStreamBufferReset:
 1175              	.LVL92:
 1176              	.LFB7:
 369:Middlewares/Third_Party/FreeRTOS/Source/stream_buffer.c **** StreamBuffer_t * const pxStreamBuffer = ( StreamBuffer_t * ) xStreamBuffer; /*lint !e9087 !e9079 Sa
 1177              		.loc 1 369 1 is_stmt 1 view -0
 1178              		.cfi_startproc
 1179              		@ args = 0, pretend = 0, frame = 0
 1180              		@ frame_needed = 0, uses_anonymous_args = 0
 370:Middlewares/Third_Party/FreeRTOS/Source/stream_buffer.c **** BaseType_t xReturn = pdFAIL, xIsMessageBuffer;
ARM GAS  C:\Users\31005\AppData\Local\Temp\ccLRqEhz.s 			page 50


 1181              		.loc 1 370 1 view .LVU337
 371:Middlewares/Third_Party/FreeRTOS/Source/stream_buffer.c **** 
 1182              		.loc 1 371 1 view .LVU338
 374:Middlewares/Third_Party/FreeRTOS/Source/stream_buffer.c **** #endif
 1183              		.loc 1 374 2 view .LVU339
 377:Middlewares/Third_Party/FreeRTOS/Source/stream_buffer.c **** 
 1184              		.loc 1 377 2 view .LVU340
 1185 0000 40B1     		cbz	r0, .L85
 369:Middlewares/Third_Party/FreeRTOS/Source/stream_buffer.c **** StreamBuffer_t * const pxStreamBuffer = ( StreamBuffer_t * ) xStreamBuffer; /*lint !e9087 !e9079 Sa
 1186              		.loc 1 369 1 is_stmt 0 discriminator 2 view .LVU341
 1187 0002 30B5     		push	{r4, r5, lr}
 1188              	.LCFI20:
 1189              		.cfi_def_cfa_offset 12
 1190              		.cfi_offset 4, -12
 1191              		.cfi_offset 5, -8
 1192              		.cfi_offset 14, -4
 1193 0004 83B0     		sub	sp, sp, #12
 1194              	.LCFI21:
 1195              		.cfi_def_cfa_offset 24
 1196 0006 0446     		mov	r4, r0
 377:Middlewares/Third_Party/FreeRTOS/Source/stream_buffer.c **** 
 1197              		.loc 1 377 32 is_stmt 1 discriminator 2 view .LVU342
 383:Middlewares/Third_Party/FreeRTOS/Source/stream_buffer.c **** 	}
 1198              		.loc 1 383 3 discriminator 2 view .LVU343
 383:Middlewares/Third_Party/FreeRTOS/Source/stream_buffer.c **** 	}
 1199              		.loc 1 383 24 is_stmt 0 discriminator 2 view .LVU344
 1200 0008 056A     		ldr	r5, [r0, #32]
 1201              	.LVL93:
 388:Middlewares/Third_Party/FreeRTOS/Source/stream_buffer.c **** 	{
 1202              		.loc 1 388 2 is_stmt 1 discriminator 2 view .LVU345
 388:Middlewares/Third_Party/FreeRTOS/Source/stream_buffer.c **** 	{
 1203              		.loc 1 388 20 is_stmt 0 discriminator 2 view .LVU346
 1204 000a 0369     		ldr	r3, [r0, #16]
 388:Middlewares/Third_Party/FreeRTOS/Source/stream_buffer.c **** 	{
 1205              		.loc 1 388 4 discriminator 2 view .LVU347
 1206 000c 5BB1     		cbz	r3, .L86
 371:Middlewares/Third_Party/FreeRTOS/Source/stream_buffer.c **** 
 1207              		.loc 1 371 12 view .LVU348
 1208 000e 0020     		movs	r0, #0
 1209              	.LVL94:
 1210              	.L75:
 419:Middlewares/Third_Party/FreeRTOS/Source/stream_buffer.c **** /*-----------------------------------------------------------*/
 1211              		.loc 1 419 1 view .LVU349
 1212 0010 03B0     		add	sp, sp, #12
 1213              	.LCFI22:
 1214              		.cfi_def_cfa_offset 12
 1215              		@ sp needed
 1216 0012 30BD     		pop	{r4, r5, pc}
 1217              	.LVL95:
 1218              	.L85:
 1219              	.LCFI23:
 1220              		.cfi_def_cfa_offset 0
 1221              		.cfi_restore 4
 1222              		.cfi_restore 5
 1223              		.cfi_restore 14
 377:Middlewares/Third_Party/FreeRTOS/Source/stream_buffer.c **** 
 1224              		.loc 1 377 2 is_stmt 1 view .LVU350
ARM GAS  C:\Users\31005\AppData\Local\Temp\ccLRqEhz.s 			page 51


 1225              	.LBB118:
 1226              	.LBI118:
 191:Middlewares/Third_Party/FreeRTOS/Source/portable/GCC/ARM_CM4F/portmacro.h **** {
 1227              		.loc 2 191 30 view .LVU351
 1228              	.LBB119:
 193:Middlewares/Third_Party/FreeRTOS/Source/portable/GCC/ARM_CM4F/portmacro.h **** 
 1229              		.loc 2 193 1 view .LVU352
 1230              		.loc 2 195 2 view .LVU353
 1231              		.syntax unified
 1232              	@ 195 "Middlewares/Third_Party/FreeRTOS/Source/portable/GCC/ARM_CM4F/portmacro.h" 1
 1233 0014 4FF05003 			mov r3, #80												
 1234 0018 83F31188 		msr basepri, r3											
 1235 001c BFF36F8F 		isb														
 1236 0020 BFF34F8F 		dsb														
 1237              	
 1238              	@ 0 "" 2
 1239              	.LVL96:
 1240              		.thumb
 1241              		.syntax unified
 1242              	.L77:
 1243              		.loc 2 195 2 is_stmt 0 view .LVU354
 1244              	.LBE119:
 1245              	.LBE118:
 377:Middlewares/Third_Party/FreeRTOS/Source/stream_buffer.c **** 
 1246              		.loc 1 377 2 is_stmt 1 discriminator 1 view .LVU355
 377:Middlewares/Third_Party/FreeRTOS/Source/stream_buffer.c **** 
 1247              		.loc 1 377 2 discriminator 1 view .LVU356
 1248 0024 FEE7     		b	.L77
 1249              	.LVL97:
 1250              	.L86:
 1251              	.LCFI24:
 1252              		.cfi_def_cfa_offset 24
 1253              		.cfi_offset 4, -12
 1254              		.cfi_offset 5, -8
 1255              		.cfi_offset 14, -4
 390:Middlewares/Third_Party/FreeRTOS/Source/stream_buffer.c **** 		{
 1256              		.loc 1 390 3 view .LVU357
 390:Middlewares/Third_Party/FreeRTOS/Source/stream_buffer.c **** 		{
 1257              		.loc 1 390 21 is_stmt 0 view .LVU358
 1258 0026 4369     		ldr	r3, [r0, #20]
 390:Middlewares/Third_Party/FreeRTOS/Source/stream_buffer.c **** 		{
 1259              		.loc 1 390 5 view .LVU359
 1260 0028 0BB1     		cbz	r3, .L87
 371:Middlewares/Third_Party/FreeRTOS/Source/stream_buffer.c **** 
 1261              		.loc 1 371 12 view .LVU360
 1262 002a 0020     		movs	r0, #0
 1263              	.LVL98:
 414:Middlewares/Third_Party/FreeRTOS/Source/stream_buffer.c **** 		}
 1264              		.loc 1 414 45 is_stmt 1 view .LVU361
 418:Middlewares/Third_Party/FreeRTOS/Source/stream_buffer.c **** }
 1265              		.loc 1 418 2 view .LVU362
 418:Middlewares/Third_Party/FreeRTOS/Source/stream_buffer.c **** }
 1266              		.loc 1 418 9 is_stmt 0 view .LVU363
 1267 002c F0E7     		b	.L75
 1268              	.LVL99:
 1269              	.L87:
 392:Middlewares/Third_Party/FreeRTOS/Source/stream_buffer.c **** 			{
ARM GAS  C:\Users\31005\AppData\Local\Temp\ccLRqEhz.s 			page 52


 1270              		.loc 1 392 4 is_stmt 1 view .LVU364
 392:Middlewares/Third_Party/FreeRTOS/Source/stream_buffer.c **** 			{
 1271              		.loc 1 392 24 is_stmt 0 view .LVU365
 1272 002e 037F     		ldrb	r3, [r0, #28]	@ zero_extendqisi2
 392:Middlewares/Third_Party/FreeRTOS/Source/stream_buffer.c **** 			{
 1273              		.loc 1 392 6 view .LVU366
 1274 0030 13F0010F 		tst	r3, #1
 1275 0034 0AD0     		beq	.L82
 394:Middlewares/Third_Party/FreeRTOS/Source/stream_buffer.c **** 			}
 1276              		.loc 1 394 22 view .LVU367
 1277 0036 0123     		movs	r3, #1
 1278              	.L79:
 1279              	.LVL100:
 401:Middlewares/Third_Party/FreeRTOS/Source/stream_buffer.c **** 										  pxStreamBuffer->pucBuffer,
 1280              		.loc 1 401 4 is_stmt 1 view .LVU368
 1281 0038 0093     		str	r3, [sp]
 1282 003a E368     		ldr	r3, [r4, #12]
 1283              	.LVL101:
 401:Middlewares/Third_Party/FreeRTOS/Source/stream_buffer.c **** 										  pxStreamBuffer->pucBuffer,
 1284              		.loc 1 401 4 is_stmt 0 view .LVU369
 1285 003c A268     		ldr	r2, [r4, #8]
 1286 003e A169     		ldr	r1, [r4, #24]
 1287 0040 2046     		mov	r0, r4
 1288              	.LVL102:
 401:Middlewares/Third_Party/FreeRTOS/Source/stream_buffer.c **** 										  pxStreamBuffer->pucBuffer,
 1289              		.loc 1 401 4 view .LVU370
 1290 0042 FFF7FEFF 		bl	prvInitialiseNewStreamBuffer
 1291              	.LVL103:
 406:Middlewares/Third_Party/FreeRTOS/Source/stream_buffer.c **** 
 1292              		.loc 1 406 4 is_stmt 1 view .LVU371
 410:Middlewares/Third_Party/FreeRTOS/Source/stream_buffer.c **** 			}
 1293              		.loc 1 410 5 view .LVU372
 410:Middlewares/Third_Party/FreeRTOS/Source/stream_buffer.c **** 			}
 1294              		.loc 1 410 42 is_stmt 0 view .LVU373
 1295 0046 2562     		str	r5, [r4, #32]
 406:Middlewares/Third_Party/FreeRTOS/Source/stream_buffer.c **** 
 1296              		.loc 1 406 12 view .LVU374
 1297 0048 0120     		movs	r0, #1
 1298 004a E1E7     		b	.L75
 1299              	.LVL104:
 1300              	.L82:
 398:Middlewares/Third_Party/FreeRTOS/Source/stream_buffer.c **** 			}
 1301              		.loc 1 398 22 view .LVU375
 1302 004c 0023     		movs	r3, #0
 1303 004e F3E7     		b	.L79
 1304              		.cfi_endproc
 1305              	.LFE7:
 1307              		.section	.text.xStreamBufferSetTriggerLevel,"ax",%progbits
 1308              		.align	1
 1309              		.global	xStreamBufferSetTriggerLevel
 1310              		.syntax unified
 1311              		.thumb
 1312              		.thumb_func
 1314              	xStreamBufferSetTriggerLevel:
 1315              	.LVL105:
 1316              	.LFB8:
 423:Middlewares/Third_Party/FreeRTOS/Source/stream_buffer.c **** StreamBuffer_t * const pxStreamBuffer = ( StreamBuffer_t * ) xStreamBuffer; /*lint !e9087 !e9079 Sa
ARM GAS  C:\Users\31005\AppData\Local\Temp\ccLRqEhz.s 			page 53


 1317              		.loc 1 423 1 is_stmt 1 view -0
 1318              		.cfi_startproc
 1319              		@ args = 0, pretend = 0, frame = 0
 1320              		@ frame_needed = 0, uses_anonymous_args = 0
 1321              		@ link register save eliminated.
 424:Middlewares/Third_Party/FreeRTOS/Source/stream_buffer.c **** BaseType_t xReturn;
 1322              		.loc 1 424 1 view .LVU377
 425:Middlewares/Third_Party/FreeRTOS/Source/stream_buffer.c **** 
 1323              		.loc 1 425 1 view .LVU378
 427:Middlewares/Third_Party/FreeRTOS/Source/stream_buffer.c **** 
 1324              		.loc 1 427 2 view .LVU379
 1325 0000 0346     		mov	r3, r0
 1326 0002 38B1     		cbz	r0, .L95
 427:Middlewares/Third_Party/FreeRTOS/Source/stream_buffer.c **** 
 1327              		.loc 1 427 32 discriminator 2 view .LVU380
 430:Middlewares/Third_Party/FreeRTOS/Source/stream_buffer.c **** 	{
 1328              		.loc 1 430 2 discriminator 2 view .LVU381
 430:Middlewares/Third_Party/FreeRTOS/Source/stream_buffer.c **** 	{
 1329              		.loc 1 430 4 is_stmt 0 discriminator 2 view .LVU382
 1330 0004 01B9     		cbnz	r1, .L91
 432:Middlewares/Third_Party/FreeRTOS/Source/stream_buffer.c **** 	}
 1331              		.loc 1 432 17 view .LVU383
 1332 0006 0121     		movs	r1, #1
 1333              	.LVL106:
 1334              	.L91:
 437:Middlewares/Third_Party/FreeRTOS/Source/stream_buffer.c **** 	{
 1335              		.loc 1 437 2 is_stmt 1 view .LVU384
 437:Middlewares/Third_Party/FreeRTOS/Source/stream_buffer.c **** 	{
 1336              		.loc 1 437 37 is_stmt 0 view .LVU385
 1337 0008 9A68     		ldr	r2, [r3, #8]
 437:Middlewares/Third_Party/FreeRTOS/Source/stream_buffer.c **** 	{
 1338              		.loc 1 437 4 view .LVU386
 1339 000a 8A42     		cmp	r2, r1
 1340 000c 0BD3     		bcc	.L94
 439:Middlewares/Third_Party/FreeRTOS/Source/stream_buffer.c **** 		xReturn = pdPASS;
 1341              		.loc 1 439 3 is_stmt 1 view .LVU387
 439:Middlewares/Third_Party/FreeRTOS/Source/stream_buffer.c **** 		xReturn = pdPASS;
 1342              		.loc 1 439 38 is_stmt 0 view .LVU388
 1343 000e D960     		str	r1, [r3, #12]
 440:Middlewares/Third_Party/FreeRTOS/Source/stream_buffer.c **** 	}
 1344              		.loc 1 440 3 is_stmt 1 view .LVU389
 1345              	.LVL107:
 440:Middlewares/Third_Party/FreeRTOS/Source/stream_buffer.c **** 	}
 1346              		.loc 1 440 11 is_stmt 0 view .LVU390
 1347 0010 0120     		movs	r0, #1
 1348              	.LVL108:
 440:Middlewares/Third_Party/FreeRTOS/Source/stream_buffer.c **** 	}
 1349              		.loc 1 440 11 view .LVU391
 1350 0012 7047     		bx	lr
 1351              	.LVL109:
 1352              	.L95:
 427:Middlewares/Third_Party/FreeRTOS/Source/stream_buffer.c **** 
 1353              		.loc 1 427 2 is_stmt 1 view .LVU392
 1354              	.LBB120:
 1355              	.LBI120:
 191:Middlewares/Third_Party/FreeRTOS/Source/portable/GCC/ARM_CM4F/portmacro.h **** {
 1356              		.loc 2 191 30 view .LVU393
ARM GAS  C:\Users\31005\AppData\Local\Temp\ccLRqEhz.s 			page 54


 1357              	.LBB121:
 193:Middlewares/Third_Party/FreeRTOS/Source/portable/GCC/ARM_CM4F/portmacro.h **** 
 1358              		.loc 2 193 1 view .LVU394
 1359              		.loc 2 195 2 view .LVU395
 1360              		.syntax unified
 1361              	@ 195 "Middlewares/Third_Party/FreeRTOS/Source/portable/GCC/ARM_CM4F/portmacro.h" 1
 1362 0014 4FF05003 			mov r3, #80												
 1363 0018 83F31188 		msr basepri, r3											
 1364 001c BFF36F8F 		isb														
 1365 0020 BFF34F8F 		dsb														
 1366              	
 1367              	@ 0 "" 2
 1368              	.LVL110:
 1369              		.thumb
 1370              		.syntax unified
 1371              	.L90:
 1372              		.loc 2 195 2 is_stmt 0 view .LVU396
 1373              	.LBE121:
 1374              	.LBE120:
 427:Middlewares/Third_Party/FreeRTOS/Source/stream_buffer.c **** 
 1375              		.loc 1 427 2 is_stmt 1 discriminator 1 view .LVU397
 427:Middlewares/Third_Party/FreeRTOS/Source/stream_buffer.c **** 
 1376              		.loc 1 427 2 discriminator 1 view .LVU398
 1377 0024 FEE7     		b	.L90
 1378              	.L94:
 444:Middlewares/Third_Party/FreeRTOS/Source/stream_buffer.c **** 	}
 1379              		.loc 1 444 11 is_stmt 0 view .LVU399
 1380 0026 0020     		movs	r0, #0
 1381              	.LVL111:
 447:Middlewares/Third_Party/FreeRTOS/Source/stream_buffer.c **** }
 1382              		.loc 1 447 2 is_stmt 1 view .LVU400
 448:Middlewares/Third_Party/FreeRTOS/Source/stream_buffer.c **** /*-----------------------------------------------------------*/
 1383              		.loc 1 448 1 is_stmt 0 view .LVU401
 1384 0028 7047     		bx	lr
 1385              		.cfi_endproc
 1386              	.LFE8:
 1388              		.section	.text.xStreamBufferSpacesAvailable,"ax",%progbits
 1389              		.align	1
 1390              		.global	xStreamBufferSpacesAvailable
 1391              		.syntax unified
 1392              		.thumb
 1393              		.thumb_func
 1395              	xStreamBufferSpacesAvailable:
 1396              	.LVL112:
 1397              	.LFB9:
 452:Middlewares/Third_Party/FreeRTOS/Source/stream_buffer.c **** const StreamBuffer_t * const pxStreamBuffer = ( StreamBuffer_t * ) xStreamBuffer; /*lint !e9087 !e9
 1398              		.loc 1 452 1 is_stmt 1 view -0
 1399              		.cfi_startproc
 1400              		@ args = 0, pretend = 0, frame = 0
 1401              		@ frame_needed = 0, uses_anonymous_args = 0
 1402              		@ link register save eliminated.
 453:Middlewares/Third_Party/FreeRTOS/Source/stream_buffer.c **** size_t xSpace;
 1403              		.loc 1 453 1 view .LVU403
 454:Middlewares/Third_Party/FreeRTOS/Source/stream_buffer.c **** 
 1404              		.loc 1 454 1 view .LVU404
 456:Middlewares/Third_Party/FreeRTOS/Source/stream_buffer.c **** 
 1405              		.loc 1 456 2 view .LVU405
ARM GAS  C:\Users\31005\AppData\Local\Temp\ccLRqEhz.s 			page 55


 1406 0000 0346     		mov	r3, r0
 1407 0002 48B1     		cbz	r0, .L100
 456:Middlewares/Third_Party/FreeRTOS/Source/stream_buffer.c **** 
 1408              		.loc 1 456 32 discriminator 2 view .LVU406
 458:Middlewares/Third_Party/FreeRTOS/Source/stream_buffer.c **** 	xSpace -= pxStreamBuffer->xHead;
 1409              		.loc 1 458 2 discriminator 2 view .LVU407
 458:Middlewares/Third_Party/FreeRTOS/Source/stream_buffer.c **** 	xSpace -= pxStreamBuffer->xHead;
 1410              		.loc 1 458 25 is_stmt 0 discriminator 2 view .LVU408
 1411 0004 8268     		ldr	r2, [r0, #8]
 458:Middlewares/Third_Party/FreeRTOS/Source/stream_buffer.c **** 	xSpace -= pxStreamBuffer->xHead;
 1412              		.loc 1 458 51 discriminator 2 view .LVU409
 1413 0006 0068     		ldr	r0, [r0]
 1414              	.LVL113:
 458:Middlewares/Third_Party/FreeRTOS/Source/stream_buffer.c **** 	xSpace -= pxStreamBuffer->xHead;
 1415              		.loc 1 458 9 discriminator 2 view .LVU410
 1416 0008 1044     		add	r0, r0, r2
 1417              	.LVL114:
 459:Middlewares/Third_Party/FreeRTOS/Source/stream_buffer.c **** 	xSpace -= ( size_t ) 1;
 1418              		.loc 1 459 2 is_stmt 1 discriminator 2 view .LVU411
 459:Middlewares/Third_Party/FreeRTOS/Source/stream_buffer.c **** 	xSpace -= ( size_t ) 1;
 1419              		.loc 1 459 26 is_stmt 0 discriminator 2 view .LVU412
 1420 000a 5B68     		ldr	r3, [r3, #4]
 1421              	.LVL115:
 459:Middlewares/Third_Party/FreeRTOS/Source/stream_buffer.c **** 	xSpace -= ( size_t ) 1;
 1422              		.loc 1 459 9 discriminator 2 view .LVU413
 1423 000c C01A     		subs	r0, r0, r3
 1424              	.LVL116:
 460:Middlewares/Third_Party/FreeRTOS/Source/stream_buffer.c **** 
 1425              		.loc 1 460 2 is_stmt 1 discriminator 2 view .LVU414
 460:Middlewares/Third_Party/FreeRTOS/Source/stream_buffer.c **** 
 1426              		.loc 1 460 9 is_stmt 0 discriminator 2 view .LVU415
 1427 000e 0138     		subs	r0, r0, #1
 1428              	.LVL117:
 462:Middlewares/Third_Party/FreeRTOS/Source/stream_buffer.c **** 	{
 1429              		.loc 1 462 2 is_stmt 1 discriminator 2 view .LVU416
 462:Middlewares/Third_Party/FreeRTOS/Source/stream_buffer.c **** 	{
 1430              		.loc 1 462 4 is_stmt 0 discriminator 2 view .LVU417
 1431 0010 8242     		cmp	r2, r0
 1432 0012 00D8     		bhi	.L96
 464:Middlewares/Third_Party/FreeRTOS/Source/stream_buffer.c **** 	}
 1433              		.loc 1 464 3 is_stmt 1 view .LVU418
 464:Middlewares/Third_Party/FreeRTOS/Source/stream_buffer.c **** 	}
 1434              		.loc 1 464 10 is_stmt 0 view .LVU419
 1435 0014 801A     		subs	r0, r0, r2
 1436              	.LVL118:
 468:Middlewares/Third_Party/FreeRTOS/Source/stream_buffer.c **** 	}
 1437              		.loc 1 468 27 is_stmt 1 view .LVU420
 471:Middlewares/Third_Party/FreeRTOS/Source/stream_buffer.c **** }
 1438              		.loc 1 471 2 view .LVU421
 1439              	.L96:
 472:Middlewares/Third_Party/FreeRTOS/Source/stream_buffer.c **** /*-----------------------------------------------------------*/
 1440              		.loc 1 472 1 is_stmt 0 view .LVU422
 1441 0016 7047     		bx	lr
 1442              	.LVL119:
 1443              	.L100:
 456:Middlewares/Third_Party/FreeRTOS/Source/stream_buffer.c **** 
 1444              		.loc 1 456 2 is_stmt 1 view .LVU423
ARM GAS  C:\Users\31005\AppData\Local\Temp\ccLRqEhz.s 			page 56


 1445              	.LBB122:
 1446              	.LBI122:
 191:Middlewares/Third_Party/FreeRTOS/Source/portable/GCC/ARM_CM4F/portmacro.h **** {
 1447              		.loc 2 191 30 view .LVU424
 1448              	.LBB123:
 193:Middlewares/Third_Party/FreeRTOS/Source/portable/GCC/ARM_CM4F/portmacro.h **** 
 1449              		.loc 2 193 1 view .LVU425
 1450              		.loc 2 195 2 view .LVU426
 1451              		.syntax unified
 1452              	@ 195 "Middlewares/Third_Party/FreeRTOS/Source/portable/GCC/ARM_CM4F/portmacro.h" 1
 1453 0018 4FF05003 			mov r3, #80												
 1454 001c 83F31188 		msr basepri, r3											
 1455 0020 BFF36F8F 		isb														
 1456 0024 BFF34F8F 		dsb														
 1457              	
 1458              	@ 0 "" 2
 1459              	.LVL120:
 1460              		.thumb
 1461              		.syntax unified
 1462              	.L98:
 1463              		.loc 2 195 2 is_stmt 0 view .LVU427
 1464              	.LBE123:
 1465              	.LBE122:
 456:Middlewares/Third_Party/FreeRTOS/Source/stream_buffer.c **** 
 1466              		.loc 1 456 2 is_stmt 1 discriminator 1 view .LVU428
 456:Middlewares/Third_Party/FreeRTOS/Source/stream_buffer.c **** 
 1467              		.loc 1 456 2 discriminator 1 view .LVU429
 1468 0028 FEE7     		b	.L98
 1469              		.cfi_endproc
 1470              	.LFE9:
 1472              		.section	.text.xStreamBufferBytesAvailable,"ax",%progbits
 1473              		.align	1
 1474              		.global	xStreamBufferBytesAvailable
 1475              		.syntax unified
 1476              		.thumb
 1477              		.thumb_func
 1479              	xStreamBufferBytesAvailable:
 1480              	.LVL121:
 1481              	.LFB10:
 476:Middlewares/Third_Party/FreeRTOS/Source/stream_buffer.c **** const StreamBuffer_t * const pxStreamBuffer = ( StreamBuffer_t * ) xStreamBuffer; /*lint !e9087 !e9
 1482              		.loc 1 476 1 view -0
 1483              		.cfi_startproc
 1484              		@ args = 0, pretend = 0, frame = 0
 1485              		@ frame_needed = 0, uses_anonymous_args = 0
 476:Middlewares/Third_Party/FreeRTOS/Source/stream_buffer.c **** const StreamBuffer_t * const pxStreamBuffer = ( StreamBuffer_t * ) xStreamBuffer; /*lint !e9087 !e9
 1486              		.loc 1 476 1 is_stmt 0 view .LVU431
 1487 0000 08B5     		push	{r3, lr}
 1488              	.LCFI25:
 1489              		.cfi_def_cfa_offset 8
 1490              		.cfi_offset 3, -8
 1491              		.cfi_offset 14, -4
 477:Middlewares/Third_Party/FreeRTOS/Source/stream_buffer.c **** size_t xReturn;
 1492              		.loc 1 477 1 is_stmt 1 view .LVU432
 1493              	.LVL122:
 478:Middlewares/Third_Party/FreeRTOS/Source/stream_buffer.c **** 
 1494              		.loc 1 478 1 view .LVU433
 480:Middlewares/Third_Party/FreeRTOS/Source/stream_buffer.c **** 
ARM GAS  C:\Users\31005\AppData\Local\Temp\ccLRqEhz.s 			page 57


 1495              		.loc 1 480 2 view .LVU434
 1496 0002 10B1     		cbz	r0, .L105
 480:Middlewares/Third_Party/FreeRTOS/Source/stream_buffer.c **** 
 1497              		.loc 1 480 32 discriminator 2 view .LVU435
 482:Middlewares/Third_Party/FreeRTOS/Source/stream_buffer.c **** 	return xReturn;
 1498              		.loc 1 482 2 discriminator 2 view .LVU436
 482:Middlewares/Third_Party/FreeRTOS/Source/stream_buffer.c **** 	return xReturn;
 1499              		.loc 1 482 12 is_stmt 0 discriminator 2 view .LVU437
 1500 0004 FFF7FEFF 		bl	prvBytesInBuffer
 1501              	.LVL123:
 483:Middlewares/Third_Party/FreeRTOS/Source/stream_buffer.c **** }
 1502              		.loc 1 483 2 is_stmt 1 discriminator 2 view .LVU438
 484:Middlewares/Third_Party/FreeRTOS/Source/stream_buffer.c **** /*-----------------------------------------------------------*/
 1503              		.loc 1 484 1 is_stmt 0 discriminator 2 view .LVU439
 1504 0008 08BD     		pop	{r3, pc}
 1505              	.LVL124:
 1506              	.L105:
 480:Middlewares/Third_Party/FreeRTOS/Source/stream_buffer.c **** 
 1507              		.loc 1 480 2 is_stmt 1 view .LVU440
 1508              	.LBB124:
 1509              	.LBI124:
 191:Middlewares/Third_Party/FreeRTOS/Source/portable/GCC/ARM_CM4F/portmacro.h **** {
 1510              		.loc 2 191 30 view .LVU441
 1511              	.LBB125:
 193:Middlewares/Third_Party/FreeRTOS/Source/portable/GCC/ARM_CM4F/portmacro.h **** 
 1512              		.loc 2 193 1 view .LVU442
 1513              		.loc 2 195 2 view .LVU443
 1514              		.syntax unified
 1515              	@ 195 "Middlewares/Third_Party/FreeRTOS/Source/portable/GCC/ARM_CM4F/portmacro.h" 1
 1516 000a 4FF05003 			mov r3, #80												
 1517 000e 83F31188 		msr basepri, r3											
 1518 0012 BFF36F8F 		isb														
 1519 0016 BFF34F8F 		dsb														
 1520              	
 1521              	@ 0 "" 2
 1522              	.LVL125:
 1523              		.thumb
 1524              		.syntax unified
 1525              	.L103:
 1526              		.loc 2 195 2 is_stmt 0 view .LVU444
 1527              	.LBE125:
 1528              	.LBE124:
 480:Middlewares/Third_Party/FreeRTOS/Source/stream_buffer.c **** 
 1529              		.loc 1 480 2 is_stmt 1 discriminator 1 view .LVU445
 480:Middlewares/Third_Party/FreeRTOS/Source/stream_buffer.c **** 
 1530              		.loc 1 480 2 discriminator 1 view .LVU446
 1531 001a FEE7     		b	.L103
 1532              		.cfi_endproc
 1533              	.LFE10:
 1535              		.section	.text.xStreamBufferSend,"ax",%progbits
 1536              		.align	1
 1537              		.global	xStreamBufferSend
 1538              		.syntax unified
 1539              		.thumb
 1540              		.thumb_func
 1542              	xStreamBufferSend:
 1543              	.LVL126:
ARM GAS  C:\Users\31005\AppData\Local\Temp\ccLRqEhz.s 			page 58


 1544              	.LFB11:
 491:Middlewares/Third_Party/FreeRTOS/Source/stream_buffer.c **** StreamBuffer_t * const pxStreamBuffer = ( StreamBuffer_t * ) xStreamBuffer; /*lint !e9087 !e9079 Sa
 1545              		.loc 1 491 1 view -0
 1546              		.cfi_startproc
 1547              		@ args = 0, pretend = 0, frame = 16
 1548              		@ frame_needed = 0, uses_anonymous_args = 0
 491:Middlewares/Third_Party/FreeRTOS/Source/stream_buffer.c **** StreamBuffer_t * const pxStreamBuffer = ( StreamBuffer_t * ) xStreamBuffer; /*lint !e9087 !e9079 Sa
 1549              		.loc 1 491 1 is_stmt 0 view .LVU448
 1550 0000 2DE9F041 		push	{r4, r5, r6, r7, r8, lr}
 1551              	.LCFI26:
 1552              		.cfi_def_cfa_offset 24
 1553              		.cfi_offset 4, -24
 1554              		.cfi_offset 5, -20
 1555              		.cfi_offset 6, -16
 1556              		.cfi_offset 7, -12
 1557              		.cfi_offset 8, -8
 1558              		.cfi_offset 14, -4
 1559 0004 86B0     		sub	sp, sp, #24
 1560              	.LCFI27:
 1561              		.cfi_def_cfa_offset 48
 1562 0006 0393     		str	r3, [sp, #12]
 492:Middlewares/Third_Party/FreeRTOS/Source/stream_buffer.c **** size_t xReturn, xSpace = 0;
 1563              		.loc 1 492 1 is_stmt 1 view .LVU449
 1564              	.LVL127:
 493:Middlewares/Third_Party/FreeRTOS/Source/stream_buffer.c **** size_t xRequiredSpace = xDataLengthBytes;
 1565              		.loc 1 493 1 view .LVU450
 494:Middlewares/Third_Party/FreeRTOS/Source/stream_buffer.c **** TimeOut_t xTimeOut;
 1566              		.loc 1 494 1 view .LVU451
 495:Middlewares/Third_Party/FreeRTOS/Source/stream_buffer.c **** 
 1567              		.loc 1 495 1 view .LVU452
 497:Middlewares/Third_Party/FreeRTOS/Source/stream_buffer.c **** 	configASSERT( pxStreamBuffer );
 1568              		.loc 1 497 2 view .LVU453
 1569 0008 0029     		cmp	r1, #0
 1570 000a 31D0     		beq	.L123
 1571 000c 0446     		mov	r4, r0
 1572 000e 1646     		mov	r6, r2
 1573 0010 8846     		mov	r8, r1
 497:Middlewares/Third_Party/FreeRTOS/Source/stream_buffer.c **** 	configASSERT( pxStreamBuffer );
 1574              		.loc 1 497 26 discriminator 2 view .LVU454
 498:Middlewares/Third_Party/FreeRTOS/Source/stream_buffer.c **** 
 1575              		.loc 1 498 2 discriminator 2 view .LVU455
 1576 0012 0028     		cmp	r0, #0
 1577 0014 35D0     		beq	.L124
 498:Middlewares/Third_Party/FreeRTOS/Source/stream_buffer.c **** 
 1578              		.loc 1 498 32 discriminator 2 view .LVU456
 504:Middlewares/Third_Party/FreeRTOS/Source/stream_buffer.c **** 	{
 1579              		.loc 1 504 2 discriminator 2 view .LVU457
 504:Middlewares/Third_Party/FreeRTOS/Source/stream_buffer.c **** 	{
 1580              		.loc 1 504 22 is_stmt 0 discriminator 2 view .LVU458
 1581 0016 037F     		ldrb	r3, [r0, #28]	@ zero_extendqisi2
 1582              	.LVL128:
 504:Middlewares/Third_Party/FreeRTOS/Source/stream_buffer.c **** 	{
 1583              		.loc 1 504 4 discriminator 2 view .LVU459
 1584 0018 13F0010F 		tst	r3, #1
 1585 001c 3AD0     		beq	.L121
 506:Middlewares/Third_Party/FreeRTOS/Source/stream_buffer.c **** 	}
 1586              		.loc 1 506 3 is_stmt 1 view .LVU460
ARM GAS  C:\Users\31005\AppData\Local\Temp\ccLRqEhz.s 			page 59


 506:Middlewares/Third_Party/FreeRTOS/Source/stream_buffer.c **** 	}
 1587              		.loc 1 506 18 is_stmt 0 view .LVU461
 1588 001e 171D     		adds	r7, r2, #4
 1589              	.LVL129:
 1590              	.L111:
 510:Middlewares/Third_Party/FreeRTOS/Source/stream_buffer.c **** 	}
 1591              		.loc 1 510 27 is_stmt 1 view .LVU462
 513:Middlewares/Third_Party/FreeRTOS/Source/stream_buffer.c **** 	{
 1592              		.loc 1 513 2 view .LVU463
 513:Middlewares/Third_Party/FreeRTOS/Source/stream_buffer.c **** 	{
 1593              		.loc 1 513 19 is_stmt 0 view .LVU464
 1594 0020 039B     		ldr	r3, [sp, #12]
 513:Middlewares/Third_Party/FreeRTOS/Source/stream_buffer.c **** 	{
 1595              		.loc 1 513 4 view .LVU465
 1596 0022 002B     		cmp	r3, #0
 1597 0024 44D0     		beq	.L112
 515:Middlewares/Third_Party/FreeRTOS/Source/stream_buffer.c **** 
 1598              		.loc 1 515 3 is_stmt 1 view .LVU466
 1599 0026 04A8     		add	r0, sp, #16
 1600              	.LVL130:
 515:Middlewares/Third_Party/FreeRTOS/Source/stream_buffer.c **** 
 1601              		.loc 1 515 3 is_stmt 0 view .LVU467
 1602 0028 FFF7FEFF 		bl	vTaskSetTimeOutState
 1603              	.LVL131:
 1604              	.L116:
 517:Middlewares/Third_Party/FreeRTOS/Source/stream_buffer.c **** 		{
 1605              		.loc 1 517 3 is_stmt 1 view .LVU468
 521:Middlewares/Third_Party/FreeRTOS/Source/stream_buffer.c **** 			{
 1606              		.loc 1 521 4 view .LVU469
 1607 002c FFF7FEFF 		bl	vPortEnterCritical
 1608              	.LVL132:
 523:Middlewares/Third_Party/FreeRTOS/Source/stream_buffer.c **** 
 1609              		.loc 1 523 5 view .LVU470
 523:Middlewares/Third_Party/FreeRTOS/Source/stream_buffer.c **** 
 1610              		.loc 1 523 14 is_stmt 0 view .LVU471
 1611 0030 2046     		mov	r0, r4
 1612 0032 FFF7FEFF 		bl	xStreamBufferSpacesAvailable
 1613              	.LVL133:
 1614 0036 0546     		mov	r5, r0
 1615              	.LVL134:
 525:Middlewares/Third_Party/FreeRTOS/Source/stream_buffer.c **** 				{
 1616              		.loc 1 525 5 is_stmt 1 view .LVU472
 525:Middlewares/Third_Party/FreeRTOS/Source/stream_buffer.c **** 				{
 1617              		.loc 1 525 7 is_stmt 0 view .LVU473
 1618 0038 8742     		cmp	r7, r0
 1619 003a 36D9     		bls	.L113
 528:Middlewares/Third_Party/FreeRTOS/Source/stream_buffer.c **** 
 1620              		.loc 1 528 6 is_stmt 1 view .LVU474
 528:Middlewares/Third_Party/FreeRTOS/Source/stream_buffer.c **** 
 1621              		.loc 1 528 15 is_stmt 0 view .LVU475
 1622 003c 0020     		movs	r0, #0
 1623              	.LVL135:
 528:Middlewares/Third_Party/FreeRTOS/Source/stream_buffer.c **** 
 1624              		.loc 1 528 15 view .LVU476
 1625 003e FFF7FEFF 		bl	xTaskNotifyStateClear
 1626              	.LVL136:
 531:Middlewares/Third_Party/FreeRTOS/Source/stream_buffer.c **** 					pxStreamBuffer->xTaskWaitingToSend = xTaskGetCurrentTaskHandle();
ARM GAS  C:\Users\31005\AppData\Local\Temp\ccLRqEhz.s 			page 60


 1627              		.loc 1 531 6 is_stmt 1 view .LVU477
 1628 0042 6369     		ldr	r3, [r4, #20]
 1629 0044 43BB     		cbnz	r3, .L125
 531:Middlewares/Third_Party/FreeRTOS/Source/stream_buffer.c **** 					pxStreamBuffer->xTaskWaitingToSend = xTaskGetCurrentTaskHandle();
 1630              		.loc 1 531 64 discriminator 2 view .LVU478
 532:Middlewares/Third_Party/FreeRTOS/Source/stream_buffer.c **** 				}
 1631              		.loc 1 532 6 discriminator 2 view .LVU479
 532:Middlewares/Third_Party/FreeRTOS/Source/stream_buffer.c **** 				}
 1632              		.loc 1 532 43 is_stmt 0 discriminator 2 view .LVU480
 1633 0046 FFF7FEFF 		bl	xTaskGetCurrentTaskHandle
 1634              	.LVL137:
 532:Middlewares/Third_Party/FreeRTOS/Source/stream_buffer.c **** 				}
 1635              		.loc 1 532 41 discriminator 2 view .LVU481
 1636 004a 6061     		str	r0, [r4, #20]
 540:Middlewares/Third_Party/FreeRTOS/Source/stream_buffer.c **** 
 1637              		.loc 1 540 4 is_stmt 1 discriminator 2 view .LVU482
 1638 004c FFF7FEFF 		bl	vPortExitCritical
 1639              	.LVL138:
 542:Middlewares/Third_Party/FreeRTOS/Source/stream_buffer.c **** 			( void ) xTaskNotifyWait( ( uint32_t ) 0, UINT32_MAX, NULL, xTicksToWait );
 1640              		.loc 1 542 56 discriminator 2 view .LVU483
 543:Middlewares/Third_Party/FreeRTOS/Source/stream_buffer.c **** 			pxStreamBuffer->xTaskWaitingToSend = NULL;
 1641              		.loc 1 543 4 discriminator 2 view .LVU484
 543:Middlewares/Third_Party/FreeRTOS/Source/stream_buffer.c **** 			pxStreamBuffer->xTaskWaitingToSend = NULL;
 1642              		.loc 1 543 13 is_stmt 0 discriminator 2 view .LVU485
 1643 0050 039B     		ldr	r3, [sp, #12]
 1644 0052 0022     		movs	r2, #0
 1645 0054 4FF0FF31 		mov	r1, #-1
 1646 0058 1046     		mov	r0, r2
 1647 005a FFF7FEFF 		bl	xTaskNotifyWait
 1648              	.LVL139:
 544:Middlewares/Third_Party/FreeRTOS/Source/stream_buffer.c **** 
 1649              		.loc 1 544 4 is_stmt 1 discriminator 2 view .LVU486
 544:Middlewares/Third_Party/FreeRTOS/Source/stream_buffer.c **** 
 1650              		.loc 1 544 39 is_stmt 0 discriminator 2 view .LVU487
 1651 005e 0023     		movs	r3, #0
 1652 0060 6361     		str	r3, [r4, #20]
 546:Middlewares/Third_Party/FreeRTOS/Source/stream_buffer.c **** 	}
 1653              		.loc 1 546 61 is_stmt 1 discriminator 2 view .LVU488
 546:Middlewares/Third_Party/FreeRTOS/Source/stream_buffer.c **** 	}
 1654              		.loc 1 546 12 is_stmt 0 discriminator 2 view .LVU489
 1655 0062 03A9     		add	r1, sp, #12
 1656 0064 04A8     		add	r0, sp, #16
 1657 0066 FFF7FEFF 		bl	xTaskCheckForTimeOut
 1658              	.LVL140:
 546:Middlewares/Third_Party/FreeRTOS/Source/stream_buffer.c **** 	}
 1659              		.loc 1 546 61 discriminator 2 view .LVU490
 1660 006a 0028     		cmp	r0, #0
 1661 006c DED0     		beq	.L116
 1662 006e 1EE0     		b	.L117
 1663              	.LVL141:
 1664              	.L123:
 497:Middlewares/Third_Party/FreeRTOS/Source/stream_buffer.c **** 	configASSERT( pxStreamBuffer );
 1665              		.loc 1 497 2 is_stmt 1 view .LVU491
 1666              	.LBB126:
 1667              	.LBI126:
 191:Middlewares/Third_Party/FreeRTOS/Source/portable/GCC/ARM_CM4F/portmacro.h **** {
 1668              		.loc 2 191 30 view .LVU492
ARM GAS  C:\Users\31005\AppData\Local\Temp\ccLRqEhz.s 			page 61


 1669              	.LBB127:
 193:Middlewares/Third_Party/FreeRTOS/Source/portable/GCC/ARM_CM4F/portmacro.h **** 
 1670              		.loc 2 193 1 view .LVU493
 1671              		.loc 2 195 2 view .LVU494
 1672              		.syntax unified
 1673              	@ 195 "Middlewares/Third_Party/FreeRTOS/Source/portable/GCC/ARM_CM4F/portmacro.h" 1
 1674 0070 4FF05003 			mov r3, #80												
 1675 0074 83F31188 		msr basepri, r3											
 1676 0078 BFF36F8F 		isb														
 1677 007c BFF34F8F 		dsb														
 1678              	
 1679              	@ 0 "" 2
 1680              	.LVL142:
 1681              		.thumb
 1682              		.syntax unified
 1683              	.L108:
 1684              		.loc 2 195 2 is_stmt 0 view .LVU495
 1685              	.LBE127:
 1686              	.LBE126:
 497:Middlewares/Third_Party/FreeRTOS/Source/stream_buffer.c **** 	configASSERT( pxStreamBuffer );
 1687              		.loc 1 497 2 is_stmt 1 discriminator 1 view .LVU496
 497:Middlewares/Third_Party/FreeRTOS/Source/stream_buffer.c **** 	configASSERT( pxStreamBuffer );
 1688              		.loc 1 497 2 discriminator 1 view .LVU497
 1689 0080 FEE7     		b	.L108
 1690              	.LVL143:
 1691              	.L124:
 498:Middlewares/Third_Party/FreeRTOS/Source/stream_buffer.c **** 
 1692              		.loc 1 498 2 view .LVU498
 1693              	.LBB128:
 1694              	.LBI128:
 191:Middlewares/Third_Party/FreeRTOS/Source/portable/GCC/ARM_CM4F/portmacro.h **** {
 1695              		.loc 2 191 30 view .LVU499
 1696              	.LBB129:
 193:Middlewares/Third_Party/FreeRTOS/Source/portable/GCC/ARM_CM4F/portmacro.h **** 
 1697              		.loc 2 193 1 view .LVU500
 1698              		.loc 2 195 2 view .LVU501
 1699              		.syntax unified
 1700              	@ 195 "Middlewares/Third_Party/FreeRTOS/Source/portable/GCC/ARM_CM4F/portmacro.h" 1
 1701 0082 4FF05003 			mov r3, #80												
 1702 0086 83F31188 		msr basepri, r3											
 1703 008a BFF36F8F 		isb														
 1704 008e BFF34F8F 		dsb														
 1705              	
 1706              	@ 0 "" 2
 1707              	.LVL144:
 1708              		.thumb
 1709              		.syntax unified
 1710              	.L110:
 1711              		.loc 2 195 2 is_stmt 0 view .LVU502
 1712              	.LBE129:
 1713              	.LBE128:
 498:Middlewares/Third_Party/FreeRTOS/Source/stream_buffer.c **** 
 1714              		.loc 1 498 2 is_stmt 1 discriminator 2 view .LVU503
 498:Middlewares/Third_Party/FreeRTOS/Source/stream_buffer.c **** 
 1715              		.loc 1 498 2 discriminator 2 view .LVU504
 1716 0092 FEE7     		b	.L110
 1717              	.L121:
ARM GAS  C:\Users\31005\AppData\Local\Temp\ccLRqEhz.s 			page 62


 494:Middlewares/Third_Party/FreeRTOS/Source/stream_buffer.c **** TimeOut_t xTimeOut;
 1718              		.loc 1 494 8 is_stmt 0 view .LVU505
 1719 0094 1746     		mov	r7, r2
 1720 0096 C3E7     		b	.L111
 1721              	.LVL145:
 1722              	.L125:
 531:Middlewares/Third_Party/FreeRTOS/Source/stream_buffer.c **** 					pxStreamBuffer->xTaskWaitingToSend = xTaskGetCurrentTaskHandle();
 1723              		.loc 1 531 6 is_stmt 1 view .LVU506
 1724              	.LBB130:
 1725              	.LBI130:
 191:Middlewares/Third_Party/FreeRTOS/Source/portable/GCC/ARM_CM4F/portmacro.h **** {
 1726              		.loc 2 191 30 view .LVU507
 1727              	.LBB131:
 193:Middlewares/Third_Party/FreeRTOS/Source/portable/GCC/ARM_CM4F/portmacro.h **** 
 1728              		.loc 2 193 1 view .LVU508
 1729              		.loc 2 195 2 view .LVU509
 1730              		.syntax unified
 1731              	@ 195 "Middlewares/Third_Party/FreeRTOS/Source/portable/GCC/ARM_CM4F/portmacro.h" 1
 1732 0098 4FF05003 			mov r3, #80												
 1733 009c 83F31188 		msr basepri, r3											
 1734 00a0 BFF36F8F 		isb														
 1735 00a4 BFF34F8F 		dsb														
 1736              	
 1737              	@ 0 "" 2
 1738              	.LVL146:
 1739              		.thumb
 1740              		.syntax unified
 1741              	.L115:
 1742              		.loc 2 195 2 is_stmt 0 view .LVU510
 1743              	.LBE131:
 1744              	.LBE130:
 531:Middlewares/Third_Party/FreeRTOS/Source/stream_buffer.c **** 					pxStreamBuffer->xTaskWaitingToSend = xTaskGetCurrentTaskHandle();
 1745              		.loc 1 531 6 is_stmt 1 discriminator 3 view .LVU511
 531:Middlewares/Third_Party/FreeRTOS/Source/stream_buffer.c **** 					pxStreamBuffer->xTaskWaitingToSend = xTaskGetCurrentTaskHandle();
 1746              		.loc 1 531 6 discriminator 3 view .LVU512
 1747 00a8 FEE7     		b	.L115
 1748              	.LVL147:
 1749              	.L113:
 536:Middlewares/Third_Party/FreeRTOS/Source/stream_buffer.c **** 					break;
 1750              		.loc 1 536 6 view .LVU513
 1751 00aa FFF7FEFF 		bl	vPortExitCritical
 1752              	.LVL148:
 537:Middlewares/Third_Party/FreeRTOS/Source/stream_buffer.c **** 				}
 1753              		.loc 1 537 6 view .LVU514
 1754              	.L117:
 550:Middlewares/Third_Party/FreeRTOS/Source/stream_buffer.c **** 	}
 1755              		.loc 1 550 27 view .LVU515
 553:Middlewares/Third_Party/FreeRTOS/Source/stream_buffer.c **** 	{
 1756              		.loc 1 553 2 view .LVU516
 553:Middlewares/Third_Party/FreeRTOS/Source/stream_buffer.c **** 	{
 1757              		.loc 1 553 4 is_stmt 0 view .LVU517
 1758 00ae 1DB9     		cbnz	r5, .L118
 1759              	.LVL149:
 1760              	.L112:
 555:Middlewares/Third_Party/FreeRTOS/Source/stream_buffer.c **** 	}
 1761              		.loc 1 555 3 is_stmt 1 view .LVU518
 555:Middlewares/Third_Party/FreeRTOS/Source/stream_buffer.c **** 	}
ARM GAS  C:\Users\31005\AppData\Local\Temp\ccLRqEhz.s 			page 63


 1762              		.loc 1 555 12 is_stmt 0 view .LVU519
 1763 00b0 2046     		mov	r0, r4
 1764 00b2 FFF7FEFF 		bl	xStreamBufferSpacesAvailable
 1765              	.LVL150:
 1766 00b6 0546     		mov	r5, r0
 1767              	.LVL151:
 1768              	.L118:
 559:Middlewares/Third_Party/FreeRTOS/Source/stream_buffer.c **** 	}
 1769              		.loc 1 559 27 is_stmt 1 view .LVU520
 562:Middlewares/Third_Party/FreeRTOS/Source/stream_buffer.c **** 
 1770              		.loc 1 562 2 view .LVU521
 562:Middlewares/Third_Party/FreeRTOS/Source/stream_buffer.c **** 
 1771              		.loc 1 562 12 is_stmt 0 view .LVU522
 1772 00b8 0097     		str	r7, [sp]
 1773 00ba 2B46     		mov	r3, r5
 1774 00bc 3246     		mov	r2, r6
 1775 00be 4146     		mov	r1, r8
 1776 00c0 2046     		mov	r0, r4
 1777 00c2 FFF7FEFF 		bl	prvWriteMessageToBuffer
 1778              	.LVL152:
 564:Middlewares/Third_Party/FreeRTOS/Source/stream_buffer.c **** 	{
 1779              		.loc 1 564 2 is_stmt 1 view .LVU523
 564:Middlewares/Third_Party/FreeRTOS/Source/stream_buffer.c **** 	{
 1780              		.loc 1 564 4 is_stmt 0 view .LVU524
 1781 00c6 0546     		mov	r5, r0
 1782              	.LVL153:
 564:Middlewares/Third_Party/FreeRTOS/Source/stream_buffer.c **** 	{
 1783              		.loc 1 564 4 view .LVU525
 1784 00c8 18B9     		cbnz	r0, .L126
 1785              	.LVL154:
 1786              	.L106:
 585:Middlewares/Third_Party/FreeRTOS/Source/stream_buffer.c **** /*-----------------------------------------------------------*/
 1787              		.loc 1 585 1 view .LVU526
 1788 00ca 2846     		mov	r0, r5
 1789 00cc 06B0     		add	sp, sp, #24
 1790              	.LCFI28:
 1791              		.cfi_remember_state
 1792              		.cfi_def_cfa_offset 24
 1793              		@ sp needed
 1794 00ce BDE8F081 		pop	{r4, r5, r6, r7, r8, pc}
 1795              	.LVL155:
 1796              	.L126:
 1797              	.LCFI29:
 1798              		.cfi_restore_state
 566:Middlewares/Third_Party/FreeRTOS/Source/stream_buffer.c **** 
 1799              		.loc 1 566 52 is_stmt 1 view .LVU527
 569:Middlewares/Third_Party/FreeRTOS/Source/stream_buffer.c **** 		{
 1800              		.loc 1 569 3 view .LVU528
 569:Middlewares/Third_Party/FreeRTOS/Source/stream_buffer.c **** 		{
 1801              		.loc 1 569 7 is_stmt 0 view .LVU529
 1802 00d2 2046     		mov	r0, r4
 1803              	.LVL156:
 569:Middlewares/Third_Party/FreeRTOS/Source/stream_buffer.c **** 		{
 1804              		.loc 1 569 7 view .LVU530
 1805 00d4 FFF7FEFF 		bl	prvBytesInBuffer
 1806              	.LVL157:
 569:Middlewares/Third_Party/FreeRTOS/Source/stream_buffer.c **** 		{
ARM GAS  C:\Users\31005\AppData\Local\Temp\ccLRqEhz.s 			page 64


 1807              		.loc 1 569 59 view .LVU531
 1808 00d8 E368     		ldr	r3, [r4, #12]
 569:Middlewares/Third_Party/FreeRTOS/Source/stream_buffer.c **** 		{
 1809              		.loc 1 569 5 view .LVU532
 1810 00da 9842     		cmp	r0, r3
 1811 00dc F5D3     		bcc	.L106
 571:Middlewares/Third_Party/FreeRTOS/Source/stream_buffer.c **** 		}
 1812              		.loc 1 571 4 is_stmt 1 view .LVU533
 1813 00de FFF7FEFF 		bl	vTaskSuspendAll
 1814              	.LVL158:
 571:Middlewares/Third_Party/FreeRTOS/Source/stream_buffer.c **** 		}
 1815              		.loc 1 571 4 view .LVU534
 1816 00e2 2369     		ldr	r3, [r4, #16]
 1817 00e4 3BB1     		cbz	r3, .L120
 571:Middlewares/Third_Party/FreeRTOS/Source/stream_buffer.c **** 		}
 1818              		.loc 1 571 4 discriminator 1 view .LVU535
 1819 00e6 2069     		ldr	r0, [r4, #16]
 1820 00e8 0023     		movs	r3, #0
 1821 00ea 1A46     		mov	r2, r3
 1822 00ec 1946     		mov	r1, r3
 1823 00ee FFF7FEFF 		bl	xTaskGenericNotify
 1824              	.LVL159:
 571:Middlewares/Third_Party/FreeRTOS/Source/stream_buffer.c **** 		}
 1825              		.loc 1 571 4 discriminator 1 view .LVU536
 1826 00f2 0023     		movs	r3, #0
 1827 00f4 2361     		str	r3, [r4, #16]
 1828              	.L120:
 571:Middlewares/Third_Party/FreeRTOS/Source/stream_buffer.c **** 		}
 1829              		.loc 1 571 4 discriminator 3 view .LVU537
 1830 00f6 FFF7FEFF 		bl	xTaskResumeAll
 1831              	.LVL160:
 571:Middlewares/Third_Party/FreeRTOS/Source/stream_buffer.c **** 		}
 1832              		.loc 1 571 38 discriminator 3 view .LVU538
 580:Middlewares/Third_Party/FreeRTOS/Source/stream_buffer.c **** 		traceSTREAM_BUFFER_SEND_FAILED( xStreamBuffer );
 1833              		.loc 1 580 27 discriminator 3 view .LVU539
 581:Middlewares/Third_Party/FreeRTOS/Source/stream_buffer.c **** 	}
 1834              		.loc 1 581 50 discriminator 3 view .LVU540
 584:Middlewares/Third_Party/FreeRTOS/Source/stream_buffer.c **** }
 1835              		.loc 1 584 2 discriminator 3 view .LVU541
 584:Middlewares/Third_Party/FreeRTOS/Source/stream_buffer.c **** }
 1836              		.loc 1 584 9 is_stmt 0 discriminator 3 view .LVU542
 1837 00fa E6E7     		b	.L106
 1838              		.cfi_endproc
 1839              	.LFE11:
 1841              		.section	.text.xStreamBufferSendFromISR,"ax",%progbits
 1842              		.align	1
 1843              		.global	xStreamBufferSendFromISR
 1844              		.syntax unified
 1845              		.thumb
 1846              		.thumb_func
 1848              	xStreamBufferSendFromISR:
 1849              	.LVL161:
 1850              	.LFB12:
 592:Middlewares/Third_Party/FreeRTOS/Source/stream_buffer.c **** StreamBuffer_t * const pxStreamBuffer = ( StreamBuffer_t * ) xStreamBuffer; /*lint !e9087 !e9079 Sa
 1851              		.loc 1 592 1 is_stmt 1 view -0
 1852              		.cfi_startproc
 1853              		@ args = 0, pretend = 0, frame = 0
ARM GAS  C:\Users\31005\AppData\Local\Temp\ccLRqEhz.s 			page 65


 1854              		@ frame_needed = 0, uses_anonymous_args = 0
 593:Middlewares/Third_Party/FreeRTOS/Source/stream_buffer.c **** size_t xReturn, xSpace;
 1855              		.loc 1 593 1 view .LVU544
 594:Middlewares/Third_Party/FreeRTOS/Source/stream_buffer.c **** size_t xRequiredSpace = xDataLengthBytes;
 1856              		.loc 1 594 1 view .LVU545
 595:Middlewares/Third_Party/FreeRTOS/Source/stream_buffer.c **** 
 1857              		.loc 1 595 1 view .LVU546
 597:Middlewares/Third_Party/FreeRTOS/Source/stream_buffer.c **** 	configASSERT( pxStreamBuffer );
 1858              		.loc 1 597 2 view .LVU547
 1859 0000 F1B1     		cbz	r1, .L138
 592:Middlewares/Third_Party/FreeRTOS/Source/stream_buffer.c **** StreamBuffer_t * const pxStreamBuffer = ( StreamBuffer_t * ) xStreamBuffer; /*lint !e9087 !e9079 Sa
 1860              		.loc 1 592 1 is_stmt 0 discriminator 2 view .LVU548
 1861 0002 2DE9F041 		push	{r4, r5, r6, r7, r8, lr}
 1862              	.LCFI30:
 1863              		.cfi_def_cfa_offset 24
 1864              		.cfi_offset 4, -24
 1865              		.cfi_offset 5, -20
 1866              		.cfi_offset 6, -16
 1867              		.cfi_offset 7, -12
 1868              		.cfi_offset 8, -8
 1869              		.cfi_offset 14, -4
 1870 0006 82B0     		sub	sp, sp, #8
 1871              	.LCFI31:
 1872              		.cfi_def_cfa_offset 32
 1873 0008 0446     		mov	r4, r0
 1874 000a 1546     		mov	r5, r2
 1875 000c 1E46     		mov	r6, r3
 1876 000e 0F46     		mov	r7, r1
 597:Middlewares/Third_Party/FreeRTOS/Source/stream_buffer.c **** 	configASSERT( pxStreamBuffer );
 1877              		.loc 1 597 26 is_stmt 1 discriminator 2 view .LVU549
 598:Middlewares/Third_Party/FreeRTOS/Source/stream_buffer.c **** 
 1878              		.loc 1 598 2 discriminator 2 view .LVU550
 1879 0010 F8B1     		cbz	r0, .L139
 598:Middlewares/Third_Party/FreeRTOS/Source/stream_buffer.c **** 
 1880              		.loc 1 598 32 discriminator 2 view .LVU551
 604:Middlewares/Third_Party/FreeRTOS/Source/stream_buffer.c **** 	{
 1881              		.loc 1 604 2 discriminator 2 view .LVU552
 604:Middlewares/Third_Party/FreeRTOS/Source/stream_buffer.c **** 	{
 1882              		.loc 1 604 22 is_stmt 0 discriminator 2 view .LVU553
 1883 0012 037F     		ldrb	r3, [r0, #28]	@ zero_extendqisi2
 1884              	.LVL162:
 604:Middlewares/Third_Party/FreeRTOS/Source/stream_buffer.c **** 	{
 1885              		.loc 1 604 4 discriminator 2 view .LVU554
 1886 0014 13F0010F 		tst	r3, #1
 1887 0018 24D0     		beq	.L135
 606:Middlewares/Third_Party/FreeRTOS/Source/stream_buffer.c **** 	}
 1888              		.loc 1 606 3 is_stmt 1 view .LVU555
 606:Middlewares/Third_Party/FreeRTOS/Source/stream_buffer.c **** 	}
 1889              		.loc 1 606 18 is_stmt 0 view .LVU556
 1890 001a 02F10408 		add	r8, r2, #4
 1891              	.LVL163:
 1892              	.L132:
 610:Middlewares/Third_Party/FreeRTOS/Source/stream_buffer.c **** 	}
 1893              		.loc 1 610 27 is_stmt 1 view .LVU557
 613:Middlewares/Third_Party/FreeRTOS/Source/stream_buffer.c **** 	xReturn = prvWriteMessageToBuffer( pxStreamBuffer, pvTxData, xDataLengthBytes, xSpace, xRequiredSp
 1894              		.loc 1 613 2 view .LVU558
 613:Middlewares/Third_Party/FreeRTOS/Source/stream_buffer.c **** 	xReturn = prvWriteMessageToBuffer( pxStreamBuffer, pvTxData, xDataLengthBytes, xSpace, xRequiredSp
ARM GAS  C:\Users\31005\AppData\Local\Temp\ccLRqEhz.s 			page 66


 1895              		.loc 1 613 11 is_stmt 0 view .LVU559
 1896 001e 2046     		mov	r0, r4
 1897              	.LVL164:
 613:Middlewares/Third_Party/FreeRTOS/Source/stream_buffer.c **** 	xReturn = prvWriteMessageToBuffer( pxStreamBuffer, pvTxData, xDataLengthBytes, xSpace, xRequiredSp
 1898              		.loc 1 613 11 view .LVU560
 1899 0020 FFF7FEFF 		bl	xStreamBufferSpacesAvailable
 1900              	.LVL165:
 613:Middlewares/Third_Party/FreeRTOS/Source/stream_buffer.c **** 	xReturn = prvWriteMessageToBuffer( pxStreamBuffer, pvTxData, xDataLengthBytes, xSpace, xRequiredSp
 1901              		.loc 1 613 11 view .LVU561
 1902 0024 0346     		mov	r3, r0
 1903              	.LVL166:
 614:Middlewares/Third_Party/FreeRTOS/Source/stream_buffer.c **** 
 1904              		.loc 1 614 2 is_stmt 1 view .LVU562
 614:Middlewares/Third_Party/FreeRTOS/Source/stream_buffer.c **** 
 1905              		.loc 1 614 12 is_stmt 0 view .LVU563
 1906 0026 CDF80080 		str	r8, [sp]
 1907 002a 2A46     		mov	r2, r5
 1908 002c 3946     		mov	r1, r7
 1909 002e 2046     		mov	r0, r4
 1910              	.LVL167:
 614:Middlewares/Third_Party/FreeRTOS/Source/stream_buffer.c **** 
 1911              		.loc 1 614 12 view .LVU564
 1912 0030 FFF7FEFF 		bl	prvWriteMessageToBuffer
 1913              	.LVL168:
 616:Middlewares/Third_Party/FreeRTOS/Source/stream_buffer.c **** 	{
 1914              		.loc 1 616 2 is_stmt 1 view .LVU565
 616:Middlewares/Third_Party/FreeRTOS/Source/stream_buffer.c **** 	{
 1915              		.loc 1 616 4 is_stmt 0 view .LVU566
 1916 0034 0546     		mov	r5, r0
 1917              	.LVL169:
 616:Middlewares/Third_Party/FreeRTOS/Source/stream_buffer.c **** 	{
 1918              		.loc 1 616 4 view .LVU567
 1919 0036 B8B9     		cbnz	r0, .L140
 1920              	.LVL170:
 1921              	.L127:
 636:Middlewares/Third_Party/FreeRTOS/Source/stream_buffer.c **** /*-----------------------------------------------------------*/
 1922              		.loc 1 636 1 view .LVU568
 1923 0038 2846     		mov	r0, r5
 1924 003a 02B0     		add	sp, sp, #8
 1925              	.LCFI32:
 1926              		.cfi_def_cfa_offset 24
 1927              		@ sp needed
 1928 003c BDE8F081 		pop	{r4, r5, r6, r7, r8, pc}
 1929              	.LVL171:
 1930              	.L138:
 1931              	.LCFI33:
 1932              		.cfi_def_cfa_offset 0
 1933              		.cfi_restore 4
 1934              		.cfi_restore 5
 1935              		.cfi_restore 6
 1936              		.cfi_restore 7
 1937              		.cfi_restore 8
 1938              		.cfi_restore 14
 597:Middlewares/Third_Party/FreeRTOS/Source/stream_buffer.c **** 	configASSERT( pxStreamBuffer );
 1939              		.loc 1 597 2 is_stmt 1 view .LVU569
 1940              	.LBB132:
 1941              	.LBI132:
ARM GAS  C:\Users\31005\AppData\Local\Temp\ccLRqEhz.s 			page 67


 191:Middlewares/Third_Party/FreeRTOS/Source/portable/GCC/ARM_CM4F/portmacro.h **** {
 1942              		.loc 2 191 30 view .LVU570
 1943              	.LBB133:
 193:Middlewares/Third_Party/FreeRTOS/Source/portable/GCC/ARM_CM4F/portmacro.h **** 
 1944              		.loc 2 193 1 view .LVU571
 1945              		.loc 2 195 2 view .LVU572
 1946              		.syntax unified
 1947              	@ 195 "Middlewares/Third_Party/FreeRTOS/Source/portable/GCC/ARM_CM4F/portmacro.h" 1
 1948 0040 4FF05003 			mov r3, #80												
 1949 0044 83F31188 		msr basepri, r3											
 1950 0048 BFF36F8F 		isb														
 1951 004c BFF34F8F 		dsb														
 1952              	
 1953              	@ 0 "" 2
 1954              	.LVL172:
 1955              		.thumb
 1956              		.syntax unified
 1957              	.L129:
 1958              		.loc 2 195 2 is_stmt 0 view .LVU573
 1959              	.LBE133:
 1960              	.LBE132:
 597:Middlewares/Third_Party/FreeRTOS/Source/stream_buffer.c **** 	configASSERT( pxStreamBuffer );
 1961              		.loc 1 597 2 is_stmt 1 discriminator 1 view .LVU574
 597:Middlewares/Third_Party/FreeRTOS/Source/stream_buffer.c **** 	configASSERT( pxStreamBuffer );
 1962              		.loc 1 597 2 discriminator 1 view .LVU575
 1963 0050 FEE7     		b	.L129
 1964              	.LVL173:
 1965              	.L139:
 1966              	.LCFI34:
 1967              		.cfi_def_cfa_offset 32
 1968              		.cfi_offset 4, -24
 1969              		.cfi_offset 5, -20
 1970              		.cfi_offset 6, -16
 1971              		.cfi_offset 7, -12
 1972              		.cfi_offset 8, -8
 1973              		.cfi_offset 14, -4
 598:Middlewares/Third_Party/FreeRTOS/Source/stream_buffer.c **** 
 1974              		.loc 1 598 2 view .LVU576
 1975              	.LBB134:
 1976              	.LBI134:
 191:Middlewares/Third_Party/FreeRTOS/Source/portable/GCC/ARM_CM4F/portmacro.h **** {
 1977              		.loc 2 191 30 view .LVU577
 1978              	.LBB135:
 193:Middlewares/Third_Party/FreeRTOS/Source/portable/GCC/ARM_CM4F/portmacro.h **** 
 1979              		.loc 2 193 1 view .LVU578
 1980              		.loc 2 195 2 view .LVU579
 1981              		.syntax unified
 1982              	@ 195 "Middlewares/Third_Party/FreeRTOS/Source/portable/GCC/ARM_CM4F/portmacro.h" 1
 1983 0052 4FF05003 			mov r3, #80												
 1984 0056 83F31188 		msr basepri, r3											
 1985 005a BFF36F8F 		isb														
 1986 005e BFF34F8F 		dsb														
 1987              	
 1988              	@ 0 "" 2
 1989              	.LVL174:
 1990              		.thumb
 1991              		.syntax unified
ARM GAS  C:\Users\31005\AppData\Local\Temp\ccLRqEhz.s 			page 68


 1992              	.L131:
 1993              		.loc 2 195 2 is_stmt 0 view .LVU580
 1994              	.LBE135:
 1995              	.LBE134:
 598:Middlewares/Third_Party/FreeRTOS/Source/stream_buffer.c **** 
 1996              		.loc 1 598 2 is_stmt 1 discriminator 2 view .LVU581
 598:Middlewares/Third_Party/FreeRTOS/Source/stream_buffer.c **** 
 1997              		.loc 1 598 2 discriminator 2 view .LVU582
 1998 0062 FEE7     		b	.L131
 1999              	.L135:
 595:Middlewares/Third_Party/FreeRTOS/Source/stream_buffer.c **** 
 2000              		.loc 1 595 8 is_stmt 0 view .LVU583
 2001 0064 9046     		mov	r8, r2
 2002 0066 DAE7     		b	.L132
 2003              	.LVL175:
 2004              	.L140:
 619:Middlewares/Third_Party/FreeRTOS/Source/stream_buffer.c **** 		{
 2005              		.loc 1 619 3 is_stmt 1 view .LVU584
 619:Middlewares/Third_Party/FreeRTOS/Source/stream_buffer.c **** 		{
 2006              		.loc 1 619 7 is_stmt 0 view .LVU585
 2007 0068 2046     		mov	r0, r4
 2008              	.LVL176:
 619:Middlewares/Third_Party/FreeRTOS/Source/stream_buffer.c **** 		{
 2009              		.loc 1 619 7 view .LVU586
 2010 006a FFF7FEFF 		bl	prvBytesInBuffer
 2011              	.LVL177:
 619:Middlewares/Third_Party/FreeRTOS/Source/stream_buffer.c **** 		{
 2012              		.loc 1 619 59 view .LVU587
 2013 006e E368     		ldr	r3, [r4, #12]
 619:Middlewares/Third_Party/FreeRTOS/Source/stream_buffer.c **** 		{
 2014              		.loc 1 619 5 view .LVU588
 2015 0070 9842     		cmp	r0, r3
 2016 0072 E1D3     		bcc	.L127
 2017              	.LBB136:
 621:Middlewares/Third_Party/FreeRTOS/Source/stream_buffer.c **** 		}
 2018              		.loc 1 621 4 is_stmt 1 view .LVU589
 621:Middlewares/Third_Party/FreeRTOS/Source/stream_buffer.c **** 		}
 2019              		.loc 1 621 4 view .LVU590
 2020              	.LBB137:
 2021              	.LBI137:
 196:Middlewares/Third_Party/FreeRTOS/Source/portable/GCC/ARM_CM4F/portmacro.h **** 	(
 197:Middlewares/Third_Party/FreeRTOS/Source/portable/GCC/ARM_CM4F/portmacro.h **** 		"	mov %0, %1												\n"	\
 198:Middlewares/Third_Party/FreeRTOS/Source/portable/GCC/ARM_CM4F/portmacro.h **** 		"	msr basepri, %0											\n" \
 199:Middlewares/Third_Party/FreeRTOS/Source/portable/GCC/ARM_CM4F/portmacro.h **** 		"	isb														\n" \
 200:Middlewares/Third_Party/FreeRTOS/Source/portable/GCC/ARM_CM4F/portmacro.h **** 		"	dsb														\n" \
 201:Middlewares/Third_Party/FreeRTOS/Source/portable/GCC/ARM_CM4F/portmacro.h **** 		:"=r" (ulNewBASEPRI) : "i" ( configMAX_SYSCALL_INTERRUPT_PRIORITY ) : "memory"
 202:Middlewares/Third_Party/FreeRTOS/Source/portable/GCC/ARM_CM4F/portmacro.h **** 	);
 203:Middlewares/Third_Party/FreeRTOS/Source/portable/GCC/ARM_CM4F/portmacro.h **** }
 204:Middlewares/Third_Party/FreeRTOS/Source/portable/GCC/ARM_CM4F/portmacro.h **** 
 205:Middlewares/Third_Party/FreeRTOS/Source/portable/GCC/ARM_CM4F/portmacro.h **** /*-----------------------------------------------------------*/
 206:Middlewares/Third_Party/FreeRTOS/Source/portable/GCC/ARM_CM4F/portmacro.h **** 
 207:Middlewares/Third_Party/FreeRTOS/Source/portable/GCC/ARM_CM4F/portmacro.h **** portFORCE_INLINE static uint32_t ulPortRaiseBASEPRI( void )
 2022              		.loc 2 207 34 view .LVU591
 2023              	.LBB138:
 208:Middlewares/Third_Party/FreeRTOS/Source/portable/GCC/ARM_CM4F/portmacro.h **** {
 209:Middlewares/Third_Party/FreeRTOS/Source/portable/GCC/ARM_CM4F/portmacro.h **** uint32_t ulOriginalBASEPRI, ulNewBASEPRI;
 2024              		.loc 2 209 1 view .LVU592
ARM GAS  C:\Users\31005\AppData\Local\Temp\ccLRqEhz.s 			page 69


 210:Middlewares/Third_Party/FreeRTOS/Source/portable/GCC/ARM_CM4F/portmacro.h **** 
 211:Middlewares/Third_Party/FreeRTOS/Source/portable/GCC/ARM_CM4F/portmacro.h **** 	__asm volatile
 2025              		.loc 2 211 2 view .LVU593
 2026              		.syntax unified
 2027              	@ 211 "Middlewares/Third_Party/FreeRTOS/Source/portable/GCC/ARM_CM4F/portmacro.h" 1
 2028 0074 EFF31187 			mrs r7, basepri											
 2029 0078 4FF05003 		mov r3, #80												
 2030 007c 83F31188 		msr basepri, r3											
 2031 0080 BFF36F8F 		isb														
 2032 0084 BFF34F8F 		dsb														
 2033              	
 2034              	@ 0 "" 2
 2035              	.LVL178:
 212:Middlewares/Third_Party/FreeRTOS/Source/portable/GCC/ARM_CM4F/portmacro.h **** 	(
 213:Middlewares/Third_Party/FreeRTOS/Source/portable/GCC/ARM_CM4F/portmacro.h **** 		"	mrs %0, basepri											\n" \
 214:Middlewares/Third_Party/FreeRTOS/Source/portable/GCC/ARM_CM4F/portmacro.h **** 		"	mov %1, %2												\n"	\
 215:Middlewares/Third_Party/FreeRTOS/Source/portable/GCC/ARM_CM4F/portmacro.h **** 		"	msr basepri, %1											\n" \
 216:Middlewares/Third_Party/FreeRTOS/Source/portable/GCC/ARM_CM4F/portmacro.h **** 		"	isb														\n" \
 217:Middlewares/Third_Party/FreeRTOS/Source/portable/GCC/ARM_CM4F/portmacro.h **** 		"	dsb														\n" \
 218:Middlewares/Third_Party/FreeRTOS/Source/portable/GCC/ARM_CM4F/portmacro.h **** 		:"=r" (ulOriginalBASEPRI), "=r" (ulNewBASEPRI) : "i" ( configMAX_SYSCALL_INTERRUPT_PRIORITY ) : "
 219:Middlewares/Third_Party/FreeRTOS/Source/portable/GCC/ARM_CM4F/portmacro.h **** 	);
 220:Middlewares/Third_Party/FreeRTOS/Source/portable/GCC/ARM_CM4F/portmacro.h **** 
 221:Middlewares/Third_Party/FreeRTOS/Source/portable/GCC/ARM_CM4F/portmacro.h **** 	/* This return will not be reached but is necessary to prevent compiler
 222:Middlewares/Third_Party/FreeRTOS/Source/portable/GCC/ARM_CM4F/portmacro.h **** 	warnings. */
 223:Middlewares/Third_Party/FreeRTOS/Source/portable/GCC/ARM_CM4F/portmacro.h **** 	return ulOriginalBASEPRI;
 2036              		.loc 2 223 2 view .LVU594
 2037              		.loc 2 223 2 is_stmt 0 view .LVU595
 2038              		.thumb
 2039              		.syntax unified
 2040              	.LBE138:
 2041              	.LBE137:
 621:Middlewares/Third_Party/FreeRTOS/Source/stream_buffer.c **** 		}
 2042              		.loc 1 621 4 is_stmt 1 view .LVU596
 2043 0088 2369     		ldr	r3, [r4, #16]
 2044 008a 43B1     		cbz	r3, .L134
 621:Middlewares/Third_Party/FreeRTOS/Source/stream_buffer.c **** 		}
 2045              		.loc 1 621 4 discriminator 1 view .LVU597
 2046 008c 2069     		ldr	r0, [r4, #16]
 2047 008e 0096     		str	r6, [sp]
 2048 0090 0023     		movs	r3, #0
 2049 0092 1A46     		mov	r2, r3
 2050 0094 1946     		mov	r1, r3
 2051 0096 FFF7FEFF 		bl	xTaskGenericNotifyFromISR
 2052              	.LVL179:
 621:Middlewares/Third_Party/FreeRTOS/Source/stream_buffer.c **** 		}
 2053              		.loc 1 621 4 discriminator 1 view .LVU598
 2054 009a 0023     		movs	r3, #0
 2055 009c 2361     		str	r3, [r4, #16]
 2056              	.L134:
 621:Middlewares/Third_Party/FreeRTOS/Source/stream_buffer.c **** 		}
 2057              		.loc 1 621 4 discriminator 3 view .LVU599
 2058              	.LBB139:
 2059              	.LBI139:
 224:Middlewares/Third_Party/FreeRTOS/Source/portable/GCC/ARM_CM4F/portmacro.h **** }
 225:Middlewares/Third_Party/FreeRTOS/Source/portable/GCC/ARM_CM4F/portmacro.h **** /*-----------------------------------------------------------*/
 226:Middlewares/Third_Party/FreeRTOS/Source/portable/GCC/ARM_CM4F/portmacro.h **** 
 227:Middlewares/Third_Party/FreeRTOS/Source/portable/GCC/ARM_CM4F/portmacro.h **** portFORCE_INLINE static void vPortSetBASEPRI( uint32_t ulNewMaskValue )
ARM GAS  C:\Users\31005\AppData\Local\Temp\ccLRqEhz.s 			page 70


 2060              		.loc 2 227 30 discriminator 3 view .LVU600
 2061              	.LBB140:
 228:Middlewares/Third_Party/FreeRTOS/Source/portable/GCC/ARM_CM4F/portmacro.h **** {
 229:Middlewares/Third_Party/FreeRTOS/Source/portable/GCC/ARM_CM4F/portmacro.h **** 	__asm volatile
 2062              		.loc 2 229 2 discriminator 3 view .LVU601
 2063              		.syntax unified
 2064              	@ 229 "Middlewares/Third_Party/FreeRTOS/Source/portable/GCC/ARM_CM4F/portmacro.h" 1
 2065 009e 87F31188 			msr basepri, r7	
 2066              	@ 0 "" 2
 2067              		.thumb
 2068              		.syntax unified
 2069              	.LBE140:
 2070              	.LBE139:
 2071              	.LBE136:
 630:Middlewares/Third_Party/FreeRTOS/Source/stream_buffer.c **** 	}
 2072              		.loc 1 630 27 discriminator 3 view .LVU602
 633:Middlewares/Third_Party/FreeRTOS/Source/stream_buffer.c **** 
 2073              		.loc 1 633 60 discriminator 3 view .LVU603
 635:Middlewares/Third_Party/FreeRTOS/Source/stream_buffer.c **** }
 2074              		.loc 1 635 2 discriminator 3 view .LVU604
 635:Middlewares/Third_Party/FreeRTOS/Source/stream_buffer.c **** }
 2075              		.loc 1 635 9 is_stmt 0 discriminator 3 view .LVU605
 2076 00a2 C9E7     		b	.L127
 2077              		.cfi_endproc
 2078              	.LFE12:
 2080              		.section	.text.xStreamBufferReceive,"ax",%progbits
 2081              		.align	1
 2082              		.global	xStreamBufferReceive
 2083              		.syntax unified
 2084              		.thumb
 2085              		.thumb_func
 2087              	xStreamBufferReceive:
 2088              	.LVL180:
 2089              	.LFB14:
 695:Middlewares/Third_Party/FreeRTOS/Source/stream_buffer.c **** StreamBuffer_t * const pxStreamBuffer = ( StreamBuffer_t * ) xStreamBuffer; /*lint !e9087 !e9079 Sa
 2090              		.loc 1 695 1 is_stmt 1 view -0
 2091              		.cfi_startproc
 2092              		@ args = 0, pretend = 0, frame = 0
 2093              		@ frame_needed = 0, uses_anonymous_args = 0
 696:Middlewares/Third_Party/FreeRTOS/Source/stream_buffer.c **** size_t xReceivedLength = 0, xBytesAvailable, xBytesToStoreMessageLength;
 2094              		.loc 1 696 1 view .LVU607
 697:Middlewares/Third_Party/FreeRTOS/Source/stream_buffer.c **** 
 2095              		.loc 1 697 1 view .LVU608
 699:Middlewares/Third_Party/FreeRTOS/Source/stream_buffer.c **** 	configASSERT( pxStreamBuffer );
 2096              		.loc 1 699 2 view .LVU609
 2097 0000 29B3     		cbz	r1, .L158
 695:Middlewares/Third_Party/FreeRTOS/Source/stream_buffer.c **** StreamBuffer_t * const pxStreamBuffer = ( StreamBuffer_t * ) xStreamBuffer; /*lint !e9087 !e9079 Sa
 2098              		.loc 1 695 1 is_stmt 0 discriminator 2 view .LVU610
 2099 0002 2DE9F043 		push	{r4, r5, r6, r7, r8, r9, lr}
 2100              	.LCFI35:
 2101              		.cfi_def_cfa_offset 28
 2102              		.cfi_offset 4, -28
 2103              		.cfi_offset 5, -24
 2104              		.cfi_offset 6, -20
 2105              		.cfi_offset 7, -16
 2106              		.cfi_offset 8, -12
 2107              		.cfi_offset 9, -8
ARM GAS  C:\Users\31005\AppData\Local\Temp\ccLRqEhz.s 			page 71


 2108              		.cfi_offset 14, -4
 2109 0006 83B0     		sub	sp, sp, #12
 2110              	.LCFI36:
 2111              		.cfi_def_cfa_offset 40
 2112 0008 0446     		mov	r4, r0
 2113 000a 1746     		mov	r7, r2
 2114 000c 1E46     		mov	r6, r3
 2115 000e 8846     		mov	r8, r1
 699:Middlewares/Third_Party/FreeRTOS/Source/stream_buffer.c **** 	configASSERT( pxStreamBuffer );
 2116              		.loc 1 699 26 is_stmt 1 discriminator 2 view .LVU611
 700:Middlewares/Third_Party/FreeRTOS/Source/stream_buffer.c **** 
 2117              		.loc 1 700 2 discriminator 2 view .LVU612
 2118 0010 30B3     		cbz	r0, .L159
 700:Middlewares/Third_Party/FreeRTOS/Source/stream_buffer.c **** 
 2119              		.loc 1 700 32 discriminator 2 view .LVU613
 707:Middlewares/Third_Party/FreeRTOS/Source/stream_buffer.c **** 	{
 2120              		.loc 1 707 2 discriminator 2 view .LVU614
 707:Middlewares/Third_Party/FreeRTOS/Source/stream_buffer.c **** 	{
 2121              		.loc 1 707 22 is_stmt 0 discriminator 2 view .LVU615
 2122 0012 037F     		ldrb	r3, [r0, #28]	@ zero_extendqisi2
 2123              	.LVL181:
 707:Middlewares/Third_Party/FreeRTOS/Source/stream_buffer.c **** 	{
 2124              		.loc 1 707 4 discriminator 2 view .LVU616
 2125 0014 13F0010F 		tst	r3, #1
 2126 0018 2BD0     		beq	.L154
 709:Middlewares/Third_Party/FreeRTOS/Source/stream_buffer.c **** 	}
 2127              		.loc 1 709 30 view .LVU617
 2128 001a 4FF00409 		mov	r9, #4
 2129              	.L146:
 2130              	.LVL182:
 716:Middlewares/Third_Party/FreeRTOS/Source/stream_buffer.c **** 	{
 2131              		.loc 1 716 2 is_stmt 1 view .LVU618
 716:Middlewares/Third_Party/FreeRTOS/Source/stream_buffer.c **** 	{
 2132              		.loc 1 716 4 is_stmt 0 view .LVU619
 2133 001e 002E     		cmp	r6, #0
 2134 0020 3FD0     		beq	.L147
 720:Middlewares/Third_Party/FreeRTOS/Source/stream_buffer.c **** 		{
 2135              		.loc 1 720 3 is_stmt 1 view .LVU620
 2136 0022 FFF7FEFF 		bl	vPortEnterCritical
 2137              	.LVL183:
 722:Middlewares/Third_Party/FreeRTOS/Source/stream_buffer.c **** 
 2138              		.loc 1 722 4 view .LVU621
 722:Middlewares/Third_Party/FreeRTOS/Source/stream_buffer.c **** 
 2139              		.loc 1 722 22 is_stmt 0 view .LVU622
 2140 0026 2046     		mov	r0, r4
 2141 0028 FFF7FEFF 		bl	prvBytesInBuffer
 2142              	.LVL184:
 2143 002c 0546     		mov	r5, r0
 2144              	.LVL185:
 729:Middlewares/Third_Party/FreeRTOS/Source/stream_buffer.c **** 			{
 2145              		.loc 1 729 4 is_stmt 1 view .LVU623
 729:Middlewares/Third_Party/FreeRTOS/Source/stream_buffer.c **** 			{
 2146              		.loc 1 729 6 is_stmt 0 view .LVU624
 2147 002e 8145     		cmp	r9, r0
 2148 0030 25D3     		bcc	.L148
 732:Middlewares/Third_Party/FreeRTOS/Source/stream_buffer.c **** 
 2149              		.loc 1 732 5 is_stmt 1 view .LVU625
ARM GAS  C:\Users\31005\AppData\Local\Temp\ccLRqEhz.s 			page 72


 732:Middlewares/Third_Party/FreeRTOS/Source/stream_buffer.c **** 
 2150              		.loc 1 732 14 is_stmt 0 view .LVU626
 2151 0032 0020     		movs	r0, #0
 2152              	.LVL186:
 732:Middlewares/Third_Party/FreeRTOS/Source/stream_buffer.c **** 
 2153              		.loc 1 732 14 view .LVU627
 2154 0034 FFF7FEFF 		bl	xTaskNotifyStateClear
 2155              	.LVL187:
 735:Middlewares/Third_Party/FreeRTOS/Source/stream_buffer.c **** 				pxStreamBuffer->xTaskWaitingToReceive = xTaskGetCurrentTaskHandle();
 2156              		.loc 1 735 5 is_stmt 1 view .LVU628
 2157 0038 2369     		ldr	r3, [r4, #16]
 2158 003a EBB1     		cbz	r3, .L149
 735:Middlewares/Third_Party/FreeRTOS/Source/stream_buffer.c **** 				pxStreamBuffer->xTaskWaitingToReceive = xTaskGetCurrentTaskHandle();
 2159              		.loc 1 735 5 view .LVU629
 2160              	.LBB141:
 2161              	.LBI141:
 191:Middlewares/Third_Party/FreeRTOS/Source/portable/GCC/ARM_CM4F/portmacro.h **** {
 2162              		.loc 2 191 30 view .LVU630
 2163              	.LBB142:
 193:Middlewares/Third_Party/FreeRTOS/Source/portable/GCC/ARM_CM4F/portmacro.h **** 
 2164              		.loc 2 193 1 view .LVU631
 195:Middlewares/Third_Party/FreeRTOS/Source/portable/GCC/ARM_CM4F/portmacro.h **** 	(
 2165              		.loc 2 195 2 view .LVU632
 2166              		.syntax unified
 2167              	@ 195 "Middlewares/Third_Party/FreeRTOS/Source/portable/GCC/ARM_CM4F/portmacro.h" 1
 2168 003c 4FF05003 			mov r3, #80												
 2169 0040 83F31188 		msr basepri, r3											
 2170 0044 BFF36F8F 		isb														
 2171 0048 BFF34F8F 		dsb														
 2172              	
 2173              	@ 0 "" 2
 2174              	.LVL188:
 2175              		.thumb
 2176              		.syntax unified
 2177              	.L150:
 195:Middlewares/Third_Party/FreeRTOS/Source/portable/GCC/ARM_CM4F/portmacro.h **** 	(
 2178              		.loc 2 195 2 is_stmt 0 view .LVU633
 2179              	.LBE142:
 2180              	.LBE141:
 735:Middlewares/Third_Party/FreeRTOS/Source/stream_buffer.c **** 				pxStreamBuffer->xTaskWaitingToReceive = xTaskGetCurrentTaskHandle();
 2181              		.loc 1 735 5 is_stmt 1 discriminator 3 view .LVU634
 735:Middlewares/Third_Party/FreeRTOS/Source/stream_buffer.c **** 				pxStreamBuffer->xTaskWaitingToReceive = xTaskGetCurrentTaskHandle();
 2182              		.loc 1 735 5 discriminator 3 view .LVU635
 2183 004c FEE7     		b	.L150
 2184              	.LVL189:
 2185              	.L158:
 2186              	.LCFI37:
 2187              		.cfi_def_cfa_offset 0
 2188              		.cfi_restore 4
 2189              		.cfi_restore 5
 2190              		.cfi_restore 6
 2191              		.cfi_restore 7
 2192              		.cfi_restore 8
 2193              		.cfi_restore 9
 2194              		.cfi_restore 14
 699:Middlewares/Third_Party/FreeRTOS/Source/stream_buffer.c **** 	configASSERT( pxStreamBuffer );
 2195              		.loc 1 699 2 view .LVU636
ARM GAS  C:\Users\31005\AppData\Local\Temp\ccLRqEhz.s 			page 73


 2196              	.LBB143:
 2197              	.LBI143:
 191:Middlewares/Third_Party/FreeRTOS/Source/portable/GCC/ARM_CM4F/portmacro.h **** {
 2198              		.loc 2 191 30 view .LVU637
 2199              	.LBB144:
 193:Middlewares/Third_Party/FreeRTOS/Source/portable/GCC/ARM_CM4F/portmacro.h **** 
 2200              		.loc 2 193 1 view .LVU638
 195:Middlewares/Third_Party/FreeRTOS/Source/portable/GCC/ARM_CM4F/portmacro.h **** 	(
 2201              		.loc 2 195 2 view .LVU639
 2202              		.syntax unified
 2203              	@ 195 "Middlewares/Third_Party/FreeRTOS/Source/portable/GCC/ARM_CM4F/portmacro.h" 1
 2204 004e 4FF05003 			mov r3, #80												
 2205 0052 83F31188 		msr basepri, r3											
 2206 0056 BFF36F8F 		isb														
 2207 005a BFF34F8F 		dsb														
 2208              	
 2209              	@ 0 "" 2
 2210              	.LVL190:
 2211              		.thumb
 2212              		.syntax unified
 2213              	.L143:
 195:Middlewares/Third_Party/FreeRTOS/Source/portable/GCC/ARM_CM4F/portmacro.h **** 	(
 2214              		.loc 2 195 2 is_stmt 0 view .LVU640
 2215              	.LBE144:
 2216              	.LBE143:
 699:Middlewares/Third_Party/FreeRTOS/Source/stream_buffer.c **** 	configASSERT( pxStreamBuffer );
 2217              		.loc 1 699 2 is_stmt 1 discriminator 1 view .LVU641
 699:Middlewares/Third_Party/FreeRTOS/Source/stream_buffer.c **** 	configASSERT( pxStreamBuffer );
 2218              		.loc 1 699 2 discriminator 1 view .LVU642
 2219 005e FEE7     		b	.L143
 2220              	.LVL191:
 2221              	.L159:
 2222              	.LCFI38:
 2223              		.cfi_def_cfa_offset 40
 2224              		.cfi_offset 4, -28
 2225              		.cfi_offset 5, -24
 2226              		.cfi_offset 6, -20
 2227              		.cfi_offset 7, -16
 2228              		.cfi_offset 8, -12
 2229              		.cfi_offset 9, -8
 2230              		.cfi_offset 14, -4
 700:Middlewares/Third_Party/FreeRTOS/Source/stream_buffer.c **** 
 2231              		.loc 1 700 2 view .LVU643
 2232              	.LBB145:
 2233              	.LBI145:
 191:Middlewares/Third_Party/FreeRTOS/Source/portable/GCC/ARM_CM4F/portmacro.h **** {
 2234              		.loc 2 191 30 view .LVU644
 2235              	.LBB146:
 193:Middlewares/Third_Party/FreeRTOS/Source/portable/GCC/ARM_CM4F/portmacro.h **** 
 2236              		.loc 2 193 1 view .LVU645
 195:Middlewares/Third_Party/FreeRTOS/Source/portable/GCC/ARM_CM4F/portmacro.h **** 	(
 2237              		.loc 2 195 2 view .LVU646
 2238              		.syntax unified
 2239              	@ 195 "Middlewares/Third_Party/FreeRTOS/Source/portable/GCC/ARM_CM4F/portmacro.h" 1
 2240 0060 4FF05003 			mov r3, #80												
 2241 0064 83F31188 		msr basepri, r3											
 2242 0068 BFF36F8F 		isb														
ARM GAS  C:\Users\31005\AppData\Local\Temp\ccLRqEhz.s 			page 74


 2243 006c BFF34F8F 		dsb														
 2244              	
 2245              	@ 0 "" 2
 2246              	.LVL192:
 2247              		.thumb
 2248              		.syntax unified
 2249              	.L145:
 195:Middlewares/Third_Party/FreeRTOS/Source/portable/GCC/ARM_CM4F/portmacro.h **** 	(
 2250              		.loc 2 195 2 is_stmt 0 view .LVU647
 2251              	.LBE146:
 2252              	.LBE145:
 700:Middlewares/Third_Party/FreeRTOS/Source/stream_buffer.c **** 
 2253              		.loc 1 700 2 is_stmt 1 discriminator 2 view .LVU648
 700:Middlewares/Third_Party/FreeRTOS/Source/stream_buffer.c **** 
 2254              		.loc 1 700 2 discriminator 2 view .LVU649
 2255 0070 FEE7     		b	.L145
 2256              	.L154:
 713:Middlewares/Third_Party/FreeRTOS/Source/stream_buffer.c **** 	}
 2257              		.loc 1 713 30 is_stmt 0 view .LVU650
 2258 0072 4FF00009 		mov	r9, #0
 2259 0076 D2E7     		b	.L146
 2260              	.LVL193:
 2261              	.L149:
 735:Middlewares/Third_Party/FreeRTOS/Source/stream_buffer.c **** 				pxStreamBuffer->xTaskWaitingToReceive = xTaskGetCurrentTaskHandle();
 2262              		.loc 1 735 66 is_stmt 1 discriminator 2 view .LVU651
 736:Middlewares/Third_Party/FreeRTOS/Source/stream_buffer.c **** 			}
 2263              		.loc 1 736 5 discriminator 2 view .LVU652
 736:Middlewares/Third_Party/FreeRTOS/Source/stream_buffer.c **** 			}
 2264              		.loc 1 736 45 is_stmt 0 discriminator 2 view .LVU653
 2265 0078 FFF7FEFF 		bl	xTaskGetCurrentTaskHandle
 2266              	.LVL194:
 736:Middlewares/Third_Party/FreeRTOS/Source/stream_buffer.c **** 			}
 2267              		.loc 1 736 43 discriminator 2 view .LVU654
 2268 007c 2061     		str	r0, [r4, #16]
 2269              	.L148:
 740:Middlewares/Third_Party/FreeRTOS/Source/stream_buffer.c **** 			}
 2270              		.loc 1 740 29 is_stmt 1 view .LVU655
 743:Middlewares/Third_Party/FreeRTOS/Source/stream_buffer.c **** 
 2271              		.loc 1 743 3 view .LVU656
 2272 007e FFF7FEFF 		bl	vPortExitCritical
 2273              	.LVL195:
 745:Middlewares/Third_Party/FreeRTOS/Source/stream_buffer.c **** 		{
 2274              		.loc 1 745 3 view .LVU657
 745:Middlewares/Third_Party/FreeRTOS/Source/stream_buffer.c **** 		{
 2275              		.loc 1 745 5 is_stmt 0 view .LVU658
 2276 0082 A945     		cmp	r9, r5
 2277 0084 11D3     		bcc	.L151
 748:Middlewares/Third_Party/FreeRTOS/Source/stream_buffer.c **** 			( void ) xTaskNotifyWait( ( uint32_t ) 0, UINT32_MAX, NULL, xTicksToWait );
 2278              		.loc 1 748 59 is_stmt 1 view .LVU659
 749:Middlewares/Third_Party/FreeRTOS/Source/stream_buffer.c **** 			pxStreamBuffer->xTaskWaitingToReceive = NULL;
 2279              		.loc 1 749 4 view .LVU660
 749:Middlewares/Third_Party/FreeRTOS/Source/stream_buffer.c **** 			pxStreamBuffer->xTaskWaitingToReceive = NULL;
 2280              		.loc 1 749 13 is_stmt 0 view .LVU661
 2281 0086 3346     		mov	r3, r6
 2282 0088 0022     		movs	r2, #0
 2283 008a 4FF0FF31 		mov	r1, #-1
 2284 008e 1046     		mov	r0, r2
ARM GAS  C:\Users\31005\AppData\Local\Temp\ccLRqEhz.s 			page 75


 2285 0090 FFF7FEFF 		bl	xTaskNotifyWait
 2286              	.LVL196:
 750:Middlewares/Third_Party/FreeRTOS/Source/stream_buffer.c **** 
 2287              		.loc 1 750 4 is_stmt 1 view .LVU662
 750:Middlewares/Third_Party/FreeRTOS/Source/stream_buffer.c **** 
 2288              		.loc 1 750 42 is_stmt 0 view .LVU663
 2289 0094 0023     		movs	r3, #0
 2290 0096 2361     		str	r3, [r4, #16]
 753:Middlewares/Third_Party/FreeRTOS/Source/stream_buffer.c **** 		}
 2291              		.loc 1 753 4 is_stmt 1 view .LVU664
 753:Middlewares/Third_Party/FreeRTOS/Source/stream_buffer.c **** 		}
 2292              		.loc 1 753 22 is_stmt 0 view .LVU665
 2293 0098 2046     		mov	r0, r4
 2294 009a FFF7FEFF 		bl	prvBytesInBuffer
 2295              	.LVL197:
 2296 009e 0546     		mov	r5, r0
 2297              	.LVL198:
 753:Middlewares/Third_Party/FreeRTOS/Source/stream_buffer.c **** 		}
 2298              		.loc 1 753 22 view .LVU666
 2299 00a0 03E0     		b	.L151
 2300              	.LVL199:
 2301              	.L147:
 762:Middlewares/Third_Party/FreeRTOS/Source/stream_buffer.c **** 	}
 2302              		.loc 1 762 3 is_stmt 1 view .LVU667
 762:Middlewares/Third_Party/FreeRTOS/Source/stream_buffer.c **** 	}
 2303              		.loc 1 762 21 is_stmt 0 view .LVU668
 2304 00a2 2046     		mov	r0, r4
 2305              	.LVL200:
 762:Middlewares/Third_Party/FreeRTOS/Source/stream_buffer.c **** 	}
 2306              		.loc 1 762 21 view .LVU669
 2307 00a4 FFF7FEFF 		bl	prvBytesInBuffer
 2308              	.LVL201:
 762:Middlewares/Third_Party/FreeRTOS/Source/stream_buffer.c **** 	}
 2309              		.loc 1 762 21 view .LVU670
 2310 00a8 0546     		mov	r5, r0
 2311              	.LVL202:
 2312              	.L151:
 770:Middlewares/Third_Party/FreeRTOS/Source/stream_buffer.c **** 	{
 2313              		.loc 1 770 2 is_stmt 1 view .LVU671
 770:Middlewares/Third_Party/FreeRTOS/Source/stream_buffer.c **** 	{
 2314              		.loc 1 770 4 is_stmt 0 view .LVU672
 2315 00aa 4D45     		cmp	r5, r9
 2316 00ac 04D8     		bhi	.L160
 697:Middlewares/Third_Party/FreeRTOS/Source/stream_buffer.c **** 
 2317              		.loc 1 697 8 view .LVU673
 2318 00ae 0025     		movs	r5, #0
 2319              	.LVL203:
 787:Middlewares/Third_Party/FreeRTOS/Source/stream_buffer.c **** 		mtCOVERAGE_TEST_MARKER();
 2320              		.loc 1 787 53 is_stmt 1 view .LVU674
 788:Middlewares/Third_Party/FreeRTOS/Source/stream_buffer.c **** 	}
 2321              		.loc 1 788 27 view .LVU675
 791:Middlewares/Third_Party/FreeRTOS/Source/stream_buffer.c **** }
 2322              		.loc 1 791 2 view .LVU676
 2323              	.L141:
 792:Middlewares/Third_Party/FreeRTOS/Source/stream_buffer.c **** /*-----------------------------------------------------------*/
 2324              		.loc 1 792 1 is_stmt 0 view .LVU677
 2325 00b0 2846     		mov	r0, r5
ARM GAS  C:\Users\31005\AppData\Local\Temp\ccLRqEhz.s 			page 76


 2326 00b2 03B0     		add	sp, sp, #12
 2327              	.LCFI39:
 2328              		.cfi_remember_state
 2329              		.cfi_def_cfa_offset 28
 2330              		@ sp needed
 2331 00b4 BDE8F083 		pop	{r4, r5, r6, r7, r8, r9, pc}
 2332              	.LVL204:
 2333              	.L160:
 2334              	.LCFI40:
 2335              		.cfi_restore_state
 772:Middlewares/Third_Party/FreeRTOS/Source/stream_buffer.c **** 
 2336              		.loc 1 772 3 is_stmt 1 view .LVU678
 772:Middlewares/Third_Party/FreeRTOS/Source/stream_buffer.c **** 
 2337              		.loc 1 772 21 is_stmt 0 view .LVU679
 2338 00b8 CDF80090 		str	r9, [sp]
 2339 00bc 2B46     		mov	r3, r5
 2340 00be 3A46     		mov	r2, r7
 2341 00c0 4146     		mov	r1, r8
 2342 00c2 2046     		mov	r0, r4
 2343 00c4 FFF7FEFF 		bl	prvReadMessageFromBuffer
 2344              	.LVL205:
 775:Middlewares/Third_Party/FreeRTOS/Source/stream_buffer.c **** 		{
 2345              		.loc 1 775 3 is_stmt 1 view .LVU680
 775:Middlewares/Third_Party/FreeRTOS/Source/stream_buffer.c **** 		{
 2346              		.loc 1 775 5 is_stmt 0 view .LVU681
 2347 00c8 0546     		mov	r5, r0
 2348              	.LVL206:
 775:Middlewares/Third_Party/FreeRTOS/Source/stream_buffer.c **** 		{
 2349              		.loc 1 775 5 view .LVU682
 2350 00ca 0028     		cmp	r0, #0
 2351 00cc F0D0     		beq	.L141
 777:Middlewares/Third_Party/FreeRTOS/Source/stream_buffer.c **** 			sbRECEIVE_COMPLETED( pxStreamBuffer );
 2352              		.loc 1 777 64 is_stmt 1 view .LVU683
 778:Middlewares/Third_Party/FreeRTOS/Source/stream_buffer.c **** 		}
 2353              		.loc 1 778 4 view .LVU684
 2354 00ce FFF7FEFF 		bl	vTaskSuspendAll
 2355              	.LVL207:
 778:Middlewares/Third_Party/FreeRTOS/Source/stream_buffer.c **** 		}
 2356              		.loc 1 778 4 view .LVU685
 2357 00d2 6369     		ldr	r3, [r4, #20]
 2358 00d4 3BB1     		cbz	r3, .L153
 778:Middlewares/Third_Party/FreeRTOS/Source/stream_buffer.c **** 		}
 2359              		.loc 1 778 4 discriminator 1 view .LVU686
 2360 00d6 6069     		ldr	r0, [r4, #20]
 2361 00d8 0023     		movs	r3, #0
 2362 00da 1A46     		mov	r2, r3
 2363 00dc 1946     		mov	r1, r3
 2364 00de FFF7FEFF 		bl	xTaskGenericNotify
 2365              	.LVL208:
 778:Middlewares/Third_Party/FreeRTOS/Source/stream_buffer.c **** 		}
 2366              		.loc 1 778 4 discriminator 1 view .LVU687
 2367 00e2 0023     		movs	r3, #0
 2368 00e4 6361     		str	r3, [r4, #20]
 2369              	.L153:
 778:Middlewares/Third_Party/FreeRTOS/Source/stream_buffer.c **** 		}
 2370              		.loc 1 778 4 discriminator 3 view .LVU688
 2371 00e6 FFF7FEFF 		bl	xTaskResumeAll
ARM GAS  C:\Users\31005\AppData\Local\Temp\ccLRqEhz.s 			page 77


 2372              	.LVL209:
 778:Middlewares/Third_Party/FreeRTOS/Source/stream_buffer.c **** 		}
 2373              		.loc 1 778 41 discriminator 3 view .LVU689
 2374 00ea E1E7     		b	.L141
 2375              		.cfi_endproc
 2376              	.LFE14:
 2378              		.section	.text.xStreamBufferReceiveFromISR,"ax",%progbits
 2379              		.align	1
 2380              		.global	xStreamBufferReceiveFromISR
 2381              		.syntax unified
 2382              		.thumb
 2383              		.thumb_func
 2385              	xStreamBufferReceiveFromISR:
 2386              	.LVL210:
 2387              	.LFB15:
 799:Middlewares/Third_Party/FreeRTOS/Source/stream_buffer.c **** StreamBuffer_t * const pxStreamBuffer = ( StreamBuffer_t * ) xStreamBuffer; /*lint !e9087 !e9079 Sa
 2388              		.loc 1 799 1 view -0
 2389              		.cfi_startproc
 2390              		@ args = 0, pretend = 0, frame = 0
 2391              		@ frame_needed = 0, uses_anonymous_args = 0
 800:Middlewares/Third_Party/FreeRTOS/Source/stream_buffer.c **** size_t xReceivedLength = 0, xBytesAvailable, xBytesToStoreMessageLength;
 2392              		.loc 1 800 1 view .LVU691
 801:Middlewares/Third_Party/FreeRTOS/Source/stream_buffer.c **** 
 2393              		.loc 1 801 1 view .LVU692
 803:Middlewares/Third_Party/FreeRTOS/Source/stream_buffer.c **** 	configASSERT( pxStreamBuffer );
 2394              		.loc 1 803 2 view .LVU693
 2395 0000 B9B1     		cbz	r1, .L173
 799:Middlewares/Third_Party/FreeRTOS/Source/stream_buffer.c **** StreamBuffer_t * const pxStreamBuffer = ( StreamBuffer_t * ) xStreamBuffer; /*lint !e9087 !e9079 Sa
 2396              		.loc 1 799 1 is_stmt 0 discriminator 2 view .LVU694
 2397 0002 2DE9F041 		push	{r4, r5, r6, r7, r8, lr}
 2398              	.LCFI41:
 2399              		.cfi_def_cfa_offset 24
 2400              		.cfi_offset 4, -24
 2401              		.cfi_offset 5, -20
 2402              		.cfi_offset 6, -16
 2403              		.cfi_offset 7, -12
 2404              		.cfi_offset 8, -8
 2405              		.cfi_offset 14, -4
 2406 0006 82B0     		sub	sp, sp, #8
 2407              	.LCFI42:
 2408              		.cfi_def_cfa_offset 32
 2409 0008 0446     		mov	r4, r0
 2410 000a 1646     		mov	r6, r2
 2411 000c 1D46     		mov	r5, r3
 2412 000e 0F46     		mov	r7, r1
 803:Middlewares/Third_Party/FreeRTOS/Source/stream_buffer.c **** 	configASSERT( pxStreamBuffer );
 2413              		.loc 1 803 26 is_stmt 1 discriminator 2 view .LVU695
 804:Middlewares/Third_Party/FreeRTOS/Source/stream_buffer.c **** 
 2414              		.loc 1 804 2 discriminator 2 view .LVU696
 2415 0010 C0B1     		cbz	r0, .L174
 804:Middlewares/Third_Party/FreeRTOS/Source/stream_buffer.c **** 
 2416              		.loc 1 804 32 discriminator 2 view .LVU697
 811:Middlewares/Third_Party/FreeRTOS/Source/stream_buffer.c **** 	{
 2417              		.loc 1 811 2 discriminator 2 view .LVU698
 811:Middlewares/Third_Party/FreeRTOS/Source/stream_buffer.c **** 	{
 2418              		.loc 1 811 22 is_stmt 0 discriminator 2 view .LVU699
 2419 0012 037F     		ldrb	r3, [r0, #28]	@ zero_extendqisi2
ARM GAS  C:\Users\31005\AppData\Local\Temp\ccLRqEhz.s 			page 78


 2420              	.LVL211:
 811:Middlewares/Third_Party/FreeRTOS/Source/stream_buffer.c **** 	{
 2421              		.loc 1 811 4 discriminator 2 view .LVU700
 2422 0014 13F0010F 		tst	r3, #1
 2423 0018 1DD0     		beq	.L169
 813:Middlewares/Third_Party/FreeRTOS/Source/stream_buffer.c **** 	}
 2424              		.loc 1 813 30 view .LVU701
 2425 001a 4FF00408 		mov	r8, #4
 2426              	.L166:
 2427              	.LVL212:
 820:Middlewares/Third_Party/FreeRTOS/Source/stream_buffer.c **** 
 2428              		.loc 1 820 2 is_stmt 1 view .LVU702
 820:Middlewares/Third_Party/FreeRTOS/Source/stream_buffer.c **** 
 2429              		.loc 1 820 20 is_stmt 0 view .LVU703
 2430 001e 2046     		mov	r0, r4
 2431              	.LVL213:
 820:Middlewares/Third_Party/FreeRTOS/Source/stream_buffer.c **** 
 2432              		.loc 1 820 20 view .LVU704
 2433 0020 FFF7FEFF 		bl	prvBytesInBuffer
 2434              	.LVL214:
 827:Middlewares/Third_Party/FreeRTOS/Source/stream_buffer.c **** 	{
 2435              		.loc 1 827 2 is_stmt 1 view .LVU705
 827:Middlewares/Third_Party/FreeRTOS/Source/stream_buffer.c **** 	{
 2436              		.loc 1 827 4 is_stmt 0 view .LVU706
 2437 0024 8045     		cmp	r8, r0
 2438 0026 19D3     		bcc	.L175
 801:Middlewares/Third_Party/FreeRTOS/Source/stream_buffer.c **** 
 2439              		.loc 1 801 8 view .LVU707
 2440 0028 0026     		movs	r6, #0
 2441              	.LVL215:
 843:Middlewares/Third_Party/FreeRTOS/Source/stream_buffer.c **** 	}
 2442              		.loc 1 843 27 is_stmt 1 view .LVU708
 846:Middlewares/Third_Party/FreeRTOS/Source/stream_buffer.c **** 
 2443              		.loc 1 846 71 view .LVU709
 848:Middlewares/Third_Party/FreeRTOS/Source/stream_buffer.c **** }
 2444              		.loc 1 848 2 view .LVU710
 2445              	.L161:
 849:Middlewares/Third_Party/FreeRTOS/Source/stream_buffer.c **** /*-----------------------------------------------------------*/
 2446              		.loc 1 849 1 is_stmt 0 view .LVU711
 2447 002a 3046     		mov	r0, r6
 2448 002c 02B0     		add	sp, sp, #8
 2449              	.LCFI43:
 2450              		.cfi_def_cfa_offset 24
 2451              		@ sp needed
 2452 002e BDE8F081 		pop	{r4, r5, r6, r7, r8, pc}
 2453              	.LVL216:
 2454              	.L173:
 2455              	.LCFI44:
 2456              		.cfi_def_cfa_offset 0
 2457              		.cfi_restore 4
 2458              		.cfi_restore 5
 2459              		.cfi_restore 6
 2460              		.cfi_restore 7
 2461              		.cfi_restore 8
 2462              		.cfi_restore 14
 803:Middlewares/Third_Party/FreeRTOS/Source/stream_buffer.c **** 	configASSERT( pxStreamBuffer );
 2463              		.loc 1 803 2 is_stmt 1 view .LVU712
ARM GAS  C:\Users\31005\AppData\Local\Temp\ccLRqEhz.s 			page 79


 2464              	.LBB147:
 2465              	.LBI147:
 191:Middlewares/Third_Party/FreeRTOS/Source/portable/GCC/ARM_CM4F/portmacro.h **** {
 2466              		.loc 2 191 30 view .LVU713
 2467              	.LBB148:
 193:Middlewares/Third_Party/FreeRTOS/Source/portable/GCC/ARM_CM4F/portmacro.h **** 
 2468              		.loc 2 193 1 view .LVU714
 195:Middlewares/Third_Party/FreeRTOS/Source/portable/GCC/ARM_CM4F/portmacro.h **** 	(
 2469              		.loc 2 195 2 view .LVU715
 2470              		.syntax unified
 2471              	@ 195 "Middlewares/Third_Party/FreeRTOS/Source/portable/GCC/ARM_CM4F/portmacro.h" 1
 2472 0032 4FF05003 			mov r3, #80												
 2473 0036 83F31188 		msr basepri, r3											
 2474 003a BFF36F8F 		isb														
 2475 003e BFF34F8F 		dsb														
 2476              	
 2477              	@ 0 "" 2
 2478              	.LVL217:
 2479              		.thumb
 2480              		.syntax unified
 2481              	.L163:
 195:Middlewares/Third_Party/FreeRTOS/Source/portable/GCC/ARM_CM4F/portmacro.h **** 	(
 2482              		.loc 2 195 2 is_stmt 0 view .LVU716
 2483              	.LBE148:
 2484              	.LBE147:
 803:Middlewares/Third_Party/FreeRTOS/Source/stream_buffer.c **** 	configASSERT( pxStreamBuffer );
 2485              		.loc 1 803 2 is_stmt 1 discriminator 1 view .LVU717
 803:Middlewares/Third_Party/FreeRTOS/Source/stream_buffer.c **** 	configASSERT( pxStreamBuffer );
 2486              		.loc 1 803 2 discriminator 1 view .LVU718
 2487 0042 FEE7     		b	.L163
 2488              	.LVL218:
 2489              	.L174:
 2490              	.LCFI45:
 2491              		.cfi_def_cfa_offset 32
 2492              		.cfi_offset 4, -24
 2493              		.cfi_offset 5, -20
 2494              		.cfi_offset 6, -16
 2495              		.cfi_offset 7, -12
 2496              		.cfi_offset 8, -8
 2497              		.cfi_offset 14, -4
 804:Middlewares/Third_Party/FreeRTOS/Source/stream_buffer.c **** 
 2498              		.loc 1 804 2 view .LVU719
 2499              	.LBB149:
 2500              	.LBI149:
 191:Middlewares/Third_Party/FreeRTOS/Source/portable/GCC/ARM_CM4F/portmacro.h **** {
 2501              		.loc 2 191 30 view .LVU720
 2502              	.LBB150:
 193:Middlewares/Third_Party/FreeRTOS/Source/portable/GCC/ARM_CM4F/portmacro.h **** 
 2503              		.loc 2 193 1 view .LVU721
 195:Middlewares/Third_Party/FreeRTOS/Source/portable/GCC/ARM_CM4F/portmacro.h **** 	(
 2504              		.loc 2 195 2 view .LVU722
 2505              		.syntax unified
 2506              	@ 195 "Middlewares/Third_Party/FreeRTOS/Source/portable/GCC/ARM_CM4F/portmacro.h" 1
 2507 0044 4FF05003 			mov r3, #80												
 2508 0048 83F31188 		msr basepri, r3											
 2509 004c BFF36F8F 		isb														
 2510 0050 BFF34F8F 		dsb														
ARM GAS  C:\Users\31005\AppData\Local\Temp\ccLRqEhz.s 			page 80


 2511              	
 2512              	@ 0 "" 2
 2513              	.LVL219:
 2514              		.thumb
 2515              		.syntax unified
 2516              	.L165:
 195:Middlewares/Third_Party/FreeRTOS/Source/portable/GCC/ARM_CM4F/portmacro.h **** 	(
 2517              		.loc 2 195 2 is_stmt 0 view .LVU723
 2518              	.LBE150:
 2519              	.LBE149:
 804:Middlewares/Third_Party/FreeRTOS/Source/stream_buffer.c **** 
 2520              		.loc 1 804 2 is_stmt 1 discriminator 2 view .LVU724
 804:Middlewares/Third_Party/FreeRTOS/Source/stream_buffer.c **** 
 2521              		.loc 1 804 2 discriminator 2 view .LVU725
 2522 0054 FEE7     		b	.L165
 2523              	.L169:
 817:Middlewares/Third_Party/FreeRTOS/Source/stream_buffer.c **** 	}
 2524              		.loc 1 817 30 is_stmt 0 view .LVU726
 2525 0056 4FF00008 		mov	r8, #0
 2526 005a E0E7     		b	.L166
 2527              	.LVL220:
 2528              	.L175:
 829:Middlewares/Third_Party/FreeRTOS/Source/stream_buffer.c **** 
 2529              		.loc 1 829 3 is_stmt 1 view .LVU727
 829:Middlewares/Third_Party/FreeRTOS/Source/stream_buffer.c **** 
 2530              		.loc 1 829 21 is_stmt 0 view .LVU728
 2531 005c CDF80080 		str	r8, [sp]
 2532 0060 0346     		mov	r3, r0
 2533 0062 3246     		mov	r2, r6
 2534 0064 3946     		mov	r1, r7
 2535 0066 2046     		mov	r0, r4
 2536              	.LVL221:
 829:Middlewares/Third_Party/FreeRTOS/Source/stream_buffer.c **** 
 2537              		.loc 1 829 21 view .LVU729
 2538 0068 FFF7FEFF 		bl	prvReadMessageFromBuffer
 2539              	.LVL222:
 832:Middlewares/Third_Party/FreeRTOS/Source/stream_buffer.c **** 		{
 2540              		.loc 1 832 3 is_stmt 1 view .LVU730
 832:Middlewares/Third_Party/FreeRTOS/Source/stream_buffer.c **** 		{
 2541              		.loc 1 832 5 is_stmt 0 view .LVU731
 2542 006c 0646     		mov	r6, r0
 2543              	.LVL223:
 832:Middlewares/Third_Party/FreeRTOS/Source/stream_buffer.c **** 		{
 2544              		.loc 1 832 5 view .LVU732
 2545 006e 0028     		cmp	r0, #0
 2546 0070 DBD0     		beq	.L161
 2547              	.LBB151:
 834:Middlewares/Third_Party/FreeRTOS/Source/stream_buffer.c **** 		}
 2548              		.loc 1 834 4 is_stmt 1 view .LVU733
 834:Middlewares/Third_Party/FreeRTOS/Source/stream_buffer.c **** 		}
 2549              		.loc 1 834 4 view .LVU734
 2550              	.LBB152:
 2551              	.LBI152:
 207:Middlewares/Third_Party/FreeRTOS/Source/portable/GCC/ARM_CM4F/portmacro.h **** {
 2552              		.loc 2 207 34 view .LVU735
 2553              	.LBB153:
 209:Middlewares/Third_Party/FreeRTOS/Source/portable/GCC/ARM_CM4F/portmacro.h **** 
ARM GAS  C:\Users\31005\AppData\Local\Temp\ccLRqEhz.s 			page 81


 2554              		.loc 2 209 1 view .LVU736
 211:Middlewares/Third_Party/FreeRTOS/Source/portable/GCC/ARM_CM4F/portmacro.h **** 	(
 2555              		.loc 2 211 2 view .LVU737
 2556              		.syntax unified
 2557              	@ 211 "Middlewares/Third_Party/FreeRTOS/Source/portable/GCC/ARM_CM4F/portmacro.h" 1
 2558 0072 EFF31187 			mrs r7, basepri											
 2559 0076 4FF05003 		mov r3, #80												
 2560 007a 83F31188 		msr basepri, r3											
 2561 007e BFF36F8F 		isb														
 2562 0082 BFF34F8F 		dsb														
 2563              	
 2564              	@ 0 "" 2
 2565              	.LVL224:
 223:Middlewares/Third_Party/FreeRTOS/Source/portable/GCC/ARM_CM4F/portmacro.h **** }
 2566              		.loc 2 223 2 view .LVU738
 223:Middlewares/Third_Party/FreeRTOS/Source/portable/GCC/ARM_CM4F/portmacro.h **** }
 2567              		.loc 2 223 2 is_stmt 0 view .LVU739
 2568              		.thumb
 2569              		.syntax unified
 2570              	.LBE153:
 2571              	.LBE152:
 834:Middlewares/Third_Party/FreeRTOS/Source/stream_buffer.c **** 		}
 2572              		.loc 1 834 4 is_stmt 1 view .LVU740
 2573 0086 6369     		ldr	r3, [r4, #20]
 2574 0088 43B1     		cbz	r3, .L168
 834:Middlewares/Third_Party/FreeRTOS/Source/stream_buffer.c **** 		}
 2575              		.loc 1 834 4 discriminator 1 view .LVU741
 2576 008a 6069     		ldr	r0, [r4, #20]
 2577              	.LVL225:
 834:Middlewares/Third_Party/FreeRTOS/Source/stream_buffer.c **** 		}
 2578              		.loc 1 834 4 is_stmt 0 discriminator 1 view .LVU742
 2579 008c 0095     		str	r5, [sp]
 2580 008e 0023     		movs	r3, #0
 2581 0090 1A46     		mov	r2, r3
 2582 0092 1946     		mov	r1, r3
 2583 0094 FFF7FEFF 		bl	xTaskGenericNotifyFromISR
 2584              	.LVL226:
 834:Middlewares/Third_Party/FreeRTOS/Source/stream_buffer.c **** 		}
 2585              		.loc 1 834 4 is_stmt 1 discriminator 1 view .LVU743
 2586 0098 0023     		movs	r3, #0
 2587 009a 6361     		str	r3, [r4, #20]
 2588              	.L168:
 834:Middlewares/Third_Party/FreeRTOS/Source/stream_buffer.c **** 		}
 2589              		.loc 1 834 4 discriminator 3 view .LVU744
 2590              	.LBB154:
 2591              	.LBI154:
 227:Middlewares/Third_Party/FreeRTOS/Source/portable/GCC/ARM_CM4F/portmacro.h **** {
 2592              		.loc 2 227 30 discriminator 3 view .LVU745
 2593              	.LBB155:
 2594              		.loc 2 229 2 discriminator 3 view .LVU746
 2595              		.syntax unified
 2596              	@ 229 "Middlewares/Third_Party/FreeRTOS/Source/portable/GCC/ARM_CM4F/portmacro.h" 1
 2597 009c 87F31188 			msr basepri, r7	
 2598              	@ 0 "" 2
 230:Middlewares/Third_Party/FreeRTOS/Source/portable/GCC/ARM_CM4F/portmacro.h **** 	(
 231:Middlewares/Third_Party/FreeRTOS/Source/portable/GCC/ARM_CM4F/portmacro.h **** 		"	msr basepri, %0	" :: "r" ( ulNewMaskValue ) : "memory"
 232:Middlewares/Third_Party/FreeRTOS/Source/portable/GCC/ARM_CM4F/portmacro.h **** 	);
ARM GAS  C:\Users\31005\AppData\Local\Temp\ccLRqEhz.s 			page 82


 233:Middlewares/Third_Party/FreeRTOS/Source/portable/GCC/ARM_CM4F/portmacro.h **** }
 2599              		.loc 2 233 1 is_stmt 0 discriminator 3 view .LVU747
 2600              		.thumb
 2601              		.syntax unified
 2602 00a0 C3E7     		b	.L161
 2603              	.LBE155:
 2604              	.LBE154:
 2605              	.LBE151:
 2606              		.cfi_endproc
 2607              	.LFE15:
 2609              		.section	.text.xStreamBufferIsEmpty,"ax",%progbits
 2610              		.align	1
 2611              		.global	xStreamBufferIsEmpty
 2612              		.syntax unified
 2613              		.thumb
 2614              		.thumb_func
 2616              	xStreamBufferIsEmpty:
 2617              	.LVL227:
 2618              	.LFB17:
 903:Middlewares/Third_Party/FreeRTOS/Source/stream_buffer.c **** const StreamBuffer_t * const pxStreamBuffer = ( StreamBuffer_t * ) xStreamBuffer; /*lint !e9087 !e9
 2619              		.loc 1 903 1 is_stmt 1 view -0
 2620              		.cfi_startproc
 2621              		@ args = 0, pretend = 0, frame = 0
 2622              		@ frame_needed = 0, uses_anonymous_args = 0
 2623              		@ link register save eliminated.
 904:Middlewares/Third_Party/FreeRTOS/Source/stream_buffer.c **** BaseType_t xReturn;
 2624              		.loc 1 904 1 view .LVU749
 905:Middlewares/Third_Party/FreeRTOS/Source/stream_buffer.c **** size_t xTail;
 2625              		.loc 1 905 1 view .LVU750
 906:Middlewares/Third_Party/FreeRTOS/Source/stream_buffer.c **** 
 2626              		.loc 1 906 1 view .LVU751
 908:Middlewares/Third_Party/FreeRTOS/Source/stream_buffer.c **** 
 2627              		.loc 1 908 2 view .LVU752
 2628 0000 28B1     		cbz	r0, .L181
 908:Middlewares/Third_Party/FreeRTOS/Source/stream_buffer.c **** 
 2629              		.loc 1 908 32 discriminator 2 view .LVU753
 911:Middlewares/Third_Party/FreeRTOS/Source/stream_buffer.c **** 	if( pxStreamBuffer->xHead == xTail )
 2630              		.loc 1 911 2 discriminator 2 view .LVU754
 911:Middlewares/Third_Party/FreeRTOS/Source/stream_buffer.c **** 	if( pxStreamBuffer->xHead == xTail )
 2631              		.loc 1 911 8 is_stmt 0 discriminator 2 view .LVU755
 2632 0002 0268     		ldr	r2, [r0]
 2633              	.LVL228:
 912:Middlewares/Third_Party/FreeRTOS/Source/stream_buffer.c **** 	{
 2634              		.loc 1 912 2 is_stmt 1 discriminator 2 view .LVU756
 912:Middlewares/Third_Party/FreeRTOS/Source/stream_buffer.c **** 	{
 2635              		.loc 1 912 20 is_stmt 0 discriminator 2 view .LVU757
 2636 0004 4368     		ldr	r3, [r0, #4]
 912:Middlewares/Third_Party/FreeRTOS/Source/stream_buffer.c **** 	{
 2637              		.loc 1 912 4 discriminator 2 view .LVU758
 2638 0006 9342     		cmp	r3, r2
 2639 0008 0AD0     		beq	.L182
 918:Middlewares/Third_Party/FreeRTOS/Source/stream_buffer.c **** 	}
 2640              		.loc 1 918 11 view .LVU759
 2641 000a 0020     		movs	r0, #0
 2642              	.LVL229:
 921:Middlewares/Third_Party/FreeRTOS/Source/stream_buffer.c **** }
 2643              		.loc 1 921 2 is_stmt 1 view .LVU760
ARM GAS  C:\Users\31005\AppData\Local\Temp\ccLRqEhz.s 			page 83


 922:Middlewares/Third_Party/FreeRTOS/Source/stream_buffer.c **** /*-----------------------------------------------------------*/
 2644              		.loc 1 922 1 is_stmt 0 view .LVU761
 2645 000c 7047     		bx	lr
 2646              	.LVL230:
 2647              	.L181:
 908:Middlewares/Third_Party/FreeRTOS/Source/stream_buffer.c **** 
 2648              		.loc 1 908 2 is_stmt 1 view .LVU762
 2649              	.LBB156:
 2650              	.LBI156:
 191:Middlewares/Third_Party/FreeRTOS/Source/portable/GCC/ARM_CM4F/portmacro.h **** {
 2651              		.loc 2 191 30 view .LVU763
 2652              	.LBB157:
 193:Middlewares/Third_Party/FreeRTOS/Source/portable/GCC/ARM_CM4F/portmacro.h **** 
 2653              		.loc 2 193 1 view .LVU764
 195:Middlewares/Third_Party/FreeRTOS/Source/portable/GCC/ARM_CM4F/portmacro.h **** 	(
 2654              		.loc 2 195 2 view .LVU765
 2655              		.syntax unified
 2656              	@ 195 "Middlewares/Third_Party/FreeRTOS/Source/portable/GCC/ARM_CM4F/portmacro.h" 1
 2657 000e 4FF05003 			mov r3, #80												
 2658 0012 83F31188 		msr basepri, r3											
 2659 0016 BFF36F8F 		isb														
 2660 001a BFF34F8F 		dsb														
 2661              	
 2662              	@ 0 "" 2
 2663              	.LVL231:
 2664              		.thumb
 2665              		.syntax unified
 2666              	.L178:
 195:Middlewares/Third_Party/FreeRTOS/Source/portable/GCC/ARM_CM4F/portmacro.h **** 	(
 2667              		.loc 2 195 2 is_stmt 0 view .LVU766
 2668              	.LBE157:
 2669              	.LBE156:
 908:Middlewares/Third_Party/FreeRTOS/Source/stream_buffer.c **** 
 2670              		.loc 1 908 2 is_stmt 1 discriminator 1 view .LVU767
 908:Middlewares/Third_Party/FreeRTOS/Source/stream_buffer.c **** 
 2671              		.loc 1 908 2 discriminator 1 view .LVU768
 2672 001e FEE7     		b	.L178
 2673              	.LVL232:
 2674              	.L182:
 914:Middlewares/Third_Party/FreeRTOS/Source/stream_buffer.c **** 	}
 2675              		.loc 1 914 11 is_stmt 0 view .LVU769
 2676 0020 0120     		movs	r0, #1
 2677              	.LVL233:
 914:Middlewares/Third_Party/FreeRTOS/Source/stream_buffer.c **** 	}
 2678              		.loc 1 914 11 view .LVU770
 2679 0022 7047     		bx	lr
 2680              		.cfi_endproc
 2681              	.LFE17:
 2683              		.section	.text.xStreamBufferIsFull,"ax",%progbits
 2684              		.align	1
 2685              		.global	xStreamBufferIsFull
 2686              		.syntax unified
 2687              		.thumb
 2688              		.thumb_func
 2690              	xStreamBufferIsFull:
 2691              	.LVL234:
 2692              	.LFB18:
ARM GAS  C:\Users\31005\AppData\Local\Temp\ccLRqEhz.s 			page 84


 926:Middlewares/Third_Party/FreeRTOS/Source/stream_buffer.c **** BaseType_t xReturn;
 2693              		.loc 1 926 1 is_stmt 1 view -0
 2694              		.cfi_startproc
 2695              		@ args = 0, pretend = 0, frame = 0
 2696              		@ frame_needed = 0, uses_anonymous_args = 0
 927:Middlewares/Third_Party/FreeRTOS/Source/stream_buffer.c **** size_t xBytesToStoreMessageLength;
 2697              		.loc 1 927 1 view .LVU772
 928:Middlewares/Third_Party/FreeRTOS/Source/stream_buffer.c **** const StreamBuffer_t * const pxStreamBuffer = ( StreamBuffer_t * ) xStreamBuffer; /*lint !e9087 !e9
 2698              		.loc 1 928 1 view .LVU773
 929:Middlewares/Third_Party/FreeRTOS/Source/stream_buffer.c **** 
 2699              		.loc 1 929 1 view .LVU774
 931:Middlewares/Third_Party/FreeRTOS/Source/stream_buffer.c **** 
 2700              		.loc 1 931 2 view .LVU775
 2701 0000 68B1     		cbz	r0, .L192
 926:Middlewares/Third_Party/FreeRTOS/Source/stream_buffer.c **** BaseType_t xReturn;
 2702              		.loc 1 926 1 is_stmt 0 discriminator 2 view .LVU776
 2703 0002 10B5     		push	{r4, lr}
 2704              	.LCFI46:
 2705              		.cfi_def_cfa_offset 8
 2706              		.cfi_offset 4, -8
 2707              		.cfi_offset 14, -4
 2708 0004 0346     		mov	r3, r0
 931:Middlewares/Third_Party/FreeRTOS/Source/stream_buffer.c **** 
 2709              		.loc 1 931 32 is_stmt 1 discriminator 2 view .LVU777
 937:Middlewares/Third_Party/FreeRTOS/Source/stream_buffer.c **** 	{
 2710              		.loc 1 937 2 discriminator 2 view .LVU778
 937:Middlewares/Third_Party/FreeRTOS/Source/stream_buffer.c **** 	{
 2711              		.loc 1 937 22 is_stmt 0 discriminator 2 view .LVU779
 2712 0006 027F     		ldrb	r2, [r0, #28]	@ zero_extendqisi2
 937:Middlewares/Third_Party/FreeRTOS/Source/stream_buffer.c **** 	{
 2713              		.loc 1 937 4 discriminator 2 view .LVU780
 2714 0008 12F0010F 		tst	r2, #1
 2715 000c 10D0     		beq	.L188
 939:Middlewares/Third_Party/FreeRTOS/Source/stream_buffer.c **** 	}
 2716              		.loc 1 939 30 view .LVU781
 2717 000e 0424     		movs	r4, #4
 2718              	.L186:
 2719              	.LVL235:
 947:Middlewares/Third_Party/FreeRTOS/Source/stream_buffer.c **** 	{
 2720              		.loc 1 947 2 is_stmt 1 view .LVU782
 947:Middlewares/Third_Party/FreeRTOS/Source/stream_buffer.c **** 	{
 2721              		.loc 1 947 6 is_stmt 0 view .LVU783
 2722 0010 1846     		mov	r0, r3
 2723              	.LVL236:
 947:Middlewares/Third_Party/FreeRTOS/Source/stream_buffer.c **** 	{
 2724              		.loc 1 947 6 view .LVU784
 2725 0012 FFF7FEFF 		bl	xStreamBufferSpacesAvailable
 2726              	.LVL237:
 947:Middlewares/Third_Party/FreeRTOS/Source/stream_buffer.c **** 	{
 2727              		.loc 1 947 4 view .LVU785
 2728 0016 A042     		cmp	r0, r4
 2729 0018 0CD8     		bhi	.L189
 949:Middlewares/Third_Party/FreeRTOS/Source/stream_buffer.c **** 	}
 2730              		.loc 1 949 11 view .LVU786
 2731 001a 0120     		movs	r0, #1
 2732              	.L183:
 957:Middlewares/Third_Party/FreeRTOS/Source/stream_buffer.c **** /*-----------------------------------------------------------*/
ARM GAS  C:\Users\31005\AppData\Local\Temp\ccLRqEhz.s 			page 85


 2733              		.loc 1 957 1 view .LVU787
 2734 001c 10BD     		pop	{r4, pc}
 2735              	.LVL238:
 2736              	.L192:
 2737              	.LCFI47:
 2738              		.cfi_def_cfa_offset 0
 2739              		.cfi_restore 4
 2740              		.cfi_restore 14
 931:Middlewares/Third_Party/FreeRTOS/Source/stream_buffer.c **** 
 2741              		.loc 1 931 2 is_stmt 1 view .LVU788
 2742              	.LBB158:
 2743              	.LBI158:
 191:Middlewares/Third_Party/FreeRTOS/Source/portable/GCC/ARM_CM4F/portmacro.h **** {
 2744              		.loc 2 191 30 view .LVU789
 2745              	.LBB159:
 193:Middlewares/Third_Party/FreeRTOS/Source/portable/GCC/ARM_CM4F/portmacro.h **** 
 2746              		.loc 2 193 1 view .LVU790
 195:Middlewares/Third_Party/FreeRTOS/Source/portable/GCC/ARM_CM4F/portmacro.h **** 	(
 2747              		.loc 2 195 2 view .LVU791
 2748              		.syntax unified
 2749              	@ 195 "Middlewares/Third_Party/FreeRTOS/Source/portable/GCC/ARM_CM4F/portmacro.h" 1
 2750 001e 4FF05003 			mov r3, #80												
 2751 0022 83F31188 		msr basepri, r3											
 2752 0026 BFF36F8F 		isb														
 2753 002a BFF34F8F 		dsb														
 2754              	
 2755              	@ 0 "" 2
 2756              	.LVL239:
 2757              		.thumb
 2758              		.syntax unified
 2759              	.L185:
 195:Middlewares/Third_Party/FreeRTOS/Source/portable/GCC/ARM_CM4F/portmacro.h **** 	(
 2760              		.loc 2 195 2 is_stmt 0 view .LVU792
 2761              	.LBE159:
 2762              	.LBE158:
 931:Middlewares/Third_Party/FreeRTOS/Source/stream_buffer.c **** 
 2763              		.loc 1 931 2 is_stmt 1 discriminator 1 view .LVU793
 931:Middlewares/Third_Party/FreeRTOS/Source/stream_buffer.c **** 
 2764              		.loc 1 931 2 discriminator 1 view .LVU794
 2765 002e FEE7     		b	.L185
 2766              	.L188:
 2767              	.LCFI48:
 2768              		.cfi_def_cfa_offset 8
 2769              		.cfi_offset 4, -8
 2770              		.cfi_offset 14, -4
 943:Middlewares/Third_Party/FreeRTOS/Source/stream_buffer.c **** 	}
 2771              		.loc 1 943 30 is_stmt 0 view .LVU795
 2772 0030 0024     		movs	r4, #0
 2773 0032 EDE7     		b	.L186
 2774              	.LVL240:
 2775              	.L189:
 953:Middlewares/Third_Party/FreeRTOS/Source/stream_buffer.c **** 	}
 2776              		.loc 1 953 11 view .LVU796
 2777 0034 0020     		movs	r0, #0
 2778              	.LVL241:
 956:Middlewares/Third_Party/FreeRTOS/Source/stream_buffer.c **** }
 2779              		.loc 1 956 2 is_stmt 1 view .LVU797
ARM GAS  C:\Users\31005\AppData\Local\Temp\ccLRqEhz.s 			page 86


 956:Middlewares/Third_Party/FreeRTOS/Source/stream_buffer.c **** }
 2780              		.loc 1 956 9 is_stmt 0 view .LVU798
 2781 0036 F1E7     		b	.L183
 2782              		.cfi_endproc
 2783              	.LFE18:
 2785              		.section	.text.xStreamBufferSendCompletedFromISR,"ax",%progbits
 2786              		.align	1
 2787              		.global	xStreamBufferSendCompletedFromISR
 2788              		.syntax unified
 2789              		.thumb
 2790              		.thumb_func
 2792              	xStreamBufferSendCompletedFromISR:
 2793              	.LVL242:
 2794              	.LFB19:
 961:Middlewares/Third_Party/FreeRTOS/Source/stream_buffer.c **** StreamBuffer_t * const pxStreamBuffer = ( StreamBuffer_t * ) xStreamBuffer; /*lint !e9087 !e9079 Sa
 2795              		.loc 1 961 1 is_stmt 1 view -0
 2796              		.cfi_startproc
 2797              		@ args = 0, pretend = 0, frame = 0
 2798              		@ frame_needed = 0, uses_anonymous_args = 0
 962:Middlewares/Third_Party/FreeRTOS/Source/stream_buffer.c **** BaseType_t xReturn;
 2799              		.loc 1 962 1 view .LVU800
 963:Middlewares/Third_Party/FreeRTOS/Source/stream_buffer.c **** UBaseType_t uxSavedInterruptStatus;
 2800              		.loc 1 963 1 view .LVU801
 964:Middlewares/Third_Party/FreeRTOS/Source/stream_buffer.c **** 
 2801              		.loc 1 964 1 view .LVU802
 966:Middlewares/Third_Party/FreeRTOS/Source/stream_buffer.c **** 
 2802              		.loc 1 966 2 view .LVU803
 2803 0000 E0B1     		cbz	r0, .L200
 961:Middlewares/Third_Party/FreeRTOS/Source/stream_buffer.c **** StreamBuffer_t * const pxStreamBuffer = ( StreamBuffer_t * ) xStreamBuffer; /*lint !e9087 !e9079 Sa
 2804              		.loc 1 961 1 is_stmt 0 view .LVU804
 2805 0002 30B5     		push	{r4, r5, lr}
 2806              	.LCFI49:
 2807              		.cfi_def_cfa_offset 12
 2808              		.cfi_offset 4, -12
 2809              		.cfi_offset 5, -8
 2810              		.cfi_offset 14, -4
 2811 0004 83B0     		sub	sp, sp, #12
 2812              	.LCFI50:
 2813              		.cfi_def_cfa_offset 24
 2814 0006 0546     		mov	r5, r0
 966:Middlewares/Third_Party/FreeRTOS/Source/stream_buffer.c **** 
 2815              		.loc 1 966 32 is_stmt 1 view .LVU805
 968:Middlewares/Third_Party/FreeRTOS/Source/stream_buffer.c **** 	{
 2816              		.loc 1 968 2 view .LVU806
 2817              	.LBB160:
 2818              	.LBI160:
 207:Middlewares/Third_Party/FreeRTOS/Source/portable/GCC/ARM_CM4F/portmacro.h **** {
 2819              		.loc 2 207 34 view .LVU807
 2820              	.LBB161:
 209:Middlewares/Third_Party/FreeRTOS/Source/portable/GCC/ARM_CM4F/portmacro.h **** 
 2821              		.loc 2 209 1 view .LVU808
 211:Middlewares/Third_Party/FreeRTOS/Source/portable/GCC/ARM_CM4F/portmacro.h **** 	(
 2822              		.loc 2 211 2 view .LVU809
 2823              		.syntax unified
 2824              	@ 211 "Middlewares/Third_Party/FreeRTOS/Source/portable/GCC/ARM_CM4F/portmacro.h" 1
 2825 0008 EFF31184 			mrs r4, basepri											
 2826 000c 4FF05003 		mov r3, #80												
ARM GAS  C:\Users\31005\AppData\Local\Temp\ccLRqEhz.s 			page 87


 2827 0010 83F31188 		msr basepri, r3											
 2828 0014 BFF36F8F 		isb														
 2829 0018 BFF34F8F 		dsb														
 2830              	
 2831              	@ 0 "" 2
 2832              	.LVL243:
 223:Middlewares/Third_Party/FreeRTOS/Source/portable/GCC/ARM_CM4F/portmacro.h **** }
 2833              		.loc 2 223 2 view .LVU810
 223:Middlewares/Third_Party/FreeRTOS/Source/portable/GCC/ARM_CM4F/portmacro.h **** }
 2834              		.loc 2 223 2 is_stmt 0 view .LVU811
 2835              		.thumb
 2836              		.syntax unified
 2837              	.LBE161:
 2838              	.LBE160:
 970:Middlewares/Third_Party/FreeRTOS/Source/stream_buffer.c **** 		{
 2839              		.loc 1 970 3 is_stmt 1 view .LVU812
 970:Middlewares/Third_Party/FreeRTOS/Source/stream_buffer.c **** 		{
 2840              		.loc 1 970 25 is_stmt 0 view .LVU813
 2841 001c 0369     		ldr	r3, [r0, #16]
 970:Middlewares/Third_Party/FreeRTOS/Source/stream_buffer.c **** 		{
 2842              		.loc 1 970 5 view .LVU814
 2843 001e B3B1     		cbz	r3, .L197
 972:Middlewares/Third_Party/FreeRTOS/Source/stream_buffer.c **** 										 ( uint32_t ) 0,
 2844              		.loc 1 972 4 is_stmt 1 view .LVU815
 972:Middlewares/Third_Party/FreeRTOS/Source/stream_buffer.c **** 										 ( uint32_t ) 0,
 2845              		.loc 1 972 13 is_stmt 0 view .LVU816
 2846 0020 0069     		ldr	r0, [r0, #16]
 2847              	.LVL244:
 972:Middlewares/Third_Party/FreeRTOS/Source/stream_buffer.c **** 										 ( uint32_t ) 0,
 2848              		.loc 1 972 13 view .LVU817
 2849 0022 0091     		str	r1, [sp]
 2850 0024 0023     		movs	r3, #0
 2851 0026 1A46     		mov	r2, r3
 2852 0028 1946     		mov	r1, r3
 2853              	.LVL245:
 972:Middlewares/Third_Party/FreeRTOS/Source/stream_buffer.c **** 										 ( uint32_t ) 0,
 2854              		.loc 1 972 13 view .LVU818
 2855 002a FFF7FEFF 		bl	xTaskGenericNotifyFromISR
 2856              	.LVL246:
 976:Middlewares/Third_Party/FreeRTOS/Source/stream_buffer.c **** 			xReturn = pdTRUE;
 2857              		.loc 1 976 4 is_stmt 1 view .LVU819
 976:Middlewares/Third_Party/FreeRTOS/Source/stream_buffer.c **** 			xReturn = pdTRUE;
 2858              		.loc 1 976 46 is_stmt 0 view .LVU820
 2859 002e 0023     		movs	r3, #0
 2860 0030 2B61     		str	r3, [r5, #16]
 977:Middlewares/Third_Party/FreeRTOS/Source/stream_buffer.c **** 		}
 2861              		.loc 1 977 4 is_stmt 1 view .LVU821
 2862              	.LVL247:
 977:Middlewares/Third_Party/FreeRTOS/Source/stream_buffer.c **** 		}
 2863              		.loc 1 977 12 is_stmt 0 view .LVU822
 2864 0032 0120     		movs	r0, #1
 2865              	.LVL248:
 2866              	.L196:
 984:Middlewares/Third_Party/FreeRTOS/Source/stream_buffer.c **** 
 2867              		.loc 1 984 2 is_stmt 1 view .LVU823
 2868              	.LBB162:
 2869              	.LBI162:
ARM GAS  C:\Users\31005\AppData\Local\Temp\ccLRqEhz.s 			page 88


 227:Middlewares/Third_Party/FreeRTOS/Source/portable/GCC/ARM_CM4F/portmacro.h **** {
 2870              		.loc 2 227 30 view .LVU824
 2871              	.LBB163:
 229:Middlewares/Third_Party/FreeRTOS/Source/portable/GCC/ARM_CM4F/portmacro.h **** 	(
 2872              		.loc 2 229 2 view .LVU825
 2873              		.syntax unified
 2874              	@ 229 "Middlewares/Third_Party/FreeRTOS/Source/portable/GCC/ARM_CM4F/portmacro.h" 1
 2875 0034 84F31188 			msr basepri, r4	
 2876              	@ 0 "" 2
 2877              		.thumb
 2878              		.syntax unified
 2879              	.LBE163:
 2880              	.LBE162:
 986:Middlewares/Third_Party/FreeRTOS/Source/stream_buffer.c **** }
 2881              		.loc 1 986 2 view .LVU826
 987:Middlewares/Third_Party/FreeRTOS/Source/stream_buffer.c **** /*-----------------------------------------------------------*/
 2882              		.loc 1 987 1 is_stmt 0 view .LVU827
 2883 0038 03B0     		add	sp, sp, #12
 2884              	.LCFI51:
 2885              		.cfi_def_cfa_offset 12
 2886              		@ sp needed
 2887 003a 30BD     		pop	{r4, r5, pc}
 2888              	.LVL249:
 2889              	.L200:
 2890              	.LCFI52:
 2891              		.cfi_def_cfa_offset 0
 2892              		.cfi_restore 4
 2893              		.cfi_restore 5
 2894              		.cfi_restore 14
 966:Middlewares/Third_Party/FreeRTOS/Source/stream_buffer.c **** 
 2895              		.loc 1 966 2 is_stmt 1 view .LVU828
 2896              	.LBB164:
 2897              	.LBI164:
 191:Middlewares/Third_Party/FreeRTOS/Source/portable/GCC/ARM_CM4F/portmacro.h **** {
 2898              		.loc 2 191 30 view .LVU829
 2899              	.LBB165:
 193:Middlewares/Third_Party/FreeRTOS/Source/portable/GCC/ARM_CM4F/portmacro.h **** 
 2900              		.loc 2 193 1 view .LVU830
 195:Middlewares/Third_Party/FreeRTOS/Source/portable/GCC/ARM_CM4F/portmacro.h **** 	(
 2901              		.loc 2 195 2 view .LVU831
 2902              		.syntax unified
 2903              	@ 195 "Middlewares/Third_Party/FreeRTOS/Source/portable/GCC/ARM_CM4F/portmacro.h" 1
 2904 003c 4FF05003 			mov r3, #80												
 2905 0040 83F31188 		msr basepri, r3											
 2906 0044 BFF36F8F 		isb														
 2907 0048 BFF34F8F 		dsb														
 2908              	
 2909              	@ 0 "" 2
 2910              	.LVL250:
 2911              		.thumb
 2912              		.syntax unified
 2913              	.L195:
 195:Middlewares/Third_Party/FreeRTOS/Source/portable/GCC/ARM_CM4F/portmacro.h **** 	(
 2914              		.loc 2 195 2 is_stmt 0 view .LVU832
 2915              	.LBE165:
 2916              	.LBE164:
 966:Middlewares/Third_Party/FreeRTOS/Source/stream_buffer.c **** 
ARM GAS  C:\Users\31005\AppData\Local\Temp\ccLRqEhz.s 			page 89


 2917              		.loc 1 966 2 is_stmt 1 discriminator 1 view .LVU833
 966:Middlewares/Third_Party/FreeRTOS/Source/stream_buffer.c **** 
 2918              		.loc 1 966 2 discriminator 1 view .LVU834
 2919 004c FEE7     		b	.L195
 2920              	.LVL251:
 2921              	.L197:
 2922              	.LCFI53:
 2923              		.cfi_def_cfa_offset 24
 2924              		.cfi_offset 4, -12
 2925              		.cfi_offset 5, -8
 2926              		.cfi_offset 14, -4
 981:Middlewares/Third_Party/FreeRTOS/Source/stream_buffer.c **** 		}
 2927              		.loc 1 981 12 is_stmt 0 view .LVU835
 2928 004e 0020     		movs	r0, #0
 2929              	.LVL252:
 981:Middlewares/Third_Party/FreeRTOS/Source/stream_buffer.c **** 		}
 2930              		.loc 1 981 12 view .LVU836
 2931 0050 F0E7     		b	.L196
 2932              		.cfi_endproc
 2933              	.LFE19:
 2935              		.section	.text.xStreamBufferReceiveCompletedFromISR,"ax",%progbits
 2936              		.align	1
 2937              		.global	xStreamBufferReceiveCompletedFromISR
 2938              		.syntax unified
 2939              		.thumb
 2940              		.thumb_func
 2942              	xStreamBufferReceiveCompletedFromISR:
 2943              	.LVL253:
 2944              	.LFB20:
 991:Middlewares/Third_Party/FreeRTOS/Source/stream_buffer.c **** StreamBuffer_t * const pxStreamBuffer = ( StreamBuffer_t * ) xStreamBuffer; /*lint !e9087 !e9079 Sa
 2945              		.loc 1 991 1 is_stmt 1 view -0
 2946              		.cfi_startproc
 2947              		@ args = 0, pretend = 0, frame = 0
 2948              		@ frame_needed = 0, uses_anonymous_args = 0
 992:Middlewares/Third_Party/FreeRTOS/Source/stream_buffer.c **** BaseType_t xReturn;
 2949              		.loc 1 992 1 view .LVU838
 993:Middlewares/Third_Party/FreeRTOS/Source/stream_buffer.c **** UBaseType_t uxSavedInterruptStatus;
 2950              		.loc 1 993 1 view .LVU839
 994:Middlewares/Third_Party/FreeRTOS/Source/stream_buffer.c **** 
 2951              		.loc 1 994 1 view .LVU840
 996:Middlewares/Third_Party/FreeRTOS/Source/stream_buffer.c **** 
 2952              		.loc 1 996 2 view .LVU841
 2953 0000 E0B1     		cbz	r0, .L208
 991:Middlewares/Third_Party/FreeRTOS/Source/stream_buffer.c **** StreamBuffer_t * const pxStreamBuffer = ( StreamBuffer_t * ) xStreamBuffer; /*lint !e9087 !e9079 Sa
 2954              		.loc 1 991 1 is_stmt 0 view .LVU842
 2955 0002 30B5     		push	{r4, r5, lr}
 2956              	.LCFI54:
 2957              		.cfi_def_cfa_offset 12
 2958              		.cfi_offset 4, -12
 2959              		.cfi_offset 5, -8
 2960              		.cfi_offset 14, -4
 2961 0004 83B0     		sub	sp, sp, #12
 2962              	.LCFI55:
 2963              		.cfi_def_cfa_offset 24
 2964 0006 0546     		mov	r5, r0
 996:Middlewares/Third_Party/FreeRTOS/Source/stream_buffer.c **** 
 2965              		.loc 1 996 32 is_stmt 1 view .LVU843
ARM GAS  C:\Users\31005\AppData\Local\Temp\ccLRqEhz.s 			page 90


 998:Middlewares/Third_Party/FreeRTOS/Source/stream_buffer.c **** 	{
 2966              		.loc 1 998 2 view .LVU844
 2967              	.LBB166:
 2968              	.LBI166:
 207:Middlewares/Third_Party/FreeRTOS/Source/portable/GCC/ARM_CM4F/portmacro.h **** {
 2969              		.loc 2 207 34 view .LVU845
 2970              	.LBB167:
 209:Middlewares/Third_Party/FreeRTOS/Source/portable/GCC/ARM_CM4F/portmacro.h **** 
 2971              		.loc 2 209 1 view .LVU846
 211:Middlewares/Third_Party/FreeRTOS/Source/portable/GCC/ARM_CM4F/portmacro.h **** 	(
 2972              		.loc 2 211 2 view .LVU847
 2973              		.syntax unified
 2974              	@ 211 "Middlewares/Third_Party/FreeRTOS/Source/portable/GCC/ARM_CM4F/portmacro.h" 1
 2975 0008 EFF31184 			mrs r4, basepri											
 2976 000c 4FF05003 		mov r3, #80												
 2977 0010 83F31188 		msr basepri, r3											
 2978 0014 BFF36F8F 		isb														
 2979 0018 BFF34F8F 		dsb														
 2980              	
 2981              	@ 0 "" 2
 2982              	.LVL254:
 223:Middlewares/Third_Party/FreeRTOS/Source/portable/GCC/ARM_CM4F/portmacro.h **** }
 2983              		.loc 2 223 2 view .LVU848
 223:Middlewares/Third_Party/FreeRTOS/Source/portable/GCC/ARM_CM4F/portmacro.h **** }
 2984              		.loc 2 223 2 is_stmt 0 view .LVU849
 2985              		.thumb
 2986              		.syntax unified
 2987              	.LBE167:
 2988              	.LBE166:
1000:Middlewares/Third_Party/FreeRTOS/Source/stream_buffer.c **** 		{
 2989              		.loc 1 1000 3 is_stmt 1 view .LVU850
1000:Middlewares/Third_Party/FreeRTOS/Source/stream_buffer.c **** 		{
 2990              		.loc 1 1000 25 is_stmt 0 view .LVU851
 2991 001c 4369     		ldr	r3, [r0, #20]
1000:Middlewares/Third_Party/FreeRTOS/Source/stream_buffer.c **** 		{
 2992              		.loc 1 1000 5 view .LVU852
 2993 001e B3B1     		cbz	r3, .L205
1002:Middlewares/Third_Party/FreeRTOS/Source/stream_buffer.c **** 										 ( uint32_t ) 0,
 2994              		.loc 1 1002 4 is_stmt 1 view .LVU853
1002:Middlewares/Third_Party/FreeRTOS/Source/stream_buffer.c **** 										 ( uint32_t ) 0,
 2995              		.loc 1 1002 13 is_stmt 0 view .LVU854
 2996 0020 4069     		ldr	r0, [r0, #20]
 2997              	.LVL255:
1002:Middlewares/Third_Party/FreeRTOS/Source/stream_buffer.c **** 										 ( uint32_t ) 0,
 2998              		.loc 1 1002 13 view .LVU855
 2999 0022 0091     		str	r1, [sp]
 3000 0024 0023     		movs	r3, #0
 3001 0026 1A46     		mov	r2, r3
 3002 0028 1946     		mov	r1, r3
 3003              	.LVL256:
1002:Middlewares/Third_Party/FreeRTOS/Source/stream_buffer.c **** 										 ( uint32_t ) 0,
 3004              		.loc 1 1002 13 view .LVU856
 3005 002a FFF7FEFF 		bl	xTaskGenericNotifyFromISR
 3006              	.LVL257:
1006:Middlewares/Third_Party/FreeRTOS/Source/stream_buffer.c **** 			xReturn = pdTRUE;
 3007              		.loc 1 1006 4 is_stmt 1 view .LVU857
1006:Middlewares/Third_Party/FreeRTOS/Source/stream_buffer.c **** 			xReturn = pdTRUE;
ARM GAS  C:\Users\31005\AppData\Local\Temp\ccLRqEhz.s 			page 91


 3008              		.loc 1 1006 43 is_stmt 0 view .LVU858
 3009 002e 0023     		movs	r3, #0
 3010 0030 6B61     		str	r3, [r5, #20]
1007:Middlewares/Third_Party/FreeRTOS/Source/stream_buffer.c **** 		}
 3011              		.loc 1 1007 4 is_stmt 1 view .LVU859
 3012              	.LVL258:
1007:Middlewares/Third_Party/FreeRTOS/Source/stream_buffer.c **** 		}
 3013              		.loc 1 1007 12 is_stmt 0 view .LVU860
 3014 0032 0120     		movs	r0, #1
 3015              	.LVL259:
 3016              	.L204:
1014:Middlewares/Third_Party/FreeRTOS/Source/stream_buffer.c **** 
 3017              		.loc 1 1014 2 is_stmt 1 view .LVU861
 3018              	.LBB168:
 3019              	.LBI168:
 227:Middlewares/Third_Party/FreeRTOS/Source/portable/GCC/ARM_CM4F/portmacro.h **** {
 3020              		.loc 2 227 30 view .LVU862
 3021              	.LBB169:
 229:Middlewares/Third_Party/FreeRTOS/Source/portable/GCC/ARM_CM4F/portmacro.h **** 	(
 3022              		.loc 2 229 2 view .LVU863
 3023              		.syntax unified
 3024              	@ 229 "Middlewares/Third_Party/FreeRTOS/Source/portable/GCC/ARM_CM4F/portmacro.h" 1
 3025 0034 84F31188 			msr basepri, r4	
 3026              	@ 0 "" 2
 3027              		.thumb
 3028              		.syntax unified
 3029              	.LBE169:
 3030              	.LBE168:
1016:Middlewares/Third_Party/FreeRTOS/Source/stream_buffer.c **** }
 3031              		.loc 1 1016 2 view .LVU864
1017:Middlewares/Third_Party/FreeRTOS/Source/stream_buffer.c **** /*-----------------------------------------------------------*/
 3032              		.loc 1 1017 1 is_stmt 0 view .LVU865
 3033 0038 03B0     		add	sp, sp, #12
 3034              	.LCFI56:
 3035              		.cfi_def_cfa_offset 12
 3036              		@ sp needed
 3037 003a 30BD     		pop	{r4, r5, pc}
 3038              	.LVL260:
 3039              	.L208:
 3040              	.LCFI57:
 3041              		.cfi_def_cfa_offset 0
 3042              		.cfi_restore 4
 3043              		.cfi_restore 5
 3044              		.cfi_restore 14
 996:Middlewares/Third_Party/FreeRTOS/Source/stream_buffer.c **** 
 3045              		.loc 1 996 2 is_stmt 1 view .LVU866
 3046              	.LBB170:
 3047              	.LBI170:
 191:Middlewares/Third_Party/FreeRTOS/Source/portable/GCC/ARM_CM4F/portmacro.h **** {
 3048              		.loc 2 191 30 view .LVU867
 3049              	.LBB171:
 193:Middlewares/Third_Party/FreeRTOS/Source/portable/GCC/ARM_CM4F/portmacro.h **** 
 3050              		.loc 2 193 1 view .LVU868
 195:Middlewares/Third_Party/FreeRTOS/Source/portable/GCC/ARM_CM4F/portmacro.h **** 	(
 3051              		.loc 2 195 2 view .LVU869
 3052              		.syntax unified
 3053              	@ 195 "Middlewares/Third_Party/FreeRTOS/Source/portable/GCC/ARM_CM4F/portmacro.h" 1
ARM GAS  C:\Users\31005\AppData\Local\Temp\ccLRqEhz.s 			page 92


 3054 003c 4FF05003 			mov r3, #80												
 3055 0040 83F31188 		msr basepri, r3											
 3056 0044 BFF36F8F 		isb														
 3057 0048 BFF34F8F 		dsb														
 3058              	
 3059              	@ 0 "" 2
 3060              	.LVL261:
 3061              		.thumb
 3062              		.syntax unified
 3063              	.L203:
 195:Middlewares/Third_Party/FreeRTOS/Source/portable/GCC/ARM_CM4F/portmacro.h **** 	(
 3064              		.loc 2 195 2 is_stmt 0 view .LVU870
 3065              	.LBE171:
 3066              	.LBE170:
 996:Middlewares/Third_Party/FreeRTOS/Source/stream_buffer.c **** 
 3067              		.loc 1 996 2 is_stmt 1 discriminator 1 view .LVU871
 996:Middlewares/Third_Party/FreeRTOS/Source/stream_buffer.c **** 
 3068              		.loc 1 996 2 discriminator 1 view .LVU872
 3069 004c FEE7     		b	.L203
 3070              	.LVL262:
 3071              	.L205:
 3072              	.LCFI58:
 3073              		.cfi_def_cfa_offset 24
 3074              		.cfi_offset 4, -12
 3075              		.cfi_offset 5, -8
 3076              		.cfi_offset 14, -4
1011:Middlewares/Third_Party/FreeRTOS/Source/stream_buffer.c **** 		}
 3077              		.loc 1 1011 12 is_stmt 0 view .LVU873
 3078 004e 0020     		movs	r0, #0
 3079              	.LVL263:
1011:Middlewares/Third_Party/FreeRTOS/Source/stream_buffer.c **** 		}
 3080              		.loc 1 1011 12 view .LVU874
 3081 0050 F0E7     		b	.L204
 3082              		.cfi_endproc
 3083              	.LFE20:
 3085              		.section	.text.uxStreamBufferGetStreamBufferNumber,"ax",%progbits
 3086              		.align	1
 3087              		.global	uxStreamBufferGetStreamBufferNumber
 3088              		.syntax unified
 3089              		.thumb
 3090              		.thumb_func
 3092              	uxStreamBufferGetStreamBufferNumber:
 3093              	.LVL264:
 3094              	.LFB25:
1170:Middlewares/Third_Party/FreeRTOS/Source/stream_buffer.c **** 
1171:Middlewares/Third_Party/FreeRTOS/Source/stream_buffer.c **** #if ( configUSE_TRACE_FACILITY == 1 )
1172:Middlewares/Third_Party/FreeRTOS/Source/stream_buffer.c **** 
1173:Middlewares/Third_Party/FreeRTOS/Source/stream_buffer.c **** 	UBaseType_t uxStreamBufferGetStreamBufferNumber( StreamBufferHandle_t xStreamBuffer )
1174:Middlewares/Third_Party/FreeRTOS/Source/stream_buffer.c **** 	{
 3095              		.loc 1 1174 2 is_stmt 1 view -0
 3096              		.cfi_startproc
 3097              		@ args = 0, pretend = 0, frame = 0
 3098              		@ frame_needed = 0, uses_anonymous_args = 0
 3099              		@ link register save eliminated.
1175:Middlewares/Third_Party/FreeRTOS/Source/stream_buffer.c **** 		return ( ( StreamBuffer_t * ) xStreamBuffer )->uxStreamBufferNumber;
 3100              		.loc 1 1175 3 view .LVU876
1176:Middlewares/Third_Party/FreeRTOS/Source/stream_buffer.c **** 	}
ARM GAS  C:\Users\31005\AppData\Local\Temp\ccLRqEhz.s 			page 93


 3101              		.loc 1 1176 2 is_stmt 0 view .LVU877
 3102 0000 006A     		ldr	r0, [r0, #32]
 3103              	.LVL265:
 3104              		.loc 1 1176 2 view .LVU878
 3105 0002 7047     		bx	lr
 3106              		.cfi_endproc
 3107              	.LFE25:
 3109              		.section	.text.vStreamBufferSetStreamBufferNumber,"ax",%progbits
 3110              		.align	1
 3111              		.global	vStreamBufferSetStreamBufferNumber
 3112              		.syntax unified
 3113              		.thumb
 3114              		.thumb_func
 3116              	vStreamBufferSetStreamBufferNumber:
 3117              	.LVL266:
 3118              	.LFB26:
1177:Middlewares/Third_Party/FreeRTOS/Source/stream_buffer.c **** 
1178:Middlewares/Third_Party/FreeRTOS/Source/stream_buffer.c **** #endif /* configUSE_TRACE_FACILITY */
1179:Middlewares/Third_Party/FreeRTOS/Source/stream_buffer.c **** /*-----------------------------------------------------------*/
1180:Middlewares/Third_Party/FreeRTOS/Source/stream_buffer.c **** 
1181:Middlewares/Third_Party/FreeRTOS/Source/stream_buffer.c **** #if ( configUSE_TRACE_FACILITY == 1 )
1182:Middlewares/Third_Party/FreeRTOS/Source/stream_buffer.c **** 
1183:Middlewares/Third_Party/FreeRTOS/Source/stream_buffer.c **** 	void vStreamBufferSetStreamBufferNumber( StreamBufferHandle_t xStreamBuffer, UBaseType_t uxStreamB
1184:Middlewares/Third_Party/FreeRTOS/Source/stream_buffer.c **** 	{
 3119              		.loc 1 1184 2 is_stmt 1 view -0
 3120              		.cfi_startproc
 3121              		@ args = 0, pretend = 0, frame = 0
 3122              		@ frame_needed = 0, uses_anonymous_args = 0
 3123              		@ link register save eliminated.
1185:Middlewares/Third_Party/FreeRTOS/Source/stream_buffer.c **** 		( ( StreamBuffer_t * ) xStreamBuffer )->uxStreamBufferNumber = uxStreamBufferNumber;
 3124              		.loc 1 1185 3 view .LVU880
 3125              		.loc 1 1185 64 is_stmt 0 view .LVU881
 3126 0000 0162     		str	r1, [r0, #32]
1186:Middlewares/Third_Party/FreeRTOS/Source/stream_buffer.c **** 	}
 3127              		.loc 1 1186 2 view .LVU882
 3128 0002 7047     		bx	lr
 3129              		.cfi_endproc
 3130              	.LFE26:
 3132              		.section	.text.ucStreamBufferGetStreamBufferType,"ax",%progbits
 3133              		.align	1
 3134              		.global	ucStreamBufferGetStreamBufferType
 3135              		.syntax unified
 3136              		.thumb
 3137              		.thumb_func
 3139              	ucStreamBufferGetStreamBufferType:
 3140              	.LVL267:
 3141              	.LFB27:
1187:Middlewares/Third_Party/FreeRTOS/Source/stream_buffer.c **** 
1188:Middlewares/Third_Party/FreeRTOS/Source/stream_buffer.c **** #endif /* configUSE_TRACE_FACILITY */
1189:Middlewares/Third_Party/FreeRTOS/Source/stream_buffer.c **** /*-----------------------------------------------------------*/
1190:Middlewares/Third_Party/FreeRTOS/Source/stream_buffer.c **** 
1191:Middlewares/Third_Party/FreeRTOS/Source/stream_buffer.c **** #if ( configUSE_TRACE_FACILITY == 1 )
1192:Middlewares/Third_Party/FreeRTOS/Source/stream_buffer.c **** 
1193:Middlewares/Third_Party/FreeRTOS/Source/stream_buffer.c **** 	uint8_t ucStreamBufferGetStreamBufferType( StreamBufferHandle_t xStreamBuffer )
1194:Middlewares/Third_Party/FreeRTOS/Source/stream_buffer.c **** 	{
 3142              		.loc 1 1194 2 is_stmt 1 view -0
 3143              		.cfi_startproc
ARM GAS  C:\Users\31005\AppData\Local\Temp\ccLRqEhz.s 			page 94


 3144              		@ args = 0, pretend = 0, frame = 0
 3145              		@ frame_needed = 0, uses_anonymous_args = 0
 3146              		@ link register save eliminated.
1195:Middlewares/Third_Party/FreeRTOS/Source/stream_buffer.c **** 		return ( ( StreamBuffer_t * )xStreamBuffer )->ucFlags | sbFLAGS_IS_MESSAGE_BUFFER;
 3147              		.loc 1 1195 3 view .LVU884
 3148              		.loc 1 1195 47 is_stmt 0 view .LVU885
 3149 0000 007F     		ldrb	r0, [r0, #28]	@ zero_extendqisi2
 3150              	.LVL268:
1196:Middlewares/Third_Party/FreeRTOS/Source/stream_buffer.c **** 	}
 3151              		.loc 1 1196 2 view .LVU886
 3152 0002 40F00100 		orr	r0, r0, #1
 3153 0006 7047     		bx	lr
 3154              		.cfi_endproc
 3155              	.LFE27:
 3157              		.text
 3158              	.Letext0:
 3159              		.file 3 "e:\\vscode\\msys2\\mingw64\\arm-none-eabi\\include\\machine\\_default_types.h"
 3160              		.file 4 "e:\\vscode\\msys2\\mingw64\\arm-none-eabi\\include\\sys\\_stdint.h"
 3161              		.file 5 "e:\\vscode\\msys2\\mingw64\\lib\\gcc\\arm-none-eabi\\12.2.0\\include\\stddef.h"
 3162              		.file 6 "Middlewares/Third_Party/FreeRTOS/Source/include/FreeRTOS.h"
 3163              		.file 7 "Middlewares/Third_Party/FreeRTOS/Source/include/task.h"
 3164              		.file 8 "Middlewares/Third_Party/FreeRTOS/Source/include/stream_buffer.h"
 3165              		.file 9 "e:\\vscode\\msys2\\mingw64\\arm-none-eabi\\include\\string.h"
 3166              		.file 10 "Middlewares/Third_Party/FreeRTOS/Source/include/portable.h"
 3167              		.file 11 "<built-in>"
ARM GAS  C:\Users\31005\AppData\Local\Temp\ccLRqEhz.s 			page 95


DEFINED SYMBOLS
                            *ABS*:00000000 stream_buffer.c
C:\Users\31005\AppData\Local\Temp\ccLRqEhz.s:21     .text.prvBytesInBuffer:00000000 $t
C:\Users\31005\AppData\Local\Temp\ccLRqEhz.s:26     .text.prvBytesInBuffer:00000000 prvBytesInBuffer
C:\Users\31005\AppData\Local\Temp\ccLRqEhz.s:67     .text.prvInitialiseNewStreamBuffer:00000000 $t
C:\Users\31005\AppData\Local\Temp\ccLRqEhz.s:72     .text.prvInitialiseNewStreamBuffer:00000000 prvInitialiseNewStreamBuffer
C:\Users\31005\AppData\Local\Temp\ccLRqEhz.s:168    .text.prvWriteBytesToBuffer:00000000 $t
C:\Users\31005\AppData\Local\Temp\ccLRqEhz.s:173    .text.prvWriteBytesToBuffer:00000000 prvWriteBytesToBuffer
C:\Users\31005\AppData\Local\Temp\ccLRqEhz.s:349    .text.prvWriteMessageToBuffer:00000000 $t
C:\Users\31005\AppData\Local\Temp\ccLRqEhz.s:354    .text.prvWriteMessageToBuffer:00000000 prvWriteMessageToBuffer
C:\Users\31005\AppData\Local\Temp\ccLRqEhz.s:454    .text.prvReadBytesFromBuffer:00000000 $t
C:\Users\31005\AppData\Local\Temp\ccLRqEhz.s:459    .text.prvReadBytesFromBuffer:00000000 prvReadBytesFromBuffer
C:\Users\31005\AppData\Local\Temp\ccLRqEhz.s:627    .text.prvReadMessageFromBuffer:00000000 $t
C:\Users\31005\AppData\Local\Temp\ccLRqEhz.s:632    .text.prvReadMessageFromBuffer:00000000 prvReadMessageFromBuffer
C:\Users\31005\AppData\Local\Temp\ccLRqEhz.s:724    .text.xStreamBufferGenericCreate:00000000 $t
C:\Users\31005\AppData\Local\Temp\ccLRqEhz.s:730    .text.xStreamBufferGenericCreate:00000000 xStreamBufferGenericCreate
C:\Users\31005\AppData\Local\Temp\ccLRqEhz.s:855    .text.xStreamBufferGenericCreateStatic:00000000 $t
C:\Users\31005\AppData\Local\Temp\ccLRqEhz.s:861    .text.xStreamBufferGenericCreateStatic:00000000 xStreamBufferGenericCreateStatic
C:\Users\31005\AppData\Local\Temp\ccLRqEhz.s:1092   .text.vStreamBufferDelete:00000000 $t
C:\Users\31005\AppData\Local\Temp\ccLRqEhz.s:1098   .text.vStreamBufferDelete:00000000 vStreamBufferDelete
C:\Users\31005\AppData\Local\Temp\ccLRqEhz.s:1168   .text.xStreamBufferReset:00000000 $t
C:\Users\31005\AppData\Local\Temp\ccLRqEhz.s:1174   .text.xStreamBufferReset:00000000 xStreamBufferReset
C:\Users\31005\AppData\Local\Temp\ccLRqEhz.s:1308   .text.xStreamBufferSetTriggerLevel:00000000 $t
C:\Users\31005\AppData\Local\Temp\ccLRqEhz.s:1314   .text.xStreamBufferSetTriggerLevel:00000000 xStreamBufferSetTriggerLevel
C:\Users\31005\AppData\Local\Temp\ccLRqEhz.s:1389   .text.xStreamBufferSpacesAvailable:00000000 $t
C:\Users\31005\AppData\Local\Temp\ccLRqEhz.s:1395   .text.xStreamBufferSpacesAvailable:00000000 xStreamBufferSpacesAvailable
C:\Users\31005\AppData\Local\Temp\ccLRqEhz.s:1473   .text.xStreamBufferBytesAvailable:00000000 $t
C:\Users\31005\AppData\Local\Temp\ccLRqEhz.s:1479   .text.xStreamBufferBytesAvailable:00000000 xStreamBufferBytesAvailable
C:\Users\31005\AppData\Local\Temp\ccLRqEhz.s:1536   .text.xStreamBufferSend:00000000 $t
C:\Users\31005\AppData\Local\Temp\ccLRqEhz.s:1542   .text.xStreamBufferSend:00000000 xStreamBufferSend
C:\Users\31005\AppData\Local\Temp\ccLRqEhz.s:1842   .text.xStreamBufferSendFromISR:00000000 $t
C:\Users\31005\AppData\Local\Temp\ccLRqEhz.s:1848   .text.xStreamBufferSendFromISR:00000000 xStreamBufferSendFromISR
C:\Users\31005\AppData\Local\Temp\ccLRqEhz.s:2081   .text.xStreamBufferReceive:00000000 $t
C:\Users\31005\AppData\Local\Temp\ccLRqEhz.s:2087   .text.xStreamBufferReceive:00000000 xStreamBufferReceive
C:\Users\31005\AppData\Local\Temp\ccLRqEhz.s:2379   .text.xStreamBufferReceiveFromISR:00000000 $t
C:\Users\31005\AppData\Local\Temp\ccLRqEhz.s:2385   .text.xStreamBufferReceiveFromISR:00000000 xStreamBufferReceiveFromISR
C:\Users\31005\AppData\Local\Temp\ccLRqEhz.s:2610   .text.xStreamBufferIsEmpty:00000000 $t
C:\Users\31005\AppData\Local\Temp\ccLRqEhz.s:2616   .text.xStreamBufferIsEmpty:00000000 xStreamBufferIsEmpty
C:\Users\31005\AppData\Local\Temp\ccLRqEhz.s:2684   .text.xStreamBufferIsFull:00000000 $t
C:\Users\31005\AppData\Local\Temp\ccLRqEhz.s:2690   .text.xStreamBufferIsFull:00000000 xStreamBufferIsFull
C:\Users\31005\AppData\Local\Temp\ccLRqEhz.s:2786   .text.xStreamBufferSendCompletedFromISR:00000000 $t
C:\Users\31005\AppData\Local\Temp\ccLRqEhz.s:2792   .text.xStreamBufferSendCompletedFromISR:00000000 xStreamBufferSendCompletedFromISR
C:\Users\31005\AppData\Local\Temp\ccLRqEhz.s:2936   .text.xStreamBufferReceiveCompletedFromISR:00000000 $t
C:\Users\31005\AppData\Local\Temp\ccLRqEhz.s:2942   .text.xStreamBufferReceiveCompletedFromISR:00000000 xStreamBufferReceiveCompletedFromISR
C:\Users\31005\AppData\Local\Temp\ccLRqEhz.s:3086   .text.uxStreamBufferGetStreamBufferNumber:00000000 $t
C:\Users\31005\AppData\Local\Temp\ccLRqEhz.s:3092   .text.uxStreamBufferGetStreamBufferNumber:00000000 uxStreamBufferGetStreamBufferNumber
C:\Users\31005\AppData\Local\Temp\ccLRqEhz.s:3110   .text.vStreamBufferSetStreamBufferNumber:00000000 $t
C:\Users\31005\AppData\Local\Temp\ccLRqEhz.s:3116   .text.vStreamBufferSetStreamBufferNumber:00000000 vStreamBufferSetStreamBufferNumber
C:\Users\31005\AppData\Local\Temp\ccLRqEhz.s:3133   .text.ucStreamBufferGetStreamBufferType:00000000 $t
C:\Users\31005\AppData\Local\Temp\ccLRqEhz.s:3139   .text.ucStreamBufferGetStreamBufferType:00000000 ucStreamBufferGetStreamBufferType

UNDEFINED SYMBOLS
memset
memcpy
pvPortMalloc
vPortFree
vTaskSetTimeOutState
ARM GAS  C:\Users\31005\AppData\Local\Temp\ccLRqEhz.s 			page 96


vPortEnterCritical
xTaskNotifyStateClear
xTaskGetCurrentTaskHandle
vPortExitCritical
xTaskNotifyWait
xTaskCheckForTimeOut
vTaskSuspendAll
xTaskGenericNotify
xTaskResumeAll
xTaskGenericNotifyFromISR
