ARM GAS  C:\Users\31005\AppData\Local\Temp\ccNQ0Tdy.s 			page 1


   1              		.cpu cortex-m4
   2              		.arch armv7e-m
   3              		.fpu fpv4-sp-d16
   4              		.eabi_attribute 27, 1
   5              		.eabi_attribute 28, 1
   6              		.eabi_attribute 20, 1
   7              		.eabi_attribute 21, 1
   8              		.eabi_attribute 23, 3
   9              		.eabi_attribute 24, 1
  10              		.eabi_attribute 25, 1
  11              		.eabi_attribute 26, 1
  12              		.eabi_attribute 30, 1
  13              		.eabi_attribute 34, 1
  14              		.eabi_attribute 18, 4
  15              		.file	"tasks.c"
  16              		.text
  17              	.Ltext0:
  18              		.cfi_sections	.debug_frame
  19              		.file 1 "Middlewares/Third_Party/FreeRTOS/Source/tasks.c"
  20              		.section	.text.prvTaskIsTaskSuspended,"ax",%progbits
  21              		.align	1
  22              		.syntax unified
  23              		.thumb
  24              		.thumb_func
  26              	prvTaskIsTaskSuspended:
  27              	.LVL0:
  28              	.LFB16:
   1:Middlewares/Third_Party/FreeRTOS/Source/tasks.c **** /*
   2:Middlewares/Third_Party/FreeRTOS/Source/tasks.c ****  * FreeRTOS Kernel V10.0.1
   3:Middlewares/Third_Party/FreeRTOS/Source/tasks.c ****  * Copyright (C) 2017 Amazon.com, Inc. or its affiliates.  All Rights Reserved.
   4:Middlewares/Third_Party/FreeRTOS/Source/tasks.c ****  *
   5:Middlewares/Third_Party/FreeRTOS/Source/tasks.c ****  * Permission is hereby granted, free of charge, to any person obtaining a copy of
   6:Middlewares/Third_Party/FreeRTOS/Source/tasks.c ****  * this software and associated documentation files (the "Software"), to deal in
   7:Middlewares/Third_Party/FreeRTOS/Source/tasks.c ****  * the Software without restriction, including without limitation the rights to
   8:Middlewares/Third_Party/FreeRTOS/Source/tasks.c ****  * use, copy, modify, merge, publish, distribute, sublicense, and/or sell copies of
   9:Middlewares/Third_Party/FreeRTOS/Source/tasks.c ****  * the Software, and to permit persons to whom the Software is furnished to do so,
  10:Middlewares/Third_Party/FreeRTOS/Source/tasks.c ****  * subject to the following conditions:
  11:Middlewares/Third_Party/FreeRTOS/Source/tasks.c ****  *
  12:Middlewares/Third_Party/FreeRTOS/Source/tasks.c ****  * The above copyright notice and this permission notice shall be included in all
  13:Middlewares/Third_Party/FreeRTOS/Source/tasks.c ****  * copies or substantial portions of the Software.
  14:Middlewares/Third_Party/FreeRTOS/Source/tasks.c ****  *
  15:Middlewares/Third_Party/FreeRTOS/Source/tasks.c ****  * THE SOFTWARE IS PROVIDED "AS IS", WITHOUT WARRANTY OF ANY KIND, EXPRESS OR
  16:Middlewares/Third_Party/FreeRTOS/Source/tasks.c ****  * IMPLIED, INCLUDING BUT NOT LIMITED TO THE WARRANTIES OF MERCHANTABILITY, FITNESS
  17:Middlewares/Third_Party/FreeRTOS/Source/tasks.c ****  * FOR A PARTICULAR PURPOSE AND NONINFRINGEMENT. IN NO EVENT SHALL THE AUTHORS OR
  18:Middlewares/Third_Party/FreeRTOS/Source/tasks.c ****  * COPYRIGHT HOLDERS BE LIABLE FOR ANY CLAIM, DAMAGES OR OTHER LIABILITY, WHETHER
  19:Middlewares/Third_Party/FreeRTOS/Source/tasks.c ****  * IN AN ACTION OF CONTRACT, TORT OR OTHERWISE, ARISING FROM, OUT OF OR IN
  20:Middlewares/Third_Party/FreeRTOS/Source/tasks.c ****  * CONNECTION WITH THE SOFTWARE OR THE USE OR OTHER DEALINGS IN THE SOFTWARE.
  21:Middlewares/Third_Party/FreeRTOS/Source/tasks.c ****  *
  22:Middlewares/Third_Party/FreeRTOS/Source/tasks.c ****  * http://www.FreeRTOS.org
  23:Middlewares/Third_Party/FreeRTOS/Source/tasks.c ****  * http://aws.amazon.com/freertos
  24:Middlewares/Third_Party/FreeRTOS/Source/tasks.c ****  *
  25:Middlewares/Third_Party/FreeRTOS/Source/tasks.c ****  * 1 tab == 4 spaces!
  26:Middlewares/Third_Party/FreeRTOS/Source/tasks.c ****  */
  27:Middlewares/Third_Party/FreeRTOS/Source/tasks.c **** 
  28:Middlewares/Third_Party/FreeRTOS/Source/tasks.c **** /* Standard includes. */
  29:Middlewares/Third_Party/FreeRTOS/Source/tasks.c **** #include <stdlib.h>
  30:Middlewares/Third_Party/FreeRTOS/Source/tasks.c **** #include <string.h>
ARM GAS  C:\Users\31005\AppData\Local\Temp\ccNQ0Tdy.s 			page 2


  31:Middlewares/Third_Party/FreeRTOS/Source/tasks.c **** 
  32:Middlewares/Third_Party/FreeRTOS/Source/tasks.c **** /* Defining MPU_WRAPPERS_INCLUDED_FROM_API_FILE prevents task.h from redefining
  33:Middlewares/Third_Party/FreeRTOS/Source/tasks.c **** all the API functions to use the MPU wrappers.  That should only be done when
  34:Middlewares/Third_Party/FreeRTOS/Source/tasks.c **** task.h is included from an application file. */
  35:Middlewares/Third_Party/FreeRTOS/Source/tasks.c **** #define MPU_WRAPPERS_INCLUDED_FROM_API_FILE
  36:Middlewares/Third_Party/FreeRTOS/Source/tasks.c **** 
  37:Middlewares/Third_Party/FreeRTOS/Source/tasks.c **** /* FreeRTOS includes. */
  38:Middlewares/Third_Party/FreeRTOS/Source/tasks.c **** #include "FreeRTOS.h"
  39:Middlewares/Third_Party/FreeRTOS/Source/tasks.c **** #include "task.h"
  40:Middlewares/Third_Party/FreeRTOS/Source/tasks.c **** #include "timers.h"
  41:Middlewares/Third_Party/FreeRTOS/Source/tasks.c **** #include "stack_macros.h"
  42:Middlewares/Third_Party/FreeRTOS/Source/tasks.c **** 
  43:Middlewares/Third_Party/FreeRTOS/Source/tasks.c **** /* Lint e961 and e750 are suppressed as a MISRA exception justified because the
  44:Middlewares/Third_Party/FreeRTOS/Source/tasks.c **** MPU ports require MPU_WRAPPERS_INCLUDED_FROM_API_FILE to be defined for the
  45:Middlewares/Third_Party/FreeRTOS/Source/tasks.c **** header files above, but not in this file, in order to generate the correct
  46:Middlewares/Third_Party/FreeRTOS/Source/tasks.c **** privileged Vs unprivileged linkage and placement. */
  47:Middlewares/Third_Party/FreeRTOS/Source/tasks.c **** #undef MPU_WRAPPERS_INCLUDED_FROM_API_FILE /*lint !e961 !e750. */
  48:Middlewares/Third_Party/FreeRTOS/Source/tasks.c **** 
  49:Middlewares/Third_Party/FreeRTOS/Source/tasks.c **** /* Set configUSE_STATS_FORMATTING_FUNCTIONS to 2 to include the stats formatting
  50:Middlewares/Third_Party/FreeRTOS/Source/tasks.c **** functions but without including stdio.h here. */
  51:Middlewares/Third_Party/FreeRTOS/Source/tasks.c **** #if ( configUSE_STATS_FORMATTING_FUNCTIONS == 1 )
  52:Middlewares/Third_Party/FreeRTOS/Source/tasks.c **** 	/* At the bottom of this file are two optional functions that can be used
  53:Middlewares/Third_Party/FreeRTOS/Source/tasks.c **** 	to generate human readable text from the raw data generated by the
  54:Middlewares/Third_Party/FreeRTOS/Source/tasks.c **** 	uxTaskGetSystemState() function.  Note the formatting functions are provided
  55:Middlewares/Third_Party/FreeRTOS/Source/tasks.c **** 	for convenience only, and are NOT considered part of the kernel. */
  56:Middlewares/Third_Party/FreeRTOS/Source/tasks.c **** 	#include <stdio.h>
  57:Middlewares/Third_Party/FreeRTOS/Source/tasks.c **** #endif /* configUSE_STATS_FORMATTING_FUNCTIONS == 1 ) */
  58:Middlewares/Third_Party/FreeRTOS/Source/tasks.c **** 
  59:Middlewares/Third_Party/FreeRTOS/Source/tasks.c **** #if( configUSE_PREEMPTION == 0 )
  60:Middlewares/Third_Party/FreeRTOS/Source/tasks.c **** 	/* If the cooperative scheduler is being used then a yield should not be
  61:Middlewares/Third_Party/FreeRTOS/Source/tasks.c **** 	performed just because a higher priority task has been woken. */
  62:Middlewares/Third_Party/FreeRTOS/Source/tasks.c **** 	#define taskYIELD_IF_USING_PREEMPTION()
  63:Middlewares/Third_Party/FreeRTOS/Source/tasks.c **** #else
  64:Middlewares/Third_Party/FreeRTOS/Source/tasks.c **** 	#define taskYIELD_IF_USING_PREEMPTION() portYIELD_WITHIN_API()
  65:Middlewares/Third_Party/FreeRTOS/Source/tasks.c **** #endif
  66:Middlewares/Third_Party/FreeRTOS/Source/tasks.c **** 
  67:Middlewares/Third_Party/FreeRTOS/Source/tasks.c **** /* Values that can be assigned to the ucNotifyState member of the TCB. */
  68:Middlewares/Third_Party/FreeRTOS/Source/tasks.c **** #define taskNOT_WAITING_NOTIFICATION	( ( uint8_t ) 0 )
  69:Middlewares/Third_Party/FreeRTOS/Source/tasks.c **** #define taskWAITING_NOTIFICATION		( ( uint8_t ) 1 )
  70:Middlewares/Third_Party/FreeRTOS/Source/tasks.c **** #define taskNOTIFICATION_RECEIVED		( ( uint8_t ) 2 )
  71:Middlewares/Third_Party/FreeRTOS/Source/tasks.c **** 
  72:Middlewares/Third_Party/FreeRTOS/Source/tasks.c **** /*
  73:Middlewares/Third_Party/FreeRTOS/Source/tasks.c ****  * The value used to fill the stack of a task when the task is created.  This
  74:Middlewares/Third_Party/FreeRTOS/Source/tasks.c ****  * is used purely for checking the high water mark for tasks.
  75:Middlewares/Third_Party/FreeRTOS/Source/tasks.c ****  */
  76:Middlewares/Third_Party/FreeRTOS/Source/tasks.c **** #define tskSTACK_FILL_BYTE	( 0xa5U )
  77:Middlewares/Third_Party/FreeRTOS/Source/tasks.c **** 
  78:Middlewares/Third_Party/FreeRTOS/Source/tasks.c **** /* Sometimes the FreeRTOSConfig.h settings only allow a task to be created using
  79:Middlewares/Third_Party/FreeRTOS/Source/tasks.c **** dynamically allocated RAM, in which case when any task is deleted it is known
  80:Middlewares/Third_Party/FreeRTOS/Source/tasks.c **** that both the task's stack and TCB need to be freed.  Sometimes the
  81:Middlewares/Third_Party/FreeRTOS/Source/tasks.c **** FreeRTOSConfig.h settings only allow a task to be created using statically
  82:Middlewares/Third_Party/FreeRTOS/Source/tasks.c **** allocated RAM, in which case when any task is deleted it is known that neither
  83:Middlewares/Third_Party/FreeRTOS/Source/tasks.c **** the task's stack or TCB should be freed.  Sometimes the FreeRTOSConfig.h
  84:Middlewares/Third_Party/FreeRTOS/Source/tasks.c **** settings allow a task to be created using either statically or dynamically
  85:Middlewares/Third_Party/FreeRTOS/Source/tasks.c **** allocated RAM, in which case a member of the TCB is used to record whether the
  86:Middlewares/Third_Party/FreeRTOS/Source/tasks.c **** stack and/or TCB were allocated statically or dynamically, so when a task is
  87:Middlewares/Third_Party/FreeRTOS/Source/tasks.c **** deleted the RAM that was allocated dynamically is freed again and no attempt is
ARM GAS  C:\Users\31005\AppData\Local\Temp\ccNQ0Tdy.s 			page 3


  88:Middlewares/Third_Party/FreeRTOS/Source/tasks.c **** made to free the RAM that was allocated statically.
  89:Middlewares/Third_Party/FreeRTOS/Source/tasks.c **** tskSTATIC_AND_DYNAMIC_ALLOCATION_POSSIBLE is only true if it is possible for a
  90:Middlewares/Third_Party/FreeRTOS/Source/tasks.c **** task to be created using either statically or dynamically allocated RAM.  Note
  91:Middlewares/Third_Party/FreeRTOS/Source/tasks.c **** that if portUSING_MPU_WRAPPERS is 1 then a protected task can be created with
  92:Middlewares/Third_Party/FreeRTOS/Source/tasks.c **** a statically allocated stack and a dynamically allocated TCB.
  93:Middlewares/Third_Party/FreeRTOS/Source/tasks.c **** !!!NOTE!!! If the definition of tskSTATIC_AND_DYNAMIC_ALLOCATION_POSSIBLE is
  94:Middlewares/Third_Party/FreeRTOS/Source/tasks.c **** changed then the definition of StaticTask_t must also be updated. */
  95:Middlewares/Third_Party/FreeRTOS/Source/tasks.c **** #define tskSTATIC_AND_DYNAMIC_ALLOCATION_POSSIBLE	( ( configSUPPORT_STATIC_ALLOCATION == 1 ) && ( c
  96:Middlewares/Third_Party/FreeRTOS/Source/tasks.c **** #define tskDYNAMICALLY_ALLOCATED_STACK_AND_TCB 		( ( uint8_t ) 0 )
  97:Middlewares/Third_Party/FreeRTOS/Source/tasks.c **** #define tskSTATICALLY_ALLOCATED_STACK_ONLY 			( ( uint8_t ) 1 )
  98:Middlewares/Third_Party/FreeRTOS/Source/tasks.c **** #define tskSTATICALLY_ALLOCATED_STACK_AND_TCB		( ( uint8_t ) 2 )
  99:Middlewares/Third_Party/FreeRTOS/Source/tasks.c **** 
 100:Middlewares/Third_Party/FreeRTOS/Source/tasks.c **** /* If any of the following are set then task stacks are filled with a known
 101:Middlewares/Third_Party/FreeRTOS/Source/tasks.c **** value so the high water mark can be determined.  If none of the following are
 102:Middlewares/Third_Party/FreeRTOS/Source/tasks.c **** set then don't fill the stack so there is no unnecessary dependency on memset. */
 103:Middlewares/Third_Party/FreeRTOS/Source/tasks.c **** #if( ( configCHECK_FOR_STACK_OVERFLOW > 1 ) || ( configUSE_TRACE_FACILITY == 1 ) || ( INCLUDE_uxTas
 104:Middlewares/Third_Party/FreeRTOS/Source/tasks.c **** 	#define tskSET_NEW_STACKS_TO_KNOWN_VALUE	1
 105:Middlewares/Third_Party/FreeRTOS/Source/tasks.c **** #else
 106:Middlewares/Third_Party/FreeRTOS/Source/tasks.c **** 	#define tskSET_NEW_STACKS_TO_KNOWN_VALUE	0
 107:Middlewares/Third_Party/FreeRTOS/Source/tasks.c **** #endif
 108:Middlewares/Third_Party/FreeRTOS/Source/tasks.c **** 
 109:Middlewares/Third_Party/FreeRTOS/Source/tasks.c **** /*
 110:Middlewares/Third_Party/FreeRTOS/Source/tasks.c ****  * Macros used by vListTask to indicate which state a task is in.
 111:Middlewares/Third_Party/FreeRTOS/Source/tasks.c ****  */
 112:Middlewares/Third_Party/FreeRTOS/Source/tasks.c **** #define tskRUNNING_CHAR		( 'X' )
 113:Middlewares/Third_Party/FreeRTOS/Source/tasks.c **** #define tskBLOCKED_CHAR		( 'B' )
 114:Middlewares/Third_Party/FreeRTOS/Source/tasks.c **** #define tskREADY_CHAR		( 'R' )
 115:Middlewares/Third_Party/FreeRTOS/Source/tasks.c **** #define tskDELETED_CHAR		( 'D' )
 116:Middlewares/Third_Party/FreeRTOS/Source/tasks.c **** #define tskSUSPENDED_CHAR	( 'S' )
 117:Middlewares/Third_Party/FreeRTOS/Source/tasks.c **** 
 118:Middlewares/Third_Party/FreeRTOS/Source/tasks.c **** /*
 119:Middlewares/Third_Party/FreeRTOS/Source/tasks.c ****  * Some kernel aware debuggers require the data the debugger needs access to be
 120:Middlewares/Third_Party/FreeRTOS/Source/tasks.c ****  * global, rather than file scope.
 121:Middlewares/Third_Party/FreeRTOS/Source/tasks.c ****  */
 122:Middlewares/Third_Party/FreeRTOS/Source/tasks.c **** #ifdef portREMOVE_STATIC_QUALIFIER
 123:Middlewares/Third_Party/FreeRTOS/Source/tasks.c **** 	#define static
 124:Middlewares/Third_Party/FreeRTOS/Source/tasks.c **** #endif
 125:Middlewares/Third_Party/FreeRTOS/Source/tasks.c **** 
 126:Middlewares/Third_Party/FreeRTOS/Source/tasks.c **** /* The name allocated to the Idle task.  This can be overridden by defining
 127:Middlewares/Third_Party/FreeRTOS/Source/tasks.c **** configIDLE_TASK_NAME in FreeRTOSConfig.h. */
 128:Middlewares/Third_Party/FreeRTOS/Source/tasks.c **** #ifndef configIDLE_TASK_NAME
 129:Middlewares/Third_Party/FreeRTOS/Source/tasks.c **** 	#define configIDLE_TASK_NAME "IDLE"
 130:Middlewares/Third_Party/FreeRTOS/Source/tasks.c **** #endif
 131:Middlewares/Third_Party/FreeRTOS/Source/tasks.c **** 
 132:Middlewares/Third_Party/FreeRTOS/Source/tasks.c **** #if ( configUSE_PORT_OPTIMISED_TASK_SELECTION == 0 )
 133:Middlewares/Third_Party/FreeRTOS/Source/tasks.c **** 
 134:Middlewares/Third_Party/FreeRTOS/Source/tasks.c **** 	/* If configUSE_PORT_OPTIMISED_TASK_SELECTION is 0 then task selection is
 135:Middlewares/Third_Party/FreeRTOS/Source/tasks.c **** 	performed in a generic way that is not optimised to any particular
 136:Middlewares/Third_Party/FreeRTOS/Source/tasks.c **** 	microcontroller architecture. */
 137:Middlewares/Third_Party/FreeRTOS/Source/tasks.c **** 
 138:Middlewares/Third_Party/FreeRTOS/Source/tasks.c **** 	/* uxTopReadyPriority holds the priority of the highest priority ready
 139:Middlewares/Third_Party/FreeRTOS/Source/tasks.c **** 	state task. */
 140:Middlewares/Third_Party/FreeRTOS/Source/tasks.c **** 	#define taskRECORD_READY_PRIORITY( uxPriority )														\
 141:Middlewares/Third_Party/FreeRTOS/Source/tasks.c **** 	{																									\
 142:Middlewares/Third_Party/FreeRTOS/Source/tasks.c **** 		if( ( uxPriority ) > uxTopReadyPriority )														\
 143:Middlewares/Third_Party/FreeRTOS/Source/tasks.c **** 		{																								\
 144:Middlewares/Third_Party/FreeRTOS/Source/tasks.c **** 			uxTopReadyPriority = ( uxPriority );														\
ARM GAS  C:\Users\31005\AppData\Local\Temp\ccNQ0Tdy.s 			page 4


 145:Middlewares/Third_Party/FreeRTOS/Source/tasks.c **** 		}																								\
 146:Middlewares/Third_Party/FreeRTOS/Source/tasks.c **** 	} /* taskRECORD_READY_PRIORITY */
 147:Middlewares/Third_Party/FreeRTOS/Source/tasks.c **** 
 148:Middlewares/Third_Party/FreeRTOS/Source/tasks.c **** 	/*-----------------------------------------------------------*/
 149:Middlewares/Third_Party/FreeRTOS/Source/tasks.c **** 
 150:Middlewares/Third_Party/FreeRTOS/Source/tasks.c **** 	#define taskSELECT_HIGHEST_PRIORITY_TASK()															\
 151:Middlewares/Third_Party/FreeRTOS/Source/tasks.c **** 	{																									\
 152:Middlewares/Third_Party/FreeRTOS/Source/tasks.c **** 	UBaseType_t uxTopPriority = uxTopReadyPriority;														\
 153:Middlewares/Third_Party/FreeRTOS/Source/tasks.c **** 																										\
 154:Middlewares/Third_Party/FreeRTOS/Source/tasks.c **** 		/* Find the highest priority queue that contains ready tasks. */								\
 155:Middlewares/Third_Party/FreeRTOS/Source/tasks.c **** 		while( listLIST_IS_EMPTY( &( pxReadyTasksLists[ uxTopPriority ] ) ) )							\
 156:Middlewares/Third_Party/FreeRTOS/Source/tasks.c **** 		{																								\
 157:Middlewares/Third_Party/FreeRTOS/Source/tasks.c **** 			configASSERT( uxTopPriority );																\
 158:Middlewares/Third_Party/FreeRTOS/Source/tasks.c **** 			--uxTopPriority;																			\
 159:Middlewares/Third_Party/FreeRTOS/Source/tasks.c **** 		}																								\
 160:Middlewares/Third_Party/FreeRTOS/Source/tasks.c **** 																										\
 161:Middlewares/Third_Party/FreeRTOS/Source/tasks.c **** 		/* listGET_OWNER_OF_NEXT_ENTRY indexes through the list, so the tasks of						\
 162:Middlewares/Third_Party/FreeRTOS/Source/tasks.c **** 		the	same priority get an equal share of the processor time. */									\
 163:Middlewares/Third_Party/FreeRTOS/Source/tasks.c **** 		listGET_OWNER_OF_NEXT_ENTRY( pxCurrentTCB, &( pxReadyTasksLists[ uxTopPriority ] ) );			\
 164:Middlewares/Third_Party/FreeRTOS/Source/tasks.c **** 		uxTopReadyPriority = uxTopPriority;																\
 165:Middlewares/Third_Party/FreeRTOS/Source/tasks.c **** 	} /* taskSELECT_HIGHEST_PRIORITY_TASK */
 166:Middlewares/Third_Party/FreeRTOS/Source/tasks.c **** 
 167:Middlewares/Third_Party/FreeRTOS/Source/tasks.c **** 	/*-----------------------------------------------------------*/
 168:Middlewares/Third_Party/FreeRTOS/Source/tasks.c **** 
 169:Middlewares/Third_Party/FreeRTOS/Source/tasks.c **** 	/* Define away taskRESET_READY_PRIORITY() and portRESET_READY_PRIORITY() as
 170:Middlewares/Third_Party/FreeRTOS/Source/tasks.c **** 	they are only required when a port optimised method of task selection is
 171:Middlewares/Third_Party/FreeRTOS/Source/tasks.c **** 	being used. */
 172:Middlewares/Third_Party/FreeRTOS/Source/tasks.c **** 	#define taskRESET_READY_PRIORITY( uxPriority )
 173:Middlewares/Third_Party/FreeRTOS/Source/tasks.c **** 	#define portRESET_READY_PRIORITY( uxPriority, uxTopReadyPriority )
 174:Middlewares/Third_Party/FreeRTOS/Source/tasks.c **** 
 175:Middlewares/Third_Party/FreeRTOS/Source/tasks.c **** #else /* configUSE_PORT_OPTIMISED_TASK_SELECTION */
 176:Middlewares/Third_Party/FreeRTOS/Source/tasks.c **** 
 177:Middlewares/Third_Party/FreeRTOS/Source/tasks.c **** 	/* If configUSE_PORT_OPTIMISED_TASK_SELECTION is 1 then task selection is
 178:Middlewares/Third_Party/FreeRTOS/Source/tasks.c **** 	performed in a way that is tailored to the particular microcontroller
 179:Middlewares/Third_Party/FreeRTOS/Source/tasks.c **** 	architecture being used. */
 180:Middlewares/Third_Party/FreeRTOS/Source/tasks.c **** 
 181:Middlewares/Third_Party/FreeRTOS/Source/tasks.c **** 	/* A port optimised version is provided.  Call the port defined macros. */
 182:Middlewares/Third_Party/FreeRTOS/Source/tasks.c **** 	#define taskRECORD_READY_PRIORITY( uxPriority )	portRECORD_READY_PRIORITY( uxPriority, uxTopReadyP
 183:Middlewares/Third_Party/FreeRTOS/Source/tasks.c **** 
 184:Middlewares/Third_Party/FreeRTOS/Source/tasks.c **** 	/*-----------------------------------------------------------*/
 185:Middlewares/Third_Party/FreeRTOS/Source/tasks.c **** 
 186:Middlewares/Third_Party/FreeRTOS/Source/tasks.c **** 	#define taskSELECT_HIGHEST_PRIORITY_TASK()														\
 187:Middlewares/Third_Party/FreeRTOS/Source/tasks.c **** 	{																								\
 188:Middlewares/Third_Party/FreeRTOS/Source/tasks.c **** 	UBaseType_t uxTopPriority;																		\
 189:Middlewares/Third_Party/FreeRTOS/Source/tasks.c **** 																									\
 190:Middlewares/Third_Party/FreeRTOS/Source/tasks.c **** 		/* Find the highest priority list that contains ready tasks. */								\
 191:Middlewares/Third_Party/FreeRTOS/Source/tasks.c **** 		portGET_HIGHEST_PRIORITY( uxTopPriority, uxTopReadyPriority );								\
 192:Middlewares/Third_Party/FreeRTOS/Source/tasks.c **** 		configASSERT( listCURRENT_LIST_LENGTH( &( pxReadyTasksLists[ uxTopPriority ] ) ) > 0 );		\
 193:Middlewares/Third_Party/FreeRTOS/Source/tasks.c **** 		listGET_OWNER_OF_NEXT_ENTRY( pxCurrentTCB, &( pxReadyTasksLists[ uxTopPriority ] ) );		\
 194:Middlewares/Third_Party/FreeRTOS/Source/tasks.c **** 	} /* taskSELECT_HIGHEST_PRIORITY_TASK() */
 195:Middlewares/Third_Party/FreeRTOS/Source/tasks.c **** 
 196:Middlewares/Third_Party/FreeRTOS/Source/tasks.c **** 	/*-----------------------------------------------------------*/
 197:Middlewares/Third_Party/FreeRTOS/Source/tasks.c **** 
 198:Middlewares/Third_Party/FreeRTOS/Source/tasks.c **** 	/* A port optimised version is provided, call it only if the TCB being reset
 199:Middlewares/Third_Party/FreeRTOS/Source/tasks.c **** 	is being referenced from a ready list.  If it is referenced from a delayed
 200:Middlewares/Third_Party/FreeRTOS/Source/tasks.c **** 	or suspended list then it won't be in a ready list. */
 201:Middlewares/Third_Party/FreeRTOS/Source/tasks.c **** 	#define taskRESET_READY_PRIORITY( uxPriority )														\
ARM GAS  C:\Users\31005\AppData\Local\Temp\ccNQ0Tdy.s 			page 5


 202:Middlewares/Third_Party/FreeRTOS/Source/tasks.c **** 	{																									\
 203:Middlewares/Third_Party/FreeRTOS/Source/tasks.c **** 		if( listCURRENT_LIST_LENGTH( &( pxReadyTasksLists[ ( uxPriority ) ] ) ) == ( UBaseType_t ) 0 )	\
 204:Middlewares/Third_Party/FreeRTOS/Source/tasks.c **** 		{																								\
 205:Middlewares/Third_Party/FreeRTOS/Source/tasks.c **** 			portRESET_READY_PRIORITY( ( uxPriority ), ( uxTopReadyPriority ) );							\
 206:Middlewares/Third_Party/FreeRTOS/Source/tasks.c **** 		}																								\
 207:Middlewares/Third_Party/FreeRTOS/Source/tasks.c **** 	}
 208:Middlewares/Third_Party/FreeRTOS/Source/tasks.c **** 
 209:Middlewares/Third_Party/FreeRTOS/Source/tasks.c **** #endif /* configUSE_PORT_OPTIMISED_TASK_SELECTION */
 210:Middlewares/Third_Party/FreeRTOS/Source/tasks.c **** 
 211:Middlewares/Third_Party/FreeRTOS/Source/tasks.c **** /*-----------------------------------------------------------*/
 212:Middlewares/Third_Party/FreeRTOS/Source/tasks.c **** 
 213:Middlewares/Third_Party/FreeRTOS/Source/tasks.c **** /* pxDelayedTaskList and pxOverflowDelayedTaskList are switched when the tick
 214:Middlewares/Third_Party/FreeRTOS/Source/tasks.c **** count overflows. */
 215:Middlewares/Third_Party/FreeRTOS/Source/tasks.c **** #define taskSWITCH_DELAYED_LISTS()																	\
 216:Middlewares/Third_Party/FreeRTOS/Source/tasks.c **** {																									\
 217:Middlewares/Third_Party/FreeRTOS/Source/tasks.c **** 	List_t *pxTemp;																					\
 218:Middlewares/Third_Party/FreeRTOS/Source/tasks.c **** 																									\
 219:Middlewares/Third_Party/FreeRTOS/Source/tasks.c **** 	/* The delayed tasks list should be empty when the lists are switched. */						\
 220:Middlewares/Third_Party/FreeRTOS/Source/tasks.c **** 	configASSERT( ( listLIST_IS_EMPTY( pxDelayedTaskList ) ) );										\
 221:Middlewares/Third_Party/FreeRTOS/Source/tasks.c **** 																									\
 222:Middlewares/Third_Party/FreeRTOS/Source/tasks.c **** 	pxTemp = pxDelayedTaskList;																		\
 223:Middlewares/Third_Party/FreeRTOS/Source/tasks.c **** 	pxDelayedTaskList = pxOverflowDelayedTaskList;													\
 224:Middlewares/Third_Party/FreeRTOS/Source/tasks.c **** 	pxOverflowDelayedTaskList = pxTemp;																\
 225:Middlewares/Third_Party/FreeRTOS/Source/tasks.c **** 	xNumOfOverflows++;																				\
 226:Middlewares/Third_Party/FreeRTOS/Source/tasks.c **** 	prvResetNextTaskUnblockTime();																	\
 227:Middlewares/Third_Party/FreeRTOS/Source/tasks.c **** }
 228:Middlewares/Third_Party/FreeRTOS/Source/tasks.c **** 
 229:Middlewares/Third_Party/FreeRTOS/Source/tasks.c **** /*-----------------------------------------------------------*/
 230:Middlewares/Third_Party/FreeRTOS/Source/tasks.c **** 
 231:Middlewares/Third_Party/FreeRTOS/Source/tasks.c **** /*
 232:Middlewares/Third_Party/FreeRTOS/Source/tasks.c ****  * Place the task represented by pxTCB into the appropriate ready list for
 233:Middlewares/Third_Party/FreeRTOS/Source/tasks.c ****  * the task.  It is inserted at the end of the list.
 234:Middlewares/Third_Party/FreeRTOS/Source/tasks.c ****  */
 235:Middlewares/Third_Party/FreeRTOS/Source/tasks.c **** #define prvAddTaskToReadyList( pxTCB )																\
 236:Middlewares/Third_Party/FreeRTOS/Source/tasks.c **** 	traceMOVED_TASK_TO_READY_STATE( pxTCB );														\
 237:Middlewares/Third_Party/FreeRTOS/Source/tasks.c **** 	taskRECORD_READY_PRIORITY( ( pxTCB )->uxPriority );												\
 238:Middlewares/Third_Party/FreeRTOS/Source/tasks.c **** 	vListInsertEnd( &( pxReadyTasksLists[ ( pxTCB )->uxPriority ] ), &( ( pxTCB )->xStateListItem ) );
 239:Middlewares/Third_Party/FreeRTOS/Source/tasks.c **** 	tracePOST_MOVED_TASK_TO_READY_STATE( pxTCB )
 240:Middlewares/Third_Party/FreeRTOS/Source/tasks.c **** /*-----------------------------------------------------------*/
 241:Middlewares/Third_Party/FreeRTOS/Source/tasks.c **** 
 242:Middlewares/Third_Party/FreeRTOS/Source/tasks.c **** /*
 243:Middlewares/Third_Party/FreeRTOS/Source/tasks.c ****  * Several functions take an TaskHandle_t parameter that can optionally be NULL,
 244:Middlewares/Third_Party/FreeRTOS/Source/tasks.c ****  * where NULL is used to indicate that the handle of the currently executing
 245:Middlewares/Third_Party/FreeRTOS/Source/tasks.c ****  * task should be used in place of the parameter.  This macro simply checks to
 246:Middlewares/Third_Party/FreeRTOS/Source/tasks.c ****  * see if the parameter is NULL and returns a pointer to the appropriate TCB.
 247:Middlewares/Third_Party/FreeRTOS/Source/tasks.c ****  */
 248:Middlewares/Third_Party/FreeRTOS/Source/tasks.c **** #define prvGetTCBFromHandle( pxHandle ) ( ( ( pxHandle ) == NULL ) ? ( TCB_t * ) pxCurrentTCB : ( T
 249:Middlewares/Third_Party/FreeRTOS/Source/tasks.c **** 
 250:Middlewares/Third_Party/FreeRTOS/Source/tasks.c **** /* The item value of the event list item is normally used to hold the priority
 251:Middlewares/Third_Party/FreeRTOS/Source/tasks.c **** of the task to which it belongs (coded to allow it to be held in reverse
 252:Middlewares/Third_Party/FreeRTOS/Source/tasks.c **** priority order).  However, it is occasionally borrowed for other purposes.  It
 253:Middlewares/Third_Party/FreeRTOS/Source/tasks.c **** is important its value is not updated due to a task priority change while it is
 254:Middlewares/Third_Party/FreeRTOS/Source/tasks.c **** being used for another purpose.  The following bit definition is used to inform
 255:Middlewares/Third_Party/FreeRTOS/Source/tasks.c **** the scheduler that the value should not be changed - in which case it is the
 256:Middlewares/Third_Party/FreeRTOS/Source/tasks.c **** responsibility of whichever module is using the value to ensure it gets set back
 257:Middlewares/Third_Party/FreeRTOS/Source/tasks.c **** to its original value when it is released. */
 258:Middlewares/Third_Party/FreeRTOS/Source/tasks.c **** #if( configUSE_16_BIT_TICKS == 1 )
ARM GAS  C:\Users\31005\AppData\Local\Temp\ccNQ0Tdy.s 			page 6


 259:Middlewares/Third_Party/FreeRTOS/Source/tasks.c **** 	#define taskEVENT_LIST_ITEM_VALUE_IN_USE	0x8000U
 260:Middlewares/Third_Party/FreeRTOS/Source/tasks.c **** #else
 261:Middlewares/Third_Party/FreeRTOS/Source/tasks.c **** 	#define taskEVENT_LIST_ITEM_VALUE_IN_USE	0x80000000UL
 262:Middlewares/Third_Party/FreeRTOS/Source/tasks.c **** #endif
 263:Middlewares/Third_Party/FreeRTOS/Source/tasks.c **** 
 264:Middlewares/Third_Party/FreeRTOS/Source/tasks.c **** /*
 265:Middlewares/Third_Party/FreeRTOS/Source/tasks.c ****  * Task control block.  A task control block (TCB) is allocated for each task,
 266:Middlewares/Third_Party/FreeRTOS/Source/tasks.c ****  * and stores task state information, including a pointer to the task's context
 267:Middlewares/Third_Party/FreeRTOS/Source/tasks.c ****  * (the task's run time environment, including register values)
 268:Middlewares/Third_Party/FreeRTOS/Source/tasks.c ****  */
 269:Middlewares/Third_Party/FreeRTOS/Source/tasks.c **** typedef struct tskTaskControlBlock
 270:Middlewares/Third_Party/FreeRTOS/Source/tasks.c **** {
 271:Middlewares/Third_Party/FreeRTOS/Source/tasks.c **** 	volatile StackType_t	*pxTopOfStack;	/*< Points to the location of the last item placed on the task
 272:Middlewares/Third_Party/FreeRTOS/Source/tasks.c **** 
 273:Middlewares/Third_Party/FreeRTOS/Source/tasks.c **** 	#if ( portUSING_MPU_WRAPPERS == 1 )
 274:Middlewares/Third_Party/FreeRTOS/Source/tasks.c **** 		xMPU_SETTINGS	xMPUSettings;		/*< The MPU settings are defined as part of the port layer.  THIS MU
 275:Middlewares/Third_Party/FreeRTOS/Source/tasks.c **** 	#endif
 276:Middlewares/Third_Party/FreeRTOS/Source/tasks.c **** 
 277:Middlewares/Third_Party/FreeRTOS/Source/tasks.c **** 	ListItem_t			xStateListItem;	/*< The list that the state list item of a task is reference from den
 278:Middlewares/Third_Party/FreeRTOS/Source/tasks.c **** 	ListItem_t			xEventListItem;		/*< Used to reference a task from an event list. */
 279:Middlewares/Third_Party/FreeRTOS/Source/tasks.c **** 	UBaseType_t			uxPriority;			/*< The priority of the task.  0 is the lowest priority. */
 280:Middlewares/Third_Party/FreeRTOS/Source/tasks.c **** 	StackType_t			*pxStack;			/*< Points to the start of the stack. */
 281:Middlewares/Third_Party/FreeRTOS/Source/tasks.c **** 	char				pcTaskName[ configMAX_TASK_NAME_LEN ];/*< Descriptive name given to the task when created.
 282:Middlewares/Third_Party/FreeRTOS/Source/tasks.c **** 
 283:Middlewares/Third_Party/FreeRTOS/Source/tasks.c **** 	#if ( ( portSTACK_GROWTH > 0 ) || ( configRECORD_STACK_HIGH_ADDRESS == 1 ) )
 284:Middlewares/Third_Party/FreeRTOS/Source/tasks.c **** 		StackType_t		*pxEndOfStack;		/*< Points to the highest valid address for the stack. */
 285:Middlewares/Third_Party/FreeRTOS/Source/tasks.c **** 	#endif
 286:Middlewares/Third_Party/FreeRTOS/Source/tasks.c **** 
 287:Middlewares/Third_Party/FreeRTOS/Source/tasks.c **** 	#if ( portCRITICAL_NESTING_IN_TCB == 1 )
 288:Middlewares/Third_Party/FreeRTOS/Source/tasks.c **** 		UBaseType_t		uxCriticalNesting;	/*< Holds the critical section nesting depth for ports that do no
 289:Middlewares/Third_Party/FreeRTOS/Source/tasks.c **** 	#endif
 290:Middlewares/Third_Party/FreeRTOS/Source/tasks.c **** 
 291:Middlewares/Third_Party/FreeRTOS/Source/tasks.c **** 	#if ( configUSE_TRACE_FACILITY == 1 )
 292:Middlewares/Third_Party/FreeRTOS/Source/tasks.c **** 		UBaseType_t		uxTCBNumber;		/*< Stores a number that increments each time a TCB is created.  It al
 293:Middlewares/Third_Party/FreeRTOS/Source/tasks.c **** 		UBaseType_t		uxTaskNumber;		/*< Stores a number specifically for use by third party trace code. *
 294:Middlewares/Third_Party/FreeRTOS/Source/tasks.c **** 	#endif
 295:Middlewares/Third_Party/FreeRTOS/Source/tasks.c **** 
 296:Middlewares/Third_Party/FreeRTOS/Source/tasks.c **** 	#if ( configUSE_MUTEXES == 1 )
 297:Middlewares/Third_Party/FreeRTOS/Source/tasks.c **** 		UBaseType_t		uxBasePriority;		/*< The priority last assigned to the task - used by the priority i
 298:Middlewares/Third_Party/FreeRTOS/Source/tasks.c **** 		UBaseType_t		uxMutexesHeld;
 299:Middlewares/Third_Party/FreeRTOS/Source/tasks.c **** 	#endif
 300:Middlewares/Third_Party/FreeRTOS/Source/tasks.c **** 
 301:Middlewares/Third_Party/FreeRTOS/Source/tasks.c **** 	#if ( configUSE_APPLICATION_TASK_TAG == 1 )
 302:Middlewares/Third_Party/FreeRTOS/Source/tasks.c **** 		TaskHookFunction_t pxTaskTag;
 303:Middlewares/Third_Party/FreeRTOS/Source/tasks.c **** 	#endif
 304:Middlewares/Third_Party/FreeRTOS/Source/tasks.c **** 
 305:Middlewares/Third_Party/FreeRTOS/Source/tasks.c **** 	#if( configNUM_THREAD_LOCAL_STORAGE_POINTERS > 0 )
 306:Middlewares/Third_Party/FreeRTOS/Source/tasks.c **** 		void			*pvThreadLocalStoragePointers[ configNUM_THREAD_LOCAL_STORAGE_POINTERS ];
 307:Middlewares/Third_Party/FreeRTOS/Source/tasks.c **** 	#endif
 308:Middlewares/Third_Party/FreeRTOS/Source/tasks.c **** 
 309:Middlewares/Third_Party/FreeRTOS/Source/tasks.c **** 	#if( configGENERATE_RUN_TIME_STATS == 1 )
 310:Middlewares/Third_Party/FreeRTOS/Source/tasks.c **** 		uint32_t		ulRunTimeCounter;	/*< Stores the amount of time the task has spent in the Running state
 311:Middlewares/Third_Party/FreeRTOS/Source/tasks.c **** 	#endif
 312:Middlewares/Third_Party/FreeRTOS/Source/tasks.c **** 
 313:Middlewares/Third_Party/FreeRTOS/Source/tasks.c **** 	#if ( configUSE_NEWLIB_REENTRANT == 1 )
 314:Middlewares/Third_Party/FreeRTOS/Source/tasks.c **** 		/* Allocate a Newlib reent structure that is specific to this task.
 315:Middlewares/Third_Party/FreeRTOS/Source/tasks.c **** 		Note Newlib support has been included by popular demand, but is not
ARM GAS  C:\Users\31005\AppData\Local\Temp\ccNQ0Tdy.s 			page 7


 316:Middlewares/Third_Party/FreeRTOS/Source/tasks.c **** 		used by the FreeRTOS maintainers themselves.  FreeRTOS is not
 317:Middlewares/Third_Party/FreeRTOS/Source/tasks.c **** 		responsible for resulting newlib operation.  User must be familiar with
 318:Middlewares/Third_Party/FreeRTOS/Source/tasks.c **** 		newlib and must provide system-wide implementations of the necessary
 319:Middlewares/Third_Party/FreeRTOS/Source/tasks.c **** 		stubs. Be warned that (at the time of writing) the current newlib design
 320:Middlewares/Third_Party/FreeRTOS/Source/tasks.c **** 		implements a system-wide malloc() that must be provided with locks. */
 321:Middlewares/Third_Party/FreeRTOS/Source/tasks.c **** 		struct	_reent xNewLib_reent;
 322:Middlewares/Third_Party/FreeRTOS/Source/tasks.c **** 	#endif
 323:Middlewares/Third_Party/FreeRTOS/Source/tasks.c **** 
 324:Middlewares/Third_Party/FreeRTOS/Source/tasks.c **** 	#if( configUSE_TASK_NOTIFICATIONS == 1 )
 325:Middlewares/Third_Party/FreeRTOS/Source/tasks.c **** 		volatile uint32_t ulNotifiedValue;
 326:Middlewares/Third_Party/FreeRTOS/Source/tasks.c **** 		volatile uint8_t ucNotifyState;
 327:Middlewares/Third_Party/FreeRTOS/Source/tasks.c **** 	#endif
 328:Middlewares/Third_Party/FreeRTOS/Source/tasks.c **** 
 329:Middlewares/Third_Party/FreeRTOS/Source/tasks.c **** 	/* See the comments above the definition of
 330:Middlewares/Third_Party/FreeRTOS/Source/tasks.c **** 	tskSTATIC_AND_DYNAMIC_ALLOCATION_POSSIBLE. */
 331:Middlewares/Third_Party/FreeRTOS/Source/tasks.c **** 	#if( tskSTATIC_AND_DYNAMIC_ALLOCATION_POSSIBLE != 0 ) /*lint !e731 Macro has been consolidated for
 332:Middlewares/Third_Party/FreeRTOS/Source/tasks.c **** 		uint8_t	ucStaticallyAllocated; 		/*< Set to pdTRUE if the task is a statically allocated to ensur
 333:Middlewares/Third_Party/FreeRTOS/Source/tasks.c **** 	#endif
 334:Middlewares/Third_Party/FreeRTOS/Source/tasks.c **** 
 335:Middlewares/Third_Party/FreeRTOS/Source/tasks.c **** 	#if( INCLUDE_xTaskAbortDelay == 1 )
 336:Middlewares/Third_Party/FreeRTOS/Source/tasks.c **** 		uint8_t ucDelayAborted;
 337:Middlewares/Third_Party/FreeRTOS/Source/tasks.c **** 	#endif
 338:Middlewares/Third_Party/FreeRTOS/Source/tasks.c **** 
 339:Middlewares/Third_Party/FreeRTOS/Source/tasks.c **** } tskTCB;
 340:Middlewares/Third_Party/FreeRTOS/Source/tasks.c **** 
 341:Middlewares/Third_Party/FreeRTOS/Source/tasks.c **** /* The old tskTCB name is maintained above then typedefed to the new TCB_t name
 342:Middlewares/Third_Party/FreeRTOS/Source/tasks.c **** below to enable the use of older kernel aware debuggers. */
 343:Middlewares/Third_Party/FreeRTOS/Source/tasks.c **** typedef tskTCB TCB_t;
 344:Middlewares/Third_Party/FreeRTOS/Source/tasks.c **** 
 345:Middlewares/Third_Party/FreeRTOS/Source/tasks.c **** /*lint -save -e956 A manual analysis and inspection has been used to determine
 346:Middlewares/Third_Party/FreeRTOS/Source/tasks.c **** which static variables must be declared volatile. */
 347:Middlewares/Third_Party/FreeRTOS/Source/tasks.c **** 
 348:Middlewares/Third_Party/FreeRTOS/Source/tasks.c **** PRIVILEGED_DATA TCB_t * volatile pxCurrentTCB = NULL;
 349:Middlewares/Third_Party/FreeRTOS/Source/tasks.c **** 
 350:Middlewares/Third_Party/FreeRTOS/Source/tasks.c **** /* Lists for ready and blocked tasks. --------------------*/
 351:Middlewares/Third_Party/FreeRTOS/Source/tasks.c **** PRIVILEGED_DATA static List_t pxReadyTasksLists[ configMAX_PRIORITIES ] = {0};	/*< Prioritised read
 352:Middlewares/Third_Party/FreeRTOS/Source/tasks.c **** PRIVILEGED_DATA static List_t xDelayedTaskList1 = {0};								/*< Delayed tasks. */
 353:Middlewares/Third_Party/FreeRTOS/Source/tasks.c **** PRIVILEGED_DATA static List_t xDelayedTaskList2 = {0};								/*< Delayed tasks (two lists are used
 354:Middlewares/Third_Party/FreeRTOS/Source/tasks.c **** PRIVILEGED_DATA static List_t * volatile pxDelayedTaskList = NULL;					/*< Points to the delayed ta
 355:Middlewares/Third_Party/FreeRTOS/Source/tasks.c **** PRIVILEGED_DATA static List_t * volatile pxOverflowDelayedTaskList = NULL;			/*< Points to the dela
 356:Middlewares/Third_Party/FreeRTOS/Source/tasks.c **** PRIVILEGED_DATA static List_t xPendingReadyList = {0};								/*< Tasks that have been readied whil
 357:Middlewares/Third_Party/FreeRTOS/Source/tasks.c **** 
 358:Middlewares/Third_Party/FreeRTOS/Source/tasks.c **** #if( INCLUDE_vTaskDelete == 1 )
 359:Middlewares/Third_Party/FreeRTOS/Source/tasks.c **** 
 360:Middlewares/Third_Party/FreeRTOS/Source/tasks.c **** 	PRIVILEGED_DATA static List_t xTasksWaitingTermination = {0};					/*< Tasks that have been deleted
 361:Middlewares/Third_Party/FreeRTOS/Source/tasks.c **** 	PRIVILEGED_DATA static volatile UBaseType_t uxDeletedTasksWaitingCleanUp = ( UBaseType_t ) 0U;
 362:Middlewares/Third_Party/FreeRTOS/Source/tasks.c **** 
 363:Middlewares/Third_Party/FreeRTOS/Source/tasks.c **** #endif
 364:Middlewares/Third_Party/FreeRTOS/Source/tasks.c **** 
 365:Middlewares/Third_Party/FreeRTOS/Source/tasks.c **** #if ( INCLUDE_vTaskSuspend == 1 )
 366:Middlewares/Third_Party/FreeRTOS/Source/tasks.c **** 
 367:Middlewares/Third_Party/FreeRTOS/Source/tasks.c **** 	PRIVILEGED_DATA static List_t xSuspendedTaskList = {0};						/*< Tasks that are currently suspende
 368:Middlewares/Third_Party/FreeRTOS/Source/tasks.c **** 
 369:Middlewares/Third_Party/FreeRTOS/Source/tasks.c **** #endif
 370:Middlewares/Third_Party/FreeRTOS/Source/tasks.c **** 
 371:Middlewares/Third_Party/FreeRTOS/Source/tasks.c **** /* Other file private variables. --------------------------------*/
 372:Middlewares/Third_Party/FreeRTOS/Source/tasks.c **** PRIVILEGED_DATA static volatile UBaseType_t uxCurrentNumberOfTasks 	= ( UBaseType_t ) 0U;
ARM GAS  C:\Users\31005\AppData\Local\Temp\ccNQ0Tdy.s 			page 8


 373:Middlewares/Third_Party/FreeRTOS/Source/tasks.c **** PRIVILEGED_DATA static volatile TickType_t xTickCount 				= ( TickType_t ) configINITIAL_TICK_COUNT
 374:Middlewares/Third_Party/FreeRTOS/Source/tasks.c **** PRIVILEGED_DATA static volatile UBaseType_t uxTopReadyPriority 		= tskIDLE_PRIORITY;
 375:Middlewares/Third_Party/FreeRTOS/Source/tasks.c **** PRIVILEGED_DATA static volatile BaseType_t xSchedulerRunning 		= pdFALSE;
 376:Middlewares/Third_Party/FreeRTOS/Source/tasks.c **** PRIVILEGED_DATA static volatile UBaseType_t uxPendedTicks 			= ( UBaseType_t ) 0U;
 377:Middlewares/Third_Party/FreeRTOS/Source/tasks.c **** PRIVILEGED_DATA static volatile BaseType_t xYieldPending 			= pdFALSE;
 378:Middlewares/Third_Party/FreeRTOS/Source/tasks.c **** PRIVILEGED_DATA static volatile BaseType_t xNumOfOverflows 			= ( BaseType_t ) 0;
 379:Middlewares/Third_Party/FreeRTOS/Source/tasks.c **** PRIVILEGED_DATA static UBaseType_t uxTaskNumber 					= ( UBaseType_t ) 0U;
 380:Middlewares/Third_Party/FreeRTOS/Source/tasks.c **** PRIVILEGED_DATA static volatile TickType_t xNextTaskUnblockTime		= ( TickType_t ) 0U; /* Initialise
 381:Middlewares/Third_Party/FreeRTOS/Source/tasks.c **** PRIVILEGED_DATA static TaskHandle_t xIdleTaskHandle					= NULL;			/*< Holds the handle of the idle 
 382:Middlewares/Third_Party/FreeRTOS/Source/tasks.c **** 
 383:Middlewares/Third_Party/FreeRTOS/Source/tasks.c **** /* Context switches are held pending while the scheduler is suspended.  Also,
 384:Middlewares/Third_Party/FreeRTOS/Source/tasks.c **** interrupts must not manipulate the xStateListItem of a TCB, or any of the
 385:Middlewares/Third_Party/FreeRTOS/Source/tasks.c **** lists the xStateListItem can be referenced from, if the scheduler is suspended.
 386:Middlewares/Third_Party/FreeRTOS/Source/tasks.c **** If an interrupt needs to unblock a task while the scheduler is suspended then it
 387:Middlewares/Third_Party/FreeRTOS/Source/tasks.c **** moves the task's event list item into the xPendingReadyList, ready for the
 388:Middlewares/Third_Party/FreeRTOS/Source/tasks.c **** kernel to move the task from the pending ready list into the real ready list
 389:Middlewares/Third_Party/FreeRTOS/Source/tasks.c **** when the scheduler is unsuspended.  The pending ready list itself can only be
 390:Middlewares/Third_Party/FreeRTOS/Source/tasks.c **** accessed from a critical section. */
 391:Middlewares/Third_Party/FreeRTOS/Source/tasks.c **** PRIVILEGED_DATA static volatile UBaseType_t uxSchedulerSuspended	= ( UBaseType_t ) pdFALSE;
 392:Middlewares/Third_Party/FreeRTOS/Source/tasks.c **** 
 393:Middlewares/Third_Party/FreeRTOS/Source/tasks.c **** #if ( configGENERATE_RUN_TIME_STATS == 1 )
 394:Middlewares/Third_Party/FreeRTOS/Source/tasks.c **** 
 395:Middlewares/Third_Party/FreeRTOS/Source/tasks.c **** 	PRIVILEGED_DATA static uint32_t ulTaskSwitchedInTime = 0UL;	/*< Holds the value of a timer/counter
 396:Middlewares/Third_Party/FreeRTOS/Source/tasks.c **** 	PRIVILEGED_DATA static uint32_t ulTotalRunTime = 0UL;		/*< Holds the total amount of execution tim
 397:Middlewares/Third_Party/FreeRTOS/Source/tasks.c **** 
 398:Middlewares/Third_Party/FreeRTOS/Source/tasks.c **** #endif
 399:Middlewares/Third_Party/FreeRTOS/Source/tasks.c **** 
 400:Middlewares/Third_Party/FreeRTOS/Source/tasks.c **** /*lint -restore */
 401:Middlewares/Third_Party/FreeRTOS/Source/tasks.c **** 
 402:Middlewares/Third_Party/FreeRTOS/Source/tasks.c **** /*-----------------------------------------------------------*/
 403:Middlewares/Third_Party/FreeRTOS/Source/tasks.c **** 
 404:Middlewares/Third_Party/FreeRTOS/Source/tasks.c **** /* Callback function prototypes. --------------------------*/
 405:Middlewares/Third_Party/FreeRTOS/Source/tasks.c **** #if(  configCHECK_FOR_STACK_OVERFLOW > 0 )
 406:Middlewares/Third_Party/FreeRTOS/Source/tasks.c **** 	extern void vApplicationStackOverflowHook( TaskHandle_t xTask, char *pcTaskName );
 407:Middlewares/Third_Party/FreeRTOS/Source/tasks.c **** #endif
 408:Middlewares/Third_Party/FreeRTOS/Source/tasks.c **** 
 409:Middlewares/Third_Party/FreeRTOS/Source/tasks.c **** #if( configUSE_TICK_HOOK > 0 )
 410:Middlewares/Third_Party/FreeRTOS/Source/tasks.c **** 	extern void vApplicationTickHook( void );
 411:Middlewares/Third_Party/FreeRTOS/Source/tasks.c **** #endif
 412:Middlewares/Third_Party/FreeRTOS/Source/tasks.c **** 
 413:Middlewares/Third_Party/FreeRTOS/Source/tasks.c **** #if( configSUPPORT_STATIC_ALLOCATION == 1 )
 414:Middlewares/Third_Party/FreeRTOS/Source/tasks.c **** 	extern void vApplicationGetIdleTaskMemory( StaticTask_t **ppxIdleTaskTCBBuffer, StackType_t **ppxI
 415:Middlewares/Third_Party/FreeRTOS/Source/tasks.c **** #endif
 416:Middlewares/Third_Party/FreeRTOS/Source/tasks.c **** 
 417:Middlewares/Third_Party/FreeRTOS/Source/tasks.c **** /* File private functions. --------------------------------*/
 418:Middlewares/Third_Party/FreeRTOS/Source/tasks.c **** 
 419:Middlewares/Third_Party/FreeRTOS/Source/tasks.c **** /**
 420:Middlewares/Third_Party/FreeRTOS/Source/tasks.c ****  * Utility task that simply returns pdTRUE if the task referenced by xTask is
 421:Middlewares/Third_Party/FreeRTOS/Source/tasks.c ****  * currently in the Suspended state, or pdFALSE if the task referenced by xTask
 422:Middlewares/Third_Party/FreeRTOS/Source/tasks.c ****  * is in any other state.
 423:Middlewares/Third_Party/FreeRTOS/Source/tasks.c ****  */
 424:Middlewares/Third_Party/FreeRTOS/Source/tasks.c **** #if ( INCLUDE_vTaskSuspend == 1 )
 425:Middlewares/Third_Party/FreeRTOS/Source/tasks.c **** 
 426:Middlewares/Third_Party/FreeRTOS/Source/tasks.c **** 	static BaseType_t prvTaskIsTaskSuspended( const TaskHandle_t xTask ) PRIVILEGED_FUNCTION;
 427:Middlewares/Third_Party/FreeRTOS/Source/tasks.c **** 
 428:Middlewares/Third_Party/FreeRTOS/Source/tasks.c **** #endif /* INCLUDE_vTaskSuspend */
 429:Middlewares/Third_Party/FreeRTOS/Source/tasks.c **** 
ARM GAS  C:\Users\31005\AppData\Local\Temp\ccNQ0Tdy.s 			page 9


 430:Middlewares/Third_Party/FreeRTOS/Source/tasks.c **** /*
 431:Middlewares/Third_Party/FreeRTOS/Source/tasks.c ****  * Utility to ready all the lists used by the scheduler.  This is called
 432:Middlewares/Third_Party/FreeRTOS/Source/tasks.c ****  * automatically upon the creation of the first task.
 433:Middlewares/Third_Party/FreeRTOS/Source/tasks.c ****  */
 434:Middlewares/Third_Party/FreeRTOS/Source/tasks.c **** static void prvInitialiseTaskLists( void ) PRIVILEGED_FUNCTION;
 435:Middlewares/Third_Party/FreeRTOS/Source/tasks.c **** 
 436:Middlewares/Third_Party/FreeRTOS/Source/tasks.c **** /*
 437:Middlewares/Third_Party/FreeRTOS/Source/tasks.c ****  * The idle task, which as all tasks is implemented as a never ending loop.
 438:Middlewares/Third_Party/FreeRTOS/Source/tasks.c ****  * The idle task is automatically created and added to the ready lists upon
 439:Middlewares/Third_Party/FreeRTOS/Source/tasks.c ****  * creation of the first user task.
 440:Middlewares/Third_Party/FreeRTOS/Source/tasks.c ****  *
 441:Middlewares/Third_Party/FreeRTOS/Source/tasks.c ****  * The portTASK_FUNCTION_PROTO() macro is used to allow port/compiler specific
 442:Middlewares/Third_Party/FreeRTOS/Source/tasks.c ****  * language extensions.  The equivalent prototype for this function is:
 443:Middlewares/Third_Party/FreeRTOS/Source/tasks.c ****  *
 444:Middlewares/Third_Party/FreeRTOS/Source/tasks.c ****  * void prvIdleTask( void *pvParameters );
 445:Middlewares/Third_Party/FreeRTOS/Source/tasks.c ****  *
 446:Middlewares/Third_Party/FreeRTOS/Source/tasks.c ****  */
 447:Middlewares/Third_Party/FreeRTOS/Source/tasks.c **** static portTASK_FUNCTION_PROTO( prvIdleTask, pvParameters );
 448:Middlewares/Third_Party/FreeRTOS/Source/tasks.c **** 
 449:Middlewares/Third_Party/FreeRTOS/Source/tasks.c **** /*
 450:Middlewares/Third_Party/FreeRTOS/Source/tasks.c ****  * Utility to free all memory allocated by the scheduler to hold a TCB,
 451:Middlewares/Third_Party/FreeRTOS/Source/tasks.c ****  * including the stack pointed to by the TCB.
 452:Middlewares/Third_Party/FreeRTOS/Source/tasks.c ****  *
 453:Middlewares/Third_Party/FreeRTOS/Source/tasks.c ****  * This does not free memory allocated by the task itself (i.e. memory
 454:Middlewares/Third_Party/FreeRTOS/Source/tasks.c ****  * allocated by calls to pvPortMalloc from within the tasks application code).
 455:Middlewares/Third_Party/FreeRTOS/Source/tasks.c ****  */
 456:Middlewares/Third_Party/FreeRTOS/Source/tasks.c **** #if ( INCLUDE_vTaskDelete == 1 )
 457:Middlewares/Third_Party/FreeRTOS/Source/tasks.c **** 
 458:Middlewares/Third_Party/FreeRTOS/Source/tasks.c **** 	static void prvDeleteTCB( TCB_t *pxTCB ) PRIVILEGED_FUNCTION;
 459:Middlewares/Third_Party/FreeRTOS/Source/tasks.c **** 
 460:Middlewares/Third_Party/FreeRTOS/Source/tasks.c **** #endif
 461:Middlewares/Third_Party/FreeRTOS/Source/tasks.c **** 
 462:Middlewares/Third_Party/FreeRTOS/Source/tasks.c **** /*
 463:Middlewares/Third_Party/FreeRTOS/Source/tasks.c ****  * Used only by the idle task.  This checks to see if anything has been placed
 464:Middlewares/Third_Party/FreeRTOS/Source/tasks.c ****  * in the list of tasks waiting to be deleted.  If so the task is cleaned up
 465:Middlewares/Third_Party/FreeRTOS/Source/tasks.c ****  * and its TCB deleted.
 466:Middlewares/Third_Party/FreeRTOS/Source/tasks.c ****  */
 467:Middlewares/Third_Party/FreeRTOS/Source/tasks.c **** static void prvCheckTasksWaitingTermination( void ) PRIVILEGED_FUNCTION;
 468:Middlewares/Third_Party/FreeRTOS/Source/tasks.c **** 
 469:Middlewares/Third_Party/FreeRTOS/Source/tasks.c **** /*
 470:Middlewares/Third_Party/FreeRTOS/Source/tasks.c ****  * The currently executing task is entering the Blocked state.  Add the task to
 471:Middlewares/Third_Party/FreeRTOS/Source/tasks.c ****  * either the current or the overflow delayed task list.
 472:Middlewares/Third_Party/FreeRTOS/Source/tasks.c ****  */
 473:Middlewares/Third_Party/FreeRTOS/Source/tasks.c **** static void prvAddCurrentTaskToDelayedList( TickType_t xTicksToWait, const BaseType_t xCanBlockInde
 474:Middlewares/Third_Party/FreeRTOS/Source/tasks.c **** 
 475:Middlewares/Third_Party/FreeRTOS/Source/tasks.c **** /*
 476:Middlewares/Third_Party/FreeRTOS/Source/tasks.c ****  * Fills an TaskStatus_t structure with information on each task that is
 477:Middlewares/Third_Party/FreeRTOS/Source/tasks.c ****  * referenced from the pxList list (which may be a ready list, a delayed list,
 478:Middlewares/Third_Party/FreeRTOS/Source/tasks.c ****  * a suspended list, etc.).
 479:Middlewares/Third_Party/FreeRTOS/Source/tasks.c ****  *
 480:Middlewares/Third_Party/FreeRTOS/Source/tasks.c ****  * THIS FUNCTION IS INTENDED FOR DEBUGGING ONLY, AND SHOULD NOT BE CALLED FROM
 481:Middlewares/Third_Party/FreeRTOS/Source/tasks.c ****  * NORMAL APPLICATION CODE.
 482:Middlewares/Third_Party/FreeRTOS/Source/tasks.c ****  */
 483:Middlewares/Third_Party/FreeRTOS/Source/tasks.c **** #if ( configUSE_TRACE_FACILITY == 1 )
 484:Middlewares/Third_Party/FreeRTOS/Source/tasks.c **** 
 485:Middlewares/Third_Party/FreeRTOS/Source/tasks.c **** 	static UBaseType_t prvListTasksWithinSingleList( TaskStatus_t *pxTaskStatusArray, List_t *pxList, 
 486:Middlewares/Third_Party/FreeRTOS/Source/tasks.c **** 
ARM GAS  C:\Users\31005\AppData\Local\Temp\ccNQ0Tdy.s 			page 10


 487:Middlewares/Third_Party/FreeRTOS/Source/tasks.c **** #endif
 488:Middlewares/Third_Party/FreeRTOS/Source/tasks.c **** 
 489:Middlewares/Third_Party/FreeRTOS/Source/tasks.c **** /*
 490:Middlewares/Third_Party/FreeRTOS/Source/tasks.c ****  * Searches pxList for a task with name pcNameToQuery - returning a handle to
 491:Middlewares/Third_Party/FreeRTOS/Source/tasks.c ****  * the task if it is found, or NULL if the task is not found.
 492:Middlewares/Third_Party/FreeRTOS/Source/tasks.c ****  */
 493:Middlewares/Third_Party/FreeRTOS/Source/tasks.c **** #if ( INCLUDE_xTaskGetHandle == 1 )
 494:Middlewares/Third_Party/FreeRTOS/Source/tasks.c **** 
 495:Middlewares/Third_Party/FreeRTOS/Source/tasks.c **** 	static TCB_t *prvSearchForNameWithinSingleList( List_t *pxList, const char pcNameToQuery[] ) PRIVI
 496:Middlewares/Third_Party/FreeRTOS/Source/tasks.c **** 
 497:Middlewares/Third_Party/FreeRTOS/Source/tasks.c **** #endif
 498:Middlewares/Third_Party/FreeRTOS/Source/tasks.c **** 
 499:Middlewares/Third_Party/FreeRTOS/Source/tasks.c **** /*
 500:Middlewares/Third_Party/FreeRTOS/Source/tasks.c ****  * When a task is created, the stack of the task is filled with a known value.
 501:Middlewares/Third_Party/FreeRTOS/Source/tasks.c ****  * This function determines the 'high water mark' of the task stack by
 502:Middlewares/Third_Party/FreeRTOS/Source/tasks.c ****  * determining how much of the stack remains at the original preset value.
 503:Middlewares/Third_Party/FreeRTOS/Source/tasks.c ****  */
 504:Middlewares/Third_Party/FreeRTOS/Source/tasks.c **** #if ( ( configUSE_TRACE_FACILITY == 1 ) || ( INCLUDE_uxTaskGetStackHighWaterMark == 1 ) )
 505:Middlewares/Third_Party/FreeRTOS/Source/tasks.c **** 
 506:Middlewares/Third_Party/FreeRTOS/Source/tasks.c **** 	static uint16_t prvTaskCheckFreeStackSpace( const uint8_t * pucStackByte ) PRIVILEGED_FUNCTION;
 507:Middlewares/Third_Party/FreeRTOS/Source/tasks.c **** 
 508:Middlewares/Third_Party/FreeRTOS/Source/tasks.c **** #endif
 509:Middlewares/Third_Party/FreeRTOS/Source/tasks.c **** 
 510:Middlewares/Third_Party/FreeRTOS/Source/tasks.c **** /*
 511:Middlewares/Third_Party/FreeRTOS/Source/tasks.c ****  * Return the amount of time, in ticks, that will pass before the kernel will
 512:Middlewares/Third_Party/FreeRTOS/Source/tasks.c ****  * next move a task from the Blocked state to the Running state.
 513:Middlewares/Third_Party/FreeRTOS/Source/tasks.c ****  *
 514:Middlewares/Third_Party/FreeRTOS/Source/tasks.c ****  * This conditional compilation should use inequality to 0, not equality to 1.
 515:Middlewares/Third_Party/FreeRTOS/Source/tasks.c ****  * This is to ensure portSUPPRESS_TICKS_AND_SLEEP() can be called when user
 516:Middlewares/Third_Party/FreeRTOS/Source/tasks.c ****  * defined low power mode implementations require configUSE_TICKLESS_IDLE to be
 517:Middlewares/Third_Party/FreeRTOS/Source/tasks.c ****  * set to a value other than 1.
 518:Middlewares/Third_Party/FreeRTOS/Source/tasks.c ****  */
 519:Middlewares/Third_Party/FreeRTOS/Source/tasks.c **** #if ( configUSE_TICKLESS_IDLE != 0 )
 520:Middlewares/Third_Party/FreeRTOS/Source/tasks.c **** 
 521:Middlewares/Third_Party/FreeRTOS/Source/tasks.c **** 	static TickType_t prvGetExpectedIdleTime( void ) PRIVILEGED_FUNCTION;
 522:Middlewares/Third_Party/FreeRTOS/Source/tasks.c **** 
 523:Middlewares/Third_Party/FreeRTOS/Source/tasks.c **** #endif
 524:Middlewares/Third_Party/FreeRTOS/Source/tasks.c **** 
 525:Middlewares/Third_Party/FreeRTOS/Source/tasks.c **** /*
 526:Middlewares/Third_Party/FreeRTOS/Source/tasks.c ****  * Set xNextTaskUnblockTime to the time at which the next Blocked state task
 527:Middlewares/Third_Party/FreeRTOS/Source/tasks.c ****  * will exit the Blocked state.
 528:Middlewares/Third_Party/FreeRTOS/Source/tasks.c ****  */
 529:Middlewares/Third_Party/FreeRTOS/Source/tasks.c **** static void prvResetNextTaskUnblockTime( void );
 530:Middlewares/Third_Party/FreeRTOS/Source/tasks.c **** 
 531:Middlewares/Third_Party/FreeRTOS/Source/tasks.c **** #if ( ( configUSE_TRACE_FACILITY == 1 ) && ( configUSE_STATS_FORMATTING_FUNCTIONS > 0 ) )
 532:Middlewares/Third_Party/FreeRTOS/Source/tasks.c **** 
 533:Middlewares/Third_Party/FreeRTOS/Source/tasks.c **** 	/*
 534:Middlewares/Third_Party/FreeRTOS/Source/tasks.c **** 	 * Helper function used to pad task names with spaces when printing out
 535:Middlewares/Third_Party/FreeRTOS/Source/tasks.c **** 	 * human readable tables of task information.
 536:Middlewares/Third_Party/FreeRTOS/Source/tasks.c **** 	 */
 537:Middlewares/Third_Party/FreeRTOS/Source/tasks.c **** 	static char *prvWriteNameToBuffer( char *pcBuffer, const char *pcTaskName ) PRIVILEGED_FUNCTION;
 538:Middlewares/Third_Party/FreeRTOS/Source/tasks.c **** 
 539:Middlewares/Third_Party/FreeRTOS/Source/tasks.c **** #endif
 540:Middlewares/Third_Party/FreeRTOS/Source/tasks.c **** 
 541:Middlewares/Third_Party/FreeRTOS/Source/tasks.c **** /*
 542:Middlewares/Third_Party/FreeRTOS/Source/tasks.c ****  * Called after a Task_t structure has been allocated either statically or
 543:Middlewares/Third_Party/FreeRTOS/Source/tasks.c ****  * dynamically to fill in the structure's members.
ARM GAS  C:\Users\31005\AppData\Local\Temp\ccNQ0Tdy.s 			page 11


 544:Middlewares/Third_Party/FreeRTOS/Source/tasks.c ****  */
 545:Middlewares/Third_Party/FreeRTOS/Source/tasks.c **** static void prvInitialiseNewTask( 	TaskFunction_t pxTaskCode,
 546:Middlewares/Third_Party/FreeRTOS/Source/tasks.c **** 									const char * const pcName, 		/*lint !e971 Unqualified char types are allowed for strings a
 547:Middlewares/Third_Party/FreeRTOS/Source/tasks.c **** 									const uint32_t ulStackDepth,
 548:Middlewares/Third_Party/FreeRTOS/Source/tasks.c **** 									void * const pvParameters,
 549:Middlewares/Third_Party/FreeRTOS/Source/tasks.c **** 									UBaseType_t uxPriority,
 550:Middlewares/Third_Party/FreeRTOS/Source/tasks.c **** 									TaskHandle_t * const pxCreatedTask,
 551:Middlewares/Third_Party/FreeRTOS/Source/tasks.c **** 									TCB_t *pxNewTCB,
 552:Middlewares/Third_Party/FreeRTOS/Source/tasks.c **** 									const MemoryRegion_t * const xRegions ) PRIVILEGED_FUNCTION;
 553:Middlewares/Third_Party/FreeRTOS/Source/tasks.c **** 
 554:Middlewares/Third_Party/FreeRTOS/Source/tasks.c **** /*
 555:Middlewares/Third_Party/FreeRTOS/Source/tasks.c ****  * Called after a new task has been created and initialised to place the task
 556:Middlewares/Third_Party/FreeRTOS/Source/tasks.c ****  * under the control of the scheduler.
 557:Middlewares/Third_Party/FreeRTOS/Source/tasks.c ****  */
 558:Middlewares/Third_Party/FreeRTOS/Source/tasks.c **** static void prvAddNewTaskToReadyList( TCB_t *pxNewTCB ) PRIVILEGED_FUNCTION;
 559:Middlewares/Third_Party/FreeRTOS/Source/tasks.c **** 
 560:Middlewares/Third_Party/FreeRTOS/Source/tasks.c **** /*
 561:Middlewares/Third_Party/FreeRTOS/Source/tasks.c ****  * freertos_tasks_c_additions_init() should only be called if the user definable
 562:Middlewares/Third_Party/FreeRTOS/Source/tasks.c ****  * macro FREERTOS_TASKS_C_ADDITIONS_INIT() is defined, as that is the only macro
 563:Middlewares/Third_Party/FreeRTOS/Source/tasks.c ****  * called by the function.
 564:Middlewares/Third_Party/FreeRTOS/Source/tasks.c ****  */
 565:Middlewares/Third_Party/FreeRTOS/Source/tasks.c **** #ifdef FREERTOS_TASKS_C_ADDITIONS_INIT
 566:Middlewares/Third_Party/FreeRTOS/Source/tasks.c **** 
 567:Middlewares/Third_Party/FreeRTOS/Source/tasks.c **** 	static void freertos_tasks_c_additions_init( void ) PRIVILEGED_FUNCTION;
 568:Middlewares/Third_Party/FreeRTOS/Source/tasks.c **** 
 569:Middlewares/Third_Party/FreeRTOS/Source/tasks.c **** #endif
 570:Middlewares/Third_Party/FreeRTOS/Source/tasks.c **** 
 571:Middlewares/Third_Party/FreeRTOS/Source/tasks.c **** /*-----------------------------------------------------------*/
 572:Middlewares/Third_Party/FreeRTOS/Source/tasks.c **** 
 573:Middlewares/Third_Party/FreeRTOS/Source/tasks.c **** #if( configSUPPORT_STATIC_ALLOCATION == 1 )
 574:Middlewares/Third_Party/FreeRTOS/Source/tasks.c **** 
 575:Middlewares/Third_Party/FreeRTOS/Source/tasks.c **** 	TaskHandle_t xTaskCreateStatic(	TaskFunction_t pxTaskCode,
 576:Middlewares/Third_Party/FreeRTOS/Source/tasks.c **** 									const char * const pcName,		/*lint !e971 Unqualified char types are allowed for strings an
 577:Middlewares/Third_Party/FreeRTOS/Source/tasks.c **** 									const uint32_t ulStackDepth,
 578:Middlewares/Third_Party/FreeRTOS/Source/tasks.c **** 									void * const pvParameters,
 579:Middlewares/Third_Party/FreeRTOS/Source/tasks.c **** 									UBaseType_t uxPriority,
 580:Middlewares/Third_Party/FreeRTOS/Source/tasks.c **** 									StackType_t * const puxStackBuffer,
 581:Middlewares/Third_Party/FreeRTOS/Source/tasks.c **** 									StaticTask_t * const pxTaskBuffer )
 582:Middlewares/Third_Party/FreeRTOS/Source/tasks.c **** 	{
 583:Middlewares/Third_Party/FreeRTOS/Source/tasks.c **** 	TCB_t *pxNewTCB;
 584:Middlewares/Third_Party/FreeRTOS/Source/tasks.c **** 	TaskHandle_t xReturn;
 585:Middlewares/Third_Party/FreeRTOS/Source/tasks.c **** 
 586:Middlewares/Third_Party/FreeRTOS/Source/tasks.c **** 		configASSERT( puxStackBuffer != NULL );
 587:Middlewares/Third_Party/FreeRTOS/Source/tasks.c **** 		configASSERT( pxTaskBuffer != NULL );
 588:Middlewares/Third_Party/FreeRTOS/Source/tasks.c **** 
 589:Middlewares/Third_Party/FreeRTOS/Source/tasks.c **** 		#if( configASSERT_DEFINED == 1 )
 590:Middlewares/Third_Party/FreeRTOS/Source/tasks.c **** 		{
 591:Middlewares/Third_Party/FreeRTOS/Source/tasks.c **** 			/* Sanity check that the size of the structure used to declare a
 592:Middlewares/Third_Party/FreeRTOS/Source/tasks.c **** 			variable of type StaticTask_t equals the size of the real task
 593:Middlewares/Third_Party/FreeRTOS/Source/tasks.c **** 			structure. */
 594:Middlewares/Third_Party/FreeRTOS/Source/tasks.c **** 			volatile size_t xSize = sizeof( StaticTask_t );
 595:Middlewares/Third_Party/FreeRTOS/Source/tasks.c **** 			configASSERT( xSize == sizeof( TCB_t ) );
 596:Middlewares/Third_Party/FreeRTOS/Source/tasks.c **** 		}
 597:Middlewares/Third_Party/FreeRTOS/Source/tasks.c **** 		#endif /* configASSERT_DEFINED */
 598:Middlewares/Third_Party/FreeRTOS/Source/tasks.c **** 
 599:Middlewares/Third_Party/FreeRTOS/Source/tasks.c **** 
 600:Middlewares/Third_Party/FreeRTOS/Source/tasks.c **** 		if( ( pxTaskBuffer != NULL ) && ( puxStackBuffer != NULL ) )
ARM GAS  C:\Users\31005\AppData\Local\Temp\ccNQ0Tdy.s 			page 12


 601:Middlewares/Third_Party/FreeRTOS/Source/tasks.c **** 		{
 602:Middlewares/Third_Party/FreeRTOS/Source/tasks.c **** 			/* The memory used for the task's TCB and stack are passed into this
 603:Middlewares/Third_Party/FreeRTOS/Source/tasks.c **** 			function - use them. */
 604:Middlewares/Third_Party/FreeRTOS/Source/tasks.c **** 			pxNewTCB = ( TCB_t * ) pxTaskBuffer; /*lint !e740 Unusual cast is ok as the structures are desig
 605:Middlewares/Third_Party/FreeRTOS/Source/tasks.c **** 			pxNewTCB->pxStack = ( StackType_t * ) puxStackBuffer;
 606:Middlewares/Third_Party/FreeRTOS/Source/tasks.c **** 
 607:Middlewares/Third_Party/FreeRTOS/Source/tasks.c **** 			#if( tskSTATIC_AND_DYNAMIC_ALLOCATION_POSSIBLE != 0 ) /*lint !e731 Macro has been consolidated f
 608:Middlewares/Third_Party/FreeRTOS/Source/tasks.c **** 			{
 609:Middlewares/Third_Party/FreeRTOS/Source/tasks.c **** 				/* Tasks can be created statically or dynamically, so note this
 610:Middlewares/Third_Party/FreeRTOS/Source/tasks.c **** 				task was created statically in case the task is later deleted. */
 611:Middlewares/Third_Party/FreeRTOS/Source/tasks.c **** 				pxNewTCB->ucStaticallyAllocated = tskSTATICALLY_ALLOCATED_STACK_AND_TCB;
 612:Middlewares/Third_Party/FreeRTOS/Source/tasks.c **** 			}
 613:Middlewares/Third_Party/FreeRTOS/Source/tasks.c **** 			#endif /* configSUPPORT_DYNAMIC_ALLOCATION */
 614:Middlewares/Third_Party/FreeRTOS/Source/tasks.c **** 
 615:Middlewares/Third_Party/FreeRTOS/Source/tasks.c **** 			prvInitialiseNewTask( pxTaskCode, pcName, ulStackDepth, pvParameters, uxPriority, &xReturn, pxNe
 616:Middlewares/Third_Party/FreeRTOS/Source/tasks.c **** 			prvAddNewTaskToReadyList( pxNewTCB );
 617:Middlewares/Third_Party/FreeRTOS/Source/tasks.c **** 		}
 618:Middlewares/Third_Party/FreeRTOS/Source/tasks.c **** 		else
 619:Middlewares/Third_Party/FreeRTOS/Source/tasks.c **** 		{
 620:Middlewares/Third_Party/FreeRTOS/Source/tasks.c **** 			xReturn = NULL;
 621:Middlewares/Third_Party/FreeRTOS/Source/tasks.c **** 		}
 622:Middlewares/Third_Party/FreeRTOS/Source/tasks.c **** 
 623:Middlewares/Third_Party/FreeRTOS/Source/tasks.c **** 		return xReturn;
 624:Middlewares/Third_Party/FreeRTOS/Source/tasks.c **** 	}
 625:Middlewares/Third_Party/FreeRTOS/Source/tasks.c **** 
 626:Middlewares/Third_Party/FreeRTOS/Source/tasks.c **** #endif /* SUPPORT_STATIC_ALLOCATION */
 627:Middlewares/Third_Party/FreeRTOS/Source/tasks.c **** /*-----------------------------------------------------------*/
 628:Middlewares/Third_Party/FreeRTOS/Source/tasks.c **** 
 629:Middlewares/Third_Party/FreeRTOS/Source/tasks.c **** #if( ( portUSING_MPU_WRAPPERS == 1 ) && ( configSUPPORT_STATIC_ALLOCATION == 1 ) )
 630:Middlewares/Third_Party/FreeRTOS/Source/tasks.c **** 
 631:Middlewares/Third_Party/FreeRTOS/Source/tasks.c **** 	BaseType_t xTaskCreateRestrictedStatic( const TaskParameters_t * const pxTaskDefinition, TaskHandl
 632:Middlewares/Third_Party/FreeRTOS/Source/tasks.c **** 	{
 633:Middlewares/Third_Party/FreeRTOS/Source/tasks.c **** 	TCB_t *pxNewTCB;
 634:Middlewares/Third_Party/FreeRTOS/Source/tasks.c **** 	BaseType_t xReturn = errCOULD_NOT_ALLOCATE_REQUIRED_MEMORY;
 635:Middlewares/Third_Party/FreeRTOS/Source/tasks.c **** 
 636:Middlewares/Third_Party/FreeRTOS/Source/tasks.c **** 		configASSERT( pxTaskDefinition->puxStackBuffer != NULL );
 637:Middlewares/Third_Party/FreeRTOS/Source/tasks.c **** 		configASSERT( pxTaskDefinition->pxTaskBuffer != NULL );
 638:Middlewares/Third_Party/FreeRTOS/Source/tasks.c **** 
 639:Middlewares/Third_Party/FreeRTOS/Source/tasks.c **** 		if( ( pxTaskDefinition->puxStackBuffer != NULL ) && ( pxTaskDefinition->pxTaskBuffer != NULL ) )
 640:Middlewares/Third_Party/FreeRTOS/Source/tasks.c **** 		{
 641:Middlewares/Third_Party/FreeRTOS/Source/tasks.c **** 			/* Allocate space for the TCB.  Where the memory comes from depends
 642:Middlewares/Third_Party/FreeRTOS/Source/tasks.c **** 			on the implementation of the port malloc function and whether or
 643:Middlewares/Third_Party/FreeRTOS/Source/tasks.c **** 			not static allocation is being used. */
 644:Middlewares/Third_Party/FreeRTOS/Source/tasks.c **** 			pxNewTCB = ( TCB_t * ) pxTaskDefinition->pxTaskBuffer;
 645:Middlewares/Third_Party/FreeRTOS/Source/tasks.c **** 
 646:Middlewares/Third_Party/FreeRTOS/Source/tasks.c **** 			/* Store the stack location in the TCB. */
 647:Middlewares/Third_Party/FreeRTOS/Source/tasks.c **** 			pxNewTCB->pxStack = pxTaskDefinition->puxStackBuffer;
 648:Middlewares/Third_Party/FreeRTOS/Source/tasks.c **** 
 649:Middlewares/Third_Party/FreeRTOS/Source/tasks.c **** 			#if( tskSTATIC_AND_DYNAMIC_ALLOCATION_POSSIBLE != 0 )
 650:Middlewares/Third_Party/FreeRTOS/Source/tasks.c **** 			{
 651:Middlewares/Third_Party/FreeRTOS/Source/tasks.c **** 				/* Tasks can be created statically or dynamically, so note this
 652:Middlewares/Third_Party/FreeRTOS/Source/tasks.c **** 				task was created statically in case the task is later deleted. */
 653:Middlewares/Third_Party/FreeRTOS/Source/tasks.c **** 				pxNewTCB->ucStaticallyAllocated = tskSTATICALLY_ALLOCATED_STACK_AND_TCB;
 654:Middlewares/Third_Party/FreeRTOS/Source/tasks.c **** 			}
 655:Middlewares/Third_Party/FreeRTOS/Source/tasks.c **** 			#endif /* configSUPPORT_DYNAMIC_ALLOCATION */
 656:Middlewares/Third_Party/FreeRTOS/Source/tasks.c **** 
 657:Middlewares/Third_Party/FreeRTOS/Source/tasks.c **** 			prvInitialiseNewTask(	pxTaskDefinition->pvTaskCode,
ARM GAS  C:\Users\31005\AppData\Local\Temp\ccNQ0Tdy.s 			page 13


 658:Middlewares/Third_Party/FreeRTOS/Source/tasks.c **** 									pxTaskDefinition->pcName,
 659:Middlewares/Third_Party/FreeRTOS/Source/tasks.c **** 									( uint32_t ) pxTaskDefinition->usStackDepth,
 660:Middlewares/Third_Party/FreeRTOS/Source/tasks.c **** 									pxTaskDefinition->pvParameters,
 661:Middlewares/Third_Party/FreeRTOS/Source/tasks.c **** 									pxTaskDefinition->uxPriority,
 662:Middlewares/Third_Party/FreeRTOS/Source/tasks.c **** 									pxCreatedTask, pxNewTCB,
 663:Middlewares/Third_Party/FreeRTOS/Source/tasks.c **** 									pxTaskDefinition->xRegions );
 664:Middlewares/Third_Party/FreeRTOS/Source/tasks.c **** 
 665:Middlewares/Third_Party/FreeRTOS/Source/tasks.c **** 			prvAddNewTaskToReadyList( pxNewTCB );
 666:Middlewares/Third_Party/FreeRTOS/Source/tasks.c **** 			xReturn = pdPASS;
 667:Middlewares/Third_Party/FreeRTOS/Source/tasks.c **** 		}
 668:Middlewares/Third_Party/FreeRTOS/Source/tasks.c **** 
 669:Middlewares/Third_Party/FreeRTOS/Source/tasks.c **** 		return xReturn;
 670:Middlewares/Third_Party/FreeRTOS/Source/tasks.c **** 	}
 671:Middlewares/Third_Party/FreeRTOS/Source/tasks.c **** 
 672:Middlewares/Third_Party/FreeRTOS/Source/tasks.c **** #endif /* ( portUSING_MPU_WRAPPERS == 1 ) && ( configSUPPORT_STATIC_ALLOCATION == 1 ) */
 673:Middlewares/Third_Party/FreeRTOS/Source/tasks.c **** /*-----------------------------------------------------------*/
 674:Middlewares/Third_Party/FreeRTOS/Source/tasks.c **** 
 675:Middlewares/Third_Party/FreeRTOS/Source/tasks.c **** #if( ( portUSING_MPU_WRAPPERS == 1 ) && ( configSUPPORT_DYNAMIC_ALLOCATION == 1 ) )
 676:Middlewares/Third_Party/FreeRTOS/Source/tasks.c **** 
 677:Middlewares/Third_Party/FreeRTOS/Source/tasks.c **** 	BaseType_t xTaskCreateRestricted( const TaskParameters_t * const pxTaskDefinition, TaskHandle_t *p
 678:Middlewares/Third_Party/FreeRTOS/Source/tasks.c **** 	{
 679:Middlewares/Third_Party/FreeRTOS/Source/tasks.c **** 	TCB_t *pxNewTCB;
 680:Middlewares/Third_Party/FreeRTOS/Source/tasks.c **** 	BaseType_t xReturn = errCOULD_NOT_ALLOCATE_REQUIRED_MEMORY;
 681:Middlewares/Third_Party/FreeRTOS/Source/tasks.c **** 
 682:Middlewares/Third_Party/FreeRTOS/Source/tasks.c **** 		configASSERT( pxTaskDefinition->puxStackBuffer );
 683:Middlewares/Third_Party/FreeRTOS/Source/tasks.c **** 
 684:Middlewares/Third_Party/FreeRTOS/Source/tasks.c **** 		if( pxTaskDefinition->puxStackBuffer != NULL )
 685:Middlewares/Third_Party/FreeRTOS/Source/tasks.c **** 		{
 686:Middlewares/Third_Party/FreeRTOS/Source/tasks.c **** 			/* Allocate space for the TCB.  Where the memory comes from depends
 687:Middlewares/Third_Party/FreeRTOS/Source/tasks.c **** 			on the implementation of the port malloc function and whether or
 688:Middlewares/Third_Party/FreeRTOS/Source/tasks.c **** 			not static allocation is being used. */
 689:Middlewares/Third_Party/FreeRTOS/Source/tasks.c **** 			pxNewTCB = ( TCB_t * ) pvPortMalloc( sizeof( TCB_t ) );
 690:Middlewares/Third_Party/FreeRTOS/Source/tasks.c **** 
 691:Middlewares/Third_Party/FreeRTOS/Source/tasks.c **** 			if( pxNewTCB != NULL )
 692:Middlewares/Third_Party/FreeRTOS/Source/tasks.c **** 			{
 693:Middlewares/Third_Party/FreeRTOS/Source/tasks.c **** 				/* Store the stack location in the TCB. */
 694:Middlewares/Third_Party/FreeRTOS/Source/tasks.c **** 				pxNewTCB->pxStack = pxTaskDefinition->puxStackBuffer;
 695:Middlewares/Third_Party/FreeRTOS/Source/tasks.c **** 
 696:Middlewares/Third_Party/FreeRTOS/Source/tasks.c **** 				#if( configSUPPORT_STATIC_ALLOCATION == 1 )
 697:Middlewares/Third_Party/FreeRTOS/Source/tasks.c **** 				{
 698:Middlewares/Third_Party/FreeRTOS/Source/tasks.c **** 					/* Tasks can be created statically or dynamically, so note
 699:Middlewares/Third_Party/FreeRTOS/Source/tasks.c **** 					this task had a statically allocated stack in case it is
 700:Middlewares/Third_Party/FreeRTOS/Source/tasks.c **** 					later deleted.  The TCB was allocated dynamically. */
 701:Middlewares/Third_Party/FreeRTOS/Source/tasks.c **** 					pxNewTCB->ucStaticallyAllocated = tskSTATICALLY_ALLOCATED_STACK_ONLY;
 702:Middlewares/Third_Party/FreeRTOS/Source/tasks.c **** 				}
 703:Middlewares/Third_Party/FreeRTOS/Source/tasks.c **** 				#endif
 704:Middlewares/Third_Party/FreeRTOS/Source/tasks.c **** 
 705:Middlewares/Third_Party/FreeRTOS/Source/tasks.c **** 				prvInitialiseNewTask(	pxTaskDefinition->pvTaskCode,
 706:Middlewares/Third_Party/FreeRTOS/Source/tasks.c **** 										pxTaskDefinition->pcName,
 707:Middlewares/Third_Party/FreeRTOS/Source/tasks.c **** 										( uint32_t ) pxTaskDefinition->usStackDepth,
 708:Middlewares/Third_Party/FreeRTOS/Source/tasks.c **** 										pxTaskDefinition->pvParameters,
 709:Middlewares/Third_Party/FreeRTOS/Source/tasks.c **** 										pxTaskDefinition->uxPriority,
 710:Middlewares/Third_Party/FreeRTOS/Source/tasks.c **** 										pxCreatedTask, pxNewTCB,
 711:Middlewares/Third_Party/FreeRTOS/Source/tasks.c **** 										pxTaskDefinition->xRegions );
 712:Middlewares/Third_Party/FreeRTOS/Source/tasks.c **** 
 713:Middlewares/Third_Party/FreeRTOS/Source/tasks.c **** 				prvAddNewTaskToReadyList( pxNewTCB );
 714:Middlewares/Third_Party/FreeRTOS/Source/tasks.c **** 				xReturn = pdPASS;
ARM GAS  C:\Users\31005\AppData\Local\Temp\ccNQ0Tdy.s 			page 14


 715:Middlewares/Third_Party/FreeRTOS/Source/tasks.c **** 			}
 716:Middlewares/Third_Party/FreeRTOS/Source/tasks.c **** 		}
 717:Middlewares/Third_Party/FreeRTOS/Source/tasks.c **** 
 718:Middlewares/Third_Party/FreeRTOS/Source/tasks.c **** 		return xReturn;
 719:Middlewares/Third_Party/FreeRTOS/Source/tasks.c **** 	}
 720:Middlewares/Third_Party/FreeRTOS/Source/tasks.c **** 
 721:Middlewares/Third_Party/FreeRTOS/Source/tasks.c **** #endif /* portUSING_MPU_WRAPPERS */
 722:Middlewares/Third_Party/FreeRTOS/Source/tasks.c **** /*-----------------------------------------------------------*/
 723:Middlewares/Third_Party/FreeRTOS/Source/tasks.c **** 
 724:Middlewares/Third_Party/FreeRTOS/Source/tasks.c **** #if( configSUPPORT_DYNAMIC_ALLOCATION == 1 )
 725:Middlewares/Third_Party/FreeRTOS/Source/tasks.c **** 
 726:Middlewares/Third_Party/FreeRTOS/Source/tasks.c **** 	BaseType_t xTaskCreate(	TaskFunction_t pxTaskCode,
 727:Middlewares/Third_Party/FreeRTOS/Source/tasks.c **** 							const char * const pcName,		/*lint !e971 Unqualified char types are allowed for strings and 
 728:Middlewares/Third_Party/FreeRTOS/Source/tasks.c **** 							const configSTACK_DEPTH_TYPE usStackDepth,
 729:Middlewares/Third_Party/FreeRTOS/Source/tasks.c **** 							void * const pvParameters,
 730:Middlewares/Third_Party/FreeRTOS/Source/tasks.c **** 							UBaseType_t uxPriority,
 731:Middlewares/Third_Party/FreeRTOS/Source/tasks.c **** 							TaskHandle_t * const pxCreatedTask )
 732:Middlewares/Third_Party/FreeRTOS/Source/tasks.c **** 	{
 733:Middlewares/Third_Party/FreeRTOS/Source/tasks.c **** 	TCB_t *pxNewTCB;
 734:Middlewares/Third_Party/FreeRTOS/Source/tasks.c **** 	BaseType_t xReturn;
 735:Middlewares/Third_Party/FreeRTOS/Source/tasks.c **** 
 736:Middlewares/Third_Party/FreeRTOS/Source/tasks.c **** 		/* If the stack grows down then allocate the stack then the TCB so the stack
 737:Middlewares/Third_Party/FreeRTOS/Source/tasks.c **** 		does not grow into the TCB.  Likewise if the stack grows up then allocate
 738:Middlewares/Third_Party/FreeRTOS/Source/tasks.c **** 		the TCB then the stack. */
 739:Middlewares/Third_Party/FreeRTOS/Source/tasks.c **** 		#if( portSTACK_GROWTH > 0 )
 740:Middlewares/Third_Party/FreeRTOS/Source/tasks.c **** 		{
 741:Middlewares/Third_Party/FreeRTOS/Source/tasks.c **** 			/* Allocate space for the TCB.  Where the memory comes from depends on
 742:Middlewares/Third_Party/FreeRTOS/Source/tasks.c **** 			the implementation of the port malloc function and whether or not static
 743:Middlewares/Third_Party/FreeRTOS/Source/tasks.c **** 			allocation is being used. */
 744:Middlewares/Third_Party/FreeRTOS/Source/tasks.c **** 			pxNewTCB = ( TCB_t * ) pvPortMalloc( sizeof( TCB_t ) );
 745:Middlewares/Third_Party/FreeRTOS/Source/tasks.c **** 
 746:Middlewares/Third_Party/FreeRTOS/Source/tasks.c **** 			if( pxNewTCB != NULL )
 747:Middlewares/Third_Party/FreeRTOS/Source/tasks.c **** 			{
 748:Middlewares/Third_Party/FreeRTOS/Source/tasks.c **** 				/* Allocate space for the stack used by the task being created.
 749:Middlewares/Third_Party/FreeRTOS/Source/tasks.c **** 				The base of the stack memory stored in the TCB so the task can
 750:Middlewares/Third_Party/FreeRTOS/Source/tasks.c **** 				be deleted later if required. */
 751:Middlewares/Third_Party/FreeRTOS/Source/tasks.c **** 				pxNewTCB->pxStack = ( StackType_t * ) pvPortMalloc( ( ( ( size_t ) usStackDepth ) * sizeof( Sta
 752:Middlewares/Third_Party/FreeRTOS/Source/tasks.c **** 
 753:Middlewares/Third_Party/FreeRTOS/Source/tasks.c **** 				if( pxNewTCB->pxStack == NULL )
 754:Middlewares/Third_Party/FreeRTOS/Source/tasks.c **** 				{
 755:Middlewares/Third_Party/FreeRTOS/Source/tasks.c **** 					/* Could not allocate the stack.  Delete the allocated TCB. */
 756:Middlewares/Third_Party/FreeRTOS/Source/tasks.c **** 					vPortFree( pxNewTCB );
 757:Middlewares/Third_Party/FreeRTOS/Source/tasks.c **** 					pxNewTCB = NULL;
 758:Middlewares/Third_Party/FreeRTOS/Source/tasks.c **** 				}
 759:Middlewares/Third_Party/FreeRTOS/Source/tasks.c **** 			}
 760:Middlewares/Third_Party/FreeRTOS/Source/tasks.c **** 		}
 761:Middlewares/Third_Party/FreeRTOS/Source/tasks.c **** 		#else /* portSTACK_GROWTH */
 762:Middlewares/Third_Party/FreeRTOS/Source/tasks.c **** 		{
 763:Middlewares/Third_Party/FreeRTOS/Source/tasks.c **** 		StackType_t *pxStack;
 764:Middlewares/Third_Party/FreeRTOS/Source/tasks.c **** 
 765:Middlewares/Third_Party/FreeRTOS/Source/tasks.c **** 			/* Allocate space for the stack used by the task being created. */
 766:Middlewares/Third_Party/FreeRTOS/Source/tasks.c **** 			pxStack = ( StackType_t * ) pvPortMalloc( ( ( ( size_t ) usStackDepth ) * sizeof( StackType_t ) 
 767:Middlewares/Third_Party/FreeRTOS/Source/tasks.c **** 
 768:Middlewares/Third_Party/FreeRTOS/Source/tasks.c **** 			if( pxStack != NULL )
 769:Middlewares/Third_Party/FreeRTOS/Source/tasks.c **** 			{
 770:Middlewares/Third_Party/FreeRTOS/Source/tasks.c **** 				/* Allocate space for the TCB. */
 771:Middlewares/Third_Party/FreeRTOS/Source/tasks.c **** 				pxNewTCB = ( TCB_t * ) pvPortMalloc( sizeof( TCB_t ) ); /*lint !e961 MISRA exception as the cas
ARM GAS  C:\Users\31005\AppData\Local\Temp\ccNQ0Tdy.s 			page 15


 772:Middlewares/Third_Party/FreeRTOS/Source/tasks.c **** 
 773:Middlewares/Third_Party/FreeRTOS/Source/tasks.c **** 				if( pxNewTCB != NULL )
 774:Middlewares/Third_Party/FreeRTOS/Source/tasks.c **** 				{
 775:Middlewares/Third_Party/FreeRTOS/Source/tasks.c **** 					/* Store the stack location in the TCB. */
 776:Middlewares/Third_Party/FreeRTOS/Source/tasks.c **** 					pxNewTCB->pxStack = pxStack;
 777:Middlewares/Third_Party/FreeRTOS/Source/tasks.c **** 				}
 778:Middlewares/Third_Party/FreeRTOS/Source/tasks.c **** 				else
 779:Middlewares/Third_Party/FreeRTOS/Source/tasks.c **** 				{
 780:Middlewares/Third_Party/FreeRTOS/Source/tasks.c **** 					/* The stack cannot be used as the TCB was not created.  Free
 781:Middlewares/Third_Party/FreeRTOS/Source/tasks.c **** 					it again. */
 782:Middlewares/Third_Party/FreeRTOS/Source/tasks.c **** 					vPortFree( pxStack );
 783:Middlewares/Third_Party/FreeRTOS/Source/tasks.c **** 				}
 784:Middlewares/Third_Party/FreeRTOS/Source/tasks.c **** 			}
 785:Middlewares/Third_Party/FreeRTOS/Source/tasks.c **** 			else
 786:Middlewares/Third_Party/FreeRTOS/Source/tasks.c **** 			{
 787:Middlewares/Third_Party/FreeRTOS/Source/tasks.c **** 				pxNewTCB = NULL;
 788:Middlewares/Third_Party/FreeRTOS/Source/tasks.c **** 			}
 789:Middlewares/Third_Party/FreeRTOS/Source/tasks.c **** 		}
 790:Middlewares/Third_Party/FreeRTOS/Source/tasks.c **** 		#endif /* portSTACK_GROWTH */
 791:Middlewares/Third_Party/FreeRTOS/Source/tasks.c **** 
 792:Middlewares/Third_Party/FreeRTOS/Source/tasks.c **** 		if( pxNewTCB != NULL )
 793:Middlewares/Third_Party/FreeRTOS/Source/tasks.c **** 		{
 794:Middlewares/Third_Party/FreeRTOS/Source/tasks.c **** 			#if( tskSTATIC_AND_DYNAMIC_ALLOCATION_POSSIBLE != 0 ) /*lint !e731 Macro has been consolidated f
 795:Middlewares/Third_Party/FreeRTOS/Source/tasks.c **** 			{
 796:Middlewares/Third_Party/FreeRTOS/Source/tasks.c **** 				/* Tasks can be created statically or dynamically, so note this
 797:Middlewares/Third_Party/FreeRTOS/Source/tasks.c **** 				task was created dynamically in case it is later deleted. */
 798:Middlewares/Third_Party/FreeRTOS/Source/tasks.c **** 				pxNewTCB->ucStaticallyAllocated = tskDYNAMICALLY_ALLOCATED_STACK_AND_TCB;
 799:Middlewares/Third_Party/FreeRTOS/Source/tasks.c **** 			}
 800:Middlewares/Third_Party/FreeRTOS/Source/tasks.c **** 			#endif /* configSUPPORT_STATIC_ALLOCATION */
 801:Middlewares/Third_Party/FreeRTOS/Source/tasks.c **** 
 802:Middlewares/Third_Party/FreeRTOS/Source/tasks.c **** 			prvInitialiseNewTask( pxTaskCode, pcName, ( uint32_t ) usStackDepth, pvParameters, uxPriority, p
 803:Middlewares/Third_Party/FreeRTOS/Source/tasks.c **** 			prvAddNewTaskToReadyList( pxNewTCB );
 804:Middlewares/Third_Party/FreeRTOS/Source/tasks.c **** 			xReturn = pdPASS;
 805:Middlewares/Third_Party/FreeRTOS/Source/tasks.c **** 		}
 806:Middlewares/Third_Party/FreeRTOS/Source/tasks.c **** 		else
 807:Middlewares/Third_Party/FreeRTOS/Source/tasks.c **** 		{
 808:Middlewares/Third_Party/FreeRTOS/Source/tasks.c **** 			xReturn = errCOULD_NOT_ALLOCATE_REQUIRED_MEMORY;
 809:Middlewares/Third_Party/FreeRTOS/Source/tasks.c **** 		}
 810:Middlewares/Third_Party/FreeRTOS/Source/tasks.c **** 
 811:Middlewares/Third_Party/FreeRTOS/Source/tasks.c **** 		return xReturn;
 812:Middlewares/Third_Party/FreeRTOS/Source/tasks.c **** 	}
 813:Middlewares/Third_Party/FreeRTOS/Source/tasks.c **** 
 814:Middlewares/Third_Party/FreeRTOS/Source/tasks.c **** #endif /* configSUPPORT_DYNAMIC_ALLOCATION */
 815:Middlewares/Third_Party/FreeRTOS/Source/tasks.c **** /*-----------------------------------------------------------*/
 816:Middlewares/Third_Party/FreeRTOS/Source/tasks.c **** 
 817:Middlewares/Third_Party/FreeRTOS/Source/tasks.c **** static void prvInitialiseNewTask( 	TaskFunction_t pxTaskCode,
 818:Middlewares/Third_Party/FreeRTOS/Source/tasks.c **** 									const char * const pcName,		/*lint !e971 Unqualified char types are allowed for strings an
 819:Middlewares/Third_Party/FreeRTOS/Source/tasks.c **** 									const uint32_t ulStackDepth,
 820:Middlewares/Third_Party/FreeRTOS/Source/tasks.c **** 									void * const pvParameters,
 821:Middlewares/Third_Party/FreeRTOS/Source/tasks.c **** 									UBaseType_t uxPriority,
 822:Middlewares/Third_Party/FreeRTOS/Source/tasks.c **** 									TaskHandle_t * const pxCreatedTask,
 823:Middlewares/Third_Party/FreeRTOS/Source/tasks.c **** 									TCB_t *pxNewTCB,
 824:Middlewares/Third_Party/FreeRTOS/Source/tasks.c **** 									const MemoryRegion_t * const xRegions )
 825:Middlewares/Third_Party/FreeRTOS/Source/tasks.c **** {
 826:Middlewares/Third_Party/FreeRTOS/Source/tasks.c **** StackType_t *pxTopOfStack;
 827:Middlewares/Third_Party/FreeRTOS/Source/tasks.c **** UBaseType_t x;
 828:Middlewares/Third_Party/FreeRTOS/Source/tasks.c **** 
ARM GAS  C:\Users\31005\AppData\Local\Temp\ccNQ0Tdy.s 			page 16


 829:Middlewares/Third_Party/FreeRTOS/Source/tasks.c **** 	#if( portUSING_MPU_WRAPPERS == 1 )
 830:Middlewares/Third_Party/FreeRTOS/Source/tasks.c **** 		/* Should the task be created in privileged mode? */
 831:Middlewares/Third_Party/FreeRTOS/Source/tasks.c **** 		BaseType_t xRunPrivileged;
 832:Middlewares/Third_Party/FreeRTOS/Source/tasks.c **** 		if( ( uxPriority & portPRIVILEGE_BIT ) != 0U )
 833:Middlewares/Third_Party/FreeRTOS/Source/tasks.c **** 		{
 834:Middlewares/Third_Party/FreeRTOS/Source/tasks.c **** 			xRunPrivileged = pdTRUE;
 835:Middlewares/Third_Party/FreeRTOS/Source/tasks.c **** 		}
 836:Middlewares/Third_Party/FreeRTOS/Source/tasks.c **** 		else
 837:Middlewares/Third_Party/FreeRTOS/Source/tasks.c **** 		{
 838:Middlewares/Third_Party/FreeRTOS/Source/tasks.c **** 			xRunPrivileged = pdFALSE;
 839:Middlewares/Third_Party/FreeRTOS/Source/tasks.c **** 		}
 840:Middlewares/Third_Party/FreeRTOS/Source/tasks.c **** 		uxPriority &= ~portPRIVILEGE_BIT;
 841:Middlewares/Third_Party/FreeRTOS/Source/tasks.c **** 	#endif /* portUSING_MPU_WRAPPERS == 1 */
 842:Middlewares/Third_Party/FreeRTOS/Source/tasks.c **** 
 843:Middlewares/Third_Party/FreeRTOS/Source/tasks.c **** 	/* Avoid dependency on memset() if it is not required. */
 844:Middlewares/Third_Party/FreeRTOS/Source/tasks.c **** 	#if( tskSET_NEW_STACKS_TO_KNOWN_VALUE == 1 )
 845:Middlewares/Third_Party/FreeRTOS/Source/tasks.c **** 	{
 846:Middlewares/Third_Party/FreeRTOS/Source/tasks.c **** 		/* Fill the stack with a known value to assist debugging. */
 847:Middlewares/Third_Party/FreeRTOS/Source/tasks.c **** 		( void ) memset( pxNewTCB->pxStack, ( int ) tskSTACK_FILL_BYTE, ( size_t ) ulStackDepth * sizeof(
 848:Middlewares/Third_Party/FreeRTOS/Source/tasks.c **** 	}
 849:Middlewares/Third_Party/FreeRTOS/Source/tasks.c **** 	#endif /* tskSET_NEW_STACKS_TO_KNOWN_VALUE */
 850:Middlewares/Third_Party/FreeRTOS/Source/tasks.c **** 
 851:Middlewares/Third_Party/FreeRTOS/Source/tasks.c **** 	/* Calculate the top of stack address.  This depends on whether the stack
 852:Middlewares/Third_Party/FreeRTOS/Source/tasks.c **** 	grows from high memory to low (as per the 80x86) or vice versa.
 853:Middlewares/Third_Party/FreeRTOS/Source/tasks.c **** 	portSTACK_GROWTH is used to make the result positive or negative as required
 854:Middlewares/Third_Party/FreeRTOS/Source/tasks.c **** 	by the port. */
 855:Middlewares/Third_Party/FreeRTOS/Source/tasks.c **** 	#if( portSTACK_GROWTH < 0 )
 856:Middlewares/Third_Party/FreeRTOS/Source/tasks.c **** 	{
 857:Middlewares/Third_Party/FreeRTOS/Source/tasks.c **** 		pxTopOfStack = pxNewTCB->pxStack + ( ulStackDepth - ( uint32_t ) 1 );
 858:Middlewares/Third_Party/FreeRTOS/Source/tasks.c **** 		pxTopOfStack = ( StackType_t * ) ( ( ( portPOINTER_SIZE_TYPE ) pxTopOfStack ) & ( ~( ( portPOINTE
 859:Middlewares/Third_Party/FreeRTOS/Source/tasks.c **** 
 860:Middlewares/Third_Party/FreeRTOS/Source/tasks.c **** 		/* Check the alignment of the calculated top of stack is correct. */
 861:Middlewares/Third_Party/FreeRTOS/Source/tasks.c **** 		configASSERT( ( ( ( portPOINTER_SIZE_TYPE ) pxTopOfStack & ( portPOINTER_SIZE_TYPE ) portBYTE_ALI
 862:Middlewares/Third_Party/FreeRTOS/Source/tasks.c **** 
 863:Middlewares/Third_Party/FreeRTOS/Source/tasks.c **** 		#if( configRECORD_STACK_HIGH_ADDRESS == 1 )
 864:Middlewares/Third_Party/FreeRTOS/Source/tasks.c **** 		{
 865:Middlewares/Third_Party/FreeRTOS/Source/tasks.c **** 			/* Also record the stack's high address, which may assist
 866:Middlewares/Third_Party/FreeRTOS/Source/tasks.c **** 			debugging. */
 867:Middlewares/Third_Party/FreeRTOS/Source/tasks.c **** 			pxNewTCB->pxEndOfStack = pxTopOfStack;
 868:Middlewares/Third_Party/FreeRTOS/Source/tasks.c **** 		}
 869:Middlewares/Third_Party/FreeRTOS/Source/tasks.c **** 		#endif /* configRECORD_STACK_HIGH_ADDRESS */
 870:Middlewares/Third_Party/FreeRTOS/Source/tasks.c **** 	}
 871:Middlewares/Third_Party/FreeRTOS/Source/tasks.c **** 	#else /* portSTACK_GROWTH */
 872:Middlewares/Third_Party/FreeRTOS/Source/tasks.c **** 	{
 873:Middlewares/Third_Party/FreeRTOS/Source/tasks.c **** 		pxTopOfStack = pxNewTCB->pxStack;
 874:Middlewares/Third_Party/FreeRTOS/Source/tasks.c **** 
 875:Middlewares/Third_Party/FreeRTOS/Source/tasks.c **** 		/* Check the alignment of the stack buffer is correct. */
 876:Middlewares/Third_Party/FreeRTOS/Source/tasks.c **** 		configASSERT( ( ( ( portPOINTER_SIZE_TYPE ) pxNewTCB->pxStack & ( portPOINTER_SIZE_TYPE ) portBYT
 877:Middlewares/Third_Party/FreeRTOS/Source/tasks.c **** 
 878:Middlewares/Third_Party/FreeRTOS/Source/tasks.c **** 		/* The other extreme of the stack space is required if stack checking is
 879:Middlewares/Third_Party/FreeRTOS/Source/tasks.c **** 		performed. */
 880:Middlewares/Third_Party/FreeRTOS/Source/tasks.c **** 		pxNewTCB->pxEndOfStack = pxNewTCB->pxStack + ( ulStackDepth - ( uint32_t ) 1 );
 881:Middlewares/Third_Party/FreeRTOS/Source/tasks.c **** 	}
 882:Middlewares/Third_Party/FreeRTOS/Source/tasks.c **** 	#endif /* portSTACK_GROWTH */
 883:Middlewares/Third_Party/FreeRTOS/Source/tasks.c **** 
 884:Middlewares/Third_Party/FreeRTOS/Source/tasks.c **** 	/* Store the task name in the TCB. */
 885:Middlewares/Third_Party/FreeRTOS/Source/tasks.c **** 	for( x = ( UBaseType_t ) 0; x < ( UBaseType_t ) configMAX_TASK_NAME_LEN; x++ )
ARM GAS  C:\Users\31005\AppData\Local\Temp\ccNQ0Tdy.s 			page 17


 886:Middlewares/Third_Party/FreeRTOS/Source/tasks.c **** 	{
 887:Middlewares/Third_Party/FreeRTOS/Source/tasks.c **** 		pxNewTCB->pcTaskName[ x ] = pcName[ x ];
 888:Middlewares/Third_Party/FreeRTOS/Source/tasks.c **** 
 889:Middlewares/Third_Party/FreeRTOS/Source/tasks.c **** 		/* Don't copy all configMAX_TASK_NAME_LEN if the string is shorter than
 890:Middlewares/Third_Party/FreeRTOS/Source/tasks.c **** 		configMAX_TASK_NAME_LEN characters just in case the memory after the
 891:Middlewares/Third_Party/FreeRTOS/Source/tasks.c **** 		string is not accessible (extremely unlikely). */
 892:Middlewares/Third_Party/FreeRTOS/Source/tasks.c **** 		if( pcName[ x ] == 0x00 )
 893:Middlewares/Third_Party/FreeRTOS/Source/tasks.c **** 		{
 894:Middlewares/Third_Party/FreeRTOS/Source/tasks.c **** 			break;
 895:Middlewares/Third_Party/FreeRTOS/Source/tasks.c **** 		}
 896:Middlewares/Third_Party/FreeRTOS/Source/tasks.c **** 		else
 897:Middlewares/Third_Party/FreeRTOS/Source/tasks.c **** 		{
 898:Middlewares/Third_Party/FreeRTOS/Source/tasks.c **** 			mtCOVERAGE_TEST_MARKER();
 899:Middlewares/Third_Party/FreeRTOS/Source/tasks.c **** 		}
 900:Middlewares/Third_Party/FreeRTOS/Source/tasks.c **** 	}
 901:Middlewares/Third_Party/FreeRTOS/Source/tasks.c **** 
 902:Middlewares/Third_Party/FreeRTOS/Source/tasks.c **** 	/* Ensure the name string is terminated in the case that the string length
 903:Middlewares/Third_Party/FreeRTOS/Source/tasks.c **** 	was greater or equal to configMAX_TASK_NAME_LEN. */
 904:Middlewares/Third_Party/FreeRTOS/Source/tasks.c **** 	pxNewTCB->pcTaskName[ configMAX_TASK_NAME_LEN - 1 ] = '\0';
 905:Middlewares/Third_Party/FreeRTOS/Source/tasks.c **** 
 906:Middlewares/Third_Party/FreeRTOS/Source/tasks.c **** 	/* This is used as an array index so must ensure it's not too large.  First
 907:Middlewares/Third_Party/FreeRTOS/Source/tasks.c **** 	remove the privilege bit if one is present. */
 908:Middlewares/Third_Party/FreeRTOS/Source/tasks.c **** 	if( uxPriority >= ( UBaseType_t ) configMAX_PRIORITIES )
 909:Middlewares/Third_Party/FreeRTOS/Source/tasks.c **** 	{
 910:Middlewares/Third_Party/FreeRTOS/Source/tasks.c **** 		uxPriority = ( UBaseType_t ) configMAX_PRIORITIES - ( UBaseType_t ) 1U;
 911:Middlewares/Third_Party/FreeRTOS/Source/tasks.c **** 	}
 912:Middlewares/Third_Party/FreeRTOS/Source/tasks.c **** 	else
 913:Middlewares/Third_Party/FreeRTOS/Source/tasks.c **** 	{
 914:Middlewares/Third_Party/FreeRTOS/Source/tasks.c **** 		mtCOVERAGE_TEST_MARKER();
 915:Middlewares/Third_Party/FreeRTOS/Source/tasks.c **** 	}
 916:Middlewares/Third_Party/FreeRTOS/Source/tasks.c **** 
 917:Middlewares/Third_Party/FreeRTOS/Source/tasks.c **** 	pxNewTCB->uxPriority = uxPriority;
 918:Middlewares/Third_Party/FreeRTOS/Source/tasks.c **** 	#if ( configUSE_MUTEXES == 1 )
 919:Middlewares/Third_Party/FreeRTOS/Source/tasks.c **** 	{
 920:Middlewares/Third_Party/FreeRTOS/Source/tasks.c **** 		pxNewTCB->uxBasePriority = uxPriority;
 921:Middlewares/Third_Party/FreeRTOS/Source/tasks.c **** 		pxNewTCB->uxMutexesHeld = 0;
 922:Middlewares/Third_Party/FreeRTOS/Source/tasks.c **** 	}
 923:Middlewares/Third_Party/FreeRTOS/Source/tasks.c **** 	#endif /* configUSE_MUTEXES */
 924:Middlewares/Third_Party/FreeRTOS/Source/tasks.c **** 
 925:Middlewares/Third_Party/FreeRTOS/Source/tasks.c **** 	vListInitialiseItem( &( pxNewTCB->xStateListItem ) );
 926:Middlewares/Third_Party/FreeRTOS/Source/tasks.c **** 	vListInitialiseItem( &( pxNewTCB->xEventListItem ) );
 927:Middlewares/Third_Party/FreeRTOS/Source/tasks.c **** 
 928:Middlewares/Third_Party/FreeRTOS/Source/tasks.c **** 	/* Set the pxNewTCB as a link back from the ListItem_t.  This is so we can get
 929:Middlewares/Third_Party/FreeRTOS/Source/tasks.c **** 	back to	the containing TCB from a generic item in a list. */
 930:Middlewares/Third_Party/FreeRTOS/Source/tasks.c **** 	listSET_LIST_ITEM_OWNER( &( pxNewTCB->xStateListItem ), pxNewTCB );
 931:Middlewares/Third_Party/FreeRTOS/Source/tasks.c **** 
 932:Middlewares/Third_Party/FreeRTOS/Source/tasks.c **** 	/* Event lists are always in priority order. */
 933:Middlewares/Third_Party/FreeRTOS/Source/tasks.c **** 	listSET_LIST_ITEM_VALUE( &( pxNewTCB->xEventListItem ), ( TickType_t ) configMAX_PRIORITIES - ( Ti
 934:Middlewares/Third_Party/FreeRTOS/Source/tasks.c **** 	listSET_LIST_ITEM_OWNER( &( pxNewTCB->xEventListItem ), pxNewTCB );
 935:Middlewares/Third_Party/FreeRTOS/Source/tasks.c **** 
 936:Middlewares/Third_Party/FreeRTOS/Source/tasks.c **** 	#if ( portCRITICAL_NESTING_IN_TCB == 1 )
 937:Middlewares/Third_Party/FreeRTOS/Source/tasks.c **** 	{
 938:Middlewares/Third_Party/FreeRTOS/Source/tasks.c **** 		pxNewTCB->uxCriticalNesting = ( UBaseType_t ) 0U;
 939:Middlewares/Third_Party/FreeRTOS/Source/tasks.c **** 	}
 940:Middlewares/Third_Party/FreeRTOS/Source/tasks.c **** 	#endif /* portCRITICAL_NESTING_IN_TCB */
 941:Middlewares/Third_Party/FreeRTOS/Source/tasks.c **** 
 942:Middlewares/Third_Party/FreeRTOS/Source/tasks.c **** 	#if ( configUSE_APPLICATION_TASK_TAG == 1 )
ARM GAS  C:\Users\31005\AppData\Local\Temp\ccNQ0Tdy.s 			page 18


 943:Middlewares/Third_Party/FreeRTOS/Source/tasks.c **** 	{
 944:Middlewares/Third_Party/FreeRTOS/Source/tasks.c **** 		pxNewTCB->pxTaskTag = NULL;
 945:Middlewares/Third_Party/FreeRTOS/Source/tasks.c **** 	}
 946:Middlewares/Third_Party/FreeRTOS/Source/tasks.c **** 	#endif /* configUSE_APPLICATION_TASK_TAG */
 947:Middlewares/Third_Party/FreeRTOS/Source/tasks.c **** 
 948:Middlewares/Third_Party/FreeRTOS/Source/tasks.c **** 	#if ( configGENERATE_RUN_TIME_STATS == 1 )
 949:Middlewares/Third_Party/FreeRTOS/Source/tasks.c **** 	{
 950:Middlewares/Third_Party/FreeRTOS/Source/tasks.c **** 		pxNewTCB->ulRunTimeCounter = 0UL;
 951:Middlewares/Third_Party/FreeRTOS/Source/tasks.c **** 	}
 952:Middlewares/Third_Party/FreeRTOS/Source/tasks.c **** 	#endif /* configGENERATE_RUN_TIME_STATS */
 953:Middlewares/Third_Party/FreeRTOS/Source/tasks.c **** 
 954:Middlewares/Third_Party/FreeRTOS/Source/tasks.c **** 	#if ( portUSING_MPU_WRAPPERS == 1 )
 955:Middlewares/Third_Party/FreeRTOS/Source/tasks.c **** 	{
 956:Middlewares/Third_Party/FreeRTOS/Source/tasks.c **** 		vPortStoreTaskMPUSettings( &( pxNewTCB->xMPUSettings ), xRegions, pxNewTCB->pxStack, ulStackDepth
 957:Middlewares/Third_Party/FreeRTOS/Source/tasks.c **** 	}
 958:Middlewares/Third_Party/FreeRTOS/Source/tasks.c **** 	#else
 959:Middlewares/Third_Party/FreeRTOS/Source/tasks.c **** 	{
 960:Middlewares/Third_Party/FreeRTOS/Source/tasks.c **** 		/* Avoid compiler warning about unreferenced parameter. */
 961:Middlewares/Third_Party/FreeRTOS/Source/tasks.c **** 		( void ) xRegions;
 962:Middlewares/Third_Party/FreeRTOS/Source/tasks.c **** 	}
 963:Middlewares/Third_Party/FreeRTOS/Source/tasks.c **** 	#endif
 964:Middlewares/Third_Party/FreeRTOS/Source/tasks.c **** 
 965:Middlewares/Third_Party/FreeRTOS/Source/tasks.c **** 	#if( configNUM_THREAD_LOCAL_STORAGE_POINTERS != 0 )
 966:Middlewares/Third_Party/FreeRTOS/Source/tasks.c **** 	{
 967:Middlewares/Third_Party/FreeRTOS/Source/tasks.c **** 		for( x = 0; x < ( UBaseType_t ) configNUM_THREAD_LOCAL_STORAGE_POINTERS; x++ )
 968:Middlewares/Third_Party/FreeRTOS/Source/tasks.c **** 		{
 969:Middlewares/Third_Party/FreeRTOS/Source/tasks.c **** 			pxNewTCB->pvThreadLocalStoragePointers[ x ] = NULL;
 970:Middlewares/Third_Party/FreeRTOS/Source/tasks.c **** 		}
 971:Middlewares/Third_Party/FreeRTOS/Source/tasks.c **** 	}
 972:Middlewares/Third_Party/FreeRTOS/Source/tasks.c **** 	#endif
 973:Middlewares/Third_Party/FreeRTOS/Source/tasks.c **** 
 974:Middlewares/Third_Party/FreeRTOS/Source/tasks.c **** 	#if ( configUSE_TASK_NOTIFICATIONS == 1 )
 975:Middlewares/Third_Party/FreeRTOS/Source/tasks.c **** 	{
 976:Middlewares/Third_Party/FreeRTOS/Source/tasks.c **** 		pxNewTCB->ulNotifiedValue = 0;
 977:Middlewares/Third_Party/FreeRTOS/Source/tasks.c **** 		pxNewTCB->ucNotifyState = taskNOT_WAITING_NOTIFICATION;
 978:Middlewares/Third_Party/FreeRTOS/Source/tasks.c **** 	}
 979:Middlewares/Third_Party/FreeRTOS/Source/tasks.c **** 	#endif
 980:Middlewares/Third_Party/FreeRTOS/Source/tasks.c **** 
 981:Middlewares/Third_Party/FreeRTOS/Source/tasks.c **** 	#if ( configUSE_NEWLIB_REENTRANT == 1 )
 982:Middlewares/Third_Party/FreeRTOS/Source/tasks.c **** 	{
 983:Middlewares/Third_Party/FreeRTOS/Source/tasks.c **** 		/* Initialise this task's Newlib reent structure. */
 984:Middlewares/Third_Party/FreeRTOS/Source/tasks.c **** 		_REENT_INIT_PTR( ( &( pxNewTCB->xNewLib_reent ) ) );
 985:Middlewares/Third_Party/FreeRTOS/Source/tasks.c **** 	}
 986:Middlewares/Third_Party/FreeRTOS/Source/tasks.c **** 	#endif
 987:Middlewares/Third_Party/FreeRTOS/Source/tasks.c **** 
 988:Middlewares/Third_Party/FreeRTOS/Source/tasks.c **** 	#if( INCLUDE_xTaskAbortDelay == 1 )
 989:Middlewares/Third_Party/FreeRTOS/Source/tasks.c **** 	{
 990:Middlewares/Third_Party/FreeRTOS/Source/tasks.c **** 		pxNewTCB->ucDelayAborted = pdFALSE;
 991:Middlewares/Third_Party/FreeRTOS/Source/tasks.c **** 	}
 992:Middlewares/Third_Party/FreeRTOS/Source/tasks.c **** 	#endif
 993:Middlewares/Third_Party/FreeRTOS/Source/tasks.c **** 
 994:Middlewares/Third_Party/FreeRTOS/Source/tasks.c **** 	/* Initialize the TCB stack to look as if the task was already running,
 995:Middlewares/Third_Party/FreeRTOS/Source/tasks.c **** 	but had been interrupted by the scheduler.  The return address is set
 996:Middlewares/Third_Party/FreeRTOS/Source/tasks.c **** 	to the start of the task function. Once the stack has been initialised
 997:Middlewares/Third_Party/FreeRTOS/Source/tasks.c **** 	the top of stack variable is updated. */
 998:Middlewares/Third_Party/FreeRTOS/Source/tasks.c **** 	#if( portUSING_MPU_WRAPPERS == 1 )
 999:Middlewares/Third_Party/FreeRTOS/Source/tasks.c **** 	{
ARM GAS  C:\Users\31005\AppData\Local\Temp\ccNQ0Tdy.s 			page 19


1000:Middlewares/Third_Party/FreeRTOS/Source/tasks.c **** 		pxNewTCB->pxTopOfStack = pxPortInitialiseStack( pxTopOfStack, pxTaskCode, pvParameters, xRunPrivi
1001:Middlewares/Third_Party/FreeRTOS/Source/tasks.c **** 	}
1002:Middlewares/Third_Party/FreeRTOS/Source/tasks.c **** 	#else /* portUSING_MPU_WRAPPERS */
1003:Middlewares/Third_Party/FreeRTOS/Source/tasks.c **** 	{
1004:Middlewares/Third_Party/FreeRTOS/Source/tasks.c **** 		pxNewTCB->pxTopOfStack = pxPortInitialiseStack( pxTopOfStack, pxTaskCode, pvParameters );
1005:Middlewares/Third_Party/FreeRTOS/Source/tasks.c **** 	}
1006:Middlewares/Third_Party/FreeRTOS/Source/tasks.c **** 	#endif /* portUSING_MPU_WRAPPERS */
1007:Middlewares/Third_Party/FreeRTOS/Source/tasks.c **** 
1008:Middlewares/Third_Party/FreeRTOS/Source/tasks.c **** 	if( ( void * ) pxCreatedTask != NULL )
1009:Middlewares/Third_Party/FreeRTOS/Source/tasks.c **** 	{
1010:Middlewares/Third_Party/FreeRTOS/Source/tasks.c **** 		/* Pass the handle out in an anonymous way.  The handle can be used to
1011:Middlewares/Third_Party/FreeRTOS/Source/tasks.c **** 		change the created task's priority, delete the created task, etc.*/
1012:Middlewares/Third_Party/FreeRTOS/Source/tasks.c **** 		*pxCreatedTask = ( TaskHandle_t ) pxNewTCB;
1013:Middlewares/Third_Party/FreeRTOS/Source/tasks.c **** 	}
1014:Middlewares/Third_Party/FreeRTOS/Source/tasks.c **** 	else
1015:Middlewares/Third_Party/FreeRTOS/Source/tasks.c **** 	{
1016:Middlewares/Third_Party/FreeRTOS/Source/tasks.c **** 		mtCOVERAGE_TEST_MARKER();
1017:Middlewares/Third_Party/FreeRTOS/Source/tasks.c **** 	}
1018:Middlewares/Third_Party/FreeRTOS/Source/tasks.c **** }
1019:Middlewares/Third_Party/FreeRTOS/Source/tasks.c **** /*-----------------------------------------------------------*/
1020:Middlewares/Third_Party/FreeRTOS/Source/tasks.c **** 
1021:Middlewares/Third_Party/FreeRTOS/Source/tasks.c **** static void prvAddNewTaskToReadyList( TCB_t *pxNewTCB )
1022:Middlewares/Third_Party/FreeRTOS/Source/tasks.c **** {
1023:Middlewares/Third_Party/FreeRTOS/Source/tasks.c **** 	/* Ensure interrupts don't access the task lists while the lists are being
1024:Middlewares/Third_Party/FreeRTOS/Source/tasks.c **** 	updated. */
1025:Middlewares/Third_Party/FreeRTOS/Source/tasks.c **** 	taskENTER_CRITICAL();
1026:Middlewares/Third_Party/FreeRTOS/Source/tasks.c **** 	{
1027:Middlewares/Third_Party/FreeRTOS/Source/tasks.c **** 		uxCurrentNumberOfTasks++;
1028:Middlewares/Third_Party/FreeRTOS/Source/tasks.c **** 		if( pxCurrentTCB == NULL )
1029:Middlewares/Third_Party/FreeRTOS/Source/tasks.c **** 		{
1030:Middlewares/Third_Party/FreeRTOS/Source/tasks.c **** 			/* There are no other tasks, or all the other tasks are in
1031:Middlewares/Third_Party/FreeRTOS/Source/tasks.c **** 			the suspended state - make this the current task. */
1032:Middlewares/Third_Party/FreeRTOS/Source/tasks.c **** 			pxCurrentTCB = pxNewTCB;
1033:Middlewares/Third_Party/FreeRTOS/Source/tasks.c **** 
1034:Middlewares/Third_Party/FreeRTOS/Source/tasks.c **** 			if( uxCurrentNumberOfTasks == ( UBaseType_t ) 1 )
1035:Middlewares/Third_Party/FreeRTOS/Source/tasks.c **** 			{
1036:Middlewares/Third_Party/FreeRTOS/Source/tasks.c **** 				/* This is the first task to be created so do the preliminary
1037:Middlewares/Third_Party/FreeRTOS/Source/tasks.c **** 				initialisation required.  We will not recover if this call
1038:Middlewares/Third_Party/FreeRTOS/Source/tasks.c **** 				fails, but we will report the failure. */
1039:Middlewares/Third_Party/FreeRTOS/Source/tasks.c **** 				prvInitialiseTaskLists();
1040:Middlewares/Third_Party/FreeRTOS/Source/tasks.c **** 			}
1041:Middlewares/Third_Party/FreeRTOS/Source/tasks.c **** 			else
1042:Middlewares/Third_Party/FreeRTOS/Source/tasks.c **** 			{
1043:Middlewares/Third_Party/FreeRTOS/Source/tasks.c **** 				mtCOVERAGE_TEST_MARKER();
1044:Middlewares/Third_Party/FreeRTOS/Source/tasks.c **** 			}
1045:Middlewares/Third_Party/FreeRTOS/Source/tasks.c **** 		}
1046:Middlewares/Third_Party/FreeRTOS/Source/tasks.c **** 		else
1047:Middlewares/Third_Party/FreeRTOS/Source/tasks.c **** 		{
1048:Middlewares/Third_Party/FreeRTOS/Source/tasks.c **** 			/* If the scheduler is not already running, make this task the
1049:Middlewares/Third_Party/FreeRTOS/Source/tasks.c **** 			current task if it is the highest priority task to be created
1050:Middlewares/Third_Party/FreeRTOS/Source/tasks.c **** 			so far. */
1051:Middlewares/Third_Party/FreeRTOS/Source/tasks.c **** 			if( xSchedulerRunning == pdFALSE )
1052:Middlewares/Third_Party/FreeRTOS/Source/tasks.c **** 			{
1053:Middlewares/Third_Party/FreeRTOS/Source/tasks.c **** 				if( pxCurrentTCB->uxPriority <= pxNewTCB->uxPriority )
1054:Middlewares/Third_Party/FreeRTOS/Source/tasks.c **** 				{
1055:Middlewares/Third_Party/FreeRTOS/Source/tasks.c **** 					pxCurrentTCB = pxNewTCB;
1056:Middlewares/Third_Party/FreeRTOS/Source/tasks.c **** 				}
ARM GAS  C:\Users\31005\AppData\Local\Temp\ccNQ0Tdy.s 			page 20


1057:Middlewares/Third_Party/FreeRTOS/Source/tasks.c **** 				else
1058:Middlewares/Third_Party/FreeRTOS/Source/tasks.c **** 				{
1059:Middlewares/Third_Party/FreeRTOS/Source/tasks.c **** 					mtCOVERAGE_TEST_MARKER();
1060:Middlewares/Third_Party/FreeRTOS/Source/tasks.c **** 				}
1061:Middlewares/Third_Party/FreeRTOS/Source/tasks.c **** 			}
1062:Middlewares/Third_Party/FreeRTOS/Source/tasks.c **** 			else
1063:Middlewares/Third_Party/FreeRTOS/Source/tasks.c **** 			{
1064:Middlewares/Third_Party/FreeRTOS/Source/tasks.c **** 				mtCOVERAGE_TEST_MARKER();
1065:Middlewares/Third_Party/FreeRTOS/Source/tasks.c **** 			}
1066:Middlewares/Third_Party/FreeRTOS/Source/tasks.c **** 		}
1067:Middlewares/Third_Party/FreeRTOS/Source/tasks.c **** 
1068:Middlewares/Third_Party/FreeRTOS/Source/tasks.c **** 		uxTaskNumber++;
1069:Middlewares/Third_Party/FreeRTOS/Source/tasks.c **** 
1070:Middlewares/Third_Party/FreeRTOS/Source/tasks.c **** 		#if ( configUSE_TRACE_FACILITY == 1 )
1071:Middlewares/Third_Party/FreeRTOS/Source/tasks.c **** 		{
1072:Middlewares/Third_Party/FreeRTOS/Source/tasks.c **** 			/* Add a counter into the TCB for tracing only. */
1073:Middlewares/Third_Party/FreeRTOS/Source/tasks.c **** 			pxNewTCB->uxTCBNumber = uxTaskNumber;
1074:Middlewares/Third_Party/FreeRTOS/Source/tasks.c **** 		}
1075:Middlewares/Third_Party/FreeRTOS/Source/tasks.c **** 		#endif /* configUSE_TRACE_FACILITY */
1076:Middlewares/Third_Party/FreeRTOS/Source/tasks.c **** 		traceTASK_CREATE( pxNewTCB );
1077:Middlewares/Third_Party/FreeRTOS/Source/tasks.c **** 
1078:Middlewares/Third_Party/FreeRTOS/Source/tasks.c **** 		prvAddTaskToReadyList( pxNewTCB );
1079:Middlewares/Third_Party/FreeRTOS/Source/tasks.c **** 
1080:Middlewares/Third_Party/FreeRTOS/Source/tasks.c **** 		portSETUP_TCB( pxNewTCB );
1081:Middlewares/Third_Party/FreeRTOS/Source/tasks.c **** 	}
1082:Middlewares/Third_Party/FreeRTOS/Source/tasks.c **** 	taskEXIT_CRITICAL();
1083:Middlewares/Third_Party/FreeRTOS/Source/tasks.c **** 
1084:Middlewares/Third_Party/FreeRTOS/Source/tasks.c **** 	if( xSchedulerRunning != pdFALSE )
1085:Middlewares/Third_Party/FreeRTOS/Source/tasks.c **** 	{
1086:Middlewares/Third_Party/FreeRTOS/Source/tasks.c **** 		/* If the created task is of a higher priority than the current task
1087:Middlewares/Third_Party/FreeRTOS/Source/tasks.c **** 		then it should run now. */
1088:Middlewares/Third_Party/FreeRTOS/Source/tasks.c **** 		if( pxCurrentTCB->uxPriority < pxNewTCB->uxPriority )
1089:Middlewares/Third_Party/FreeRTOS/Source/tasks.c **** 		{
1090:Middlewares/Third_Party/FreeRTOS/Source/tasks.c **** 			taskYIELD_IF_USING_PREEMPTION();
1091:Middlewares/Third_Party/FreeRTOS/Source/tasks.c **** 		}
1092:Middlewares/Third_Party/FreeRTOS/Source/tasks.c **** 		else
1093:Middlewares/Third_Party/FreeRTOS/Source/tasks.c **** 		{
1094:Middlewares/Third_Party/FreeRTOS/Source/tasks.c **** 			mtCOVERAGE_TEST_MARKER();
1095:Middlewares/Third_Party/FreeRTOS/Source/tasks.c **** 		}
1096:Middlewares/Third_Party/FreeRTOS/Source/tasks.c **** 	}
1097:Middlewares/Third_Party/FreeRTOS/Source/tasks.c **** 	else
1098:Middlewares/Third_Party/FreeRTOS/Source/tasks.c **** 	{
1099:Middlewares/Third_Party/FreeRTOS/Source/tasks.c **** 		mtCOVERAGE_TEST_MARKER();
1100:Middlewares/Third_Party/FreeRTOS/Source/tasks.c **** 	}
1101:Middlewares/Third_Party/FreeRTOS/Source/tasks.c **** }
1102:Middlewares/Third_Party/FreeRTOS/Source/tasks.c **** /*-----------------------------------------------------------*/
1103:Middlewares/Third_Party/FreeRTOS/Source/tasks.c **** 
1104:Middlewares/Third_Party/FreeRTOS/Source/tasks.c **** #if ( INCLUDE_vTaskDelete == 1 )
1105:Middlewares/Third_Party/FreeRTOS/Source/tasks.c **** 
1106:Middlewares/Third_Party/FreeRTOS/Source/tasks.c **** 	void vTaskDelete( TaskHandle_t xTaskToDelete )
1107:Middlewares/Third_Party/FreeRTOS/Source/tasks.c **** 	{
1108:Middlewares/Third_Party/FreeRTOS/Source/tasks.c **** 	TCB_t *pxTCB;
1109:Middlewares/Third_Party/FreeRTOS/Source/tasks.c **** 
1110:Middlewares/Third_Party/FreeRTOS/Source/tasks.c **** 		taskENTER_CRITICAL();
1111:Middlewares/Third_Party/FreeRTOS/Source/tasks.c **** 		{
1112:Middlewares/Third_Party/FreeRTOS/Source/tasks.c **** 			/* If null is passed in here then it is the calling task that is
1113:Middlewares/Third_Party/FreeRTOS/Source/tasks.c **** 			being deleted. */
ARM GAS  C:\Users\31005\AppData\Local\Temp\ccNQ0Tdy.s 			page 21


1114:Middlewares/Third_Party/FreeRTOS/Source/tasks.c **** 			pxTCB = prvGetTCBFromHandle( xTaskToDelete );
1115:Middlewares/Third_Party/FreeRTOS/Source/tasks.c **** 
1116:Middlewares/Third_Party/FreeRTOS/Source/tasks.c **** 			/* Remove task from the ready list. */
1117:Middlewares/Third_Party/FreeRTOS/Source/tasks.c **** 			if( uxListRemove( &( pxTCB->xStateListItem ) ) == ( UBaseType_t ) 0 )
1118:Middlewares/Third_Party/FreeRTOS/Source/tasks.c **** 			{
1119:Middlewares/Third_Party/FreeRTOS/Source/tasks.c **** 				taskRESET_READY_PRIORITY( pxTCB->uxPriority );
1120:Middlewares/Third_Party/FreeRTOS/Source/tasks.c **** 			}
1121:Middlewares/Third_Party/FreeRTOS/Source/tasks.c **** 			else
1122:Middlewares/Third_Party/FreeRTOS/Source/tasks.c **** 			{
1123:Middlewares/Third_Party/FreeRTOS/Source/tasks.c **** 				mtCOVERAGE_TEST_MARKER();
1124:Middlewares/Third_Party/FreeRTOS/Source/tasks.c **** 			}
1125:Middlewares/Third_Party/FreeRTOS/Source/tasks.c **** 
1126:Middlewares/Third_Party/FreeRTOS/Source/tasks.c **** 			/* Is the task waiting on an event also? */
1127:Middlewares/Third_Party/FreeRTOS/Source/tasks.c **** 			if( listLIST_ITEM_CONTAINER( &( pxTCB->xEventListItem ) ) != NULL )
1128:Middlewares/Third_Party/FreeRTOS/Source/tasks.c **** 			{
1129:Middlewares/Third_Party/FreeRTOS/Source/tasks.c **** 				( void ) uxListRemove( &( pxTCB->xEventListItem ) );
1130:Middlewares/Third_Party/FreeRTOS/Source/tasks.c **** 			}
1131:Middlewares/Third_Party/FreeRTOS/Source/tasks.c **** 			else
1132:Middlewares/Third_Party/FreeRTOS/Source/tasks.c **** 			{
1133:Middlewares/Third_Party/FreeRTOS/Source/tasks.c **** 				mtCOVERAGE_TEST_MARKER();
1134:Middlewares/Third_Party/FreeRTOS/Source/tasks.c **** 			}
1135:Middlewares/Third_Party/FreeRTOS/Source/tasks.c **** 
1136:Middlewares/Third_Party/FreeRTOS/Source/tasks.c **** 			/* Increment the uxTaskNumber also so kernel aware debuggers can
1137:Middlewares/Third_Party/FreeRTOS/Source/tasks.c **** 			detect that the task lists need re-generating.  This is done before
1138:Middlewares/Third_Party/FreeRTOS/Source/tasks.c **** 			portPRE_TASK_DELETE_HOOK() as in the Windows port that macro will
1139:Middlewares/Third_Party/FreeRTOS/Source/tasks.c **** 			not return. */
1140:Middlewares/Third_Party/FreeRTOS/Source/tasks.c **** 			uxTaskNumber++;
1141:Middlewares/Third_Party/FreeRTOS/Source/tasks.c **** 
1142:Middlewares/Third_Party/FreeRTOS/Source/tasks.c **** 			if( pxTCB == pxCurrentTCB )
1143:Middlewares/Third_Party/FreeRTOS/Source/tasks.c **** 			{
1144:Middlewares/Third_Party/FreeRTOS/Source/tasks.c **** 				/* A task is deleting itself.  This cannot complete within the
1145:Middlewares/Third_Party/FreeRTOS/Source/tasks.c **** 				task itself, as a context switch to another task is required.
1146:Middlewares/Third_Party/FreeRTOS/Source/tasks.c **** 				Place the task in the termination list.  The idle task will
1147:Middlewares/Third_Party/FreeRTOS/Source/tasks.c **** 				check the termination list and free up any memory allocated by
1148:Middlewares/Third_Party/FreeRTOS/Source/tasks.c **** 				the scheduler for the TCB and stack of the deleted task. */
1149:Middlewares/Third_Party/FreeRTOS/Source/tasks.c **** 				vListInsertEnd( &xTasksWaitingTermination, &( pxTCB->xStateListItem ) );
1150:Middlewares/Third_Party/FreeRTOS/Source/tasks.c **** 
1151:Middlewares/Third_Party/FreeRTOS/Source/tasks.c **** 				/* Increment the ucTasksDeleted variable so the idle task knows
1152:Middlewares/Third_Party/FreeRTOS/Source/tasks.c **** 				there is a task that has been deleted and that it should therefore
1153:Middlewares/Third_Party/FreeRTOS/Source/tasks.c **** 				check the xTasksWaitingTermination list. */
1154:Middlewares/Third_Party/FreeRTOS/Source/tasks.c **** 				++uxDeletedTasksWaitingCleanUp;
1155:Middlewares/Third_Party/FreeRTOS/Source/tasks.c **** 
1156:Middlewares/Third_Party/FreeRTOS/Source/tasks.c **** 				/* The pre-delete hook is primarily for the Windows simulator,
1157:Middlewares/Third_Party/FreeRTOS/Source/tasks.c **** 				in which Windows specific clean up operations are performed,
1158:Middlewares/Third_Party/FreeRTOS/Source/tasks.c **** 				after which it is not possible to yield away from this task -
1159:Middlewares/Third_Party/FreeRTOS/Source/tasks.c **** 				hence xYieldPending is used to latch that a context switch is
1160:Middlewares/Third_Party/FreeRTOS/Source/tasks.c **** 				required. */
1161:Middlewares/Third_Party/FreeRTOS/Source/tasks.c **** 				portPRE_TASK_DELETE_HOOK( pxTCB, &xYieldPending );
1162:Middlewares/Third_Party/FreeRTOS/Source/tasks.c **** 			}
1163:Middlewares/Third_Party/FreeRTOS/Source/tasks.c **** 			else
1164:Middlewares/Third_Party/FreeRTOS/Source/tasks.c **** 			{
1165:Middlewares/Third_Party/FreeRTOS/Source/tasks.c **** 				--uxCurrentNumberOfTasks;
1166:Middlewares/Third_Party/FreeRTOS/Source/tasks.c **** 				prvDeleteTCB( pxTCB );
1167:Middlewares/Third_Party/FreeRTOS/Source/tasks.c **** 
1168:Middlewares/Third_Party/FreeRTOS/Source/tasks.c **** 				/* Reset the next expected unblock time in case it referred to
1169:Middlewares/Third_Party/FreeRTOS/Source/tasks.c **** 				the task that has just been deleted. */
1170:Middlewares/Third_Party/FreeRTOS/Source/tasks.c **** 				prvResetNextTaskUnblockTime();
ARM GAS  C:\Users\31005\AppData\Local\Temp\ccNQ0Tdy.s 			page 22


1171:Middlewares/Third_Party/FreeRTOS/Source/tasks.c **** 			}
1172:Middlewares/Third_Party/FreeRTOS/Source/tasks.c **** 
1173:Middlewares/Third_Party/FreeRTOS/Source/tasks.c **** 			traceTASK_DELETE( pxTCB );
1174:Middlewares/Third_Party/FreeRTOS/Source/tasks.c **** 		}
1175:Middlewares/Third_Party/FreeRTOS/Source/tasks.c **** 		taskEXIT_CRITICAL();
1176:Middlewares/Third_Party/FreeRTOS/Source/tasks.c **** 
1177:Middlewares/Third_Party/FreeRTOS/Source/tasks.c **** 		/* Force a reschedule if it is the currently running task that has just
1178:Middlewares/Third_Party/FreeRTOS/Source/tasks.c **** 		been deleted. */
1179:Middlewares/Third_Party/FreeRTOS/Source/tasks.c **** 		if( xSchedulerRunning != pdFALSE )
1180:Middlewares/Third_Party/FreeRTOS/Source/tasks.c **** 		{
1181:Middlewares/Third_Party/FreeRTOS/Source/tasks.c **** 			if( pxTCB == pxCurrentTCB )
1182:Middlewares/Third_Party/FreeRTOS/Source/tasks.c **** 			{
1183:Middlewares/Third_Party/FreeRTOS/Source/tasks.c **** 				configASSERT( uxSchedulerSuspended == 0 );
1184:Middlewares/Third_Party/FreeRTOS/Source/tasks.c **** 				portYIELD_WITHIN_API();
1185:Middlewares/Third_Party/FreeRTOS/Source/tasks.c **** 			}
1186:Middlewares/Third_Party/FreeRTOS/Source/tasks.c **** 			else
1187:Middlewares/Third_Party/FreeRTOS/Source/tasks.c **** 			{
1188:Middlewares/Third_Party/FreeRTOS/Source/tasks.c **** 				mtCOVERAGE_TEST_MARKER();
1189:Middlewares/Third_Party/FreeRTOS/Source/tasks.c **** 			}
1190:Middlewares/Third_Party/FreeRTOS/Source/tasks.c **** 		}
1191:Middlewares/Third_Party/FreeRTOS/Source/tasks.c **** 	}
1192:Middlewares/Third_Party/FreeRTOS/Source/tasks.c **** 
1193:Middlewares/Third_Party/FreeRTOS/Source/tasks.c **** #endif /* INCLUDE_vTaskDelete */
1194:Middlewares/Third_Party/FreeRTOS/Source/tasks.c **** /*-----------------------------------------------------------*/
1195:Middlewares/Third_Party/FreeRTOS/Source/tasks.c **** 
1196:Middlewares/Third_Party/FreeRTOS/Source/tasks.c **** #if ( INCLUDE_vTaskDelayUntil == 1 )
1197:Middlewares/Third_Party/FreeRTOS/Source/tasks.c **** 
1198:Middlewares/Third_Party/FreeRTOS/Source/tasks.c **** 	void vTaskDelayUntil( TickType_t * const pxPreviousWakeTime, const TickType_t xTimeIncrement )
1199:Middlewares/Third_Party/FreeRTOS/Source/tasks.c **** 	{
1200:Middlewares/Third_Party/FreeRTOS/Source/tasks.c **** 	TickType_t xTimeToWake;
1201:Middlewares/Third_Party/FreeRTOS/Source/tasks.c **** 	BaseType_t xAlreadyYielded, xShouldDelay = pdFALSE;
1202:Middlewares/Third_Party/FreeRTOS/Source/tasks.c **** 
1203:Middlewares/Third_Party/FreeRTOS/Source/tasks.c **** 		configASSERT( pxPreviousWakeTime );
1204:Middlewares/Third_Party/FreeRTOS/Source/tasks.c **** 		configASSERT( ( xTimeIncrement > 0U ) );
1205:Middlewares/Third_Party/FreeRTOS/Source/tasks.c **** 		configASSERT( uxSchedulerSuspended == 0 );
1206:Middlewares/Third_Party/FreeRTOS/Source/tasks.c **** 
1207:Middlewares/Third_Party/FreeRTOS/Source/tasks.c **** 		vTaskSuspendAll();
1208:Middlewares/Third_Party/FreeRTOS/Source/tasks.c **** 		{
1209:Middlewares/Third_Party/FreeRTOS/Source/tasks.c **** 			/* Minor optimisation.  The tick count cannot change in this
1210:Middlewares/Third_Party/FreeRTOS/Source/tasks.c **** 			block. */
1211:Middlewares/Third_Party/FreeRTOS/Source/tasks.c **** 			const TickType_t xConstTickCount = xTickCount;
1212:Middlewares/Third_Party/FreeRTOS/Source/tasks.c **** 
1213:Middlewares/Third_Party/FreeRTOS/Source/tasks.c **** 			/* Generate the tick time at which the task wants to wake. */
1214:Middlewares/Third_Party/FreeRTOS/Source/tasks.c **** 			xTimeToWake = *pxPreviousWakeTime + xTimeIncrement;
1215:Middlewares/Third_Party/FreeRTOS/Source/tasks.c **** 
1216:Middlewares/Third_Party/FreeRTOS/Source/tasks.c **** 			if( xConstTickCount < *pxPreviousWakeTime )
1217:Middlewares/Third_Party/FreeRTOS/Source/tasks.c **** 			{
1218:Middlewares/Third_Party/FreeRTOS/Source/tasks.c **** 				/* The tick count has overflowed since this function was
1219:Middlewares/Third_Party/FreeRTOS/Source/tasks.c **** 				lasted called.  In this case the only time we should ever
1220:Middlewares/Third_Party/FreeRTOS/Source/tasks.c **** 				actually delay is if the wake time has also	overflowed,
1221:Middlewares/Third_Party/FreeRTOS/Source/tasks.c **** 				and the wake time is greater than the tick time.  When this
1222:Middlewares/Third_Party/FreeRTOS/Source/tasks.c **** 				is the case it is as if neither time had overflowed. */
1223:Middlewares/Third_Party/FreeRTOS/Source/tasks.c **** 				if( ( xTimeToWake < *pxPreviousWakeTime ) && ( xTimeToWake > xConstTickCount ) )
1224:Middlewares/Third_Party/FreeRTOS/Source/tasks.c **** 				{
1225:Middlewares/Third_Party/FreeRTOS/Source/tasks.c **** 					xShouldDelay = pdTRUE;
1226:Middlewares/Third_Party/FreeRTOS/Source/tasks.c **** 				}
1227:Middlewares/Third_Party/FreeRTOS/Source/tasks.c **** 				else
ARM GAS  C:\Users\31005\AppData\Local\Temp\ccNQ0Tdy.s 			page 23


1228:Middlewares/Third_Party/FreeRTOS/Source/tasks.c **** 				{
1229:Middlewares/Third_Party/FreeRTOS/Source/tasks.c **** 					mtCOVERAGE_TEST_MARKER();
1230:Middlewares/Third_Party/FreeRTOS/Source/tasks.c **** 				}
1231:Middlewares/Third_Party/FreeRTOS/Source/tasks.c **** 			}
1232:Middlewares/Third_Party/FreeRTOS/Source/tasks.c **** 			else
1233:Middlewares/Third_Party/FreeRTOS/Source/tasks.c **** 			{
1234:Middlewares/Third_Party/FreeRTOS/Source/tasks.c **** 				/* The tick time has not overflowed.  In this case we will
1235:Middlewares/Third_Party/FreeRTOS/Source/tasks.c **** 				delay if either the wake time has overflowed, and/or the
1236:Middlewares/Third_Party/FreeRTOS/Source/tasks.c **** 				tick time is less than the wake time. */
1237:Middlewares/Third_Party/FreeRTOS/Source/tasks.c **** 				if( ( xTimeToWake < *pxPreviousWakeTime ) || ( xTimeToWake > xConstTickCount ) )
1238:Middlewares/Third_Party/FreeRTOS/Source/tasks.c **** 				{
1239:Middlewares/Third_Party/FreeRTOS/Source/tasks.c **** 					xShouldDelay = pdTRUE;
1240:Middlewares/Third_Party/FreeRTOS/Source/tasks.c **** 				}
1241:Middlewares/Third_Party/FreeRTOS/Source/tasks.c **** 				else
1242:Middlewares/Third_Party/FreeRTOS/Source/tasks.c **** 				{
1243:Middlewares/Third_Party/FreeRTOS/Source/tasks.c **** 					mtCOVERAGE_TEST_MARKER();
1244:Middlewares/Third_Party/FreeRTOS/Source/tasks.c **** 				}
1245:Middlewares/Third_Party/FreeRTOS/Source/tasks.c **** 			}
1246:Middlewares/Third_Party/FreeRTOS/Source/tasks.c **** 
1247:Middlewares/Third_Party/FreeRTOS/Source/tasks.c **** 			/* Update the wake time ready for the next call. */
1248:Middlewares/Third_Party/FreeRTOS/Source/tasks.c **** 			*pxPreviousWakeTime = xTimeToWake;
1249:Middlewares/Third_Party/FreeRTOS/Source/tasks.c **** 
1250:Middlewares/Third_Party/FreeRTOS/Source/tasks.c **** 			if( xShouldDelay != pdFALSE )
1251:Middlewares/Third_Party/FreeRTOS/Source/tasks.c **** 			{
1252:Middlewares/Third_Party/FreeRTOS/Source/tasks.c **** 				traceTASK_DELAY_UNTIL( xTimeToWake );
1253:Middlewares/Third_Party/FreeRTOS/Source/tasks.c **** 
1254:Middlewares/Third_Party/FreeRTOS/Source/tasks.c **** 				/* prvAddCurrentTaskToDelayedList() needs the block time, not
1255:Middlewares/Third_Party/FreeRTOS/Source/tasks.c **** 				the time to wake, so subtract the current tick count. */
1256:Middlewares/Third_Party/FreeRTOS/Source/tasks.c **** 				prvAddCurrentTaskToDelayedList( xTimeToWake - xConstTickCount, pdFALSE );
1257:Middlewares/Third_Party/FreeRTOS/Source/tasks.c **** 			}
1258:Middlewares/Third_Party/FreeRTOS/Source/tasks.c **** 			else
1259:Middlewares/Third_Party/FreeRTOS/Source/tasks.c **** 			{
1260:Middlewares/Third_Party/FreeRTOS/Source/tasks.c **** 				mtCOVERAGE_TEST_MARKER();
1261:Middlewares/Third_Party/FreeRTOS/Source/tasks.c **** 			}
1262:Middlewares/Third_Party/FreeRTOS/Source/tasks.c **** 		}
1263:Middlewares/Third_Party/FreeRTOS/Source/tasks.c **** 		xAlreadyYielded = xTaskResumeAll();
1264:Middlewares/Third_Party/FreeRTOS/Source/tasks.c **** 
1265:Middlewares/Third_Party/FreeRTOS/Source/tasks.c **** 		/* Force a reschedule if xTaskResumeAll has not already done so, we may
1266:Middlewares/Third_Party/FreeRTOS/Source/tasks.c **** 		have put ourselves to sleep. */
1267:Middlewares/Third_Party/FreeRTOS/Source/tasks.c **** 		if( xAlreadyYielded == pdFALSE )
1268:Middlewares/Third_Party/FreeRTOS/Source/tasks.c **** 		{
1269:Middlewares/Third_Party/FreeRTOS/Source/tasks.c **** 			portYIELD_WITHIN_API();
1270:Middlewares/Third_Party/FreeRTOS/Source/tasks.c **** 		}
1271:Middlewares/Third_Party/FreeRTOS/Source/tasks.c **** 		else
1272:Middlewares/Third_Party/FreeRTOS/Source/tasks.c **** 		{
1273:Middlewares/Third_Party/FreeRTOS/Source/tasks.c **** 			mtCOVERAGE_TEST_MARKER();
1274:Middlewares/Third_Party/FreeRTOS/Source/tasks.c **** 		}
1275:Middlewares/Third_Party/FreeRTOS/Source/tasks.c **** 	}
1276:Middlewares/Third_Party/FreeRTOS/Source/tasks.c **** 
1277:Middlewares/Third_Party/FreeRTOS/Source/tasks.c **** #endif /* INCLUDE_vTaskDelayUntil */
1278:Middlewares/Third_Party/FreeRTOS/Source/tasks.c **** /*-----------------------------------------------------------*/
1279:Middlewares/Third_Party/FreeRTOS/Source/tasks.c **** 
1280:Middlewares/Third_Party/FreeRTOS/Source/tasks.c **** #if ( INCLUDE_vTaskDelay == 1 )
1281:Middlewares/Third_Party/FreeRTOS/Source/tasks.c **** 
1282:Middlewares/Third_Party/FreeRTOS/Source/tasks.c **** 	void vTaskDelay( const TickType_t xTicksToDelay )
1283:Middlewares/Third_Party/FreeRTOS/Source/tasks.c **** 	{
1284:Middlewares/Third_Party/FreeRTOS/Source/tasks.c **** 	BaseType_t xAlreadyYielded = pdFALSE;
ARM GAS  C:\Users\31005\AppData\Local\Temp\ccNQ0Tdy.s 			page 24


1285:Middlewares/Third_Party/FreeRTOS/Source/tasks.c **** 
1286:Middlewares/Third_Party/FreeRTOS/Source/tasks.c **** 		/* A delay time of zero just forces a reschedule. */
1287:Middlewares/Third_Party/FreeRTOS/Source/tasks.c **** 		if( xTicksToDelay > ( TickType_t ) 0U )
1288:Middlewares/Third_Party/FreeRTOS/Source/tasks.c **** 		{
1289:Middlewares/Third_Party/FreeRTOS/Source/tasks.c **** 			configASSERT( uxSchedulerSuspended == 0 );
1290:Middlewares/Third_Party/FreeRTOS/Source/tasks.c **** 			vTaskSuspendAll();
1291:Middlewares/Third_Party/FreeRTOS/Source/tasks.c **** 			{
1292:Middlewares/Third_Party/FreeRTOS/Source/tasks.c **** 				traceTASK_DELAY();
1293:Middlewares/Third_Party/FreeRTOS/Source/tasks.c **** 
1294:Middlewares/Third_Party/FreeRTOS/Source/tasks.c **** 				/* A task that is removed from the event list while the
1295:Middlewares/Third_Party/FreeRTOS/Source/tasks.c **** 				scheduler is suspended will not get placed in the ready
1296:Middlewares/Third_Party/FreeRTOS/Source/tasks.c **** 				list or removed from the blocked list until the scheduler
1297:Middlewares/Third_Party/FreeRTOS/Source/tasks.c **** 				is resumed.
1298:Middlewares/Third_Party/FreeRTOS/Source/tasks.c **** 
1299:Middlewares/Third_Party/FreeRTOS/Source/tasks.c **** 				This task cannot be in an event list as it is the currently
1300:Middlewares/Third_Party/FreeRTOS/Source/tasks.c **** 				executing task. */
1301:Middlewares/Third_Party/FreeRTOS/Source/tasks.c **** 				prvAddCurrentTaskToDelayedList( xTicksToDelay, pdFALSE );
1302:Middlewares/Third_Party/FreeRTOS/Source/tasks.c **** 			}
1303:Middlewares/Third_Party/FreeRTOS/Source/tasks.c **** 			xAlreadyYielded = xTaskResumeAll();
1304:Middlewares/Third_Party/FreeRTOS/Source/tasks.c **** 		}
1305:Middlewares/Third_Party/FreeRTOS/Source/tasks.c **** 		else
1306:Middlewares/Third_Party/FreeRTOS/Source/tasks.c **** 		{
1307:Middlewares/Third_Party/FreeRTOS/Source/tasks.c **** 			mtCOVERAGE_TEST_MARKER();
1308:Middlewares/Third_Party/FreeRTOS/Source/tasks.c **** 		}
1309:Middlewares/Third_Party/FreeRTOS/Source/tasks.c **** 
1310:Middlewares/Third_Party/FreeRTOS/Source/tasks.c **** 		/* Force a reschedule if xTaskResumeAll has not already done so, we may
1311:Middlewares/Third_Party/FreeRTOS/Source/tasks.c **** 		have put ourselves to sleep. */
1312:Middlewares/Third_Party/FreeRTOS/Source/tasks.c **** 		if( xAlreadyYielded == pdFALSE )
1313:Middlewares/Third_Party/FreeRTOS/Source/tasks.c **** 		{
1314:Middlewares/Third_Party/FreeRTOS/Source/tasks.c **** 			portYIELD_WITHIN_API();
1315:Middlewares/Third_Party/FreeRTOS/Source/tasks.c **** 		}
1316:Middlewares/Third_Party/FreeRTOS/Source/tasks.c **** 		else
1317:Middlewares/Third_Party/FreeRTOS/Source/tasks.c **** 		{
1318:Middlewares/Third_Party/FreeRTOS/Source/tasks.c **** 			mtCOVERAGE_TEST_MARKER();
1319:Middlewares/Third_Party/FreeRTOS/Source/tasks.c **** 		}
1320:Middlewares/Third_Party/FreeRTOS/Source/tasks.c **** 	}
1321:Middlewares/Third_Party/FreeRTOS/Source/tasks.c **** 
1322:Middlewares/Third_Party/FreeRTOS/Source/tasks.c **** #endif /* INCLUDE_vTaskDelay */
1323:Middlewares/Third_Party/FreeRTOS/Source/tasks.c **** /*-----------------------------------------------------------*/
1324:Middlewares/Third_Party/FreeRTOS/Source/tasks.c **** 
1325:Middlewares/Third_Party/FreeRTOS/Source/tasks.c **** #if( ( INCLUDE_eTaskGetState == 1 ) || ( configUSE_TRACE_FACILITY == 1 ) )
1326:Middlewares/Third_Party/FreeRTOS/Source/tasks.c **** 
1327:Middlewares/Third_Party/FreeRTOS/Source/tasks.c **** 	eTaskState eTaskGetState( TaskHandle_t xTask )
1328:Middlewares/Third_Party/FreeRTOS/Source/tasks.c **** 	{
1329:Middlewares/Third_Party/FreeRTOS/Source/tasks.c **** 	eTaskState eReturn;
1330:Middlewares/Third_Party/FreeRTOS/Source/tasks.c **** 	List_t *pxStateList;
1331:Middlewares/Third_Party/FreeRTOS/Source/tasks.c **** 	const TCB_t * const pxTCB = ( TCB_t * ) xTask;
1332:Middlewares/Third_Party/FreeRTOS/Source/tasks.c **** 
1333:Middlewares/Third_Party/FreeRTOS/Source/tasks.c **** 		configASSERT( pxTCB );
1334:Middlewares/Third_Party/FreeRTOS/Source/tasks.c **** 
1335:Middlewares/Third_Party/FreeRTOS/Source/tasks.c **** 		if( pxTCB == pxCurrentTCB )
1336:Middlewares/Third_Party/FreeRTOS/Source/tasks.c **** 		{
1337:Middlewares/Third_Party/FreeRTOS/Source/tasks.c **** 			/* The task calling this function is querying its own state. */
1338:Middlewares/Third_Party/FreeRTOS/Source/tasks.c **** 			eReturn = eRunning;
1339:Middlewares/Third_Party/FreeRTOS/Source/tasks.c **** 		}
1340:Middlewares/Third_Party/FreeRTOS/Source/tasks.c **** 		else
1341:Middlewares/Third_Party/FreeRTOS/Source/tasks.c **** 		{
ARM GAS  C:\Users\31005\AppData\Local\Temp\ccNQ0Tdy.s 			page 25


1342:Middlewares/Third_Party/FreeRTOS/Source/tasks.c **** 			taskENTER_CRITICAL();
1343:Middlewares/Third_Party/FreeRTOS/Source/tasks.c **** 			{
1344:Middlewares/Third_Party/FreeRTOS/Source/tasks.c **** 				pxStateList = ( List_t * ) listLIST_ITEM_CONTAINER( &( pxTCB->xStateListItem ) );
1345:Middlewares/Third_Party/FreeRTOS/Source/tasks.c **** 			}
1346:Middlewares/Third_Party/FreeRTOS/Source/tasks.c **** 			taskEXIT_CRITICAL();
1347:Middlewares/Third_Party/FreeRTOS/Source/tasks.c **** 
1348:Middlewares/Third_Party/FreeRTOS/Source/tasks.c **** 			if( ( pxStateList == pxDelayedTaskList ) || ( pxStateList == pxOverflowDelayedTaskList ) )
1349:Middlewares/Third_Party/FreeRTOS/Source/tasks.c **** 			{
1350:Middlewares/Third_Party/FreeRTOS/Source/tasks.c **** 				/* The task being queried is referenced from one of the Blocked
1351:Middlewares/Third_Party/FreeRTOS/Source/tasks.c **** 				lists. */
1352:Middlewares/Third_Party/FreeRTOS/Source/tasks.c **** 				eReturn = eBlocked;
1353:Middlewares/Third_Party/FreeRTOS/Source/tasks.c **** 			}
1354:Middlewares/Third_Party/FreeRTOS/Source/tasks.c **** 
1355:Middlewares/Third_Party/FreeRTOS/Source/tasks.c **** 			#if ( INCLUDE_vTaskSuspend == 1 )
1356:Middlewares/Third_Party/FreeRTOS/Source/tasks.c **** 				else if( pxStateList == &xSuspendedTaskList )
1357:Middlewares/Third_Party/FreeRTOS/Source/tasks.c **** 				{
1358:Middlewares/Third_Party/FreeRTOS/Source/tasks.c **** 					/* The task being queried is referenced from the suspended
1359:Middlewares/Third_Party/FreeRTOS/Source/tasks.c **** 					list.  Is it genuinely suspended or is it block
1360:Middlewares/Third_Party/FreeRTOS/Source/tasks.c **** 					indefinitely? */
1361:Middlewares/Third_Party/FreeRTOS/Source/tasks.c **** 					if( listLIST_ITEM_CONTAINER( &( pxTCB->xEventListItem ) ) == NULL )
1362:Middlewares/Third_Party/FreeRTOS/Source/tasks.c **** 					{
1363:Middlewares/Third_Party/FreeRTOS/Source/tasks.c **** 						eReturn = eSuspended;
1364:Middlewares/Third_Party/FreeRTOS/Source/tasks.c **** 					}
1365:Middlewares/Third_Party/FreeRTOS/Source/tasks.c **** 					else
1366:Middlewares/Third_Party/FreeRTOS/Source/tasks.c **** 					{
1367:Middlewares/Third_Party/FreeRTOS/Source/tasks.c **** 						eReturn = eBlocked;
1368:Middlewares/Third_Party/FreeRTOS/Source/tasks.c **** 					}
1369:Middlewares/Third_Party/FreeRTOS/Source/tasks.c **** 				}
1370:Middlewares/Third_Party/FreeRTOS/Source/tasks.c **** 			#endif
1371:Middlewares/Third_Party/FreeRTOS/Source/tasks.c **** 
1372:Middlewares/Third_Party/FreeRTOS/Source/tasks.c **** 			#if ( INCLUDE_vTaskDelete == 1 )
1373:Middlewares/Third_Party/FreeRTOS/Source/tasks.c **** 				else if( ( pxStateList == &xTasksWaitingTermination ) || ( pxStateList == NULL ) )
1374:Middlewares/Third_Party/FreeRTOS/Source/tasks.c **** 				{
1375:Middlewares/Third_Party/FreeRTOS/Source/tasks.c **** 					/* The task being queried is referenced from the deleted
1376:Middlewares/Third_Party/FreeRTOS/Source/tasks.c **** 					tasks list, or it is not referenced from any lists at
1377:Middlewares/Third_Party/FreeRTOS/Source/tasks.c **** 					all. */
1378:Middlewares/Third_Party/FreeRTOS/Source/tasks.c **** 					eReturn = eDeleted;
1379:Middlewares/Third_Party/FreeRTOS/Source/tasks.c **** 				}
1380:Middlewares/Third_Party/FreeRTOS/Source/tasks.c **** 			#endif
1381:Middlewares/Third_Party/FreeRTOS/Source/tasks.c **** 
1382:Middlewares/Third_Party/FreeRTOS/Source/tasks.c **** 			else /*lint !e525 Negative indentation is intended to make use of pre-processor clearer. */
1383:Middlewares/Third_Party/FreeRTOS/Source/tasks.c **** 			{
1384:Middlewares/Third_Party/FreeRTOS/Source/tasks.c **** 				/* If the task is not in any other state, it must be in the
1385:Middlewares/Third_Party/FreeRTOS/Source/tasks.c **** 				Ready (including pending ready) state. */
1386:Middlewares/Third_Party/FreeRTOS/Source/tasks.c **** 				eReturn = eReady;
1387:Middlewares/Third_Party/FreeRTOS/Source/tasks.c **** 			}
1388:Middlewares/Third_Party/FreeRTOS/Source/tasks.c **** 		}
1389:Middlewares/Third_Party/FreeRTOS/Source/tasks.c **** 
1390:Middlewares/Third_Party/FreeRTOS/Source/tasks.c **** 		return eReturn;
1391:Middlewares/Third_Party/FreeRTOS/Source/tasks.c **** 	} /*lint !e818 xTask cannot be a pointer to const because it is a typedef. */
1392:Middlewares/Third_Party/FreeRTOS/Source/tasks.c **** 
1393:Middlewares/Third_Party/FreeRTOS/Source/tasks.c **** #endif /* INCLUDE_eTaskGetState */
1394:Middlewares/Third_Party/FreeRTOS/Source/tasks.c **** /*-----------------------------------------------------------*/
1395:Middlewares/Third_Party/FreeRTOS/Source/tasks.c **** 
1396:Middlewares/Third_Party/FreeRTOS/Source/tasks.c **** #if ( INCLUDE_uxTaskPriorityGet == 1 )
1397:Middlewares/Third_Party/FreeRTOS/Source/tasks.c **** 
1398:Middlewares/Third_Party/FreeRTOS/Source/tasks.c **** 	UBaseType_t uxTaskPriorityGet( TaskHandle_t xTask )
ARM GAS  C:\Users\31005\AppData\Local\Temp\ccNQ0Tdy.s 			page 26


1399:Middlewares/Third_Party/FreeRTOS/Source/tasks.c **** 	{
1400:Middlewares/Third_Party/FreeRTOS/Source/tasks.c **** 	TCB_t *pxTCB;
1401:Middlewares/Third_Party/FreeRTOS/Source/tasks.c **** 	UBaseType_t uxReturn;
1402:Middlewares/Third_Party/FreeRTOS/Source/tasks.c **** 
1403:Middlewares/Third_Party/FreeRTOS/Source/tasks.c **** 		taskENTER_CRITICAL();
1404:Middlewares/Third_Party/FreeRTOS/Source/tasks.c **** 		{
1405:Middlewares/Third_Party/FreeRTOS/Source/tasks.c **** 			/* If null is passed in here then it is the priority of the that
1406:Middlewares/Third_Party/FreeRTOS/Source/tasks.c **** 			called uxTaskPriorityGet() that is being queried. */
1407:Middlewares/Third_Party/FreeRTOS/Source/tasks.c **** 			pxTCB = prvGetTCBFromHandle( xTask );
1408:Middlewares/Third_Party/FreeRTOS/Source/tasks.c **** 			uxReturn = pxTCB->uxPriority;
1409:Middlewares/Third_Party/FreeRTOS/Source/tasks.c **** 		}
1410:Middlewares/Third_Party/FreeRTOS/Source/tasks.c **** 		taskEXIT_CRITICAL();
1411:Middlewares/Third_Party/FreeRTOS/Source/tasks.c **** 
1412:Middlewares/Third_Party/FreeRTOS/Source/tasks.c **** 		return uxReturn;
1413:Middlewares/Third_Party/FreeRTOS/Source/tasks.c **** 	}
1414:Middlewares/Third_Party/FreeRTOS/Source/tasks.c **** 
1415:Middlewares/Third_Party/FreeRTOS/Source/tasks.c **** #endif /* INCLUDE_uxTaskPriorityGet */
1416:Middlewares/Third_Party/FreeRTOS/Source/tasks.c **** /*-----------------------------------------------------------*/
1417:Middlewares/Third_Party/FreeRTOS/Source/tasks.c **** 
1418:Middlewares/Third_Party/FreeRTOS/Source/tasks.c **** #if ( INCLUDE_uxTaskPriorityGet == 1 )
1419:Middlewares/Third_Party/FreeRTOS/Source/tasks.c **** 
1420:Middlewares/Third_Party/FreeRTOS/Source/tasks.c **** 	UBaseType_t uxTaskPriorityGetFromISR( TaskHandle_t xTask )
1421:Middlewares/Third_Party/FreeRTOS/Source/tasks.c **** 	{
1422:Middlewares/Third_Party/FreeRTOS/Source/tasks.c **** 	TCB_t *pxTCB;
1423:Middlewares/Third_Party/FreeRTOS/Source/tasks.c **** 	UBaseType_t uxReturn, uxSavedInterruptState;
1424:Middlewares/Third_Party/FreeRTOS/Source/tasks.c **** 
1425:Middlewares/Third_Party/FreeRTOS/Source/tasks.c **** 		/* RTOS ports that support interrupt nesting have the concept of a
1426:Middlewares/Third_Party/FreeRTOS/Source/tasks.c **** 		maximum	system call (or maximum API call) interrupt priority.
1427:Middlewares/Third_Party/FreeRTOS/Source/tasks.c **** 		Interrupts that are	above the maximum system call priority are keep
1428:Middlewares/Third_Party/FreeRTOS/Source/tasks.c **** 		permanently enabled, even when the RTOS kernel is in a critical section,
1429:Middlewares/Third_Party/FreeRTOS/Source/tasks.c **** 		but cannot make any calls to FreeRTOS API functions.  If configASSERT()
1430:Middlewares/Third_Party/FreeRTOS/Source/tasks.c **** 		is defined in FreeRTOSConfig.h then
1431:Middlewares/Third_Party/FreeRTOS/Source/tasks.c **** 		portASSERT_IF_INTERRUPT_PRIORITY_INVALID() will result in an assertion
1432:Middlewares/Third_Party/FreeRTOS/Source/tasks.c **** 		failure if a FreeRTOS API function is called from an interrupt that has
1433:Middlewares/Third_Party/FreeRTOS/Source/tasks.c **** 		been assigned a priority above the configured maximum system call
1434:Middlewares/Third_Party/FreeRTOS/Source/tasks.c **** 		priority.  Only FreeRTOS functions that end in FromISR can be called
1435:Middlewares/Third_Party/FreeRTOS/Source/tasks.c **** 		from interrupts	that have been assigned a priority at or (logically)
1436:Middlewares/Third_Party/FreeRTOS/Source/tasks.c **** 		below the maximum system call interrupt priority.  FreeRTOS maintains a
1437:Middlewares/Third_Party/FreeRTOS/Source/tasks.c **** 		separate interrupt safe API to ensure interrupt entry is as fast and as
1438:Middlewares/Third_Party/FreeRTOS/Source/tasks.c **** 		simple as possible.  More information (albeit Cortex-M specific) is
1439:Middlewares/Third_Party/FreeRTOS/Source/tasks.c **** 		provided on the following link:
1440:Middlewares/Third_Party/FreeRTOS/Source/tasks.c **** 		http://www.freertos.org/RTOS-Cortex-M3-M4.html */
1441:Middlewares/Third_Party/FreeRTOS/Source/tasks.c **** 		portASSERT_IF_INTERRUPT_PRIORITY_INVALID();
1442:Middlewares/Third_Party/FreeRTOS/Source/tasks.c **** 
1443:Middlewares/Third_Party/FreeRTOS/Source/tasks.c **** 		uxSavedInterruptState = portSET_INTERRUPT_MASK_FROM_ISR();
1444:Middlewares/Third_Party/FreeRTOS/Source/tasks.c **** 		{
1445:Middlewares/Third_Party/FreeRTOS/Source/tasks.c **** 			/* If null is passed in here then it is the priority of the calling
1446:Middlewares/Third_Party/FreeRTOS/Source/tasks.c **** 			task that is being queried. */
1447:Middlewares/Third_Party/FreeRTOS/Source/tasks.c **** 			pxTCB = prvGetTCBFromHandle( xTask );
1448:Middlewares/Third_Party/FreeRTOS/Source/tasks.c **** 			uxReturn = pxTCB->uxPriority;
1449:Middlewares/Third_Party/FreeRTOS/Source/tasks.c **** 		}
1450:Middlewares/Third_Party/FreeRTOS/Source/tasks.c **** 		portCLEAR_INTERRUPT_MASK_FROM_ISR( uxSavedInterruptState );
1451:Middlewares/Third_Party/FreeRTOS/Source/tasks.c **** 
1452:Middlewares/Third_Party/FreeRTOS/Source/tasks.c **** 		return uxReturn;
1453:Middlewares/Third_Party/FreeRTOS/Source/tasks.c **** 	}
1454:Middlewares/Third_Party/FreeRTOS/Source/tasks.c **** 
1455:Middlewares/Third_Party/FreeRTOS/Source/tasks.c **** #endif /* INCLUDE_uxTaskPriorityGet */
ARM GAS  C:\Users\31005\AppData\Local\Temp\ccNQ0Tdy.s 			page 27


1456:Middlewares/Third_Party/FreeRTOS/Source/tasks.c **** /*-----------------------------------------------------------*/
1457:Middlewares/Third_Party/FreeRTOS/Source/tasks.c **** 
1458:Middlewares/Third_Party/FreeRTOS/Source/tasks.c **** #if ( INCLUDE_vTaskPrioritySet == 1 )
1459:Middlewares/Third_Party/FreeRTOS/Source/tasks.c **** 
1460:Middlewares/Third_Party/FreeRTOS/Source/tasks.c **** 	void vTaskPrioritySet( TaskHandle_t xTask, UBaseType_t uxNewPriority )
1461:Middlewares/Third_Party/FreeRTOS/Source/tasks.c **** 	{
1462:Middlewares/Third_Party/FreeRTOS/Source/tasks.c **** 	TCB_t *pxTCB;
1463:Middlewares/Third_Party/FreeRTOS/Source/tasks.c **** 	UBaseType_t uxCurrentBasePriority, uxPriorityUsedOnEntry;
1464:Middlewares/Third_Party/FreeRTOS/Source/tasks.c **** 	BaseType_t xYieldRequired = pdFALSE;
1465:Middlewares/Third_Party/FreeRTOS/Source/tasks.c **** 
1466:Middlewares/Third_Party/FreeRTOS/Source/tasks.c **** 		configASSERT( ( uxNewPriority < configMAX_PRIORITIES ) );
1467:Middlewares/Third_Party/FreeRTOS/Source/tasks.c **** 
1468:Middlewares/Third_Party/FreeRTOS/Source/tasks.c **** 		/* Ensure the new priority is valid. */
1469:Middlewares/Third_Party/FreeRTOS/Source/tasks.c **** 		if( uxNewPriority >= ( UBaseType_t ) configMAX_PRIORITIES )
1470:Middlewares/Third_Party/FreeRTOS/Source/tasks.c **** 		{
1471:Middlewares/Third_Party/FreeRTOS/Source/tasks.c **** 			uxNewPriority = ( UBaseType_t ) configMAX_PRIORITIES - ( UBaseType_t ) 1U;
1472:Middlewares/Third_Party/FreeRTOS/Source/tasks.c **** 		}
1473:Middlewares/Third_Party/FreeRTOS/Source/tasks.c **** 		else
1474:Middlewares/Third_Party/FreeRTOS/Source/tasks.c **** 		{
1475:Middlewares/Third_Party/FreeRTOS/Source/tasks.c **** 			mtCOVERAGE_TEST_MARKER();
1476:Middlewares/Third_Party/FreeRTOS/Source/tasks.c **** 		}
1477:Middlewares/Third_Party/FreeRTOS/Source/tasks.c **** 
1478:Middlewares/Third_Party/FreeRTOS/Source/tasks.c **** 		taskENTER_CRITICAL();
1479:Middlewares/Third_Party/FreeRTOS/Source/tasks.c **** 		{
1480:Middlewares/Third_Party/FreeRTOS/Source/tasks.c **** 			/* If null is passed in here then it is the priority of the calling
1481:Middlewares/Third_Party/FreeRTOS/Source/tasks.c **** 			task that is being changed. */
1482:Middlewares/Third_Party/FreeRTOS/Source/tasks.c **** 			pxTCB = prvGetTCBFromHandle( xTask );
1483:Middlewares/Third_Party/FreeRTOS/Source/tasks.c **** 
1484:Middlewares/Third_Party/FreeRTOS/Source/tasks.c **** 			traceTASK_PRIORITY_SET( pxTCB, uxNewPriority );
1485:Middlewares/Third_Party/FreeRTOS/Source/tasks.c **** 
1486:Middlewares/Third_Party/FreeRTOS/Source/tasks.c **** 			#if ( configUSE_MUTEXES == 1 )
1487:Middlewares/Third_Party/FreeRTOS/Source/tasks.c **** 			{
1488:Middlewares/Third_Party/FreeRTOS/Source/tasks.c **** 				uxCurrentBasePriority = pxTCB->uxBasePriority;
1489:Middlewares/Third_Party/FreeRTOS/Source/tasks.c **** 			}
1490:Middlewares/Third_Party/FreeRTOS/Source/tasks.c **** 			#else
1491:Middlewares/Third_Party/FreeRTOS/Source/tasks.c **** 			{
1492:Middlewares/Third_Party/FreeRTOS/Source/tasks.c **** 				uxCurrentBasePriority = pxTCB->uxPriority;
1493:Middlewares/Third_Party/FreeRTOS/Source/tasks.c **** 			}
1494:Middlewares/Third_Party/FreeRTOS/Source/tasks.c **** 			#endif
1495:Middlewares/Third_Party/FreeRTOS/Source/tasks.c **** 
1496:Middlewares/Third_Party/FreeRTOS/Source/tasks.c **** 			if( uxCurrentBasePriority != uxNewPriority )
1497:Middlewares/Third_Party/FreeRTOS/Source/tasks.c **** 			{
1498:Middlewares/Third_Party/FreeRTOS/Source/tasks.c **** 				/* The priority change may have readied a task of higher
1499:Middlewares/Third_Party/FreeRTOS/Source/tasks.c **** 				priority than the calling task. */
1500:Middlewares/Third_Party/FreeRTOS/Source/tasks.c **** 				if( uxNewPriority > uxCurrentBasePriority )
1501:Middlewares/Third_Party/FreeRTOS/Source/tasks.c **** 				{
1502:Middlewares/Third_Party/FreeRTOS/Source/tasks.c **** 					if( pxTCB != pxCurrentTCB )
1503:Middlewares/Third_Party/FreeRTOS/Source/tasks.c **** 					{
1504:Middlewares/Third_Party/FreeRTOS/Source/tasks.c **** 						/* The priority of a task other than the currently
1505:Middlewares/Third_Party/FreeRTOS/Source/tasks.c **** 						running task is being raised.  Is the priority being
1506:Middlewares/Third_Party/FreeRTOS/Source/tasks.c **** 						raised above that of the running task? */
1507:Middlewares/Third_Party/FreeRTOS/Source/tasks.c **** 						if( uxNewPriority >= pxCurrentTCB->uxPriority )
1508:Middlewares/Third_Party/FreeRTOS/Source/tasks.c **** 						{
1509:Middlewares/Third_Party/FreeRTOS/Source/tasks.c **** 							xYieldRequired = pdTRUE;
1510:Middlewares/Third_Party/FreeRTOS/Source/tasks.c **** 						}
1511:Middlewares/Third_Party/FreeRTOS/Source/tasks.c **** 						else
1512:Middlewares/Third_Party/FreeRTOS/Source/tasks.c **** 						{
ARM GAS  C:\Users\31005\AppData\Local\Temp\ccNQ0Tdy.s 			page 28


1513:Middlewares/Third_Party/FreeRTOS/Source/tasks.c **** 							mtCOVERAGE_TEST_MARKER();
1514:Middlewares/Third_Party/FreeRTOS/Source/tasks.c **** 						}
1515:Middlewares/Third_Party/FreeRTOS/Source/tasks.c **** 					}
1516:Middlewares/Third_Party/FreeRTOS/Source/tasks.c **** 					else
1517:Middlewares/Third_Party/FreeRTOS/Source/tasks.c **** 					{
1518:Middlewares/Third_Party/FreeRTOS/Source/tasks.c **** 						/* The priority of the running task is being raised,
1519:Middlewares/Third_Party/FreeRTOS/Source/tasks.c **** 						but the running task must already be the highest
1520:Middlewares/Third_Party/FreeRTOS/Source/tasks.c **** 						priority task able to run so no yield is required. */
1521:Middlewares/Third_Party/FreeRTOS/Source/tasks.c **** 					}
1522:Middlewares/Third_Party/FreeRTOS/Source/tasks.c **** 				}
1523:Middlewares/Third_Party/FreeRTOS/Source/tasks.c **** 				else if( pxTCB == pxCurrentTCB )
1524:Middlewares/Third_Party/FreeRTOS/Source/tasks.c **** 				{
1525:Middlewares/Third_Party/FreeRTOS/Source/tasks.c **** 					/* Setting the priority of the running task down means
1526:Middlewares/Third_Party/FreeRTOS/Source/tasks.c **** 					there may now be another task of higher priority that
1527:Middlewares/Third_Party/FreeRTOS/Source/tasks.c **** 					is ready to execute. */
1528:Middlewares/Third_Party/FreeRTOS/Source/tasks.c **** 					xYieldRequired = pdTRUE;
1529:Middlewares/Third_Party/FreeRTOS/Source/tasks.c **** 				}
1530:Middlewares/Third_Party/FreeRTOS/Source/tasks.c **** 				else
1531:Middlewares/Third_Party/FreeRTOS/Source/tasks.c **** 				{
1532:Middlewares/Third_Party/FreeRTOS/Source/tasks.c **** 					/* Setting the priority of any other task down does not
1533:Middlewares/Third_Party/FreeRTOS/Source/tasks.c **** 					require a yield as the running task must be above the
1534:Middlewares/Third_Party/FreeRTOS/Source/tasks.c **** 					new priority of the task being modified. */
1535:Middlewares/Third_Party/FreeRTOS/Source/tasks.c **** 				}
1536:Middlewares/Third_Party/FreeRTOS/Source/tasks.c **** 
1537:Middlewares/Third_Party/FreeRTOS/Source/tasks.c **** 				/* Remember the ready list the task might be referenced from
1538:Middlewares/Third_Party/FreeRTOS/Source/tasks.c **** 				before its uxPriority member is changed so the
1539:Middlewares/Third_Party/FreeRTOS/Source/tasks.c **** 				taskRESET_READY_PRIORITY() macro can function correctly. */
1540:Middlewares/Third_Party/FreeRTOS/Source/tasks.c **** 				uxPriorityUsedOnEntry = pxTCB->uxPriority;
1541:Middlewares/Third_Party/FreeRTOS/Source/tasks.c **** 
1542:Middlewares/Third_Party/FreeRTOS/Source/tasks.c **** 				#if ( configUSE_MUTEXES == 1 )
1543:Middlewares/Third_Party/FreeRTOS/Source/tasks.c **** 				{
1544:Middlewares/Third_Party/FreeRTOS/Source/tasks.c **** 					/* Only change the priority being used if the task is not
1545:Middlewares/Third_Party/FreeRTOS/Source/tasks.c **** 					currently using an inherited priority. */
1546:Middlewares/Third_Party/FreeRTOS/Source/tasks.c **** 					if( pxTCB->uxBasePriority == pxTCB->uxPriority )
1547:Middlewares/Third_Party/FreeRTOS/Source/tasks.c **** 					{
1548:Middlewares/Third_Party/FreeRTOS/Source/tasks.c **** 						pxTCB->uxPriority = uxNewPriority;
1549:Middlewares/Third_Party/FreeRTOS/Source/tasks.c **** 					}
1550:Middlewares/Third_Party/FreeRTOS/Source/tasks.c **** 					else
1551:Middlewares/Third_Party/FreeRTOS/Source/tasks.c **** 					{
1552:Middlewares/Third_Party/FreeRTOS/Source/tasks.c **** 						mtCOVERAGE_TEST_MARKER();
1553:Middlewares/Third_Party/FreeRTOS/Source/tasks.c **** 					}
1554:Middlewares/Third_Party/FreeRTOS/Source/tasks.c **** 
1555:Middlewares/Third_Party/FreeRTOS/Source/tasks.c **** 					/* The base priority gets set whatever. */
1556:Middlewares/Third_Party/FreeRTOS/Source/tasks.c **** 					pxTCB->uxBasePriority = uxNewPriority;
1557:Middlewares/Third_Party/FreeRTOS/Source/tasks.c **** 				}
1558:Middlewares/Third_Party/FreeRTOS/Source/tasks.c **** 				#else
1559:Middlewares/Third_Party/FreeRTOS/Source/tasks.c **** 				{
1560:Middlewares/Third_Party/FreeRTOS/Source/tasks.c **** 					pxTCB->uxPriority = uxNewPriority;
1561:Middlewares/Third_Party/FreeRTOS/Source/tasks.c **** 				}
1562:Middlewares/Third_Party/FreeRTOS/Source/tasks.c **** 				#endif
1563:Middlewares/Third_Party/FreeRTOS/Source/tasks.c **** 
1564:Middlewares/Third_Party/FreeRTOS/Source/tasks.c **** 				/* Only reset the event list item value if the value is not
1565:Middlewares/Third_Party/FreeRTOS/Source/tasks.c **** 				being used for anything else. */
1566:Middlewares/Third_Party/FreeRTOS/Source/tasks.c **** 				if( ( listGET_LIST_ITEM_VALUE( &( pxTCB->xEventListItem ) ) & taskEVENT_LIST_ITEM_VALUE_IN_USE 
1567:Middlewares/Third_Party/FreeRTOS/Source/tasks.c **** 				{
1568:Middlewares/Third_Party/FreeRTOS/Source/tasks.c **** 					listSET_LIST_ITEM_VALUE( &( pxTCB->xEventListItem ), ( ( TickType_t ) configMAX_PRIORITIES - (
1569:Middlewares/Third_Party/FreeRTOS/Source/tasks.c **** 				}
ARM GAS  C:\Users\31005\AppData\Local\Temp\ccNQ0Tdy.s 			page 29


1570:Middlewares/Third_Party/FreeRTOS/Source/tasks.c **** 				else
1571:Middlewares/Third_Party/FreeRTOS/Source/tasks.c **** 				{
1572:Middlewares/Third_Party/FreeRTOS/Source/tasks.c **** 					mtCOVERAGE_TEST_MARKER();
1573:Middlewares/Third_Party/FreeRTOS/Source/tasks.c **** 				}
1574:Middlewares/Third_Party/FreeRTOS/Source/tasks.c **** 
1575:Middlewares/Third_Party/FreeRTOS/Source/tasks.c **** 				/* If the task is in the blocked or suspended list we need do
1576:Middlewares/Third_Party/FreeRTOS/Source/tasks.c **** 				nothing more than change its priority variable. However, if
1577:Middlewares/Third_Party/FreeRTOS/Source/tasks.c **** 				the task is in a ready list it needs to be removed and placed
1578:Middlewares/Third_Party/FreeRTOS/Source/tasks.c **** 				in the list appropriate to its new priority. */
1579:Middlewares/Third_Party/FreeRTOS/Source/tasks.c **** 				if( listIS_CONTAINED_WITHIN( &( pxReadyTasksLists[ uxPriorityUsedOnEntry ] ), &( pxTCB->xStateL
1580:Middlewares/Third_Party/FreeRTOS/Source/tasks.c **** 				{
1581:Middlewares/Third_Party/FreeRTOS/Source/tasks.c **** 					/* The task is currently in its ready list - remove before
1582:Middlewares/Third_Party/FreeRTOS/Source/tasks.c **** 					adding it to it's new ready list.  As we are in a critical
1583:Middlewares/Third_Party/FreeRTOS/Source/tasks.c **** 					section we can do this even if the scheduler is suspended. */
1584:Middlewares/Third_Party/FreeRTOS/Source/tasks.c **** 					if( uxListRemove( &( pxTCB->xStateListItem ) ) == ( UBaseType_t ) 0 )
1585:Middlewares/Third_Party/FreeRTOS/Source/tasks.c **** 					{
1586:Middlewares/Third_Party/FreeRTOS/Source/tasks.c **** 						/* It is known that the task is in its ready list so
1587:Middlewares/Third_Party/FreeRTOS/Source/tasks.c **** 						there is no need to check again and the port level
1588:Middlewares/Third_Party/FreeRTOS/Source/tasks.c **** 						reset macro can be called directly. */
1589:Middlewares/Third_Party/FreeRTOS/Source/tasks.c **** 						portRESET_READY_PRIORITY( uxPriorityUsedOnEntry, uxTopReadyPriority );
1590:Middlewares/Third_Party/FreeRTOS/Source/tasks.c **** 					}
1591:Middlewares/Third_Party/FreeRTOS/Source/tasks.c **** 					else
1592:Middlewares/Third_Party/FreeRTOS/Source/tasks.c **** 					{
1593:Middlewares/Third_Party/FreeRTOS/Source/tasks.c **** 						mtCOVERAGE_TEST_MARKER();
1594:Middlewares/Third_Party/FreeRTOS/Source/tasks.c **** 					}
1595:Middlewares/Third_Party/FreeRTOS/Source/tasks.c **** 					prvAddTaskToReadyList( pxTCB );
1596:Middlewares/Third_Party/FreeRTOS/Source/tasks.c **** 				}
1597:Middlewares/Third_Party/FreeRTOS/Source/tasks.c **** 				else
1598:Middlewares/Third_Party/FreeRTOS/Source/tasks.c **** 				{
1599:Middlewares/Third_Party/FreeRTOS/Source/tasks.c **** 					mtCOVERAGE_TEST_MARKER();
1600:Middlewares/Third_Party/FreeRTOS/Source/tasks.c **** 				}
1601:Middlewares/Third_Party/FreeRTOS/Source/tasks.c **** 
1602:Middlewares/Third_Party/FreeRTOS/Source/tasks.c **** 				if( xYieldRequired != pdFALSE )
1603:Middlewares/Third_Party/FreeRTOS/Source/tasks.c **** 				{
1604:Middlewares/Third_Party/FreeRTOS/Source/tasks.c **** 					taskYIELD_IF_USING_PREEMPTION();
1605:Middlewares/Third_Party/FreeRTOS/Source/tasks.c **** 				}
1606:Middlewares/Third_Party/FreeRTOS/Source/tasks.c **** 				else
1607:Middlewares/Third_Party/FreeRTOS/Source/tasks.c **** 				{
1608:Middlewares/Third_Party/FreeRTOS/Source/tasks.c **** 					mtCOVERAGE_TEST_MARKER();
1609:Middlewares/Third_Party/FreeRTOS/Source/tasks.c **** 				}
1610:Middlewares/Third_Party/FreeRTOS/Source/tasks.c **** 
1611:Middlewares/Third_Party/FreeRTOS/Source/tasks.c **** 				/* Remove compiler warning about unused variables when the port
1612:Middlewares/Third_Party/FreeRTOS/Source/tasks.c **** 				optimised task selection is not being used. */
1613:Middlewares/Third_Party/FreeRTOS/Source/tasks.c **** 				( void ) uxPriorityUsedOnEntry;
1614:Middlewares/Third_Party/FreeRTOS/Source/tasks.c **** 			}
1615:Middlewares/Third_Party/FreeRTOS/Source/tasks.c **** 		}
1616:Middlewares/Third_Party/FreeRTOS/Source/tasks.c **** 		taskEXIT_CRITICAL();
1617:Middlewares/Third_Party/FreeRTOS/Source/tasks.c **** 	}
1618:Middlewares/Third_Party/FreeRTOS/Source/tasks.c **** 
1619:Middlewares/Third_Party/FreeRTOS/Source/tasks.c **** #endif /* INCLUDE_vTaskPrioritySet */
1620:Middlewares/Third_Party/FreeRTOS/Source/tasks.c **** /*-----------------------------------------------------------*/
1621:Middlewares/Third_Party/FreeRTOS/Source/tasks.c **** 
1622:Middlewares/Third_Party/FreeRTOS/Source/tasks.c **** #if ( INCLUDE_vTaskSuspend == 1 )
1623:Middlewares/Third_Party/FreeRTOS/Source/tasks.c **** 
1624:Middlewares/Third_Party/FreeRTOS/Source/tasks.c **** 	void vTaskSuspend( TaskHandle_t xTaskToSuspend )
1625:Middlewares/Third_Party/FreeRTOS/Source/tasks.c **** 	{
1626:Middlewares/Third_Party/FreeRTOS/Source/tasks.c **** 	TCB_t *pxTCB;
ARM GAS  C:\Users\31005\AppData\Local\Temp\ccNQ0Tdy.s 			page 30


1627:Middlewares/Third_Party/FreeRTOS/Source/tasks.c **** 
1628:Middlewares/Third_Party/FreeRTOS/Source/tasks.c **** 		taskENTER_CRITICAL();
1629:Middlewares/Third_Party/FreeRTOS/Source/tasks.c **** 		{
1630:Middlewares/Third_Party/FreeRTOS/Source/tasks.c **** 			/* If null is passed in here then it is the running task that is
1631:Middlewares/Third_Party/FreeRTOS/Source/tasks.c **** 			being suspended. */
1632:Middlewares/Third_Party/FreeRTOS/Source/tasks.c **** 			pxTCB = prvGetTCBFromHandle( xTaskToSuspend );
1633:Middlewares/Third_Party/FreeRTOS/Source/tasks.c **** 
1634:Middlewares/Third_Party/FreeRTOS/Source/tasks.c **** 			traceTASK_SUSPEND( pxTCB );
1635:Middlewares/Third_Party/FreeRTOS/Source/tasks.c **** 
1636:Middlewares/Third_Party/FreeRTOS/Source/tasks.c **** 			/* Remove task from the ready/delayed list and place in the
1637:Middlewares/Third_Party/FreeRTOS/Source/tasks.c **** 			suspended list. */
1638:Middlewares/Third_Party/FreeRTOS/Source/tasks.c **** 			if( uxListRemove( &( pxTCB->xStateListItem ) ) == ( UBaseType_t ) 0 )
1639:Middlewares/Third_Party/FreeRTOS/Source/tasks.c **** 			{
1640:Middlewares/Third_Party/FreeRTOS/Source/tasks.c **** 				taskRESET_READY_PRIORITY( pxTCB->uxPriority );
1641:Middlewares/Third_Party/FreeRTOS/Source/tasks.c **** 			}
1642:Middlewares/Third_Party/FreeRTOS/Source/tasks.c **** 			else
1643:Middlewares/Third_Party/FreeRTOS/Source/tasks.c **** 			{
1644:Middlewares/Third_Party/FreeRTOS/Source/tasks.c **** 				mtCOVERAGE_TEST_MARKER();
1645:Middlewares/Third_Party/FreeRTOS/Source/tasks.c **** 			}
1646:Middlewares/Third_Party/FreeRTOS/Source/tasks.c **** 
1647:Middlewares/Third_Party/FreeRTOS/Source/tasks.c **** 			/* Is the task waiting on an event also? */
1648:Middlewares/Third_Party/FreeRTOS/Source/tasks.c **** 			if( listLIST_ITEM_CONTAINER( &( pxTCB->xEventListItem ) ) != NULL )
1649:Middlewares/Third_Party/FreeRTOS/Source/tasks.c **** 			{
1650:Middlewares/Third_Party/FreeRTOS/Source/tasks.c **** 				( void ) uxListRemove( &( pxTCB->xEventListItem ) );
1651:Middlewares/Third_Party/FreeRTOS/Source/tasks.c **** 			}
1652:Middlewares/Third_Party/FreeRTOS/Source/tasks.c **** 			else
1653:Middlewares/Third_Party/FreeRTOS/Source/tasks.c **** 			{
1654:Middlewares/Third_Party/FreeRTOS/Source/tasks.c **** 				mtCOVERAGE_TEST_MARKER();
1655:Middlewares/Third_Party/FreeRTOS/Source/tasks.c **** 			}
1656:Middlewares/Third_Party/FreeRTOS/Source/tasks.c **** 
1657:Middlewares/Third_Party/FreeRTOS/Source/tasks.c **** 			vListInsertEnd( &xSuspendedTaskList, &( pxTCB->xStateListItem ) );
1658:Middlewares/Third_Party/FreeRTOS/Source/tasks.c **** 
1659:Middlewares/Third_Party/FreeRTOS/Source/tasks.c **** 			#if( configUSE_TASK_NOTIFICATIONS == 1 )
1660:Middlewares/Third_Party/FreeRTOS/Source/tasks.c **** 			{
1661:Middlewares/Third_Party/FreeRTOS/Source/tasks.c **** 				if( pxTCB->ucNotifyState == taskWAITING_NOTIFICATION )
1662:Middlewares/Third_Party/FreeRTOS/Source/tasks.c **** 				{
1663:Middlewares/Third_Party/FreeRTOS/Source/tasks.c **** 					/* The task was blocked to wait for a notification, but is
1664:Middlewares/Third_Party/FreeRTOS/Source/tasks.c **** 					now suspended, so no notification was received. */
1665:Middlewares/Third_Party/FreeRTOS/Source/tasks.c **** 					pxTCB->ucNotifyState = taskNOT_WAITING_NOTIFICATION;
1666:Middlewares/Third_Party/FreeRTOS/Source/tasks.c **** 				}
1667:Middlewares/Third_Party/FreeRTOS/Source/tasks.c **** 			}
1668:Middlewares/Third_Party/FreeRTOS/Source/tasks.c **** 			#endif
1669:Middlewares/Third_Party/FreeRTOS/Source/tasks.c **** 		}
1670:Middlewares/Third_Party/FreeRTOS/Source/tasks.c **** 		taskEXIT_CRITICAL();
1671:Middlewares/Third_Party/FreeRTOS/Source/tasks.c **** 
1672:Middlewares/Third_Party/FreeRTOS/Source/tasks.c **** 		if( xSchedulerRunning != pdFALSE )
1673:Middlewares/Third_Party/FreeRTOS/Source/tasks.c **** 		{
1674:Middlewares/Third_Party/FreeRTOS/Source/tasks.c **** 			/* Reset the next expected unblock time in case it referred to the
1675:Middlewares/Third_Party/FreeRTOS/Source/tasks.c **** 			task that is now in the Suspended state. */
1676:Middlewares/Third_Party/FreeRTOS/Source/tasks.c **** 			taskENTER_CRITICAL();
1677:Middlewares/Third_Party/FreeRTOS/Source/tasks.c **** 			{
1678:Middlewares/Third_Party/FreeRTOS/Source/tasks.c **** 				prvResetNextTaskUnblockTime();
1679:Middlewares/Third_Party/FreeRTOS/Source/tasks.c **** 			}
1680:Middlewares/Third_Party/FreeRTOS/Source/tasks.c **** 			taskEXIT_CRITICAL();
1681:Middlewares/Third_Party/FreeRTOS/Source/tasks.c **** 		}
1682:Middlewares/Third_Party/FreeRTOS/Source/tasks.c **** 		else
1683:Middlewares/Third_Party/FreeRTOS/Source/tasks.c **** 		{
ARM GAS  C:\Users\31005\AppData\Local\Temp\ccNQ0Tdy.s 			page 31


1684:Middlewares/Third_Party/FreeRTOS/Source/tasks.c **** 			mtCOVERAGE_TEST_MARKER();
1685:Middlewares/Third_Party/FreeRTOS/Source/tasks.c **** 		}
1686:Middlewares/Third_Party/FreeRTOS/Source/tasks.c **** 
1687:Middlewares/Third_Party/FreeRTOS/Source/tasks.c **** 		if( pxTCB == pxCurrentTCB )
1688:Middlewares/Third_Party/FreeRTOS/Source/tasks.c **** 		{
1689:Middlewares/Third_Party/FreeRTOS/Source/tasks.c **** 			if( xSchedulerRunning != pdFALSE )
1690:Middlewares/Third_Party/FreeRTOS/Source/tasks.c **** 			{
1691:Middlewares/Third_Party/FreeRTOS/Source/tasks.c **** 				/* The current task has just been suspended. */
1692:Middlewares/Third_Party/FreeRTOS/Source/tasks.c **** 				configASSERT( uxSchedulerSuspended == 0 );
1693:Middlewares/Third_Party/FreeRTOS/Source/tasks.c **** 				portYIELD_WITHIN_API();
1694:Middlewares/Third_Party/FreeRTOS/Source/tasks.c **** 			}
1695:Middlewares/Third_Party/FreeRTOS/Source/tasks.c **** 			else
1696:Middlewares/Third_Party/FreeRTOS/Source/tasks.c **** 			{
1697:Middlewares/Third_Party/FreeRTOS/Source/tasks.c **** 				/* The scheduler is not running, but the task that was pointed
1698:Middlewares/Third_Party/FreeRTOS/Source/tasks.c **** 				to by pxCurrentTCB has just been suspended and pxCurrentTCB
1699:Middlewares/Third_Party/FreeRTOS/Source/tasks.c **** 				must be adjusted to point to a different task. */
1700:Middlewares/Third_Party/FreeRTOS/Source/tasks.c **** 				if( listCURRENT_LIST_LENGTH( &xSuspendedTaskList ) == uxCurrentNumberOfTasks )
1701:Middlewares/Third_Party/FreeRTOS/Source/tasks.c **** 				{
1702:Middlewares/Third_Party/FreeRTOS/Source/tasks.c **** 					/* No other tasks are ready, so set pxCurrentTCB back to
1703:Middlewares/Third_Party/FreeRTOS/Source/tasks.c **** 					NULL so when the next task is created pxCurrentTCB will
1704:Middlewares/Third_Party/FreeRTOS/Source/tasks.c **** 					be set to point to it no matter what its relative priority
1705:Middlewares/Third_Party/FreeRTOS/Source/tasks.c **** 					is. */
1706:Middlewares/Third_Party/FreeRTOS/Source/tasks.c **** 					pxCurrentTCB = NULL;
1707:Middlewares/Third_Party/FreeRTOS/Source/tasks.c **** 				}
1708:Middlewares/Third_Party/FreeRTOS/Source/tasks.c **** 				else
1709:Middlewares/Third_Party/FreeRTOS/Source/tasks.c **** 				{
1710:Middlewares/Third_Party/FreeRTOS/Source/tasks.c **** 					vTaskSwitchContext();
1711:Middlewares/Third_Party/FreeRTOS/Source/tasks.c **** 				}
1712:Middlewares/Third_Party/FreeRTOS/Source/tasks.c **** 			}
1713:Middlewares/Third_Party/FreeRTOS/Source/tasks.c **** 		}
1714:Middlewares/Third_Party/FreeRTOS/Source/tasks.c **** 		else
1715:Middlewares/Third_Party/FreeRTOS/Source/tasks.c **** 		{
1716:Middlewares/Third_Party/FreeRTOS/Source/tasks.c **** 			mtCOVERAGE_TEST_MARKER();
1717:Middlewares/Third_Party/FreeRTOS/Source/tasks.c **** 		}
1718:Middlewares/Third_Party/FreeRTOS/Source/tasks.c **** 	}
1719:Middlewares/Third_Party/FreeRTOS/Source/tasks.c **** 
1720:Middlewares/Third_Party/FreeRTOS/Source/tasks.c **** #endif /* INCLUDE_vTaskSuspend */
1721:Middlewares/Third_Party/FreeRTOS/Source/tasks.c **** /*-----------------------------------------------------------*/
1722:Middlewares/Third_Party/FreeRTOS/Source/tasks.c **** 
1723:Middlewares/Third_Party/FreeRTOS/Source/tasks.c **** #if ( INCLUDE_vTaskSuspend == 1 )
1724:Middlewares/Third_Party/FreeRTOS/Source/tasks.c **** 
1725:Middlewares/Third_Party/FreeRTOS/Source/tasks.c **** 	static BaseType_t prvTaskIsTaskSuspended( const TaskHandle_t xTask )
1726:Middlewares/Third_Party/FreeRTOS/Source/tasks.c **** 	{
  29              		.loc 1 1726 2 view -0
  30              		.cfi_startproc
  31              		@ args = 0, pretend = 0, frame = 0
  32              		@ frame_needed = 0, uses_anonymous_args = 0
  33              		@ link register save eliminated.
1727:Middlewares/Third_Party/FreeRTOS/Source/tasks.c **** 	BaseType_t xReturn = pdFALSE;
  34              		.loc 1 1727 2 view .LVU1
1728:Middlewares/Third_Party/FreeRTOS/Source/tasks.c **** 	const TCB_t * const pxTCB = ( TCB_t * ) xTask;
  35              		.loc 1 1728 2 view .LVU2
1729:Middlewares/Third_Party/FreeRTOS/Source/tasks.c **** 
1730:Middlewares/Third_Party/FreeRTOS/Source/tasks.c **** 		/* Accesses xPendingReadyList so must be called from a critical
1731:Middlewares/Third_Party/FreeRTOS/Source/tasks.c **** 		section. */
1732:Middlewares/Third_Party/FreeRTOS/Source/tasks.c **** 
1733:Middlewares/Third_Party/FreeRTOS/Source/tasks.c **** 		/* It does not make sense to check if the calling task is suspended. */
ARM GAS  C:\Users\31005\AppData\Local\Temp\ccNQ0Tdy.s 			page 32


1734:Middlewares/Third_Party/FreeRTOS/Source/tasks.c **** 		configASSERT( xTask );
  36              		.loc 1 1734 3 view .LVU3
  37 0000 28B1     		cbz	r0, .L8
  38              		.loc 1 1734 24 discriminator 2 view .LVU4
1735:Middlewares/Third_Party/FreeRTOS/Source/tasks.c **** 
1736:Middlewares/Third_Party/FreeRTOS/Source/tasks.c **** 		/* Is the task being resumed actually in the suspended list? */
1737:Middlewares/Third_Party/FreeRTOS/Source/tasks.c **** 		if( listIS_CONTAINED_WITHIN( &xSuspendedTaskList, &( pxTCB->xStateListItem ) ) != pdFALSE )
  39              		.loc 1 1737 3 discriminator 2 view .LVU5
  40              		.loc 1 1737 7 is_stmt 0 discriminator 2 view .LVU6
  41 0002 4169     		ldr	r1, [r0, #20]
  42              		.loc 1 1737 82 discriminator 2 view .LVU7
  43 0004 0C4A     		ldr	r2, .L10
  44 0006 9142     		cmp	r1, r2
  45 0008 0AD0     		beq	.L9
1727:Middlewares/Third_Party/FreeRTOS/Source/tasks.c **** 	const TCB_t * const pxTCB = ( TCB_t * ) xTask;
  46              		.loc 1 1727 13 view .LVU8
  47 000a 0020     		movs	r0, #0
  48              	.LVL1:
1727:Middlewares/Third_Party/FreeRTOS/Source/tasks.c **** 	const TCB_t * const pxTCB = ( TCB_t * ) xTask;
  49              		.loc 1 1727 13 view .LVU9
  50 000c 7047     		bx	lr
  51              	.LVL2:
  52              	.L8:
1734:Middlewares/Third_Party/FreeRTOS/Source/tasks.c **** 
  53              		.loc 1 1734 3 is_stmt 1 view .LVU10
  54              	.LBB113:
  55              	.LBI113:
  56              		.file 2 "Middlewares/Third_Party/FreeRTOS/Source/portable/GCC/ARM_CM4F/portmacro.h"
   1:Middlewares/Third_Party/FreeRTOS/Source/portable/GCC/ARM_CM4F/portmacro.h **** /*
   2:Middlewares/Third_Party/FreeRTOS/Source/portable/GCC/ARM_CM4F/portmacro.h ****  * FreeRTOS Kernel V10.0.1
   3:Middlewares/Third_Party/FreeRTOS/Source/portable/GCC/ARM_CM4F/portmacro.h ****  * Copyright (C) 2017 Amazon.com, Inc. or its affiliates.  All Rights Reserved.
   4:Middlewares/Third_Party/FreeRTOS/Source/portable/GCC/ARM_CM4F/portmacro.h ****  *
   5:Middlewares/Third_Party/FreeRTOS/Source/portable/GCC/ARM_CM4F/portmacro.h ****  * Permission is hereby granted, free of charge, to any person obtaining a copy of
   6:Middlewares/Third_Party/FreeRTOS/Source/portable/GCC/ARM_CM4F/portmacro.h ****  * this software and associated documentation files (the "Software"), to deal in
   7:Middlewares/Third_Party/FreeRTOS/Source/portable/GCC/ARM_CM4F/portmacro.h ****  * the Software without restriction, including without limitation the rights to
   8:Middlewares/Third_Party/FreeRTOS/Source/portable/GCC/ARM_CM4F/portmacro.h ****  * use, copy, modify, merge, publish, distribute, sublicense, and/or sell copies of
   9:Middlewares/Third_Party/FreeRTOS/Source/portable/GCC/ARM_CM4F/portmacro.h ****  * the Software, and to permit persons to whom the Software is furnished to do so,
  10:Middlewares/Third_Party/FreeRTOS/Source/portable/GCC/ARM_CM4F/portmacro.h ****  * subject to the following conditions:
  11:Middlewares/Third_Party/FreeRTOS/Source/portable/GCC/ARM_CM4F/portmacro.h ****  *
  12:Middlewares/Third_Party/FreeRTOS/Source/portable/GCC/ARM_CM4F/portmacro.h ****  * The above copyright notice and this permission notice shall be included in all
  13:Middlewares/Third_Party/FreeRTOS/Source/portable/GCC/ARM_CM4F/portmacro.h ****  * copies or substantial portions of the Software.
  14:Middlewares/Third_Party/FreeRTOS/Source/portable/GCC/ARM_CM4F/portmacro.h ****  *
  15:Middlewares/Third_Party/FreeRTOS/Source/portable/GCC/ARM_CM4F/portmacro.h ****  * THE SOFTWARE IS PROVIDED "AS IS", WITHOUT WARRANTY OF ANY KIND, EXPRESS OR
  16:Middlewares/Third_Party/FreeRTOS/Source/portable/GCC/ARM_CM4F/portmacro.h ****  * IMPLIED, INCLUDING BUT NOT LIMITED TO THE WARRANTIES OF MERCHANTABILITY, FITNESS
  17:Middlewares/Third_Party/FreeRTOS/Source/portable/GCC/ARM_CM4F/portmacro.h ****  * FOR A PARTICULAR PURPOSE AND NONINFRINGEMENT. IN NO EVENT SHALL THE AUTHORS OR
  18:Middlewares/Third_Party/FreeRTOS/Source/portable/GCC/ARM_CM4F/portmacro.h ****  * COPYRIGHT HOLDERS BE LIABLE FOR ANY CLAIM, DAMAGES OR OTHER LIABILITY, WHETHER
  19:Middlewares/Third_Party/FreeRTOS/Source/portable/GCC/ARM_CM4F/portmacro.h ****  * IN AN ACTION OF CONTRACT, TORT OR OTHERWISE, ARISING FROM, OUT OF OR IN
  20:Middlewares/Third_Party/FreeRTOS/Source/portable/GCC/ARM_CM4F/portmacro.h ****  * CONNECTION WITH THE SOFTWARE OR THE USE OR OTHER DEALINGS IN THE SOFTWARE.
  21:Middlewares/Third_Party/FreeRTOS/Source/portable/GCC/ARM_CM4F/portmacro.h ****  *
  22:Middlewares/Third_Party/FreeRTOS/Source/portable/GCC/ARM_CM4F/portmacro.h ****  * http://www.FreeRTOS.org
  23:Middlewares/Third_Party/FreeRTOS/Source/portable/GCC/ARM_CM4F/portmacro.h ****  * http://aws.amazon.com/freertos
  24:Middlewares/Third_Party/FreeRTOS/Source/portable/GCC/ARM_CM4F/portmacro.h ****  *
  25:Middlewares/Third_Party/FreeRTOS/Source/portable/GCC/ARM_CM4F/portmacro.h ****  * 1 tab == 4 spaces!
  26:Middlewares/Third_Party/FreeRTOS/Source/portable/GCC/ARM_CM4F/portmacro.h ****  */
  27:Middlewares/Third_Party/FreeRTOS/Source/portable/GCC/ARM_CM4F/portmacro.h **** 
  28:Middlewares/Third_Party/FreeRTOS/Source/portable/GCC/ARM_CM4F/portmacro.h **** 
  29:Middlewares/Third_Party/FreeRTOS/Source/portable/GCC/ARM_CM4F/portmacro.h **** #ifndef PORTMACRO_H
ARM GAS  C:\Users\31005\AppData\Local\Temp\ccNQ0Tdy.s 			page 33


  30:Middlewares/Third_Party/FreeRTOS/Source/portable/GCC/ARM_CM4F/portmacro.h **** #define PORTMACRO_H
  31:Middlewares/Third_Party/FreeRTOS/Source/portable/GCC/ARM_CM4F/portmacro.h **** 
  32:Middlewares/Third_Party/FreeRTOS/Source/portable/GCC/ARM_CM4F/portmacro.h **** #ifdef __cplusplus
  33:Middlewares/Third_Party/FreeRTOS/Source/portable/GCC/ARM_CM4F/portmacro.h **** extern "C" {
  34:Middlewares/Third_Party/FreeRTOS/Source/portable/GCC/ARM_CM4F/portmacro.h **** #endif
  35:Middlewares/Third_Party/FreeRTOS/Source/portable/GCC/ARM_CM4F/portmacro.h **** 
  36:Middlewares/Third_Party/FreeRTOS/Source/portable/GCC/ARM_CM4F/portmacro.h **** /*-----------------------------------------------------------
  37:Middlewares/Third_Party/FreeRTOS/Source/portable/GCC/ARM_CM4F/portmacro.h ****  * Port specific definitions.
  38:Middlewares/Third_Party/FreeRTOS/Source/portable/GCC/ARM_CM4F/portmacro.h ****  *
  39:Middlewares/Third_Party/FreeRTOS/Source/portable/GCC/ARM_CM4F/portmacro.h ****  * The settings in this file configure FreeRTOS correctly for the
  40:Middlewares/Third_Party/FreeRTOS/Source/portable/GCC/ARM_CM4F/portmacro.h ****  * given hardware and compiler.
  41:Middlewares/Third_Party/FreeRTOS/Source/portable/GCC/ARM_CM4F/portmacro.h ****  *
  42:Middlewares/Third_Party/FreeRTOS/Source/portable/GCC/ARM_CM4F/portmacro.h ****  * These settings should not be altered.
  43:Middlewares/Third_Party/FreeRTOS/Source/portable/GCC/ARM_CM4F/portmacro.h ****  *-----------------------------------------------------------
  44:Middlewares/Third_Party/FreeRTOS/Source/portable/GCC/ARM_CM4F/portmacro.h ****  */
  45:Middlewares/Third_Party/FreeRTOS/Source/portable/GCC/ARM_CM4F/portmacro.h **** 
  46:Middlewares/Third_Party/FreeRTOS/Source/portable/GCC/ARM_CM4F/portmacro.h **** /* Type definitions. */
  47:Middlewares/Third_Party/FreeRTOS/Source/portable/GCC/ARM_CM4F/portmacro.h **** #define portCHAR		char
  48:Middlewares/Third_Party/FreeRTOS/Source/portable/GCC/ARM_CM4F/portmacro.h **** #define portFLOAT		float
  49:Middlewares/Third_Party/FreeRTOS/Source/portable/GCC/ARM_CM4F/portmacro.h **** #define portDOUBLE		double
  50:Middlewares/Third_Party/FreeRTOS/Source/portable/GCC/ARM_CM4F/portmacro.h **** #define portLONG		long
  51:Middlewares/Third_Party/FreeRTOS/Source/portable/GCC/ARM_CM4F/portmacro.h **** #define portSHORT		short
  52:Middlewares/Third_Party/FreeRTOS/Source/portable/GCC/ARM_CM4F/portmacro.h **** #define portSTACK_TYPE	uint32_t
  53:Middlewares/Third_Party/FreeRTOS/Source/portable/GCC/ARM_CM4F/portmacro.h **** #define portBASE_TYPE	long
  54:Middlewares/Third_Party/FreeRTOS/Source/portable/GCC/ARM_CM4F/portmacro.h **** 
  55:Middlewares/Third_Party/FreeRTOS/Source/portable/GCC/ARM_CM4F/portmacro.h **** typedef portSTACK_TYPE StackType_t;
  56:Middlewares/Third_Party/FreeRTOS/Source/portable/GCC/ARM_CM4F/portmacro.h **** typedef long BaseType_t;
  57:Middlewares/Third_Party/FreeRTOS/Source/portable/GCC/ARM_CM4F/portmacro.h **** typedef unsigned long UBaseType_t;
  58:Middlewares/Third_Party/FreeRTOS/Source/portable/GCC/ARM_CM4F/portmacro.h **** 
  59:Middlewares/Third_Party/FreeRTOS/Source/portable/GCC/ARM_CM4F/portmacro.h **** #if( configUSE_16_BIT_TICKS == 1 )
  60:Middlewares/Third_Party/FreeRTOS/Source/portable/GCC/ARM_CM4F/portmacro.h **** 	typedef uint16_t TickType_t;
  61:Middlewares/Third_Party/FreeRTOS/Source/portable/GCC/ARM_CM4F/portmacro.h **** 	#define portMAX_DELAY ( TickType_t ) 0xffff
  62:Middlewares/Third_Party/FreeRTOS/Source/portable/GCC/ARM_CM4F/portmacro.h **** #else
  63:Middlewares/Third_Party/FreeRTOS/Source/portable/GCC/ARM_CM4F/portmacro.h **** 	typedef uint32_t TickType_t;
  64:Middlewares/Third_Party/FreeRTOS/Source/portable/GCC/ARM_CM4F/portmacro.h **** 	#define portMAX_DELAY ( TickType_t ) 0xffffffffUL
  65:Middlewares/Third_Party/FreeRTOS/Source/portable/GCC/ARM_CM4F/portmacro.h **** 
  66:Middlewares/Third_Party/FreeRTOS/Source/portable/GCC/ARM_CM4F/portmacro.h **** 	/* 32-bit tick type on a 32-bit architecture, so reads of the tick count do
  67:Middlewares/Third_Party/FreeRTOS/Source/portable/GCC/ARM_CM4F/portmacro.h **** 	not need to be guarded with a critical section. */
  68:Middlewares/Third_Party/FreeRTOS/Source/portable/GCC/ARM_CM4F/portmacro.h **** 	#define portTICK_TYPE_IS_ATOMIC 1
  69:Middlewares/Third_Party/FreeRTOS/Source/portable/GCC/ARM_CM4F/portmacro.h **** #endif
  70:Middlewares/Third_Party/FreeRTOS/Source/portable/GCC/ARM_CM4F/portmacro.h **** /*-----------------------------------------------------------*/
  71:Middlewares/Third_Party/FreeRTOS/Source/portable/GCC/ARM_CM4F/portmacro.h **** 
  72:Middlewares/Third_Party/FreeRTOS/Source/portable/GCC/ARM_CM4F/portmacro.h **** /* Architecture specifics. */
  73:Middlewares/Third_Party/FreeRTOS/Source/portable/GCC/ARM_CM4F/portmacro.h **** #define portSTACK_GROWTH			( -1 )
  74:Middlewares/Third_Party/FreeRTOS/Source/portable/GCC/ARM_CM4F/portmacro.h **** #define portTICK_PERIOD_MS			( ( TickType_t ) 1000 / configTICK_RATE_HZ )
  75:Middlewares/Third_Party/FreeRTOS/Source/portable/GCC/ARM_CM4F/portmacro.h **** #define portBYTE_ALIGNMENT			8
  76:Middlewares/Third_Party/FreeRTOS/Source/portable/GCC/ARM_CM4F/portmacro.h **** /*-----------------------------------------------------------*/
  77:Middlewares/Third_Party/FreeRTOS/Source/portable/GCC/ARM_CM4F/portmacro.h **** 
  78:Middlewares/Third_Party/FreeRTOS/Source/portable/GCC/ARM_CM4F/portmacro.h **** /* Scheduler utilities. */
  79:Middlewares/Third_Party/FreeRTOS/Source/portable/GCC/ARM_CM4F/portmacro.h **** #define portYIELD() 															\
  80:Middlewares/Third_Party/FreeRTOS/Source/portable/GCC/ARM_CM4F/portmacro.h **** {																				\
  81:Middlewares/Third_Party/FreeRTOS/Source/portable/GCC/ARM_CM4F/portmacro.h **** 	/* Set a PendSV to request a context switch. */								\
  82:Middlewares/Third_Party/FreeRTOS/Source/portable/GCC/ARM_CM4F/portmacro.h **** 	portNVIC_INT_CTRL_REG = portNVIC_PENDSVSET_BIT;								\
  83:Middlewares/Third_Party/FreeRTOS/Source/portable/GCC/ARM_CM4F/portmacro.h **** 																				\
  84:Middlewares/Third_Party/FreeRTOS/Source/portable/GCC/ARM_CM4F/portmacro.h **** 	/* Barriers are normally not required but do ensure the code is completely	\
  85:Middlewares/Third_Party/FreeRTOS/Source/portable/GCC/ARM_CM4F/portmacro.h **** 	within the specified behaviour for the architecture. */						\
  86:Middlewares/Third_Party/FreeRTOS/Source/portable/GCC/ARM_CM4F/portmacro.h **** 	__asm volatile( "dsb" ::: "memory" );										\
ARM GAS  C:\Users\31005\AppData\Local\Temp\ccNQ0Tdy.s 			page 34


  87:Middlewares/Third_Party/FreeRTOS/Source/portable/GCC/ARM_CM4F/portmacro.h **** 	__asm volatile( "isb" );													\
  88:Middlewares/Third_Party/FreeRTOS/Source/portable/GCC/ARM_CM4F/portmacro.h **** }
  89:Middlewares/Third_Party/FreeRTOS/Source/portable/GCC/ARM_CM4F/portmacro.h **** 
  90:Middlewares/Third_Party/FreeRTOS/Source/portable/GCC/ARM_CM4F/portmacro.h **** #define portNVIC_INT_CTRL_REG		( * ( ( volatile uint32_t * ) 0xe000ed04 ) )
  91:Middlewares/Third_Party/FreeRTOS/Source/portable/GCC/ARM_CM4F/portmacro.h **** #define portNVIC_PENDSVSET_BIT		( 1UL << 28UL )
  92:Middlewares/Third_Party/FreeRTOS/Source/portable/GCC/ARM_CM4F/portmacro.h **** #define portEND_SWITCHING_ISR( xSwitchRequired ) if( xSwitchRequired != pdFALSE ) portYIELD()
  93:Middlewares/Third_Party/FreeRTOS/Source/portable/GCC/ARM_CM4F/portmacro.h **** #define portYIELD_FROM_ISR( x ) portEND_SWITCHING_ISR( x )
  94:Middlewares/Third_Party/FreeRTOS/Source/portable/GCC/ARM_CM4F/portmacro.h **** /*-----------------------------------------------------------*/
  95:Middlewares/Third_Party/FreeRTOS/Source/portable/GCC/ARM_CM4F/portmacro.h **** 
  96:Middlewares/Third_Party/FreeRTOS/Source/portable/GCC/ARM_CM4F/portmacro.h **** /* Critical section management. */
  97:Middlewares/Third_Party/FreeRTOS/Source/portable/GCC/ARM_CM4F/portmacro.h **** extern void vPortEnterCritical( void );
  98:Middlewares/Third_Party/FreeRTOS/Source/portable/GCC/ARM_CM4F/portmacro.h **** extern void vPortExitCritical( void );
  99:Middlewares/Third_Party/FreeRTOS/Source/portable/GCC/ARM_CM4F/portmacro.h **** #define portSET_INTERRUPT_MASK_FROM_ISR()		ulPortRaiseBASEPRI()
 100:Middlewares/Third_Party/FreeRTOS/Source/portable/GCC/ARM_CM4F/portmacro.h **** #define portCLEAR_INTERRUPT_MASK_FROM_ISR(x)	vPortSetBASEPRI(x)
 101:Middlewares/Third_Party/FreeRTOS/Source/portable/GCC/ARM_CM4F/portmacro.h **** #define portDISABLE_INTERRUPTS()				vPortRaiseBASEPRI()
 102:Middlewares/Third_Party/FreeRTOS/Source/portable/GCC/ARM_CM4F/portmacro.h **** #define portENABLE_INTERRUPTS()					vPortSetBASEPRI(0)
 103:Middlewares/Third_Party/FreeRTOS/Source/portable/GCC/ARM_CM4F/portmacro.h **** #define portENTER_CRITICAL()					vPortEnterCritical()
 104:Middlewares/Third_Party/FreeRTOS/Source/portable/GCC/ARM_CM4F/portmacro.h **** #define portEXIT_CRITICAL()						vPortExitCritical()
 105:Middlewares/Third_Party/FreeRTOS/Source/portable/GCC/ARM_CM4F/portmacro.h **** 
 106:Middlewares/Third_Party/FreeRTOS/Source/portable/GCC/ARM_CM4F/portmacro.h **** /*-----------------------------------------------------------*/
 107:Middlewares/Third_Party/FreeRTOS/Source/portable/GCC/ARM_CM4F/portmacro.h **** 
 108:Middlewares/Third_Party/FreeRTOS/Source/portable/GCC/ARM_CM4F/portmacro.h **** /* Task function macros as described on the FreeRTOS.org WEB site.  These are
 109:Middlewares/Third_Party/FreeRTOS/Source/portable/GCC/ARM_CM4F/portmacro.h **** not necessary for to use this port.  They are defined so the common demo files
 110:Middlewares/Third_Party/FreeRTOS/Source/portable/GCC/ARM_CM4F/portmacro.h **** (which build with all the ports) will build. */
 111:Middlewares/Third_Party/FreeRTOS/Source/portable/GCC/ARM_CM4F/portmacro.h **** #define portTASK_FUNCTION_PROTO( vFunction, pvParameters ) void vFunction( void *pvParameters )
 112:Middlewares/Third_Party/FreeRTOS/Source/portable/GCC/ARM_CM4F/portmacro.h **** #define portTASK_FUNCTION( vFunction, pvParameters ) void vFunction( void *pvParameters )
 113:Middlewares/Third_Party/FreeRTOS/Source/portable/GCC/ARM_CM4F/portmacro.h **** /*-----------------------------------------------------------*/
 114:Middlewares/Third_Party/FreeRTOS/Source/portable/GCC/ARM_CM4F/portmacro.h **** 
 115:Middlewares/Third_Party/FreeRTOS/Source/portable/GCC/ARM_CM4F/portmacro.h **** /* Tickless idle/low power functionality. */
 116:Middlewares/Third_Party/FreeRTOS/Source/portable/GCC/ARM_CM4F/portmacro.h **** #ifndef portSUPPRESS_TICKS_AND_SLEEP
 117:Middlewares/Third_Party/FreeRTOS/Source/portable/GCC/ARM_CM4F/portmacro.h **** 	extern void vPortSuppressTicksAndSleep( TickType_t xExpectedIdleTime );
 118:Middlewares/Third_Party/FreeRTOS/Source/portable/GCC/ARM_CM4F/portmacro.h **** 	#define portSUPPRESS_TICKS_AND_SLEEP( xExpectedIdleTime ) vPortSuppressTicksAndSleep( xExpectedIdl
 119:Middlewares/Third_Party/FreeRTOS/Source/portable/GCC/ARM_CM4F/portmacro.h **** #endif
 120:Middlewares/Third_Party/FreeRTOS/Source/portable/GCC/ARM_CM4F/portmacro.h **** /*-----------------------------------------------------------*/
 121:Middlewares/Third_Party/FreeRTOS/Source/portable/GCC/ARM_CM4F/portmacro.h **** 
 122:Middlewares/Third_Party/FreeRTOS/Source/portable/GCC/ARM_CM4F/portmacro.h **** /* Architecture specific optimisations. */
 123:Middlewares/Third_Party/FreeRTOS/Source/portable/GCC/ARM_CM4F/portmacro.h **** #ifndef configUSE_PORT_OPTIMISED_TASK_SELECTION
 124:Middlewares/Third_Party/FreeRTOS/Source/portable/GCC/ARM_CM4F/portmacro.h **** 	#define configUSE_PORT_OPTIMISED_TASK_SELECTION 1
 125:Middlewares/Third_Party/FreeRTOS/Source/portable/GCC/ARM_CM4F/portmacro.h **** #endif
 126:Middlewares/Third_Party/FreeRTOS/Source/portable/GCC/ARM_CM4F/portmacro.h **** 
 127:Middlewares/Third_Party/FreeRTOS/Source/portable/GCC/ARM_CM4F/portmacro.h **** #if configUSE_PORT_OPTIMISED_TASK_SELECTION == 1
 128:Middlewares/Third_Party/FreeRTOS/Source/portable/GCC/ARM_CM4F/portmacro.h **** 
 129:Middlewares/Third_Party/FreeRTOS/Source/portable/GCC/ARM_CM4F/portmacro.h **** 	/* Generic helper function. */
 130:Middlewares/Third_Party/FreeRTOS/Source/portable/GCC/ARM_CM4F/portmacro.h **** 	__attribute__( ( always_inline ) ) static inline uint8_t ucPortCountLeadingZeros( uint32_t ulBitma
 131:Middlewares/Third_Party/FreeRTOS/Source/portable/GCC/ARM_CM4F/portmacro.h **** 	{
 132:Middlewares/Third_Party/FreeRTOS/Source/portable/GCC/ARM_CM4F/portmacro.h **** 	uint8_t ucReturn;
 133:Middlewares/Third_Party/FreeRTOS/Source/portable/GCC/ARM_CM4F/portmacro.h **** 
 134:Middlewares/Third_Party/FreeRTOS/Source/portable/GCC/ARM_CM4F/portmacro.h **** 		__asm volatile ( "clz %0, %1" : "=r" ( ucReturn ) : "r" ( ulBitmap ) : "memory" );
 135:Middlewares/Third_Party/FreeRTOS/Source/portable/GCC/ARM_CM4F/portmacro.h **** 		return ucReturn;
 136:Middlewares/Third_Party/FreeRTOS/Source/portable/GCC/ARM_CM4F/portmacro.h **** 	}
 137:Middlewares/Third_Party/FreeRTOS/Source/portable/GCC/ARM_CM4F/portmacro.h **** 
 138:Middlewares/Third_Party/FreeRTOS/Source/portable/GCC/ARM_CM4F/portmacro.h **** 	/* Check the configuration. */
 139:Middlewares/Third_Party/FreeRTOS/Source/portable/GCC/ARM_CM4F/portmacro.h **** 	#if( configMAX_PRIORITIES > 32 )
 140:Middlewares/Third_Party/FreeRTOS/Source/portable/GCC/ARM_CM4F/portmacro.h **** 		#error configUSE_PORT_OPTIMISED_TASK_SELECTION can only be set to 1 when configMAX_PRIORITIES is 
 141:Middlewares/Third_Party/FreeRTOS/Source/portable/GCC/ARM_CM4F/portmacro.h **** 	#endif
 142:Middlewares/Third_Party/FreeRTOS/Source/portable/GCC/ARM_CM4F/portmacro.h **** 
 143:Middlewares/Third_Party/FreeRTOS/Source/portable/GCC/ARM_CM4F/portmacro.h **** 	/* Store/clear the ready priorities in a bit map. */
ARM GAS  C:\Users\31005\AppData\Local\Temp\ccNQ0Tdy.s 			page 35


 144:Middlewares/Third_Party/FreeRTOS/Source/portable/GCC/ARM_CM4F/portmacro.h **** 	#define portRECORD_READY_PRIORITY( uxPriority, uxReadyPriorities ) ( uxReadyPriorities ) |= ( 1UL 
 145:Middlewares/Third_Party/FreeRTOS/Source/portable/GCC/ARM_CM4F/portmacro.h **** 	#define portRESET_READY_PRIORITY( uxPriority, uxReadyPriorities ) ( uxReadyPriorities ) &= ~( 1UL 
 146:Middlewares/Third_Party/FreeRTOS/Source/portable/GCC/ARM_CM4F/portmacro.h **** 
 147:Middlewares/Third_Party/FreeRTOS/Source/portable/GCC/ARM_CM4F/portmacro.h **** 	/*-----------------------------------------------------------*/
 148:Middlewares/Third_Party/FreeRTOS/Source/portable/GCC/ARM_CM4F/portmacro.h **** 
 149:Middlewares/Third_Party/FreeRTOS/Source/portable/GCC/ARM_CM4F/portmacro.h **** 	#define portGET_HIGHEST_PRIORITY( uxTopPriority, uxReadyPriorities ) uxTopPriority = ( 31UL - ( ui
 150:Middlewares/Third_Party/FreeRTOS/Source/portable/GCC/ARM_CM4F/portmacro.h **** 
 151:Middlewares/Third_Party/FreeRTOS/Source/portable/GCC/ARM_CM4F/portmacro.h **** #endif /* configUSE_PORT_OPTIMISED_TASK_SELECTION */
 152:Middlewares/Third_Party/FreeRTOS/Source/portable/GCC/ARM_CM4F/portmacro.h **** 
 153:Middlewares/Third_Party/FreeRTOS/Source/portable/GCC/ARM_CM4F/portmacro.h **** /*-----------------------------------------------------------*/
 154:Middlewares/Third_Party/FreeRTOS/Source/portable/GCC/ARM_CM4F/portmacro.h **** 
 155:Middlewares/Third_Party/FreeRTOS/Source/portable/GCC/ARM_CM4F/portmacro.h **** #ifdef configASSERT
 156:Middlewares/Third_Party/FreeRTOS/Source/portable/GCC/ARM_CM4F/portmacro.h **** 	void vPortValidateInterruptPriority( void );
 157:Middlewares/Third_Party/FreeRTOS/Source/portable/GCC/ARM_CM4F/portmacro.h **** 	#define portASSERT_IF_INTERRUPT_PRIORITY_INVALID() 	vPortValidateInterruptPriority()
 158:Middlewares/Third_Party/FreeRTOS/Source/portable/GCC/ARM_CM4F/portmacro.h **** #endif
 159:Middlewares/Third_Party/FreeRTOS/Source/portable/GCC/ARM_CM4F/portmacro.h **** 
 160:Middlewares/Third_Party/FreeRTOS/Source/portable/GCC/ARM_CM4F/portmacro.h **** /* portNOP() is not required by this port. */
 161:Middlewares/Third_Party/FreeRTOS/Source/portable/GCC/ARM_CM4F/portmacro.h **** #define portNOP()
 162:Middlewares/Third_Party/FreeRTOS/Source/portable/GCC/ARM_CM4F/portmacro.h **** 
 163:Middlewares/Third_Party/FreeRTOS/Source/portable/GCC/ARM_CM4F/portmacro.h **** #define portINLINE	__inline
 164:Middlewares/Third_Party/FreeRTOS/Source/portable/GCC/ARM_CM4F/portmacro.h **** 
 165:Middlewares/Third_Party/FreeRTOS/Source/portable/GCC/ARM_CM4F/portmacro.h **** #ifndef portFORCE_INLINE
 166:Middlewares/Third_Party/FreeRTOS/Source/portable/GCC/ARM_CM4F/portmacro.h **** 	#define portFORCE_INLINE inline __attribute__(( always_inline))
 167:Middlewares/Third_Party/FreeRTOS/Source/portable/GCC/ARM_CM4F/portmacro.h **** #endif
 168:Middlewares/Third_Party/FreeRTOS/Source/portable/GCC/ARM_CM4F/portmacro.h **** 
 169:Middlewares/Third_Party/FreeRTOS/Source/portable/GCC/ARM_CM4F/portmacro.h **** portFORCE_INLINE static BaseType_t xPortIsInsideInterrupt( void )
 170:Middlewares/Third_Party/FreeRTOS/Source/portable/GCC/ARM_CM4F/portmacro.h **** {
 171:Middlewares/Third_Party/FreeRTOS/Source/portable/GCC/ARM_CM4F/portmacro.h **** uint32_t ulCurrentInterrupt;
 172:Middlewares/Third_Party/FreeRTOS/Source/portable/GCC/ARM_CM4F/portmacro.h **** BaseType_t xReturn;
 173:Middlewares/Third_Party/FreeRTOS/Source/portable/GCC/ARM_CM4F/portmacro.h **** 
 174:Middlewares/Third_Party/FreeRTOS/Source/portable/GCC/ARM_CM4F/portmacro.h **** 	/* Obtain the number of the currently executing interrupt. */
 175:Middlewares/Third_Party/FreeRTOS/Source/portable/GCC/ARM_CM4F/portmacro.h **** 	__asm volatile( "mrs %0, ipsr" : "=r"( ulCurrentInterrupt ) :: "memory" );
 176:Middlewares/Third_Party/FreeRTOS/Source/portable/GCC/ARM_CM4F/portmacro.h **** 
 177:Middlewares/Third_Party/FreeRTOS/Source/portable/GCC/ARM_CM4F/portmacro.h **** 	if( ulCurrentInterrupt == 0 )
 178:Middlewares/Third_Party/FreeRTOS/Source/portable/GCC/ARM_CM4F/portmacro.h **** 	{
 179:Middlewares/Third_Party/FreeRTOS/Source/portable/GCC/ARM_CM4F/portmacro.h **** 		xReturn = pdFALSE;
 180:Middlewares/Third_Party/FreeRTOS/Source/portable/GCC/ARM_CM4F/portmacro.h **** 	}
 181:Middlewares/Third_Party/FreeRTOS/Source/portable/GCC/ARM_CM4F/portmacro.h **** 	else
 182:Middlewares/Third_Party/FreeRTOS/Source/portable/GCC/ARM_CM4F/portmacro.h **** 	{
 183:Middlewares/Third_Party/FreeRTOS/Source/portable/GCC/ARM_CM4F/portmacro.h **** 		xReturn = pdTRUE;
 184:Middlewares/Third_Party/FreeRTOS/Source/portable/GCC/ARM_CM4F/portmacro.h **** 	}
 185:Middlewares/Third_Party/FreeRTOS/Source/portable/GCC/ARM_CM4F/portmacro.h **** 
 186:Middlewares/Third_Party/FreeRTOS/Source/portable/GCC/ARM_CM4F/portmacro.h **** 	return xReturn;
 187:Middlewares/Third_Party/FreeRTOS/Source/portable/GCC/ARM_CM4F/portmacro.h **** }
 188:Middlewares/Third_Party/FreeRTOS/Source/portable/GCC/ARM_CM4F/portmacro.h **** 
 189:Middlewares/Third_Party/FreeRTOS/Source/portable/GCC/ARM_CM4F/portmacro.h **** /*-----------------------------------------------------------*/
 190:Middlewares/Third_Party/FreeRTOS/Source/portable/GCC/ARM_CM4F/portmacro.h **** 
 191:Middlewares/Third_Party/FreeRTOS/Source/portable/GCC/ARM_CM4F/portmacro.h **** portFORCE_INLINE static void vPortRaiseBASEPRI( void )
  57              		.loc 2 191 30 view .LVU11
  58              	.LBB114:
 192:Middlewares/Third_Party/FreeRTOS/Source/portable/GCC/ARM_CM4F/portmacro.h **** {
 193:Middlewares/Third_Party/FreeRTOS/Source/portable/GCC/ARM_CM4F/portmacro.h **** uint32_t ulNewBASEPRI;
  59              		.loc 2 193 1 view .LVU12
 194:Middlewares/Third_Party/FreeRTOS/Source/portable/GCC/ARM_CM4F/portmacro.h **** 
 195:Middlewares/Third_Party/FreeRTOS/Source/portable/GCC/ARM_CM4F/portmacro.h **** 	__asm volatile
  60              		.loc 2 195 2 view .LVU13
  61              		.syntax unified
ARM GAS  C:\Users\31005\AppData\Local\Temp\ccNQ0Tdy.s 			page 36


  62              	@ 195 "Middlewares/Third_Party/FreeRTOS/Source/portable/GCC/ARM_CM4F/portmacro.h" 1
  63 000e 4FF05003 			mov r3, #80												
  64 0012 83F31188 		msr basepri, r3											
  65 0016 BFF36F8F 		isb														
  66 001a BFF34F8F 		dsb														
  67              	
  68              	@ 0 "" 2
  69              	.LVL3:
  70              		.thumb
  71              		.syntax unified
  72              	.L3:
  73              		.loc 2 195 2 is_stmt 0 view .LVU14
  74              	.LBE114:
  75              	.LBE113:
1734:Middlewares/Third_Party/FreeRTOS/Source/tasks.c **** 
  76              		.loc 1 1734 3 is_stmt 1 discriminator 1 view .LVU15
1734:Middlewares/Third_Party/FreeRTOS/Source/tasks.c **** 
  77              		.loc 1 1734 3 discriminator 1 view .LVU16
  78 001e FEE7     		b	.L3
  79              	.L9:
1738:Middlewares/Third_Party/FreeRTOS/Source/tasks.c **** 		{
1739:Middlewares/Third_Party/FreeRTOS/Source/tasks.c **** 			/* Has the task already been resumed from within an ISR? */
1740:Middlewares/Third_Party/FreeRTOS/Source/tasks.c **** 			if( listIS_CONTAINED_WITHIN( &xPendingReadyList, &( pxTCB->xEventListItem ) ) == pdFALSE )
  80              		.loc 1 1740 4 view .LVU17
  81              		.loc 1 1740 8 is_stmt 0 view .LVU18
  82 0020 836A     		ldr	r3, [r0, #40]
  83              		.loc 1 1740 6 view .LVU19
  84 0022 064A     		ldr	r2, .L10+4
  85 0024 9342     		cmp	r3, r2
  86 0026 02D0     		beq	.L6
1741:Middlewares/Third_Party/FreeRTOS/Source/tasks.c **** 			{
1742:Middlewares/Third_Party/FreeRTOS/Source/tasks.c **** 				/* Is it in the suspended list because it is in the	Suspended
1743:Middlewares/Third_Party/FreeRTOS/Source/tasks.c **** 				state, or because is is blocked with no timeout? */
1744:Middlewares/Third_Party/FreeRTOS/Source/tasks.c **** 				if( listIS_CONTAINED_WITHIN( NULL, &( pxTCB->xEventListItem ) ) != pdFALSE ) /*lint !e961.  The
  87              		.loc 1 1744 5 is_stmt 1 view .LVU20
  88              		.loc 1 1744 69 is_stmt 0 view .LVU21
  89 0028 1BB1     		cbz	r3, .L7
1727:Middlewares/Third_Party/FreeRTOS/Source/tasks.c **** 	const TCB_t * const pxTCB = ( TCB_t * ) xTask;
  90              		.loc 1 1727 13 view .LVU22
  91 002a 0020     		movs	r0, #0
  92              	.LVL4:
1727:Middlewares/Third_Party/FreeRTOS/Source/tasks.c **** 	const TCB_t * const pxTCB = ( TCB_t * ) xTask;
  93              		.loc 1 1727 13 view .LVU23
  94 002c 7047     		bx	lr
  95              	.LVL5:
  96              	.L6:
1727:Middlewares/Third_Party/FreeRTOS/Source/tasks.c **** 	const TCB_t * const pxTCB = ( TCB_t * ) xTask;
  97              		.loc 1 1727 13 view .LVU24
  98 002e 0020     		movs	r0, #0
  99              	.LVL6:
1727:Middlewares/Third_Party/FreeRTOS/Source/tasks.c **** 	const TCB_t * const pxTCB = ( TCB_t * ) xTask;
 100              		.loc 1 1727 13 view .LVU25
 101 0030 7047     		bx	lr
 102              	.LVL7:
 103              	.L7:
1745:Middlewares/Third_Party/FreeRTOS/Source/tasks.c **** 				{
1746:Middlewares/Third_Party/FreeRTOS/Source/tasks.c **** 					xReturn = pdTRUE;
ARM GAS  C:\Users\31005\AppData\Local\Temp\ccNQ0Tdy.s 			page 37


 104              		.loc 1 1746 14 view .LVU26
 105 0032 0120     		movs	r0, #1
 106              	.LVL8:
1747:Middlewares/Third_Party/FreeRTOS/Source/tasks.c **** 				}
1748:Middlewares/Third_Party/FreeRTOS/Source/tasks.c **** 				else
1749:Middlewares/Third_Party/FreeRTOS/Source/tasks.c **** 				{
1750:Middlewares/Third_Party/FreeRTOS/Source/tasks.c **** 					mtCOVERAGE_TEST_MARKER();
1751:Middlewares/Third_Party/FreeRTOS/Source/tasks.c **** 				}
1752:Middlewares/Third_Party/FreeRTOS/Source/tasks.c **** 			}
1753:Middlewares/Third_Party/FreeRTOS/Source/tasks.c **** 			else
1754:Middlewares/Third_Party/FreeRTOS/Source/tasks.c **** 			{
1755:Middlewares/Third_Party/FreeRTOS/Source/tasks.c **** 				mtCOVERAGE_TEST_MARKER();
1756:Middlewares/Third_Party/FreeRTOS/Source/tasks.c **** 			}
1757:Middlewares/Third_Party/FreeRTOS/Source/tasks.c **** 		}
1758:Middlewares/Third_Party/FreeRTOS/Source/tasks.c **** 		else
1759:Middlewares/Third_Party/FreeRTOS/Source/tasks.c **** 		{
1760:Middlewares/Third_Party/FreeRTOS/Source/tasks.c **** 			mtCOVERAGE_TEST_MARKER();
 107              		.loc 1 1760 28 is_stmt 1 view .LVU27
1761:Middlewares/Third_Party/FreeRTOS/Source/tasks.c **** 		}
1762:Middlewares/Third_Party/FreeRTOS/Source/tasks.c **** 
1763:Middlewares/Third_Party/FreeRTOS/Source/tasks.c **** 		return xReturn;
 108              		.loc 1 1763 3 view .LVU28
1764:Middlewares/Third_Party/FreeRTOS/Source/tasks.c **** 	} /*lint !e818 xTask cannot be a pointer to const because it is a typedef. */
 109              		.loc 1 1764 2 is_stmt 0 view .LVU29
 110 0034 7047     		bx	lr
 111              	.L11:
 112 0036 00BF     		.align	2
 113              	.L10:
 114 0038 00000000 		.word	xSuspendedTaskList
 115 003c 00000000 		.word	xPendingReadyList
 116              		.cfi_endproc
 117              	.LFE16:
 119              		.section	.text.prvTaskCheckFreeStackSpace,"ax",%progbits
 120              		.align	1
 121              		.syntax unified
 122              		.thumb
 123              		.thumb_func
 125              	prvTaskCheckFreeStackSpace:
 126              	.LVL9:
 127              	.LFB46:
1765:Middlewares/Third_Party/FreeRTOS/Source/tasks.c **** 
1766:Middlewares/Third_Party/FreeRTOS/Source/tasks.c **** #endif /* INCLUDE_vTaskSuspend */
1767:Middlewares/Third_Party/FreeRTOS/Source/tasks.c **** /*-----------------------------------------------------------*/
1768:Middlewares/Third_Party/FreeRTOS/Source/tasks.c **** 
1769:Middlewares/Third_Party/FreeRTOS/Source/tasks.c **** #if ( INCLUDE_vTaskSuspend == 1 )
1770:Middlewares/Third_Party/FreeRTOS/Source/tasks.c **** 
1771:Middlewares/Third_Party/FreeRTOS/Source/tasks.c **** 	void vTaskResume( TaskHandle_t xTaskToResume )
1772:Middlewares/Third_Party/FreeRTOS/Source/tasks.c **** 	{
1773:Middlewares/Third_Party/FreeRTOS/Source/tasks.c **** 	TCB_t * const pxTCB = ( TCB_t * ) xTaskToResume;
1774:Middlewares/Third_Party/FreeRTOS/Source/tasks.c **** 
1775:Middlewares/Third_Party/FreeRTOS/Source/tasks.c **** 		/* It does not make sense to resume the calling task. */
1776:Middlewares/Third_Party/FreeRTOS/Source/tasks.c **** 		configASSERT( xTaskToResume );
1777:Middlewares/Third_Party/FreeRTOS/Source/tasks.c **** 
1778:Middlewares/Third_Party/FreeRTOS/Source/tasks.c **** 		/* The parameter cannot be NULL as it is impossible to resume the
1779:Middlewares/Third_Party/FreeRTOS/Source/tasks.c **** 		currently executing task. */
1780:Middlewares/Third_Party/FreeRTOS/Source/tasks.c **** 		if( ( pxTCB != NULL ) && ( pxTCB != pxCurrentTCB ) )
1781:Middlewares/Third_Party/FreeRTOS/Source/tasks.c **** 		{
ARM GAS  C:\Users\31005\AppData\Local\Temp\ccNQ0Tdy.s 			page 38


1782:Middlewares/Third_Party/FreeRTOS/Source/tasks.c **** 			taskENTER_CRITICAL();
1783:Middlewares/Third_Party/FreeRTOS/Source/tasks.c **** 			{
1784:Middlewares/Third_Party/FreeRTOS/Source/tasks.c **** 				if( prvTaskIsTaskSuspended( pxTCB ) != pdFALSE )
1785:Middlewares/Third_Party/FreeRTOS/Source/tasks.c **** 				{
1786:Middlewares/Third_Party/FreeRTOS/Source/tasks.c **** 					traceTASK_RESUME( pxTCB );
1787:Middlewares/Third_Party/FreeRTOS/Source/tasks.c **** 
1788:Middlewares/Third_Party/FreeRTOS/Source/tasks.c **** 					/* The ready list can be accessed even if the scheduler is
1789:Middlewares/Third_Party/FreeRTOS/Source/tasks.c **** 					suspended because this is inside a critical section. */
1790:Middlewares/Third_Party/FreeRTOS/Source/tasks.c **** 					( void ) uxListRemove(  &( pxTCB->xStateListItem ) );
1791:Middlewares/Third_Party/FreeRTOS/Source/tasks.c **** 					prvAddTaskToReadyList( pxTCB );
1792:Middlewares/Third_Party/FreeRTOS/Source/tasks.c **** 
1793:Middlewares/Third_Party/FreeRTOS/Source/tasks.c **** 					/* A higher priority task may have just been resumed. */
1794:Middlewares/Third_Party/FreeRTOS/Source/tasks.c **** 					if( pxTCB->uxPriority >= pxCurrentTCB->uxPriority )
1795:Middlewares/Third_Party/FreeRTOS/Source/tasks.c **** 					{
1796:Middlewares/Third_Party/FreeRTOS/Source/tasks.c **** 						/* This yield may not cause the task just resumed to run,
1797:Middlewares/Third_Party/FreeRTOS/Source/tasks.c **** 						but will leave the lists in the correct state for the
1798:Middlewares/Third_Party/FreeRTOS/Source/tasks.c **** 						next yield. */
1799:Middlewares/Third_Party/FreeRTOS/Source/tasks.c **** 						taskYIELD_IF_USING_PREEMPTION();
1800:Middlewares/Third_Party/FreeRTOS/Source/tasks.c **** 					}
1801:Middlewares/Third_Party/FreeRTOS/Source/tasks.c **** 					else
1802:Middlewares/Third_Party/FreeRTOS/Source/tasks.c **** 					{
1803:Middlewares/Third_Party/FreeRTOS/Source/tasks.c **** 						mtCOVERAGE_TEST_MARKER();
1804:Middlewares/Third_Party/FreeRTOS/Source/tasks.c **** 					}
1805:Middlewares/Third_Party/FreeRTOS/Source/tasks.c **** 				}
1806:Middlewares/Third_Party/FreeRTOS/Source/tasks.c **** 				else
1807:Middlewares/Third_Party/FreeRTOS/Source/tasks.c **** 				{
1808:Middlewares/Third_Party/FreeRTOS/Source/tasks.c **** 					mtCOVERAGE_TEST_MARKER();
1809:Middlewares/Third_Party/FreeRTOS/Source/tasks.c **** 				}
1810:Middlewares/Third_Party/FreeRTOS/Source/tasks.c **** 			}
1811:Middlewares/Third_Party/FreeRTOS/Source/tasks.c **** 			taskEXIT_CRITICAL();
1812:Middlewares/Third_Party/FreeRTOS/Source/tasks.c **** 		}
1813:Middlewares/Third_Party/FreeRTOS/Source/tasks.c **** 		else
1814:Middlewares/Third_Party/FreeRTOS/Source/tasks.c **** 		{
1815:Middlewares/Third_Party/FreeRTOS/Source/tasks.c **** 			mtCOVERAGE_TEST_MARKER();
1816:Middlewares/Third_Party/FreeRTOS/Source/tasks.c **** 		}
1817:Middlewares/Third_Party/FreeRTOS/Source/tasks.c **** 	}
1818:Middlewares/Third_Party/FreeRTOS/Source/tasks.c **** 
1819:Middlewares/Third_Party/FreeRTOS/Source/tasks.c **** #endif /* INCLUDE_vTaskSuspend */
1820:Middlewares/Third_Party/FreeRTOS/Source/tasks.c **** 
1821:Middlewares/Third_Party/FreeRTOS/Source/tasks.c **** /*-----------------------------------------------------------*/
1822:Middlewares/Third_Party/FreeRTOS/Source/tasks.c **** 
1823:Middlewares/Third_Party/FreeRTOS/Source/tasks.c **** #if ( ( INCLUDE_xTaskResumeFromISR == 1 ) && ( INCLUDE_vTaskSuspend == 1 ) )
1824:Middlewares/Third_Party/FreeRTOS/Source/tasks.c **** 
1825:Middlewares/Third_Party/FreeRTOS/Source/tasks.c **** 	BaseType_t xTaskResumeFromISR( TaskHandle_t xTaskToResume )
1826:Middlewares/Third_Party/FreeRTOS/Source/tasks.c **** 	{
1827:Middlewares/Third_Party/FreeRTOS/Source/tasks.c **** 	BaseType_t xYieldRequired = pdFALSE;
1828:Middlewares/Third_Party/FreeRTOS/Source/tasks.c **** 	TCB_t * const pxTCB = ( TCB_t * ) xTaskToResume;
1829:Middlewares/Third_Party/FreeRTOS/Source/tasks.c **** 	UBaseType_t uxSavedInterruptStatus;
1830:Middlewares/Third_Party/FreeRTOS/Source/tasks.c **** 
1831:Middlewares/Third_Party/FreeRTOS/Source/tasks.c **** 		configASSERT( xTaskToResume );
1832:Middlewares/Third_Party/FreeRTOS/Source/tasks.c **** 
1833:Middlewares/Third_Party/FreeRTOS/Source/tasks.c **** 		/* RTOS ports that support interrupt nesting have the concept of a
1834:Middlewares/Third_Party/FreeRTOS/Source/tasks.c **** 		maximum	system call (or maximum API call) interrupt priority.
1835:Middlewares/Third_Party/FreeRTOS/Source/tasks.c **** 		Interrupts that are	above the maximum system call priority are keep
1836:Middlewares/Third_Party/FreeRTOS/Source/tasks.c **** 		permanently enabled, even when the RTOS kernel is in a critical section,
1837:Middlewares/Third_Party/FreeRTOS/Source/tasks.c **** 		but cannot make any calls to FreeRTOS API functions.  If configASSERT()
1838:Middlewares/Third_Party/FreeRTOS/Source/tasks.c **** 		is defined in FreeRTOSConfig.h then
ARM GAS  C:\Users\31005\AppData\Local\Temp\ccNQ0Tdy.s 			page 39


1839:Middlewares/Third_Party/FreeRTOS/Source/tasks.c **** 		portASSERT_IF_INTERRUPT_PRIORITY_INVALID() will result in an assertion
1840:Middlewares/Third_Party/FreeRTOS/Source/tasks.c **** 		failure if a FreeRTOS API function is called from an interrupt that has
1841:Middlewares/Third_Party/FreeRTOS/Source/tasks.c **** 		been assigned a priority above the configured maximum system call
1842:Middlewares/Third_Party/FreeRTOS/Source/tasks.c **** 		priority.  Only FreeRTOS functions that end in FromISR can be called
1843:Middlewares/Third_Party/FreeRTOS/Source/tasks.c **** 		from interrupts	that have been assigned a priority at or (logically)
1844:Middlewares/Third_Party/FreeRTOS/Source/tasks.c **** 		below the maximum system call interrupt priority.  FreeRTOS maintains a
1845:Middlewares/Third_Party/FreeRTOS/Source/tasks.c **** 		separate interrupt safe API to ensure interrupt entry is as fast and as
1846:Middlewares/Third_Party/FreeRTOS/Source/tasks.c **** 		simple as possible.  More information (albeit Cortex-M specific) is
1847:Middlewares/Third_Party/FreeRTOS/Source/tasks.c **** 		provided on the following link:
1848:Middlewares/Third_Party/FreeRTOS/Source/tasks.c **** 		http://www.freertos.org/RTOS-Cortex-M3-M4.html */
1849:Middlewares/Third_Party/FreeRTOS/Source/tasks.c **** 		portASSERT_IF_INTERRUPT_PRIORITY_INVALID();
1850:Middlewares/Third_Party/FreeRTOS/Source/tasks.c **** 
1851:Middlewares/Third_Party/FreeRTOS/Source/tasks.c **** 		uxSavedInterruptStatus = portSET_INTERRUPT_MASK_FROM_ISR();
1852:Middlewares/Third_Party/FreeRTOS/Source/tasks.c **** 		{
1853:Middlewares/Third_Party/FreeRTOS/Source/tasks.c **** 			if( prvTaskIsTaskSuspended( pxTCB ) != pdFALSE )
1854:Middlewares/Third_Party/FreeRTOS/Source/tasks.c **** 			{
1855:Middlewares/Third_Party/FreeRTOS/Source/tasks.c **** 				traceTASK_RESUME_FROM_ISR( pxTCB );
1856:Middlewares/Third_Party/FreeRTOS/Source/tasks.c **** 
1857:Middlewares/Third_Party/FreeRTOS/Source/tasks.c **** 				/* Check the ready lists can be accessed. */
1858:Middlewares/Third_Party/FreeRTOS/Source/tasks.c **** 				if( uxSchedulerSuspended == ( UBaseType_t ) pdFALSE )
1859:Middlewares/Third_Party/FreeRTOS/Source/tasks.c **** 				{
1860:Middlewares/Third_Party/FreeRTOS/Source/tasks.c **** 					/* Ready lists can be accessed so move the task from the
1861:Middlewares/Third_Party/FreeRTOS/Source/tasks.c **** 					suspended list to the ready list directly. */
1862:Middlewares/Third_Party/FreeRTOS/Source/tasks.c **** 					if( pxTCB->uxPriority >= pxCurrentTCB->uxPriority )
1863:Middlewares/Third_Party/FreeRTOS/Source/tasks.c **** 					{
1864:Middlewares/Third_Party/FreeRTOS/Source/tasks.c **** 						xYieldRequired = pdTRUE;
1865:Middlewares/Third_Party/FreeRTOS/Source/tasks.c **** 					}
1866:Middlewares/Third_Party/FreeRTOS/Source/tasks.c **** 					else
1867:Middlewares/Third_Party/FreeRTOS/Source/tasks.c **** 					{
1868:Middlewares/Third_Party/FreeRTOS/Source/tasks.c **** 						mtCOVERAGE_TEST_MARKER();
1869:Middlewares/Third_Party/FreeRTOS/Source/tasks.c **** 					}
1870:Middlewares/Third_Party/FreeRTOS/Source/tasks.c **** 
1871:Middlewares/Third_Party/FreeRTOS/Source/tasks.c **** 					( void ) uxListRemove( &( pxTCB->xStateListItem ) );
1872:Middlewares/Third_Party/FreeRTOS/Source/tasks.c **** 					prvAddTaskToReadyList( pxTCB );
1873:Middlewares/Third_Party/FreeRTOS/Source/tasks.c **** 				}
1874:Middlewares/Third_Party/FreeRTOS/Source/tasks.c **** 				else
1875:Middlewares/Third_Party/FreeRTOS/Source/tasks.c **** 				{
1876:Middlewares/Third_Party/FreeRTOS/Source/tasks.c **** 					/* The delayed or ready lists cannot be accessed so the task
1877:Middlewares/Third_Party/FreeRTOS/Source/tasks.c **** 					is held in the pending ready list until the scheduler is
1878:Middlewares/Third_Party/FreeRTOS/Source/tasks.c **** 					unsuspended. */
1879:Middlewares/Third_Party/FreeRTOS/Source/tasks.c **** 					vListInsertEnd( &( xPendingReadyList ), &( pxTCB->xEventListItem ) );
1880:Middlewares/Third_Party/FreeRTOS/Source/tasks.c **** 				}
1881:Middlewares/Third_Party/FreeRTOS/Source/tasks.c **** 			}
1882:Middlewares/Third_Party/FreeRTOS/Source/tasks.c **** 			else
1883:Middlewares/Third_Party/FreeRTOS/Source/tasks.c **** 			{
1884:Middlewares/Third_Party/FreeRTOS/Source/tasks.c **** 				mtCOVERAGE_TEST_MARKER();
1885:Middlewares/Third_Party/FreeRTOS/Source/tasks.c **** 			}
1886:Middlewares/Third_Party/FreeRTOS/Source/tasks.c **** 		}
1887:Middlewares/Third_Party/FreeRTOS/Source/tasks.c **** 		portCLEAR_INTERRUPT_MASK_FROM_ISR( uxSavedInterruptStatus );
1888:Middlewares/Third_Party/FreeRTOS/Source/tasks.c **** 
1889:Middlewares/Third_Party/FreeRTOS/Source/tasks.c **** 		return xYieldRequired;
1890:Middlewares/Third_Party/FreeRTOS/Source/tasks.c **** 	}
1891:Middlewares/Third_Party/FreeRTOS/Source/tasks.c **** 
1892:Middlewares/Third_Party/FreeRTOS/Source/tasks.c **** #endif /* ( ( INCLUDE_xTaskResumeFromISR == 1 ) && ( INCLUDE_vTaskSuspend == 1 ) ) */
1893:Middlewares/Third_Party/FreeRTOS/Source/tasks.c **** /*-----------------------------------------------------------*/
1894:Middlewares/Third_Party/FreeRTOS/Source/tasks.c **** 
1895:Middlewares/Third_Party/FreeRTOS/Source/tasks.c **** void vTaskStartScheduler( void )
ARM GAS  C:\Users\31005\AppData\Local\Temp\ccNQ0Tdy.s 			page 40


1896:Middlewares/Third_Party/FreeRTOS/Source/tasks.c **** {
1897:Middlewares/Third_Party/FreeRTOS/Source/tasks.c **** BaseType_t xReturn;
1898:Middlewares/Third_Party/FreeRTOS/Source/tasks.c **** 
1899:Middlewares/Third_Party/FreeRTOS/Source/tasks.c **** 	/* Add the idle task at the lowest priority. */
1900:Middlewares/Third_Party/FreeRTOS/Source/tasks.c **** 	#if( configSUPPORT_STATIC_ALLOCATION == 1 )
1901:Middlewares/Third_Party/FreeRTOS/Source/tasks.c **** 	{
1902:Middlewares/Third_Party/FreeRTOS/Source/tasks.c **** 		StaticTask_t *pxIdleTaskTCBBuffer = NULL;
1903:Middlewares/Third_Party/FreeRTOS/Source/tasks.c **** 		StackType_t *pxIdleTaskStackBuffer = NULL;
1904:Middlewares/Third_Party/FreeRTOS/Source/tasks.c **** 		uint32_t ulIdleTaskStackSize;
1905:Middlewares/Third_Party/FreeRTOS/Source/tasks.c **** 
1906:Middlewares/Third_Party/FreeRTOS/Source/tasks.c **** 		/* The Idle task is created using user provided RAM - obtain the
1907:Middlewares/Third_Party/FreeRTOS/Source/tasks.c **** 		address of the RAM then create the idle task. */
1908:Middlewares/Third_Party/FreeRTOS/Source/tasks.c **** 		vApplicationGetIdleTaskMemory( &pxIdleTaskTCBBuffer, &pxIdleTaskStackBuffer, &ulIdleTaskStackSize
1909:Middlewares/Third_Party/FreeRTOS/Source/tasks.c **** 		xIdleTaskHandle = xTaskCreateStatic(	prvIdleTask,
1910:Middlewares/Third_Party/FreeRTOS/Source/tasks.c **** 												configIDLE_TASK_NAME,
1911:Middlewares/Third_Party/FreeRTOS/Source/tasks.c **** 												ulIdleTaskStackSize,
1912:Middlewares/Third_Party/FreeRTOS/Source/tasks.c **** 												( void * ) NULL, /*lint !e961.  The cast is not redundant for all compilers. */
1913:Middlewares/Third_Party/FreeRTOS/Source/tasks.c **** 												( tskIDLE_PRIORITY | portPRIVILEGE_BIT ),
1914:Middlewares/Third_Party/FreeRTOS/Source/tasks.c **** 												pxIdleTaskStackBuffer,
1915:Middlewares/Third_Party/FreeRTOS/Source/tasks.c **** 												pxIdleTaskTCBBuffer ); /*lint !e961 MISRA exception, justified as it is not a redundant
1916:Middlewares/Third_Party/FreeRTOS/Source/tasks.c **** 
1917:Middlewares/Third_Party/FreeRTOS/Source/tasks.c **** 		if( xIdleTaskHandle != NULL )
1918:Middlewares/Third_Party/FreeRTOS/Source/tasks.c **** 		{
1919:Middlewares/Third_Party/FreeRTOS/Source/tasks.c **** 			xReturn = pdPASS;
1920:Middlewares/Third_Party/FreeRTOS/Source/tasks.c **** 		}
1921:Middlewares/Third_Party/FreeRTOS/Source/tasks.c **** 		else
1922:Middlewares/Third_Party/FreeRTOS/Source/tasks.c **** 		{
1923:Middlewares/Third_Party/FreeRTOS/Source/tasks.c **** 			xReturn = pdFAIL;
1924:Middlewares/Third_Party/FreeRTOS/Source/tasks.c **** 		}
1925:Middlewares/Third_Party/FreeRTOS/Source/tasks.c **** 	}
1926:Middlewares/Third_Party/FreeRTOS/Source/tasks.c **** 	#else
1927:Middlewares/Third_Party/FreeRTOS/Source/tasks.c **** 	{
1928:Middlewares/Third_Party/FreeRTOS/Source/tasks.c **** 		/* The Idle task is being created using dynamically allocated RAM. */
1929:Middlewares/Third_Party/FreeRTOS/Source/tasks.c **** 		xReturn = xTaskCreate(	prvIdleTask,
1930:Middlewares/Third_Party/FreeRTOS/Source/tasks.c **** 								configIDLE_TASK_NAME,
1931:Middlewares/Third_Party/FreeRTOS/Source/tasks.c **** 								configMINIMAL_STACK_SIZE,
1932:Middlewares/Third_Party/FreeRTOS/Source/tasks.c **** 								( void * ) NULL,
1933:Middlewares/Third_Party/FreeRTOS/Source/tasks.c **** 								( tskIDLE_PRIORITY | portPRIVILEGE_BIT ),
1934:Middlewares/Third_Party/FreeRTOS/Source/tasks.c **** 								&xIdleTaskHandle ); /*lint !e961 MISRA exception, justified as it is not a redundant explic
1935:Middlewares/Third_Party/FreeRTOS/Source/tasks.c **** 	}
1936:Middlewares/Third_Party/FreeRTOS/Source/tasks.c **** 	#endif /* configSUPPORT_STATIC_ALLOCATION */
1937:Middlewares/Third_Party/FreeRTOS/Source/tasks.c **** 
1938:Middlewares/Third_Party/FreeRTOS/Source/tasks.c **** 	#if ( configUSE_TIMERS == 1 )
1939:Middlewares/Third_Party/FreeRTOS/Source/tasks.c **** 	{
1940:Middlewares/Third_Party/FreeRTOS/Source/tasks.c **** 		if( xReturn == pdPASS )
1941:Middlewares/Third_Party/FreeRTOS/Source/tasks.c **** 		{
1942:Middlewares/Third_Party/FreeRTOS/Source/tasks.c **** 			xReturn = xTimerCreateTimerTask();
1943:Middlewares/Third_Party/FreeRTOS/Source/tasks.c **** 		}
1944:Middlewares/Third_Party/FreeRTOS/Source/tasks.c **** 		else
1945:Middlewares/Third_Party/FreeRTOS/Source/tasks.c **** 		{
1946:Middlewares/Third_Party/FreeRTOS/Source/tasks.c **** 			mtCOVERAGE_TEST_MARKER();
1947:Middlewares/Third_Party/FreeRTOS/Source/tasks.c **** 		}
1948:Middlewares/Third_Party/FreeRTOS/Source/tasks.c **** 	}
1949:Middlewares/Third_Party/FreeRTOS/Source/tasks.c **** 	#endif /* configUSE_TIMERS */
1950:Middlewares/Third_Party/FreeRTOS/Source/tasks.c **** 
1951:Middlewares/Third_Party/FreeRTOS/Source/tasks.c **** 	if( xReturn == pdPASS )
1952:Middlewares/Third_Party/FreeRTOS/Source/tasks.c **** 	{
ARM GAS  C:\Users\31005\AppData\Local\Temp\ccNQ0Tdy.s 			page 41


1953:Middlewares/Third_Party/FreeRTOS/Source/tasks.c **** 		/* freertos_tasks_c_additions_init() should only be called if the user
1954:Middlewares/Third_Party/FreeRTOS/Source/tasks.c **** 		definable macro FREERTOS_TASKS_C_ADDITIONS_INIT() is defined, as that is
1955:Middlewares/Third_Party/FreeRTOS/Source/tasks.c **** 		the only macro called by the function. */
1956:Middlewares/Third_Party/FreeRTOS/Source/tasks.c **** 		#ifdef FREERTOS_TASKS_C_ADDITIONS_INIT
1957:Middlewares/Third_Party/FreeRTOS/Source/tasks.c **** 		{
1958:Middlewares/Third_Party/FreeRTOS/Source/tasks.c **** 			freertos_tasks_c_additions_init();
1959:Middlewares/Third_Party/FreeRTOS/Source/tasks.c **** 		}
1960:Middlewares/Third_Party/FreeRTOS/Source/tasks.c **** 		#endif
1961:Middlewares/Third_Party/FreeRTOS/Source/tasks.c **** 
1962:Middlewares/Third_Party/FreeRTOS/Source/tasks.c **** 		/* Interrupts are turned off here, to ensure a tick does not occur
1963:Middlewares/Third_Party/FreeRTOS/Source/tasks.c **** 		before or during the call to xPortStartScheduler().  The stacks of
1964:Middlewares/Third_Party/FreeRTOS/Source/tasks.c **** 		the created tasks contain a status word with interrupts switched on
1965:Middlewares/Third_Party/FreeRTOS/Source/tasks.c **** 		so interrupts will automatically get re-enabled when the first task
1966:Middlewares/Third_Party/FreeRTOS/Source/tasks.c **** 		starts to run. */
1967:Middlewares/Third_Party/FreeRTOS/Source/tasks.c **** 		portDISABLE_INTERRUPTS();
1968:Middlewares/Third_Party/FreeRTOS/Source/tasks.c **** 
1969:Middlewares/Third_Party/FreeRTOS/Source/tasks.c **** 		#if ( configUSE_NEWLIB_REENTRANT == 1 )
1970:Middlewares/Third_Party/FreeRTOS/Source/tasks.c **** 		{
1971:Middlewares/Third_Party/FreeRTOS/Source/tasks.c **** 			/* Switch Newlib's _impure_ptr variable to point to the _reent
1972:Middlewares/Third_Party/FreeRTOS/Source/tasks.c **** 			structure specific to the task that will run first. */
1973:Middlewares/Third_Party/FreeRTOS/Source/tasks.c **** 			_impure_ptr = &( pxCurrentTCB->xNewLib_reent );
1974:Middlewares/Third_Party/FreeRTOS/Source/tasks.c **** 		}
1975:Middlewares/Third_Party/FreeRTOS/Source/tasks.c **** 		#endif /* configUSE_NEWLIB_REENTRANT */
1976:Middlewares/Third_Party/FreeRTOS/Source/tasks.c **** 
1977:Middlewares/Third_Party/FreeRTOS/Source/tasks.c **** 		xNextTaskUnblockTime = portMAX_DELAY;
1978:Middlewares/Third_Party/FreeRTOS/Source/tasks.c **** 		xSchedulerRunning = pdTRUE;
1979:Middlewares/Third_Party/FreeRTOS/Source/tasks.c **** 		xTickCount = ( TickType_t ) 0U;
1980:Middlewares/Third_Party/FreeRTOS/Source/tasks.c **** 
1981:Middlewares/Third_Party/FreeRTOS/Source/tasks.c **** 		/* If configGENERATE_RUN_TIME_STATS is defined then the following
1982:Middlewares/Third_Party/FreeRTOS/Source/tasks.c **** 		macro must be defined to configure the timer/counter used to generate
1983:Middlewares/Third_Party/FreeRTOS/Source/tasks.c **** 		the run time counter time base.   NOTE:  If configGENERATE_RUN_TIME_STATS
1984:Middlewares/Third_Party/FreeRTOS/Source/tasks.c **** 		is set to 0 and the following line fails to build then ensure you do not
1985:Middlewares/Third_Party/FreeRTOS/Source/tasks.c **** 		have portCONFIGURE_TIMER_FOR_RUN_TIME_STATS() defined in your
1986:Middlewares/Third_Party/FreeRTOS/Source/tasks.c **** 		FreeRTOSConfig.h file. */
1987:Middlewares/Third_Party/FreeRTOS/Source/tasks.c **** 		portCONFIGURE_TIMER_FOR_RUN_TIME_STATS();
1988:Middlewares/Third_Party/FreeRTOS/Source/tasks.c **** 
1989:Middlewares/Third_Party/FreeRTOS/Source/tasks.c **** 		/* Setting up the timer tick is hardware specific and thus in the
1990:Middlewares/Third_Party/FreeRTOS/Source/tasks.c **** 		portable interface. */
1991:Middlewares/Third_Party/FreeRTOS/Source/tasks.c **** 		if( xPortStartScheduler() != pdFALSE )
1992:Middlewares/Third_Party/FreeRTOS/Source/tasks.c **** 		{
1993:Middlewares/Third_Party/FreeRTOS/Source/tasks.c **** 			/* Should not reach here as if the scheduler is running the
1994:Middlewares/Third_Party/FreeRTOS/Source/tasks.c **** 			function will not return. */
1995:Middlewares/Third_Party/FreeRTOS/Source/tasks.c **** 		}
1996:Middlewares/Third_Party/FreeRTOS/Source/tasks.c **** 		else
1997:Middlewares/Third_Party/FreeRTOS/Source/tasks.c **** 		{
1998:Middlewares/Third_Party/FreeRTOS/Source/tasks.c **** 			/* Should only reach here if a task calls xTaskEndScheduler(). */
1999:Middlewares/Third_Party/FreeRTOS/Source/tasks.c **** 		}
2000:Middlewares/Third_Party/FreeRTOS/Source/tasks.c **** 	}
2001:Middlewares/Third_Party/FreeRTOS/Source/tasks.c **** 	else
2002:Middlewares/Third_Party/FreeRTOS/Source/tasks.c **** 	{
2003:Middlewares/Third_Party/FreeRTOS/Source/tasks.c **** 		/* This line will only be reached if the kernel could not be started,
2004:Middlewares/Third_Party/FreeRTOS/Source/tasks.c **** 		because there was not enough FreeRTOS heap to create the idle task
2005:Middlewares/Third_Party/FreeRTOS/Source/tasks.c **** 		or the timer task. */
2006:Middlewares/Third_Party/FreeRTOS/Source/tasks.c **** 		configASSERT( xReturn != errCOULD_NOT_ALLOCATE_REQUIRED_MEMORY );
2007:Middlewares/Third_Party/FreeRTOS/Source/tasks.c **** 	}
2008:Middlewares/Third_Party/FreeRTOS/Source/tasks.c **** 
2009:Middlewares/Third_Party/FreeRTOS/Source/tasks.c **** 	/* Prevent compiler warnings if INCLUDE_xTaskGetIdleTaskHandle is set to 0,
ARM GAS  C:\Users\31005\AppData\Local\Temp\ccNQ0Tdy.s 			page 42


2010:Middlewares/Third_Party/FreeRTOS/Source/tasks.c **** 	meaning xIdleTaskHandle is not used anywhere else. */
2011:Middlewares/Third_Party/FreeRTOS/Source/tasks.c **** 	( void ) xIdleTaskHandle;
2012:Middlewares/Third_Party/FreeRTOS/Source/tasks.c **** }
2013:Middlewares/Third_Party/FreeRTOS/Source/tasks.c **** /*-----------------------------------------------------------*/
2014:Middlewares/Third_Party/FreeRTOS/Source/tasks.c **** 
2015:Middlewares/Third_Party/FreeRTOS/Source/tasks.c **** void vTaskEndScheduler( void )
2016:Middlewares/Third_Party/FreeRTOS/Source/tasks.c **** {
2017:Middlewares/Third_Party/FreeRTOS/Source/tasks.c **** 	/* Stop the scheduler interrupts and call the portable scheduler end
2018:Middlewares/Third_Party/FreeRTOS/Source/tasks.c **** 	routine so the original ISRs can be restored if necessary.  The port
2019:Middlewares/Third_Party/FreeRTOS/Source/tasks.c **** 	layer must ensure interrupts enable	bit is left in the correct state. */
2020:Middlewares/Third_Party/FreeRTOS/Source/tasks.c **** 	portDISABLE_INTERRUPTS();
2021:Middlewares/Third_Party/FreeRTOS/Source/tasks.c **** 	xSchedulerRunning = pdFALSE;
2022:Middlewares/Third_Party/FreeRTOS/Source/tasks.c **** 	vPortEndScheduler();
2023:Middlewares/Third_Party/FreeRTOS/Source/tasks.c **** }
2024:Middlewares/Third_Party/FreeRTOS/Source/tasks.c **** /*----------------------------------------------------------*/
2025:Middlewares/Third_Party/FreeRTOS/Source/tasks.c **** 
2026:Middlewares/Third_Party/FreeRTOS/Source/tasks.c **** void vTaskSuspendAll( void )
2027:Middlewares/Third_Party/FreeRTOS/Source/tasks.c **** {
2028:Middlewares/Third_Party/FreeRTOS/Source/tasks.c **** 	/* A critical section is not required as the variable is of type
2029:Middlewares/Third_Party/FreeRTOS/Source/tasks.c **** 	BaseType_t.  Please read Richard Barry's reply in the following link to a
2030:Middlewares/Third_Party/FreeRTOS/Source/tasks.c **** 	post in the FreeRTOS support forum before reporting this as a bug! -
2031:Middlewares/Third_Party/FreeRTOS/Source/tasks.c **** 	http://goo.gl/wu4acr */
2032:Middlewares/Third_Party/FreeRTOS/Source/tasks.c **** 	++uxSchedulerSuspended;
2033:Middlewares/Third_Party/FreeRTOS/Source/tasks.c **** }
2034:Middlewares/Third_Party/FreeRTOS/Source/tasks.c **** /*----------------------------------------------------------*/
2035:Middlewares/Third_Party/FreeRTOS/Source/tasks.c **** 
2036:Middlewares/Third_Party/FreeRTOS/Source/tasks.c **** #if ( configUSE_TICKLESS_IDLE != 0 )
2037:Middlewares/Third_Party/FreeRTOS/Source/tasks.c **** 
2038:Middlewares/Third_Party/FreeRTOS/Source/tasks.c **** 	static TickType_t prvGetExpectedIdleTime( void )
2039:Middlewares/Third_Party/FreeRTOS/Source/tasks.c **** 	{
2040:Middlewares/Third_Party/FreeRTOS/Source/tasks.c **** 	TickType_t xReturn;
2041:Middlewares/Third_Party/FreeRTOS/Source/tasks.c **** 	UBaseType_t uxHigherPriorityReadyTasks = pdFALSE;
2042:Middlewares/Third_Party/FreeRTOS/Source/tasks.c **** 
2043:Middlewares/Third_Party/FreeRTOS/Source/tasks.c **** 		/* uxHigherPriorityReadyTasks takes care of the case where
2044:Middlewares/Third_Party/FreeRTOS/Source/tasks.c **** 		configUSE_PREEMPTION is 0, so there may be tasks above the idle priority
2045:Middlewares/Third_Party/FreeRTOS/Source/tasks.c **** 		task that are in the Ready state, even though the idle task is
2046:Middlewares/Third_Party/FreeRTOS/Source/tasks.c **** 		running. */
2047:Middlewares/Third_Party/FreeRTOS/Source/tasks.c **** 		#if( configUSE_PORT_OPTIMISED_TASK_SELECTION == 0 )
2048:Middlewares/Third_Party/FreeRTOS/Source/tasks.c **** 		{
2049:Middlewares/Third_Party/FreeRTOS/Source/tasks.c **** 			if( uxTopReadyPriority > tskIDLE_PRIORITY )
2050:Middlewares/Third_Party/FreeRTOS/Source/tasks.c **** 			{
2051:Middlewares/Third_Party/FreeRTOS/Source/tasks.c **** 				uxHigherPriorityReadyTasks = pdTRUE;
2052:Middlewares/Third_Party/FreeRTOS/Source/tasks.c **** 			}
2053:Middlewares/Third_Party/FreeRTOS/Source/tasks.c **** 		}
2054:Middlewares/Third_Party/FreeRTOS/Source/tasks.c **** 		#else
2055:Middlewares/Third_Party/FreeRTOS/Source/tasks.c **** 		{
2056:Middlewares/Third_Party/FreeRTOS/Source/tasks.c **** 			const UBaseType_t uxLeastSignificantBit = ( UBaseType_t ) 0x01;
2057:Middlewares/Third_Party/FreeRTOS/Source/tasks.c **** 
2058:Middlewares/Third_Party/FreeRTOS/Source/tasks.c **** 			/* When port optimised task selection is used the uxTopReadyPriority
2059:Middlewares/Third_Party/FreeRTOS/Source/tasks.c **** 			variable is used as a bit map.  If bits other than the least
2060:Middlewares/Third_Party/FreeRTOS/Source/tasks.c **** 			significant bit are set then there are tasks that have a priority
2061:Middlewares/Third_Party/FreeRTOS/Source/tasks.c **** 			above the idle priority that are in the Ready state.  This takes
2062:Middlewares/Third_Party/FreeRTOS/Source/tasks.c **** 			care of the case where the co-operative scheduler is in use. */
2063:Middlewares/Third_Party/FreeRTOS/Source/tasks.c **** 			if( uxTopReadyPriority > uxLeastSignificantBit )
2064:Middlewares/Third_Party/FreeRTOS/Source/tasks.c **** 			{
2065:Middlewares/Third_Party/FreeRTOS/Source/tasks.c **** 				uxHigherPriorityReadyTasks = pdTRUE;
2066:Middlewares/Third_Party/FreeRTOS/Source/tasks.c **** 			}
ARM GAS  C:\Users\31005\AppData\Local\Temp\ccNQ0Tdy.s 			page 43


2067:Middlewares/Third_Party/FreeRTOS/Source/tasks.c **** 		}
2068:Middlewares/Third_Party/FreeRTOS/Source/tasks.c **** 		#endif
2069:Middlewares/Third_Party/FreeRTOS/Source/tasks.c **** 
2070:Middlewares/Third_Party/FreeRTOS/Source/tasks.c **** 		if( pxCurrentTCB->uxPriority > tskIDLE_PRIORITY )
2071:Middlewares/Third_Party/FreeRTOS/Source/tasks.c **** 		{
2072:Middlewares/Third_Party/FreeRTOS/Source/tasks.c **** 			xReturn = 0;
2073:Middlewares/Third_Party/FreeRTOS/Source/tasks.c **** 		}
2074:Middlewares/Third_Party/FreeRTOS/Source/tasks.c **** 		else if( listCURRENT_LIST_LENGTH( &( pxReadyTasksLists[ tskIDLE_PRIORITY ] ) ) > 1 )
2075:Middlewares/Third_Party/FreeRTOS/Source/tasks.c **** 		{
2076:Middlewares/Third_Party/FreeRTOS/Source/tasks.c **** 			/* There are other idle priority tasks in the ready state.  If
2077:Middlewares/Third_Party/FreeRTOS/Source/tasks.c **** 			time slicing is used then the very next tick interrupt must be
2078:Middlewares/Third_Party/FreeRTOS/Source/tasks.c **** 			processed. */
2079:Middlewares/Third_Party/FreeRTOS/Source/tasks.c **** 			xReturn = 0;
2080:Middlewares/Third_Party/FreeRTOS/Source/tasks.c **** 		}
2081:Middlewares/Third_Party/FreeRTOS/Source/tasks.c **** 		else if( uxHigherPriorityReadyTasks != pdFALSE )
2082:Middlewares/Third_Party/FreeRTOS/Source/tasks.c **** 		{
2083:Middlewares/Third_Party/FreeRTOS/Source/tasks.c **** 			/* There are tasks in the Ready state that have a priority above the
2084:Middlewares/Third_Party/FreeRTOS/Source/tasks.c **** 			idle priority.  This path can only be reached if
2085:Middlewares/Third_Party/FreeRTOS/Source/tasks.c **** 			configUSE_PREEMPTION is 0. */
2086:Middlewares/Third_Party/FreeRTOS/Source/tasks.c **** 			xReturn = 0;
2087:Middlewares/Third_Party/FreeRTOS/Source/tasks.c **** 		}
2088:Middlewares/Third_Party/FreeRTOS/Source/tasks.c **** 		else
2089:Middlewares/Third_Party/FreeRTOS/Source/tasks.c **** 		{
2090:Middlewares/Third_Party/FreeRTOS/Source/tasks.c **** 			xReturn = xNextTaskUnblockTime - xTickCount;
2091:Middlewares/Third_Party/FreeRTOS/Source/tasks.c **** 		}
2092:Middlewares/Third_Party/FreeRTOS/Source/tasks.c **** 
2093:Middlewares/Third_Party/FreeRTOS/Source/tasks.c **** 		return xReturn;
2094:Middlewares/Third_Party/FreeRTOS/Source/tasks.c **** 	}
2095:Middlewares/Third_Party/FreeRTOS/Source/tasks.c **** 
2096:Middlewares/Third_Party/FreeRTOS/Source/tasks.c **** #endif /* configUSE_TICKLESS_IDLE */
2097:Middlewares/Third_Party/FreeRTOS/Source/tasks.c **** /*----------------------------------------------------------*/
2098:Middlewares/Third_Party/FreeRTOS/Source/tasks.c **** 
2099:Middlewares/Third_Party/FreeRTOS/Source/tasks.c **** BaseType_t xTaskResumeAll( void )
2100:Middlewares/Third_Party/FreeRTOS/Source/tasks.c **** {
2101:Middlewares/Third_Party/FreeRTOS/Source/tasks.c **** TCB_t *pxTCB = NULL;
2102:Middlewares/Third_Party/FreeRTOS/Source/tasks.c **** BaseType_t xAlreadyYielded = pdFALSE;
2103:Middlewares/Third_Party/FreeRTOS/Source/tasks.c **** 
2104:Middlewares/Third_Party/FreeRTOS/Source/tasks.c **** 	/* If uxSchedulerSuspended is zero then this function does not match a
2105:Middlewares/Third_Party/FreeRTOS/Source/tasks.c **** 	previous call to vTaskSuspendAll(). */
2106:Middlewares/Third_Party/FreeRTOS/Source/tasks.c **** 	configASSERT( uxSchedulerSuspended );
2107:Middlewares/Third_Party/FreeRTOS/Source/tasks.c **** 
2108:Middlewares/Third_Party/FreeRTOS/Source/tasks.c **** 	/* It is possible that an ISR caused a task to be removed from an event
2109:Middlewares/Third_Party/FreeRTOS/Source/tasks.c **** 	list while the scheduler was suspended.  If this was the case then the
2110:Middlewares/Third_Party/FreeRTOS/Source/tasks.c **** 	removed task will have been added to the xPendingReadyList.  Once the
2111:Middlewares/Third_Party/FreeRTOS/Source/tasks.c **** 	scheduler has been resumed it is safe to move all the pending ready
2112:Middlewares/Third_Party/FreeRTOS/Source/tasks.c **** 	tasks from this list into their appropriate ready list. */
2113:Middlewares/Third_Party/FreeRTOS/Source/tasks.c **** 	taskENTER_CRITICAL();
2114:Middlewares/Third_Party/FreeRTOS/Source/tasks.c **** 	{
2115:Middlewares/Third_Party/FreeRTOS/Source/tasks.c **** 		--uxSchedulerSuspended;
2116:Middlewares/Third_Party/FreeRTOS/Source/tasks.c **** 
2117:Middlewares/Third_Party/FreeRTOS/Source/tasks.c **** 		if( uxSchedulerSuspended == ( UBaseType_t ) pdFALSE )
2118:Middlewares/Third_Party/FreeRTOS/Source/tasks.c **** 		{
2119:Middlewares/Third_Party/FreeRTOS/Source/tasks.c **** 			if( uxCurrentNumberOfTasks > ( UBaseType_t ) 0U )
2120:Middlewares/Third_Party/FreeRTOS/Source/tasks.c **** 			{
2121:Middlewares/Third_Party/FreeRTOS/Source/tasks.c **** 				/* Move any readied tasks from the pending list into the
2122:Middlewares/Third_Party/FreeRTOS/Source/tasks.c **** 				appropriate ready list. */
2123:Middlewares/Third_Party/FreeRTOS/Source/tasks.c **** 				while( listLIST_IS_EMPTY( &xPendingReadyList ) == pdFALSE )
ARM GAS  C:\Users\31005\AppData\Local\Temp\ccNQ0Tdy.s 			page 44


2124:Middlewares/Third_Party/FreeRTOS/Source/tasks.c **** 				{
2125:Middlewares/Third_Party/FreeRTOS/Source/tasks.c **** 					pxTCB = ( TCB_t * ) listGET_OWNER_OF_HEAD_ENTRY( ( &xPendingReadyList ) );
2126:Middlewares/Third_Party/FreeRTOS/Source/tasks.c **** 					( void ) uxListRemove( &( pxTCB->xEventListItem ) );
2127:Middlewares/Third_Party/FreeRTOS/Source/tasks.c **** 					( void ) uxListRemove( &( pxTCB->xStateListItem ) );
2128:Middlewares/Third_Party/FreeRTOS/Source/tasks.c **** 					prvAddTaskToReadyList( pxTCB );
2129:Middlewares/Third_Party/FreeRTOS/Source/tasks.c **** 
2130:Middlewares/Third_Party/FreeRTOS/Source/tasks.c **** 					/* If the moved task has a priority higher than the current
2131:Middlewares/Third_Party/FreeRTOS/Source/tasks.c **** 					task then a yield must be performed. */
2132:Middlewares/Third_Party/FreeRTOS/Source/tasks.c **** 					if( pxTCB->uxPriority >= pxCurrentTCB->uxPriority )
2133:Middlewares/Third_Party/FreeRTOS/Source/tasks.c **** 					{
2134:Middlewares/Third_Party/FreeRTOS/Source/tasks.c **** 						xYieldPending = pdTRUE;
2135:Middlewares/Third_Party/FreeRTOS/Source/tasks.c **** 					}
2136:Middlewares/Third_Party/FreeRTOS/Source/tasks.c **** 					else
2137:Middlewares/Third_Party/FreeRTOS/Source/tasks.c **** 					{
2138:Middlewares/Third_Party/FreeRTOS/Source/tasks.c **** 						mtCOVERAGE_TEST_MARKER();
2139:Middlewares/Third_Party/FreeRTOS/Source/tasks.c **** 					}
2140:Middlewares/Third_Party/FreeRTOS/Source/tasks.c **** 				}
2141:Middlewares/Third_Party/FreeRTOS/Source/tasks.c **** 
2142:Middlewares/Third_Party/FreeRTOS/Source/tasks.c **** 				if( pxTCB != NULL )
2143:Middlewares/Third_Party/FreeRTOS/Source/tasks.c **** 				{
2144:Middlewares/Third_Party/FreeRTOS/Source/tasks.c **** 					/* A task was unblocked while the scheduler was suspended,
2145:Middlewares/Third_Party/FreeRTOS/Source/tasks.c **** 					which may have prevented the next unblock time from being
2146:Middlewares/Third_Party/FreeRTOS/Source/tasks.c **** 					re-calculated, in which case re-calculate it now.  Mainly
2147:Middlewares/Third_Party/FreeRTOS/Source/tasks.c **** 					important for low power tickless implementations, where
2148:Middlewares/Third_Party/FreeRTOS/Source/tasks.c **** 					this can prevent an unnecessary exit from low power
2149:Middlewares/Third_Party/FreeRTOS/Source/tasks.c **** 					state. */
2150:Middlewares/Third_Party/FreeRTOS/Source/tasks.c **** 					prvResetNextTaskUnblockTime();
2151:Middlewares/Third_Party/FreeRTOS/Source/tasks.c **** 				}
2152:Middlewares/Third_Party/FreeRTOS/Source/tasks.c **** 
2153:Middlewares/Third_Party/FreeRTOS/Source/tasks.c **** 				/* If any ticks occurred while the scheduler was suspended then
2154:Middlewares/Third_Party/FreeRTOS/Source/tasks.c **** 				they should be processed now.  This ensures the tick count does
2155:Middlewares/Third_Party/FreeRTOS/Source/tasks.c **** 				not	slip, and that any delayed tasks are resumed at the correct
2156:Middlewares/Third_Party/FreeRTOS/Source/tasks.c **** 				time. */
2157:Middlewares/Third_Party/FreeRTOS/Source/tasks.c **** 				{
2158:Middlewares/Third_Party/FreeRTOS/Source/tasks.c **** 					UBaseType_t uxPendedCounts = uxPendedTicks; /* Non-volatile copy. */
2159:Middlewares/Third_Party/FreeRTOS/Source/tasks.c **** 
2160:Middlewares/Third_Party/FreeRTOS/Source/tasks.c **** 					if( uxPendedCounts > ( UBaseType_t ) 0U )
2161:Middlewares/Third_Party/FreeRTOS/Source/tasks.c **** 					{
2162:Middlewares/Third_Party/FreeRTOS/Source/tasks.c **** 						do
2163:Middlewares/Third_Party/FreeRTOS/Source/tasks.c **** 						{
2164:Middlewares/Third_Party/FreeRTOS/Source/tasks.c **** 							if( xTaskIncrementTick() != pdFALSE )
2165:Middlewares/Third_Party/FreeRTOS/Source/tasks.c **** 							{
2166:Middlewares/Third_Party/FreeRTOS/Source/tasks.c **** 								xYieldPending = pdTRUE;
2167:Middlewares/Third_Party/FreeRTOS/Source/tasks.c **** 							}
2168:Middlewares/Third_Party/FreeRTOS/Source/tasks.c **** 							else
2169:Middlewares/Third_Party/FreeRTOS/Source/tasks.c **** 							{
2170:Middlewares/Third_Party/FreeRTOS/Source/tasks.c **** 								mtCOVERAGE_TEST_MARKER();
2171:Middlewares/Third_Party/FreeRTOS/Source/tasks.c **** 							}
2172:Middlewares/Third_Party/FreeRTOS/Source/tasks.c **** 							--uxPendedCounts;
2173:Middlewares/Third_Party/FreeRTOS/Source/tasks.c **** 						} while( uxPendedCounts > ( UBaseType_t ) 0U );
2174:Middlewares/Third_Party/FreeRTOS/Source/tasks.c **** 
2175:Middlewares/Third_Party/FreeRTOS/Source/tasks.c **** 						uxPendedTicks = 0;
2176:Middlewares/Third_Party/FreeRTOS/Source/tasks.c **** 					}
2177:Middlewares/Third_Party/FreeRTOS/Source/tasks.c **** 					else
2178:Middlewares/Third_Party/FreeRTOS/Source/tasks.c **** 					{
2179:Middlewares/Third_Party/FreeRTOS/Source/tasks.c **** 						mtCOVERAGE_TEST_MARKER();
2180:Middlewares/Third_Party/FreeRTOS/Source/tasks.c **** 					}
ARM GAS  C:\Users\31005\AppData\Local\Temp\ccNQ0Tdy.s 			page 45


2181:Middlewares/Third_Party/FreeRTOS/Source/tasks.c **** 				}
2182:Middlewares/Third_Party/FreeRTOS/Source/tasks.c **** 
2183:Middlewares/Third_Party/FreeRTOS/Source/tasks.c **** 				if( xYieldPending != pdFALSE )
2184:Middlewares/Third_Party/FreeRTOS/Source/tasks.c **** 				{
2185:Middlewares/Third_Party/FreeRTOS/Source/tasks.c **** 					#if( configUSE_PREEMPTION != 0 )
2186:Middlewares/Third_Party/FreeRTOS/Source/tasks.c **** 					{
2187:Middlewares/Third_Party/FreeRTOS/Source/tasks.c **** 						xAlreadyYielded = pdTRUE;
2188:Middlewares/Third_Party/FreeRTOS/Source/tasks.c **** 					}
2189:Middlewares/Third_Party/FreeRTOS/Source/tasks.c **** 					#endif
2190:Middlewares/Third_Party/FreeRTOS/Source/tasks.c **** 					taskYIELD_IF_USING_PREEMPTION();
2191:Middlewares/Third_Party/FreeRTOS/Source/tasks.c **** 				}
2192:Middlewares/Third_Party/FreeRTOS/Source/tasks.c **** 				else
2193:Middlewares/Third_Party/FreeRTOS/Source/tasks.c **** 				{
2194:Middlewares/Third_Party/FreeRTOS/Source/tasks.c **** 					mtCOVERAGE_TEST_MARKER();
2195:Middlewares/Third_Party/FreeRTOS/Source/tasks.c **** 				}
2196:Middlewares/Third_Party/FreeRTOS/Source/tasks.c **** 			}
2197:Middlewares/Third_Party/FreeRTOS/Source/tasks.c **** 		}
2198:Middlewares/Third_Party/FreeRTOS/Source/tasks.c **** 		else
2199:Middlewares/Third_Party/FreeRTOS/Source/tasks.c **** 		{
2200:Middlewares/Third_Party/FreeRTOS/Source/tasks.c **** 			mtCOVERAGE_TEST_MARKER();
2201:Middlewares/Third_Party/FreeRTOS/Source/tasks.c **** 		}
2202:Middlewares/Third_Party/FreeRTOS/Source/tasks.c **** 	}
2203:Middlewares/Third_Party/FreeRTOS/Source/tasks.c **** 	taskEXIT_CRITICAL();
2204:Middlewares/Third_Party/FreeRTOS/Source/tasks.c **** 
2205:Middlewares/Third_Party/FreeRTOS/Source/tasks.c **** 	return xAlreadyYielded;
2206:Middlewares/Third_Party/FreeRTOS/Source/tasks.c **** }
2207:Middlewares/Third_Party/FreeRTOS/Source/tasks.c **** /*-----------------------------------------------------------*/
2208:Middlewares/Third_Party/FreeRTOS/Source/tasks.c **** 
2209:Middlewares/Third_Party/FreeRTOS/Source/tasks.c **** TickType_t xTaskGetTickCount( void )
2210:Middlewares/Third_Party/FreeRTOS/Source/tasks.c **** {
2211:Middlewares/Third_Party/FreeRTOS/Source/tasks.c **** TickType_t xTicks;
2212:Middlewares/Third_Party/FreeRTOS/Source/tasks.c **** 
2213:Middlewares/Third_Party/FreeRTOS/Source/tasks.c **** 	/* Critical section required if running on a 16 bit processor. */
2214:Middlewares/Third_Party/FreeRTOS/Source/tasks.c **** 	portTICK_TYPE_ENTER_CRITICAL();
2215:Middlewares/Third_Party/FreeRTOS/Source/tasks.c **** 	{
2216:Middlewares/Third_Party/FreeRTOS/Source/tasks.c **** 		xTicks = xTickCount;
2217:Middlewares/Third_Party/FreeRTOS/Source/tasks.c **** 	}
2218:Middlewares/Third_Party/FreeRTOS/Source/tasks.c **** 	portTICK_TYPE_EXIT_CRITICAL();
2219:Middlewares/Third_Party/FreeRTOS/Source/tasks.c **** 
2220:Middlewares/Third_Party/FreeRTOS/Source/tasks.c **** 	return xTicks;
2221:Middlewares/Third_Party/FreeRTOS/Source/tasks.c **** }
2222:Middlewares/Third_Party/FreeRTOS/Source/tasks.c **** /*-----------------------------------------------------------*/
2223:Middlewares/Third_Party/FreeRTOS/Source/tasks.c **** 
2224:Middlewares/Third_Party/FreeRTOS/Source/tasks.c **** TickType_t xTaskGetTickCountFromISR( void )
2225:Middlewares/Third_Party/FreeRTOS/Source/tasks.c **** {
2226:Middlewares/Third_Party/FreeRTOS/Source/tasks.c **** TickType_t xReturn;
2227:Middlewares/Third_Party/FreeRTOS/Source/tasks.c **** UBaseType_t uxSavedInterruptStatus;
2228:Middlewares/Third_Party/FreeRTOS/Source/tasks.c **** 
2229:Middlewares/Third_Party/FreeRTOS/Source/tasks.c **** 	/* RTOS ports that support interrupt nesting have the concept of a maximum
2230:Middlewares/Third_Party/FreeRTOS/Source/tasks.c **** 	system call (or maximum API call) interrupt priority.  Interrupts that are
2231:Middlewares/Third_Party/FreeRTOS/Source/tasks.c **** 	above the maximum system call priority are kept permanently enabled, even
2232:Middlewares/Third_Party/FreeRTOS/Source/tasks.c **** 	when the RTOS kernel is in a critical section, but cannot make any calls to
2233:Middlewares/Third_Party/FreeRTOS/Source/tasks.c **** 	FreeRTOS API functions.  If configASSERT() is defined in FreeRTOSConfig.h
2234:Middlewares/Third_Party/FreeRTOS/Source/tasks.c **** 	then portASSERT_IF_INTERRUPT_PRIORITY_INVALID() will result in an assertion
2235:Middlewares/Third_Party/FreeRTOS/Source/tasks.c **** 	failure if a FreeRTOS API function is called from an interrupt that has been
2236:Middlewares/Third_Party/FreeRTOS/Source/tasks.c **** 	assigned a priority above the configured maximum system call priority.
2237:Middlewares/Third_Party/FreeRTOS/Source/tasks.c **** 	Only FreeRTOS functions that end in FromISR can be called from interrupts
ARM GAS  C:\Users\31005\AppData\Local\Temp\ccNQ0Tdy.s 			page 46


2238:Middlewares/Third_Party/FreeRTOS/Source/tasks.c **** 	that have been assigned a priority at or (logically) below the maximum
2239:Middlewares/Third_Party/FreeRTOS/Source/tasks.c **** 	system call	interrupt priority.  FreeRTOS maintains a separate interrupt
2240:Middlewares/Third_Party/FreeRTOS/Source/tasks.c **** 	safe API to ensure interrupt entry is as fast and as simple as possible.
2241:Middlewares/Third_Party/FreeRTOS/Source/tasks.c **** 	More information (albeit Cortex-M specific) is provided on the following
2242:Middlewares/Third_Party/FreeRTOS/Source/tasks.c **** 	link: http://www.freertos.org/RTOS-Cortex-M3-M4.html */
2243:Middlewares/Third_Party/FreeRTOS/Source/tasks.c **** 	portASSERT_IF_INTERRUPT_PRIORITY_INVALID();
2244:Middlewares/Third_Party/FreeRTOS/Source/tasks.c **** 
2245:Middlewares/Third_Party/FreeRTOS/Source/tasks.c **** 	uxSavedInterruptStatus = portTICK_TYPE_SET_INTERRUPT_MASK_FROM_ISR();
2246:Middlewares/Third_Party/FreeRTOS/Source/tasks.c **** 	{
2247:Middlewares/Third_Party/FreeRTOS/Source/tasks.c **** 		xReturn = xTickCount;
2248:Middlewares/Third_Party/FreeRTOS/Source/tasks.c **** 	}
2249:Middlewares/Third_Party/FreeRTOS/Source/tasks.c **** 	portTICK_TYPE_CLEAR_INTERRUPT_MASK_FROM_ISR( uxSavedInterruptStatus );
2250:Middlewares/Third_Party/FreeRTOS/Source/tasks.c **** 
2251:Middlewares/Third_Party/FreeRTOS/Source/tasks.c **** 	return xReturn;
2252:Middlewares/Third_Party/FreeRTOS/Source/tasks.c **** }
2253:Middlewares/Third_Party/FreeRTOS/Source/tasks.c **** /*-----------------------------------------------------------*/
2254:Middlewares/Third_Party/FreeRTOS/Source/tasks.c **** 
2255:Middlewares/Third_Party/FreeRTOS/Source/tasks.c **** UBaseType_t uxTaskGetNumberOfTasks( void )
2256:Middlewares/Third_Party/FreeRTOS/Source/tasks.c **** {
2257:Middlewares/Third_Party/FreeRTOS/Source/tasks.c **** 	/* A critical section is not required because the variables are of type
2258:Middlewares/Third_Party/FreeRTOS/Source/tasks.c **** 	BaseType_t. */
2259:Middlewares/Third_Party/FreeRTOS/Source/tasks.c **** 	return uxCurrentNumberOfTasks;
2260:Middlewares/Third_Party/FreeRTOS/Source/tasks.c **** }
2261:Middlewares/Third_Party/FreeRTOS/Source/tasks.c **** /*-----------------------------------------------------------*/
2262:Middlewares/Third_Party/FreeRTOS/Source/tasks.c **** 
2263:Middlewares/Third_Party/FreeRTOS/Source/tasks.c **** char *pcTaskGetName( TaskHandle_t xTaskToQuery ) /*lint !e971 Unqualified char types are allowed fo
2264:Middlewares/Third_Party/FreeRTOS/Source/tasks.c **** {
2265:Middlewares/Third_Party/FreeRTOS/Source/tasks.c **** TCB_t *pxTCB;
2266:Middlewares/Third_Party/FreeRTOS/Source/tasks.c **** 
2267:Middlewares/Third_Party/FreeRTOS/Source/tasks.c **** 	/* If null is passed in here then the name of the calling task is being
2268:Middlewares/Third_Party/FreeRTOS/Source/tasks.c **** 	queried. */
2269:Middlewares/Third_Party/FreeRTOS/Source/tasks.c **** 	pxTCB = prvGetTCBFromHandle( xTaskToQuery );
2270:Middlewares/Third_Party/FreeRTOS/Source/tasks.c **** 	configASSERT( pxTCB );
2271:Middlewares/Third_Party/FreeRTOS/Source/tasks.c **** 	return &( pxTCB->pcTaskName[ 0 ] );
2272:Middlewares/Third_Party/FreeRTOS/Source/tasks.c **** }
2273:Middlewares/Third_Party/FreeRTOS/Source/tasks.c **** /*-----------------------------------------------------------*/
2274:Middlewares/Third_Party/FreeRTOS/Source/tasks.c **** 
2275:Middlewares/Third_Party/FreeRTOS/Source/tasks.c **** #if ( INCLUDE_xTaskGetHandle == 1 )
2276:Middlewares/Third_Party/FreeRTOS/Source/tasks.c **** 
2277:Middlewares/Third_Party/FreeRTOS/Source/tasks.c **** 	static TCB_t *prvSearchForNameWithinSingleList( List_t *pxList, const char pcNameToQuery[] )
2278:Middlewares/Third_Party/FreeRTOS/Source/tasks.c **** 	{
2279:Middlewares/Third_Party/FreeRTOS/Source/tasks.c **** 	TCB_t *pxNextTCB, *pxFirstTCB, *pxReturn = NULL;
2280:Middlewares/Third_Party/FreeRTOS/Source/tasks.c **** 	UBaseType_t x;
2281:Middlewares/Third_Party/FreeRTOS/Source/tasks.c **** 	char cNextChar;
2282:Middlewares/Third_Party/FreeRTOS/Source/tasks.c **** 
2283:Middlewares/Third_Party/FreeRTOS/Source/tasks.c **** 		/* This function is called with the scheduler suspended. */
2284:Middlewares/Third_Party/FreeRTOS/Source/tasks.c **** 
2285:Middlewares/Third_Party/FreeRTOS/Source/tasks.c **** 		if( listCURRENT_LIST_LENGTH( pxList ) > ( UBaseType_t ) 0 )
2286:Middlewares/Third_Party/FreeRTOS/Source/tasks.c **** 		{
2287:Middlewares/Third_Party/FreeRTOS/Source/tasks.c **** 			listGET_OWNER_OF_NEXT_ENTRY( pxFirstTCB, pxList );
2288:Middlewares/Third_Party/FreeRTOS/Source/tasks.c **** 
2289:Middlewares/Third_Party/FreeRTOS/Source/tasks.c **** 			do
2290:Middlewares/Third_Party/FreeRTOS/Source/tasks.c **** 			{
2291:Middlewares/Third_Party/FreeRTOS/Source/tasks.c **** 				listGET_OWNER_OF_NEXT_ENTRY( pxNextTCB, pxList );
2292:Middlewares/Third_Party/FreeRTOS/Source/tasks.c **** 
2293:Middlewares/Third_Party/FreeRTOS/Source/tasks.c **** 				/* Check each character in the name looking for a match or
2294:Middlewares/Third_Party/FreeRTOS/Source/tasks.c **** 				mismatch. */
ARM GAS  C:\Users\31005\AppData\Local\Temp\ccNQ0Tdy.s 			page 47


2295:Middlewares/Third_Party/FreeRTOS/Source/tasks.c **** 				for( x = ( UBaseType_t ) 0; x < ( UBaseType_t ) configMAX_TASK_NAME_LEN; x++ )
2296:Middlewares/Third_Party/FreeRTOS/Source/tasks.c **** 				{
2297:Middlewares/Third_Party/FreeRTOS/Source/tasks.c **** 					cNextChar = pxNextTCB->pcTaskName[ x ];
2298:Middlewares/Third_Party/FreeRTOS/Source/tasks.c **** 
2299:Middlewares/Third_Party/FreeRTOS/Source/tasks.c **** 					if( cNextChar != pcNameToQuery[ x ] )
2300:Middlewares/Third_Party/FreeRTOS/Source/tasks.c **** 					{
2301:Middlewares/Third_Party/FreeRTOS/Source/tasks.c **** 						/* Characters didn't match. */
2302:Middlewares/Third_Party/FreeRTOS/Source/tasks.c **** 						break;
2303:Middlewares/Third_Party/FreeRTOS/Source/tasks.c **** 					}
2304:Middlewares/Third_Party/FreeRTOS/Source/tasks.c **** 					else if( cNextChar == 0x00 )
2305:Middlewares/Third_Party/FreeRTOS/Source/tasks.c **** 					{
2306:Middlewares/Third_Party/FreeRTOS/Source/tasks.c **** 						/* Both strings terminated, a match must have been
2307:Middlewares/Third_Party/FreeRTOS/Source/tasks.c **** 						found. */
2308:Middlewares/Third_Party/FreeRTOS/Source/tasks.c **** 						pxReturn = pxNextTCB;
2309:Middlewares/Third_Party/FreeRTOS/Source/tasks.c **** 						break;
2310:Middlewares/Third_Party/FreeRTOS/Source/tasks.c **** 					}
2311:Middlewares/Third_Party/FreeRTOS/Source/tasks.c **** 					else
2312:Middlewares/Third_Party/FreeRTOS/Source/tasks.c **** 					{
2313:Middlewares/Third_Party/FreeRTOS/Source/tasks.c **** 						mtCOVERAGE_TEST_MARKER();
2314:Middlewares/Third_Party/FreeRTOS/Source/tasks.c **** 					}
2315:Middlewares/Third_Party/FreeRTOS/Source/tasks.c **** 				}
2316:Middlewares/Third_Party/FreeRTOS/Source/tasks.c **** 
2317:Middlewares/Third_Party/FreeRTOS/Source/tasks.c **** 				if( pxReturn != NULL )
2318:Middlewares/Third_Party/FreeRTOS/Source/tasks.c **** 				{
2319:Middlewares/Third_Party/FreeRTOS/Source/tasks.c **** 					/* The handle has been found. */
2320:Middlewares/Third_Party/FreeRTOS/Source/tasks.c **** 					break;
2321:Middlewares/Third_Party/FreeRTOS/Source/tasks.c **** 				}
2322:Middlewares/Third_Party/FreeRTOS/Source/tasks.c **** 
2323:Middlewares/Third_Party/FreeRTOS/Source/tasks.c **** 			} while( pxNextTCB != pxFirstTCB );
2324:Middlewares/Third_Party/FreeRTOS/Source/tasks.c **** 		}
2325:Middlewares/Third_Party/FreeRTOS/Source/tasks.c **** 		else
2326:Middlewares/Third_Party/FreeRTOS/Source/tasks.c **** 		{
2327:Middlewares/Third_Party/FreeRTOS/Source/tasks.c **** 			mtCOVERAGE_TEST_MARKER();
2328:Middlewares/Third_Party/FreeRTOS/Source/tasks.c **** 		}
2329:Middlewares/Third_Party/FreeRTOS/Source/tasks.c **** 
2330:Middlewares/Third_Party/FreeRTOS/Source/tasks.c **** 		return pxReturn;
2331:Middlewares/Third_Party/FreeRTOS/Source/tasks.c **** 	}
2332:Middlewares/Third_Party/FreeRTOS/Source/tasks.c **** 
2333:Middlewares/Third_Party/FreeRTOS/Source/tasks.c **** #endif /* INCLUDE_xTaskGetHandle */
2334:Middlewares/Third_Party/FreeRTOS/Source/tasks.c **** /*-----------------------------------------------------------*/
2335:Middlewares/Third_Party/FreeRTOS/Source/tasks.c **** 
2336:Middlewares/Third_Party/FreeRTOS/Source/tasks.c **** #if ( INCLUDE_xTaskGetHandle == 1 )
2337:Middlewares/Third_Party/FreeRTOS/Source/tasks.c **** 
2338:Middlewares/Third_Party/FreeRTOS/Source/tasks.c **** 	TaskHandle_t xTaskGetHandle( const char *pcNameToQuery ) /*lint !e971 Unqualified char types are a
2339:Middlewares/Third_Party/FreeRTOS/Source/tasks.c **** 	{
2340:Middlewares/Third_Party/FreeRTOS/Source/tasks.c **** 	UBaseType_t uxQueue = configMAX_PRIORITIES;
2341:Middlewares/Third_Party/FreeRTOS/Source/tasks.c **** 	TCB_t* pxTCB;
2342:Middlewares/Third_Party/FreeRTOS/Source/tasks.c **** 
2343:Middlewares/Third_Party/FreeRTOS/Source/tasks.c **** 		/* Task names will be truncated to configMAX_TASK_NAME_LEN - 1 bytes. */
2344:Middlewares/Third_Party/FreeRTOS/Source/tasks.c **** 		configASSERT( strlen( pcNameToQuery ) < configMAX_TASK_NAME_LEN );
2345:Middlewares/Third_Party/FreeRTOS/Source/tasks.c **** 
2346:Middlewares/Third_Party/FreeRTOS/Source/tasks.c **** 		vTaskSuspendAll();
2347:Middlewares/Third_Party/FreeRTOS/Source/tasks.c **** 		{
2348:Middlewares/Third_Party/FreeRTOS/Source/tasks.c **** 			/* Search the ready lists. */
2349:Middlewares/Third_Party/FreeRTOS/Source/tasks.c **** 			do
2350:Middlewares/Third_Party/FreeRTOS/Source/tasks.c **** 			{
2351:Middlewares/Third_Party/FreeRTOS/Source/tasks.c **** 				uxQueue--;
ARM GAS  C:\Users\31005\AppData\Local\Temp\ccNQ0Tdy.s 			page 48


2352:Middlewares/Third_Party/FreeRTOS/Source/tasks.c **** 				pxTCB = prvSearchForNameWithinSingleList( ( List_t * ) &( pxReadyTasksLists[ uxQueue ] ), pcNam
2353:Middlewares/Third_Party/FreeRTOS/Source/tasks.c **** 
2354:Middlewares/Third_Party/FreeRTOS/Source/tasks.c **** 				if( pxTCB != NULL )
2355:Middlewares/Third_Party/FreeRTOS/Source/tasks.c **** 				{
2356:Middlewares/Third_Party/FreeRTOS/Source/tasks.c **** 					/* Found the handle. */
2357:Middlewares/Third_Party/FreeRTOS/Source/tasks.c **** 					break;
2358:Middlewares/Third_Party/FreeRTOS/Source/tasks.c **** 				}
2359:Middlewares/Third_Party/FreeRTOS/Source/tasks.c **** 
2360:Middlewares/Third_Party/FreeRTOS/Source/tasks.c **** 			} while( uxQueue > ( UBaseType_t ) tskIDLE_PRIORITY ); /*lint !e961 MISRA exception as the casts
2361:Middlewares/Third_Party/FreeRTOS/Source/tasks.c **** 
2362:Middlewares/Third_Party/FreeRTOS/Source/tasks.c **** 			/* Search the delayed lists. */
2363:Middlewares/Third_Party/FreeRTOS/Source/tasks.c **** 			if( pxTCB == NULL )
2364:Middlewares/Third_Party/FreeRTOS/Source/tasks.c **** 			{
2365:Middlewares/Third_Party/FreeRTOS/Source/tasks.c **** 				pxTCB = prvSearchForNameWithinSingleList( ( List_t * ) pxDelayedTaskList, pcNameToQuery );
2366:Middlewares/Third_Party/FreeRTOS/Source/tasks.c **** 			}
2367:Middlewares/Third_Party/FreeRTOS/Source/tasks.c **** 
2368:Middlewares/Third_Party/FreeRTOS/Source/tasks.c **** 			if( pxTCB == NULL )
2369:Middlewares/Third_Party/FreeRTOS/Source/tasks.c **** 			{
2370:Middlewares/Third_Party/FreeRTOS/Source/tasks.c **** 				pxTCB = prvSearchForNameWithinSingleList( ( List_t * ) pxOverflowDelayedTaskList, pcNameToQuery
2371:Middlewares/Third_Party/FreeRTOS/Source/tasks.c **** 			}
2372:Middlewares/Third_Party/FreeRTOS/Source/tasks.c **** 
2373:Middlewares/Third_Party/FreeRTOS/Source/tasks.c **** 			#if ( INCLUDE_vTaskSuspend == 1 )
2374:Middlewares/Third_Party/FreeRTOS/Source/tasks.c **** 			{
2375:Middlewares/Third_Party/FreeRTOS/Source/tasks.c **** 				if( pxTCB == NULL )
2376:Middlewares/Third_Party/FreeRTOS/Source/tasks.c **** 				{
2377:Middlewares/Third_Party/FreeRTOS/Source/tasks.c **** 					/* Search the suspended list. */
2378:Middlewares/Third_Party/FreeRTOS/Source/tasks.c **** 					pxTCB = prvSearchForNameWithinSingleList( &xSuspendedTaskList, pcNameToQuery );
2379:Middlewares/Third_Party/FreeRTOS/Source/tasks.c **** 				}
2380:Middlewares/Third_Party/FreeRTOS/Source/tasks.c **** 			}
2381:Middlewares/Third_Party/FreeRTOS/Source/tasks.c **** 			#endif
2382:Middlewares/Third_Party/FreeRTOS/Source/tasks.c **** 
2383:Middlewares/Third_Party/FreeRTOS/Source/tasks.c **** 			#if( INCLUDE_vTaskDelete == 1 )
2384:Middlewares/Third_Party/FreeRTOS/Source/tasks.c **** 			{
2385:Middlewares/Third_Party/FreeRTOS/Source/tasks.c **** 				if( pxTCB == NULL )
2386:Middlewares/Third_Party/FreeRTOS/Source/tasks.c **** 				{
2387:Middlewares/Third_Party/FreeRTOS/Source/tasks.c **** 					/* Search the deleted list. */
2388:Middlewares/Third_Party/FreeRTOS/Source/tasks.c **** 					pxTCB = prvSearchForNameWithinSingleList( &xTasksWaitingTermination, pcNameToQuery );
2389:Middlewares/Third_Party/FreeRTOS/Source/tasks.c **** 				}
2390:Middlewares/Third_Party/FreeRTOS/Source/tasks.c **** 			}
2391:Middlewares/Third_Party/FreeRTOS/Source/tasks.c **** 			#endif
2392:Middlewares/Third_Party/FreeRTOS/Source/tasks.c **** 		}
2393:Middlewares/Third_Party/FreeRTOS/Source/tasks.c **** 		( void ) xTaskResumeAll();
2394:Middlewares/Third_Party/FreeRTOS/Source/tasks.c **** 
2395:Middlewares/Third_Party/FreeRTOS/Source/tasks.c **** 		return ( TaskHandle_t ) pxTCB;
2396:Middlewares/Third_Party/FreeRTOS/Source/tasks.c **** 	}
2397:Middlewares/Third_Party/FreeRTOS/Source/tasks.c **** 
2398:Middlewares/Third_Party/FreeRTOS/Source/tasks.c **** #endif /* INCLUDE_xTaskGetHandle */
2399:Middlewares/Third_Party/FreeRTOS/Source/tasks.c **** /*-----------------------------------------------------------*/
2400:Middlewares/Third_Party/FreeRTOS/Source/tasks.c **** 
2401:Middlewares/Third_Party/FreeRTOS/Source/tasks.c **** #if ( configUSE_TRACE_FACILITY == 1 )
2402:Middlewares/Third_Party/FreeRTOS/Source/tasks.c **** 
2403:Middlewares/Third_Party/FreeRTOS/Source/tasks.c **** 	UBaseType_t uxTaskGetSystemState( TaskStatus_t * const pxTaskStatusArray, const UBaseType_t uxArra
2404:Middlewares/Third_Party/FreeRTOS/Source/tasks.c **** 	{
2405:Middlewares/Third_Party/FreeRTOS/Source/tasks.c **** 	UBaseType_t uxTask = 0, uxQueue = configMAX_PRIORITIES;
2406:Middlewares/Third_Party/FreeRTOS/Source/tasks.c **** 
2407:Middlewares/Third_Party/FreeRTOS/Source/tasks.c **** 		vTaskSuspendAll();
2408:Middlewares/Third_Party/FreeRTOS/Source/tasks.c **** 		{
ARM GAS  C:\Users\31005\AppData\Local\Temp\ccNQ0Tdy.s 			page 49


2409:Middlewares/Third_Party/FreeRTOS/Source/tasks.c **** 			/* Is there a space in the array for each task in the system? */
2410:Middlewares/Third_Party/FreeRTOS/Source/tasks.c **** 			if( uxArraySize >= uxCurrentNumberOfTasks )
2411:Middlewares/Third_Party/FreeRTOS/Source/tasks.c **** 			{
2412:Middlewares/Third_Party/FreeRTOS/Source/tasks.c **** 				/* Fill in an TaskStatus_t structure with information on each
2413:Middlewares/Third_Party/FreeRTOS/Source/tasks.c **** 				task in the Ready state. */
2414:Middlewares/Third_Party/FreeRTOS/Source/tasks.c **** 				do
2415:Middlewares/Third_Party/FreeRTOS/Source/tasks.c **** 				{
2416:Middlewares/Third_Party/FreeRTOS/Source/tasks.c **** 					uxQueue--;
2417:Middlewares/Third_Party/FreeRTOS/Source/tasks.c **** 					uxTask += prvListTasksWithinSingleList( &( pxTaskStatusArray[ uxTask ] ), &( pxReadyTasksLists
2418:Middlewares/Third_Party/FreeRTOS/Source/tasks.c **** 
2419:Middlewares/Third_Party/FreeRTOS/Source/tasks.c **** 				} while( uxQueue > ( UBaseType_t ) tskIDLE_PRIORITY ); /*lint !e961 MISRA exception as the cast
2420:Middlewares/Third_Party/FreeRTOS/Source/tasks.c **** 
2421:Middlewares/Third_Party/FreeRTOS/Source/tasks.c **** 				/* Fill in an TaskStatus_t structure with information on each
2422:Middlewares/Third_Party/FreeRTOS/Source/tasks.c **** 				task in the Blocked state. */
2423:Middlewares/Third_Party/FreeRTOS/Source/tasks.c **** 				uxTask += prvListTasksWithinSingleList( &( pxTaskStatusArray[ uxTask ] ), ( List_t * ) pxDelaye
2424:Middlewares/Third_Party/FreeRTOS/Source/tasks.c **** 				uxTask += prvListTasksWithinSingleList( &( pxTaskStatusArray[ uxTask ] ), ( List_t * ) pxOverfl
2425:Middlewares/Third_Party/FreeRTOS/Source/tasks.c **** 
2426:Middlewares/Third_Party/FreeRTOS/Source/tasks.c **** 				#if( INCLUDE_vTaskDelete == 1 )
2427:Middlewares/Third_Party/FreeRTOS/Source/tasks.c **** 				{
2428:Middlewares/Third_Party/FreeRTOS/Source/tasks.c **** 					/* Fill in an TaskStatus_t structure with information on
2429:Middlewares/Third_Party/FreeRTOS/Source/tasks.c **** 					each task that has been deleted but not yet cleaned up. */
2430:Middlewares/Third_Party/FreeRTOS/Source/tasks.c **** 					uxTask += prvListTasksWithinSingleList( &( pxTaskStatusArray[ uxTask ] ), &xTasksWaitingTermin
2431:Middlewares/Third_Party/FreeRTOS/Source/tasks.c **** 				}
2432:Middlewares/Third_Party/FreeRTOS/Source/tasks.c **** 				#endif
2433:Middlewares/Third_Party/FreeRTOS/Source/tasks.c **** 
2434:Middlewares/Third_Party/FreeRTOS/Source/tasks.c **** 				#if ( INCLUDE_vTaskSuspend == 1 )
2435:Middlewares/Third_Party/FreeRTOS/Source/tasks.c **** 				{
2436:Middlewares/Third_Party/FreeRTOS/Source/tasks.c **** 					/* Fill in an TaskStatus_t structure with information on
2437:Middlewares/Third_Party/FreeRTOS/Source/tasks.c **** 					each task in the Suspended state. */
2438:Middlewares/Third_Party/FreeRTOS/Source/tasks.c **** 					uxTask += prvListTasksWithinSingleList( &( pxTaskStatusArray[ uxTask ] ), &xSuspendedTaskList,
2439:Middlewares/Third_Party/FreeRTOS/Source/tasks.c **** 				}
2440:Middlewares/Third_Party/FreeRTOS/Source/tasks.c **** 				#endif
2441:Middlewares/Third_Party/FreeRTOS/Source/tasks.c **** 
2442:Middlewares/Third_Party/FreeRTOS/Source/tasks.c **** 				#if ( configGENERATE_RUN_TIME_STATS == 1)
2443:Middlewares/Third_Party/FreeRTOS/Source/tasks.c **** 				{
2444:Middlewares/Third_Party/FreeRTOS/Source/tasks.c **** 					if( pulTotalRunTime != NULL )
2445:Middlewares/Third_Party/FreeRTOS/Source/tasks.c **** 					{
2446:Middlewares/Third_Party/FreeRTOS/Source/tasks.c **** 						#ifdef portALT_GET_RUN_TIME_COUNTER_VALUE
2447:Middlewares/Third_Party/FreeRTOS/Source/tasks.c **** 							portALT_GET_RUN_TIME_COUNTER_VALUE( ( *pulTotalRunTime ) );
2448:Middlewares/Third_Party/FreeRTOS/Source/tasks.c **** 						#else
2449:Middlewares/Third_Party/FreeRTOS/Source/tasks.c **** 							*pulTotalRunTime = portGET_RUN_TIME_COUNTER_VALUE();
2450:Middlewares/Third_Party/FreeRTOS/Source/tasks.c **** 						#endif
2451:Middlewares/Third_Party/FreeRTOS/Source/tasks.c **** 					}
2452:Middlewares/Third_Party/FreeRTOS/Source/tasks.c **** 				}
2453:Middlewares/Third_Party/FreeRTOS/Source/tasks.c **** 				#else
2454:Middlewares/Third_Party/FreeRTOS/Source/tasks.c **** 				{
2455:Middlewares/Third_Party/FreeRTOS/Source/tasks.c **** 					if( pulTotalRunTime != NULL )
2456:Middlewares/Third_Party/FreeRTOS/Source/tasks.c **** 					{
2457:Middlewares/Third_Party/FreeRTOS/Source/tasks.c **** 						*pulTotalRunTime = 0;
2458:Middlewares/Third_Party/FreeRTOS/Source/tasks.c **** 					}
2459:Middlewares/Third_Party/FreeRTOS/Source/tasks.c **** 				}
2460:Middlewares/Third_Party/FreeRTOS/Source/tasks.c **** 				#endif
2461:Middlewares/Third_Party/FreeRTOS/Source/tasks.c **** 			}
2462:Middlewares/Third_Party/FreeRTOS/Source/tasks.c **** 			else
2463:Middlewares/Third_Party/FreeRTOS/Source/tasks.c **** 			{
2464:Middlewares/Third_Party/FreeRTOS/Source/tasks.c **** 				mtCOVERAGE_TEST_MARKER();
2465:Middlewares/Third_Party/FreeRTOS/Source/tasks.c **** 			}
ARM GAS  C:\Users\31005\AppData\Local\Temp\ccNQ0Tdy.s 			page 50


2466:Middlewares/Third_Party/FreeRTOS/Source/tasks.c **** 		}
2467:Middlewares/Third_Party/FreeRTOS/Source/tasks.c **** 		( void ) xTaskResumeAll();
2468:Middlewares/Third_Party/FreeRTOS/Source/tasks.c **** 
2469:Middlewares/Third_Party/FreeRTOS/Source/tasks.c **** 		return uxTask;
2470:Middlewares/Third_Party/FreeRTOS/Source/tasks.c **** 	}
2471:Middlewares/Third_Party/FreeRTOS/Source/tasks.c **** 
2472:Middlewares/Third_Party/FreeRTOS/Source/tasks.c **** #endif /* configUSE_TRACE_FACILITY */
2473:Middlewares/Third_Party/FreeRTOS/Source/tasks.c **** /*----------------------------------------------------------*/
2474:Middlewares/Third_Party/FreeRTOS/Source/tasks.c **** 
2475:Middlewares/Third_Party/FreeRTOS/Source/tasks.c **** #if ( INCLUDE_xTaskGetIdleTaskHandle == 1 )
2476:Middlewares/Third_Party/FreeRTOS/Source/tasks.c **** 
2477:Middlewares/Third_Party/FreeRTOS/Source/tasks.c **** 	TaskHandle_t xTaskGetIdleTaskHandle( void )
2478:Middlewares/Third_Party/FreeRTOS/Source/tasks.c **** 	{
2479:Middlewares/Third_Party/FreeRTOS/Source/tasks.c **** 		/* If xTaskGetIdleTaskHandle() is called before the scheduler has been
2480:Middlewares/Third_Party/FreeRTOS/Source/tasks.c **** 		started, then xIdleTaskHandle will be NULL. */
2481:Middlewares/Third_Party/FreeRTOS/Source/tasks.c **** 		configASSERT( ( xIdleTaskHandle != NULL ) );
2482:Middlewares/Third_Party/FreeRTOS/Source/tasks.c **** 		return xIdleTaskHandle;
2483:Middlewares/Third_Party/FreeRTOS/Source/tasks.c **** 	}
2484:Middlewares/Third_Party/FreeRTOS/Source/tasks.c **** 
2485:Middlewares/Third_Party/FreeRTOS/Source/tasks.c **** #endif /* INCLUDE_xTaskGetIdleTaskHandle */
2486:Middlewares/Third_Party/FreeRTOS/Source/tasks.c **** /*----------------------------------------------------------*/
2487:Middlewares/Third_Party/FreeRTOS/Source/tasks.c **** 
2488:Middlewares/Third_Party/FreeRTOS/Source/tasks.c **** /* This conditional compilation should use inequality to 0, not equality to 1.
2489:Middlewares/Third_Party/FreeRTOS/Source/tasks.c **** This is to ensure vTaskStepTick() is available when user defined low power mode
2490:Middlewares/Third_Party/FreeRTOS/Source/tasks.c **** implementations require configUSE_TICKLESS_IDLE to be set to a value other than
2491:Middlewares/Third_Party/FreeRTOS/Source/tasks.c **** 1. */
2492:Middlewares/Third_Party/FreeRTOS/Source/tasks.c **** #if ( configUSE_TICKLESS_IDLE != 0 )
2493:Middlewares/Third_Party/FreeRTOS/Source/tasks.c **** 
2494:Middlewares/Third_Party/FreeRTOS/Source/tasks.c **** 	void vTaskStepTick( const TickType_t xTicksToJump )
2495:Middlewares/Third_Party/FreeRTOS/Source/tasks.c **** 	{
2496:Middlewares/Third_Party/FreeRTOS/Source/tasks.c **** 		/* Correct the tick count value after a period during which the tick
2497:Middlewares/Third_Party/FreeRTOS/Source/tasks.c **** 		was suppressed.  Note this does *not* call the tick hook function for
2498:Middlewares/Third_Party/FreeRTOS/Source/tasks.c **** 		each stepped tick. */
2499:Middlewares/Third_Party/FreeRTOS/Source/tasks.c **** 		configASSERT( ( xTickCount + xTicksToJump ) <= xNextTaskUnblockTime );
2500:Middlewares/Third_Party/FreeRTOS/Source/tasks.c **** 		xTickCount += xTicksToJump;
2501:Middlewares/Third_Party/FreeRTOS/Source/tasks.c **** 		traceINCREASE_TICK_COUNT( xTicksToJump );
2502:Middlewares/Third_Party/FreeRTOS/Source/tasks.c **** 	}
2503:Middlewares/Third_Party/FreeRTOS/Source/tasks.c **** 
2504:Middlewares/Third_Party/FreeRTOS/Source/tasks.c **** #endif /* configUSE_TICKLESS_IDLE */
2505:Middlewares/Third_Party/FreeRTOS/Source/tasks.c **** /*----------------------------------------------------------*/
2506:Middlewares/Third_Party/FreeRTOS/Source/tasks.c **** 
2507:Middlewares/Third_Party/FreeRTOS/Source/tasks.c **** #if ( INCLUDE_xTaskAbortDelay == 1 )
2508:Middlewares/Third_Party/FreeRTOS/Source/tasks.c **** 
2509:Middlewares/Third_Party/FreeRTOS/Source/tasks.c **** 	BaseType_t xTaskAbortDelay( TaskHandle_t xTask )
2510:Middlewares/Third_Party/FreeRTOS/Source/tasks.c **** 	{
2511:Middlewares/Third_Party/FreeRTOS/Source/tasks.c **** 	TCB_t *pxTCB = ( TCB_t * ) xTask;
2512:Middlewares/Third_Party/FreeRTOS/Source/tasks.c **** 	BaseType_t xReturn;
2513:Middlewares/Third_Party/FreeRTOS/Source/tasks.c **** 
2514:Middlewares/Third_Party/FreeRTOS/Source/tasks.c **** 		configASSERT( pxTCB );
2515:Middlewares/Third_Party/FreeRTOS/Source/tasks.c **** 
2516:Middlewares/Third_Party/FreeRTOS/Source/tasks.c **** 		vTaskSuspendAll();
2517:Middlewares/Third_Party/FreeRTOS/Source/tasks.c **** 		{
2518:Middlewares/Third_Party/FreeRTOS/Source/tasks.c **** 			/* A task can only be prematurely removed from the Blocked state if
2519:Middlewares/Third_Party/FreeRTOS/Source/tasks.c **** 			it is actually in the Blocked state. */
2520:Middlewares/Third_Party/FreeRTOS/Source/tasks.c **** 			if( eTaskGetState( xTask ) == eBlocked )
2521:Middlewares/Third_Party/FreeRTOS/Source/tasks.c **** 			{
2522:Middlewares/Third_Party/FreeRTOS/Source/tasks.c **** 				xReturn = pdPASS;
ARM GAS  C:\Users\31005\AppData\Local\Temp\ccNQ0Tdy.s 			page 51


2523:Middlewares/Third_Party/FreeRTOS/Source/tasks.c **** 
2524:Middlewares/Third_Party/FreeRTOS/Source/tasks.c **** 				/* Remove the reference to the task from the blocked list.  An
2525:Middlewares/Third_Party/FreeRTOS/Source/tasks.c **** 				interrupt won't touch the xStateListItem because the
2526:Middlewares/Third_Party/FreeRTOS/Source/tasks.c **** 				scheduler is suspended. */
2527:Middlewares/Third_Party/FreeRTOS/Source/tasks.c **** 				( void ) uxListRemove( &( pxTCB->xStateListItem ) );
2528:Middlewares/Third_Party/FreeRTOS/Source/tasks.c **** 
2529:Middlewares/Third_Party/FreeRTOS/Source/tasks.c **** 				/* Is the task waiting on an event also?  If so remove it from
2530:Middlewares/Third_Party/FreeRTOS/Source/tasks.c **** 				the event list too.  Interrupts can touch the event list item,
2531:Middlewares/Third_Party/FreeRTOS/Source/tasks.c **** 				even though the scheduler is suspended, so a critical section
2532:Middlewares/Third_Party/FreeRTOS/Source/tasks.c **** 				is used. */
2533:Middlewares/Third_Party/FreeRTOS/Source/tasks.c **** 				taskENTER_CRITICAL();
2534:Middlewares/Third_Party/FreeRTOS/Source/tasks.c **** 				{
2535:Middlewares/Third_Party/FreeRTOS/Source/tasks.c **** 					if( listLIST_ITEM_CONTAINER( &( pxTCB->xEventListItem ) ) != NULL )
2536:Middlewares/Third_Party/FreeRTOS/Source/tasks.c **** 					{
2537:Middlewares/Third_Party/FreeRTOS/Source/tasks.c **** 						( void ) uxListRemove( &( pxTCB->xEventListItem ) );
2538:Middlewares/Third_Party/FreeRTOS/Source/tasks.c **** 						pxTCB->ucDelayAborted = pdTRUE;
2539:Middlewares/Third_Party/FreeRTOS/Source/tasks.c **** 					}
2540:Middlewares/Third_Party/FreeRTOS/Source/tasks.c **** 					else
2541:Middlewares/Third_Party/FreeRTOS/Source/tasks.c **** 					{
2542:Middlewares/Third_Party/FreeRTOS/Source/tasks.c **** 						mtCOVERAGE_TEST_MARKER();
2543:Middlewares/Third_Party/FreeRTOS/Source/tasks.c **** 					}
2544:Middlewares/Third_Party/FreeRTOS/Source/tasks.c **** 				}
2545:Middlewares/Third_Party/FreeRTOS/Source/tasks.c **** 				taskEXIT_CRITICAL();
2546:Middlewares/Third_Party/FreeRTOS/Source/tasks.c **** 
2547:Middlewares/Third_Party/FreeRTOS/Source/tasks.c **** 				/* Place the unblocked task into the appropriate ready list. */
2548:Middlewares/Third_Party/FreeRTOS/Source/tasks.c **** 				prvAddTaskToReadyList( pxTCB );
2549:Middlewares/Third_Party/FreeRTOS/Source/tasks.c **** 
2550:Middlewares/Third_Party/FreeRTOS/Source/tasks.c **** 				/* A task being unblocked cannot cause an immediate context
2551:Middlewares/Third_Party/FreeRTOS/Source/tasks.c **** 				switch if preemption is turned off. */
2552:Middlewares/Third_Party/FreeRTOS/Source/tasks.c **** 				#if (  configUSE_PREEMPTION == 1 )
2553:Middlewares/Third_Party/FreeRTOS/Source/tasks.c **** 				{
2554:Middlewares/Third_Party/FreeRTOS/Source/tasks.c **** 					/* Preemption is on, but a context switch should only be
2555:Middlewares/Third_Party/FreeRTOS/Source/tasks.c **** 					performed if the unblocked task has a priority that is
2556:Middlewares/Third_Party/FreeRTOS/Source/tasks.c **** 					equal to or higher than the currently executing task. */
2557:Middlewares/Third_Party/FreeRTOS/Source/tasks.c **** 					if( pxTCB->uxPriority > pxCurrentTCB->uxPriority )
2558:Middlewares/Third_Party/FreeRTOS/Source/tasks.c **** 					{
2559:Middlewares/Third_Party/FreeRTOS/Source/tasks.c **** 						/* Pend the yield to be performed when the scheduler
2560:Middlewares/Third_Party/FreeRTOS/Source/tasks.c **** 						is unsuspended. */
2561:Middlewares/Third_Party/FreeRTOS/Source/tasks.c **** 						xYieldPending = pdTRUE;
2562:Middlewares/Third_Party/FreeRTOS/Source/tasks.c **** 					}
2563:Middlewares/Third_Party/FreeRTOS/Source/tasks.c **** 					else
2564:Middlewares/Third_Party/FreeRTOS/Source/tasks.c **** 					{
2565:Middlewares/Third_Party/FreeRTOS/Source/tasks.c **** 						mtCOVERAGE_TEST_MARKER();
2566:Middlewares/Third_Party/FreeRTOS/Source/tasks.c **** 					}
2567:Middlewares/Third_Party/FreeRTOS/Source/tasks.c **** 				}
2568:Middlewares/Third_Party/FreeRTOS/Source/tasks.c **** 				#endif /* configUSE_PREEMPTION */
2569:Middlewares/Third_Party/FreeRTOS/Source/tasks.c **** 			}
2570:Middlewares/Third_Party/FreeRTOS/Source/tasks.c **** 			else
2571:Middlewares/Third_Party/FreeRTOS/Source/tasks.c **** 			{
2572:Middlewares/Third_Party/FreeRTOS/Source/tasks.c **** 				xReturn = pdFAIL;
2573:Middlewares/Third_Party/FreeRTOS/Source/tasks.c **** 			}
2574:Middlewares/Third_Party/FreeRTOS/Source/tasks.c **** 		}
2575:Middlewares/Third_Party/FreeRTOS/Source/tasks.c **** 		( void ) xTaskResumeAll();
2576:Middlewares/Third_Party/FreeRTOS/Source/tasks.c **** 
2577:Middlewares/Third_Party/FreeRTOS/Source/tasks.c **** 		return xReturn;
2578:Middlewares/Third_Party/FreeRTOS/Source/tasks.c **** 	}
2579:Middlewares/Third_Party/FreeRTOS/Source/tasks.c **** 
ARM GAS  C:\Users\31005\AppData\Local\Temp\ccNQ0Tdy.s 			page 52


2580:Middlewares/Third_Party/FreeRTOS/Source/tasks.c **** #endif /* INCLUDE_xTaskAbortDelay */
2581:Middlewares/Third_Party/FreeRTOS/Source/tasks.c **** /*----------------------------------------------------------*/
2582:Middlewares/Third_Party/FreeRTOS/Source/tasks.c **** 
2583:Middlewares/Third_Party/FreeRTOS/Source/tasks.c **** BaseType_t xTaskIncrementTick( void )
2584:Middlewares/Third_Party/FreeRTOS/Source/tasks.c **** {
2585:Middlewares/Third_Party/FreeRTOS/Source/tasks.c **** TCB_t * pxTCB;
2586:Middlewares/Third_Party/FreeRTOS/Source/tasks.c **** TickType_t xItemValue;
2587:Middlewares/Third_Party/FreeRTOS/Source/tasks.c **** BaseType_t xSwitchRequired = pdFALSE;
2588:Middlewares/Third_Party/FreeRTOS/Source/tasks.c **** 
2589:Middlewares/Third_Party/FreeRTOS/Source/tasks.c **** 	/* Called by the portable layer each time a tick interrupt occurs.
2590:Middlewares/Third_Party/FreeRTOS/Source/tasks.c **** 	Increments the tick then checks to see if the new tick value will cause any
2591:Middlewares/Third_Party/FreeRTOS/Source/tasks.c **** 	tasks to be unblocked. */
2592:Middlewares/Third_Party/FreeRTOS/Source/tasks.c **** 	traceTASK_INCREMENT_TICK( xTickCount );
2593:Middlewares/Third_Party/FreeRTOS/Source/tasks.c **** 	if( uxSchedulerSuspended == ( UBaseType_t ) pdFALSE )
2594:Middlewares/Third_Party/FreeRTOS/Source/tasks.c **** 	{
2595:Middlewares/Third_Party/FreeRTOS/Source/tasks.c **** 		/* Minor optimisation.  The tick count cannot change in this
2596:Middlewares/Third_Party/FreeRTOS/Source/tasks.c **** 		block. */
2597:Middlewares/Third_Party/FreeRTOS/Source/tasks.c **** 		const TickType_t xConstTickCount = xTickCount + ( TickType_t ) 1;
2598:Middlewares/Third_Party/FreeRTOS/Source/tasks.c **** 
2599:Middlewares/Third_Party/FreeRTOS/Source/tasks.c **** 		/* Increment the RTOS tick, switching the delayed and overflowed
2600:Middlewares/Third_Party/FreeRTOS/Source/tasks.c **** 		delayed lists if it wraps to 0. */
2601:Middlewares/Third_Party/FreeRTOS/Source/tasks.c **** 		xTickCount = xConstTickCount;
2602:Middlewares/Third_Party/FreeRTOS/Source/tasks.c **** 
2603:Middlewares/Third_Party/FreeRTOS/Source/tasks.c **** 		if( xConstTickCount == ( TickType_t ) 0U ) /*lint !e774 'if' does not always evaluate to false as
2604:Middlewares/Third_Party/FreeRTOS/Source/tasks.c **** 		{
2605:Middlewares/Third_Party/FreeRTOS/Source/tasks.c **** 			taskSWITCH_DELAYED_LISTS();
2606:Middlewares/Third_Party/FreeRTOS/Source/tasks.c **** 		}
2607:Middlewares/Third_Party/FreeRTOS/Source/tasks.c **** 		else
2608:Middlewares/Third_Party/FreeRTOS/Source/tasks.c **** 		{
2609:Middlewares/Third_Party/FreeRTOS/Source/tasks.c **** 			mtCOVERAGE_TEST_MARKER();
2610:Middlewares/Third_Party/FreeRTOS/Source/tasks.c **** 		}
2611:Middlewares/Third_Party/FreeRTOS/Source/tasks.c **** 
2612:Middlewares/Third_Party/FreeRTOS/Source/tasks.c **** 		/* See if this tick has made a timeout expire.  Tasks are stored in
2613:Middlewares/Third_Party/FreeRTOS/Source/tasks.c **** 		the	queue in the order of their wake time - meaning once one task
2614:Middlewares/Third_Party/FreeRTOS/Source/tasks.c **** 		has been found whose block time has not expired there is no need to
2615:Middlewares/Third_Party/FreeRTOS/Source/tasks.c **** 		look any further down the list. */
2616:Middlewares/Third_Party/FreeRTOS/Source/tasks.c **** 		if( xConstTickCount >= xNextTaskUnblockTime )
2617:Middlewares/Third_Party/FreeRTOS/Source/tasks.c **** 		{
2618:Middlewares/Third_Party/FreeRTOS/Source/tasks.c **** 			for( ;; )
2619:Middlewares/Third_Party/FreeRTOS/Source/tasks.c **** 			{
2620:Middlewares/Third_Party/FreeRTOS/Source/tasks.c **** 				if( listLIST_IS_EMPTY( pxDelayedTaskList ) != pdFALSE )
2621:Middlewares/Third_Party/FreeRTOS/Source/tasks.c **** 				{
2622:Middlewares/Third_Party/FreeRTOS/Source/tasks.c **** 					/* The delayed list is empty.  Set xNextTaskUnblockTime
2623:Middlewares/Third_Party/FreeRTOS/Source/tasks.c **** 					to the maximum possible value so it is extremely
2624:Middlewares/Third_Party/FreeRTOS/Source/tasks.c **** 					unlikely that the
2625:Middlewares/Third_Party/FreeRTOS/Source/tasks.c **** 					if( xTickCount >= xNextTaskUnblockTime ) test will pass
2626:Middlewares/Third_Party/FreeRTOS/Source/tasks.c **** 					next time through. */
2627:Middlewares/Third_Party/FreeRTOS/Source/tasks.c **** 					xNextTaskUnblockTime = portMAX_DELAY; /*lint !e961 MISRA exception as the casts are only redun
2628:Middlewares/Third_Party/FreeRTOS/Source/tasks.c **** 					break;
2629:Middlewares/Third_Party/FreeRTOS/Source/tasks.c **** 				}
2630:Middlewares/Third_Party/FreeRTOS/Source/tasks.c **** 				else
2631:Middlewares/Third_Party/FreeRTOS/Source/tasks.c **** 				{
2632:Middlewares/Third_Party/FreeRTOS/Source/tasks.c **** 					/* The delayed list is not empty, get the value of the
2633:Middlewares/Third_Party/FreeRTOS/Source/tasks.c **** 					item at the head of the delayed list.  This is the time
2634:Middlewares/Third_Party/FreeRTOS/Source/tasks.c **** 					at which the task at the head of the delayed list must
2635:Middlewares/Third_Party/FreeRTOS/Source/tasks.c **** 					be removed from the Blocked state. */
2636:Middlewares/Third_Party/FreeRTOS/Source/tasks.c **** 					pxTCB = ( TCB_t * ) listGET_OWNER_OF_HEAD_ENTRY( pxDelayedTaskList );
ARM GAS  C:\Users\31005\AppData\Local\Temp\ccNQ0Tdy.s 			page 53


2637:Middlewares/Third_Party/FreeRTOS/Source/tasks.c **** 					xItemValue = listGET_LIST_ITEM_VALUE( &( pxTCB->xStateListItem ) );
2638:Middlewares/Third_Party/FreeRTOS/Source/tasks.c **** 
2639:Middlewares/Third_Party/FreeRTOS/Source/tasks.c **** 					if( xConstTickCount < xItemValue )
2640:Middlewares/Third_Party/FreeRTOS/Source/tasks.c **** 					{
2641:Middlewares/Third_Party/FreeRTOS/Source/tasks.c **** 						/* It is not time to unblock this item yet, but the
2642:Middlewares/Third_Party/FreeRTOS/Source/tasks.c **** 						item value is the time at which the task at the head
2643:Middlewares/Third_Party/FreeRTOS/Source/tasks.c **** 						of the blocked list must be removed from the Blocked
2644:Middlewares/Third_Party/FreeRTOS/Source/tasks.c **** 						state -	so record the item value in
2645:Middlewares/Third_Party/FreeRTOS/Source/tasks.c **** 						xNextTaskUnblockTime. */
2646:Middlewares/Third_Party/FreeRTOS/Source/tasks.c **** 						xNextTaskUnblockTime = xItemValue;
2647:Middlewares/Third_Party/FreeRTOS/Source/tasks.c **** 						break;
2648:Middlewares/Third_Party/FreeRTOS/Source/tasks.c **** 					}
2649:Middlewares/Third_Party/FreeRTOS/Source/tasks.c **** 					else
2650:Middlewares/Third_Party/FreeRTOS/Source/tasks.c **** 					{
2651:Middlewares/Third_Party/FreeRTOS/Source/tasks.c **** 						mtCOVERAGE_TEST_MARKER();
2652:Middlewares/Third_Party/FreeRTOS/Source/tasks.c **** 					}
2653:Middlewares/Third_Party/FreeRTOS/Source/tasks.c **** 
2654:Middlewares/Third_Party/FreeRTOS/Source/tasks.c **** 					/* It is time to remove the item from the Blocked state. */
2655:Middlewares/Third_Party/FreeRTOS/Source/tasks.c **** 					( void ) uxListRemove( &( pxTCB->xStateListItem ) );
2656:Middlewares/Third_Party/FreeRTOS/Source/tasks.c **** 
2657:Middlewares/Third_Party/FreeRTOS/Source/tasks.c **** 					/* Is the task waiting on an event also?  If so remove
2658:Middlewares/Third_Party/FreeRTOS/Source/tasks.c **** 					it from the event list. */
2659:Middlewares/Third_Party/FreeRTOS/Source/tasks.c **** 					if( listLIST_ITEM_CONTAINER( &( pxTCB->xEventListItem ) ) != NULL )
2660:Middlewares/Third_Party/FreeRTOS/Source/tasks.c **** 					{
2661:Middlewares/Third_Party/FreeRTOS/Source/tasks.c **** 						( void ) uxListRemove( &( pxTCB->xEventListItem ) );
2662:Middlewares/Third_Party/FreeRTOS/Source/tasks.c **** 					}
2663:Middlewares/Third_Party/FreeRTOS/Source/tasks.c **** 					else
2664:Middlewares/Third_Party/FreeRTOS/Source/tasks.c **** 					{
2665:Middlewares/Third_Party/FreeRTOS/Source/tasks.c **** 						mtCOVERAGE_TEST_MARKER();
2666:Middlewares/Third_Party/FreeRTOS/Source/tasks.c **** 					}
2667:Middlewares/Third_Party/FreeRTOS/Source/tasks.c **** 
2668:Middlewares/Third_Party/FreeRTOS/Source/tasks.c **** 					/* Place the unblocked task into the appropriate ready
2669:Middlewares/Third_Party/FreeRTOS/Source/tasks.c **** 					list. */
2670:Middlewares/Third_Party/FreeRTOS/Source/tasks.c **** 					prvAddTaskToReadyList( pxTCB );
2671:Middlewares/Third_Party/FreeRTOS/Source/tasks.c **** 
2672:Middlewares/Third_Party/FreeRTOS/Source/tasks.c **** 					/* A task being unblocked cannot cause an immediate
2673:Middlewares/Third_Party/FreeRTOS/Source/tasks.c **** 					context switch if preemption is turned off. */
2674:Middlewares/Third_Party/FreeRTOS/Source/tasks.c **** 					#if (  configUSE_PREEMPTION == 1 )
2675:Middlewares/Third_Party/FreeRTOS/Source/tasks.c **** 					{
2676:Middlewares/Third_Party/FreeRTOS/Source/tasks.c **** 						/* Preemption is on, but a context switch should
2677:Middlewares/Third_Party/FreeRTOS/Source/tasks.c **** 						only be performed if the unblocked task has a
2678:Middlewares/Third_Party/FreeRTOS/Source/tasks.c **** 						priority that is equal to or higher than the
2679:Middlewares/Third_Party/FreeRTOS/Source/tasks.c **** 						currently executing task. */
2680:Middlewares/Third_Party/FreeRTOS/Source/tasks.c **** 						if( pxTCB->uxPriority >= pxCurrentTCB->uxPriority )
2681:Middlewares/Third_Party/FreeRTOS/Source/tasks.c **** 						{
2682:Middlewares/Third_Party/FreeRTOS/Source/tasks.c **** 							xSwitchRequired = pdTRUE;
2683:Middlewares/Third_Party/FreeRTOS/Source/tasks.c **** 						}
2684:Middlewares/Third_Party/FreeRTOS/Source/tasks.c **** 						else
2685:Middlewares/Third_Party/FreeRTOS/Source/tasks.c **** 						{
2686:Middlewares/Third_Party/FreeRTOS/Source/tasks.c **** 							mtCOVERAGE_TEST_MARKER();
2687:Middlewares/Third_Party/FreeRTOS/Source/tasks.c **** 						}
2688:Middlewares/Third_Party/FreeRTOS/Source/tasks.c **** 					}
2689:Middlewares/Third_Party/FreeRTOS/Source/tasks.c **** 					#endif /* configUSE_PREEMPTION */
2690:Middlewares/Third_Party/FreeRTOS/Source/tasks.c **** 				}
2691:Middlewares/Third_Party/FreeRTOS/Source/tasks.c **** 			}
2692:Middlewares/Third_Party/FreeRTOS/Source/tasks.c **** 		}
2693:Middlewares/Third_Party/FreeRTOS/Source/tasks.c **** 
ARM GAS  C:\Users\31005\AppData\Local\Temp\ccNQ0Tdy.s 			page 54


2694:Middlewares/Third_Party/FreeRTOS/Source/tasks.c **** 		/* Tasks of equal priority to the currently running task will share
2695:Middlewares/Third_Party/FreeRTOS/Source/tasks.c **** 		processing time (time slice) if preemption is on, and the application
2696:Middlewares/Third_Party/FreeRTOS/Source/tasks.c **** 		writer has not explicitly turned time slicing off. */
2697:Middlewares/Third_Party/FreeRTOS/Source/tasks.c **** 		#if ( ( configUSE_PREEMPTION == 1 ) && ( configUSE_TIME_SLICING == 1 ) )
2698:Middlewares/Third_Party/FreeRTOS/Source/tasks.c **** 		{
2699:Middlewares/Third_Party/FreeRTOS/Source/tasks.c **** 			if( listCURRENT_LIST_LENGTH( &( pxReadyTasksLists[ pxCurrentTCB->uxPriority ] ) ) > ( UBaseType_
2700:Middlewares/Third_Party/FreeRTOS/Source/tasks.c **** 			{
2701:Middlewares/Third_Party/FreeRTOS/Source/tasks.c **** 				xSwitchRequired = pdTRUE;
2702:Middlewares/Third_Party/FreeRTOS/Source/tasks.c **** 			}
2703:Middlewares/Third_Party/FreeRTOS/Source/tasks.c **** 			else
2704:Middlewares/Third_Party/FreeRTOS/Source/tasks.c **** 			{
2705:Middlewares/Third_Party/FreeRTOS/Source/tasks.c **** 				mtCOVERAGE_TEST_MARKER();
2706:Middlewares/Third_Party/FreeRTOS/Source/tasks.c **** 			}
2707:Middlewares/Third_Party/FreeRTOS/Source/tasks.c **** 		}
2708:Middlewares/Third_Party/FreeRTOS/Source/tasks.c **** 		#endif /* ( ( configUSE_PREEMPTION == 1 ) && ( configUSE_TIME_SLICING == 1 ) ) */
2709:Middlewares/Third_Party/FreeRTOS/Source/tasks.c **** 
2710:Middlewares/Third_Party/FreeRTOS/Source/tasks.c **** 		#if ( configUSE_TICK_HOOK == 1 )
2711:Middlewares/Third_Party/FreeRTOS/Source/tasks.c **** 		{
2712:Middlewares/Third_Party/FreeRTOS/Source/tasks.c **** 			/* Guard against the tick hook being called when the pended tick
2713:Middlewares/Third_Party/FreeRTOS/Source/tasks.c **** 			count is being unwound (when the scheduler is being unlocked). */
2714:Middlewares/Third_Party/FreeRTOS/Source/tasks.c **** 			if( uxPendedTicks == ( UBaseType_t ) 0U )
2715:Middlewares/Third_Party/FreeRTOS/Source/tasks.c **** 			{
2716:Middlewares/Third_Party/FreeRTOS/Source/tasks.c **** 				vApplicationTickHook();
2717:Middlewares/Third_Party/FreeRTOS/Source/tasks.c **** 			}
2718:Middlewares/Third_Party/FreeRTOS/Source/tasks.c **** 			else
2719:Middlewares/Third_Party/FreeRTOS/Source/tasks.c **** 			{
2720:Middlewares/Third_Party/FreeRTOS/Source/tasks.c **** 				mtCOVERAGE_TEST_MARKER();
2721:Middlewares/Third_Party/FreeRTOS/Source/tasks.c **** 			}
2722:Middlewares/Third_Party/FreeRTOS/Source/tasks.c **** 		}
2723:Middlewares/Third_Party/FreeRTOS/Source/tasks.c **** 		#endif /* configUSE_TICK_HOOK */
2724:Middlewares/Third_Party/FreeRTOS/Source/tasks.c **** 	}
2725:Middlewares/Third_Party/FreeRTOS/Source/tasks.c **** 	else
2726:Middlewares/Third_Party/FreeRTOS/Source/tasks.c **** 	{
2727:Middlewares/Third_Party/FreeRTOS/Source/tasks.c **** 		++uxPendedTicks;
2728:Middlewares/Third_Party/FreeRTOS/Source/tasks.c **** 
2729:Middlewares/Third_Party/FreeRTOS/Source/tasks.c **** 		/* The tick hook gets called at regular intervals, even if the
2730:Middlewares/Third_Party/FreeRTOS/Source/tasks.c **** 		scheduler is locked. */
2731:Middlewares/Third_Party/FreeRTOS/Source/tasks.c **** 		#if ( configUSE_TICK_HOOK == 1 )
2732:Middlewares/Third_Party/FreeRTOS/Source/tasks.c **** 		{
2733:Middlewares/Third_Party/FreeRTOS/Source/tasks.c **** 			vApplicationTickHook();
2734:Middlewares/Third_Party/FreeRTOS/Source/tasks.c **** 		}
2735:Middlewares/Third_Party/FreeRTOS/Source/tasks.c **** 		#endif
2736:Middlewares/Third_Party/FreeRTOS/Source/tasks.c **** 	}
2737:Middlewares/Third_Party/FreeRTOS/Source/tasks.c **** 
2738:Middlewares/Third_Party/FreeRTOS/Source/tasks.c **** 	#if ( configUSE_PREEMPTION == 1 )
2739:Middlewares/Third_Party/FreeRTOS/Source/tasks.c **** 	{
2740:Middlewares/Third_Party/FreeRTOS/Source/tasks.c **** 		if( xYieldPending != pdFALSE )
2741:Middlewares/Third_Party/FreeRTOS/Source/tasks.c **** 		{
2742:Middlewares/Third_Party/FreeRTOS/Source/tasks.c **** 			xSwitchRequired = pdTRUE;
2743:Middlewares/Third_Party/FreeRTOS/Source/tasks.c **** 		}
2744:Middlewares/Third_Party/FreeRTOS/Source/tasks.c **** 		else
2745:Middlewares/Third_Party/FreeRTOS/Source/tasks.c **** 		{
2746:Middlewares/Third_Party/FreeRTOS/Source/tasks.c **** 			mtCOVERAGE_TEST_MARKER();
2747:Middlewares/Third_Party/FreeRTOS/Source/tasks.c **** 		}
2748:Middlewares/Third_Party/FreeRTOS/Source/tasks.c **** 	}
2749:Middlewares/Third_Party/FreeRTOS/Source/tasks.c **** 	#endif /* configUSE_PREEMPTION */
2750:Middlewares/Third_Party/FreeRTOS/Source/tasks.c **** 
ARM GAS  C:\Users\31005\AppData\Local\Temp\ccNQ0Tdy.s 			page 55


2751:Middlewares/Third_Party/FreeRTOS/Source/tasks.c **** 	return xSwitchRequired;
2752:Middlewares/Third_Party/FreeRTOS/Source/tasks.c **** }
2753:Middlewares/Third_Party/FreeRTOS/Source/tasks.c **** /*-----------------------------------------------------------*/
2754:Middlewares/Third_Party/FreeRTOS/Source/tasks.c **** 
2755:Middlewares/Third_Party/FreeRTOS/Source/tasks.c **** #if ( configUSE_APPLICATION_TASK_TAG == 1 )
2756:Middlewares/Third_Party/FreeRTOS/Source/tasks.c **** 
2757:Middlewares/Third_Party/FreeRTOS/Source/tasks.c **** 	void vTaskSetApplicationTaskTag( TaskHandle_t xTask, TaskHookFunction_t pxHookFunction )
2758:Middlewares/Third_Party/FreeRTOS/Source/tasks.c **** 	{
2759:Middlewares/Third_Party/FreeRTOS/Source/tasks.c **** 	TCB_t *xTCB;
2760:Middlewares/Third_Party/FreeRTOS/Source/tasks.c **** 
2761:Middlewares/Third_Party/FreeRTOS/Source/tasks.c **** 		/* If xTask is NULL then it is the task hook of the calling task that is
2762:Middlewares/Third_Party/FreeRTOS/Source/tasks.c **** 		getting set. */
2763:Middlewares/Third_Party/FreeRTOS/Source/tasks.c **** 		if( xTask == NULL )
2764:Middlewares/Third_Party/FreeRTOS/Source/tasks.c **** 		{
2765:Middlewares/Third_Party/FreeRTOS/Source/tasks.c **** 			xTCB = ( TCB_t * ) pxCurrentTCB;
2766:Middlewares/Third_Party/FreeRTOS/Source/tasks.c **** 		}
2767:Middlewares/Third_Party/FreeRTOS/Source/tasks.c **** 		else
2768:Middlewares/Third_Party/FreeRTOS/Source/tasks.c **** 		{
2769:Middlewares/Third_Party/FreeRTOS/Source/tasks.c **** 			xTCB = ( TCB_t * ) xTask;
2770:Middlewares/Third_Party/FreeRTOS/Source/tasks.c **** 		}
2771:Middlewares/Third_Party/FreeRTOS/Source/tasks.c **** 
2772:Middlewares/Third_Party/FreeRTOS/Source/tasks.c **** 		/* Save the hook function in the TCB.  A critical section is required as
2773:Middlewares/Third_Party/FreeRTOS/Source/tasks.c **** 		the value can be accessed from an interrupt. */
2774:Middlewares/Third_Party/FreeRTOS/Source/tasks.c **** 		taskENTER_CRITICAL();
2775:Middlewares/Third_Party/FreeRTOS/Source/tasks.c **** 			xTCB->pxTaskTag = pxHookFunction;
2776:Middlewares/Third_Party/FreeRTOS/Source/tasks.c **** 		taskEXIT_CRITICAL();
2777:Middlewares/Third_Party/FreeRTOS/Source/tasks.c **** 	}
2778:Middlewares/Third_Party/FreeRTOS/Source/tasks.c **** 
2779:Middlewares/Third_Party/FreeRTOS/Source/tasks.c **** #endif /* configUSE_APPLICATION_TASK_TAG */
2780:Middlewares/Third_Party/FreeRTOS/Source/tasks.c **** /*-----------------------------------------------------------*/
2781:Middlewares/Third_Party/FreeRTOS/Source/tasks.c **** 
2782:Middlewares/Third_Party/FreeRTOS/Source/tasks.c **** #if ( configUSE_APPLICATION_TASK_TAG == 1 )
2783:Middlewares/Third_Party/FreeRTOS/Source/tasks.c **** 
2784:Middlewares/Third_Party/FreeRTOS/Source/tasks.c **** 	TaskHookFunction_t xTaskGetApplicationTaskTag( TaskHandle_t xTask )
2785:Middlewares/Third_Party/FreeRTOS/Source/tasks.c **** 	{
2786:Middlewares/Third_Party/FreeRTOS/Source/tasks.c **** 	TCB_t *xTCB;
2787:Middlewares/Third_Party/FreeRTOS/Source/tasks.c **** 	TaskHookFunction_t xReturn;
2788:Middlewares/Third_Party/FreeRTOS/Source/tasks.c **** 
2789:Middlewares/Third_Party/FreeRTOS/Source/tasks.c **** 		/* If xTask is NULL then we are setting our own task hook. */
2790:Middlewares/Third_Party/FreeRTOS/Source/tasks.c **** 		if( xTask == NULL )
2791:Middlewares/Third_Party/FreeRTOS/Source/tasks.c **** 		{
2792:Middlewares/Third_Party/FreeRTOS/Source/tasks.c **** 			xTCB = ( TCB_t * ) pxCurrentTCB;
2793:Middlewares/Third_Party/FreeRTOS/Source/tasks.c **** 		}
2794:Middlewares/Third_Party/FreeRTOS/Source/tasks.c **** 		else
2795:Middlewares/Third_Party/FreeRTOS/Source/tasks.c **** 		{
2796:Middlewares/Third_Party/FreeRTOS/Source/tasks.c **** 			xTCB = ( TCB_t * ) xTask;
2797:Middlewares/Third_Party/FreeRTOS/Source/tasks.c **** 		}
2798:Middlewares/Third_Party/FreeRTOS/Source/tasks.c **** 
2799:Middlewares/Third_Party/FreeRTOS/Source/tasks.c **** 		/* Save the hook function in the TCB.  A critical section is required as
2800:Middlewares/Third_Party/FreeRTOS/Source/tasks.c **** 		the value can be accessed from an interrupt. */
2801:Middlewares/Third_Party/FreeRTOS/Source/tasks.c **** 		taskENTER_CRITICAL();
2802:Middlewares/Third_Party/FreeRTOS/Source/tasks.c **** 		{
2803:Middlewares/Third_Party/FreeRTOS/Source/tasks.c **** 			xReturn = xTCB->pxTaskTag;
2804:Middlewares/Third_Party/FreeRTOS/Source/tasks.c **** 		}
2805:Middlewares/Third_Party/FreeRTOS/Source/tasks.c **** 		taskEXIT_CRITICAL();
2806:Middlewares/Third_Party/FreeRTOS/Source/tasks.c **** 
2807:Middlewares/Third_Party/FreeRTOS/Source/tasks.c **** 		return xReturn;
ARM GAS  C:\Users\31005\AppData\Local\Temp\ccNQ0Tdy.s 			page 56


2808:Middlewares/Third_Party/FreeRTOS/Source/tasks.c **** 	}
2809:Middlewares/Third_Party/FreeRTOS/Source/tasks.c **** 
2810:Middlewares/Third_Party/FreeRTOS/Source/tasks.c **** #endif /* configUSE_APPLICATION_TASK_TAG */
2811:Middlewares/Third_Party/FreeRTOS/Source/tasks.c **** /*-----------------------------------------------------------*/
2812:Middlewares/Third_Party/FreeRTOS/Source/tasks.c **** 
2813:Middlewares/Third_Party/FreeRTOS/Source/tasks.c **** #if ( configUSE_APPLICATION_TASK_TAG == 1 )
2814:Middlewares/Third_Party/FreeRTOS/Source/tasks.c **** 
2815:Middlewares/Third_Party/FreeRTOS/Source/tasks.c **** 	BaseType_t xTaskCallApplicationTaskHook( TaskHandle_t xTask, void *pvParameter )
2816:Middlewares/Third_Party/FreeRTOS/Source/tasks.c **** 	{
2817:Middlewares/Third_Party/FreeRTOS/Source/tasks.c **** 	TCB_t *xTCB;
2818:Middlewares/Third_Party/FreeRTOS/Source/tasks.c **** 	BaseType_t xReturn;
2819:Middlewares/Third_Party/FreeRTOS/Source/tasks.c **** 
2820:Middlewares/Third_Party/FreeRTOS/Source/tasks.c **** 		/* If xTask is NULL then we are calling our own task hook. */
2821:Middlewares/Third_Party/FreeRTOS/Source/tasks.c **** 		if( xTask == NULL )
2822:Middlewares/Third_Party/FreeRTOS/Source/tasks.c **** 		{
2823:Middlewares/Third_Party/FreeRTOS/Source/tasks.c **** 			xTCB = ( TCB_t * ) pxCurrentTCB;
2824:Middlewares/Third_Party/FreeRTOS/Source/tasks.c **** 		}
2825:Middlewares/Third_Party/FreeRTOS/Source/tasks.c **** 		else
2826:Middlewares/Third_Party/FreeRTOS/Source/tasks.c **** 		{
2827:Middlewares/Third_Party/FreeRTOS/Source/tasks.c **** 			xTCB = ( TCB_t * ) xTask;
2828:Middlewares/Third_Party/FreeRTOS/Source/tasks.c **** 		}
2829:Middlewares/Third_Party/FreeRTOS/Source/tasks.c **** 
2830:Middlewares/Third_Party/FreeRTOS/Source/tasks.c **** 		if( xTCB->pxTaskTag != NULL )
2831:Middlewares/Third_Party/FreeRTOS/Source/tasks.c **** 		{
2832:Middlewares/Third_Party/FreeRTOS/Source/tasks.c **** 			xReturn = xTCB->pxTaskTag( pvParameter );
2833:Middlewares/Third_Party/FreeRTOS/Source/tasks.c **** 		}
2834:Middlewares/Third_Party/FreeRTOS/Source/tasks.c **** 		else
2835:Middlewares/Third_Party/FreeRTOS/Source/tasks.c **** 		{
2836:Middlewares/Third_Party/FreeRTOS/Source/tasks.c **** 			xReturn = pdFAIL;
2837:Middlewares/Third_Party/FreeRTOS/Source/tasks.c **** 		}
2838:Middlewares/Third_Party/FreeRTOS/Source/tasks.c **** 
2839:Middlewares/Third_Party/FreeRTOS/Source/tasks.c **** 		return xReturn;
2840:Middlewares/Third_Party/FreeRTOS/Source/tasks.c **** 	}
2841:Middlewares/Third_Party/FreeRTOS/Source/tasks.c **** 
2842:Middlewares/Third_Party/FreeRTOS/Source/tasks.c **** #endif /* configUSE_APPLICATION_TASK_TAG */
2843:Middlewares/Third_Party/FreeRTOS/Source/tasks.c **** /*-----------------------------------------------------------*/
2844:Middlewares/Third_Party/FreeRTOS/Source/tasks.c **** 
2845:Middlewares/Third_Party/FreeRTOS/Source/tasks.c **** void vTaskSwitchContext( void )
2846:Middlewares/Third_Party/FreeRTOS/Source/tasks.c **** {
2847:Middlewares/Third_Party/FreeRTOS/Source/tasks.c **** 	if( uxSchedulerSuspended != ( UBaseType_t ) pdFALSE )
2848:Middlewares/Third_Party/FreeRTOS/Source/tasks.c **** 	{
2849:Middlewares/Third_Party/FreeRTOS/Source/tasks.c **** 		/* The scheduler is currently suspended - do not allow a context
2850:Middlewares/Third_Party/FreeRTOS/Source/tasks.c **** 		switch. */
2851:Middlewares/Third_Party/FreeRTOS/Source/tasks.c **** 		xYieldPending = pdTRUE;
2852:Middlewares/Third_Party/FreeRTOS/Source/tasks.c **** 	}
2853:Middlewares/Third_Party/FreeRTOS/Source/tasks.c **** 	else
2854:Middlewares/Third_Party/FreeRTOS/Source/tasks.c **** 	{
2855:Middlewares/Third_Party/FreeRTOS/Source/tasks.c **** 		xYieldPending = pdFALSE;
2856:Middlewares/Third_Party/FreeRTOS/Source/tasks.c **** 		traceTASK_SWITCHED_OUT();
2857:Middlewares/Third_Party/FreeRTOS/Source/tasks.c **** 
2858:Middlewares/Third_Party/FreeRTOS/Source/tasks.c **** 		#if ( configGENERATE_RUN_TIME_STATS == 1 )
2859:Middlewares/Third_Party/FreeRTOS/Source/tasks.c **** 		{
2860:Middlewares/Third_Party/FreeRTOS/Source/tasks.c **** 				#ifdef portALT_GET_RUN_TIME_COUNTER_VALUE
2861:Middlewares/Third_Party/FreeRTOS/Source/tasks.c **** 					portALT_GET_RUN_TIME_COUNTER_VALUE( ulTotalRunTime );
2862:Middlewares/Third_Party/FreeRTOS/Source/tasks.c **** 				#else
2863:Middlewares/Third_Party/FreeRTOS/Source/tasks.c **** 					ulTotalRunTime = portGET_RUN_TIME_COUNTER_VALUE();
2864:Middlewares/Third_Party/FreeRTOS/Source/tasks.c **** 				#endif
ARM GAS  C:\Users\31005\AppData\Local\Temp\ccNQ0Tdy.s 			page 57


2865:Middlewares/Third_Party/FreeRTOS/Source/tasks.c **** 
2866:Middlewares/Third_Party/FreeRTOS/Source/tasks.c **** 				/* Add the amount of time the task has been running to the
2867:Middlewares/Third_Party/FreeRTOS/Source/tasks.c **** 				accumulated time so far.  The time the task started running was
2868:Middlewares/Third_Party/FreeRTOS/Source/tasks.c **** 				stored in ulTaskSwitchedInTime.  Note that there is no overflow
2869:Middlewares/Third_Party/FreeRTOS/Source/tasks.c **** 				protection here so count values are only valid until the timer
2870:Middlewares/Third_Party/FreeRTOS/Source/tasks.c **** 				overflows.  The guard against negative values is to protect
2871:Middlewares/Third_Party/FreeRTOS/Source/tasks.c **** 				against suspect run time stat counter implementations - which
2872:Middlewares/Third_Party/FreeRTOS/Source/tasks.c **** 				are provided by the application, not the kernel. */
2873:Middlewares/Third_Party/FreeRTOS/Source/tasks.c **** 				if( ulTotalRunTime > ulTaskSwitchedInTime )
2874:Middlewares/Third_Party/FreeRTOS/Source/tasks.c **** 				{
2875:Middlewares/Third_Party/FreeRTOS/Source/tasks.c **** 					pxCurrentTCB->ulRunTimeCounter += ( ulTotalRunTime - ulTaskSwitchedInTime );
2876:Middlewares/Third_Party/FreeRTOS/Source/tasks.c **** 				}
2877:Middlewares/Third_Party/FreeRTOS/Source/tasks.c **** 				else
2878:Middlewares/Third_Party/FreeRTOS/Source/tasks.c **** 				{
2879:Middlewares/Third_Party/FreeRTOS/Source/tasks.c **** 					mtCOVERAGE_TEST_MARKER();
2880:Middlewares/Third_Party/FreeRTOS/Source/tasks.c **** 				}
2881:Middlewares/Third_Party/FreeRTOS/Source/tasks.c **** 				ulTaskSwitchedInTime = ulTotalRunTime;
2882:Middlewares/Third_Party/FreeRTOS/Source/tasks.c **** 		}
2883:Middlewares/Third_Party/FreeRTOS/Source/tasks.c **** 		#endif /* configGENERATE_RUN_TIME_STATS */
2884:Middlewares/Third_Party/FreeRTOS/Source/tasks.c **** 
2885:Middlewares/Third_Party/FreeRTOS/Source/tasks.c **** 		/* Check for stack overflow, if configured. */
2886:Middlewares/Third_Party/FreeRTOS/Source/tasks.c **** 		taskCHECK_FOR_STACK_OVERFLOW();
2887:Middlewares/Third_Party/FreeRTOS/Source/tasks.c **** 
2888:Middlewares/Third_Party/FreeRTOS/Source/tasks.c **** 		/* Select a new task to run using either the generic C or port
2889:Middlewares/Third_Party/FreeRTOS/Source/tasks.c **** 		optimised asm code. */
2890:Middlewares/Third_Party/FreeRTOS/Source/tasks.c **** 		taskSELECT_HIGHEST_PRIORITY_TASK();
2891:Middlewares/Third_Party/FreeRTOS/Source/tasks.c **** 		traceTASK_SWITCHED_IN();
2892:Middlewares/Third_Party/FreeRTOS/Source/tasks.c **** 
2893:Middlewares/Third_Party/FreeRTOS/Source/tasks.c **** 		#if ( configUSE_NEWLIB_REENTRANT == 1 )
2894:Middlewares/Third_Party/FreeRTOS/Source/tasks.c **** 		{
2895:Middlewares/Third_Party/FreeRTOS/Source/tasks.c **** 			/* Switch Newlib's _impure_ptr variable to point to the _reent
2896:Middlewares/Third_Party/FreeRTOS/Source/tasks.c **** 			structure specific to this task. */
2897:Middlewares/Third_Party/FreeRTOS/Source/tasks.c **** 			_impure_ptr = &( pxCurrentTCB->xNewLib_reent );
2898:Middlewares/Third_Party/FreeRTOS/Source/tasks.c **** 		}
2899:Middlewares/Third_Party/FreeRTOS/Source/tasks.c **** 		#endif /* configUSE_NEWLIB_REENTRANT */
2900:Middlewares/Third_Party/FreeRTOS/Source/tasks.c **** 	}
2901:Middlewares/Third_Party/FreeRTOS/Source/tasks.c **** }
2902:Middlewares/Third_Party/FreeRTOS/Source/tasks.c **** /*-----------------------------------------------------------*/
2903:Middlewares/Third_Party/FreeRTOS/Source/tasks.c **** 
2904:Middlewares/Third_Party/FreeRTOS/Source/tasks.c **** void vTaskPlaceOnEventList( List_t * const pxEventList, const TickType_t xTicksToWait )
2905:Middlewares/Third_Party/FreeRTOS/Source/tasks.c **** {
2906:Middlewares/Third_Party/FreeRTOS/Source/tasks.c **** 	configASSERT( pxEventList );
2907:Middlewares/Third_Party/FreeRTOS/Source/tasks.c **** 
2908:Middlewares/Third_Party/FreeRTOS/Source/tasks.c **** 	/* THIS FUNCTION MUST BE CALLED WITH EITHER INTERRUPTS DISABLED OR THE
2909:Middlewares/Third_Party/FreeRTOS/Source/tasks.c **** 	SCHEDULER SUSPENDED AND THE QUEUE BEING ACCESSED LOCKED. */
2910:Middlewares/Third_Party/FreeRTOS/Source/tasks.c **** 
2911:Middlewares/Third_Party/FreeRTOS/Source/tasks.c **** 	/* Place the event list item of the TCB in the appropriate event list.
2912:Middlewares/Third_Party/FreeRTOS/Source/tasks.c **** 	This is placed in the list in priority order so the highest priority task
2913:Middlewares/Third_Party/FreeRTOS/Source/tasks.c **** 	is the first to be woken by the event.  The queue that contains the event
2914:Middlewares/Third_Party/FreeRTOS/Source/tasks.c **** 	list is locked, preventing simultaneous access from interrupts. */
2915:Middlewares/Third_Party/FreeRTOS/Source/tasks.c **** 	vListInsert( pxEventList, &( pxCurrentTCB->xEventListItem ) );
2916:Middlewares/Third_Party/FreeRTOS/Source/tasks.c **** 
2917:Middlewares/Third_Party/FreeRTOS/Source/tasks.c **** 	prvAddCurrentTaskToDelayedList( xTicksToWait, pdTRUE );
2918:Middlewares/Third_Party/FreeRTOS/Source/tasks.c **** }
2919:Middlewares/Third_Party/FreeRTOS/Source/tasks.c **** /*-----------------------------------------------------------*/
2920:Middlewares/Third_Party/FreeRTOS/Source/tasks.c **** 
2921:Middlewares/Third_Party/FreeRTOS/Source/tasks.c **** void vTaskPlaceOnUnorderedEventList( List_t * pxEventList, const TickType_t xItemValue, const TickT
ARM GAS  C:\Users\31005\AppData\Local\Temp\ccNQ0Tdy.s 			page 58


2922:Middlewares/Third_Party/FreeRTOS/Source/tasks.c **** {
2923:Middlewares/Third_Party/FreeRTOS/Source/tasks.c **** 	configASSERT( pxEventList );
2924:Middlewares/Third_Party/FreeRTOS/Source/tasks.c **** 
2925:Middlewares/Third_Party/FreeRTOS/Source/tasks.c **** 	/* THIS FUNCTION MUST BE CALLED WITH THE SCHEDULER SUSPENDED.  It is used by
2926:Middlewares/Third_Party/FreeRTOS/Source/tasks.c **** 	the event groups implementation. */
2927:Middlewares/Third_Party/FreeRTOS/Source/tasks.c **** 	configASSERT( uxSchedulerSuspended != 0 );
2928:Middlewares/Third_Party/FreeRTOS/Source/tasks.c **** 
2929:Middlewares/Third_Party/FreeRTOS/Source/tasks.c **** 	/* Store the item value in the event list item.  It is safe to access the
2930:Middlewares/Third_Party/FreeRTOS/Source/tasks.c **** 	event list item here as interrupts won't access the event list item of a
2931:Middlewares/Third_Party/FreeRTOS/Source/tasks.c **** 	task that is not in the Blocked state. */
2932:Middlewares/Third_Party/FreeRTOS/Source/tasks.c **** 	listSET_LIST_ITEM_VALUE( &( pxCurrentTCB->xEventListItem ), xItemValue | taskEVENT_LIST_ITEM_VALUE
2933:Middlewares/Third_Party/FreeRTOS/Source/tasks.c **** 
2934:Middlewares/Third_Party/FreeRTOS/Source/tasks.c **** 	/* Place the event list item of the TCB at the end of the appropriate event
2935:Middlewares/Third_Party/FreeRTOS/Source/tasks.c **** 	list.  It is safe to access the event list here because it is part of an
2936:Middlewares/Third_Party/FreeRTOS/Source/tasks.c **** 	event group implementation - and interrupts don't access event groups
2937:Middlewares/Third_Party/FreeRTOS/Source/tasks.c **** 	directly (instead they access them indirectly by pending function calls to
2938:Middlewares/Third_Party/FreeRTOS/Source/tasks.c **** 	the task level). */
2939:Middlewares/Third_Party/FreeRTOS/Source/tasks.c **** 	vListInsertEnd( pxEventList, &( pxCurrentTCB->xEventListItem ) );
2940:Middlewares/Third_Party/FreeRTOS/Source/tasks.c **** 
2941:Middlewares/Third_Party/FreeRTOS/Source/tasks.c **** 	prvAddCurrentTaskToDelayedList( xTicksToWait, pdTRUE );
2942:Middlewares/Third_Party/FreeRTOS/Source/tasks.c **** }
2943:Middlewares/Third_Party/FreeRTOS/Source/tasks.c **** /*-----------------------------------------------------------*/
2944:Middlewares/Third_Party/FreeRTOS/Source/tasks.c **** 
2945:Middlewares/Third_Party/FreeRTOS/Source/tasks.c **** #if( configUSE_TIMERS == 1 )
2946:Middlewares/Third_Party/FreeRTOS/Source/tasks.c **** 
2947:Middlewares/Third_Party/FreeRTOS/Source/tasks.c **** 	void vTaskPlaceOnEventListRestricted( List_t * const pxEventList, TickType_t xTicksToWait, const B
2948:Middlewares/Third_Party/FreeRTOS/Source/tasks.c **** 	{
2949:Middlewares/Third_Party/FreeRTOS/Source/tasks.c **** 		configASSERT( pxEventList );
2950:Middlewares/Third_Party/FreeRTOS/Source/tasks.c **** 
2951:Middlewares/Third_Party/FreeRTOS/Source/tasks.c **** 		/* This function should not be called by application code hence the
2952:Middlewares/Third_Party/FreeRTOS/Source/tasks.c **** 		'Restricted' in its name.  It is not part of the public API.  It is
2953:Middlewares/Third_Party/FreeRTOS/Source/tasks.c **** 		designed for use by kernel code, and has special calling requirements -
2954:Middlewares/Third_Party/FreeRTOS/Source/tasks.c **** 		it should be called with the scheduler suspended. */
2955:Middlewares/Third_Party/FreeRTOS/Source/tasks.c **** 
2956:Middlewares/Third_Party/FreeRTOS/Source/tasks.c **** 
2957:Middlewares/Third_Party/FreeRTOS/Source/tasks.c **** 		/* Place the event list item of the TCB in the appropriate event list.
2958:Middlewares/Third_Party/FreeRTOS/Source/tasks.c **** 		In this case it is assume that this is the only task that is going to
2959:Middlewares/Third_Party/FreeRTOS/Source/tasks.c **** 		be waiting on this event list, so the faster vListInsertEnd() function
2960:Middlewares/Third_Party/FreeRTOS/Source/tasks.c **** 		can be used in place of vListInsert. */
2961:Middlewares/Third_Party/FreeRTOS/Source/tasks.c **** 		vListInsertEnd( pxEventList, &( pxCurrentTCB->xEventListItem ) );
2962:Middlewares/Third_Party/FreeRTOS/Source/tasks.c **** 
2963:Middlewares/Third_Party/FreeRTOS/Source/tasks.c **** 		/* If the task should block indefinitely then set the block time to a
2964:Middlewares/Third_Party/FreeRTOS/Source/tasks.c **** 		value that will be recognised as an indefinite delay inside the
2965:Middlewares/Third_Party/FreeRTOS/Source/tasks.c **** 		prvAddCurrentTaskToDelayedList() function. */
2966:Middlewares/Third_Party/FreeRTOS/Source/tasks.c **** 		if( xWaitIndefinitely != pdFALSE )
2967:Middlewares/Third_Party/FreeRTOS/Source/tasks.c **** 		{
2968:Middlewares/Third_Party/FreeRTOS/Source/tasks.c **** 			xTicksToWait = portMAX_DELAY;
2969:Middlewares/Third_Party/FreeRTOS/Source/tasks.c **** 		}
2970:Middlewares/Third_Party/FreeRTOS/Source/tasks.c **** 
2971:Middlewares/Third_Party/FreeRTOS/Source/tasks.c **** 		traceTASK_DELAY_UNTIL( ( xTickCount + xTicksToWait ) );
2972:Middlewares/Third_Party/FreeRTOS/Source/tasks.c **** 		prvAddCurrentTaskToDelayedList( xTicksToWait, xWaitIndefinitely );
2973:Middlewares/Third_Party/FreeRTOS/Source/tasks.c **** 	}
2974:Middlewares/Third_Party/FreeRTOS/Source/tasks.c **** 
2975:Middlewares/Third_Party/FreeRTOS/Source/tasks.c **** #endif /* configUSE_TIMERS */
2976:Middlewares/Third_Party/FreeRTOS/Source/tasks.c **** /*-----------------------------------------------------------*/
2977:Middlewares/Third_Party/FreeRTOS/Source/tasks.c **** 
2978:Middlewares/Third_Party/FreeRTOS/Source/tasks.c **** BaseType_t xTaskRemoveFromEventList( const List_t * const pxEventList )
ARM GAS  C:\Users\31005\AppData\Local\Temp\ccNQ0Tdy.s 			page 59


2979:Middlewares/Third_Party/FreeRTOS/Source/tasks.c **** {
2980:Middlewares/Third_Party/FreeRTOS/Source/tasks.c **** TCB_t *pxUnblockedTCB;
2981:Middlewares/Third_Party/FreeRTOS/Source/tasks.c **** BaseType_t xReturn;
2982:Middlewares/Third_Party/FreeRTOS/Source/tasks.c **** 
2983:Middlewares/Third_Party/FreeRTOS/Source/tasks.c **** 	/* THIS FUNCTION MUST BE CALLED FROM A CRITICAL SECTION.  It can also be
2984:Middlewares/Third_Party/FreeRTOS/Source/tasks.c **** 	called from a critical section within an ISR. */
2985:Middlewares/Third_Party/FreeRTOS/Source/tasks.c **** 
2986:Middlewares/Third_Party/FreeRTOS/Source/tasks.c **** 	/* The event list is sorted in priority order, so the first in the list can
2987:Middlewares/Third_Party/FreeRTOS/Source/tasks.c **** 	be removed as it is known to be the highest priority.  Remove the TCB from
2988:Middlewares/Third_Party/FreeRTOS/Source/tasks.c **** 	the delayed list, and add it to the ready list.
2989:Middlewares/Third_Party/FreeRTOS/Source/tasks.c **** 
2990:Middlewares/Third_Party/FreeRTOS/Source/tasks.c **** 	If an event is for a queue that is locked then this function will never
2991:Middlewares/Third_Party/FreeRTOS/Source/tasks.c **** 	get called - the lock count on the queue will get modified instead.  This
2992:Middlewares/Third_Party/FreeRTOS/Source/tasks.c **** 	means exclusive access to the event list is guaranteed here.
2993:Middlewares/Third_Party/FreeRTOS/Source/tasks.c **** 
2994:Middlewares/Third_Party/FreeRTOS/Source/tasks.c **** 	This function assumes that a check has already been made to ensure that
2995:Middlewares/Third_Party/FreeRTOS/Source/tasks.c **** 	pxEventList is not empty. */
2996:Middlewares/Third_Party/FreeRTOS/Source/tasks.c **** 	pxUnblockedTCB = ( TCB_t * ) listGET_OWNER_OF_HEAD_ENTRY( pxEventList );
2997:Middlewares/Third_Party/FreeRTOS/Source/tasks.c **** 	configASSERT( pxUnblockedTCB );
2998:Middlewares/Third_Party/FreeRTOS/Source/tasks.c **** 	( void ) uxListRemove( &( pxUnblockedTCB->xEventListItem ) );
2999:Middlewares/Third_Party/FreeRTOS/Source/tasks.c **** 
3000:Middlewares/Third_Party/FreeRTOS/Source/tasks.c **** 	if( uxSchedulerSuspended == ( UBaseType_t ) pdFALSE )
3001:Middlewares/Third_Party/FreeRTOS/Source/tasks.c **** 	{
3002:Middlewares/Third_Party/FreeRTOS/Source/tasks.c **** 		( void ) uxListRemove( &( pxUnblockedTCB->xStateListItem ) );
3003:Middlewares/Third_Party/FreeRTOS/Source/tasks.c **** 		prvAddTaskToReadyList( pxUnblockedTCB );
3004:Middlewares/Third_Party/FreeRTOS/Source/tasks.c **** 	}
3005:Middlewares/Third_Party/FreeRTOS/Source/tasks.c **** 	else
3006:Middlewares/Third_Party/FreeRTOS/Source/tasks.c **** 	{
3007:Middlewares/Third_Party/FreeRTOS/Source/tasks.c **** 		/* The delayed and ready lists cannot be accessed, so hold this task
3008:Middlewares/Third_Party/FreeRTOS/Source/tasks.c **** 		pending until the scheduler is resumed. */
3009:Middlewares/Third_Party/FreeRTOS/Source/tasks.c **** 		vListInsertEnd( &( xPendingReadyList ), &( pxUnblockedTCB->xEventListItem ) );
3010:Middlewares/Third_Party/FreeRTOS/Source/tasks.c **** 	}
3011:Middlewares/Third_Party/FreeRTOS/Source/tasks.c **** 
3012:Middlewares/Third_Party/FreeRTOS/Source/tasks.c **** 	if( pxUnblockedTCB->uxPriority > pxCurrentTCB->uxPriority )
3013:Middlewares/Third_Party/FreeRTOS/Source/tasks.c **** 	{
3014:Middlewares/Third_Party/FreeRTOS/Source/tasks.c **** 		/* Return true if the task removed from the event list has a higher
3015:Middlewares/Third_Party/FreeRTOS/Source/tasks.c **** 		priority than the calling task.  This allows the calling task to know if
3016:Middlewares/Third_Party/FreeRTOS/Source/tasks.c **** 		it should force a context switch now. */
3017:Middlewares/Third_Party/FreeRTOS/Source/tasks.c **** 		xReturn = pdTRUE;
3018:Middlewares/Third_Party/FreeRTOS/Source/tasks.c **** 
3019:Middlewares/Third_Party/FreeRTOS/Source/tasks.c **** 		/* Mark that a yield is pending in case the user is not using the
3020:Middlewares/Third_Party/FreeRTOS/Source/tasks.c **** 		"xHigherPriorityTaskWoken" parameter to an ISR safe FreeRTOS function. */
3021:Middlewares/Third_Party/FreeRTOS/Source/tasks.c **** 		xYieldPending = pdTRUE;
3022:Middlewares/Third_Party/FreeRTOS/Source/tasks.c **** 	}
3023:Middlewares/Third_Party/FreeRTOS/Source/tasks.c **** 	else
3024:Middlewares/Third_Party/FreeRTOS/Source/tasks.c **** 	{
3025:Middlewares/Third_Party/FreeRTOS/Source/tasks.c **** 		xReturn = pdFALSE;
3026:Middlewares/Third_Party/FreeRTOS/Source/tasks.c **** 	}
3027:Middlewares/Third_Party/FreeRTOS/Source/tasks.c **** 
3028:Middlewares/Third_Party/FreeRTOS/Source/tasks.c **** 	#if( configUSE_TICKLESS_IDLE != 0 )
3029:Middlewares/Third_Party/FreeRTOS/Source/tasks.c **** 	{
3030:Middlewares/Third_Party/FreeRTOS/Source/tasks.c **** 		/* If a task is blocked on a kernel object then xNextTaskUnblockTime
3031:Middlewares/Third_Party/FreeRTOS/Source/tasks.c **** 		might be set to the blocked task's time out time.  If the task is
3032:Middlewares/Third_Party/FreeRTOS/Source/tasks.c **** 		unblocked for a reason other than a timeout xNextTaskUnblockTime is
3033:Middlewares/Third_Party/FreeRTOS/Source/tasks.c **** 		normally left unchanged, because it is automatically reset to a new
3034:Middlewares/Third_Party/FreeRTOS/Source/tasks.c **** 		value when the tick count equals xNextTaskUnblockTime.  However if
3035:Middlewares/Third_Party/FreeRTOS/Source/tasks.c **** 		tickless idling is used it might be more important to enter sleep mode
ARM GAS  C:\Users\31005\AppData\Local\Temp\ccNQ0Tdy.s 			page 60


3036:Middlewares/Third_Party/FreeRTOS/Source/tasks.c **** 		at the earliest possible time - so reset xNextTaskUnblockTime here to
3037:Middlewares/Third_Party/FreeRTOS/Source/tasks.c **** 		ensure it is updated at the earliest possible time. */
3038:Middlewares/Third_Party/FreeRTOS/Source/tasks.c **** 		prvResetNextTaskUnblockTime();
3039:Middlewares/Third_Party/FreeRTOS/Source/tasks.c **** 	}
3040:Middlewares/Third_Party/FreeRTOS/Source/tasks.c **** 	#endif
3041:Middlewares/Third_Party/FreeRTOS/Source/tasks.c **** 
3042:Middlewares/Third_Party/FreeRTOS/Source/tasks.c **** 	return xReturn;
3043:Middlewares/Third_Party/FreeRTOS/Source/tasks.c **** }
3044:Middlewares/Third_Party/FreeRTOS/Source/tasks.c **** /*-----------------------------------------------------------*/
3045:Middlewares/Third_Party/FreeRTOS/Source/tasks.c **** 
3046:Middlewares/Third_Party/FreeRTOS/Source/tasks.c **** void vTaskRemoveFromUnorderedEventList( ListItem_t * pxEventListItem, const TickType_t xItemValue )
3047:Middlewares/Third_Party/FreeRTOS/Source/tasks.c **** {
3048:Middlewares/Third_Party/FreeRTOS/Source/tasks.c **** TCB_t *pxUnblockedTCB;
3049:Middlewares/Third_Party/FreeRTOS/Source/tasks.c **** 
3050:Middlewares/Third_Party/FreeRTOS/Source/tasks.c **** 	/* THIS FUNCTION MUST BE CALLED WITH THE SCHEDULER SUSPENDED.  It is used by
3051:Middlewares/Third_Party/FreeRTOS/Source/tasks.c **** 	the event flags implementation. */
3052:Middlewares/Third_Party/FreeRTOS/Source/tasks.c **** 	configASSERT( uxSchedulerSuspended != pdFALSE );
3053:Middlewares/Third_Party/FreeRTOS/Source/tasks.c **** 
3054:Middlewares/Third_Party/FreeRTOS/Source/tasks.c **** 	/* Store the new item value in the event list. */
3055:Middlewares/Third_Party/FreeRTOS/Source/tasks.c **** 	listSET_LIST_ITEM_VALUE( pxEventListItem, xItemValue | taskEVENT_LIST_ITEM_VALUE_IN_USE );
3056:Middlewares/Third_Party/FreeRTOS/Source/tasks.c **** 
3057:Middlewares/Third_Party/FreeRTOS/Source/tasks.c **** 	/* Remove the event list form the event flag.  Interrupts do not access
3058:Middlewares/Third_Party/FreeRTOS/Source/tasks.c **** 	event flags. */
3059:Middlewares/Third_Party/FreeRTOS/Source/tasks.c **** 	pxUnblockedTCB = ( TCB_t * ) listGET_LIST_ITEM_OWNER( pxEventListItem );
3060:Middlewares/Third_Party/FreeRTOS/Source/tasks.c **** 	configASSERT( pxUnblockedTCB );
3061:Middlewares/Third_Party/FreeRTOS/Source/tasks.c **** 	( void ) uxListRemove( pxEventListItem );
3062:Middlewares/Third_Party/FreeRTOS/Source/tasks.c **** 
3063:Middlewares/Third_Party/FreeRTOS/Source/tasks.c **** 	/* Remove the task from the delayed list and add it to the ready list.  The
3064:Middlewares/Third_Party/FreeRTOS/Source/tasks.c **** 	scheduler is suspended so interrupts will not be accessing the ready
3065:Middlewares/Third_Party/FreeRTOS/Source/tasks.c **** 	lists. */
3066:Middlewares/Third_Party/FreeRTOS/Source/tasks.c **** 	( void ) uxListRemove( &( pxUnblockedTCB->xStateListItem ) );
3067:Middlewares/Third_Party/FreeRTOS/Source/tasks.c **** 	prvAddTaskToReadyList( pxUnblockedTCB );
3068:Middlewares/Third_Party/FreeRTOS/Source/tasks.c **** 
3069:Middlewares/Third_Party/FreeRTOS/Source/tasks.c **** 	if( pxUnblockedTCB->uxPriority > pxCurrentTCB->uxPriority )
3070:Middlewares/Third_Party/FreeRTOS/Source/tasks.c **** 	{
3071:Middlewares/Third_Party/FreeRTOS/Source/tasks.c **** 		/* The unblocked task has a priority above that of the calling task, so
3072:Middlewares/Third_Party/FreeRTOS/Source/tasks.c **** 		a context switch is required.  This function is called with the
3073:Middlewares/Third_Party/FreeRTOS/Source/tasks.c **** 		scheduler suspended so xYieldPending is set so the context switch
3074:Middlewares/Third_Party/FreeRTOS/Source/tasks.c **** 		occurs immediately that the scheduler is resumed (unsuspended). */
3075:Middlewares/Third_Party/FreeRTOS/Source/tasks.c **** 		xYieldPending = pdTRUE;
3076:Middlewares/Third_Party/FreeRTOS/Source/tasks.c **** 	}
3077:Middlewares/Third_Party/FreeRTOS/Source/tasks.c **** }
3078:Middlewares/Third_Party/FreeRTOS/Source/tasks.c **** /*-----------------------------------------------------------*/
3079:Middlewares/Third_Party/FreeRTOS/Source/tasks.c **** 
3080:Middlewares/Third_Party/FreeRTOS/Source/tasks.c **** void vTaskSetTimeOutState( TimeOut_t * const pxTimeOut )
3081:Middlewares/Third_Party/FreeRTOS/Source/tasks.c **** {
3082:Middlewares/Third_Party/FreeRTOS/Source/tasks.c **** 	configASSERT( pxTimeOut );
3083:Middlewares/Third_Party/FreeRTOS/Source/tasks.c **** 	taskENTER_CRITICAL();
3084:Middlewares/Third_Party/FreeRTOS/Source/tasks.c **** 	{
3085:Middlewares/Third_Party/FreeRTOS/Source/tasks.c **** 		pxTimeOut->xOverflowCount = xNumOfOverflows;
3086:Middlewares/Third_Party/FreeRTOS/Source/tasks.c **** 		pxTimeOut->xTimeOnEntering = xTickCount;
3087:Middlewares/Third_Party/FreeRTOS/Source/tasks.c **** 	}
3088:Middlewares/Third_Party/FreeRTOS/Source/tasks.c **** 	taskEXIT_CRITICAL();
3089:Middlewares/Third_Party/FreeRTOS/Source/tasks.c **** }
3090:Middlewares/Third_Party/FreeRTOS/Source/tasks.c **** /*-----------------------------------------------------------*/
3091:Middlewares/Third_Party/FreeRTOS/Source/tasks.c **** 
3092:Middlewares/Third_Party/FreeRTOS/Source/tasks.c **** void vTaskInternalSetTimeOutState( TimeOut_t * const pxTimeOut )
ARM GAS  C:\Users\31005\AppData\Local\Temp\ccNQ0Tdy.s 			page 61


3093:Middlewares/Third_Party/FreeRTOS/Source/tasks.c **** {
3094:Middlewares/Third_Party/FreeRTOS/Source/tasks.c **** 	/* For internal use only as it does not use a critical section. */
3095:Middlewares/Third_Party/FreeRTOS/Source/tasks.c **** 	pxTimeOut->xOverflowCount = xNumOfOverflows;
3096:Middlewares/Third_Party/FreeRTOS/Source/tasks.c **** 	pxTimeOut->xTimeOnEntering = xTickCount;
3097:Middlewares/Third_Party/FreeRTOS/Source/tasks.c **** }
3098:Middlewares/Third_Party/FreeRTOS/Source/tasks.c **** /*-----------------------------------------------------------*/
3099:Middlewares/Third_Party/FreeRTOS/Source/tasks.c **** 
3100:Middlewares/Third_Party/FreeRTOS/Source/tasks.c **** BaseType_t xTaskCheckForTimeOut( TimeOut_t * const pxTimeOut, TickType_t * const pxTicksToWait )
3101:Middlewares/Third_Party/FreeRTOS/Source/tasks.c **** {
3102:Middlewares/Third_Party/FreeRTOS/Source/tasks.c **** BaseType_t xReturn;
3103:Middlewares/Third_Party/FreeRTOS/Source/tasks.c **** 
3104:Middlewares/Third_Party/FreeRTOS/Source/tasks.c **** 	configASSERT( pxTimeOut );
3105:Middlewares/Third_Party/FreeRTOS/Source/tasks.c **** 	configASSERT( pxTicksToWait );
3106:Middlewares/Third_Party/FreeRTOS/Source/tasks.c **** 
3107:Middlewares/Third_Party/FreeRTOS/Source/tasks.c **** 	taskENTER_CRITICAL();
3108:Middlewares/Third_Party/FreeRTOS/Source/tasks.c **** 	{
3109:Middlewares/Third_Party/FreeRTOS/Source/tasks.c **** 		/* Minor optimisation.  The tick count cannot change in this block. */
3110:Middlewares/Third_Party/FreeRTOS/Source/tasks.c **** 		const TickType_t xConstTickCount = xTickCount;
3111:Middlewares/Third_Party/FreeRTOS/Source/tasks.c **** 		const TickType_t xElapsedTime = xConstTickCount - pxTimeOut->xTimeOnEntering;
3112:Middlewares/Third_Party/FreeRTOS/Source/tasks.c **** 
3113:Middlewares/Third_Party/FreeRTOS/Source/tasks.c **** 		#if( INCLUDE_xTaskAbortDelay == 1 )
3114:Middlewares/Third_Party/FreeRTOS/Source/tasks.c **** 			if( pxCurrentTCB->ucDelayAborted != pdFALSE )
3115:Middlewares/Third_Party/FreeRTOS/Source/tasks.c **** 			{
3116:Middlewares/Third_Party/FreeRTOS/Source/tasks.c **** 				/* The delay was aborted, which is not the same as a time out,
3117:Middlewares/Third_Party/FreeRTOS/Source/tasks.c **** 				but has the same result. */
3118:Middlewares/Third_Party/FreeRTOS/Source/tasks.c **** 				pxCurrentTCB->ucDelayAborted = pdFALSE;
3119:Middlewares/Third_Party/FreeRTOS/Source/tasks.c **** 				xReturn = pdTRUE;
3120:Middlewares/Third_Party/FreeRTOS/Source/tasks.c **** 			}
3121:Middlewares/Third_Party/FreeRTOS/Source/tasks.c **** 			else
3122:Middlewares/Third_Party/FreeRTOS/Source/tasks.c **** 		#endif
3123:Middlewares/Third_Party/FreeRTOS/Source/tasks.c **** 
3124:Middlewares/Third_Party/FreeRTOS/Source/tasks.c **** 		#if ( INCLUDE_vTaskSuspend == 1 )
3125:Middlewares/Third_Party/FreeRTOS/Source/tasks.c **** 			if( *pxTicksToWait == portMAX_DELAY )
3126:Middlewares/Third_Party/FreeRTOS/Source/tasks.c **** 			{
3127:Middlewares/Third_Party/FreeRTOS/Source/tasks.c **** 				/* If INCLUDE_vTaskSuspend is set to 1 and the block time
3128:Middlewares/Third_Party/FreeRTOS/Source/tasks.c **** 				specified is the maximum block time then the task should block
3129:Middlewares/Third_Party/FreeRTOS/Source/tasks.c **** 				indefinitely, and therefore never time out. */
3130:Middlewares/Third_Party/FreeRTOS/Source/tasks.c **** 				xReturn = pdFALSE;
3131:Middlewares/Third_Party/FreeRTOS/Source/tasks.c **** 			}
3132:Middlewares/Third_Party/FreeRTOS/Source/tasks.c **** 			else
3133:Middlewares/Third_Party/FreeRTOS/Source/tasks.c **** 		#endif
3134:Middlewares/Third_Party/FreeRTOS/Source/tasks.c **** 
3135:Middlewares/Third_Party/FreeRTOS/Source/tasks.c **** 		if( ( xNumOfOverflows != pxTimeOut->xOverflowCount ) && ( xConstTickCount >= pxTimeOut->xTimeOnEn
3136:Middlewares/Third_Party/FreeRTOS/Source/tasks.c **** 		{
3137:Middlewares/Third_Party/FreeRTOS/Source/tasks.c **** 			/* The tick count is greater than the time at which
3138:Middlewares/Third_Party/FreeRTOS/Source/tasks.c **** 			vTaskSetTimeout() was called, but has also overflowed since
3139:Middlewares/Third_Party/FreeRTOS/Source/tasks.c **** 			vTaskSetTimeOut() was called.  It must have wrapped all the way
3140:Middlewares/Third_Party/FreeRTOS/Source/tasks.c **** 			around and gone past again. This passed since vTaskSetTimeout()
3141:Middlewares/Third_Party/FreeRTOS/Source/tasks.c **** 			was called. */
3142:Middlewares/Third_Party/FreeRTOS/Source/tasks.c **** 			xReturn = pdTRUE;
3143:Middlewares/Third_Party/FreeRTOS/Source/tasks.c **** 		}
3144:Middlewares/Third_Party/FreeRTOS/Source/tasks.c **** 		else if( xElapsedTime < *pxTicksToWait ) /*lint !e961 Explicit casting is only redundant with som
3145:Middlewares/Third_Party/FreeRTOS/Source/tasks.c **** 		{
3146:Middlewares/Third_Party/FreeRTOS/Source/tasks.c **** 			/* Not a genuine timeout. Adjust parameters for time remaining. */
3147:Middlewares/Third_Party/FreeRTOS/Source/tasks.c **** 			*pxTicksToWait -= xElapsedTime;
3148:Middlewares/Third_Party/FreeRTOS/Source/tasks.c **** 			vTaskInternalSetTimeOutState( pxTimeOut );
3149:Middlewares/Third_Party/FreeRTOS/Source/tasks.c **** 			xReturn = pdFALSE;
ARM GAS  C:\Users\31005\AppData\Local\Temp\ccNQ0Tdy.s 			page 62


3150:Middlewares/Third_Party/FreeRTOS/Source/tasks.c **** 		}
3151:Middlewares/Third_Party/FreeRTOS/Source/tasks.c **** 		else
3152:Middlewares/Third_Party/FreeRTOS/Source/tasks.c **** 		{
3153:Middlewares/Third_Party/FreeRTOS/Source/tasks.c **** 			*pxTicksToWait = 0;
3154:Middlewares/Third_Party/FreeRTOS/Source/tasks.c **** 			xReturn = pdTRUE;
3155:Middlewares/Third_Party/FreeRTOS/Source/tasks.c **** 		}
3156:Middlewares/Third_Party/FreeRTOS/Source/tasks.c **** 	}
3157:Middlewares/Third_Party/FreeRTOS/Source/tasks.c **** 	taskEXIT_CRITICAL();
3158:Middlewares/Third_Party/FreeRTOS/Source/tasks.c **** 
3159:Middlewares/Third_Party/FreeRTOS/Source/tasks.c **** 	return xReturn;
3160:Middlewares/Third_Party/FreeRTOS/Source/tasks.c **** }
3161:Middlewares/Third_Party/FreeRTOS/Source/tasks.c **** /*-----------------------------------------------------------*/
3162:Middlewares/Third_Party/FreeRTOS/Source/tasks.c **** 
3163:Middlewares/Third_Party/FreeRTOS/Source/tasks.c **** void vTaskMissedYield( void )
3164:Middlewares/Third_Party/FreeRTOS/Source/tasks.c **** {
3165:Middlewares/Third_Party/FreeRTOS/Source/tasks.c **** 	xYieldPending = pdTRUE;
3166:Middlewares/Third_Party/FreeRTOS/Source/tasks.c **** }
3167:Middlewares/Third_Party/FreeRTOS/Source/tasks.c **** /*-----------------------------------------------------------*/
3168:Middlewares/Third_Party/FreeRTOS/Source/tasks.c **** 
3169:Middlewares/Third_Party/FreeRTOS/Source/tasks.c **** #if ( configUSE_TRACE_FACILITY == 1 )
3170:Middlewares/Third_Party/FreeRTOS/Source/tasks.c **** 
3171:Middlewares/Third_Party/FreeRTOS/Source/tasks.c **** 	UBaseType_t uxTaskGetTaskNumber( TaskHandle_t xTask )
3172:Middlewares/Third_Party/FreeRTOS/Source/tasks.c **** 	{
3173:Middlewares/Third_Party/FreeRTOS/Source/tasks.c **** 	UBaseType_t uxReturn;
3174:Middlewares/Third_Party/FreeRTOS/Source/tasks.c **** 	TCB_t *pxTCB;
3175:Middlewares/Third_Party/FreeRTOS/Source/tasks.c **** 
3176:Middlewares/Third_Party/FreeRTOS/Source/tasks.c **** 		if( xTask != NULL )
3177:Middlewares/Third_Party/FreeRTOS/Source/tasks.c **** 		{
3178:Middlewares/Third_Party/FreeRTOS/Source/tasks.c **** 			pxTCB = ( TCB_t * ) xTask;
3179:Middlewares/Third_Party/FreeRTOS/Source/tasks.c **** 			uxReturn = pxTCB->uxTaskNumber;
3180:Middlewares/Third_Party/FreeRTOS/Source/tasks.c **** 		}
3181:Middlewares/Third_Party/FreeRTOS/Source/tasks.c **** 		else
3182:Middlewares/Third_Party/FreeRTOS/Source/tasks.c **** 		{
3183:Middlewares/Third_Party/FreeRTOS/Source/tasks.c **** 			uxReturn = 0U;
3184:Middlewares/Third_Party/FreeRTOS/Source/tasks.c **** 		}
3185:Middlewares/Third_Party/FreeRTOS/Source/tasks.c **** 
3186:Middlewares/Third_Party/FreeRTOS/Source/tasks.c **** 		return uxReturn;
3187:Middlewares/Third_Party/FreeRTOS/Source/tasks.c **** 	}
3188:Middlewares/Third_Party/FreeRTOS/Source/tasks.c **** 
3189:Middlewares/Third_Party/FreeRTOS/Source/tasks.c **** #endif /* configUSE_TRACE_FACILITY */
3190:Middlewares/Third_Party/FreeRTOS/Source/tasks.c **** /*-----------------------------------------------------------*/
3191:Middlewares/Third_Party/FreeRTOS/Source/tasks.c **** 
3192:Middlewares/Third_Party/FreeRTOS/Source/tasks.c **** #if ( configUSE_TRACE_FACILITY == 1 )
3193:Middlewares/Third_Party/FreeRTOS/Source/tasks.c **** 
3194:Middlewares/Third_Party/FreeRTOS/Source/tasks.c **** 	void vTaskSetTaskNumber( TaskHandle_t xTask, const UBaseType_t uxHandle )
3195:Middlewares/Third_Party/FreeRTOS/Source/tasks.c **** 	{
3196:Middlewares/Third_Party/FreeRTOS/Source/tasks.c **** 	TCB_t *pxTCB;
3197:Middlewares/Third_Party/FreeRTOS/Source/tasks.c **** 
3198:Middlewares/Third_Party/FreeRTOS/Source/tasks.c **** 		if( xTask != NULL )
3199:Middlewares/Third_Party/FreeRTOS/Source/tasks.c **** 		{
3200:Middlewares/Third_Party/FreeRTOS/Source/tasks.c **** 			pxTCB = ( TCB_t * ) xTask;
3201:Middlewares/Third_Party/FreeRTOS/Source/tasks.c **** 			pxTCB->uxTaskNumber = uxHandle;
3202:Middlewares/Third_Party/FreeRTOS/Source/tasks.c **** 		}
3203:Middlewares/Third_Party/FreeRTOS/Source/tasks.c **** 	}
3204:Middlewares/Third_Party/FreeRTOS/Source/tasks.c **** 
3205:Middlewares/Third_Party/FreeRTOS/Source/tasks.c **** #endif /* configUSE_TRACE_FACILITY */
3206:Middlewares/Third_Party/FreeRTOS/Source/tasks.c **** 
ARM GAS  C:\Users\31005\AppData\Local\Temp\ccNQ0Tdy.s 			page 63


3207:Middlewares/Third_Party/FreeRTOS/Source/tasks.c **** /*
3208:Middlewares/Third_Party/FreeRTOS/Source/tasks.c ****  * -----------------------------------------------------------
3209:Middlewares/Third_Party/FreeRTOS/Source/tasks.c ****  * The Idle task.
3210:Middlewares/Third_Party/FreeRTOS/Source/tasks.c ****  * ----------------------------------------------------------
3211:Middlewares/Third_Party/FreeRTOS/Source/tasks.c ****  *
3212:Middlewares/Third_Party/FreeRTOS/Source/tasks.c ****  * The portTASK_FUNCTION() macro is used to allow port/compiler specific
3213:Middlewares/Third_Party/FreeRTOS/Source/tasks.c ****  * language extensions.  The equivalent prototype for this function is:
3214:Middlewares/Third_Party/FreeRTOS/Source/tasks.c ****  *
3215:Middlewares/Third_Party/FreeRTOS/Source/tasks.c ****  * void prvIdleTask( void *pvParameters );
3216:Middlewares/Third_Party/FreeRTOS/Source/tasks.c ****  *
3217:Middlewares/Third_Party/FreeRTOS/Source/tasks.c ****  */
3218:Middlewares/Third_Party/FreeRTOS/Source/tasks.c **** static portTASK_FUNCTION( prvIdleTask, pvParameters )
3219:Middlewares/Third_Party/FreeRTOS/Source/tasks.c **** {
3220:Middlewares/Third_Party/FreeRTOS/Source/tasks.c **** 	/* Stop warnings. */
3221:Middlewares/Third_Party/FreeRTOS/Source/tasks.c **** 	( void ) pvParameters;
3222:Middlewares/Third_Party/FreeRTOS/Source/tasks.c **** 
3223:Middlewares/Third_Party/FreeRTOS/Source/tasks.c **** 	/** THIS IS THE RTOS IDLE TASK - WHICH IS CREATED AUTOMATICALLY WHEN THE
3224:Middlewares/Third_Party/FreeRTOS/Source/tasks.c **** 	SCHEDULER IS STARTED. **/
3225:Middlewares/Third_Party/FreeRTOS/Source/tasks.c **** 
3226:Middlewares/Third_Party/FreeRTOS/Source/tasks.c **** 	/* In case a task that has a secure context deletes itself, in which case
3227:Middlewares/Third_Party/FreeRTOS/Source/tasks.c **** 	the idle task is responsible for deleting the task's secure context, if
3228:Middlewares/Third_Party/FreeRTOS/Source/tasks.c **** 	any. */
3229:Middlewares/Third_Party/FreeRTOS/Source/tasks.c **** 	portTASK_CALLS_SECURE_FUNCTIONS();
3230:Middlewares/Third_Party/FreeRTOS/Source/tasks.c **** 
3231:Middlewares/Third_Party/FreeRTOS/Source/tasks.c **** 	for( ;; )
3232:Middlewares/Third_Party/FreeRTOS/Source/tasks.c **** 	{
3233:Middlewares/Third_Party/FreeRTOS/Source/tasks.c **** 		/* See if any tasks have deleted themselves - if so then the idle task
3234:Middlewares/Third_Party/FreeRTOS/Source/tasks.c **** 		is responsible for freeing the deleted task's TCB and stack. */
3235:Middlewares/Third_Party/FreeRTOS/Source/tasks.c **** 		prvCheckTasksWaitingTermination();
3236:Middlewares/Third_Party/FreeRTOS/Source/tasks.c **** 
3237:Middlewares/Third_Party/FreeRTOS/Source/tasks.c **** 		#if ( configUSE_PREEMPTION == 0 )
3238:Middlewares/Third_Party/FreeRTOS/Source/tasks.c **** 		{
3239:Middlewares/Third_Party/FreeRTOS/Source/tasks.c **** 			/* If we are not using preemption we keep forcing a task switch to
3240:Middlewares/Third_Party/FreeRTOS/Source/tasks.c **** 			see if any other task has become available.  If we are using
3241:Middlewares/Third_Party/FreeRTOS/Source/tasks.c **** 			preemption we don't need to do this as any task becoming available
3242:Middlewares/Third_Party/FreeRTOS/Source/tasks.c **** 			will automatically get the processor anyway. */
3243:Middlewares/Third_Party/FreeRTOS/Source/tasks.c **** 			taskYIELD();
3244:Middlewares/Third_Party/FreeRTOS/Source/tasks.c **** 		}
3245:Middlewares/Third_Party/FreeRTOS/Source/tasks.c **** 		#endif /* configUSE_PREEMPTION */
3246:Middlewares/Third_Party/FreeRTOS/Source/tasks.c **** 
3247:Middlewares/Third_Party/FreeRTOS/Source/tasks.c **** 		#if ( ( configUSE_PREEMPTION == 1 ) && ( configIDLE_SHOULD_YIELD == 1 ) )
3248:Middlewares/Third_Party/FreeRTOS/Source/tasks.c **** 		{
3249:Middlewares/Third_Party/FreeRTOS/Source/tasks.c **** 			/* When using preemption tasks of equal priority will be
3250:Middlewares/Third_Party/FreeRTOS/Source/tasks.c **** 			timesliced.  If a task that is sharing the idle priority is ready
3251:Middlewares/Third_Party/FreeRTOS/Source/tasks.c **** 			to run then the idle task should yield before the end of the
3252:Middlewares/Third_Party/FreeRTOS/Source/tasks.c **** 			timeslice.
3253:Middlewares/Third_Party/FreeRTOS/Source/tasks.c **** 
3254:Middlewares/Third_Party/FreeRTOS/Source/tasks.c **** 			A critical region is not required here as we are just reading from
3255:Middlewares/Third_Party/FreeRTOS/Source/tasks.c **** 			the list, and an occasional incorrect value will not matter.  If
3256:Middlewares/Third_Party/FreeRTOS/Source/tasks.c **** 			the ready list at the idle priority contains more than one task
3257:Middlewares/Third_Party/FreeRTOS/Source/tasks.c **** 			then a task other than the idle task is ready to execute. */
3258:Middlewares/Third_Party/FreeRTOS/Source/tasks.c **** 			if( listCURRENT_LIST_LENGTH( &( pxReadyTasksLists[ tskIDLE_PRIORITY ] ) ) > ( UBaseType_t ) 1 )
3259:Middlewares/Third_Party/FreeRTOS/Source/tasks.c **** 			{
3260:Middlewares/Third_Party/FreeRTOS/Source/tasks.c **** 				taskYIELD();
3261:Middlewares/Third_Party/FreeRTOS/Source/tasks.c **** 			}
3262:Middlewares/Third_Party/FreeRTOS/Source/tasks.c **** 			else
3263:Middlewares/Third_Party/FreeRTOS/Source/tasks.c **** 			{
ARM GAS  C:\Users\31005\AppData\Local\Temp\ccNQ0Tdy.s 			page 64


3264:Middlewares/Third_Party/FreeRTOS/Source/tasks.c **** 				mtCOVERAGE_TEST_MARKER();
3265:Middlewares/Third_Party/FreeRTOS/Source/tasks.c **** 			}
3266:Middlewares/Third_Party/FreeRTOS/Source/tasks.c **** 		}
3267:Middlewares/Third_Party/FreeRTOS/Source/tasks.c **** 		#endif /* ( ( configUSE_PREEMPTION == 1 ) && ( configIDLE_SHOULD_YIELD == 1 ) ) */
3268:Middlewares/Third_Party/FreeRTOS/Source/tasks.c **** 
3269:Middlewares/Third_Party/FreeRTOS/Source/tasks.c **** 		#if ( configUSE_IDLE_HOOK == 1 )
3270:Middlewares/Third_Party/FreeRTOS/Source/tasks.c **** 		{
3271:Middlewares/Third_Party/FreeRTOS/Source/tasks.c **** 			extern void vApplicationIdleHook( void );
3272:Middlewares/Third_Party/FreeRTOS/Source/tasks.c **** 
3273:Middlewares/Third_Party/FreeRTOS/Source/tasks.c **** 			/* Call the user defined function from within the idle task.  This
3274:Middlewares/Third_Party/FreeRTOS/Source/tasks.c **** 			allows the application designer to add background functionality
3275:Middlewares/Third_Party/FreeRTOS/Source/tasks.c **** 			without the overhead of a separate task.
3276:Middlewares/Third_Party/FreeRTOS/Source/tasks.c **** 			NOTE: vApplicationIdleHook() MUST NOT, UNDER ANY CIRCUMSTANCES,
3277:Middlewares/Third_Party/FreeRTOS/Source/tasks.c **** 			CALL A FUNCTION THAT MIGHT BLOCK. */
3278:Middlewares/Third_Party/FreeRTOS/Source/tasks.c **** 			vApplicationIdleHook();
3279:Middlewares/Third_Party/FreeRTOS/Source/tasks.c **** 		}
3280:Middlewares/Third_Party/FreeRTOS/Source/tasks.c **** 		#endif /* configUSE_IDLE_HOOK */
3281:Middlewares/Third_Party/FreeRTOS/Source/tasks.c **** 
3282:Middlewares/Third_Party/FreeRTOS/Source/tasks.c **** 		/* This conditional compilation should use inequality to 0, not equality
3283:Middlewares/Third_Party/FreeRTOS/Source/tasks.c **** 		to 1.  This is to ensure portSUPPRESS_TICKS_AND_SLEEP() is called when
3284:Middlewares/Third_Party/FreeRTOS/Source/tasks.c **** 		user defined low power mode	implementations require
3285:Middlewares/Third_Party/FreeRTOS/Source/tasks.c **** 		configUSE_TICKLESS_IDLE to be set to a value other than 1. */
3286:Middlewares/Third_Party/FreeRTOS/Source/tasks.c **** 		#if ( configUSE_TICKLESS_IDLE != 0 )
3287:Middlewares/Third_Party/FreeRTOS/Source/tasks.c **** 		{
3288:Middlewares/Third_Party/FreeRTOS/Source/tasks.c **** 		TickType_t xExpectedIdleTime;
3289:Middlewares/Third_Party/FreeRTOS/Source/tasks.c **** 
3290:Middlewares/Third_Party/FreeRTOS/Source/tasks.c **** 			/* It is not desirable to suspend then resume the scheduler on
3291:Middlewares/Third_Party/FreeRTOS/Source/tasks.c **** 			each iteration of the idle task.  Therefore, a preliminary
3292:Middlewares/Third_Party/FreeRTOS/Source/tasks.c **** 			test of the expected idle time is performed without the
3293:Middlewares/Third_Party/FreeRTOS/Source/tasks.c **** 			scheduler suspended.  The result here is not necessarily
3294:Middlewares/Third_Party/FreeRTOS/Source/tasks.c **** 			valid. */
3295:Middlewares/Third_Party/FreeRTOS/Source/tasks.c **** 			xExpectedIdleTime = prvGetExpectedIdleTime();
3296:Middlewares/Third_Party/FreeRTOS/Source/tasks.c **** 
3297:Middlewares/Third_Party/FreeRTOS/Source/tasks.c **** 			if( xExpectedIdleTime >= configEXPECTED_IDLE_TIME_BEFORE_SLEEP )
3298:Middlewares/Third_Party/FreeRTOS/Source/tasks.c **** 			{
3299:Middlewares/Third_Party/FreeRTOS/Source/tasks.c **** 				vTaskSuspendAll();
3300:Middlewares/Third_Party/FreeRTOS/Source/tasks.c **** 				{
3301:Middlewares/Third_Party/FreeRTOS/Source/tasks.c **** 					/* Now the scheduler is suspended, the expected idle
3302:Middlewares/Third_Party/FreeRTOS/Source/tasks.c **** 					time can be sampled again, and this time its value can
3303:Middlewares/Third_Party/FreeRTOS/Source/tasks.c **** 					be used. */
3304:Middlewares/Third_Party/FreeRTOS/Source/tasks.c **** 					configASSERT( xNextTaskUnblockTime >= xTickCount );
3305:Middlewares/Third_Party/FreeRTOS/Source/tasks.c **** 					xExpectedIdleTime = prvGetExpectedIdleTime();
3306:Middlewares/Third_Party/FreeRTOS/Source/tasks.c **** 
3307:Middlewares/Third_Party/FreeRTOS/Source/tasks.c **** 					/* Define the following macro to set xExpectedIdleTime to 0
3308:Middlewares/Third_Party/FreeRTOS/Source/tasks.c **** 					if the application does not want
3309:Middlewares/Third_Party/FreeRTOS/Source/tasks.c **** 					portSUPPRESS_TICKS_AND_SLEEP() to be called. */
3310:Middlewares/Third_Party/FreeRTOS/Source/tasks.c **** 					configPRE_SUPPRESS_TICKS_AND_SLEEP_PROCESSING( xExpectedIdleTime );
3311:Middlewares/Third_Party/FreeRTOS/Source/tasks.c **** 
3312:Middlewares/Third_Party/FreeRTOS/Source/tasks.c **** 					if( xExpectedIdleTime >= configEXPECTED_IDLE_TIME_BEFORE_SLEEP )
3313:Middlewares/Third_Party/FreeRTOS/Source/tasks.c **** 					{
3314:Middlewares/Third_Party/FreeRTOS/Source/tasks.c **** 						traceLOW_POWER_IDLE_BEGIN();
3315:Middlewares/Third_Party/FreeRTOS/Source/tasks.c **** 						portSUPPRESS_TICKS_AND_SLEEP( xExpectedIdleTime );
3316:Middlewares/Third_Party/FreeRTOS/Source/tasks.c **** 						traceLOW_POWER_IDLE_END();
3317:Middlewares/Third_Party/FreeRTOS/Source/tasks.c **** 					}
3318:Middlewares/Third_Party/FreeRTOS/Source/tasks.c **** 					else
3319:Middlewares/Third_Party/FreeRTOS/Source/tasks.c **** 					{
3320:Middlewares/Third_Party/FreeRTOS/Source/tasks.c **** 						mtCOVERAGE_TEST_MARKER();
ARM GAS  C:\Users\31005\AppData\Local\Temp\ccNQ0Tdy.s 			page 65


3321:Middlewares/Third_Party/FreeRTOS/Source/tasks.c **** 					}
3322:Middlewares/Third_Party/FreeRTOS/Source/tasks.c **** 				}
3323:Middlewares/Third_Party/FreeRTOS/Source/tasks.c **** 				( void ) xTaskResumeAll();
3324:Middlewares/Third_Party/FreeRTOS/Source/tasks.c **** 			}
3325:Middlewares/Third_Party/FreeRTOS/Source/tasks.c **** 			else
3326:Middlewares/Third_Party/FreeRTOS/Source/tasks.c **** 			{
3327:Middlewares/Third_Party/FreeRTOS/Source/tasks.c **** 				mtCOVERAGE_TEST_MARKER();
3328:Middlewares/Third_Party/FreeRTOS/Source/tasks.c **** 			}
3329:Middlewares/Third_Party/FreeRTOS/Source/tasks.c **** 		}
3330:Middlewares/Third_Party/FreeRTOS/Source/tasks.c **** 		#endif /* configUSE_TICKLESS_IDLE */
3331:Middlewares/Third_Party/FreeRTOS/Source/tasks.c **** 	}
3332:Middlewares/Third_Party/FreeRTOS/Source/tasks.c **** }
3333:Middlewares/Third_Party/FreeRTOS/Source/tasks.c **** /*-----------------------------------------------------------*/
3334:Middlewares/Third_Party/FreeRTOS/Source/tasks.c **** 
3335:Middlewares/Third_Party/FreeRTOS/Source/tasks.c **** #if( configUSE_TICKLESS_IDLE != 0 )
3336:Middlewares/Third_Party/FreeRTOS/Source/tasks.c **** 
3337:Middlewares/Third_Party/FreeRTOS/Source/tasks.c **** 	eSleepModeStatus eTaskConfirmSleepModeStatus( void )
3338:Middlewares/Third_Party/FreeRTOS/Source/tasks.c **** 	{
3339:Middlewares/Third_Party/FreeRTOS/Source/tasks.c **** 	/* The idle task exists in addition to the application tasks. */
3340:Middlewares/Third_Party/FreeRTOS/Source/tasks.c **** 	const UBaseType_t uxNonApplicationTasks = 1;
3341:Middlewares/Third_Party/FreeRTOS/Source/tasks.c **** 	eSleepModeStatus eReturn = eStandardSleep;
3342:Middlewares/Third_Party/FreeRTOS/Source/tasks.c **** 
3343:Middlewares/Third_Party/FreeRTOS/Source/tasks.c **** 		if( listCURRENT_LIST_LENGTH( &xPendingReadyList ) != 0 )
3344:Middlewares/Third_Party/FreeRTOS/Source/tasks.c **** 		{
3345:Middlewares/Third_Party/FreeRTOS/Source/tasks.c **** 			/* A task was made ready while the scheduler was suspended. */
3346:Middlewares/Third_Party/FreeRTOS/Source/tasks.c **** 			eReturn = eAbortSleep;
3347:Middlewares/Third_Party/FreeRTOS/Source/tasks.c **** 		}
3348:Middlewares/Third_Party/FreeRTOS/Source/tasks.c **** 		else if( xYieldPending != pdFALSE )
3349:Middlewares/Third_Party/FreeRTOS/Source/tasks.c **** 		{
3350:Middlewares/Third_Party/FreeRTOS/Source/tasks.c **** 			/* A yield was pended while the scheduler was suspended. */
3351:Middlewares/Third_Party/FreeRTOS/Source/tasks.c **** 			eReturn = eAbortSleep;
3352:Middlewares/Third_Party/FreeRTOS/Source/tasks.c **** 		}
3353:Middlewares/Third_Party/FreeRTOS/Source/tasks.c **** 		else
3354:Middlewares/Third_Party/FreeRTOS/Source/tasks.c **** 		{
3355:Middlewares/Third_Party/FreeRTOS/Source/tasks.c **** 			/* If all the tasks are in the suspended list (which might mean they
3356:Middlewares/Third_Party/FreeRTOS/Source/tasks.c **** 			have an infinite block time rather than actually being suspended)
3357:Middlewares/Third_Party/FreeRTOS/Source/tasks.c **** 			then it is safe to turn all clocks off and just wait for external
3358:Middlewares/Third_Party/FreeRTOS/Source/tasks.c **** 			interrupts. */
3359:Middlewares/Third_Party/FreeRTOS/Source/tasks.c **** 			if( listCURRENT_LIST_LENGTH( &xSuspendedTaskList ) == ( uxCurrentNumberOfTasks - uxNonApplicatio
3360:Middlewares/Third_Party/FreeRTOS/Source/tasks.c **** 			{
3361:Middlewares/Third_Party/FreeRTOS/Source/tasks.c **** 				eReturn = eNoTasksWaitingTimeout;
3362:Middlewares/Third_Party/FreeRTOS/Source/tasks.c **** 			}
3363:Middlewares/Third_Party/FreeRTOS/Source/tasks.c **** 			else
3364:Middlewares/Third_Party/FreeRTOS/Source/tasks.c **** 			{
3365:Middlewares/Third_Party/FreeRTOS/Source/tasks.c **** 				mtCOVERAGE_TEST_MARKER();
3366:Middlewares/Third_Party/FreeRTOS/Source/tasks.c **** 			}
3367:Middlewares/Third_Party/FreeRTOS/Source/tasks.c **** 		}
3368:Middlewares/Third_Party/FreeRTOS/Source/tasks.c **** 
3369:Middlewares/Third_Party/FreeRTOS/Source/tasks.c **** 		return eReturn;
3370:Middlewares/Third_Party/FreeRTOS/Source/tasks.c **** 	}
3371:Middlewares/Third_Party/FreeRTOS/Source/tasks.c **** 
3372:Middlewares/Third_Party/FreeRTOS/Source/tasks.c **** #endif /* configUSE_TICKLESS_IDLE */
3373:Middlewares/Third_Party/FreeRTOS/Source/tasks.c **** /*-----------------------------------------------------------*/
3374:Middlewares/Third_Party/FreeRTOS/Source/tasks.c **** 
3375:Middlewares/Third_Party/FreeRTOS/Source/tasks.c **** #if ( configNUM_THREAD_LOCAL_STORAGE_POINTERS != 0 )
3376:Middlewares/Third_Party/FreeRTOS/Source/tasks.c **** 
3377:Middlewares/Third_Party/FreeRTOS/Source/tasks.c **** 	void vTaskSetThreadLocalStoragePointer( TaskHandle_t xTaskToSet, BaseType_t xIndex, void *pvValue 
ARM GAS  C:\Users\31005\AppData\Local\Temp\ccNQ0Tdy.s 			page 66


3378:Middlewares/Third_Party/FreeRTOS/Source/tasks.c **** 	{
3379:Middlewares/Third_Party/FreeRTOS/Source/tasks.c **** 	TCB_t *pxTCB;
3380:Middlewares/Third_Party/FreeRTOS/Source/tasks.c **** 
3381:Middlewares/Third_Party/FreeRTOS/Source/tasks.c **** 		if( xIndex < configNUM_THREAD_LOCAL_STORAGE_POINTERS )
3382:Middlewares/Third_Party/FreeRTOS/Source/tasks.c **** 		{
3383:Middlewares/Third_Party/FreeRTOS/Source/tasks.c **** 			pxTCB = prvGetTCBFromHandle( xTaskToSet );
3384:Middlewares/Third_Party/FreeRTOS/Source/tasks.c **** 			pxTCB->pvThreadLocalStoragePointers[ xIndex ] = pvValue;
3385:Middlewares/Third_Party/FreeRTOS/Source/tasks.c **** 		}
3386:Middlewares/Third_Party/FreeRTOS/Source/tasks.c **** 	}
3387:Middlewares/Third_Party/FreeRTOS/Source/tasks.c **** 
3388:Middlewares/Third_Party/FreeRTOS/Source/tasks.c **** #endif /* configNUM_THREAD_LOCAL_STORAGE_POINTERS */
3389:Middlewares/Third_Party/FreeRTOS/Source/tasks.c **** /*-----------------------------------------------------------*/
3390:Middlewares/Third_Party/FreeRTOS/Source/tasks.c **** 
3391:Middlewares/Third_Party/FreeRTOS/Source/tasks.c **** #if ( configNUM_THREAD_LOCAL_STORAGE_POINTERS != 0 )
3392:Middlewares/Third_Party/FreeRTOS/Source/tasks.c **** 
3393:Middlewares/Third_Party/FreeRTOS/Source/tasks.c **** 	void *pvTaskGetThreadLocalStoragePointer( TaskHandle_t xTaskToQuery, BaseType_t xIndex )
3394:Middlewares/Third_Party/FreeRTOS/Source/tasks.c **** 	{
3395:Middlewares/Third_Party/FreeRTOS/Source/tasks.c **** 	void *pvReturn = NULL;
3396:Middlewares/Third_Party/FreeRTOS/Source/tasks.c **** 	TCB_t *pxTCB;
3397:Middlewares/Third_Party/FreeRTOS/Source/tasks.c **** 
3398:Middlewares/Third_Party/FreeRTOS/Source/tasks.c **** 		if( xIndex < configNUM_THREAD_LOCAL_STORAGE_POINTERS )
3399:Middlewares/Third_Party/FreeRTOS/Source/tasks.c **** 		{
3400:Middlewares/Third_Party/FreeRTOS/Source/tasks.c **** 			pxTCB = prvGetTCBFromHandle( xTaskToQuery );
3401:Middlewares/Third_Party/FreeRTOS/Source/tasks.c **** 			pvReturn = pxTCB->pvThreadLocalStoragePointers[ xIndex ];
3402:Middlewares/Third_Party/FreeRTOS/Source/tasks.c **** 		}
3403:Middlewares/Third_Party/FreeRTOS/Source/tasks.c **** 		else
3404:Middlewares/Third_Party/FreeRTOS/Source/tasks.c **** 		{
3405:Middlewares/Third_Party/FreeRTOS/Source/tasks.c **** 			pvReturn = NULL;
3406:Middlewares/Third_Party/FreeRTOS/Source/tasks.c **** 		}
3407:Middlewares/Third_Party/FreeRTOS/Source/tasks.c **** 
3408:Middlewares/Third_Party/FreeRTOS/Source/tasks.c **** 		return pvReturn;
3409:Middlewares/Third_Party/FreeRTOS/Source/tasks.c **** 	}
3410:Middlewares/Third_Party/FreeRTOS/Source/tasks.c **** 
3411:Middlewares/Third_Party/FreeRTOS/Source/tasks.c **** #endif /* configNUM_THREAD_LOCAL_STORAGE_POINTERS */
3412:Middlewares/Third_Party/FreeRTOS/Source/tasks.c **** /*-----------------------------------------------------------*/
3413:Middlewares/Third_Party/FreeRTOS/Source/tasks.c **** 
3414:Middlewares/Third_Party/FreeRTOS/Source/tasks.c **** #if ( portUSING_MPU_WRAPPERS == 1 )
3415:Middlewares/Third_Party/FreeRTOS/Source/tasks.c **** 
3416:Middlewares/Third_Party/FreeRTOS/Source/tasks.c **** 	void vTaskAllocateMPURegions( TaskHandle_t xTaskToModify, const MemoryRegion_t * const xRegions )
3417:Middlewares/Third_Party/FreeRTOS/Source/tasks.c **** 	{
3418:Middlewares/Third_Party/FreeRTOS/Source/tasks.c **** 	TCB_t *pxTCB;
3419:Middlewares/Third_Party/FreeRTOS/Source/tasks.c **** 
3420:Middlewares/Third_Party/FreeRTOS/Source/tasks.c **** 		/* If null is passed in here then we are modifying the MPU settings of
3421:Middlewares/Third_Party/FreeRTOS/Source/tasks.c **** 		the calling task. */
3422:Middlewares/Third_Party/FreeRTOS/Source/tasks.c **** 		pxTCB = prvGetTCBFromHandle( xTaskToModify );
3423:Middlewares/Third_Party/FreeRTOS/Source/tasks.c **** 
3424:Middlewares/Third_Party/FreeRTOS/Source/tasks.c **** 		vPortStoreTaskMPUSettings( &( pxTCB->xMPUSettings ), xRegions, NULL, 0 );
3425:Middlewares/Third_Party/FreeRTOS/Source/tasks.c **** 	}
3426:Middlewares/Third_Party/FreeRTOS/Source/tasks.c **** 
3427:Middlewares/Third_Party/FreeRTOS/Source/tasks.c **** #endif /* portUSING_MPU_WRAPPERS */
3428:Middlewares/Third_Party/FreeRTOS/Source/tasks.c **** /*-----------------------------------------------------------*/
3429:Middlewares/Third_Party/FreeRTOS/Source/tasks.c **** 
3430:Middlewares/Third_Party/FreeRTOS/Source/tasks.c **** static void prvInitialiseTaskLists( void )
3431:Middlewares/Third_Party/FreeRTOS/Source/tasks.c **** {
3432:Middlewares/Third_Party/FreeRTOS/Source/tasks.c **** UBaseType_t uxPriority;
3433:Middlewares/Third_Party/FreeRTOS/Source/tasks.c **** 
3434:Middlewares/Third_Party/FreeRTOS/Source/tasks.c **** 	for( uxPriority = ( UBaseType_t ) 0U; uxPriority < ( UBaseType_t ) configMAX_PRIORITIES; uxPriorit
ARM GAS  C:\Users\31005\AppData\Local\Temp\ccNQ0Tdy.s 			page 67


3435:Middlewares/Third_Party/FreeRTOS/Source/tasks.c **** 	{
3436:Middlewares/Third_Party/FreeRTOS/Source/tasks.c **** 		vListInitialise( &( pxReadyTasksLists[ uxPriority ] ) );
3437:Middlewares/Third_Party/FreeRTOS/Source/tasks.c **** 	}
3438:Middlewares/Third_Party/FreeRTOS/Source/tasks.c **** 
3439:Middlewares/Third_Party/FreeRTOS/Source/tasks.c **** 	vListInitialise( &xDelayedTaskList1 );
3440:Middlewares/Third_Party/FreeRTOS/Source/tasks.c **** 	vListInitialise( &xDelayedTaskList2 );
3441:Middlewares/Third_Party/FreeRTOS/Source/tasks.c **** 	vListInitialise( &xPendingReadyList );
3442:Middlewares/Third_Party/FreeRTOS/Source/tasks.c **** 
3443:Middlewares/Third_Party/FreeRTOS/Source/tasks.c **** 	#if ( INCLUDE_vTaskDelete == 1 )
3444:Middlewares/Third_Party/FreeRTOS/Source/tasks.c **** 	{
3445:Middlewares/Third_Party/FreeRTOS/Source/tasks.c **** 		vListInitialise( &xTasksWaitingTermination );
3446:Middlewares/Third_Party/FreeRTOS/Source/tasks.c **** 	}
3447:Middlewares/Third_Party/FreeRTOS/Source/tasks.c **** 	#endif /* INCLUDE_vTaskDelete */
3448:Middlewares/Third_Party/FreeRTOS/Source/tasks.c **** 
3449:Middlewares/Third_Party/FreeRTOS/Source/tasks.c **** 	#if ( INCLUDE_vTaskSuspend == 1 )
3450:Middlewares/Third_Party/FreeRTOS/Source/tasks.c **** 	{
3451:Middlewares/Third_Party/FreeRTOS/Source/tasks.c **** 		vListInitialise( &xSuspendedTaskList );
3452:Middlewares/Third_Party/FreeRTOS/Source/tasks.c **** 	}
3453:Middlewares/Third_Party/FreeRTOS/Source/tasks.c **** 	#endif /* INCLUDE_vTaskSuspend */
3454:Middlewares/Third_Party/FreeRTOS/Source/tasks.c **** 
3455:Middlewares/Third_Party/FreeRTOS/Source/tasks.c **** 	/* Start with pxDelayedTaskList using list1 and the pxOverflowDelayedTaskList
3456:Middlewares/Third_Party/FreeRTOS/Source/tasks.c **** 	using list2. */
3457:Middlewares/Third_Party/FreeRTOS/Source/tasks.c **** 	pxDelayedTaskList = &xDelayedTaskList1;
3458:Middlewares/Third_Party/FreeRTOS/Source/tasks.c **** 	pxOverflowDelayedTaskList = &xDelayedTaskList2;
3459:Middlewares/Third_Party/FreeRTOS/Source/tasks.c **** }
3460:Middlewares/Third_Party/FreeRTOS/Source/tasks.c **** /*-----------------------------------------------------------*/
3461:Middlewares/Third_Party/FreeRTOS/Source/tasks.c **** 
3462:Middlewares/Third_Party/FreeRTOS/Source/tasks.c **** static void prvCheckTasksWaitingTermination( void )
3463:Middlewares/Third_Party/FreeRTOS/Source/tasks.c **** {
3464:Middlewares/Third_Party/FreeRTOS/Source/tasks.c **** 
3465:Middlewares/Third_Party/FreeRTOS/Source/tasks.c **** 	/** THIS FUNCTION IS CALLED FROM THE RTOS IDLE TASK **/
3466:Middlewares/Third_Party/FreeRTOS/Source/tasks.c **** 
3467:Middlewares/Third_Party/FreeRTOS/Source/tasks.c **** 	#if ( INCLUDE_vTaskDelete == 1 )
3468:Middlewares/Third_Party/FreeRTOS/Source/tasks.c **** 	{
3469:Middlewares/Third_Party/FreeRTOS/Source/tasks.c **** 		TCB_t *pxTCB;
3470:Middlewares/Third_Party/FreeRTOS/Source/tasks.c **** 
3471:Middlewares/Third_Party/FreeRTOS/Source/tasks.c **** 		/* uxDeletedTasksWaitingCleanUp is used to prevent vTaskSuspendAll()
3472:Middlewares/Third_Party/FreeRTOS/Source/tasks.c **** 		being called too often in the idle task. */
3473:Middlewares/Third_Party/FreeRTOS/Source/tasks.c **** 		while( uxDeletedTasksWaitingCleanUp > ( UBaseType_t ) 0U )
3474:Middlewares/Third_Party/FreeRTOS/Source/tasks.c **** 		{
3475:Middlewares/Third_Party/FreeRTOS/Source/tasks.c **** 			taskENTER_CRITICAL();
3476:Middlewares/Third_Party/FreeRTOS/Source/tasks.c **** 			{
3477:Middlewares/Third_Party/FreeRTOS/Source/tasks.c **** 				pxTCB = ( TCB_t * ) listGET_OWNER_OF_HEAD_ENTRY( ( &xTasksWaitingTermination ) );
3478:Middlewares/Third_Party/FreeRTOS/Source/tasks.c **** 				( void ) uxListRemove( &( pxTCB->xStateListItem ) );
3479:Middlewares/Third_Party/FreeRTOS/Source/tasks.c **** 				--uxCurrentNumberOfTasks;
3480:Middlewares/Third_Party/FreeRTOS/Source/tasks.c **** 				--uxDeletedTasksWaitingCleanUp;
3481:Middlewares/Third_Party/FreeRTOS/Source/tasks.c **** 			}
3482:Middlewares/Third_Party/FreeRTOS/Source/tasks.c **** 			taskEXIT_CRITICAL();
3483:Middlewares/Third_Party/FreeRTOS/Source/tasks.c **** 
3484:Middlewares/Third_Party/FreeRTOS/Source/tasks.c **** 			prvDeleteTCB( pxTCB );
3485:Middlewares/Third_Party/FreeRTOS/Source/tasks.c **** 		}
3486:Middlewares/Third_Party/FreeRTOS/Source/tasks.c **** 	}
3487:Middlewares/Third_Party/FreeRTOS/Source/tasks.c **** 	#endif /* INCLUDE_vTaskDelete */
3488:Middlewares/Third_Party/FreeRTOS/Source/tasks.c **** }
3489:Middlewares/Third_Party/FreeRTOS/Source/tasks.c **** /*-----------------------------------------------------------*/
3490:Middlewares/Third_Party/FreeRTOS/Source/tasks.c **** 
3491:Middlewares/Third_Party/FreeRTOS/Source/tasks.c **** #if( configUSE_TRACE_FACILITY == 1 )
ARM GAS  C:\Users\31005\AppData\Local\Temp\ccNQ0Tdy.s 			page 68


3492:Middlewares/Third_Party/FreeRTOS/Source/tasks.c **** 
3493:Middlewares/Third_Party/FreeRTOS/Source/tasks.c **** 	void vTaskGetInfo( TaskHandle_t xTask, TaskStatus_t *pxTaskStatus, BaseType_t xGetFreeStackSpace, 
3494:Middlewares/Third_Party/FreeRTOS/Source/tasks.c **** 	{
3495:Middlewares/Third_Party/FreeRTOS/Source/tasks.c **** 	TCB_t *pxTCB;
3496:Middlewares/Third_Party/FreeRTOS/Source/tasks.c **** 
3497:Middlewares/Third_Party/FreeRTOS/Source/tasks.c **** 		/* xTask is NULL then get the state of the calling task. */
3498:Middlewares/Third_Party/FreeRTOS/Source/tasks.c **** 		pxTCB = prvGetTCBFromHandle( xTask );
3499:Middlewares/Third_Party/FreeRTOS/Source/tasks.c **** 
3500:Middlewares/Third_Party/FreeRTOS/Source/tasks.c **** 		pxTaskStatus->xHandle = ( TaskHandle_t ) pxTCB;
3501:Middlewares/Third_Party/FreeRTOS/Source/tasks.c **** 		pxTaskStatus->pcTaskName = ( const char * ) &( pxTCB->pcTaskName [ 0 ] );
3502:Middlewares/Third_Party/FreeRTOS/Source/tasks.c **** 		pxTaskStatus->uxCurrentPriority = pxTCB->uxPriority;
3503:Middlewares/Third_Party/FreeRTOS/Source/tasks.c **** 		pxTaskStatus->pxStackBase = pxTCB->pxStack;
3504:Middlewares/Third_Party/FreeRTOS/Source/tasks.c **** 		pxTaskStatus->xTaskNumber = pxTCB->uxTCBNumber;
3505:Middlewares/Third_Party/FreeRTOS/Source/tasks.c **** 
3506:Middlewares/Third_Party/FreeRTOS/Source/tasks.c **** 		#if ( configUSE_MUTEXES == 1 )
3507:Middlewares/Third_Party/FreeRTOS/Source/tasks.c **** 		{
3508:Middlewares/Third_Party/FreeRTOS/Source/tasks.c **** 			pxTaskStatus->uxBasePriority = pxTCB->uxBasePriority;
3509:Middlewares/Third_Party/FreeRTOS/Source/tasks.c **** 		}
3510:Middlewares/Third_Party/FreeRTOS/Source/tasks.c **** 		#else
3511:Middlewares/Third_Party/FreeRTOS/Source/tasks.c **** 		{
3512:Middlewares/Third_Party/FreeRTOS/Source/tasks.c **** 			pxTaskStatus->uxBasePriority = 0;
3513:Middlewares/Third_Party/FreeRTOS/Source/tasks.c **** 		}
3514:Middlewares/Third_Party/FreeRTOS/Source/tasks.c **** 		#endif
3515:Middlewares/Third_Party/FreeRTOS/Source/tasks.c **** 
3516:Middlewares/Third_Party/FreeRTOS/Source/tasks.c **** 		#if ( configGENERATE_RUN_TIME_STATS == 1 )
3517:Middlewares/Third_Party/FreeRTOS/Source/tasks.c **** 		{
3518:Middlewares/Third_Party/FreeRTOS/Source/tasks.c **** 			pxTaskStatus->ulRunTimeCounter = pxTCB->ulRunTimeCounter;
3519:Middlewares/Third_Party/FreeRTOS/Source/tasks.c **** 		}
3520:Middlewares/Third_Party/FreeRTOS/Source/tasks.c **** 		#else
3521:Middlewares/Third_Party/FreeRTOS/Source/tasks.c **** 		{
3522:Middlewares/Third_Party/FreeRTOS/Source/tasks.c **** 			pxTaskStatus->ulRunTimeCounter = 0;
3523:Middlewares/Third_Party/FreeRTOS/Source/tasks.c **** 		}
3524:Middlewares/Third_Party/FreeRTOS/Source/tasks.c **** 		#endif
3525:Middlewares/Third_Party/FreeRTOS/Source/tasks.c **** 
3526:Middlewares/Third_Party/FreeRTOS/Source/tasks.c **** 		/* Obtaining the task state is a little fiddly, so is only done if the
3527:Middlewares/Third_Party/FreeRTOS/Source/tasks.c **** 		value of eState passed into this function is eInvalid - otherwise the
3528:Middlewares/Third_Party/FreeRTOS/Source/tasks.c **** 		state is just set to whatever is passed in. */
3529:Middlewares/Third_Party/FreeRTOS/Source/tasks.c **** 		if( eState != eInvalid )
3530:Middlewares/Third_Party/FreeRTOS/Source/tasks.c **** 		{
3531:Middlewares/Third_Party/FreeRTOS/Source/tasks.c **** 			if( pxTCB == pxCurrentTCB )
3532:Middlewares/Third_Party/FreeRTOS/Source/tasks.c **** 			{
3533:Middlewares/Third_Party/FreeRTOS/Source/tasks.c **** 				pxTaskStatus->eCurrentState = eRunning;
3534:Middlewares/Third_Party/FreeRTOS/Source/tasks.c **** 			}
3535:Middlewares/Third_Party/FreeRTOS/Source/tasks.c **** 			else
3536:Middlewares/Third_Party/FreeRTOS/Source/tasks.c **** 			{
3537:Middlewares/Third_Party/FreeRTOS/Source/tasks.c **** 				pxTaskStatus->eCurrentState = eState;
3538:Middlewares/Third_Party/FreeRTOS/Source/tasks.c **** 
3539:Middlewares/Third_Party/FreeRTOS/Source/tasks.c **** 				#if ( INCLUDE_vTaskSuspend == 1 )
3540:Middlewares/Third_Party/FreeRTOS/Source/tasks.c **** 				{
3541:Middlewares/Third_Party/FreeRTOS/Source/tasks.c **** 					/* If the task is in the suspended list then there is a
3542:Middlewares/Third_Party/FreeRTOS/Source/tasks.c **** 					chance it is actually just blocked indefinitely - so really
3543:Middlewares/Third_Party/FreeRTOS/Source/tasks.c **** 					it should be reported as being in the Blocked state. */
3544:Middlewares/Third_Party/FreeRTOS/Source/tasks.c **** 					if( eState == eSuspended )
3545:Middlewares/Third_Party/FreeRTOS/Source/tasks.c **** 					{
3546:Middlewares/Third_Party/FreeRTOS/Source/tasks.c **** 						vTaskSuspendAll();
3547:Middlewares/Third_Party/FreeRTOS/Source/tasks.c **** 						{
3548:Middlewares/Third_Party/FreeRTOS/Source/tasks.c **** 							if( listLIST_ITEM_CONTAINER( &( pxTCB->xEventListItem ) ) != NULL )
ARM GAS  C:\Users\31005\AppData\Local\Temp\ccNQ0Tdy.s 			page 69


3549:Middlewares/Third_Party/FreeRTOS/Source/tasks.c **** 							{
3550:Middlewares/Third_Party/FreeRTOS/Source/tasks.c **** 								pxTaskStatus->eCurrentState = eBlocked;
3551:Middlewares/Third_Party/FreeRTOS/Source/tasks.c **** 							}
3552:Middlewares/Third_Party/FreeRTOS/Source/tasks.c **** 						}
3553:Middlewares/Third_Party/FreeRTOS/Source/tasks.c **** 						( void ) xTaskResumeAll();
3554:Middlewares/Third_Party/FreeRTOS/Source/tasks.c **** 					}
3555:Middlewares/Third_Party/FreeRTOS/Source/tasks.c **** 				}
3556:Middlewares/Third_Party/FreeRTOS/Source/tasks.c **** 				#endif /* INCLUDE_vTaskSuspend */
3557:Middlewares/Third_Party/FreeRTOS/Source/tasks.c **** 			}
3558:Middlewares/Third_Party/FreeRTOS/Source/tasks.c **** 		}
3559:Middlewares/Third_Party/FreeRTOS/Source/tasks.c **** 		else
3560:Middlewares/Third_Party/FreeRTOS/Source/tasks.c **** 		{
3561:Middlewares/Third_Party/FreeRTOS/Source/tasks.c **** 			pxTaskStatus->eCurrentState = eTaskGetState( pxTCB );
3562:Middlewares/Third_Party/FreeRTOS/Source/tasks.c **** 		}
3563:Middlewares/Third_Party/FreeRTOS/Source/tasks.c **** 
3564:Middlewares/Third_Party/FreeRTOS/Source/tasks.c **** 		/* Obtaining the stack space takes some time, so the xGetFreeStackSpace
3565:Middlewares/Third_Party/FreeRTOS/Source/tasks.c **** 		parameter is provided to allow it to be skipped. */
3566:Middlewares/Third_Party/FreeRTOS/Source/tasks.c **** 		if( xGetFreeStackSpace != pdFALSE )
3567:Middlewares/Third_Party/FreeRTOS/Source/tasks.c **** 		{
3568:Middlewares/Third_Party/FreeRTOS/Source/tasks.c **** 			#if ( portSTACK_GROWTH > 0 )
3569:Middlewares/Third_Party/FreeRTOS/Source/tasks.c **** 			{
3570:Middlewares/Third_Party/FreeRTOS/Source/tasks.c **** 				pxTaskStatus->usStackHighWaterMark = prvTaskCheckFreeStackSpace( ( uint8_t * ) pxTCB->pxEndOfSt
3571:Middlewares/Third_Party/FreeRTOS/Source/tasks.c **** 			}
3572:Middlewares/Third_Party/FreeRTOS/Source/tasks.c **** 			#else
3573:Middlewares/Third_Party/FreeRTOS/Source/tasks.c **** 			{
3574:Middlewares/Third_Party/FreeRTOS/Source/tasks.c **** 				pxTaskStatus->usStackHighWaterMark = prvTaskCheckFreeStackSpace( ( uint8_t * ) pxTCB->pxStack )
3575:Middlewares/Third_Party/FreeRTOS/Source/tasks.c **** 			}
3576:Middlewares/Third_Party/FreeRTOS/Source/tasks.c **** 			#endif
3577:Middlewares/Third_Party/FreeRTOS/Source/tasks.c **** 		}
3578:Middlewares/Third_Party/FreeRTOS/Source/tasks.c **** 		else
3579:Middlewares/Third_Party/FreeRTOS/Source/tasks.c **** 		{
3580:Middlewares/Third_Party/FreeRTOS/Source/tasks.c **** 			pxTaskStatus->usStackHighWaterMark = 0;
3581:Middlewares/Third_Party/FreeRTOS/Source/tasks.c **** 		}
3582:Middlewares/Third_Party/FreeRTOS/Source/tasks.c **** 	}
3583:Middlewares/Third_Party/FreeRTOS/Source/tasks.c **** 
3584:Middlewares/Third_Party/FreeRTOS/Source/tasks.c **** #endif /* configUSE_TRACE_FACILITY */
3585:Middlewares/Third_Party/FreeRTOS/Source/tasks.c **** /*-----------------------------------------------------------*/
3586:Middlewares/Third_Party/FreeRTOS/Source/tasks.c **** 
3587:Middlewares/Third_Party/FreeRTOS/Source/tasks.c **** #if ( configUSE_TRACE_FACILITY == 1 )
3588:Middlewares/Third_Party/FreeRTOS/Source/tasks.c **** 
3589:Middlewares/Third_Party/FreeRTOS/Source/tasks.c **** 	static UBaseType_t prvListTasksWithinSingleList( TaskStatus_t *pxTaskStatusArray, List_t *pxList, 
3590:Middlewares/Third_Party/FreeRTOS/Source/tasks.c **** 	{
3591:Middlewares/Third_Party/FreeRTOS/Source/tasks.c **** 	configLIST_VOLATILE TCB_t *pxNextTCB, *pxFirstTCB;
3592:Middlewares/Third_Party/FreeRTOS/Source/tasks.c **** 	UBaseType_t uxTask = 0;
3593:Middlewares/Third_Party/FreeRTOS/Source/tasks.c **** 
3594:Middlewares/Third_Party/FreeRTOS/Source/tasks.c **** 		if( listCURRENT_LIST_LENGTH( pxList ) > ( UBaseType_t ) 0 )
3595:Middlewares/Third_Party/FreeRTOS/Source/tasks.c **** 		{
3596:Middlewares/Third_Party/FreeRTOS/Source/tasks.c **** 			listGET_OWNER_OF_NEXT_ENTRY( pxFirstTCB, pxList );
3597:Middlewares/Third_Party/FreeRTOS/Source/tasks.c **** 
3598:Middlewares/Third_Party/FreeRTOS/Source/tasks.c **** 			/* Populate an TaskStatus_t structure within the
3599:Middlewares/Third_Party/FreeRTOS/Source/tasks.c **** 			pxTaskStatusArray array for each task that is referenced from
3600:Middlewares/Third_Party/FreeRTOS/Source/tasks.c **** 			pxList.  See the definition of TaskStatus_t in task.h for the
3601:Middlewares/Third_Party/FreeRTOS/Source/tasks.c **** 			meaning of each TaskStatus_t structure member. */
3602:Middlewares/Third_Party/FreeRTOS/Source/tasks.c **** 			do
3603:Middlewares/Third_Party/FreeRTOS/Source/tasks.c **** 			{
3604:Middlewares/Third_Party/FreeRTOS/Source/tasks.c **** 				listGET_OWNER_OF_NEXT_ENTRY( pxNextTCB, pxList );
3605:Middlewares/Third_Party/FreeRTOS/Source/tasks.c **** 				vTaskGetInfo( ( TaskHandle_t ) pxNextTCB, &( pxTaskStatusArray[ uxTask ] ), pdTRUE, eState );
ARM GAS  C:\Users\31005\AppData\Local\Temp\ccNQ0Tdy.s 			page 70


3606:Middlewares/Third_Party/FreeRTOS/Source/tasks.c **** 				uxTask++;
3607:Middlewares/Third_Party/FreeRTOS/Source/tasks.c **** 			} while( pxNextTCB != pxFirstTCB );
3608:Middlewares/Third_Party/FreeRTOS/Source/tasks.c **** 		}
3609:Middlewares/Third_Party/FreeRTOS/Source/tasks.c **** 		else
3610:Middlewares/Third_Party/FreeRTOS/Source/tasks.c **** 		{
3611:Middlewares/Third_Party/FreeRTOS/Source/tasks.c **** 			mtCOVERAGE_TEST_MARKER();
3612:Middlewares/Third_Party/FreeRTOS/Source/tasks.c **** 		}
3613:Middlewares/Third_Party/FreeRTOS/Source/tasks.c **** 
3614:Middlewares/Third_Party/FreeRTOS/Source/tasks.c **** 		return uxTask;
3615:Middlewares/Third_Party/FreeRTOS/Source/tasks.c **** 	}
3616:Middlewares/Third_Party/FreeRTOS/Source/tasks.c **** 
3617:Middlewares/Third_Party/FreeRTOS/Source/tasks.c **** #endif /* configUSE_TRACE_FACILITY */
3618:Middlewares/Third_Party/FreeRTOS/Source/tasks.c **** /*-----------------------------------------------------------*/
3619:Middlewares/Third_Party/FreeRTOS/Source/tasks.c **** 
3620:Middlewares/Third_Party/FreeRTOS/Source/tasks.c **** #if ( ( configUSE_TRACE_FACILITY == 1 ) || ( INCLUDE_uxTaskGetStackHighWaterMark == 1 ) )
3621:Middlewares/Third_Party/FreeRTOS/Source/tasks.c **** 
3622:Middlewares/Third_Party/FreeRTOS/Source/tasks.c **** 	static uint16_t prvTaskCheckFreeStackSpace( const uint8_t * pucStackByte )
3623:Middlewares/Third_Party/FreeRTOS/Source/tasks.c **** 	{
 128              		.loc 1 3623 2 is_stmt 1 view -0
 129              		.cfi_startproc
 130              		@ args = 0, pretend = 0, frame = 0
 131              		@ frame_needed = 0, uses_anonymous_args = 0
 132              		@ link register save eliminated.
3624:Middlewares/Third_Party/FreeRTOS/Source/tasks.c **** 	uint32_t ulCount = 0U;
 133              		.loc 1 3624 2 view .LVU31
3625:Middlewares/Third_Party/FreeRTOS/Source/tasks.c **** 
3626:Middlewares/Third_Party/FreeRTOS/Source/tasks.c **** 		while( *pucStackByte == ( uint8_t ) tskSTACK_FILL_BYTE )
 134              		.loc 1 3626 3 view .LVU32
3624:Middlewares/Third_Party/FreeRTOS/Source/tasks.c **** 	uint32_t ulCount = 0U;
 135              		.loc 1 3624 11 is_stmt 0 view .LVU33
 136 0000 0023     		movs	r3, #0
 137              		.loc 1 3626 8 view .LVU34
 138 0002 01E0     		b	.L13
 139              	.LVL10:
 140              	.L14:
3627:Middlewares/Third_Party/FreeRTOS/Source/tasks.c **** 		{
3628:Middlewares/Third_Party/FreeRTOS/Source/tasks.c **** 			pucStackByte -= portSTACK_GROWTH;
 141              		.loc 1 3628 4 is_stmt 1 view .LVU35
 142              		.loc 1 3628 17 is_stmt 0 view .LVU36
 143 0004 0130     		adds	r0, r0, #1
 144              	.LVL11:
3629:Middlewares/Third_Party/FreeRTOS/Source/tasks.c **** 			ulCount++;
 145              		.loc 1 3629 4 is_stmt 1 view .LVU37
 146              		.loc 1 3629 11 is_stmt 0 view .LVU38
 147 0006 0133     		adds	r3, r3, #1
 148              	.LVL12:
 149              	.L13:
3626:Middlewares/Third_Party/FreeRTOS/Source/tasks.c **** 		{
 150              		.loc 1 3626 24 is_stmt 1 view .LVU39
3626:Middlewares/Third_Party/FreeRTOS/Source/tasks.c **** 		{
 151              		.loc 1 3626 10 is_stmt 0 view .LVU40
 152 0008 0278     		ldrb	r2, [r0]	@ zero_extendqisi2
3626:Middlewares/Third_Party/FreeRTOS/Source/tasks.c **** 		{
 153              		.loc 1 3626 24 view .LVU41
 154 000a A52A     		cmp	r2, #165
 155 000c FAD0     		beq	.L14
3630:Middlewares/Third_Party/FreeRTOS/Source/tasks.c **** 		}
ARM GAS  C:\Users\31005\AppData\Local\Temp\ccNQ0Tdy.s 			page 71


3631:Middlewares/Third_Party/FreeRTOS/Source/tasks.c **** 
3632:Middlewares/Third_Party/FreeRTOS/Source/tasks.c **** 		ulCount /= ( uint32_t ) sizeof( StackType_t ); /*lint !e961 Casting is not redundant on smaller a
 156              		.loc 1 3632 3 is_stmt 1 view .LVU42
 157              	.LVL13:
3633:Middlewares/Third_Party/FreeRTOS/Source/tasks.c **** 
3634:Middlewares/Third_Party/FreeRTOS/Source/tasks.c **** 		return ( uint16_t ) ulCount;
 158              		.loc 1 3634 3 view .LVU43
3635:Middlewares/Third_Party/FreeRTOS/Source/tasks.c **** 	}
 159              		.loc 1 3635 2 is_stmt 0 view .LVU44
 160 000e C3F38F00 		ubfx	r0, r3, #2, #16
 161              	.LVL14:
 162              		.loc 1 3635 2 view .LVU45
 163 0012 7047     		bx	lr
 164              		.cfi_endproc
 165              	.LFE46:
 167              		.section	.text.prvResetNextTaskUnblockTime,"ax",%progbits
 168              		.align	1
 169              		.syntax unified
 170              		.thumb
 171              		.thumb_func
 173              	prvResetNextTaskUnblockTime:
 174              	.LFB49:
3636:Middlewares/Third_Party/FreeRTOS/Source/tasks.c **** 
3637:Middlewares/Third_Party/FreeRTOS/Source/tasks.c **** #endif /* ( ( configUSE_TRACE_FACILITY == 1 ) || ( INCLUDE_uxTaskGetStackHighWaterMark == 1 ) ) */
3638:Middlewares/Third_Party/FreeRTOS/Source/tasks.c **** /*-----------------------------------------------------------*/
3639:Middlewares/Third_Party/FreeRTOS/Source/tasks.c **** 
3640:Middlewares/Third_Party/FreeRTOS/Source/tasks.c **** #if ( INCLUDE_uxTaskGetStackHighWaterMark == 1 )
3641:Middlewares/Third_Party/FreeRTOS/Source/tasks.c **** 
3642:Middlewares/Third_Party/FreeRTOS/Source/tasks.c **** 	UBaseType_t uxTaskGetStackHighWaterMark( TaskHandle_t xTask )
3643:Middlewares/Third_Party/FreeRTOS/Source/tasks.c **** 	{
3644:Middlewares/Third_Party/FreeRTOS/Source/tasks.c **** 	TCB_t *pxTCB;
3645:Middlewares/Third_Party/FreeRTOS/Source/tasks.c **** 	uint8_t *pucEndOfStack;
3646:Middlewares/Third_Party/FreeRTOS/Source/tasks.c **** 	UBaseType_t uxReturn;
3647:Middlewares/Third_Party/FreeRTOS/Source/tasks.c **** 
3648:Middlewares/Third_Party/FreeRTOS/Source/tasks.c **** 		pxTCB = prvGetTCBFromHandle( xTask );
3649:Middlewares/Third_Party/FreeRTOS/Source/tasks.c **** 
3650:Middlewares/Third_Party/FreeRTOS/Source/tasks.c **** 		#if portSTACK_GROWTH < 0
3651:Middlewares/Third_Party/FreeRTOS/Source/tasks.c **** 		{
3652:Middlewares/Third_Party/FreeRTOS/Source/tasks.c **** 			pucEndOfStack = ( uint8_t * ) pxTCB->pxStack;
3653:Middlewares/Third_Party/FreeRTOS/Source/tasks.c **** 		}
3654:Middlewares/Third_Party/FreeRTOS/Source/tasks.c **** 		#else
3655:Middlewares/Third_Party/FreeRTOS/Source/tasks.c **** 		{
3656:Middlewares/Third_Party/FreeRTOS/Source/tasks.c **** 			pucEndOfStack = ( uint8_t * ) pxTCB->pxEndOfStack;
3657:Middlewares/Third_Party/FreeRTOS/Source/tasks.c **** 		}
3658:Middlewares/Third_Party/FreeRTOS/Source/tasks.c **** 		#endif
3659:Middlewares/Third_Party/FreeRTOS/Source/tasks.c **** 
3660:Middlewares/Third_Party/FreeRTOS/Source/tasks.c **** 		uxReturn = ( UBaseType_t ) prvTaskCheckFreeStackSpace( pucEndOfStack );
3661:Middlewares/Third_Party/FreeRTOS/Source/tasks.c **** 
3662:Middlewares/Third_Party/FreeRTOS/Source/tasks.c **** 		return uxReturn;
3663:Middlewares/Third_Party/FreeRTOS/Source/tasks.c **** 	}
3664:Middlewares/Third_Party/FreeRTOS/Source/tasks.c **** 
3665:Middlewares/Third_Party/FreeRTOS/Source/tasks.c **** #endif /* INCLUDE_uxTaskGetStackHighWaterMark */
3666:Middlewares/Third_Party/FreeRTOS/Source/tasks.c **** /*-----------------------------------------------------------*/
3667:Middlewares/Third_Party/FreeRTOS/Source/tasks.c **** 
3668:Middlewares/Third_Party/FreeRTOS/Source/tasks.c **** #if ( INCLUDE_vTaskDelete == 1 )
3669:Middlewares/Third_Party/FreeRTOS/Source/tasks.c **** 
3670:Middlewares/Third_Party/FreeRTOS/Source/tasks.c **** 	static void prvDeleteTCB( TCB_t *pxTCB )
ARM GAS  C:\Users\31005\AppData\Local\Temp\ccNQ0Tdy.s 			page 72


3671:Middlewares/Third_Party/FreeRTOS/Source/tasks.c **** 	{
3672:Middlewares/Third_Party/FreeRTOS/Source/tasks.c **** 		/* This call is required specifically for the TriCore port.  It must be
3673:Middlewares/Third_Party/FreeRTOS/Source/tasks.c **** 		above the vPortFree() calls.  The call is also used by ports/demos that
3674:Middlewares/Third_Party/FreeRTOS/Source/tasks.c **** 		want to allocate and clean RAM statically. */
3675:Middlewares/Third_Party/FreeRTOS/Source/tasks.c **** 		portCLEAN_UP_TCB( pxTCB );
3676:Middlewares/Third_Party/FreeRTOS/Source/tasks.c **** 
3677:Middlewares/Third_Party/FreeRTOS/Source/tasks.c **** 		/* Free up the memory allocated by the scheduler for the task.  It is up
3678:Middlewares/Third_Party/FreeRTOS/Source/tasks.c **** 		to the task to free any memory allocated at the application level. */
3679:Middlewares/Third_Party/FreeRTOS/Source/tasks.c **** 		#if ( configUSE_NEWLIB_REENTRANT == 1 )
3680:Middlewares/Third_Party/FreeRTOS/Source/tasks.c **** 		{
3681:Middlewares/Third_Party/FreeRTOS/Source/tasks.c **** 			_reclaim_reent( &( pxTCB->xNewLib_reent ) );
3682:Middlewares/Third_Party/FreeRTOS/Source/tasks.c **** 		}
3683:Middlewares/Third_Party/FreeRTOS/Source/tasks.c **** 		#endif /* configUSE_NEWLIB_REENTRANT */
3684:Middlewares/Third_Party/FreeRTOS/Source/tasks.c **** 
3685:Middlewares/Third_Party/FreeRTOS/Source/tasks.c **** 		#if( ( configSUPPORT_DYNAMIC_ALLOCATION == 1 ) && ( configSUPPORT_STATIC_ALLOCATION == 0 ) && ( p
3686:Middlewares/Third_Party/FreeRTOS/Source/tasks.c **** 		{
3687:Middlewares/Third_Party/FreeRTOS/Source/tasks.c **** 			/* The task can only have been allocated dynamically - free both
3688:Middlewares/Third_Party/FreeRTOS/Source/tasks.c **** 			the stack and TCB. */
3689:Middlewares/Third_Party/FreeRTOS/Source/tasks.c **** 			vPortFree( pxTCB->pxStack );
3690:Middlewares/Third_Party/FreeRTOS/Source/tasks.c **** 			vPortFree( pxTCB );
3691:Middlewares/Third_Party/FreeRTOS/Source/tasks.c **** 		}
3692:Middlewares/Third_Party/FreeRTOS/Source/tasks.c **** 		#elif( tskSTATIC_AND_DYNAMIC_ALLOCATION_POSSIBLE != 0 ) /*lint !e731 Macro has been consolidated 
3693:Middlewares/Third_Party/FreeRTOS/Source/tasks.c **** 		{
3694:Middlewares/Third_Party/FreeRTOS/Source/tasks.c **** 			/* The task could have been allocated statically or dynamically, so
3695:Middlewares/Third_Party/FreeRTOS/Source/tasks.c **** 			check what was statically allocated before trying to free the
3696:Middlewares/Third_Party/FreeRTOS/Source/tasks.c **** 			memory. */
3697:Middlewares/Third_Party/FreeRTOS/Source/tasks.c **** 			if( pxTCB->ucStaticallyAllocated == tskDYNAMICALLY_ALLOCATED_STACK_AND_TCB )
3698:Middlewares/Third_Party/FreeRTOS/Source/tasks.c **** 			{
3699:Middlewares/Third_Party/FreeRTOS/Source/tasks.c **** 				/* Both the stack and TCB were allocated dynamically, so both
3700:Middlewares/Third_Party/FreeRTOS/Source/tasks.c **** 				must be freed. */
3701:Middlewares/Third_Party/FreeRTOS/Source/tasks.c **** 				vPortFree( pxTCB->pxStack );
3702:Middlewares/Third_Party/FreeRTOS/Source/tasks.c **** 				vPortFree( pxTCB );
3703:Middlewares/Third_Party/FreeRTOS/Source/tasks.c **** 			}
3704:Middlewares/Third_Party/FreeRTOS/Source/tasks.c **** 			else if( pxTCB->ucStaticallyAllocated == tskSTATICALLY_ALLOCATED_STACK_ONLY )
3705:Middlewares/Third_Party/FreeRTOS/Source/tasks.c **** 			{
3706:Middlewares/Third_Party/FreeRTOS/Source/tasks.c **** 				/* Only the stack was statically allocated, so the TCB is the
3707:Middlewares/Third_Party/FreeRTOS/Source/tasks.c **** 				only memory that must be freed. */
3708:Middlewares/Third_Party/FreeRTOS/Source/tasks.c **** 				vPortFree( pxTCB );
3709:Middlewares/Third_Party/FreeRTOS/Source/tasks.c **** 			}
3710:Middlewares/Third_Party/FreeRTOS/Source/tasks.c **** 			else
3711:Middlewares/Third_Party/FreeRTOS/Source/tasks.c **** 			{
3712:Middlewares/Third_Party/FreeRTOS/Source/tasks.c **** 				/* Neither the stack nor the TCB were allocated dynamically, so
3713:Middlewares/Third_Party/FreeRTOS/Source/tasks.c **** 				nothing needs to be freed. */
3714:Middlewares/Third_Party/FreeRTOS/Source/tasks.c **** 				configASSERT( pxTCB->ucStaticallyAllocated == tskSTATICALLY_ALLOCATED_STACK_AND_TCB	);
3715:Middlewares/Third_Party/FreeRTOS/Source/tasks.c **** 				mtCOVERAGE_TEST_MARKER();
3716:Middlewares/Third_Party/FreeRTOS/Source/tasks.c **** 			}
3717:Middlewares/Third_Party/FreeRTOS/Source/tasks.c **** 		}
3718:Middlewares/Third_Party/FreeRTOS/Source/tasks.c **** 		#endif /* configSUPPORT_DYNAMIC_ALLOCATION */
3719:Middlewares/Third_Party/FreeRTOS/Source/tasks.c **** 	}
3720:Middlewares/Third_Party/FreeRTOS/Source/tasks.c **** 
3721:Middlewares/Third_Party/FreeRTOS/Source/tasks.c **** #endif /* INCLUDE_vTaskDelete */
3722:Middlewares/Third_Party/FreeRTOS/Source/tasks.c **** /*-----------------------------------------------------------*/
3723:Middlewares/Third_Party/FreeRTOS/Source/tasks.c **** 
3724:Middlewares/Third_Party/FreeRTOS/Source/tasks.c **** static void prvResetNextTaskUnblockTime( void )
3725:Middlewares/Third_Party/FreeRTOS/Source/tasks.c **** {
 175              		.loc 1 3725 1 is_stmt 1 view -0
 176              		.cfi_startproc
ARM GAS  C:\Users\31005\AppData\Local\Temp\ccNQ0Tdy.s 			page 73


 177              		@ args = 0, pretend = 0, frame = 0
 178              		@ frame_needed = 0, uses_anonymous_args = 0
 179              		@ link register save eliminated.
3726:Middlewares/Third_Party/FreeRTOS/Source/tasks.c **** TCB_t *pxTCB;
 180              		.loc 1 3726 1 view .LVU47
3727:Middlewares/Third_Party/FreeRTOS/Source/tasks.c **** 
3728:Middlewares/Third_Party/FreeRTOS/Source/tasks.c **** 	if( listLIST_IS_EMPTY( pxDelayedTaskList ) != pdFALSE )
 181              		.loc 1 3728 2 view .LVU48
 182              		.loc 1 3728 6 is_stmt 0 view .LVU49
 183 0000 084B     		ldr	r3, .L18
 184 0002 1B68     		ldr	r3, [r3]
 185 0004 1B68     		ldr	r3, [r3]
 186              		.loc 1 3728 45 view .LVU50
 187 0006 23B9     		cbnz	r3, .L16
3729:Middlewares/Third_Party/FreeRTOS/Source/tasks.c **** 	{
3730:Middlewares/Third_Party/FreeRTOS/Source/tasks.c **** 		/* The new current delayed list is empty.  Set xNextTaskUnblockTime to
3731:Middlewares/Third_Party/FreeRTOS/Source/tasks.c **** 		the maximum possible value so it is	extremely unlikely that the
3732:Middlewares/Third_Party/FreeRTOS/Source/tasks.c **** 		if( xTickCount >= xNextTaskUnblockTime ) test will pass until
3733:Middlewares/Third_Party/FreeRTOS/Source/tasks.c **** 		there is an item in the delayed list. */
3734:Middlewares/Third_Party/FreeRTOS/Source/tasks.c **** 		xNextTaskUnblockTime = portMAX_DELAY;
 188              		.loc 1 3734 3 is_stmt 1 view .LVU51
 189              		.loc 1 3734 24 is_stmt 0 view .LVU52
 190 0008 074B     		ldr	r3, .L18+4
 191 000a 4FF0FF32 		mov	r2, #-1
 192 000e 1A60     		str	r2, [r3]
 193 0010 7047     		bx	lr
 194              	.L16:
3735:Middlewares/Third_Party/FreeRTOS/Source/tasks.c **** 	}
3736:Middlewares/Third_Party/FreeRTOS/Source/tasks.c **** 	else
3737:Middlewares/Third_Party/FreeRTOS/Source/tasks.c **** 	{
3738:Middlewares/Third_Party/FreeRTOS/Source/tasks.c **** 		/* The new current delayed list is not empty, get the value of
3739:Middlewares/Third_Party/FreeRTOS/Source/tasks.c **** 		the item at the head of the delayed list.  This is the time at
3740:Middlewares/Third_Party/FreeRTOS/Source/tasks.c **** 		which the task at the head of the delayed list should be removed
3741:Middlewares/Third_Party/FreeRTOS/Source/tasks.c **** 		from the Blocked state. */
3742:Middlewares/Third_Party/FreeRTOS/Source/tasks.c **** 		( pxTCB ) = ( TCB_t * ) listGET_OWNER_OF_HEAD_ENTRY( pxDelayedTaskList );
 195              		.loc 1 3742 3 is_stmt 1 view .LVU53
 196              		.loc 1 3742 27 is_stmt 0 view .LVU54
 197 0012 044B     		ldr	r3, .L18
 198 0014 1B68     		ldr	r3, [r3]
 199 0016 DB68     		ldr	r3, [r3, #12]
 200              		.loc 1 3742 13 view .LVU55
 201 0018 DB68     		ldr	r3, [r3, #12]
 202              	.LVL15:
3743:Middlewares/Third_Party/FreeRTOS/Source/tasks.c **** 		xNextTaskUnblockTime = listGET_LIST_ITEM_VALUE( &( ( pxTCB )->xStateListItem ) );
 203              		.loc 1 3743 3 is_stmt 1 view .LVU56
 204              		.loc 1 3743 26 is_stmt 0 view .LVU57
 205 001a 5A68     		ldr	r2, [r3, #4]
 206              		.loc 1 3743 24 view .LVU58
 207 001c 024B     		ldr	r3, .L18+4
 208              	.LVL16:
 209              		.loc 1 3743 24 view .LVU59
 210 001e 1A60     		str	r2, [r3]
3744:Middlewares/Third_Party/FreeRTOS/Source/tasks.c **** 	}
3745:Middlewares/Third_Party/FreeRTOS/Source/tasks.c **** }
 211              		.loc 1 3745 1 view .LVU60
 212 0020 7047     		bx	lr
 213              	.L19:
ARM GAS  C:\Users\31005\AppData\Local\Temp\ccNQ0Tdy.s 			page 74


 214 0022 00BF     		.align	2
 215              	.L18:
 216 0024 00000000 		.word	pxDelayedTaskList
 217 0028 00000000 		.word	xNextTaskUnblockTime
 218              		.cfi_endproc
 219              	.LFE49:
 221              		.section	.text.prvInitialiseNewTask,"ax",%progbits
 222              		.align	1
 223              		.syntax unified
 224              		.thumb
 225              		.thumb_func
 227              	prvInitialiseNewTask:
 228              	.LVL17:
 229              	.LFB6:
 825:Middlewares/Third_Party/FreeRTOS/Source/tasks.c **** StackType_t *pxTopOfStack;
 230              		.loc 1 825 1 is_stmt 1 view -0
 231              		.cfi_startproc
 232              		@ args = 16, pretend = 0, frame = 0
 233              		@ frame_needed = 0, uses_anonymous_args = 0
 825:Middlewares/Third_Party/FreeRTOS/Source/tasks.c **** StackType_t *pxTopOfStack;
 234              		.loc 1 825 1 is_stmt 0 view .LVU62
 235 0000 2DE9F047 		push	{r4, r5, r6, r7, r8, r9, r10, lr}
 236              	.LCFI0:
 237              		.cfi_def_cfa_offset 32
 238              		.cfi_offset 4, -32
 239              		.cfi_offset 5, -28
 240              		.cfi_offset 6, -24
 241              		.cfi_offset 7, -20
 242              		.cfi_offset 8, -16
 243              		.cfi_offset 9, -12
 244              		.cfi_offset 10, -8
 245              		.cfi_offset 14, -4
 246 0004 8046     		mov	r8, r0
 247 0006 0D46     		mov	r5, r1
 248 0008 1746     		mov	r7, r2
 249 000a 9946     		mov	r9, r3
 250 000c 089E     		ldr	r6, [sp, #32]
 251 000e DDF824A0 		ldr	r10, [sp, #36]
 252 0012 0A9C     		ldr	r4, [sp, #40]
 826:Middlewares/Third_Party/FreeRTOS/Source/tasks.c **** UBaseType_t x;
 253              		.loc 1 826 1 is_stmt 1 view .LVU63
 827:Middlewares/Third_Party/FreeRTOS/Source/tasks.c **** 
 254              		.loc 1 827 1 view .LVU64
 847:Middlewares/Third_Party/FreeRTOS/Source/tasks.c **** 	}
 255              		.loc 1 847 3 view .LVU65
 847:Middlewares/Third_Party/FreeRTOS/Source/tasks.c **** 	}
 256              		.loc 1 847 12 is_stmt 0 view .LVU66
 257 0014 9200     		lsls	r2, r2, #2
 258              	.LVL18:
 847:Middlewares/Third_Party/FreeRTOS/Source/tasks.c **** 	}
 259              		.loc 1 847 12 view .LVU67
 260 0016 A521     		movs	r1, #165
 261              	.LVL19:
 847:Middlewares/Third_Party/FreeRTOS/Source/tasks.c **** 	}
 262              		.loc 1 847 12 view .LVU68
 263 0018 206B     		ldr	r0, [r4, #48]
 264              	.LVL20:
ARM GAS  C:\Users\31005\AppData\Local\Temp\ccNQ0Tdy.s 			page 75


 847:Middlewares/Third_Party/FreeRTOS/Source/tasks.c **** 	}
 265              		.loc 1 847 12 view .LVU69
 266 001a FFF7FEFF 		bl	memset
 267              	.LVL21:
 857:Middlewares/Third_Party/FreeRTOS/Source/tasks.c **** 		pxTopOfStack = ( StackType_t * ) ( ( ( portPOINTER_SIZE_TYPE ) pxTopOfStack ) & ( ~( ( portPOINTE
 268              		.loc 1 857 3 is_stmt 1 view .LVU70
 857:Middlewares/Third_Party/FreeRTOS/Source/tasks.c **** 		pxTopOfStack = ( StackType_t * ) ( ( ( portPOINTER_SIZE_TYPE ) pxTopOfStack ) & ( ~( ( portPOINTE
 269              		.loc 1 857 26 is_stmt 0 view .LVU71
 270 001e 236B     		ldr	r3, [r4, #48]
 857:Middlewares/Third_Party/FreeRTOS/Source/tasks.c **** 		pxTopOfStack = ( StackType_t * ) ( ( ( portPOINTER_SIZE_TYPE ) pxTopOfStack ) & ( ~( ( portPOINTE
 271              		.loc 1 857 36 view .LVU72
 272 0020 07F18042 		add	r2, r7, #1073741824
 273 0024 013A     		subs	r2, r2, #1
 857:Middlewares/Third_Party/FreeRTOS/Source/tasks.c **** 		pxTopOfStack = ( StackType_t * ) ( ( ( portPOINTER_SIZE_TYPE ) pxTopOfStack ) & ( ~( ( portPOINTE
 274              		.loc 1 857 16 view .LVU73
 275 0026 03EB8207 		add	r7, r3, r2, lsl #2
 276              	.LVL22:
 858:Middlewares/Third_Party/FreeRTOS/Source/tasks.c **** 
 277              		.loc 1 858 3 is_stmt 1 view .LVU74
 858:Middlewares/Third_Party/FreeRTOS/Source/tasks.c **** 
 278              		.loc 1 858 81 is_stmt 0 view .LVU75
 279 002a 27F00707 		bic	r7, r7, #7
 280              	.LVL23:
 861:Middlewares/Third_Party/FreeRTOS/Source/tasks.c **** 
 281              		.loc 1 861 3 is_stmt 1 view .LVU76
 861:Middlewares/Third_Party/FreeRTOS/Source/tasks.c **** 
 282              		.loc 1 861 124 view .LVU77
 885:Middlewares/Third_Party/FreeRTOS/Source/tasks.c **** 	{
 283              		.loc 1 885 2 view .LVU78
 885:Middlewares/Third_Party/FreeRTOS/Source/tasks.c **** 	{
 284              		.loc 1 885 9 is_stmt 0 view .LVU79
 285 002e 4FF0000C 		mov	ip, #0
 286              	.LVL24:
 287              	.L21:
 885:Middlewares/Third_Party/FreeRTOS/Source/tasks.c **** 	{
 288              		.loc 1 885 32 is_stmt 1 discriminator 1 view .LVU80
 289 0032 BCF10F0F 		cmp	ip, #15
 290 0036 09D8     		bhi	.L22
 887:Middlewares/Third_Party/FreeRTOS/Source/tasks.c **** 
 291              		.loc 1 887 3 view .LVU81
 887:Middlewares/Third_Party/FreeRTOS/Source/tasks.c **** 
 292              		.loc 1 887 37 is_stmt 0 view .LVU82
 293 0038 15F80C30 		ldrb	r3, [r5, ip]	@ zero_extendqisi2
 887:Middlewares/Third_Party/FreeRTOS/Source/tasks.c **** 
 294              		.loc 1 887 29 view .LVU83
 295 003c 04EB0C02 		add	r2, r4, ip
 296 0040 82F83430 		strb	r3, [r2, #52]
 892:Middlewares/Third_Party/FreeRTOS/Source/tasks.c **** 		{
 297              		.loc 1 892 3 is_stmt 1 view .LVU84
 892:Middlewares/Third_Party/FreeRTOS/Source/tasks.c **** 		{
 298              		.loc 1 892 5 is_stmt 0 view .LVU85
 299 0044 13B1     		cbz	r3, .L22
 898:Middlewares/Third_Party/FreeRTOS/Source/tasks.c **** 		}
 300              		.loc 1 898 28 is_stmt 1 discriminator 2 view .LVU86
 885:Middlewares/Third_Party/FreeRTOS/Source/tasks.c **** 	{
 301              		.loc 1 885 76 discriminator 2 view .LVU87
 302 0046 0CF1010C 		add	ip, ip, #1
ARM GAS  C:\Users\31005\AppData\Local\Temp\ccNQ0Tdy.s 			page 76


 303              	.LVL25:
 885:Middlewares/Third_Party/FreeRTOS/Source/tasks.c **** 	{
 304              		.loc 1 885 76 is_stmt 0 discriminator 2 view .LVU88
 305 004a F2E7     		b	.L21
 306              	.L22:
 904:Middlewares/Third_Party/FreeRTOS/Source/tasks.c **** 
 307              		.loc 1 904 2 is_stmt 1 view .LVU89
 904:Middlewares/Third_Party/FreeRTOS/Source/tasks.c **** 
 308              		.loc 1 904 54 is_stmt 0 view .LVU90
 309 004c 0023     		movs	r3, #0
 310 004e 84F84330 		strb	r3, [r4, #67]
 908:Middlewares/Third_Party/FreeRTOS/Source/tasks.c **** 	{
 311              		.loc 1 908 2 is_stmt 1 view .LVU91
 908:Middlewares/Third_Party/FreeRTOS/Source/tasks.c **** 	{
 312              		.loc 1 908 4 is_stmt 0 view .LVU92
 313 0052 372E     		cmp	r6, #55
 314 0054 00D9     		bls	.L24
 910:Middlewares/Third_Party/FreeRTOS/Source/tasks.c **** 	}
 315              		.loc 1 910 14 view .LVU93
 316 0056 3726     		movs	r6, #55
 317              	.L24:
 318              	.LVL26:
 914:Middlewares/Third_Party/FreeRTOS/Source/tasks.c **** 	}
 319              		.loc 1 914 27 is_stmt 1 view .LVU94
 917:Middlewares/Third_Party/FreeRTOS/Source/tasks.c **** 	#if ( configUSE_MUTEXES == 1 )
 320              		.loc 1 917 2 view .LVU95
 917:Middlewares/Third_Party/FreeRTOS/Source/tasks.c **** 	#if ( configUSE_MUTEXES == 1 )
 321              		.loc 1 917 23 is_stmt 0 view .LVU96
 322 0058 E662     		str	r6, [r4, #44]
 920:Middlewares/Third_Party/FreeRTOS/Source/tasks.c **** 		pxNewTCB->uxMutexesHeld = 0;
 323              		.loc 1 920 3 is_stmt 1 view .LVU97
 920:Middlewares/Third_Party/FreeRTOS/Source/tasks.c **** 		pxNewTCB->uxMutexesHeld = 0;
 324              		.loc 1 920 28 is_stmt 0 view .LVU98
 325 005a E664     		str	r6, [r4, #76]
 921:Middlewares/Third_Party/FreeRTOS/Source/tasks.c **** 	}
 326              		.loc 1 921 3 is_stmt 1 view .LVU99
 921:Middlewares/Third_Party/FreeRTOS/Source/tasks.c **** 	}
 327              		.loc 1 921 27 is_stmt 0 view .LVU100
 328 005c 0025     		movs	r5, #0
 329              	.LVL27:
 921:Middlewares/Third_Party/FreeRTOS/Source/tasks.c **** 	}
 330              		.loc 1 921 27 view .LVU101
 331 005e 2565     		str	r5, [r4, #80]
 925:Middlewares/Third_Party/FreeRTOS/Source/tasks.c **** 	vListInitialiseItem( &( pxNewTCB->xEventListItem ) );
 332              		.loc 1 925 2 is_stmt 1 view .LVU102
 333 0060 201D     		adds	r0, r4, #4
 334 0062 FFF7FEFF 		bl	vListInitialiseItem
 335              	.LVL28:
 926:Middlewares/Third_Party/FreeRTOS/Source/tasks.c **** 
 336              		.loc 1 926 2 view .LVU103
 337 0066 04F11800 		add	r0, r4, #24
 338 006a FFF7FEFF 		bl	vListInitialiseItem
 339              	.LVL29:
 930:Middlewares/Third_Party/FreeRTOS/Source/tasks.c **** 
 340              		.loc 1 930 2 view .LVU104
 341 006e 2461     		str	r4, [r4, #16]
 933:Middlewares/Third_Party/FreeRTOS/Source/tasks.c **** 	listSET_LIST_ITEM_OWNER( &( pxNewTCB->xEventListItem ), pxNewTCB );
ARM GAS  C:\Users\31005\AppData\Local\Temp\ccNQ0Tdy.s 			page 77


 342              		.loc 1 933 2 view .LVU105
 343 0070 C6F13806 		rsb	r6, r6, #56
 344              	.LVL30:
 933:Middlewares/Third_Party/FreeRTOS/Source/tasks.c **** 	listSET_LIST_ITEM_OWNER( &( pxNewTCB->xEventListItem ), pxNewTCB );
 345              		.loc 1 933 2 is_stmt 0 view .LVU106
 346 0074 A661     		str	r6, [r4, #24]
 934:Middlewares/Third_Party/FreeRTOS/Source/tasks.c **** 
 347              		.loc 1 934 2 is_stmt 1 view .LVU107
 348 0076 6462     		str	r4, [r4, #36]
 961:Middlewares/Third_Party/FreeRTOS/Source/tasks.c **** 	}
 349              		.loc 1 961 3 view .LVU108
 976:Middlewares/Third_Party/FreeRTOS/Source/tasks.c **** 		pxNewTCB->ucNotifyState = taskNOT_WAITING_NOTIFICATION;
 350              		.loc 1 976 3 view .LVU109
 976:Middlewares/Third_Party/FreeRTOS/Source/tasks.c **** 		pxNewTCB->ucNotifyState = taskNOT_WAITING_NOTIFICATION;
 351              		.loc 1 976 29 is_stmt 0 view .LVU110
 352 0078 6565     		str	r5, [r4, #84]
 977:Middlewares/Third_Party/FreeRTOS/Source/tasks.c **** 	}
 353              		.loc 1 977 3 is_stmt 1 view .LVU111
 977:Middlewares/Third_Party/FreeRTOS/Source/tasks.c **** 	}
 354              		.loc 1 977 27 is_stmt 0 view .LVU112
 355 007a 84F85850 		strb	r5, [r4, #88]
1004:Middlewares/Third_Party/FreeRTOS/Source/tasks.c **** 	}
 356              		.loc 1 1004 3 is_stmt 1 view .LVU113
1004:Middlewares/Third_Party/FreeRTOS/Source/tasks.c **** 	}
 357              		.loc 1 1004 28 is_stmt 0 view .LVU114
 358 007e 4A46     		mov	r2, r9
 359 0080 4146     		mov	r1, r8
 360 0082 3846     		mov	r0, r7
 361 0084 FFF7FEFF 		bl	pxPortInitialiseStack
 362              	.LVL31:
1004:Middlewares/Third_Party/FreeRTOS/Source/tasks.c **** 	}
 363              		.loc 1 1004 26 view .LVU115
 364 0088 2060     		str	r0, [r4]
1008:Middlewares/Third_Party/FreeRTOS/Source/tasks.c **** 	{
 365              		.loc 1 1008 2 is_stmt 1 view .LVU116
1008:Middlewares/Third_Party/FreeRTOS/Source/tasks.c **** 	{
 366              		.loc 1 1008 4 is_stmt 0 view .LVU117
 367 008a BAF1000F 		cmp	r10, #0
 368 008e 01D0     		beq	.L20
1012:Middlewares/Third_Party/FreeRTOS/Source/tasks.c **** 	}
 369              		.loc 1 1012 3 is_stmt 1 view .LVU118
1012:Middlewares/Third_Party/FreeRTOS/Source/tasks.c **** 	}
 370              		.loc 1 1012 18 is_stmt 0 view .LVU119
 371 0090 CAF80040 		str	r4, [r10]
1016:Middlewares/Third_Party/FreeRTOS/Source/tasks.c **** 	}
 372              		.loc 1 1016 27 is_stmt 1 view .LVU120
 373              	.L20:
1018:Middlewares/Third_Party/FreeRTOS/Source/tasks.c **** /*-----------------------------------------------------------*/
 374              		.loc 1 1018 1 is_stmt 0 view .LVU121
 375 0094 BDE8F087 		pop	{r4, r5, r6, r7, r8, r9, r10, pc}
1018:Middlewares/Third_Party/FreeRTOS/Source/tasks.c **** /*-----------------------------------------------------------*/
 376              		.loc 1 1018 1 view .LVU122
 377              		.cfi_endproc
 378              	.LFE6:
 380              		.section	.text.prvInitialiseTaskLists,"ax",%progbits
 381              		.align	1
 382              		.syntax unified
ARM GAS  C:\Users\31005\AppData\Local\Temp\ccNQ0Tdy.s 			page 78


 383              		.thumb
 384              		.thumb_func
 386              	prvInitialiseTaskLists:
 387              	.LFB42:
3431:Middlewares/Third_Party/FreeRTOS/Source/tasks.c **** UBaseType_t uxPriority;
 388              		.loc 1 3431 1 is_stmt 1 view -0
 389              		.cfi_startproc
 390              		@ args = 0, pretend = 0, frame = 0
 391              		@ frame_needed = 0, uses_anonymous_args = 0
 392 0000 38B5     		push	{r3, r4, r5, lr}
 393              	.LCFI1:
 394              		.cfi_def_cfa_offset 16
 395              		.cfi_offset 3, -16
 396              		.cfi_offset 4, -12
 397              		.cfi_offset 5, -8
 398              		.cfi_offset 14, -4
3432:Middlewares/Third_Party/FreeRTOS/Source/tasks.c **** 
 399              		.loc 1 3432 1 view .LVU124
3434:Middlewares/Third_Party/FreeRTOS/Source/tasks.c **** 	{
 400              		.loc 1 3434 2 view .LVU125
 401              	.LVL32:
3434:Middlewares/Third_Party/FreeRTOS/Source/tasks.c **** 	{
 402              		.loc 1 3434 18 is_stmt 0 view .LVU126
 403 0002 0024     		movs	r4, #0
3434:Middlewares/Third_Party/FreeRTOS/Source/tasks.c **** 	{
 404              		.loc 1 3434 2 view .LVU127
 405 0004 07E0     		b	.L29
 406              	.LVL33:
 407              	.L30:
3436:Middlewares/Third_Party/FreeRTOS/Source/tasks.c **** 	}
 408              		.loc 1 3436 3 is_stmt 1 discriminator 3 view .LVU128
 409 0006 04EB8402 		add	r2, r4, r4, lsl #2
 410 000a 9300     		lsls	r3, r2, #2
 411 000c 0E48     		ldr	r0, .L32
 412 000e 1844     		add	r0, r0, r3
 413 0010 FFF7FEFF 		bl	vListInitialise
 414              	.LVL34:
3434:Middlewares/Third_Party/FreeRTOS/Source/tasks.c **** 	{
 415              		.loc 1 3434 101 discriminator 3 view .LVU129
 416 0014 0134     		adds	r4, r4, #1
 417              	.LVL35:
 418              	.L29:
3434:Middlewares/Third_Party/FreeRTOS/Source/tasks.c **** 	{
 419              		.loc 1 3434 51 discriminator 1 view .LVU130
 420 0016 372C     		cmp	r4, #55
 421 0018 F5D9     		bls	.L30
3439:Middlewares/Third_Party/FreeRTOS/Source/tasks.c **** 	vListInitialise( &xDelayedTaskList2 );
 422              		.loc 1 3439 2 view .LVU131
 423 001a 0C4D     		ldr	r5, .L32+4
 424 001c 2846     		mov	r0, r5
 425 001e FFF7FEFF 		bl	vListInitialise
 426              	.LVL36:
3440:Middlewares/Third_Party/FreeRTOS/Source/tasks.c **** 	vListInitialise( &xPendingReadyList );
 427              		.loc 1 3440 2 view .LVU132
 428 0022 0B4C     		ldr	r4, .L32+8
 429              	.LVL37:
3440:Middlewares/Third_Party/FreeRTOS/Source/tasks.c **** 	vListInitialise( &xPendingReadyList );
ARM GAS  C:\Users\31005\AppData\Local\Temp\ccNQ0Tdy.s 			page 79


 430              		.loc 1 3440 2 is_stmt 0 view .LVU133
 431 0024 2046     		mov	r0, r4
 432 0026 FFF7FEFF 		bl	vListInitialise
 433              	.LVL38:
3441:Middlewares/Third_Party/FreeRTOS/Source/tasks.c **** 
 434              		.loc 1 3441 2 is_stmt 1 view .LVU134
 435 002a 0A48     		ldr	r0, .L32+12
 436 002c FFF7FEFF 		bl	vListInitialise
 437              	.LVL39:
3445:Middlewares/Third_Party/FreeRTOS/Source/tasks.c **** 	}
 438              		.loc 1 3445 3 view .LVU135
 439 0030 0948     		ldr	r0, .L32+16
 440 0032 FFF7FEFF 		bl	vListInitialise
 441              	.LVL40:
3451:Middlewares/Third_Party/FreeRTOS/Source/tasks.c **** 	}
 442              		.loc 1 3451 3 view .LVU136
 443 0036 0948     		ldr	r0, .L32+20
 444 0038 FFF7FEFF 		bl	vListInitialise
 445              	.LVL41:
3457:Middlewares/Third_Party/FreeRTOS/Source/tasks.c **** 	pxOverflowDelayedTaskList = &xDelayedTaskList2;
 446              		.loc 1 3457 2 view .LVU137
3457:Middlewares/Third_Party/FreeRTOS/Source/tasks.c **** 	pxOverflowDelayedTaskList = &xDelayedTaskList2;
 447              		.loc 1 3457 20 is_stmt 0 view .LVU138
 448 003c 084B     		ldr	r3, .L32+24
 449 003e 1D60     		str	r5, [r3]
3458:Middlewares/Third_Party/FreeRTOS/Source/tasks.c **** }
 450              		.loc 1 3458 2 is_stmt 1 view .LVU139
3458:Middlewares/Third_Party/FreeRTOS/Source/tasks.c **** }
 451              		.loc 1 3458 28 is_stmt 0 view .LVU140
 452 0040 084B     		ldr	r3, .L32+28
 453 0042 1C60     		str	r4, [r3]
3459:Middlewares/Third_Party/FreeRTOS/Source/tasks.c **** /*-----------------------------------------------------------*/
 454              		.loc 1 3459 1 view .LVU141
 455 0044 38BD     		pop	{r3, r4, r5, pc}
 456              	.L33:
 457 0046 00BF     		.align	2
 458              	.L32:
 459 0048 00000000 		.word	pxReadyTasksLists
 460 004c 00000000 		.word	xDelayedTaskList1
 461 0050 00000000 		.word	xDelayedTaskList2
 462 0054 00000000 		.word	xPendingReadyList
 463 0058 00000000 		.word	xTasksWaitingTermination
 464 005c 00000000 		.word	xSuspendedTaskList
 465 0060 00000000 		.word	pxDelayedTaskList
 466 0064 00000000 		.word	pxOverflowDelayedTaskList
 467              		.cfi_endproc
 468              	.LFE42:
 470              		.section	.text.prvAddNewTaskToReadyList,"ax",%progbits
 471              		.align	1
 472              		.syntax unified
 473              		.thumb
 474              		.thumb_func
 476              	prvAddNewTaskToReadyList:
 477              	.LVL42:
 478              	.LFB7:
1022:Middlewares/Third_Party/FreeRTOS/Source/tasks.c **** 	/* Ensure interrupts don't access the task lists while the lists are being
 479              		.loc 1 1022 1 is_stmt 1 view -0
ARM GAS  C:\Users\31005\AppData\Local\Temp\ccNQ0Tdy.s 			page 80


 480              		.cfi_startproc
 481              		@ args = 0, pretend = 0, frame = 0
 482              		@ frame_needed = 0, uses_anonymous_args = 0
1022:Middlewares/Third_Party/FreeRTOS/Source/tasks.c **** 	/* Ensure interrupts don't access the task lists while the lists are being
 483              		.loc 1 1022 1 is_stmt 0 view .LVU143
 484 0000 10B5     		push	{r4, lr}
 485              	.LCFI2:
 486              		.cfi_def_cfa_offset 8
 487              		.cfi_offset 4, -8
 488              		.cfi_offset 14, -4
 489 0002 0446     		mov	r4, r0
1025:Middlewares/Third_Party/FreeRTOS/Source/tasks.c **** 	{
 490              		.loc 1 1025 2 is_stmt 1 view .LVU144
 491 0004 FFF7FEFF 		bl	vPortEnterCritical
 492              	.LVL43:
1027:Middlewares/Third_Party/FreeRTOS/Source/tasks.c **** 		if( pxCurrentTCB == NULL )
 493              		.loc 1 1027 3 view .LVU145
1027:Middlewares/Third_Party/FreeRTOS/Source/tasks.c **** 		if( pxCurrentTCB == NULL )
 494              		.loc 1 1027 25 is_stmt 0 view .LVU146
 495 0008 224A     		ldr	r2, .L42
 496 000a 1368     		ldr	r3, [r2]
 497 000c 0133     		adds	r3, r3, #1
 498 000e 1360     		str	r3, [r2]
1028:Middlewares/Third_Party/FreeRTOS/Source/tasks.c **** 		{
 499              		.loc 1 1028 3 is_stmt 1 view .LVU147
1028:Middlewares/Third_Party/FreeRTOS/Source/tasks.c **** 		{
 500              		.loc 1 1028 20 is_stmt 0 view .LVU148
 501 0010 214B     		ldr	r3, .L42+4
 502 0012 1B68     		ldr	r3, [r3]
1028:Middlewares/Third_Party/FreeRTOS/Source/tasks.c **** 		{
 503              		.loc 1 1028 5 view .LVU149
 504 0014 5BB1     		cbz	r3, .L40
1051:Middlewares/Third_Party/FreeRTOS/Source/tasks.c **** 			{
 505              		.loc 1 1051 4 is_stmt 1 view .LVU150
1051:Middlewares/Third_Party/FreeRTOS/Source/tasks.c **** 			{
 506              		.loc 1 1051 26 is_stmt 0 view .LVU151
 507 0016 214B     		ldr	r3, .L42+8
 508 0018 1B68     		ldr	r3, [r3]
1051:Middlewares/Third_Party/FreeRTOS/Source/tasks.c **** 			{
 509              		.loc 1 1051 6 view .LVU152
 510 001a 6BB9     		cbnz	r3, .L36
1053:Middlewares/Third_Party/FreeRTOS/Source/tasks.c **** 				{
 511              		.loc 1 1053 5 is_stmt 1 view .LVU153
1053:Middlewares/Third_Party/FreeRTOS/Source/tasks.c **** 				{
 512              		.loc 1 1053 21 is_stmt 0 view .LVU154
 513 001c 1E4B     		ldr	r3, .L42+4
 514 001e 1B68     		ldr	r3, [r3]
 515 0020 DA6A     		ldr	r2, [r3, #44]
1053:Middlewares/Third_Party/FreeRTOS/Source/tasks.c **** 				{
 516              		.loc 1 1053 45 view .LVU155
 517 0022 E36A     		ldr	r3, [r4, #44]
1053:Middlewares/Third_Party/FreeRTOS/Source/tasks.c **** 				{
 518              		.loc 1 1053 7 view .LVU156
 519 0024 9A42     		cmp	r2, r3
 520 0026 07D8     		bhi	.L36
1055:Middlewares/Third_Party/FreeRTOS/Source/tasks.c **** 				}
 521              		.loc 1 1055 6 is_stmt 1 view .LVU157
ARM GAS  C:\Users\31005\AppData\Local\Temp\ccNQ0Tdy.s 			page 81


1055:Middlewares/Third_Party/FreeRTOS/Source/tasks.c **** 				}
 522              		.loc 1 1055 19 is_stmt 0 view .LVU158
 523 0028 1B4B     		ldr	r3, .L42+4
 524 002a 1C60     		str	r4, [r3]
 525 002c 04E0     		b	.L36
 526              	.L40:
1032:Middlewares/Third_Party/FreeRTOS/Source/tasks.c **** 
 527              		.loc 1 1032 4 is_stmt 1 view .LVU159
1032:Middlewares/Third_Party/FreeRTOS/Source/tasks.c **** 
 528              		.loc 1 1032 17 is_stmt 0 view .LVU160
 529 002e 1A4B     		ldr	r3, .L42+4
 530 0030 1C60     		str	r4, [r3]
1034:Middlewares/Third_Party/FreeRTOS/Source/tasks.c **** 			{
 531              		.loc 1 1034 4 is_stmt 1 view .LVU161
1034:Middlewares/Third_Party/FreeRTOS/Source/tasks.c **** 			{
 532              		.loc 1 1034 31 is_stmt 0 view .LVU162
 533 0032 1368     		ldr	r3, [r2]
1034:Middlewares/Third_Party/FreeRTOS/Source/tasks.c **** 			{
 534              		.loc 1 1034 6 view .LVU163
 535 0034 012B     		cmp	r3, #1
 536 0036 29D0     		beq	.L41
 537              	.L36:
1064:Middlewares/Third_Party/FreeRTOS/Source/tasks.c **** 			}
 538              		.loc 1 1064 29 is_stmt 1 view .LVU164
1068:Middlewares/Third_Party/FreeRTOS/Source/tasks.c **** 
 539              		.loc 1 1068 3 view .LVU165
1068:Middlewares/Third_Party/FreeRTOS/Source/tasks.c **** 
 540              		.loc 1 1068 15 is_stmt 0 view .LVU166
 541 0038 194A     		ldr	r2, .L42+12
 542 003a 1368     		ldr	r3, [r2]
 543 003c 0133     		adds	r3, r3, #1
 544 003e 1360     		str	r3, [r2]
1073:Middlewares/Third_Party/FreeRTOS/Source/tasks.c **** 		}
 545              		.loc 1 1073 4 is_stmt 1 view .LVU167
1073:Middlewares/Third_Party/FreeRTOS/Source/tasks.c **** 		}
 546              		.loc 1 1073 26 is_stmt 0 view .LVU168
 547 0040 6364     		str	r3, [r4, #68]
1076:Middlewares/Third_Party/FreeRTOS/Source/tasks.c **** 
 548              		.loc 1 1076 31 is_stmt 1 view .LVU169
1078:Middlewares/Third_Party/FreeRTOS/Source/tasks.c **** 
 549              		.loc 1 1078 3 view .LVU170
1078:Middlewares/Third_Party/FreeRTOS/Source/tasks.c **** 
 550              		.loc 1 1078 3 view .LVU171
 551 0042 E06A     		ldr	r0, [r4, #44]
 552 0044 174B     		ldr	r3, .L42+16
 553 0046 1B68     		ldr	r3, [r3]
 554 0048 9842     		cmp	r0, r3
 555 004a 01D9     		bls	.L37
1078:Middlewares/Third_Party/FreeRTOS/Source/tasks.c **** 
 556              		.loc 1 1078 3 discriminator 1 view .LVU172
 557 004c 154B     		ldr	r3, .L42+16
 558 004e 1860     		str	r0, [r3]
 559              	.L37:
1078:Middlewares/Third_Party/FreeRTOS/Source/tasks.c **** 
 560              		.loc 1 1078 3 discriminator 3 view .LVU173
1078:Middlewares/Third_Party/FreeRTOS/Source/tasks.c **** 
 561              		.loc 1 1078 3 discriminator 3 view .LVU174
ARM GAS  C:\Users\31005\AppData\Local\Temp\ccNQ0Tdy.s 			page 82


 562 0050 00EB8000 		add	r0, r0, r0, lsl #2
 563 0054 211D     		adds	r1, r4, #4
 564 0056 144B     		ldr	r3, .L42+20
 565 0058 03EB8000 		add	r0, r3, r0, lsl #2
 566 005c FFF7FEFF 		bl	vListInsertEnd
 567              	.LVL44:
1078:Middlewares/Third_Party/FreeRTOS/Source/tasks.c **** 
 568              		.loc 1 1078 36 discriminator 3 view .LVU175
1080:Middlewares/Third_Party/FreeRTOS/Source/tasks.c **** 	}
 569              		.loc 1 1080 3 discriminator 3 view .LVU176
1082:Middlewares/Third_Party/FreeRTOS/Source/tasks.c **** 
 570              		.loc 1 1082 2 discriminator 3 view .LVU177
 571 0060 FFF7FEFF 		bl	vPortExitCritical
 572              	.LVL45:
1084:Middlewares/Third_Party/FreeRTOS/Source/tasks.c **** 	{
 573              		.loc 1 1084 2 discriminator 3 view .LVU178
1084:Middlewares/Third_Party/FreeRTOS/Source/tasks.c **** 	{
 574              		.loc 1 1084 24 is_stmt 0 discriminator 3 view .LVU179
 575 0064 0D4B     		ldr	r3, .L42+8
 576 0066 1B68     		ldr	r3, [r3]
1084:Middlewares/Third_Party/FreeRTOS/Source/tasks.c **** 	{
 577              		.loc 1 1084 4 discriminator 3 view .LVU180
 578 0068 7BB1     		cbz	r3, .L34
1088:Middlewares/Third_Party/FreeRTOS/Source/tasks.c **** 		{
 579              		.loc 1 1088 3 is_stmt 1 view .LVU181
1088:Middlewares/Third_Party/FreeRTOS/Source/tasks.c **** 		{
 580              		.loc 1 1088 19 is_stmt 0 view .LVU182
 581 006a 0B4B     		ldr	r3, .L42+4
 582 006c 1B68     		ldr	r3, [r3]
 583 006e DA6A     		ldr	r2, [r3, #44]
1088:Middlewares/Third_Party/FreeRTOS/Source/tasks.c **** 		{
 584              		.loc 1 1088 42 view .LVU183
 585 0070 E36A     		ldr	r3, [r4, #44]
1088:Middlewares/Third_Party/FreeRTOS/Source/tasks.c **** 		{
 586              		.loc 1 1088 5 view .LVU184
 587 0072 9A42     		cmp	r2, r3
 588 0074 09D2     		bcs	.L34
1090:Middlewares/Third_Party/FreeRTOS/Source/tasks.c **** 		}
 589              		.loc 1 1090 4 is_stmt 1 view .LVU185
 590 0076 4FF0E023 		mov	r3, #-536813568
 591 007a 4FF08052 		mov	r2, #268435456
 592 007e C3F8042D 		str	r2, [r3, #3332]
1090:Middlewares/Third_Party/FreeRTOS/Source/tasks.c **** 		}
 593              		.loc 1 1090 4 view .LVU186
 594              		.syntax unified
 595              	@ 1090 "Middlewares/Third_Party/FreeRTOS/Source/tasks.c" 1
 596 0082 BFF34F8F 		dsb
 597              	@ 0 "" 2
1090:Middlewares/Third_Party/FreeRTOS/Source/tasks.c **** 		}
 598              		.loc 1 1090 4 view .LVU187
 599              	@ 1090 "Middlewares/Third_Party/FreeRTOS/Source/tasks.c" 1
 600 0086 BFF36F8F 		isb
 601              	@ 0 "" 2
1090:Middlewares/Third_Party/FreeRTOS/Source/tasks.c **** 		}
 602              		.loc 1 1090 35 view .LVU188
1099:Middlewares/Third_Party/FreeRTOS/Source/tasks.c **** 	}
 603              		.loc 1 1099 27 view .LVU189
ARM GAS  C:\Users\31005\AppData\Local\Temp\ccNQ0Tdy.s 			page 83


 604              		.thumb
 605              		.syntax unified
 606              	.L34:
1101:Middlewares/Third_Party/FreeRTOS/Source/tasks.c **** /*-----------------------------------------------------------*/
 607              		.loc 1 1101 1 is_stmt 0 view .LVU190
 608 008a 10BD     		pop	{r4, pc}
 609              	.LVL46:
 610              	.L41:
1039:Middlewares/Third_Party/FreeRTOS/Source/tasks.c **** 			}
 611              		.loc 1 1039 5 is_stmt 1 view .LVU191
 612 008c FFF7FEFF 		bl	prvInitialiseTaskLists
 613              	.LVL47:
 614 0090 D2E7     		b	.L36
 615              	.L43:
 616 0092 00BF     		.align	2
 617              	.L42:
 618 0094 00000000 		.word	uxCurrentNumberOfTasks
 619 0098 00000000 		.word	pxCurrentTCB
 620 009c 00000000 		.word	xSchedulerRunning
 621 00a0 00000000 		.word	uxTaskNumber
 622 00a4 00000000 		.word	uxTopReadyPriority
 623 00a8 00000000 		.word	pxReadyTasksLists
 624              		.cfi_endproc
 625              	.LFE7:
 627              		.section	.text.prvDeleteTCB,"ax",%progbits
 628              		.align	1
 629              		.syntax unified
 630              		.thumb
 631              		.thumb_func
 633              	prvDeleteTCB:
 634              	.LVL48:
 635              	.LFB48:
3671:Middlewares/Third_Party/FreeRTOS/Source/tasks.c **** 		/* This call is required specifically for the TriCore port.  It must be
 636              		.loc 1 3671 2 view -0
 637              		.cfi_startproc
 638              		@ args = 0, pretend = 0, frame = 0
 639              		@ frame_needed = 0, uses_anonymous_args = 0
3671:Middlewares/Third_Party/FreeRTOS/Source/tasks.c **** 		/* This call is required specifically for the TriCore port.  It must be
 640              		.loc 1 3671 2 is_stmt 0 view .LVU193
 641 0000 10B5     		push	{r4, lr}
 642              	.LCFI3:
 643              		.cfi_def_cfa_offset 8
 644              		.cfi_offset 4, -8
 645              		.cfi_offset 14, -4
 646 0002 0446     		mov	r4, r0
3675:Middlewares/Third_Party/FreeRTOS/Source/tasks.c **** 
 647              		.loc 1 3675 3 is_stmt 1 view .LVU194
3697:Middlewares/Third_Party/FreeRTOS/Source/tasks.c **** 			{
 648              		.loc 1 3697 4 view .LVU195
3697:Middlewares/Third_Party/FreeRTOS/Source/tasks.c **** 			{
 649              		.loc 1 3697 13 is_stmt 0 view .LVU196
 650 0004 90F85930 		ldrb	r3, [r0, #89]	@ zero_extendqisi2
3697:Middlewares/Third_Party/FreeRTOS/Source/tasks.c **** 			{
 651              		.loc 1 3697 6 view .LVU197
 652 0008 63B1     		cbz	r3, .L50
3704:Middlewares/Third_Party/FreeRTOS/Source/tasks.c **** 			{
 653              		.loc 1 3704 9 is_stmt 1 view .LVU198
ARM GAS  C:\Users\31005\AppData\Local\Temp\ccNQ0Tdy.s 			page 84


3704:Middlewares/Third_Party/FreeRTOS/Source/tasks.c **** 			{
 654              		.loc 1 3704 11 is_stmt 0 view .LVU199
 655 000a 012B     		cmp	r3, #1
 656 000c 11D0     		beq	.L51
3714:Middlewares/Third_Party/FreeRTOS/Source/tasks.c **** 				mtCOVERAGE_TEST_MARKER();
 657              		.loc 1 3714 5 is_stmt 1 view .LVU200
 658 000e 022B     		cmp	r3, #2
 659 0010 0ED0     		beq	.L44
3714:Middlewares/Third_Party/FreeRTOS/Source/tasks.c **** 				mtCOVERAGE_TEST_MARKER();
 660              		.loc 1 3714 5 view .LVU201
 661              	.LBB115:
 662              	.LBI115:
 191:Middlewares/Third_Party/FreeRTOS/Source/portable/GCC/ARM_CM4F/portmacro.h **** {
 663              		.loc 2 191 30 view .LVU202
 664              	.LBB116:
 193:Middlewares/Third_Party/FreeRTOS/Source/portable/GCC/ARM_CM4F/portmacro.h **** 
 665              		.loc 2 193 1 view .LVU203
 666              		.loc 2 195 2 view .LVU204
 667              		.syntax unified
 668              	@ 195 "Middlewares/Third_Party/FreeRTOS/Source/portable/GCC/ARM_CM4F/portmacro.h" 1
 669 0012 4FF05003 			mov r3, #80												
 670 0016 83F31188 		msr basepri, r3											
 671 001a BFF36F8F 		isb														
 672 001e BFF34F8F 		dsb														
 673              	
 674              	@ 0 "" 2
 675              	.LVL49:
 676              		.thumb
 677              		.syntax unified
 678              	.L48:
 679              		.loc 2 195 2 is_stmt 0 view .LVU205
 680              	.LBE116:
 681              	.LBE115:
3714:Middlewares/Third_Party/FreeRTOS/Source/tasks.c **** 				mtCOVERAGE_TEST_MARKER();
 682              		.loc 1 3714 5 is_stmt 1 discriminator 1 view .LVU206
3714:Middlewares/Third_Party/FreeRTOS/Source/tasks.c **** 				mtCOVERAGE_TEST_MARKER();
 683              		.loc 1 3714 5 discriminator 1 view .LVU207
 684 0022 FEE7     		b	.L48
 685              	.L50:
3701:Middlewares/Third_Party/FreeRTOS/Source/tasks.c **** 				vPortFree( pxTCB );
 686              		.loc 1 3701 5 view .LVU208
 687 0024 006B     		ldr	r0, [r0, #48]
 688              	.LVL50:
3701:Middlewares/Third_Party/FreeRTOS/Source/tasks.c **** 				vPortFree( pxTCB );
 689              		.loc 1 3701 5 is_stmt 0 view .LVU209
 690 0026 FFF7FEFF 		bl	vPortFree
 691              	.LVL51:
3702:Middlewares/Third_Party/FreeRTOS/Source/tasks.c **** 			}
 692              		.loc 1 3702 5 is_stmt 1 view .LVU210
 693 002a 2046     		mov	r0, r4
 694 002c FFF7FEFF 		bl	vPortFree
 695              	.LVL52:
 696              	.L44:
3719:Middlewares/Third_Party/FreeRTOS/Source/tasks.c **** 
 697              		.loc 1 3719 2 is_stmt 0 view .LVU211
 698 0030 10BD     		pop	{r4, pc}
 699              	.LVL53:
ARM GAS  C:\Users\31005\AppData\Local\Temp\ccNQ0Tdy.s 			page 85


 700              	.L51:
3708:Middlewares/Third_Party/FreeRTOS/Source/tasks.c **** 			}
 701              		.loc 1 3708 5 is_stmt 1 view .LVU212
 702 0032 FFF7FEFF 		bl	vPortFree
 703              	.LVL54:
3708:Middlewares/Third_Party/FreeRTOS/Source/tasks.c **** 			}
 704              		.loc 1 3708 5 is_stmt 0 view .LVU213
 705 0036 FBE7     		b	.L44
 706              		.cfi_endproc
 707              	.LFE48:
 709              		.section	.text.prvCheckTasksWaitingTermination,"ax",%progbits
 710              		.align	1
 711              		.syntax unified
 712              		.thumb
 713              		.thumb_func
 715              	prvCheckTasksWaitingTermination:
 716              	.LFB43:
3463:Middlewares/Third_Party/FreeRTOS/Source/tasks.c **** 
 717              		.loc 1 3463 1 is_stmt 1 view -0
 718              		.cfi_startproc
 719              		@ args = 0, pretend = 0, frame = 0
 720              		@ frame_needed = 0, uses_anonymous_args = 0
 721              	.LBB117:
3469:Middlewares/Third_Party/FreeRTOS/Source/tasks.c **** 
 722              		.loc 1 3469 3 view .LVU215
3473:Middlewares/Third_Party/FreeRTOS/Source/tasks.c **** 		{
 723              		.loc 1 3473 3 view .LVU216
3473:Middlewares/Third_Party/FreeRTOS/Source/tasks.c **** 		{
 724              		.loc 1 3473 39 view .LVU217
 725 0000 0F4B     		ldr	r3, .L59
 726 0002 1B68     		ldr	r3, [r3]
 727 0004 D3B1     		cbz	r3, .L58
 728              	.LBE117:
3463:Middlewares/Third_Party/FreeRTOS/Source/tasks.c **** 
 729              		.loc 1 3463 1 is_stmt 0 view .LVU218
 730 0006 10B5     		push	{r4, lr}
 731              	.LCFI4:
 732              		.cfi_def_cfa_offset 8
 733              		.cfi_offset 4, -8
 734              		.cfi_offset 14, -4
 735              	.L54:
 736              	.LBB118:
3475:Middlewares/Third_Party/FreeRTOS/Source/tasks.c **** 			{
 737              		.loc 1 3475 4 is_stmt 1 view .LVU219
 738 0008 FFF7FEFF 		bl	vPortEnterCritical
 739              	.LVL55:
3477:Middlewares/Third_Party/FreeRTOS/Source/tasks.c **** 				( void ) uxListRemove( &( pxTCB->xStateListItem ) );
 740              		.loc 1 3477 5 view .LVU220
3477:Middlewares/Third_Party/FreeRTOS/Source/tasks.c **** 				( void ) uxListRemove( &( pxTCB->xStateListItem ) );
 741              		.loc 1 3477 25 is_stmt 0 view .LVU221
 742 000c 0D4B     		ldr	r3, .L59+4
 743 000e DB68     		ldr	r3, [r3, #12]
3477:Middlewares/Third_Party/FreeRTOS/Source/tasks.c **** 				( void ) uxListRemove( &( pxTCB->xStateListItem ) );
 744              		.loc 1 3477 11 view .LVU222
 745 0010 DC68     		ldr	r4, [r3, #12]
 746              	.LVL56:
3478:Middlewares/Third_Party/FreeRTOS/Source/tasks.c **** 				--uxCurrentNumberOfTasks;
ARM GAS  C:\Users\31005\AppData\Local\Temp\ccNQ0Tdy.s 			page 86


 747              		.loc 1 3478 5 is_stmt 1 view .LVU223
3478:Middlewares/Third_Party/FreeRTOS/Source/tasks.c **** 				--uxCurrentNumberOfTasks;
 748              		.loc 1 3478 14 is_stmt 0 view .LVU224
 749 0012 201D     		adds	r0, r4, #4
 750 0014 FFF7FEFF 		bl	uxListRemove
 751              	.LVL57:
3479:Middlewares/Third_Party/FreeRTOS/Source/tasks.c **** 				--uxDeletedTasksWaitingCleanUp;
 752              		.loc 1 3479 5 is_stmt 1 view .LVU225
 753 0018 0B4A     		ldr	r2, .L59+8
 754 001a 1368     		ldr	r3, [r2]
 755 001c 013B     		subs	r3, r3, #1
 756 001e 1360     		str	r3, [r2]
3480:Middlewares/Third_Party/FreeRTOS/Source/tasks.c **** 			}
 757              		.loc 1 3480 5 view .LVU226
 758 0020 074A     		ldr	r2, .L59
 759 0022 1368     		ldr	r3, [r2]
 760 0024 013B     		subs	r3, r3, #1
 761 0026 1360     		str	r3, [r2]
3482:Middlewares/Third_Party/FreeRTOS/Source/tasks.c **** 
 762              		.loc 1 3482 4 view .LVU227
 763 0028 FFF7FEFF 		bl	vPortExitCritical
 764              	.LVL58:
3484:Middlewares/Third_Party/FreeRTOS/Source/tasks.c **** 		}
 765              		.loc 1 3484 4 view .LVU228
 766 002c 2046     		mov	r0, r4
 767 002e FFF7FEFF 		bl	prvDeleteTCB
 768              	.LVL59:
3473:Middlewares/Third_Party/FreeRTOS/Source/tasks.c **** 		{
 769              		.loc 1 3473 39 view .LVU229
 770 0032 034B     		ldr	r3, .L59
 771 0034 1B68     		ldr	r3, [r3]
 772 0036 002B     		cmp	r3, #0
 773 0038 E6D1     		bne	.L54
 774              	.LBE118:
3488:Middlewares/Third_Party/FreeRTOS/Source/tasks.c **** /*-----------------------------------------------------------*/
 775              		.loc 1 3488 1 is_stmt 0 view .LVU230
 776 003a 10BD     		pop	{r4, pc}
 777              	.LVL60:
 778              	.L58:
 779              	.LCFI5:
 780              		.cfi_def_cfa_offset 0
 781              		.cfi_restore 4
 782              		.cfi_restore 14
3488:Middlewares/Third_Party/FreeRTOS/Source/tasks.c **** /*-----------------------------------------------------------*/
 783              		.loc 1 3488 1 view .LVU231
 784 003c 7047     		bx	lr
 785              	.L60:
 786 003e 00BF     		.align	2
 787              	.L59:
 788 0040 00000000 		.word	uxDeletedTasksWaitingCleanUp
 789 0044 00000000 		.word	xTasksWaitingTermination
 790 0048 00000000 		.word	uxCurrentNumberOfTasks
 791              		.cfi_endproc
 792              	.LFE43:
 794              		.section	.text.prvIdleTask,"ax",%progbits
 795              		.align	1
 796              		.syntax unified
ARM GAS  C:\Users\31005\AppData\Local\Temp\ccNQ0Tdy.s 			page 87


 797              		.thumb
 798              		.thumb_func
 800              	prvIdleTask:
 801              	.LFB41:
3219:Middlewares/Third_Party/FreeRTOS/Source/tasks.c **** 	/* Stop warnings. */
 802              		.loc 1 3219 1 is_stmt 1 view -0
 803              		.cfi_startproc
 804              		@ Volatile: function does not return.
 805              		@ args = 0, pretend = 0, frame = 0
 806              		@ frame_needed = 0, uses_anonymous_args = 0
 807              	.LVL61:
3219:Middlewares/Third_Party/FreeRTOS/Source/tasks.c **** 	/* Stop warnings. */
 808              		.loc 1 3219 1 is_stmt 0 view .LVU233
 809 0000 08B5     		push	{r3, lr}
 810              	.LCFI6:
 811              		.cfi_def_cfa_offset 8
 812              		.cfi_offset 3, -8
 813              		.cfi_offset 14, -4
 814              	.LVL62:
 815              	.L62:
3221:Middlewares/Third_Party/FreeRTOS/Source/tasks.c **** 
 816              		.loc 1 3221 2 is_stmt 1 view .LVU234
3229:Middlewares/Third_Party/FreeRTOS/Source/tasks.c **** 
 817              		.loc 1 3229 35 view .LVU235
3231:Middlewares/Third_Party/FreeRTOS/Source/tasks.c **** 	{
 818              		.loc 1 3231 2 view .LVU236
3235:Middlewares/Third_Party/FreeRTOS/Source/tasks.c **** 
 819              		.loc 1 3235 3 view .LVU237
 820 0002 FFF7FEFF 		bl	prvCheckTasksWaitingTermination
 821              	.LVL63:
3258:Middlewares/Third_Party/FreeRTOS/Source/tasks.c **** 			{
 822              		.loc 1 3258 4 view .LVU238
3258:Middlewares/Third_Party/FreeRTOS/Source/tasks.c **** 			{
 823              		.loc 1 3258 8 is_stmt 0 view .LVU239
 824 0006 074B     		ldr	r3, .L65
 825 0008 1B68     		ldr	r3, [r3]
3258:Middlewares/Third_Party/FreeRTOS/Source/tasks.c **** 			{
 826              		.loc 1 3258 6 view .LVU240
 827 000a 012B     		cmp	r3, #1
 828 000c F9D9     		bls	.L62
3260:Middlewares/Third_Party/FreeRTOS/Source/tasks.c **** 			}
 829              		.loc 1 3260 5 is_stmt 1 view .LVU241
 830 000e 4FF0E023 		mov	r3, #-536813568
 831 0012 4FF08052 		mov	r2, #268435456
 832 0016 C3F8042D 		str	r2, [r3, #3332]
3260:Middlewares/Third_Party/FreeRTOS/Source/tasks.c **** 			}
 833              		.loc 1 3260 5 view .LVU242
 834              		.syntax unified
 835              	@ 3260 "Middlewares/Third_Party/FreeRTOS/Source/tasks.c" 1
 836 001a BFF34F8F 		dsb
 837              	@ 0 "" 2
3260:Middlewares/Third_Party/FreeRTOS/Source/tasks.c **** 			}
 838              		.loc 1 3260 5 view .LVU243
 839              	@ 3260 "Middlewares/Third_Party/FreeRTOS/Source/tasks.c" 1
 840 001e BFF36F8F 		isb
 841              	@ 0 "" 2
3260:Middlewares/Third_Party/FreeRTOS/Source/tasks.c **** 			}
ARM GAS  C:\Users\31005\AppData\Local\Temp\ccNQ0Tdy.s 			page 88


 842              		.loc 1 3260 16 view .LVU244
 843              		.thumb
 844              		.syntax unified
 845 0022 EEE7     		b	.L62
 846              	.L66:
 847              		.align	2
 848              	.L65:
 849 0024 00000000 		.word	pxReadyTasksLists
 850              		.cfi_endproc
 851              	.LFE41:
 853              		.section	.text.prvAddCurrentTaskToDelayedList,"ax",%progbits
 854              		.align	1
 855              		.syntax unified
 856              		.thumb
 857              		.thumb_func
 859              	prvAddCurrentTaskToDelayedList:
 860              	.LVL64:
 861              	.LFB63:
3746:Middlewares/Third_Party/FreeRTOS/Source/tasks.c **** /*-----------------------------------------------------------*/
3747:Middlewares/Third_Party/FreeRTOS/Source/tasks.c **** 
3748:Middlewares/Third_Party/FreeRTOS/Source/tasks.c **** #if ( ( INCLUDE_xTaskGetCurrentTaskHandle == 1 ) || ( configUSE_MUTEXES == 1 ) )
3749:Middlewares/Third_Party/FreeRTOS/Source/tasks.c **** 
3750:Middlewares/Third_Party/FreeRTOS/Source/tasks.c **** 	TaskHandle_t xTaskGetCurrentTaskHandle( void )
3751:Middlewares/Third_Party/FreeRTOS/Source/tasks.c **** 	{
3752:Middlewares/Third_Party/FreeRTOS/Source/tasks.c **** 	TaskHandle_t xReturn;
3753:Middlewares/Third_Party/FreeRTOS/Source/tasks.c **** 
3754:Middlewares/Third_Party/FreeRTOS/Source/tasks.c **** 		/* A critical section is not required as this is not called from
3755:Middlewares/Third_Party/FreeRTOS/Source/tasks.c **** 		an interrupt and the current TCB will always be the same for any
3756:Middlewares/Third_Party/FreeRTOS/Source/tasks.c **** 		individual execution thread. */
3757:Middlewares/Third_Party/FreeRTOS/Source/tasks.c **** 		xReturn = pxCurrentTCB;
3758:Middlewares/Third_Party/FreeRTOS/Source/tasks.c **** 
3759:Middlewares/Third_Party/FreeRTOS/Source/tasks.c **** 		return xReturn;
3760:Middlewares/Third_Party/FreeRTOS/Source/tasks.c **** 	}
3761:Middlewares/Third_Party/FreeRTOS/Source/tasks.c **** 
3762:Middlewares/Third_Party/FreeRTOS/Source/tasks.c **** #endif /* ( ( INCLUDE_xTaskGetCurrentTaskHandle == 1 ) || ( configUSE_MUTEXES == 1 ) ) */
3763:Middlewares/Third_Party/FreeRTOS/Source/tasks.c **** /*-----------------------------------------------------------*/
3764:Middlewares/Third_Party/FreeRTOS/Source/tasks.c **** 
3765:Middlewares/Third_Party/FreeRTOS/Source/tasks.c **** #if ( ( INCLUDE_xTaskGetSchedulerState == 1 ) || ( configUSE_TIMERS == 1 ) )
3766:Middlewares/Third_Party/FreeRTOS/Source/tasks.c **** 
3767:Middlewares/Third_Party/FreeRTOS/Source/tasks.c **** 	BaseType_t xTaskGetSchedulerState( void )
3768:Middlewares/Third_Party/FreeRTOS/Source/tasks.c **** 	{
3769:Middlewares/Third_Party/FreeRTOS/Source/tasks.c **** 	BaseType_t xReturn;
3770:Middlewares/Third_Party/FreeRTOS/Source/tasks.c **** 
3771:Middlewares/Third_Party/FreeRTOS/Source/tasks.c **** 		if( xSchedulerRunning == pdFALSE )
3772:Middlewares/Third_Party/FreeRTOS/Source/tasks.c **** 		{
3773:Middlewares/Third_Party/FreeRTOS/Source/tasks.c **** 			xReturn = taskSCHEDULER_NOT_STARTED;
3774:Middlewares/Third_Party/FreeRTOS/Source/tasks.c **** 		}
3775:Middlewares/Third_Party/FreeRTOS/Source/tasks.c **** 		else
3776:Middlewares/Third_Party/FreeRTOS/Source/tasks.c **** 		{
3777:Middlewares/Third_Party/FreeRTOS/Source/tasks.c **** 			if( uxSchedulerSuspended == ( UBaseType_t ) pdFALSE )
3778:Middlewares/Third_Party/FreeRTOS/Source/tasks.c **** 			{
3779:Middlewares/Third_Party/FreeRTOS/Source/tasks.c **** 				xReturn = taskSCHEDULER_RUNNING;
3780:Middlewares/Third_Party/FreeRTOS/Source/tasks.c **** 			}
3781:Middlewares/Third_Party/FreeRTOS/Source/tasks.c **** 			else
3782:Middlewares/Third_Party/FreeRTOS/Source/tasks.c **** 			{
3783:Middlewares/Third_Party/FreeRTOS/Source/tasks.c **** 				xReturn = taskSCHEDULER_SUSPENDED;
3784:Middlewares/Third_Party/FreeRTOS/Source/tasks.c **** 			}
ARM GAS  C:\Users\31005\AppData\Local\Temp\ccNQ0Tdy.s 			page 89


3785:Middlewares/Third_Party/FreeRTOS/Source/tasks.c **** 		}
3786:Middlewares/Third_Party/FreeRTOS/Source/tasks.c **** 
3787:Middlewares/Third_Party/FreeRTOS/Source/tasks.c **** 		return xReturn;
3788:Middlewares/Third_Party/FreeRTOS/Source/tasks.c **** 	}
3789:Middlewares/Third_Party/FreeRTOS/Source/tasks.c **** 
3790:Middlewares/Third_Party/FreeRTOS/Source/tasks.c **** #endif /* ( ( INCLUDE_xTaskGetSchedulerState == 1 ) || ( configUSE_TIMERS == 1 ) ) */
3791:Middlewares/Third_Party/FreeRTOS/Source/tasks.c **** /*-----------------------------------------------------------*/
3792:Middlewares/Third_Party/FreeRTOS/Source/tasks.c **** 
3793:Middlewares/Third_Party/FreeRTOS/Source/tasks.c **** #if ( configUSE_MUTEXES == 1 )
3794:Middlewares/Third_Party/FreeRTOS/Source/tasks.c **** 
3795:Middlewares/Third_Party/FreeRTOS/Source/tasks.c **** 	BaseType_t xTaskPriorityInherit( TaskHandle_t const pxMutexHolder )
3796:Middlewares/Third_Party/FreeRTOS/Source/tasks.c **** 	{
3797:Middlewares/Third_Party/FreeRTOS/Source/tasks.c **** 	TCB_t * const pxMutexHolderTCB = ( TCB_t * ) pxMutexHolder;
3798:Middlewares/Third_Party/FreeRTOS/Source/tasks.c **** 	BaseType_t xReturn = pdFALSE;
3799:Middlewares/Third_Party/FreeRTOS/Source/tasks.c **** 
3800:Middlewares/Third_Party/FreeRTOS/Source/tasks.c **** 		/* If the mutex was given back by an interrupt while the queue was
3801:Middlewares/Third_Party/FreeRTOS/Source/tasks.c **** 		locked then the mutex holder might now be NULL.  _RB_ Is this still
3802:Middlewares/Third_Party/FreeRTOS/Source/tasks.c **** 		needed as interrupts can no longer use mutexes? */
3803:Middlewares/Third_Party/FreeRTOS/Source/tasks.c **** 		if( pxMutexHolder != NULL )
3804:Middlewares/Third_Party/FreeRTOS/Source/tasks.c **** 		{
3805:Middlewares/Third_Party/FreeRTOS/Source/tasks.c **** 			/* If the holder of the mutex has a priority below the priority of
3806:Middlewares/Third_Party/FreeRTOS/Source/tasks.c **** 			the task attempting to obtain the mutex then it will temporarily
3807:Middlewares/Third_Party/FreeRTOS/Source/tasks.c **** 			inherit the priority of the task attempting to obtain the mutex. */
3808:Middlewares/Third_Party/FreeRTOS/Source/tasks.c **** 			if( pxMutexHolderTCB->uxPriority < pxCurrentTCB->uxPriority )
3809:Middlewares/Third_Party/FreeRTOS/Source/tasks.c **** 			{
3810:Middlewares/Third_Party/FreeRTOS/Source/tasks.c **** 				/* Adjust the mutex holder state to account for its new
3811:Middlewares/Third_Party/FreeRTOS/Source/tasks.c **** 				priority.  Only reset the event list item value if the value is
3812:Middlewares/Third_Party/FreeRTOS/Source/tasks.c **** 				not being used for anything else. */
3813:Middlewares/Third_Party/FreeRTOS/Source/tasks.c **** 				if( ( listGET_LIST_ITEM_VALUE( &( pxMutexHolderTCB->xEventListItem ) ) & taskEVENT_LIST_ITEM_VA
3814:Middlewares/Third_Party/FreeRTOS/Source/tasks.c **** 				{
3815:Middlewares/Third_Party/FreeRTOS/Source/tasks.c **** 					listSET_LIST_ITEM_VALUE( &( pxMutexHolderTCB->xEventListItem ), ( TickType_t ) configMAX_PRIOR
3816:Middlewares/Third_Party/FreeRTOS/Source/tasks.c **** 				}
3817:Middlewares/Third_Party/FreeRTOS/Source/tasks.c **** 				else
3818:Middlewares/Third_Party/FreeRTOS/Source/tasks.c **** 				{
3819:Middlewares/Third_Party/FreeRTOS/Source/tasks.c **** 					mtCOVERAGE_TEST_MARKER();
3820:Middlewares/Third_Party/FreeRTOS/Source/tasks.c **** 				}
3821:Middlewares/Third_Party/FreeRTOS/Source/tasks.c **** 
3822:Middlewares/Third_Party/FreeRTOS/Source/tasks.c **** 				/* If the task being modified is in the ready state it will need
3823:Middlewares/Third_Party/FreeRTOS/Source/tasks.c **** 				to be moved into a new list. */
3824:Middlewares/Third_Party/FreeRTOS/Source/tasks.c **** 				if( listIS_CONTAINED_WITHIN( &( pxReadyTasksLists[ pxMutexHolderTCB->uxPriority ] ), &( pxMutex
3825:Middlewares/Third_Party/FreeRTOS/Source/tasks.c **** 				{
3826:Middlewares/Third_Party/FreeRTOS/Source/tasks.c **** 					if( uxListRemove( &( pxMutexHolderTCB->xStateListItem ) ) == ( UBaseType_t ) 0 )
3827:Middlewares/Third_Party/FreeRTOS/Source/tasks.c **** 					{
3828:Middlewares/Third_Party/FreeRTOS/Source/tasks.c **** 						taskRESET_READY_PRIORITY( pxMutexHolderTCB->uxPriority );
3829:Middlewares/Third_Party/FreeRTOS/Source/tasks.c **** 					}
3830:Middlewares/Third_Party/FreeRTOS/Source/tasks.c **** 					else
3831:Middlewares/Third_Party/FreeRTOS/Source/tasks.c **** 					{
3832:Middlewares/Third_Party/FreeRTOS/Source/tasks.c **** 						mtCOVERAGE_TEST_MARKER();
3833:Middlewares/Third_Party/FreeRTOS/Source/tasks.c **** 					}
3834:Middlewares/Third_Party/FreeRTOS/Source/tasks.c **** 
3835:Middlewares/Third_Party/FreeRTOS/Source/tasks.c **** 					/* Inherit the priority before being moved into the new list. */
3836:Middlewares/Third_Party/FreeRTOS/Source/tasks.c **** 					pxMutexHolderTCB->uxPriority = pxCurrentTCB->uxPriority;
3837:Middlewares/Third_Party/FreeRTOS/Source/tasks.c **** 					prvAddTaskToReadyList( pxMutexHolderTCB );
3838:Middlewares/Third_Party/FreeRTOS/Source/tasks.c **** 				}
3839:Middlewares/Third_Party/FreeRTOS/Source/tasks.c **** 				else
3840:Middlewares/Third_Party/FreeRTOS/Source/tasks.c **** 				{
3841:Middlewares/Third_Party/FreeRTOS/Source/tasks.c **** 					/* Just inherit the priority. */
ARM GAS  C:\Users\31005\AppData\Local\Temp\ccNQ0Tdy.s 			page 90


3842:Middlewares/Third_Party/FreeRTOS/Source/tasks.c **** 					pxMutexHolderTCB->uxPriority = pxCurrentTCB->uxPriority;
3843:Middlewares/Third_Party/FreeRTOS/Source/tasks.c **** 				}
3844:Middlewares/Third_Party/FreeRTOS/Source/tasks.c **** 
3845:Middlewares/Third_Party/FreeRTOS/Source/tasks.c **** 				traceTASK_PRIORITY_INHERIT( pxMutexHolderTCB, pxCurrentTCB->uxPriority );
3846:Middlewares/Third_Party/FreeRTOS/Source/tasks.c **** 
3847:Middlewares/Third_Party/FreeRTOS/Source/tasks.c **** 				/* Inheritance occurred. */
3848:Middlewares/Third_Party/FreeRTOS/Source/tasks.c **** 				xReturn = pdTRUE;
3849:Middlewares/Third_Party/FreeRTOS/Source/tasks.c **** 			}
3850:Middlewares/Third_Party/FreeRTOS/Source/tasks.c **** 			else
3851:Middlewares/Third_Party/FreeRTOS/Source/tasks.c **** 			{
3852:Middlewares/Third_Party/FreeRTOS/Source/tasks.c **** 				if( pxMutexHolderTCB->uxBasePriority < pxCurrentTCB->uxPriority )
3853:Middlewares/Third_Party/FreeRTOS/Source/tasks.c **** 				{
3854:Middlewares/Third_Party/FreeRTOS/Source/tasks.c **** 					/* The base priority of the mutex holder is lower than the
3855:Middlewares/Third_Party/FreeRTOS/Source/tasks.c **** 					priority of the task attempting to take the mutex, but the
3856:Middlewares/Third_Party/FreeRTOS/Source/tasks.c **** 					current priority of the mutex holder is not lower than the
3857:Middlewares/Third_Party/FreeRTOS/Source/tasks.c **** 					priority of the task attempting to take the mutex.
3858:Middlewares/Third_Party/FreeRTOS/Source/tasks.c **** 					Therefore the mutex holder must have already inherited a
3859:Middlewares/Third_Party/FreeRTOS/Source/tasks.c **** 					priority, but inheritance would have occurred if that had
3860:Middlewares/Third_Party/FreeRTOS/Source/tasks.c **** 					not been the case. */
3861:Middlewares/Third_Party/FreeRTOS/Source/tasks.c **** 					xReturn = pdTRUE;
3862:Middlewares/Third_Party/FreeRTOS/Source/tasks.c **** 				}
3863:Middlewares/Third_Party/FreeRTOS/Source/tasks.c **** 				else
3864:Middlewares/Third_Party/FreeRTOS/Source/tasks.c **** 				{
3865:Middlewares/Third_Party/FreeRTOS/Source/tasks.c **** 					mtCOVERAGE_TEST_MARKER();
3866:Middlewares/Third_Party/FreeRTOS/Source/tasks.c **** 				}
3867:Middlewares/Third_Party/FreeRTOS/Source/tasks.c **** 			}
3868:Middlewares/Third_Party/FreeRTOS/Source/tasks.c **** 		}
3869:Middlewares/Third_Party/FreeRTOS/Source/tasks.c **** 		else
3870:Middlewares/Third_Party/FreeRTOS/Source/tasks.c **** 		{
3871:Middlewares/Third_Party/FreeRTOS/Source/tasks.c **** 			mtCOVERAGE_TEST_MARKER();
3872:Middlewares/Third_Party/FreeRTOS/Source/tasks.c **** 		}
3873:Middlewares/Third_Party/FreeRTOS/Source/tasks.c **** 
3874:Middlewares/Third_Party/FreeRTOS/Source/tasks.c **** 		return xReturn;
3875:Middlewares/Third_Party/FreeRTOS/Source/tasks.c **** 	}
3876:Middlewares/Third_Party/FreeRTOS/Source/tasks.c **** 
3877:Middlewares/Third_Party/FreeRTOS/Source/tasks.c **** #endif /* configUSE_MUTEXES */
3878:Middlewares/Third_Party/FreeRTOS/Source/tasks.c **** /*-----------------------------------------------------------*/
3879:Middlewares/Third_Party/FreeRTOS/Source/tasks.c **** 
3880:Middlewares/Third_Party/FreeRTOS/Source/tasks.c **** #if ( configUSE_MUTEXES == 1 )
3881:Middlewares/Third_Party/FreeRTOS/Source/tasks.c **** 
3882:Middlewares/Third_Party/FreeRTOS/Source/tasks.c **** 	BaseType_t xTaskPriorityDisinherit( TaskHandle_t const pxMutexHolder )
3883:Middlewares/Third_Party/FreeRTOS/Source/tasks.c **** 	{
3884:Middlewares/Third_Party/FreeRTOS/Source/tasks.c **** 	TCB_t * const pxTCB = ( TCB_t * ) pxMutexHolder;
3885:Middlewares/Third_Party/FreeRTOS/Source/tasks.c **** 	BaseType_t xReturn = pdFALSE;
3886:Middlewares/Third_Party/FreeRTOS/Source/tasks.c **** 
3887:Middlewares/Third_Party/FreeRTOS/Source/tasks.c **** 		if( pxMutexHolder != NULL )
3888:Middlewares/Third_Party/FreeRTOS/Source/tasks.c **** 		{
3889:Middlewares/Third_Party/FreeRTOS/Source/tasks.c **** 			/* A task can only have an inherited priority if it holds the mutex.
3890:Middlewares/Third_Party/FreeRTOS/Source/tasks.c **** 			If the mutex is held by a task then it cannot be given from an
3891:Middlewares/Third_Party/FreeRTOS/Source/tasks.c **** 			interrupt, and if a mutex is given by the holding task then it must
3892:Middlewares/Third_Party/FreeRTOS/Source/tasks.c **** 			be the running state task. */
3893:Middlewares/Third_Party/FreeRTOS/Source/tasks.c **** 			configASSERT( pxTCB == pxCurrentTCB );
3894:Middlewares/Third_Party/FreeRTOS/Source/tasks.c **** 			configASSERT( pxTCB->uxMutexesHeld );
3895:Middlewares/Third_Party/FreeRTOS/Source/tasks.c **** 			( pxTCB->uxMutexesHeld )--;
3896:Middlewares/Third_Party/FreeRTOS/Source/tasks.c **** 
3897:Middlewares/Third_Party/FreeRTOS/Source/tasks.c **** 			/* Has the holder of the mutex inherited the priority of another
3898:Middlewares/Third_Party/FreeRTOS/Source/tasks.c **** 			task? */
ARM GAS  C:\Users\31005\AppData\Local\Temp\ccNQ0Tdy.s 			page 91


3899:Middlewares/Third_Party/FreeRTOS/Source/tasks.c **** 			if( pxTCB->uxPriority != pxTCB->uxBasePriority )
3900:Middlewares/Third_Party/FreeRTOS/Source/tasks.c **** 			{
3901:Middlewares/Third_Party/FreeRTOS/Source/tasks.c **** 				/* Only disinherit if no other mutexes are held. */
3902:Middlewares/Third_Party/FreeRTOS/Source/tasks.c **** 				if( pxTCB->uxMutexesHeld == ( UBaseType_t ) 0 )
3903:Middlewares/Third_Party/FreeRTOS/Source/tasks.c **** 				{
3904:Middlewares/Third_Party/FreeRTOS/Source/tasks.c **** 					/* A task can only have an inherited priority if it holds
3905:Middlewares/Third_Party/FreeRTOS/Source/tasks.c **** 					the mutex.  If the mutex is held by a task then it cannot be
3906:Middlewares/Third_Party/FreeRTOS/Source/tasks.c **** 					given from an interrupt, and if a mutex is given by the
3907:Middlewares/Third_Party/FreeRTOS/Source/tasks.c **** 					holding task then it must be the running state task.  Remove
3908:Middlewares/Third_Party/FreeRTOS/Source/tasks.c **** 					the holding task from the ready list. */
3909:Middlewares/Third_Party/FreeRTOS/Source/tasks.c **** 					if( uxListRemove( &( pxTCB->xStateListItem ) ) == ( UBaseType_t ) 0 )
3910:Middlewares/Third_Party/FreeRTOS/Source/tasks.c **** 					{
3911:Middlewares/Third_Party/FreeRTOS/Source/tasks.c **** 						taskRESET_READY_PRIORITY( pxTCB->uxPriority );
3912:Middlewares/Third_Party/FreeRTOS/Source/tasks.c **** 					}
3913:Middlewares/Third_Party/FreeRTOS/Source/tasks.c **** 					else
3914:Middlewares/Third_Party/FreeRTOS/Source/tasks.c **** 					{
3915:Middlewares/Third_Party/FreeRTOS/Source/tasks.c **** 						mtCOVERAGE_TEST_MARKER();
3916:Middlewares/Third_Party/FreeRTOS/Source/tasks.c **** 					}
3917:Middlewares/Third_Party/FreeRTOS/Source/tasks.c **** 
3918:Middlewares/Third_Party/FreeRTOS/Source/tasks.c **** 					/* Disinherit the priority before adding the task into the
3919:Middlewares/Third_Party/FreeRTOS/Source/tasks.c **** 					new	ready list. */
3920:Middlewares/Third_Party/FreeRTOS/Source/tasks.c **** 					traceTASK_PRIORITY_DISINHERIT( pxTCB, pxTCB->uxBasePriority );
3921:Middlewares/Third_Party/FreeRTOS/Source/tasks.c **** 					pxTCB->uxPriority = pxTCB->uxBasePriority;
3922:Middlewares/Third_Party/FreeRTOS/Source/tasks.c **** 
3923:Middlewares/Third_Party/FreeRTOS/Source/tasks.c **** 					/* Reset the event list item value.  It cannot be in use for
3924:Middlewares/Third_Party/FreeRTOS/Source/tasks.c **** 					any other purpose if this task is running, and it must be
3925:Middlewares/Third_Party/FreeRTOS/Source/tasks.c **** 					running to give back the mutex. */
3926:Middlewares/Third_Party/FreeRTOS/Source/tasks.c **** 					listSET_LIST_ITEM_VALUE( &( pxTCB->xEventListItem ), ( TickType_t ) configMAX_PRIORITIES - ( T
3927:Middlewares/Third_Party/FreeRTOS/Source/tasks.c **** 					prvAddTaskToReadyList( pxTCB );
3928:Middlewares/Third_Party/FreeRTOS/Source/tasks.c **** 
3929:Middlewares/Third_Party/FreeRTOS/Source/tasks.c **** 					/* Return true to indicate that a context switch is required.
3930:Middlewares/Third_Party/FreeRTOS/Source/tasks.c **** 					This is only actually required in the corner case whereby
3931:Middlewares/Third_Party/FreeRTOS/Source/tasks.c **** 					multiple mutexes were held and the mutexes were given back
3932:Middlewares/Third_Party/FreeRTOS/Source/tasks.c **** 					in an order different to that in which they were taken.
3933:Middlewares/Third_Party/FreeRTOS/Source/tasks.c **** 					If a context switch did not occur when the first mutex was
3934:Middlewares/Third_Party/FreeRTOS/Source/tasks.c **** 					returned, even if a task was waiting on it, then a context
3935:Middlewares/Third_Party/FreeRTOS/Source/tasks.c **** 					switch should occur when the last mutex is returned whether
3936:Middlewares/Third_Party/FreeRTOS/Source/tasks.c **** 					a task is waiting on it or not. */
3937:Middlewares/Third_Party/FreeRTOS/Source/tasks.c **** 					xReturn = pdTRUE;
3938:Middlewares/Third_Party/FreeRTOS/Source/tasks.c **** 				}
3939:Middlewares/Third_Party/FreeRTOS/Source/tasks.c **** 				else
3940:Middlewares/Third_Party/FreeRTOS/Source/tasks.c **** 				{
3941:Middlewares/Third_Party/FreeRTOS/Source/tasks.c **** 					mtCOVERAGE_TEST_MARKER();
3942:Middlewares/Third_Party/FreeRTOS/Source/tasks.c **** 				}
3943:Middlewares/Third_Party/FreeRTOS/Source/tasks.c **** 			}
3944:Middlewares/Third_Party/FreeRTOS/Source/tasks.c **** 			else
3945:Middlewares/Third_Party/FreeRTOS/Source/tasks.c **** 			{
3946:Middlewares/Third_Party/FreeRTOS/Source/tasks.c **** 				mtCOVERAGE_TEST_MARKER();
3947:Middlewares/Third_Party/FreeRTOS/Source/tasks.c **** 			}
3948:Middlewares/Third_Party/FreeRTOS/Source/tasks.c **** 		}
3949:Middlewares/Third_Party/FreeRTOS/Source/tasks.c **** 		else
3950:Middlewares/Third_Party/FreeRTOS/Source/tasks.c **** 		{
3951:Middlewares/Third_Party/FreeRTOS/Source/tasks.c **** 			mtCOVERAGE_TEST_MARKER();
3952:Middlewares/Third_Party/FreeRTOS/Source/tasks.c **** 		}
3953:Middlewares/Third_Party/FreeRTOS/Source/tasks.c **** 
3954:Middlewares/Third_Party/FreeRTOS/Source/tasks.c **** 		return xReturn;
3955:Middlewares/Third_Party/FreeRTOS/Source/tasks.c **** 	}
ARM GAS  C:\Users\31005\AppData\Local\Temp\ccNQ0Tdy.s 			page 92


3956:Middlewares/Third_Party/FreeRTOS/Source/tasks.c **** 
3957:Middlewares/Third_Party/FreeRTOS/Source/tasks.c **** #endif /* configUSE_MUTEXES */
3958:Middlewares/Third_Party/FreeRTOS/Source/tasks.c **** /*-----------------------------------------------------------*/
3959:Middlewares/Third_Party/FreeRTOS/Source/tasks.c **** 
3960:Middlewares/Third_Party/FreeRTOS/Source/tasks.c **** #if ( configUSE_MUTEXES == 1 )
3961:Middlewares/Third_Party/FreeRTOS/Source/tasks.c **** 
3962:Middlewares/Third_Party/FreeRTOS/Source/tasks.c **** 	void vTaskPriorityDisinheritAfterTimeout( TaskHandle_t const pxMutexHolder, UBaseType_t uxHighestP
3963:Middlewares/Third_Party/FreeRTOS/Source/tasks.c **** 	{
3964:Middlewares/Third_Party/FreeRTOS/Source/tasks.c **** 	TCB_t * const pxTCB = ( TCB_t * ) pxMutexHolder;
3965:Middlewares/Third_Party/FreeRTOS/Source/tasks.c **** 	UBaseType_t uxPriorityUsedOnEntry, uxPriorityToUse;
3966:Middlewares/Third_Party/FreeRTOS/Source/tasks.c **** 	const UBaseType_t uxOnlyOneMutexHeld = ( UBaseType_t ) 1;
3967:Middlewares/Third_Party/FreeRTOS/Source/tasks.c **** 
3968:Middlewares/Third_Party/FreeRTOS/Source/tasks.c **** 		if( pxMutexHolder != NULL )
3969:Middlewares/Third_Party/FreeRTOS/Source/tasks.c **** 		{
3970:Middlewares/Third_Party/FreeRTOS/Source/tasks.c **** 			/* If pxMutexHolder is not NULL then the holder must hold at least
3971:Middlewares/Third_Party/FreeRTOS/Source/tasks.c **** 			one mutex. */
3972:Middlewares/Third_Party/FreeRTOS/Source/tasks.c **** 			configASSERT( pxTCB->uxMutexesHeld );
3973:Middlewares/Third_Party/FreeRTOS/Source/tasks.c **** 
3974:Middlewares/Third_Party/FreeRTOS/Source/tasks.c **** 			/* Determine the priority to which the priority of the task that
3975:Middlewares/Third_Party/FreeRTOS/Source/tasks.c **** 			holds the mutex should be set.  This will be the greater of the
3976:Middlewares/Third_Party/FreeRTOS/Source/tasks.c **** 			holding task's base priority and the priority of the highest
3977:Middlewares/Third_Party/FreeRTOS/Source/tasks.c **** 			priority task that is waiting to obtain the mutex. */
3978:Middlewares/Third_Party/FreeRTOS/Source/tasks.c **** 			if( pxTCB->uxBasePriority < uxHighestPriorityWaitingTask )
3979:Middlewares/Third_Party/FreeRTOS/Source/tasks.c **** 			{
3980:Middlewares/Third_Party/FreeRTOS/Source/tasks.c **** 				uxPriorityToUse = uxHighestPriorityWaitingTask;
3981:Middlewares/Third_Party/FreeRTOS/Source/tasks.c **** 			}
3982:Middlewares/Third_Party/FreeRTOS/Source/tasks.c **** 			else
3983:Middlewares/Third_Party/FreeRTOS/Source/tasks.c **** 			{
3984:Middlewares/Third_Party/FreeRTOS/Source/tasks.c **** 				uxPriorityToUse = pxTCB->uxBasePriority;
3985:Middlewares/Third_Party/FreeRTOS/Source/tasks.c **** 			}
3986:Middlewares/Third_Party/FreeRTOS/Source/tasks.c **** 
3987:Middlewares/Third_Party/FreeRTOS/Source/tasks.c **** 			/* Does the priority need to change? */
3988:Middlewares/Third_Party/FreeRTOS/Source/tasks.c **** 			if( pxTCB->uxPriority != uxPriorityToUse )
3989:Middlewares/Third_Party/FreeRTOS/Source/tasks.c **** 			{
3990:Middlewares/Third_Party/FreeRTOS/Source/tasks.c **** 				/* Only disinherit if no other mutexes are held.  This is a
3991:Middlewares/Third_Party/FreeRTOS/Source/tasks.c **** 				simplification in the priority inheritance implementation.  If
3992:Middlewares/Third_Party/FreeRTOS/Source/tasks.c **** 				the task that holds the mutex is also holding other mutexes then
3993:Middlewares/Third_Party/FreeRTOS/Source/tasks.c **** 				the other mutexes may have caused the priority inheritance. */
3994:Middlewares/Third_Party/FreeRTOS/Source/tasks.c **** 				if( pxTCB->uxMutexesHeld == uxOnlyOneMutexHeld )
3995:Middlewares/Third_Party/FreeRTOS/Source/tasks.c **** 				{
3996:Middlewares/Third_Party/FreeRTOS/Source/tasks.c **** 					/* If a task has timed out because it already holds the
3997:Middlewares/Third_Party/FreeRTOS/Source/tasks.c **** 					mutex it was trying to obtain then it cannot of inherited
3998:Middlewares/Third_Party/FreeRTOS/Source/tasks.c **** 					its own priority. */
3999:Middlewares/Third_Party/FreeRTOS/Source/tasks.c **** 					configASSERT( pxTCB != pxCurrentTCB );
4000:Middlewares/Third_Party/FreeRTOS/Source/tasks.c **** 
4001:Middlewares/Third_Party/FreeRTOS/Source/tasks.c **** 					/* Disinherit the priority, remembering the previous
4002:Middlewares/Third_Party/FreeRTOS/Source/tasks.c **** 					priority to facilitate determining the subject task's
4003:Middlewares/Third_Party/FreeRTOS/Source/tasks.c **** 					state. */
4004:Middlewares/Third_Party/FreeRTOS/Source/tasks.c **** 					traceTASK_PRIORITY_DISINHERIT( pxTCB, pxTCB->uxBasePriority );
4005:Middlewares/Third_Party/FreeRTOS/Source/tasks.c **** 					uxPriorityUsedOnEntry = pxTCB->uxPriority;
4006:Middlewares/Third_Party/FreeRTOS/Source/tasks.c **** 					pxTCB->uxPriority = uxPriorityToUse;
4007:Middlewares/Third_Party/FreeRTOS/Source/tasks.c **** 
4008:Middlewares/Third_Party/FreeRTOS/Source/tasks.c **** 					/* Only reset the event list item value if the value is not
4009:Middlewares/Third_Party/FreeRTOS/Source/tasks.c **** 					being used for anything else. */
4010:Middlewares/Third_Party/FreeRTOS/Source/tasks.c **** 					if( ( listGET_LIST_ITEM_VALUE( &( pxTCB->xEventListItem ) ) & taskEVENT_LIST_ITEM_VALUE_IN_USE
4011:Middlewares/Third_Party/FreeRTOS/Source/tasks.c **** 					{
4012:Middlewares/Third_Party/FreeRTOS/Source/tasks.c **** 						listSET_LIST_ITEM_VALUE( &( pxTCB->xEventListItem ), ( TickType_t ) configMAX_PRIORITIES - ( 
ARM GAS  C:\Users\31005\AppData\Local\Temp\ccNQ0Tdy.s 			page 93


4013:Middlewares/Third_Party/FreeRTOS/Source/tasks.c **** 					}
4014:Middlewares/Third_Party/FreeRTOS/Source/tasks.c **** 					else
4015:Middlewares/Third_Party/FreeRTOS/Source/tasks.c **** 					{
4016:Middlewares/Third_Party/FreeRTOS/Source/tasks.c **** 						mtCOVERAGE_TEST_MARKER();
4017:Middlewares/Third_Party/FreeRTOS/Source/tasks.c **** 					}
4018:Middlewares/Third_Party/FreeRTOS/Source/tasks.c **** 
4019:Middlewares/Third_Party/FreeRTOS/Source/tasks.c **** 					/* If the running task is not the task that holds the mutex
4020:Middlewares/Third_Party/FreeRTOS/Source/tasks.c **** 					then the task that holds the mutex could be in either the
4021:Middlewares/Third_Party/FreeRTOS/Source/tasks.c **** 					Ready, Blocked or Suspended states.  Only remove the task
4022:Middlewares/Third_Party/FreeRTOS/Source/tasks.c **** 					from its current state list if it is in the Ready state as
4023:Middlewares/Third_Party/FreeRTOS/Source/tasks.c **** 					the task's priority is going to change and there is one
4024:Middlewares/Third_Party/FreeRTOS/Source/tasks.c **** 					Ready list per priority. */
4025:Middlewares/Third_Party/FreeRTOS/Source/tasks.c **** 					if( listIS_CONTAINED_WITHIN( &( pxReadyTasksLists[ uxPriorityUsedOnEntry ] ), &( pxTCB->xState
4026:Middlewares/Third_Party/FreeRTOS/Source/tasks.c **** 					{
4027:Middlewares/Third_Party/FreeRTOS/Source/tasks.c **** 						if( uxListRemove( &( pxTCB->xStateListItem ) ) == ( UBaseType_t ) 0 )
4028:Middlewares/Third_Party/FreeRTOS/Source/tasks.c **** 						{
4029:Middlewares/Third_Party/FreeRTOS/Source/tasks.c **** 							taskRESET_READY_PRIORITY( pxTCB->uxPriority );
4030:Middlewares/Third_Party/FreeRTOS/Source/tasks.c **** 						}
4031:Middlewares/Third_Party/FreeRTOS/Source/tasks.c **** 						else
4032:Middlewares/Third_Party/FreeRTOS/Source/tasks.c **** 						{
4033:Middlewares/Third_Party/FreeRTOS/Source/tasks.c **** 							mtCOVERAGE_TEST_MARKER();
4034:Middlewares/Third_Party/FreeRTOS/Source/tasks.c **** 						}
4035:Middlewares/Third_Party/FreeRTOS/Source/tasks.c **** 
4036:Middlewares/Third_Party/FreeRTOS/Source/tasks.c **** 						prvAddTaskToReadyList( pxTCB );
4037:Middlewares/Third_Party/FreeRTOS/Source/tasks.c **** 					}
4038:Middlewares/Third_Party/FreeRTOS/Source/tasks.c **** 					else
4039:Middlewares/Third_Party/FreeRTOS/Source/tasks.c **** 					{
4040:Middlewares/Third_Party/FreeRTOS/Source/tasks.c **** 						mtCOVERAGE_TEST_MARKER();
4041:Middlewares/Third_Party/FreeRTOS/Source/tasks.c **** 					}
4042:Middlewares/Third_Party/FreeRTOS/Source/tasks.c **** 				}
4043:Middlewares/Third_Party/FreeRTOS/Source/tasks.c **** 				else
4044:Middlewares/Third_Party/FreeRTOS/Source/tasks.c **** 				{
4045:Middlewares/Third_Party/FreeRTOS/Source/tasks.c **** 					mtCOVERAGE_TEST_MARKER();
4046:Middlewares/Third_Party/FreeRTOS/Source/tasks.c **** 				}
4047:Middlewares/Third_Party/FreeRTOS/Source/tasks.c **** 			}
4048:Middlewares/Third_Party/FreeRTOS/Source/tasks.c **** 			else
4049:Middlewares/Third_Party/FreeRTOS/Source/tasks.c **** 			{
4050:Middlewares/Third_Party/FreeRTOS/Source/tasks.c **** 				mtCOVERAGE_TEST_MARKER();
4051:Middlewares/Third_Party/FreeRTOS/Source/tasks.c **** 			}
4052:Middlewares/Third_Party/FreeRTOS/Source/tasks.c **** 		}
4053:Middlewares/Third_Party/FreeRTOS/Source/tasks.c **** 		else
4054:Middlewares/Third_Party/FreeRTOS/Source/tasks.c **** 		{
4055:Middlewares/Third_Party/FreeRTOS/Source/tasks.c **** 			mtCOVERAGE_TEST_MARKER();
4056:Middlewares/Third_Party/FreeRTOS/Source/tasks.c **** 		}
4057:Middlewares/Third_Party/FreeRTOS/Source/tasks.c **** 	}
4058:Middlewares/Third_Party/FreeRTOS/Source/tasks.c **** 
4059:Middlewares/Third_Party/FreeRTOS/Source/tasks.c **** #endif /* configUSE_MUTEXES */
4060:Middlewares/Third_Party/FreeRTOS/Source/tasks.c **** /*-----------------------------------------------------------*/
4061:Middlewares/Third_Party/FreeRTOS/Source/tasks.c **** 
4062:Middlewares/Third_Party/FreeRTOS/Source/tasks.c **** #if ( portCRITICAL_NESTING_IN_TCB == 1 )
4063:Middlewares/Third_Party/FreeRTOS/Source/tasks.c **** 
4064:Middlewares/Third_Party/FreeRTOS/Source/tasks.c **** 	void vTaskEnterCritical( void )
4065:Middlewares/Third_Party/FreeRTOS/Source/tasks.c **** 	{
4066:Middlewares/Third_Party/FreeRTOS/Source/tasks.c **** 		portDISABLE_INTERRUPTS();
4067:Middlewares/Third_Party/FreeRTOS/Source/tasks.c **** 
4068:Middlewares/Third_Party/FreeRTOS/Source/tasks.c **** 		if( xSchedulerRunning != pdFALSE )
4069:Middlewares/Third_Party/FreeRTOS/Source/tasks.c **** 		{
ARM GAS  C:\Users\31005\AppData\Local\Temp\ccNQ0Tdy.s 			page 94


4070:Middlewares/Third_Party/FreeRTOS/Source/tasks.c **** 			( pxCurrentTCB->uxCriticalNesting )++;
4071:Middlewares/Third_Party/FreeRTOS/Source/tasks.c **** 
4072:Middlewares/Third_Party/FreeRTOS/Source/tasks.c **** 			/* This is not the interrupt safe version of the enter critical
4073:Middlewares/Third_Party/FreeRTOS/Source/tasks.c **** 			function so	assert() if it is being called from an interrupt
4074:Middlewares/Third_Party/FreeRTOS/Source/tasks.c **** 			context.  Only API functions that end in "FromISR" can be used in an
4075:Middlewares/Third_Party/FreeRTOS/Source/tasks.c **** 			interrupt.  Only assert if the critical nesting count is 1 to
4076:Middlewares/Third_Party/FreeRTOS/Source/tasks.c **** 			protect against recursive calls if the assert function also uses a
4077:Middlewares/Third_Party/FreeRTOS/Source/tasks.c **** 			critical section. */
4078:Middlewares/Third_Party/FreeRTOS/Source/tasks.c **** 			if( pxCurrentTCB->uxCriticalNesting == 1 )
4079:Middlewares/Third_Party/FreeRTOS/Source/tasks.c **** 			{
4080:Middlewares/Third_Party/FreeRTOS/Source/tasks.c **** 				portASSERT_IF_IN_ISR();
4081:Middlewares/Third_Party/FreeRTOS/Source/tasks.c **** 			}
4082:Middlewares/Third_Party/FreeRTOS/Source/tasks.c **** 		}
4083:Middlewares/Third_Party/FreeRTOS/Source/tasks.c **** 		else
4084:Middlewares/Third_Party/FreeRTOS/Source/tasks.c **** 		{
4085:Middlewares/Third_Party/FreeRTOS/Source/tasks.c **** 			mtCOVERAGE_TEST_MARKER();
4086:Middlewares/Third_Party/FreeRTOS/Source/tasks.c **** 		}
4087:Middlewares/Third_Party/FreeRTOS/Source/tasks.c **** 	}
4088:Middlewares/Third_Party/FreeRTOS/Source/tasks.c **** 
4089:Middlewares/Third_Party/FreeRTOS/Source/tasks.c **** #endif /* portCRITICAL_NESTING_IN_TCB */
4090:Middlewares/Third_Party/FreeRTOS/Source/tasks.c **** /*-----------------------------------------------------------*/
4091:Middlewares/Third_Party/FreeRTOS/Source/tasks.c **** 
4092:Middlewares/Third_Party/FreeRTOS/Source/tasks.c **** #if ( portCRITICAL_NESTING_IN_TCB == 1 )
4093:Middlewares/Third_Party/FreeRTOS/Source/tasks.c **** 
4094:Middlewares/Third_Party/FreeRTOS/Source/tasks.c **** 	void vTaskExitCritical( void )
4095:Middlewares/Third_Party/FreeRTOS/Source/tasks.c **** 	{
4096:Middlewares/Third_Party/FreeRTOS/Source/tasks.c **** 		if( xSchedulerRunning != pdFALSE )
4097:Middlewares/Third_Party/FreeRTOS/Source/tasks.c **** 		{
4098:Middlewares/Third_Party/FreeRTOS/Source/tasks.c **** 			if( pxCurrentTCB->uxCriticalNesting > 0U )
4099:Middlewares/Third_Party/FreeRTOS/Source/tasks.c **** 			{
4100:Middlewares/Third_Party/FreeRTOS/Source/tasks.c **** 				( pxCurrentTCB->uxCriticalNesting )--;
4101:Middlewares/Third_Party/FreeRTOS/Source/tasks.c **** 
4102:Middlewares/Third_Party/FreeRTOS/Source/tasks.c **** 				if( pxCurrentTCB->uxCriticalNesting == 0U )
4103:Middlewares/Third_Party/FreeRTOS/Source/tasks.c **** 				{
4104:Middlewares/Third_Party/FreeRTOS/Source/tasks.c **** 					portENABLE_INTERRUPTS();
4105:Middlewares/Third_Party/FreeRTOS/Source/tasks.c **** 				}
4106:Middlewares/Third_Party/FreeRTOS/Source/tasks.c **** 				else
4107:Middlewares/Third_Party/FreeRTOS/Source/tasks.c **** 				{
4108:Middlewares/Third_Party/FreeRTOS/Source/tasks.c **** 					mtCOVERAGE_TEST_MARKER();
4109:Middlewares/Third_Party/FreeRTOS/Source/tasks.c **** 				}
4110:Middlewares/Third_Party/FreeRTOS/Source/tasks.c **** 			}
4111:Middlewares/Third_Party/FreeRTOS/Source/tasks.c **** 			else
4112:Middlewares/Third_Party/FreeRTOS/Source/tasks.c **** 			{
4113:Middlewares/Third_Party/FreeRTOS/Source/tasks.c **** 				mtCOVERAGE_TEST_MARKER();
4114:Middlewares/Third_Party/FreeRTOS/Source/tasks.c **** 			}
4115:Middlewares/Third_Party/FreeRTOS/Source/tasks.c **** 		}
4116:Middlewares/Third_Party/FreeRTOS/Source/tasks.c **** 		else
4117:Middlewares/Third_Party/FreeRTOS/Source/tasks.c **** 		{
4118:Middlewares/Third_Party/FreeRTOS/Source/tasks.c **** 			mtCOVERAGE_TEST_MARKER();
4119:Middlewares/Third_Party/FreeRTOS/Source/tasks.c **** 		}
4120:Middlewares/Third_Party/FreeRTOS/Source/tasks.c **** 	}
4121:Middlewares/Third_Party/FreeRTOS/Source/tasks.c **** 
4122:Middlewares/Third_Party/FreeRTOS/Source/tasks.c **** #endif /* portCRITICAL_NESTING_IN_TCB */
4123:Middlewares/Third_Party/FreeRTOS/Source/tasks.c **** /*-----------------------------------------------------------*/
4124:Middlewares/Third_Party/FreeRTOS/Source/tasks.c **** 
4125:Middlewares/Third_Party/FreeRTOS/Source/tasks.c **** #if ( ( configUSE_TRACE_FACILITY == 1 ) && ( configUSE_STATS_FORMATTING_FUNCTIONS > 0 ) )
4126:Middlewares/Third_Party/FreeRTOS/Source/tasks.c **** 
ARM GAS  C:\Users\31005\AppData\Local\Temp\ccNQ0Tdy.s 			page 95


4127:Middlewares/Third_Party/FreeRTOS/Source/tasks.c **** 	static char *prvWriteNameToBuffer( char *pcBuffer, const char *pcTaskName )
4128:Middlewares/Third_Party/FreeRTOS/Source/tasks.c **** 	{
4129:Middlewares/Third_Party/FreeRTOS/Source/tasks.c **** 	size_t x;
4130:Middlewares/Third_Party/FreeRTOS/Source/tasks.c **** 
4131:Middlewares/Third_Party/FreeRTOS/Source/tasks.c **** 		/* Start by copying the entire string. */
4132:Middlewares/Third_Party/FreeRTOS/Source/tasks.c **** 		strcpy( pcBuffer, pcTaskName );
4133:Middlewares/Third_Party/FreeRTOS/Source/tasks.c **** 
4134:Middlewares/Third_Party/FreeRTOS/Source/tasks.c **** 		/* Pad the end of the string with spaces to ensure columns line up when
4135:Middlewares/Third_Party/FreeRTOS/Source/tasks.c **** 		printed out. */
4136:Middlewares/Third_Party/FreeRTOS/Source/tasks.c **** 		for( x = strlen( pcBuffer ); x < ( size_t ) ( configMAX_TASK_NAME_LEN - 1 ); x++ )
4137:Middlewares/Third_Party/FreeRTOS/Source/tasks.c **** 		{
4138:Middlewares/Third_Party/FreeRTOS/Source/tasks.c **** 			pcBuffer[ x ] = ' ';
4139:Middlewares/Third_Party/FreeRTOS/Source/tasks.c **** 		}
4140:Middlewares/Third_Party/FreeRTOS/Source/tasks.c **** 
4141:Middlewares/Third_Party/FreeRTOS/Source/tasks.c **** 		/* Terminate. */
4142:Middlewares/Third_Party/FreeRTOS/Source/tasks.c **** 		pcBuffer[ x ] = 0x00;
4143:Middlewares/Third_Party/FreeRTOS/Source/tasks.c **** 
4144:Middlewares/Third_Party/FreeRTOS/Source/tasks.c **** 		/* Return the new end of string. */
4145:Middlewares/Third_Party/FreeRTOS/Source/tasks.c **** 		return &( pcBuffer[ x ] );
4146:Middlewares/Third_Party/FreeRTOS/Source/tasks.c **** 	}
4147:Middlewares/Third_Party/FreeRTOS/Source/tasks.c **** 
4148:Middlewares/Third_Party/FreeRTOS/Source/tasks.c **** #endif /* ( configUSE_TRACE_FACILITY == 1 ) && ( configUSE_STATS_FORMATTING_FUNCTIONS > 0 ) */
4149:Middlewares/Third_Party/FreeRTOS/Source/tasks.c **** /*-----------------------------------------------------------*/
4150:Middlewares/Third_Party/FreeRTOS/Source/tasks.c **** 
4151:Middlewares/Third_Party/FreeRTOS/Source/tasks.c **** #if ( ( configUSE_TRACE_FACILITY == 1 ) && ( configUSE_STATS_FORMATTING_FUNCTIONS > 0 ) && ( config
4152:Middlewares/Third_Party/FreeRTOS/Source/tasks.c **** 
4153:Middlewares/Third_Party/FreeRTOS/Source/tasks.c **** 	void vTaskList( char * pcWriteBuffer )
4154:Middlewares/Third_Party/FreeRTOS/Source/tasks.c **** 	{
4155:Middlewares/Third_Party/FreeRTOS/Source/tasks.c **** 	TaskStatus_t *pxTaskStatusArray;
4156:Middlewares/Third_Party/FreeRTOS/Source/tasks.c **** 	volatile UBaseType_t uxArraySize, x;
4157:Middlewares/Third_Party/FreeRTOS/Source/tasks.c **** 	char cStatus;
4158:Middlewares/Third_Party/FreeRTOS/Source/tasks.c **** 
4159:Middlewares/Third_Party/FreeRTOS/Source/tasks.c **** 		/*
4160:Middlewares/Third_Party/FreeRTOS/Source/tasks.c **** 		 * PLEASE NOTE:
4161:Middlewares/Third_Party/FreeRTOS/Source/tasks.c **** 		 *
4162:Middlewares/Third_Party/FreeRTOS/Source/tasks.c **** 		 * This function is provided for convenience only, and is used by many
4163:Middlewares/Third_Party/FreeRTOS/Source/tasks.c **** 		 * of the demo applications.  Do not consider it to be part of the
4164:Middlewares/Third_Party/FreeRTOS/Source/tasks.c **** 		 * scheduler.
4165:Middlewares/Third_Party/FreeRTOS/Source/tasks.c **** 		 *
4166:Middlewares/Third_Party/FreeRTOS/Source/tasks.c **** 		 * vTaskList() calls uxTaskGetSystemState(), then formats part of the
4167:Middlewares/Third_Party/FreeRTOS/Source/tasks.c **** 		 * uxTaskGetSystemState() output into a human readable table that
4168:Middlewares/Third_Party/FreeRTOS/Source/tasks.c **** 		 * displays task names, states and stack usage.
4169:Middlewares/Third_Party/FreeRTOS/Source/tasks.c **** 		 *
4170:Middlewares/Third_Party/FreeRTOS/Source/tasks.c **** 		 * vTaskList() has a dependency on the sprintf() C library function that
4171:Middlewares/Third_Party/FreeRTOS/Source/tasks.c **** 		 * might bloat the code size, use a lot of stack, and provide different
4172:Middlewares/Third_Party/FreeRTOS/Source/tasks.c **** 		 * results on different platforms.  An alternative, tiny, third party,
4173:Middlewares/Third_Party/FreeRTOS/Source/tasks.c **** 		 * and limited functionality implementation of sprintf() is provided in
4174:Middlewares/Third_Party/FreeRTOS/Source/tasks.c **** 		 * many of the FreeRTOS/Demo sub-directories in a file called
4175:Middlewares/Third_Party/FreeRTOS/Source/tasks.c **** 		 * printf-stdarg.c (note printf-stdarg.c does not provide a full
4176:Middlewares/Third_Party/FreeRTOS/Source/tasks.c **** 		 * snprintf() implementation!).
4177:Middlewares/Third_Party/FreeRTOS/Source/tasks.c **** 		 *
4178:Middlewares/Third_Party/FreeRTOS/Source/tasks.c **** 		 * It is recommended that production systems call uxTaskGetSystemState()
4179:Middlewares/Third_Party/FreeRTOS/Source/tasks.c **** 		 * directly to get access to raw stats data, rather than indirectly
4180:Middlewares/Third_Party/FreeRTOS/Source/tasks.c **** 		 * through a call to vTaskList().
4181:Middlewares/Third_Party/FreeRTOS/Source/tasks.c **** 		 */
4182:Middlewares/Third_Party/FreeRTOS/Source/tasks.c **** 
4183:Middlewares/Third_Party/FreeRTOS/Source/tasks.c **** 
ARM GAS  C:\Users\31005\AppData\Local\Temp\ccNQ0Tdy.s 			page 96


4184:Middlewares/Third_Party/FreeRTOS/Source/tasks.c **** 		/* Make sure the write buffer does not contain a string. */
4185:Middlewares/Third_Party/FreeRTOS/Source/tasks.c **** 		*pcWriteBuffer = 0x00;
4186:Middlewares/Third_Party/FreeRTOS/Source/tasks.c **** 
4187:Middlewares/Third_Party/FreeRTOS/Source/tasks.c **** 		/* Take a snapshot of the number of tasks in case it changes while this
4188:Middlewares/Third_Party/FreeRTOS/Source/tasks.c **** 		function is executing. */
4189:Middlewares/Third_Party/FreeRTOS/Source/tasks.c **** 		uxArraySize = uxCurrentNumberOfTasks;
4190:Middlewares/Third_Party/FreeRTOS/Source/tasks.c **** 
4191:Middlewares/Third_Party/FreeRTOS/Source/tasks.c **** 		/* Allocate an array index for each task.  NOTE!  if
4192:Middlewares/Third_Party/FreeRTOS/Source/tasks.c **** 		configSUPPORT_DYNAMIC_ALLOCATION is set to 0 then pvPortMalloc() will
4193:Middlewares/Third_Party/FreeRTOS/Source/tasks.c **** 		equate to NULL. */
4194:Middlewares/Third_Party/FreeRTOS/Source/tasks.c **** 		pxTaskStatusArray = pvPortMalloc( uxCurrentNumberOfTasks * sizeof( TaskStatus_t ) );
4195:Middlewares/Third_Party/FreeRTOS/Source/tasks.c **** 
4196:Middlewares/Third_Party/FreeRTOS/Source/tasks.c **** 		if( pxTaskStatusArray != NULL )
4197:Middlewares/Third_Party/FreeRTOS/Source/tasks.c **** 		{
4198:Middlewares/Third_Party/FreeRTOS/Source/tasks.c **** 			/* Generate the (binary) data. */
4199:Middlewares/Third_Party/FreeRTOS/Source/tasks.c **** 			uxArraySize = uxTaskGetSystemState( pxTaskStatusArray, uxArraySize, NULL );
4200:Middlewares/Third_Party/FreeRTOS/Source/tasks.c **** 
4201:Middlewares/Third_Party/FreeRTOS/Source/tasks.c **** 			/* Create a human readable table from the binary data. */
4202:Middlewares/Third_Party/FreeRTOS/Source/tasks.c **** 			for( x = 0; x < uxArraySize; x++ )
4203:Middlewares/Third_Party/FreeRTOS/Source/tasks.c **** 			{
4204:Middlewares/Third_Party/FreeRTOS/Source/tasks.c **** 				switch( pxTaskStatusArray[ x ].eCurrentState )
4205:Middlewares/Third_Party/FreeRTOS/Source/tasks.c **** 				{
4206:Middlewares/Third_Party/FreeRTOS/Source/tasks.c **** 					case eRunning:		cStatus = tskRUNNING_CHAR;
4207:Middlewares/Third_Party/FreeRTOS/Source/tasks.c **** 										break;
4208:Middlewares/Third_Party/FreeRTOS/Source/tasks.c **** 
4209:Middlewares/Third_Party/FreeRTOS/Source/tasks.c **** 					case eReady:		cStatus = tskREADY_CHAR;
4210:Middlewares/Third_Party/FreeRTOS/Source/tasks.c **** 										break;
4211:Middlewares/Third_Party/FreeRTOS/Source/tasks.c **** 
4212:Middlewares/Third_Party/FreeRTOS/Source/tasks.c **** 					case eBlocked:		cStatus = tskBLOCKED_CHAR;
4213:Middlewares/Third_Party/FreeRTOS/Source/tasks.c **** 										break;
4214:Middlewares/Third_Party/FreeRTOS/Source/tasks.c **** 
4215:Middlewares/Third_Party/FreeRTOS/Source/tasks.c **** 					case eSuspended:	cStatus = tskSUSPENDED_CHAR;
4216:Middlewares/Third_Party/FreeRTOS/Source/tasks.c **** 										break;
4217:Middlewares/Third_Party/FreeRTOS/Source/tasks.c **** 
4218:Middlewares/Third_Party/FreeRTOS/Source/tasks.c **** 					case eDeleted:		cStatus = tskDELETED_CHAR;
4219:Middlewares/Third_Party/FreeRTOS/Source/tasks.c **** 										break;
4220:Middlewares/Third_Party/FreeRTOS/Source/tasks.c **** 
4221:Middlewares/Third_Party/FreeRTOS/Source/tasks.c **** 					default:			/* Should not get here, but it is included
4222:Middlewares/Third_Party/FreeRTOS/Source/tasks.c **** 										to prevent static checking errors. */
4223:Middlewares/Third_Party/FreeRTOS/Source/tasks.c **** 										cStatus = 0x00;
4224:Middlewares/Third_Party/FreeRTOS/Source/tasks.c **** 										break;
4225:Middlewares/Third_Party/FreeRTOS/Source/tasks.c **** 				}
4226:Middlewares/Third_Party/FreeRTOS/Source/tasks.c **** 
4227:Middlewares/Third_Party/FreeRTOS/Source/tasks.c **** 				/* Write the task name to the string, padding with spaces so it
4228:Middlewares/Third_Party/FreeRTOS/Source/tasks.c **** 				can be printed in tabular form more easily. */
4229:Middlewares/Third_Party/FreeRTOS/Source/tasks.c **** 				pcWriteBuffer = prvWriteNameToBuffer( pcWriteBuffer, pxTaskStatusArray[ x ].pcTaskName );
4230:Middlewares/Third_Party/FreeRTOS/Source/tasks.c **** 
4231:Middlewares/Third_Party/FreeRTOS/Source/tasks.c **** 				/* Write the rest of the string. */
4232:Middlewares/Third_Party/FreeRTOS/Source/tasks.c **** 				sprintf( pcWriteBuffer, "\t%c\t%u\t%u\t%u\r\n", cStatus, ( unsigned int ) pxTaskStatusArray[ x 
4233:Middlewares/Third_Party/FreeRTOS/Source/tasks.c **** 				pcWriteBuffer += strlen( pcWriteBuffer );
4234:Middlewares/Third_Party/FreeRTOS/Source/tasks.c **** 			}
4235:Middlewares/Third_Party/FreeRTOS/Source/tasks.c **** 
4236:Middlewares/Third_Party/FreeRTOS/Source/tasks.c **** 			/* Free the array again.  NOTE!  If configSUPPORT_DYNAMIC_ALLOCATION
4237:Middlewares/Third_Party/FreeRTOS/Source/tasks.c **** 			is 0 then vPortFree() will be #defined to nothing. */
4238:Middlewares/Third_Party/FreeRTOS/Source/tasks.c **** 			vPortFree( pxTaskStatusArray );
4239:Middlewares/Third_Party/FreeRTOS/Source/tasks.c **** 		}
4240:Middlewares/Third_Party/FreeRTOS/Source/tasks.c **** 		else
ARM GAS  C:\Users\31005\AppData\Local\Temp\ccNQ0Tdy.s 			page 97


4241:Middlewares/Third_Party/FreeRTOS/Source/tasks.c **** 		{
4242:Middlewares/Third_Party/FreeRTOS/Source/tasks.c **** 			mtCOVERAGE_TEST_MARKER();
4243:Middlewares/Third_Party/FreeRTOS/Source/tasks.c **** 		}
4244:Middlewares/Third_Party/FreeRTOS/Source/tasks.c **** 	}
4245:Middlewares/Third_Party/FreeRTOS/Source/tasks.c **** 
4246:Middlewares/Third_Party/FreeRTOS/Source/tasks.c **** #endif /* ( ( configUSE_TRACE_FACILITY == 1 ) && ( configUSE_STATS_FORMATTING_FUNCTIONS > 0 ) && ( 
4247:Middlewares/Third_Party/FreeRTOS/Source/tasks.c **** /*----------------------------------------------------------*/
4248:Middlewares/Third_Party/FreeRTOS/Source/tasks.c **** 
4249:Middlewares/Third_Party/FreeRTOS/Source/tasks.c **** #if ( ( configGENERATE_RUN_TIME_STATS == 1 ) && ( configUSE_STATS_FORMATTING_FUNCTIONS > 0 ) && ( c
4250:Middlewares/Third_Party/FreeRTOS/Source/tasks.c **** 
4251:Middlewares/Third_Party/FreeRTOS/Source/tasks.c **** 	void vTaskGetRunTimeStats( char *pcWriteBuffer )
4252:Middlewares/Third_Party/FreeRTOS/Source/tasks.c **** 	{
4253:Middlewares/Third_Party/FreeRTOS/Source/tasks.c **** 	TaskStatus_t *pxTaskStatusArray;
4254:Middlewares/Third_Party/FreeRTOS/Source/tasks.c **** 	volatile UBaseType_t uxArraySize, x;
4255:Middlewares/Third_Party/FreeRTOS/Source/tasks.c **** 	uint32_t ulTotalTime, ulStatsAsPercentage;
4256:Middlewares/Third_Party/FreeRTOS/Source/tasks.c **** 
4257:Middlewares/Third_Party/FreeRTOS/Source/tasks.c **** 		#if( configUSE_TRACE_FACILITY != 1 )
4258:Middlewares/Third_Party/FreeRTOS/Source/tasks.c **** 		{
4259:Middlewares/Third_Party/FreeRTOS/Source/tasks.c **** 			#error configUSE_TRACE_FACILITY must also be set to 1 in FreeRTOSConfig.h to use vTaskGetRunTime
4260:Middlewares/Third_Party/FreeRTOS/Source/tasks.c **** 		}
4261:Middlewares/Third_Party/FreeRTOS/Source/tasks.c **** 		#endif
4262:Middlewares/Third_Party/FreeRTOS/Source/tasks.c **** 
4263:Middlewares/Third_Party/FreeRTOS/Source/tasks.c **** 		/*
4264:Middlewares/Third_Party/FreeRTOS/Source/tasks.c **** 		 * PLEASE NOTE:
4265:Middlewares/Third_Party/FreeRTOS/Source/tasks.c **** 		 *
4266:Middlewares/Third_Party/FreeRTOS/Source/tasks.c **** 		 * This function is provided for convenience only, and is used by many
4267:Middlewares/Third_Party/FreeRTOS/Source/tasks.c **** 		 * of the demo applications.  Do not consider it to be part of the
4268:Middlewares/Third_Party/FreeRTOS/Source/tasks.c **** 		 * scheduler.
4269:Middlewares/Third_Party/FreeRTOS/Source/tasks.c **** 		 *
4270:Middlewares/Third_Party/FreeRTOS/Source/tasks.c **** 		 * vTaskGetRunTimeStats() calls uxTaskGetSystemState(), then formats part
4271:Middlewares/Third_Party/FreeRTOS/Source/tasks.c **** 		 * of the uxTaskGetSystemState() output into a human readable table that
4272:Middlewares/Third_Party/FreeRTOS/Source/tasks.c **** 		 * displays the amount of time each task has spent in the Running state
4273:Middlewares/Third_Party/FreeRTOS/Source/tasks.c **** 		 * in both absolute and percentage terms.
4274:Middlewares/Third_Party/FreeRTOS/Source/tasks.c **** 		 *
4275:Middlewares/Third_Party/FreeRTOS/Source/tasks.c **** 		 * vTaskGetRunTimeStats() has a dependency on the sprintf() C library
4276:Middlewares/Third_Party/FreeRTOS/Source/tasks.c **** 		 * function that might bloat the code size, use a lot of stack, and
4277:Middlewares/Third_Party/FreeRTOS/Source/tasks.c **** 		 * provide different results on different platforms.  An alternative,
4278:Middlewares/Third_Party/FreeRTOS/Source/tasks.c **** 		 * tiny, third party, and limited functionality implementation of
4279:Middlewares/Third_Party/FreeRTOS/Source/tasks.c **** 		 * sprintf() is provided in many of the FreeRTOS/Demo sub-directories in
4280:Middlewares/Third_Party/FreeRTOS/Source/tasks.c **** 		 * a file called printf-stdarg.c (note printf-stdarg.c does not provide
4281:Middlewares/Third_Party/FreeRTOS/Source/tasks.c **** 		 * a full snprintf() implementation!).
4282:Middlewares/Third_Party/FreeRTOS/Source/tasks.c **** 		 *
4283:Middlewares/Third_Party/FreeRTOS/Source/tasks.c **** 		 * It is recommended that production systems call uxTaskGetSystemState()
4284:Middlewares/Third_Party/FreeRTOS/Source/tasks.c **** 		 * directly to get access to raw stats data, rather than indirectly
4285:Middlewares/Third_Party/FreeRTOS/Source/tasks.c **** 		 * through a call to vTaskGetRunTimeStats().
4286:Middlewares/Third_Party/FreeRTOS/Source/tasks.c **** 		 */
4287:Middlewares/Third_Party/FreeRTOS/Source/tasks.c **** 
4288:Middlewares/Third_Party/FreeRTOS/Source/tasks.c **** 		/* Make sure the write buffer does not contain a string. */
4289:Middlewares/Third_Party/FreeRTOS/Source/tasks.c **** 		*pcWriteBuffer = 0x00;
4290:Middlewares/Third_Party/FreeRTOS/Source/tasks.c **** 
4291:Middlewares/Third_Party/FreeRTOS/Source/tasks.c **** 		/* Take a snapshot of the number of tasks in case it changes while this
4292:Middlewares/Third_Party/FreeRTOS/Source/tasks.c **** 		function is executing. */
4293:Middlewares/Third_Party/FreeRTOS/Source/tasks.c **** 		uxArraySize = uxCurrentNumberOfTasks;
4294:Middlewares/Third_Party/FreeRTOS/Source/tasks.c **** 
4295:Middlewares/Third_Party/FreeRTOS/Source/tasks.c **** 		/* Allocate an array index for each task.  NOTE!  If
4296:Middlewares/Third_Party/FreeRTOS/Source/tasks.c **** 		configSUPPORT_DYNAMIC_ALLOCATION is set to 0 then pvPortMalloc() will
4297:Middlewares/Third_Party/FreeRTOS/Source/tasks.c **** 		equate to NULL. */
ARM GAS  C:\Users\31005\AppData\Local\Temp\ccNQ0Tdy.s 			page 98


4298:Middlewares/Third_Party/FreeRTOS/Source/tasks.c **** 		pxTaskStatusArray = pvPortMalloc( uxCurrentNumberOfTasks * sizeof( TaskStatus_t ) );
4299:Middlewares/Third_Party/FreeRTOS/Source/tasks.c **** 
4300:Middlewares/Third_Party/FreeRTOS/Source/tasks.c **** 		if( pxTaskStatusArray != NULL )
4301:Middlewares/Third_Party/FreeRTOS/Source/tasks.c **** 		{
4302:Middlewares/Third_Party/FreeRTOS/Source/tasks.c **** 			/* Generate the (binary) data. */
4303:Middlewares/Third_Party/FreeRTOS/Source/tasks.c **** 			uxArraySize = uxTaskGetSystemState( pxTaskStatusArray, uxArraySize, &ulTotalTime );
4304:Middlewares/Third_Party/FreeRTOS/Source/tasks.c **** 
4305:Middlewares/Third_Party/FreeRTOS/Source/tasks.c **** 			/* For percentage calculations. */
4306:Middlewares/Third_Party/FreeRTOS/Source/tasks.c **** 			ulTotalTime /= 100UL;
4307:Middlewares/Third_Party/FreeRTOS/Source/tasks.c **** 
4308:Middlewares/Third_Party/FreeRTOS/Source/tasks.c **** 			/* Avoid divide by zero errors. */
4309:Middlewares/Third_Party/FreeRTOS/Source/tasks.c **** 			if( ulTotalTime > 0 )
4310:Middlewares/Third_Party/FreeRTOS/Source/tasks.c **** 			{
4311:Middlewares/Third_Party/FreeRTOS/Source/tasks.c **** 				/* Create a human readable table from the binary data. */
4312:Middlewares/Third_Party/FreeRTOS/Source/tasks.c **** 				for( x = 0; x < uxArraySize; x++ )
4313:Middlewares/Third_Party/FreeRTOS/Source/tasks.c **** 				{
4314:Middlewares/Third_Party/FreeRTOS/Source/tasks.c **** 					/* What percentage of the total run time has the task used?
4315:Middlewares/Third_Party/FreeRTOS/Source/tasks.c **** 					This will always be rounded down to the nearest integer.
4316:Middlewares/Third_Party/FreeRTOS/Source/tasks.c **** 					ulTotalRunTimeDiv100 has already been divided by 100. */
4317:Middlewares/Third_Party/FreeRTOS/Source/tasks.c **** 					ulStatsAsPercentage = pxTaskStatusArray[ x ].ulRunTimeCounter / ulTotalTime;
4318:Middlewares/Third_Party/FreeRTOS/Source/tasks.c **** 
4319:Middlewares/Third_Party/FreeRTOS/Source/tasks.c **** 					/* Write the task name to the string, padding with
4320:Middlewares/Third_Party/FreeRTOS/Source/tasks.c **** 					spaces so it can be printed in tabular form more
4321:Middlewares/Third_Party/FreeRTOS/Source/tasks.c **** 					easily. */
4322:Middlewares/Third_Party/FreeRTOS/Source/tasks.c **** 					pcWriteBuffer = prvWriteNameToBuffer( pcWriteBuffer, pxTaskStatusArray[ x ].pcTaskName );
4323:Middlewares/Third_Party/FreeRTOS/Source/tasks.c **** 
4324:Middlewares/Third_Party/FreeRTOS/Source/tasks.c **** 					if( ulStatsAsPercentage > 0UL )
4325:Middlewares/Third_Party/FreeRTOS/Source/tasks.c **** 					{
4326:Middlewares/Third_Party/FreeRTOS/Source/tasks.c **** 						#ifdef portLU_PRINTF_SPECIFIER_REQUIRED
4327:Middlewares/Third_Party/FreeRTOS/Source/tasks.c **** 						{
4328:Middlewares/Third_Party/FreeRTOS/Source/tasks.c **** 							sprintf( pcWriteBuffer, "\t%lu\t\t%lu%%\r\n", pxTaskStatusArray[ x ].ulRunTimeCounter, ulSta
4329:Middlewares/Third_Party/FreeRTOS/Source/tasks.c **** 						}
4330:Middlewares/Third_Party/FreeRTOS/Source/tasks.c **** 						#else
4331:Middlewares/Third_Party/FreeRTOS/Source/tasks.c **** 						{
4332:Middlewares/Third_Party/FreeRTOS/Source/tasks.c **** 							/* sizeof( int ) == sizeof( long ) so a smaller
4333:Middlewares/Third_Party/FreeRTOS/Source/tasks.c **** 							printf() library can be used. */
4334:Middlewares/Third_Party/FreeRTOS/Source/tasks.c **** 							sprintf( pcWriteBuffer, "\t%u\t\t%u%%\r\n", ( unsigned int ) pxTaskStatusArray[ x ].ulRunTim
4335:Middlewares/Third_Party/FreeRTOS/Source/tasks.c **** 						}
4336:Middlewares/Third_Party/FreeRTOS/Source/tasks.c **** 						#endif
4337:Middlewares/Third_Party/FreeRTOS/Source/tasks.c **** 					}
4338:Middlewares/Third_Party/FreeRTOS/Source/tasks.c **** 					else
4339:Middlewares/Third_Party/FreeRTOS/Source/tasks.c **** 					{
4340:Middlewares/Third_Party/FreeRTOS/Source/tasks.c **** 						/* If the percentage is zero here then the task has
4341:Middlewares/Third_Party/FreeRTOS/Source/tasks.c **** 						consumed less than 1% of the total run time. */
4342:Middlewares/Third_Party/FreeRTOS/Source/tasks.c **** 						#ifdef portLU_PRINTF_SPECIFIER_REQUIRED
4343:Middlewares/Third_Party/FreeRTOS/Source/tasks.c **** 						{
4344:Middlewares/Third_Party/FreeRTOS/Source/tasks.c **** 							sprintf( pcWriteBuffer, "\t%lu\t\t<1%%\r\n", pxTaskStatusArray[ x ].ulRunTimeCounter );
4345:Middlewares/Third_Party/FreeRTOS/Source/tasks.c **** 						}
4346:Middlewares/Third_Party/FreeRTOS/Source/tasks.c **** 						#else
4347:Middlewares/Third_Party/FreeRTOS/Source/tasks.c **** 						{
4348:Middlewares/Third_Party/FreeRTOS/Source/tasks.c **** 							/* sizeof( int ) == sizeof( long ) so a smaller
4349:Middlewares/Third_Party/FreeRTOS/Source/tasks.c **** 							printf() library can be used. */
4350:Middlewares/Third_Party/FreeRTOS/Source/tasks.c **** 							sprintf( pcWriteBuffer, "\t%u\t\t<1%%\r\n", ( unsigned int ) pxTaskStatusArray[ x ].ulRunTim
4351:Middlewares/Third_Party/FreeRTOS/Source/tasks.c **** 						}
4352:Middlewares/Third_Party/FreeRTOS/Source/tasks.c **** 						#endif
4353:Middlewares/Third_Party/FreeRTOS/Source/tasks.c **** 					}
4354:Middlewares/Third_Party/FreeRTOS/Source/tasks.c **** 
ARM GAS  C:\Users\31005\AppData\Local\Temp\ccNQ0Tdy.s 			page 99


4355:Middlewares/Third_Party/FreeRTOS/Source/tasks.c **** 					pcWriteBuffer += strlen( pcWriteBuffer );
4356:Middlewares/Third_Party/FreeRTOS/Source/tasks.c **** 				}
4357:Middlewares/Third_Party/FreeRTOS/Source/tasks.c **** 			}
4358:Middlewares/Third_Party/FreeRTOS/Source/tasks.c **** 			else
4359:Middlewares/Third_Party/FreeRTOS/Source/tasks.c **** 			{
4360:Middlewares/Third_Party/FreeRTOS/Source/tasks.c **** 				mtCOVERAGE_TEST_MARKER();
4361:Middlewares/Third_Party/FreeRTOS/Source/tasks.c **** 			}
4362:Middlewares/Third_Party/FreeRTOS/Source/tasks.c **** 
4363:Middlewares/Third_Party/FreeRTOS/Source/tasks.c **** 			/* Free the array again.  NOTE!  If configSUPPORT_DYNAMIC_ALLOCATION
4364:Middlewares/Third_Party/FreeRTOS/Source/tasks.c **** 			is 0 then vPortFree() will be #defined to nothing. */
4365:Middlewares/Third_Party/FreeRTOS/Source/tasks.c **** 			vPortFree( pxTaskStatusArray );
4366:Middlewares/Third_Party/FreeRTOS/Source/tasks.c **** 		}
4367:Middlewares/Third_Party/FreeRTOS/Source/tasks.c **** 		else
4368:Middlewares/Third_Party/FreeRTOS/Source/tasks.c **** 		{
4369:Middlewares/Third_Party/FreeRTOS/Source/tasks.c **** 			mtCOVERAGE_TEST_MARKER();
4370:Middlewares/Third_Party/FreeRTOS/Source/tasks.c **** 		}
4371:Middlewares/Third_Party/FreeRTOS/Source/tasks.c **** 	}
4372:Middlewares/Third_Party/FreeRTOS/Source/tasks.c **** 
4373:Middlewares/Third_Party/FreeRTOS/Source/tasks.c **** #endif /* ( ( configGENERATE_RUN_TIME_STATS == 1 ) && ( configUSE_STATS_FORMATTING_FUNCTIONS > 0 ) 
4374:Middlewares/Third_Party/FreeRTOS/Source/tasks.c **** /*-----------------------------------------------------------*/
4375:Middlewares/Third_Party/FreeRTOS/Source/tasks.c **** 
4376:Middlewares/Third_Party/FreeRTOS/Source/tasks.c **** TickType_t uxTaskResetEventItemValue( void )
4377:Middlewares/Third_Party/FreeRTOS/Source/tasks.c **** {
4378:Middlewares/Third_Party/FreeRTOS/Source/tasks.c **** TickType_t uxReturn;
4379:Middlewares/Third_Party/FreeRTOS/Source/tasks.c **** 
4380:Middlewares/Third_Party/FreeRTOS/Source/tasks.c **** 	uxReturn = listGET_LIST_ITEM_VALUE( &( pxCurrentTCB->xEventListItem ) );
4381:Middlewares/Third_Party/FreeRTOS/Source/tasks.c **** 
4382:Middlewares/Third_Party/FreeRTOS/Source/tasks.c **** 	/* Reset the event list item to its normal value - so it can be used with
4383:Middlewares/Third_Party/FreeRTOS/Source/tasks.c **** 	queues and semaphores. */
4384:Middlewares/Third_Party/FreeRTOS/Source/tasks.c **** 	listSET_LIST_ITEM_VALUE( &( pxCurrentTCB->xEventListItem ), ( ( TickType_t ) configMAX_PRIORITIES 
4385:Middlewares/Third_Party/FreeRTOS/Source/tasks.c **** 
4386:Middlewares/Third_Party/FreeRTOS/Source/tasks.c **** 	return uxReturn;
4387:Middlewares/Third_Party/FreeRTOS/Source/tasks.c **** }
4388:Middlewares/Third_Party/FreeRTOS/Source/tasks.c **** /*-----------------------------------------------------------*/
4389:Middlewares/Third_Party/FreeRTOS/Source/tasks.c **** 
4390:Middlewares/Third_Party/FreeRTOS/Source/tasks.c **** #if ( configUSE_MUTEXES == 1 )
4391:Middlewares/Third_Party/FreeRTOS/Source/tasks.c **** 
4392:Middlewares/Third_Party/FreeRTOS/Source/tasks.c **** 	void *pvTaskIncrementMutexHeldCount( void )
4393:Middlewares/Third_Party/FreeRTOS/Source/tasks.c **** 	{
4394:Middlewares/Third_Party/FreeRTOS/Source/tasks.c **** 		/* If xSemaphoreCreateMutex() is called before any tasks have been created
4395:Middlewares/Third_Party/FreeRTOS/Source/tasks.c **** 		then pxCurrentTCB will be NULL. */
4396:Middlewares/Third_Party/FreeRTOS/Source/tasks.c **** 		if( pxCurrentTCB != NULL )
4397:Middlewares/Third_Party/FreeRTOS/Source/tasks.c **** 		{
4398:Middlewares/Third_Party/FreeRTOS/Source/tasks.c **** 			( pxCurrentTCB->uxMutexesHeld )++;
4399:Middlewares/Third_Party/FreeRTOS/Source/tasks.c **** 		}
4400:Middlewares/Third_Party/FreeRTOS/Source/tasks.c **** 
4401:Middlewares/Third_Party/FreeRTOS/Source/tasks.c **** 		return pxCurrentTCB;
4402:Middlewares/Third_Party/FreeRTOS/Source/tasks.c **** 	}
4403:Middlewares/Third_Party/FreeRTOS/Source/tasks.c **** 
4404:Middlewares/Third_Party/FreeRTOS/Source/tasks.c **** #endif /* configUSE_MUTEXES */
4405:Middlewares/Third_Party/FreeRTOS/Source/tasks.c **** /*-----------------------------------------------------------*/
4406:Middlewares/Third_Party/FreeRTOS/Source/tasks.c **** 
4407:Middlewares/Third_Party/FreeRTOS/Source/tasks.c **** #if( configUSE_TASK_NOTIFICATIONS == 1 )
4408:Middlewares/Third_Party/FreeRTOS/Source/tasks.c **** 
4409:Middlewares/Third_Party/FreeRTOS/Source/tasks.c **** 	uint32_t ulTaskNotifyTake( BaseType_t xClearCountOnExit, TickType_t xTicksToWait )
4410:Middlewares/Third_Party/FreeRTOS/Source/tasks.c **** 	{
4411:Middlewares/Third_Party/FreeRTOS/Source/tasks.c **** 	uint32_t ulReturn;
ARM GAS  C:\Users\31005\AppData\Local\Temp\ccNQ0Tdy.s 			page 100


4412:Middlewares/Third_Party/FreeRTOS/Source/tasks.c **** 
4413:Middlewares/Third_Party/FreeRTOS/Source/tasks.c **** 		taskENTER_CRITICAL();
4414:Middlewares/Third_Party/FreeRTOS/Source/tasks.c **** 		{
4415:Middlewares/Third_Party/FreeRTOS/Source/tasks.c **** 			/* Only block if the notification count is not already non-zero. */
4416:Middlewares/Third_Party/FreeRTOS/Source/tasks.c **** 			if( pxCurrentTCB->ulNotifiedValue == 0UL )
4417:Middlewares/Third_Party/FreeRTOS/Source/tasks.c **** 			{
4418:Middlewares/Third_Party/FreeRTOS/Source/tasks.c **** 				/* Mark this task as waiting for a notification. */
4419:Middlewares/Third_Party/FreeRTOS/Source/tasks.c **** 				pxCurrentTCB->ucNotifyState = taskWAITING_NOTIFICATION;
4420:Middlewares/Third_Party/FreeRTOS/Source/tasks.c **** 
4421:Middlewares/Third_Party/FreeRTOS/Source/tasks.c **** 				if( xTicksToWait > ( TickType_t ) 0 )
4422:Middlewares/Third_Party/FreeRTOS/Source/tasks.c **** 				{
4423:Middlewares/Third_Party/FreeRTOS/Source/tasks.c **** 					prvAddCurrentTaskToDelayedList( xTicksToWait, pdTRUE );
4424:Middlewares/Third_Party/FreeRTOS/Source/tasks.c **** 					traceTASK_NOTIFY_TAKE_BLOCK();
4425:Middlewares/Third_Party/FreeRTOS/Source/tasks.c **** 
4426:Middlewares/Third_Party/FreeRTOS/Source/tasks.c **** 					/* All ports are written to allow a yield in a critical
4427:Middlewares/Third_Party/FreeRTOS/Source/tasks.c **** 					section (some will yield immediately, others wait until the
4428:Middlewares/Third_Party/FreeRTOS/Source/tasks.c **** 					critical section exits) - but it is not something that
4429:Middlewares/Third_Party/FreeRTOS/Source/tasks.c **** 					application code should ever do. */
4430:Middlewares/Third_Party/FreeRTOS/Source/tasks.c **** 					portYIELD_WITHIN_API();
4431:Middlewares/Third_Party/FreeRTOS/Source/tasks.c **** 				}
4432:Middlewares/Third_Party/FreeRTOS/Source/tasks.c **** 				else
4433:Middlewares/Third_Party/FreeRTOS/Source/tasks.c **** 				{
4434:Middlewares/Third_Party/FreeRTOS/Source/tasks.c **** 					mtCOVERAGE_TEST_MARKER();
4435:Middlewares/Third_Party/FreeRTOS/Source/tasks.c **** 				}
4436:Middlewares/Third_Party/FreeRTOS/Source/tasks.c **** 			}
4437:Middlewares/Third_Party/FreeRTOS/Source/tasks.c **** 			else
4438:Middlewares/Third_Party/FreeRTOS/Source/tasks.c **** 			{
4439:Middlewares/Third_Party/FreeRTOS/Source/tasks.c **** 				mtCOVERAGE_TEST_MARKER();
4440:Middlewares/Third_Party/FreeRTOS/Source/tasks.c **** 			}
4441:Middlewares/Third_Party/FreeRTOS/Source/tasks.c **** 		}
4442:Middlewares/Third_Party/FreeRTOS/Source/tasks.c **** 		taskEXIT_CRITICAL();
4443:Middlewares/Third_Party/FreeRTOS/Source/tasks.c **** 
4444:Middlewares/Third_Party/FreeRTOS/Source/tasks.c **** 		taskENTER_CRITICAL();
4445:Middlewares/Third_Party/FreeRTOS/Source/tasks.c **** 		{
4446:Middlewares/Third_Party/FreeRTOS/Source/tasks.c **** 			traceTASK_NOTIFY_TAKE();
4447:Middlewares/Third_Party/FreeRTOS/Source/tasks.c **** 			ulReturn = pxCurrentTCB->ulNotifiedValue;
4448:Middlewares/Third_Party/FreeRTOS/Source/tasks.c **** 
4449:Middlewares/Third_Party/FreeRTOS/Source/tasks.c **** 			if( ulReturn != 0UL )
4450:Middlewares/Third_Party/FreeRTOS/Source/tasks.c **** 			{
4451:Middlewares/Third_Party/FreeRTOS/Source/tasks.c **** 				if( xClearCountOnExit != pdFALSE )
4452:Middlewares/Third_Party/FreeRTOS/Source/tasks.c **** 				{
4453:Middlewares/Third_Party/FreeRTOS/Source/tasks.c **** 					pxCurrentTCB->ulNotifiedValue = 0UL;
4454:Middlewares/Third_Party/FreeRTOS/Source/tasks.c **** 				}
4455:Middlewares/Third_Party/FreeRTOS/Source/tasks.c **** 				else
4456:Middlewares/Third_Party/FreeRTOS/Source/tasks.c **** 				{
4457:Middlewares/Third_Party/FreeRTOS/Source/tasks.c **** 					pxCurrentTCB->ulNotifiedValue = ulReturn - ( uint32_t ) 1;
4458:Middlewares/Third_Party/FreeRTOS/Source/tasks.c **** 				}
4459:Middlewares/Third_Party/FreeRTOS/Source/tasks.c **** 			}
4460:Middlewares/Third_Party/FreeRTOS/Source/tasks.c **** 			else
4461:Middlewares/Third_Party/FreeRTOS/Source/tasks.c **** 			{
4462:Middlewares/Third_Party/FreeRTOS/Source/tasks.c **** 				mtCOVERAGE_TEST_MARKER();
4463:Middlewares/Third_Party/FreeRTOS/Source/tasks.c **** 			}
4464:Middlewares/Third_Party/FreeRTOS/Source/tasks.c **** 
4465:Middlewares/Third_Party/FreeRTOS/Source/tasks.c **** 			pxCurrentTCB->ucNotifyState = taskNOT_WAITING_NOTIFICATION;
4466:Middlewares/Third_Party/FreeRTOS/Source/tasks.c **** 		}
4467:Middlewares/Third_Party/FreeRTOS/Source/tasks.c **** 		taskEXIT_CRITICAL();
4468:Middlewares/Third_Party/FreeRTOS/Source/tasks.c **** 
ARM GAS  C:\Users\31005\AppData\Local\Temp\ccNQ0Tdy.s 			page 101


4469:Middlewares/Third_Party/FreeRTOS/Source/tasks.c **** 		return ulReturn;
4470:Middlewares/Third_Party/FreeRTOS/Source/tasks.c **** 	}
4471:Middlewares/Third_Party/FreeRTOS/Source/tasks.c **** 
4472:Middlewares/Third_Party/FreeRTOS/Source/tasks.c **** #endif /* configUSE_TASK_NOTIFICATIONS */
4473:Middlewares/Third_Party/FreeRTOS/Source/tasks.c **** /*-----------------------------------------------------------*/
4474:Middlewares/Third_Party/FreeRTOS/Source/tasks.c **** 
4475:Middlewares/Third_Party/FreeRTOS/Source/tasks.c **** #if( configUSE_TASK_NOTIFICATIONS == 1 )
4476:Middlewares/Third_Party/FreeRTOS/Source/tasks.c **** 
4477:Middlewares/Third_Party/FreeRTOS/Source/tasks.c **** 	BaseType_t xTaskNotifyWait( uint32_t ulBitsToClearOnEntry, uint32_t ulBitsToClearOnExit, uint32_t 
4478:Middlewares/Third_Party/FreeRTOS/Source/tasks.c **** 	{
4479:Middlewares/Third_Party/FreeRTOS/Source/tasks.c **** 	BaseType_t xReturn;
4480:Middlewares/Third_Party/FreeRTOS/Source/tasks.c **** 
4481:Middlewares/Third_Party/FreeRTOS/Source/tasks.c **** 		taskENTER_CRITICAL();
4482:Middlewares/Third_Party/FreeRTOS/Source/tasks.c **** 		{
4483:Middlewares/Third_Party/FreeRTOS/Source/tasks.c **** 			/* Only block if a notification is not already pending. */
4484:Middlewares/Third_Party/FreeRTOS/Source/tasks.c **** 			if( pxCurrentTCB->ucNotifyState != taskNOTIFICATION_RECEIVED )
4485:Middlewares/Third_Party/FreeRTOS/Source/tasks.c **** 			{
4486:Middlewares/Third_Party/FreeRTOS/Source/tasks.c **** 				/* Clear bits in the task's notification value as bits may get
4487:Middlewares/Third_Party/FreeRTOS/Source/tasks.c **** 				set	by the notifying task or interrupt.  This can be used to
4488:Middlewares/Third_Party/FreeRTOS/Source/tasks.c **** 				clear the value to zero. */
4489:Middlewares/Third_Party/FreeRTOS/Source/tasks.c **** 				pxCurrentTCB->ulNotifiedValue &= ~ulBitsToClearOnEntry;
4490:Middlewares/Third_Party/FreeRTOS/Source/tasks.c **** 
4491:Middlewares/Third_Party/FreeRTOS/Source/tasks.c **** 				/* Mark this task as waiting for a notification. */
4492:Middlewares/Third_Party/FreeRTOS/Source/tasks.c **** 				pxCurrentTCB->ucNotifyState = taskWAITING_NOTIFICATION;
4493:Middlewares/Third_Party/FreeRTOS/Source/tasks.c **** 
4494:Middlewares/Third_Party/FreeRTOS/Source/tasks.c **** 				if( xTicksToWait > ( TickType_t ) 0 )
4495:Middlewares/Third_Party/FreeRTOS/Source/tasks.c **** 				{
4496:Middlewares/Third_Party/FreeRTOS/Source/tasks.c **** 					prvAddCurrentTaskToDelayedList( xTicksToWait, pdTRUE );
4497:Middlewares/Third_Party/FreeRTOS/Source/tasks.c **** 					traceTASK_NOTIFY_WAIT_BLOCK();
4498:Middlewares/Third_Party/FreeRTOS/Source/tasks.c **** 
4499:Middlewares/Third_Party/FreeRTOS/Source/tasks.c **** 					/* All ports are written to allow a yield in a critical
4500:Middlewares/Third_Party/FreeRTOS/Source/tasks.c **** 					section (some will yield immediately, others wait until the
4501:Middlewares/Third_Party/FreeRTOS/Source/tasks.c **** 					critical section exits) - but it is not something that
4502:Middlewares/Third_Party/FreeRTOS/Source/tasks.c **** 					application code should ever do. */
4503:Middlewares/Third_Party/FreeRTOS/Source/tasks.c **** 					portYIELD_WITHIN_API();
4504:Middlewares/Third_Party/FreeRTOS/Source/tasks.c **** 				}
4505:Middlewares/Third_Party/FreeRTOS/Source/tasks.c **** 				else
4506:Middlewares/Third_Party/FreeRTOS/Source/tasks.c **** 				{
4507:Middlewares/Third_Party/FreeRTOS/Source/tasks.c **** 					mtCOVERAGE_TEST_MARKER();
4508:Middlewares/Third_Party/FreeRTOS/Source/tasks.c **** 				}
4509:Middlewares/Third_Party/FreeRTOS/Source/tasks.c **** 			}
4510:Middlewares/Third_Party/FreeRTOS/Source/tasks.c **** 			else
4511:Middlewares/Third_Party/FreeRTOS/Source/tasks.c **** 			{
4512:Middlewares/Third_Party/FreeRTOS/Source/tasks.c **** 				mtCOVERAGE_TEST_MARKER();
4513:Middlewares/Third_Party/FreeRTOS/Source/tasks.c **** 			}
4514:Middlewares/Third_Party/FreeRTOS/Source/tasks.c **** 		}
4515:Middlewares/Third_Party/FreeRTOS/Source/tasks.c **** 		taskEXIT_CRITICAL();
4516:Middlewares/Third_Party/FreeRTOS/Source/tasks.c **** 
4517:Middlewares/Third_Party/FreeRTOS/Source/tasks.c **** 		taskENTER_CRITICAL();
4518:Middlewares/Third_Party/FreeRTOS/Source/tasks.c **** 		{
4519:Middlewares/Third_Party/FreeRTOS/Source/tasks.c **** 			traceTASK_NOTIFY_WAIT();
4520:Middlewares/Third_Party/FreeRTOS/Source/tasks.c **** 
4521:Middlewares/Third_Party/FreeRTOS/Source/tasks.c **** 			if( pulNotificationValue != NULL )
4522:Middlewares/Third_Party/FreeRTOS/Source/tasks.c **** 			{
4523:Middlewares/Third_Party/FreeRTOS/Source/tasks.c **** 				/* Output the current notification value, which may or may not
4524:Middlewares/Third_Party/FreeRTOS/Source/tasks.c **** 				have changed. */
4525:Middlewares/Third_Party/FreeRTOS/Source/tasks.c **** 				*pulNotificationValue = pxCurrentTCB->ulNotifiedValue;
ARM GAS  C:\Users\31005\AppData\Local\Temp\ccNQ0Tdy.s 			page 102


4526:Middlewares/Third_Party/FreeRTOS/Source/tasks.c **** 			}
4527:Middlewares/Third_Party/FreeRTOS/Source/tasks.c **** 
4528:Middlewares/Third_Party/FreeRTOS/Source/tasks.c **** 			/* If ucNotifyValue is set then either the task never entered the
4529:Middlewares/Third_Party/FreeRTOS/Source/tasks.c **** 			blocked state (because a notification was already pending) or the
4530:Middlewares/Third_Party/FreeRTOS/Source/tasks.c **** 			task unblocked because of a notification.  Otherwise the task
4531:Middlewares/Third_Party/FreeRTOS/Source/tasks.c **** 			unblocked because of a timeout. */
4532:Middlewares/Third_Party/FreeRTOS/Source/tasks.c **** 			if( pxCurrentTCB->ucNotifyState != taskNOTIFICATION_RECEIVED )
4533:Middlewares/Third_Party/FreeRTOS/Source/tasks.c **** 			{
4534:Middlewares/Third_Party/FreeRTOS/Source/tasks.c **** 				/* A notification was not received. */
4535:Middlewares/Third_Party/FreeRTOS/Source/tasks.c **** 				xReturn = pdFALSE;
4536:Middlewares/Third_Party/FreeRTOS/Source/tasks.c **** 			}
4537:Middlewares/Third_Party/FreeRTOS/Source/tasks.c **** 			else
4538:Middlewares/Third_Party/FreeRTOS/Source/tasks.c **** 			{
4539:Middlewares/Third_Party/FreeRTOS/Source/tasks.c **** 				/* A notification was already pending or a notification was
4540:Middlewares/Third_Party/FreeRTOS/Source/tasks.c **** 				received while the task was waiting. */
4541:Middlewares/Third_Party/FreeRTOS/Source/tasks.c **** 				pxCurrentTCB->ulNotifiedValue &= ~ulBitsToClearOnExit;
4542:Middlewares/Third_Party/FreeRTOS/Source/tasks.c **** 				xReturn = pdTRUE;
4543:Middlewares/Third_Party/FreeRTOS/Source/tasks.c **** 			}
4544:Middlewares/Third_Party/FreeRTOS/Source/tasks.c **** 
4545:Middlewares/Third_Party/FreeRTOS/Source/tasks.c **** 			pxCurrentTCB->ucNotifyState = taskNOT_WAITING_NOTIFICATION;
4546:Middlewares/Third_Party/FreeRTOS/Source/tasks.c **** 		}
4547:Middlewares/Third_Party/FreeRTOS/Source/tasks.c **** 		taskEXIT_CRITICAL();
4548:Middlewares/Third_Party/FreeRTOS/Source/tasks.c **** 
4549:Middlewares/Third_Party/FreeRTOS/Source/tasks.c **** 		return xReturn;
4550:Middlewares/Third_Party/FreeRTOS/Source/tasks.c **** 	}
4551:Middlewares/Third_Party/FreeRTOS/Source/tasks.c **** 
4552:Middlewares/Third_Party/FreeRTOS/Source/tasks.c **** #endif /* configUSE_TASK_NOTIFICATIONS */
4553:Middlewares/Third_Party/FreeRTOS/Source/tasks.c **** /*-----------------------------------------------------------*/
4554:Middlewares/Third_Party/FreeRTOS/Source/tasks.c **** 
4555:Middlewares/Third_Party/FreeRTOS/Source/tasks.c **** #if( configUSE_TASK_NOTIFICATIONS == 1 )
4556:Middlewares/Third_Party/FreeRTOS/Source/tasks.c **** 
4557:Middlewares/Third_Party/FreeRTOS/Source/tasks.c **** 	BaseType_t xTaskGenericNotify( TaskHandle_t xTaskToNotify, uint32_t ulValue, eNotifyAction eAction
4558:Middlewares/Third_Party/FreeRTOS/Source/tasks.c **** 	{
4559:Middlewares/Third_Party/FreeRTOS/Source/tasks.c **** 	TCB_t * pxTCB;
4560:Middlewares/Third_Party/FreeRTOS/Source/tasks.c **** 	BaseType_t xReturn = pdPASS;
4561:Middlewares/Third_Party/FreeRTOS/Source/tasks.c **** 	uint8_t ucOriginalNotifyState;
4562:Middlewares/Third_Party/FreeRTOS/Source/tasks.c **** 
4563:Middlewares/Third_Party/FreeRTOS/Source/tasks.c **** 		configASSERT( xTaskToNotify );
4564:Middlewares/Third_Party/FreeRTOS/Source/tasks.c **** 		pxTCB = ( TCB_t * ) xTaskToNotify;
4565:Middlewares/Third_Party/FreeRTOS/Source/tasks.c **** 
4566:Middlewares/Third_Party/FreeRTOS/Source/tasks.c **** 		taskENTER_CRITICAL();
4567:Middlewares/Third_Party/FreeRTOS/Source/tasks.c **** 		{
4568:Middlewares/Third_Party/FreeRTOS/Source/tasks.c **** 			if( pulPreviousNotificationValue != NULL )
4569:Middlewares/Third_Party/FreeRTOS/Source/tasks.c **** 			{
4570:Middlewares/Third_Party/FreeRTOS/Source/tasks.c **** 				*pulPreviousNotificationValue = pxTCB->ulNotifiedValue;
4571:Middlewares/Third_Party/FreeRTOS/Source/tasks.c **** 			}
4572:Middlewares/Third_Party/FreeRTOS/Source/tasks.c **** 
4573:Middlewares/Third_Party/FreeRTOS/Source/tasks.c **** 			ucOriginalNotifyState = pxTCB->ucNotifyState;
4574:Middlewares/Third_Party/FreeRTOS/Source/tasks.c **** 
4575:Middlewares/Third_Party/FreeRTOS/Source/tasks.c **** 			pxTCB->ucNotifyState = taskNOTIFICATION_RECEIVED;
4576:Middlewares/Third_Party/FreeRTOS/Source/tasks.c **** 
4577:Middlewares/Third_Party/FreeRTOS/Source/tasks.c **** 			switch( eAction )
4578:Middlewares/Third_Party/FreeRTOS/Source/tasks.c **** 			{
4579:Middlewares/Third_Party/FreeRTOS/Source/tasks.c **** 				case eSetBits	:
4580:Middlewares/Third_Party/FreeRTOS/Source/tasks.c **** 					pxTCB->ulNotifiedValue |= ulValue;
4581:Middlewares/Third_Party/FreeRTOS/Source/tasks.c **** 					break;
4582:Middlewares/Third_Party/FreeRTOS/Source/tasks.c **** 
ARM GAS  C:\Users\31005\AppData\Local\Temp\ccNQ0Tdy.s 			page 103


4583:Middlewares/Third_Party/FreeRTOS/Source/tasks.c **** 				case eIncrement	:
4584:Middlewares/Third_Party/FreeRTOS/Source/tasks.c **** 					( pxTCB->ulNotifiedValue )++;
4585:Middlewares/Third_Party/FreeRTOS/Source/tasks.c **** 					break;
4586:Middlewares/Third_Party/FreeRTOS/Source/tasks.c **** 
4587:Middlewares/Third_Party/FreeRTOS/Source/tasks.c **** 				case eSetValueWithOverwrite	:
4588:Middlewares/Third_Party/FreeRTOS/Source/tasks.c **** 					pxTCB->ulNotifiedValue = ulValue;
4589:Middlewares/Third_Party/FreeRTOS/Source/tasks.c **** 					break;
4590:Middlewares/Third_Party/FreeRTOS/Source/tasks.c **** 
4591:Middlewares/Third_Party/FreeRTOS/Source/tasks.c **** 				case eSetValueWithoutOverwrite :
4592:Middlewares/Third_Party/FreeRTOS/Source/tasks.c **** 					if( ucOriginalNotifyState != taskNOTIFICATION_RECEIVED )
4593:Middlewares/Third_Party/FreeRTOS/Source/tasks.c **** 					{
4594:Middlewares/Third_Party/FreeRTOS/Source/tasks.c **** 						pxTCB->ulNotifiedValue = ulValue;
4595:Middlewares/Third_Party/FreeRTOS/Source/tasks.c **** 					}
4596:Middlewares/Third_Party/FreeRTOS/Source/tasks.c **** 					else
4597:Middlewares/Third_Party/FreeRTOS/Source/tasks.c **** 					{
4598:Middlewares/Third_Party/FreeRTOS/Source/tasks.c **** 						/* The value could not be written to the task. */
4599:Middlewares/Third_Party/FreeRTOS/Source/tasks.c **** 						xReturn = pdFAIL;
4600:Middlewares/Third_Party/FreeRTOS/Source/tasks.c **** 					}
4601:Middlewares/Third_Party/FreeRTOS/Source/tasks.c **** 					break;
4602:Middlewares/Third_Party/FreeRTOS/Source/tasks.c **** 
4603:Middlewares/Third_Party/FreeRTOS/Source/tasks.c **** 				case eNoAction:
4604:Middlewares/Third_Party/FreeRTOS/Source/tasks.c **** 					/* The task is being notified without its notify value being
4605:Middlewares/Third_Party/FreeRTOS/Source/tasks.c **** 					updated. */
4606:Middlewares/Third_Party/FreeRTOS/Source/tasks.c **** 					break;
4607:Middlewares/Third_Party/FreeRTOS/Source/tasks.c **** 			}
4608:Middlewares/Third_Party/FreeRTOS/Source/tasks.c **** 
4609:Middlewares/Third_Party/FreeRTOS/Source/tasks.c **** 			traceTASK_NOTIFY();
4610:Middlewares/Third_Party/FreeRTOS/Source/tasks.c **** 
4611:Middlewares/Third_Party/FreeRTOS/Source/tasks.c **** 			/* If the task is in the blocked state specifically to wait for a
4612:Middlewares/Third_Party/FreeRTOS/Source/tasks.c **** 			notification then unblock it now. */
4613:Middlewares/Third_Party/FreeRTOS/Source/tasks.c **** 			if( ucOriginalNotifyState == taskWAITING_NOTIFICATION )
4614:Middlewares/Third_Party/FreeRTOS/Source/tasks.c **** 			{
4615:Middlewares/Third_Party/FreeRTOS/Source/tasks.c **** 				( void ) uxListRemove( &( pxTCB->xStateListItem ) );
4616:Middlewares/Third_Party/FreeRTOS/Source/tasks.c **** 				prvAddTaskToReadyList( pxTCB );
4617:Middlewares/Third_Party/FreeRTOS/Source/tasks.c **** 
4618:Middlewares/Third_Party/FreeRTOS/Source/tasks.c **** 				/* The task should not have been on an event list. */
4619:Middlewares/Third_Party/FreeRTOS/Source/tasks.c **** 				configASSERT( listLIST_ITEM_CONTAINER( &( pxTCB->xEventListItem ) ) == NULL );
4620:Middlewares/Third_Party/FreeRTOS/Source/tasks.c **** 
4621:Middlewares/Third_Party/FreeRTOS/Source/tasks.c **** 				#if( configUSE_TICKLESS_IDLE != 0 )
4622:Middlewares/Third_Party/FreeRTOS/Source/tasks.c **** 				{
4623:Middlewares/Third_Party/FreeRTOS/Source/tasks.c **** 					/* If a task is blocked waiting for a notification then
4624:Middlewares/Third_Party/FreeRTOS/Source/tasks.c **** 					xNextTaskUnblockTime might be set to the blocked task's time
4625:Middlewares/Third_Party/FreeRTOS/Source/tasks.c **** 					out time.  If the task is unblocked for a reason other than
4626:Middlewares/Third_Party/FreeRTOS/Source/tasks.c **** 					a timeout xNextTaskUnblockTime is normally left unchanged,
4627:Middlewares/Third_Party/FreeRTOS/Source/tasks.c **** 					because it will automatically get reset to a new value when
4628:Middlewares/Third_Party/FreeRTOS/Source/tasks.c **** 					the tick count equals xNextTaskUnblockTime.  However if
4629:Middlewares/Third_Party/FreeRTOS/Source/tasks.c **** 					tickless idling is used it might be more important to enter
4630:Middlewares/Third_Party/FreeRTOS/Source/tasks.c **** 					sleep mode at the earliest possible time - so reset
4631:Middlewares/Third_Party/FreeRTOS/Source/tasks.c **** 					xNextTaskUnblockTime here to ensure it is updated at the
4632:Middlewares/Third_Party/FreeRTOS/Source/tasks.c **** 					earliest possible time. */
4633:Middlewares/Third_Party/FreeRTOS/Source/tasks.c **** 					prvResetNextTaskUnblockTime();
4634:Middlewares/Third_Party/FreeRTOS/Source/tasks.c **** 				}
4635:Middlewares/Third_Party/FreeRTOS/Source/tasks.c **** 				#endif
4636:Middlewares/Third_Party/FreeRTOS/Source/tasks.c **** 
4637:Middlewares/Third_Party/FreeRTOS/Source/tasks.c **** 				if( pxTCB->uxPriority > pxCurrentTCB->uxPriority )
4638:Middlewares/Third_Party/FreeRTOS/Source/tasks.c **** 				{
4639:Middlewares/Third_Party/FreeRTOS/Source/tasks.c **** 					/* The notified task has a priority above the currently
ARM GAS  C:\Users\31005\AppData\Local\Temp\ccNQ0Tdy.s 			page 104


4640:Middlewares/Third_Party/FreeRTOS/Source/tasks.c **** 					executing task so a yield is required. */
4641:Middlewares/Third_Party/FreeRTOS/Source/tasks.c **** 					taskYIELD_IF_USING_PREEMPTION();
4642:Middlewares/Third_Party/FreeRTOS/Source/tasks.c **** 				}
4643:Middlewares/Third_Party/FreeRTOS/Source/tasks.c **** 				else
4644:Middlewares/Third_Party/FreeRTOS/Source/tasks.c **** 				{
4645:Middlewares/Third_Party/FreeRTOS/Source/tasks.c **** 					mtCOVERAGE_TEST_MARKER();
4646:Middlewares/Third_Party/FreeRTOS/Source/tasks.c **** 				}
4647:Middlewares/Third_Party/FreeRTOS/Source/tasks.c **** 			}
4648:Middlewares/Third_Party/FreeRTOS/Source/tasks.c **** 			else
4649:Middlewares/Third_Party/FreeRTOS/Source/tasks.c **** 			{
4650:Middlewares/Third_Party/FreeRTOS/Source/tasks.c **** 				mtCOVERAGE_TEST_MARKER();
4651:Middlewares/Third_Party/FreeRTOS/Source/tasks.c **** 			}
4652:Middlewares/Third_Party/FreeRTOS/Source/tasks.c **** 		}
4653:Middlewares/Third_Party/FreeRTOS/Source/tasks.c **** 		taskEXIT_CRITICAL();
4654:Middlewares/Third_Party/FreeRTOS/Source/tasks.c **** 
4655:Middlewares/Third_Party/FreeRTOS/Source/tasks.c **** 		return xReturn;
4656:Middlewares/Third_Party/FreeRTOS/Source/tasks.c **** 	}
4657:Middlewares/Third_Party/FreeRTOS/Source/tasks.c **** 
4658:Middlewares/Third_Party/FreeRTOS/Source/tasks.c **** #endif /* configUSE_TASK_NOTIFICATIONS */
4659:Middlewares/Third_Party/FreeRTOS/Source/tasks.c **** /*-----------------------------------------------------------*/
4660:Middlewares/Third_Party/FreeRTOS/Source/tasks.c **** 
4661:Middlewares/Third_Party/FreeRTOS/Source/tasks.c **** #if( configUSE_TASK_NOTIFICATIONS == 1 )
4662:Middlewares/Third_Party/FreeRTOS/Source/tasks.c **** 
4663:Middlewares/Third_Party/FreeRTOS/Source/tasks.c **** 	BaseType_t xTaskGenericNotifyFromISR( TaskHandle_t xTaskToNotify, uint32_t ulValue, eNotifyAction 
4664:Middlewares/Third_Party/FreeRTOS/Source/tasks.c **** 	{
4665:Middlewares/Third_Party/FreeRTOS/Source/tasks.c **** 	TCB_t * pxTCB;
4666:Middlewares/Third_Party/FreeRTOS/Source/tasks.c **** 	uint8_t ucOriginalNotifyState;
4667:Middlewares/Third_Party/FreeRTOS/Source/tasks.c **** 	BaseType_t xReturn = pdPASS;
4668:Middlewares/Third_Party/FreeRTOS/Source/tasks.c **** 	UBaseType_t uxSavedInterruptStatus;
4669:Middlewares/Third_Party/FreeRTOS/Source/tasks.c **** 
4670:Middlewares/Third_Party/FreeRTOS/Source/tasks.c **** 		configASSERT( xTaskToNotify );
4671:Middlewares/Third_Party/FreeRTOS/Source/tasks.c **** 
4672:Middlewares/Third_Party/FreeRTOS/Source/tasks.c **** 		/* RTOS ports that support interrupt nesting have the concept of a
4673:Middlewares/Third_Party/FreeRTOS/Source/tasks.c **** 		maximum	system call (or maximum API call) interrupt priority.
4674:Middlewares/Third_Party/FreeRTOS/Source/tasks.c **** 		Interrupts that are	above the maximum system call priority are keep
4675:Middlewares/Third_Party/FreeRTOS/Source/tasks.c **** 		permanently enabled, even when the RTOS kernel is in a critical section,
4676:Middlewares/Third_Party/FreeRTOS/Source/tasks.c **** 		but cannot make any calls to FreeRTOS API functions.  If configASSERT()
4677:Middlewares/Third_Party/FreeRTOS/Source/tasks.c **** 		is defined in FreeRTOSConfig.h then
4678:Middlewares/Third_Party/FreeRTOS/Source/tasks.c **** 		portASSERT_IF_INTERRUPT_PRIORITY_INVALID() will result in an assertion
4679:Middlewares/Third_Party/FreeRTOS/Source/tasks.c **** 		failure if a FreeRTOS API function is called from an interrupt that has
4680:Middlewares/Third_Party/FreeRTOS/Source/tasks.c **** 		been assigned a priority above the configured maximum system call
4681:Middlewares/Third_Party/FreeRTOS/Source/tasks.c **** 		priority.  Only FreeRTOS functions that end in FromISR can be called
4682:Middlewares/Third_Party/FreeRTOS/Source/tasks.c **** 		from interrupts	that have been assigned a priority at or (logically)
4683:Middlewares/Third_Party/FreeRTOS/Source/tasks.c **** 		below the maximum system call interrupt priority.  FreeRTOS maintains a
4684:Middlewares/Third_Party/FreeRTOS/Source/tasks.c **** 		separate interrupt safe API to ensure interrupt entry is as fast and as
4685:Middlewares/Third_Party/FreeRTOS/Source/tasks.c **** 		simple as possible.  More information (albeit Cortex-M specific) is
4686:Middlewares/Third_Party/FreeRTOS/Source/tasks.c **** 		provided on the following link:
4687:Middlewares/Third_Party/FreeRTOS/Source/tasks.c **** 		http://www.freertos.org/RTOS-Cortex-M3-M4.html */
4688:Middlewares/Third_Party/FreeRTOS/Source/tasks.c **** 		portASSERT_IF_INTERRUPT_PRIORITY_INVALID();
4689:Middlewares/Third_Party/FreeRTOS/Source/tasks.c **** 
4690:Middlewares/Third_Party/FreeRTOS/Source/tasks.c **** 		pxTCB = ( TCB_t * ) xTaskToNotify;
4691:Middlewares/Third_Party/FreeRTOS/Source/tasks.c **** 
4692:Middlewares/Third_Party/FreeRTOS/Source/tasks.c **** 		uxSavedInterruptStatus = portSET_INTERRUPT_MASK_FROM_ISR();
4693:Middlewares/Third_Party/FreeRTOS/Source/tasks.c **** 		{
4694:Middlewares/Third_Party/FreeRTOS/Source/tasks.c **** 			if( pulPreviousNotificationValue != NULL )
4695:Middlewares/Third_Party/FreeRTOS/Source/tasks.c **** 			{
4696:Middlewares/Third_Party/FreeRTOS/Source/tasks.c **** 				*pulPreviousNotificationValue = pxTCB->ulNotifiedValue;
ARM GAS  C:\Users\31005\AppData\Local\Temp\ccNQ0Tdy.s 			page 105


4697:Middlewares/Third_Party/FreeRTOS/Source/tasks.c **** 			}
4698:Middlewares/Third_Party/FreeRTOS/Source/tasks.c **** 
4699:Middlewares/Third_Party/FreeRTOS/Source/tasks.c **** 			ucOriginalNotifyState = pxTCB->ucNotifyState;
4700:Middlewares/Third_Party/FreeRTOS/Source/tasks.c **** 			pxTCB->ucNotifyState = taskNOTIFICATION_RECEIVED;
4701:Middlewares/Third_Party/FreeRTOS/Source/tasks.c **** 
4702:Middlewares/Third_Party/FreeRTOS/Source/tasks.c **** 			switch( eAction )
4703:Middlewares/Third_Party/FreeRTOS/Source/tasks.c **** 			{
4704:Middlewares/Third_Party/FreeRTOS/Source/tasks.c **** 				case eSetBits	:
4705:Middlewares/Third_Party/FreeRTOS/Source/tasks.c **** 					pxTCB->ulNotifiedValue |= ulValue;
4706:Middlewares/Third_Party/FreeRTOS/Source/tasks.c **** 					break;
4707:Middlewares/Third_Party/FreeRTOS/Source/tasks.c **** 
4708:Middlewares/Third_Party/FreeRTOS/Source/tasks.c **** 				case eIncrement	:
4709:Middlewares/Third_Party/FreeRTOS/Source/tasks.c **** 					( pxTCB->ulNotifiedValue )++;
4710:Middlewares/Third_Party/FreeRTOS/Source/tasks.c **** 					break;
4711:Middlewares/Third_Party/FreeRTOS/Source/tasks.c **** 
4712:Middlewares/Third_Party/FreeRTOS/Source/tasks.c **** 				case eSetValueWithOverwrite	:
4713:Middlewares/Third_Party/FreeRTOS/Source/tasks.c **** 					pxTCB->ulNotifiedValue = ulValue;
4714:Middlewares/Third_Party/FreeRTOS/Source/tasks.c **** 					break;
4715:Middlewares/Third_Party/FreeRTOS/Source/tasks.c **** 
4716:Middlewares/Third_Party/FreeRTOS/Source/tasks.c **** 				case eSetValueWithoutOverwrite :
4717:Middlewares/Third_Party/FreeRTOS/Source/tasks.c **** 					if( ucOriginalNotifyState != taskNOTIFICATION_RECEIVED )
4718:Middlewares/Third_Party/FreeRTOS/Source/tasks.c **** 					{
4719:Middlewares/Third_Party/FreeRTOS/Source/tasks.c **** 						pxTCB->ulNotifiedValue = ulValue;
4720:Middlewares/Third_Party/FreeRTOS/Source/tasks.c **** 					}
4721:Middlewares/Third_Party/FreeRTOS/Source/tasks.c **** 					else
4722:Middlewares/Third_Party/FreeRTOS/Source/tasks.c **** 					{
4723:Middlewares/Third_Party/FreeRTOS/Source/tasks.c **** 						/* The value could not be written to the task. */
4724:Middlewares/Third_Party/FreeRTOS/Source/tasks.c **** 						xReturn = pdFAIL;
4725:Middlewares/Third_Party/FreeRTOS/Source/tasks.c **** 					}
4726:Middlewares/Third_Party/FreeRTOS/Source/tasks.c **** 					break;
4727:Middlewares/Third_Party/FreeRTOS/Source/tasks.c **** 
4728:Middlewares/Third_Party/FreeRTOS/Source/tasks.c **** 				case eNoAction :
4729:Middlewares/Third_Party/FreeRTOS/Source/tasks.c **** 					/* The task is being notified without its notify value being
4730:Middlewares/Third_Party/FreeRTOS/Source/tasks.c **** 					updated. */
4731:Middlewares/Third_Party/FreeRTOS/Source/tasks.c **** 					break;
4732:Middlewares/Third_Party/FreeRTOS/Source/tasks.c **** 			}
4733:Middlewares/Third_Party/FreeRTOS/Source/tasks.c **** 
4734:Middlewares/Third_Party/FreeRTOS/Source/tasks.c **** 			traceTASK_NOTIFY_FROM_ISR();
4735:Middlewares/Third_Party/FreeRTOS/Source/tasks.c **** 
4736:Middlewares/Third_Party/FreeRTOS/Source/tasks.c **** 			/* If the task is in the blocked state specifically to wait for a
4737:Middlewares/Third_Party/FreeRTOS/Source/tasks.c **** 			notification then unblock it now. */
4738:Middlewares/Third_Party/FreeRTOS/Source/tasks.c **** 			if( ucOriginalNotifyState == taskWAITING_NOTIFICATION )
4739:Middlewares/Third_Party/FreeRTOS/Source/tasks.c **** 			{
4740:Middlewares/Third_Party/FreeRTOS/Source/tasks.c **** 				/* The task should not have been on an event list. */
4741:Middlewares/Third_Party/FreeRTOS/Source/tasks.c **** 				configASSERT( listLIST_ITEM_CONTAINER( &( pxTCB->xEventListItem ) ) == NULL );
4742:Middlewares/Third_Party/FreeRTOS/Source/tasks.c **** 
4743:Middlewares/Third_Party/FreeRTOS/Source/tasks.c **** 				if( uxSchedulerSuspended == ( UBaseType_t ) pdFALSE )
4744:Middlewares/Third_Party/FreeRTOS/Source/tasks.c **** 				{
4745:Middlewares/Third_Party/FreeRTOS/Source/tasks.c **** 					( void ) uxListRemove( &( pxTCB->xStateListItem ) );
4746:Middlewares/Third_Party/FreeRTOS/Source/tasks.c **** 					prvAddTaskToReadyList( pxTCB );
4747:Middlewares/Third_Party/FreeRTOS/Source/tasks.c **** 				}
4748:Middlewares/Third_Party/FreeRTOS/Source/tasks.c **** 				else
4749:Middlewares/Third_Party/FreeRTOS/Source/tasks.c **** 				{
4750:Middlewares/Third_Party/FreeRTOS/Source/tasks.c **** 					/* The delayed and ready lists cannot be accessed, so hold
4751:Middlewares/Third_Party/FreeRTOS/Source/tasks.c **** 					this task pending until the scheduler is resumed. */
4752:Middlewares/Third_Party/FreeRTOS/Source/tasks.c **** 					vListInsertEnd( &( xPendingReadyList ), &( pxTCB->xEventListItem ) );
4753:Middlewares/Third_Party/FreeRTOS/Source/tasks.c **** 				}
ARM GAS  C:\Users\31005\AppData\Local\Temp\ccNQ0Tdy.s 			page 106


4754:Middlewares/Third_Party/FreeRTOS/Source/tasks.c **** 
4755:Middlewares/Third_Party/FreeRTOS/Source/tasks.c **** 				if( pxTCB->uxPriority > pxCurrentTCB->uxPriority )
4756:Middlewares/Third_Party/FreeRTOS/Source/tasks.c **** 				{
4757:Middlewares/Third_Party/FreeRTOS/Source/tasks.c **** 					/* The notified task has a priority above the currently
4758:Middlewares/Third_Party/FreeRTOS/Source/tasks.c **** 					executing task so a yield is required. */
4759:Middlewares/Third_Party/FreeRTOS/Source/tasks.c **** 					if( pxHigherPriorityTaskWoken != NULL )
4760:Middlewares/Third_Party/FreeRTOS/Source/tasks.c **** 					{
4761:Middlewares/Third_Party/FreeRTOS/Source/tasks.c **** 						*pxHigherPriorityTaskWoken = pdTRUE;
4762:Middlewares/Third_Party/FreeRTOS/Source/tasks.c **** 					}
4763:Middlewares/Third_Party/FreeRTOS/Source/tasks.c **** 					else
4764:Middlewares/Third_Party/FreeRTOS/Source/tasks.c **** 					{
4765:Middlewares/Third_Party/FreeRTOS/Source/tasks.c **** 						/* Mark that a yield is pending in case the user is not
4766:Middlewares/Third_Party/FreeRTOS/Source/tasks.c **** 						using the "xHigherPriorityTaskWoken" parameter to an ISR
4767:Middlewares/Third_Party/FreeRTOS/Source/tasks.c **** 						safe FreeRTOS function. */
4768:Middlewares/Third_Party/FreeRTOS/Source/tasks.c **** 						xYieldPending = pdTRUE;
4769:Middlewares/Third_Party/FreeRTOS/Source/tasks.c **** 					}
4770:Middlewares/Third_Party/FreeRTOS/Source/tasks.c **** 				}
4771:Middlewares/Third_Party/FreeRTOS/Source/tasks.c **** 				else
4772:Middlewares/Third_Party/FreeRTOS/Source/tasks.c **** 				{
4773:Middlewares/Third_Party/FreeRTOS/Source/tasks.c **** 					mtCOVERAGE_TEST_MARKER();
4774:Middlewares/Third_Party/FreeRTOS/Source/tasks.c **** 				}
4775:Middlewares/Third_Party/FreeRTOS/Source/tasks.c **** 			}
4776:Middlewares/Third_Party/FreeRTOS/Source/tasks.c **** 		}
4777:Middlewares/Third_Party/FreeRTOS/Source/tasks.c **** 		portCLEAR_INTERRUPT_MASK_FROM_ISR( uxSavedInterruptStatus );
4778:Middlewares/Third_Party/FreeRTOS/Source/tasks.c **** 
4779:Middlewares/Third_Party/FreeRTOS/Source/tasks.c **** 		return xReturn;
4780:Middlewares/Third_Party/FreeRTOS/Source/tasks.c **** 	}
4781:Middlewares/Third_Party/FreeRTOS/Source/tasks.c **** 
4782:Middlewares/Third_Party/FreeRTOS/Source/tasks.c **** #endif /* configUSE_TASK_NOTIFICATIONS */
4783:Middlewares/Third_Party/FreeRTOS/Source/tasks.c **** /*-----------------------------------------------------------*/
4784:Middlewares/Third_Party/FreeRTOS/Source/tasks.c **** 
4785:Middlewares/Third_Party/FreeRTOS/Source/tasks.c **** #if( configUSE_TASK_NOTIFICATIONS == 1 )
4786:Middlewares/Third_Party/FreeRTOS/Source/tasks.c **** 
4787:Middlewares/Third_Party/FreeRTOS/Source/tasks.c **** 	void vTaskNotifyGiveFromISR( TaskHandle_t xTaskToNotify, BaseType_t *pxHigherPriorityTaskWoken )
4788:Middlewares/Third_Party/FreeRTOS/Source/tasks.c **** 	{
4789:Middlewares/Third_Party/FreeRTOS/Source/tasks.c **** 	TCB_t * pxTCB;
4790:Middlewares/Third_Party/FreeRTOS/Source/tasks.c **** 	uint8_t ucOriginalNotifyState;
4791:Middlewares/Third_Party/FreeRTOS/Source/tasks.c **** 	UBaseType_t uxSavedInterruptStatus;
4792:Middlewares/Third_Party/FreeRTOS/Source/tasks.c **** 
4793:Middlewares/Third_Party/FreeRTOS/Source/tasks.c **** 		configASSERT( xTaskToNotify );
4794:Middlewares/Third_Party/FreeRTOS/Source/tasks.c **** 
4795:Middlewares/Third_Party/FreeRTOS/Source/tasks.c **** 		/* RTOS ports that support interrupt nesting have the concept of a
4796:Middlewares/Third_Party/FreeRTOS/Source/tasks.c **** 		maximum	system call (or maximum API call) interrupt priority.
4797:Middlewares/Third_Party/FreeRTOS/Source/tasks.c **** 		Interrupts that are	above the maximum system call priority are keep
4798:Middlewares/Third_Party/FreeRTOS/Source/tasks.c **** 		permanently enabled, even when the RTOS kernel is in a critical section,
4799:Middlewares/Third_Party/FreeRTOS/Source/tasks.c **** 		but cannot make any calls to FreeRTOS API functions.  If configASSERT()
4800:Middlewares/Third_Party/FreeRTOS/Source/tasks.c **** 		is defined in FreeRTOSConfig.h then
4801:Middlewares/Third_Party/FreeRTOS/Source/tasks.c **** 		portASSERT_IF_INTERRUPT_PRIORITY_INVALID() will result in an assertion
4802:Middlewares/Third_Party/FreeRTOS/Source/tasks.c **** 		failure if a FreeRTOS API function is called from an interrupt that has
4803:Middlewares/Third_Party/FreeRTOS/Source/tasks.c **** 		been assigned a priority above the configured maximum system call
4804:Middlewares/Third_Party/FreeRTOS/Source/tasks.c **** 		priority.  Only FreeRTOS functions that end in FromISR can be called
4805:Middlewares/Third_Party/FreeRTOS/Source/tasks.c **** 		from interrupts	that have been assigned a priority at or (logically)
4806:Middlewares/Third_Party/FreeRTOS/Source/tasks.c **** 		below the maximum system call interrupt priority.  FreeRTOS maintains a
4807:Middlewares/Third_Party/FreeRTOS/Source/tasks.c **** 		separate interrupt safe API to ensure interrupt entry is as fast and as
4808:Middlewares/Third_Party/FreeRTOS/Source/tasks.c **** 		simple as possible.  More information (albeit Cortex-M specific) is
4809:Middlewares/Third_Party/FreeRTOS/Source/tasks.c **** 		provided on the following link:
4810:Middlewares/Third_Party/FreeRTOS/Source/tasks.c **** 		http://www.freertos.org/RTOS-Cortex-M3-M4.html */
ARM GAS  C:\Users\31005\AppData\Local\Temp\ccNQ0Tdy.s 			page 107


4811:Middlewares/Third_Party/FreeRTOS/Source/tasks.c **** 		portASSERT_IF_INTERRUPT_PRIORITY_INVALID();
4812:Middlewares/Third_Party/FreeRTOS/Source/tasks.c **** 
4813:Middlewares/Third_Party/FreeRTOS/Source/tasks.c **** 		pxTCB = ( TCB_t * ) xTaskToNotify;
4814:Middlewares/Third_Party/FreeRTOS/Source/tasks.c **** 
4815:Middlewares/Third_Party/FreeRTOS/Source/tasks.c **** 		uxSavedInterruptStatus = portSET_INTERRUPT_MASK_FROM_ISR();
4816:Middlewares/Third_Party/FreeRTOS/Source/tasks.c **** 		{
4817:Middlewares/Third_Party/FreeRTOS/Source/tasks.c **** 			ucOriginalNotifyState = pxTCB->ucNotifyState;
4818:Middlewares/Third_Party/FreeRTOS/Source/tasks.c **** 			pxTCB->ucNotifyState = taskNOTIFICATION_RECEIVED;
4819:Middlewares/Third_Party/FreeRTOS/Source/tasks.c **** 
4820:Middlewares/Third_Party/FreeRTOS/Source/tasks.c **** 			/* 'Giving' is equivalent to incrementing a count in a counting
4821:Middlewares/Third_Party/FreeRTOS/Source/tasks.c **** 			semaphore. */
4822:Middlewares/Third_Party/FreeRTOS/Source/tasks.c **** 			( pxTCB->ulNotifiedValue )++;
4823:Middlewares/Third_Party/FreeRTOS/Source/tasks.c **** 
4824:Middlewares/Third_Party/FreeRTOS/Source/tasks.c **** 			traceTASK_NOTIFY_GIVE_FROM_ISR();
4825:Middlewares/Third_Party/FreeRTOS/Source/tasks.c **** 
4826:Middlewares/Third_Party/FreeRTOS/Source/tasks.c **** 			/* If the task is in the blocked state specifically to wait for a
4827:Middlewares/Third_Party/FreeRTOS/Source/tasks.c **** 			notification then unblock it now. */
4828:Middlewares/Third_Party/FreeRTOS/Source/tasks.c **** 			if( ucOriginalNotifyState == taskWAITING_NOTIFICATION )
4829:Middlewares/Third_Party/FreeRTOS/Source/tasks.c **** 			{
4830:Middlewares/Third_Party/FreeRTOS/Source/tasks.c **** 				/* The task should not have been on an event list. */
4831:Middlewares/Third_Party/FreeRTOS/Source/tasks.c **** 				configASSERT( listLIST_ITEM_CONTAINER( &( pxTCB->xEventListItem ) ) == NULL );
4832:Middlewares/Third_Party/FreeRTOS/Source/tasks.c **** 
4833:Middlewares/Third_Party/FreeRTOS/Source/tasks.c **** 				if( uxSchedulerSuspended == ( UBaseType_t ) pdFALSE )
4834:Middlewares/Third_Party/FreeRTOS/Source/tasks.c **** 				{
4835:Middlewares/Third_Party/FreeRTOS/Source/tasks.c **** 					( void ) uxListRemove( &( pxTCB->xStateListItem ) );
4836:Middlewares/Third_Party/FreeRTOS/Source/tasks.c **** 					prvAddTaskToReadyList( pxTCB );
4837:Middlewares/Third_Party/FreeRTOS/Source/tasks.c **** 				}
4838:Middlewares/Third_Party/FreeRTOS/Source/tasks.c **** 				else
4839:Middlewares/Third_Party/FreeRTOS/Source/tasks.c **** 				{
4840:Middlewares/Third_Party/FreeRTOS/Source/tasks.c **** 					/* The delayed and ready lists cannot be accessed, so hold
4841:Middlewares/Third_Party/FreeRTOS/Source/tasks.c **** 					this task pending until the scheduler is resumed. */
4842:Middlewares/Third_Party/FreeRTOS/Source/tasks.c **** 					vListInsertEnd( &( xPendingReadyList ), &( pxTCB->xEventListItem ) );
4843:Middlewares/Third_Party/FreeRTOS/Source/tasks.c **** 				}
4844:Middlewares/Third_Party/FreeRTOS/Source/tasks.c **** 
4845:Middlewares/Third_Party/FreeRTOS/Source/tasks.c **** 				if( pxTCB->uxPriority > pxCurrentTCB->uxPriority )
4846:Middlewares/Third_Party/FreeRTOS/Source/tasks.c **** 				{
4847:Middlewares/Third_Party/FreeRTOS/Source/tasks.c **** 					/* The notified task has a priority above the currently
4848:Middlewares/Third_Party/FreeRTOS/Source/tasks.c **** 					executing task so a yield is required. */
4849:Middlewares/Third_Party/FreeRTOS/Source/tasks.c **** 					if( pxHigherPriorityTaskWoken != NULL )
4850:Middlewares/Third_Party/FreeRTOS/Source/tasks.c **** 					{
4851:Middlewares/Third_Party/FreeRTOS/Source/tasks.c **** 						*pxHigherPriorityTaskWoken = pdTRUE;
4852:Middlewares/Third_Party/FreeRTOS/Source/tasks.c **** 					}
4853:Middlewares/Third_Party/FreeRTOS/Source/tasks.c **** 					else
4854:Middlewares/Third_Party/FreeRTOS/Source/tasks.c **** 					{
4855:Middlewares/Third_Party/FreeRTOS/Source/tasks.c **** 						/* Mark that a yield is pending in case the user is not
4856:Middlewares/Third_Party/FreeRTOS/Source/tasks.c **** 						using the "xHigherPriorityTaskWoken" parameter in an ISR
4857:Middlewares/Third_Party/FreeRTOS/Source/tasks.c **** 						safe FreeRTOS function. */
4858:Middlewares/Third_Party/FreeRTOS/Source/tasks.c **** 						xYieldPending = pdTRUE;
4859:Middlewares/Third_Party/FreeRTOS/Source/tasks.c **** 					}
4860:Middlewares/Third_Party/FreeRTOS/Source/tasks.c **** 				}
4861:Middlewares/Third_Party/FreeRTOS/Source/tasks.c **** 				else
4862:Middlewares/Third_Party/FreeRTOS/Source/tasks.c **** 				{
4863:Middlewares/Third_Party/FreeRTOS/Source/tasks.c **** 					mtCOVERAGE_TEST_MARKER();
4864:Middlewares/Third_Party/FreeRTOS/Source/tasks.c **** 				}
4865:Middlewares/Third_Party/FreeRTOS/Source/tasks.c **** 			}
4866:Middlewares/Third_Party/FreeRTOS/Source/tasks.c **** 		}
4867:Middlewares/Third_Party/FreeRTOS/Source/tasks.c **** 		portCLEAR_INTERRUPT_MASK_FROM_ISR( uxSavedInterruptStatus );
ARM GAS  C:\Users\31005\AppData\Local\Temp\ccNQ0Tdy.s 			page 108


4868:Middlewares/Third_Party/FreeRTOS/Source/tasks.c **** 	}
4869:Middlewares/Third_Party/FreeRTOS/Source/tasks.c **** 
4870:Middlewares/Third_Party/FreeRTOS/Source/tasks.c **** #endif /* configUSE_TASK_NOTIFICATIONS */
4871:Middlewares/Third_Party/FreeRTOS/Source/tasks.c **** 
4872:Middlewares/Third_Party/FreeRTOS/Source/tasks.c **** /*-----------------------------------------------------------*/
4873:Middlewares/Third_Party/FreeRTOS/Source/tasks.c **** 
4874:Middlewares/Third_Party/FreeRTOS/Source/tasks.c **** #if( configUSE_TASK_NOTIFICATIONS == 1 )
4875:Middlewares/Third_Party/FreeRTOS/Source/tasks.c **** 
4876:Middlewares/Third_Party/FreeRTOS/Source/tasks.c **** 	BaseType_t xTaskNotifyStateClear( TaskHandle_t xTask )
4877:Middlewares/Third_Party/FreeRTOS/Source/tasks.c **** 	{
4878:Middlewares/Third_Party/FreeRTOS/Source/tasks.c **** 	TCB_t *pxTCB;
4879:Middlewares/Third_Party/FreeRTOS/Source/tasks.c **** 	BaseType_t xReturn;
4880:Middlewares/Third_Party/FreeRTOS/Source/tasks.c **** 
4881:Middlewares/Third_Party/FreeRTOS/Source/tasks.c **** 		/* If null is passed in here then it is the calling task that is having
4882:Middlewares/Third_Party/FreeRTOS/Source/tasks.c **** 		its notification state cleared. */
4883:Middlewares/Third_Party/FreeRTOS/Source/tasks.c **** 		pxTCB = prvGetTCBFromHandle( xTask );
4884:Middlewares/Third_Party/FreeRTOS/Source/tasks.c **** 
4885:Middlewares/Third_Party/FreeRTOS/Source/tasks.c **** 		taskENTER_CRITICAL();
4886:Middlewares/Third_Party/FreeRTOS/Source/tasks.c **** 		{
4887:Middlewares/Third_Party/FreeRTOS/Source/tasks.c **** 			if( pxTCB->ucNotifyState == taskNOTIFICATION_RECEIVED )
4888:Middlewares/Third_Party/FreeRTOS/Source/tasks.c **** 			{
4889:Middlewares/Third_Party/FreeRTOS/Source/tasks.c **** 				pxTCB->ucNotifyState = taskNOT_WAITING_NOTIFICATION;
4890:Middlewares/Third_Party/FreeRTOS/Source/tasks.c **** 				xReturn = pdPASS;
4891:Middlewares/Third_Party/FreeRTOS/Source/tasks.c **** 			}
4892:Middlewares/Third_Party/FreeRTOS/Source/tasks.c **** 			else
4893:Middlewares/Third_Party/FreeRTOS/Source/tasks.c **** 			{
4894:Middlewares/Third_Party/FreeRTOS/Source/tasks.c **** 				xReturn = pdFAIL;
4895:Middlewares/Third_Party/FreeRTOS/Source/tasks.c **** 			}
4896:Middlewares/Third_Party/FreeRTOS/Source/tasks.c **** 		}
4897:Middlewares/Third_Party/FreeRTOS/Source/tasks.c **** 		taskEXIT_CRITICAL();
4898:Middlewares/Third_Party/FreeRTOS/Source/tasks.c **** 
4899:Middlewares/Third_Party/FreeRTOS/Source/tasks.c **** 		return xReturn;
4900:Middlewares/Third_Party/FreeRTOS/Source/tasks.c **** 	}
4901:Middlewares/Third_Party/FreeRTOS/Source/tasks.c **** 
4902:Middlewares/Third_Party/FreeRTOS/Source/tasks.c **** #endif /* configUSE_TASK_NOTIFICATIONS */
4903:Middlewares/Third_Party/FreeRTOS/Source/tasks.c **** /*-----------------------------------------------------------*/
4904:Middlewares/Third_Party/FreeRTOS/Source/tasks.c **** 
4905:Middlewares/Third_Party/FreeRTOS/Source/tasks.c **** 
4906:Middlewares/Third_Party/FreeRTOS/Source/tasks.c **** static void prvAddCurrentTaskToDelayedList( TickType_t xTicksToWait, const BaseType_t xCanBlockInde
4907:Middlewares/Third_Party/FreeRTOS/Source/tasks.c **** {
 862              		.loc 1 4907 1 view -0
 863              		.cfi_startproc
 864              		@ args = 0, pretend = 0, frame = 0
 865              		@ frame_needed = 0, uses_anonymous_args = 0
 866              		.loc 1 4907 1 is_stmt 0 view .LVU246
 867 0000 70B5     		push	{r4, r5, r6, lr}
 868              	.LCFI7:
 869              		.cfi_def_cfa_offset 16
 870              		.cfi_offset 4, -16
 871              		.cfi_offset 5, -12
 872              		.cfi_offset 6, -8
 873              		.cfi_offset 14, -4
 874 0002 0446     		mov	r4, r0
 875 0004 0D46     		mov	r5, r1
4908:Middlewares/Third_Party/FreeRTOS/Source/tasks.c **** TickType_t xTimeToWake;
 876              		.loc 1 4908 1 is_stmt 1 view .LVU247
4909:Middlewares/Third_Party/FreeRTOS/Source/tasks.c **** const TickType_t xConstTickCount = xTickCount;
ARM GAS  C:\Users\31005\AppData\Local\Temp\ccNQ0Tdy.s 			page 109


 877              		.loc 1 4909 1 view .LVU248
 878              		.loc 1 4909 18 is_stmt 0 view .LVU249
 879 0006 174B     		ldr	r3, .L73
 880 0008 1E68     		ldr	r6, [r3]
 881              	.LVL65:
4910:Middlewares/Third_Party/FreeRTOS/Source/tasks.c **** 
4911:Middlewares/Third_Party/FreeRTOS/Source/tasks.c **** 	#if( INCLUDE_xTaskAbortDelay == 1 )
4912:Middlewares/Third_Party/FreeRTOS/Source/tasks.c **** 	{
4913:Middlewares/Third_Party/FreeRTOS/Source/tasks.c **** 		/* About to enter a delayed list, so ensure the ucDelayAborted flag is
4914:Middlewares/Third_Party/FreeRTOS/Source/tasks.c **** 		reset to pdFALSE so it can be detected as having been set to pdTRUE
4915:Middlewares/Third_Party/FreeRTOS/Source/tasks.c **** 		when the task leaves the Blocked state. */
4916:Middlewares/Third_Party/FreeRTOS/Source/tasks.c **** 		pxCurrentTCB->ucDelayAborted = pdFALSE;
4917:Middlewares/Third_Party/FreeRTOS/Source/tasks.c **** 	}
4918:Middlewares/Third_Party/FreeRTOS/Source/tasks.c **** 	#endif
4919:Middlewares/Third_Party/FreeRTOS/Source/tasks.c **** 
4920:Middlewares/Third_Party/FreeRTOS/Source/tasks.c **** 	/* Remove the task from the ready list before adding it to the blocked list
4921:Middlewares/Third_Party/FreeRTOS/Source/tasks.c **** 	as the same list item is used for both lists. */
4922:Middlewares/Third_Party/FreeRTOS/Source/tasks.c **** 	if( uxListRemove( &( pxCurrentTCB->xStateListItem ) ) == ( UBaseType_t ) 0 )
 882              		.loc 1 4922 2 is_stmt 1 view .LVU250
 883              		.loc 1 4922 35 is_stmt 0 view .LVU251
 884 000a 174B     		ldr	r3, .L73+4
 885 000c 1868     		ldr	r0, [r3]
 886              	.LVL66:
 887              		.loc 1 4922 6 view .LVU252
 888 000e 0430     		adds	r0, r0, #4
 889 0010 FFF7FEFF 		bl	uxListRemove
 890              	.LVL67:
4923:Middlewares/Third_Party/FreeRTOS/Source/tasks.c **** 	{
4924:Middlewares/Third_Party/FreeRTOS/Source/tasks.c **** 		/* The current task must be in a ready list, so there is no need to
4925:Middlewares/Third_Party/FreeRTOS/Source/tasks.c **** 		check, and the port reset macro can be called directly. */
4926:Middlewares/Third_Party/FreeRTOS/Source/tasks.c **** 		portRESET_READY_PRIORITY( pxCurrentTCB->uxPriority, uxTopReadyPriority );
4927:Middlewares/Third_Party/FreeRTOS/Source/tasks.c **** 	}
4928:Middlewares/Third_Party/FreeRTOS/Source/tasks.c **** 	else
4929:Middlewares/Third_Party/FreeRTOS/Source/tasks.c **** 	{
4930:Middlewares/Third_Party/FreeRTOS/Source/tasks.c **** 		mtCOVERAGE_TEST_MARKER();
 891              		.loc 1 4930 27 is_stmt 1 view .LVU253
4931:Middlewares/Third_Party/FreeRTOS/Source/tasks.c **** 	}
4932:Middlewares/Third_Party/FreeRTOS/Source/tasks.c **** 
4933:Middlewares/Third_Party/FreeRTOS/Source/tasks.c **** 	#if ( INCLUDE_vTaskSuspend == 1 )
4934:Middlewares/Third_Party/FreeRTOS/Source/tasks.c **** 	{
4935:Middlewares/Third_Party/FreeRTOS/Source/tasks.c **** 		if( ( xTicksToWait == portMAX_DELAY ) && ( xCanBlockIndefinitely != pdFALSE ) )
 892              		.loc 1 4935 3 view .LVU254
 893              		.loc 1 4935 5 is_stmt 0 view .LVU255
 894 0014 B4F1FF3F 		cmp	r4, #-1
 895 0018 0DD0     		beq	.L72
 896              	.L68:
4936:Middlewares/Third_Party/FreeRTOS/Source/tasks.c **** 		{
4937:Middlewares/Third_Party/FreeRTOS/Source/tasks.c **** 			/* Add the task to the suspended task list instead of a delayed task
4938:Middlewares/Third_Party/FreeRTOS/Source/tasks.c **** 			list to ensure it is not woken by a timing event.  It will block
4939:Middlewares/Third_Party/FreeRTOS/Source/tasks.c **** 			indefinitely. */
4940:Middlewares/Third_Party/FreeRTOS/Source/tasks.c **** 			vListInsertEnd( &xSuspendedTaskList, &( pxCurrentTCB->xStateListItem ) );
4941:Middlewares/Third_Party/FreeRTOS/Source/tasks.c **** 		}
4942:Middlewares/Third_Party/FreeRTOS/Source/tasks.c **** 		else
4943:Middlewares/Third_Party/FreeRTOS/Source/tasks.c **** 		{
4944:Middlewares/Third_Party/FreeRTOS/Source/tasks.c **** 			/* Calculate the time at which the task should be woken if the event
4945:Middlewares/Third_Party/FreeRTOS/Source/tasks.c **** 			does not occur.  This may overflow but this doesn't matter, the
4946:Middlewares/Third_Party/FreeRTOS/Source/tasks.c **** 			kernel will manage it correctly. */
ARM GAS  C:\Users\31005\AppData\Local\Temp\ccNQ0Tdy.s 			page 110


4947:Middlewares/Third_Party/FreeRTOS/Source/tasks.c **** 			xTimeToWake = xConstTickCount + xTicksToWait;
 897              		.loc 1 4947 4 is_stmt 1 view .LVU256
 898              		.loc 1 4947 16 is_stmt 0 view .LVU257
 899 001a 3444     		add	r4, r4, r6
 900              	.LVL68:
4948:Middlewares/Third_Party/FreeRTOS/Source/tasks.c **** 
4949:Middlewares/Third_Party/FreeRTOS/Source/tasks.c **** 			/* The list item will be inserted in wake time order. */
4950:Middlewares/Third_Party/FreeRTOS/Source/tasks.c **** 			listSET_LIST_ITEM_VALUE( &( pxCurrentTCB->xStateListItem ), xTimeToWake );
 901              		.loc 1 4950 4 is_stmt 1 view .LVU258
 902 001c 124B     		ldr	r3, .L73+4
 903 001e 1B68     		ldr	r3, [r3]
 904 0020 5C60     		str	r4, [r3, #4]
4951:Middlewares/Third_Party/FreeRTOS/Source/tasks.c **** 
4952:Middlewares/Third_Party/FreeRTOS/Source/tasks.c **** 			if( xTimeToWake < xConstTickCount )
 905              		.loc 1 4952 4 view .LVU259
 906              		.loc 1 4952 6 is_stmt 0 view .LVU260
 907 0022 A642     		cmp	r6, r4
 908 0024 10D9     		bls	.L70
4953:Middlewares/Third_Party/FreeRTOS/Source/tasks.c **** 			{
4954:Middlewares/Third_Party/FreeRTOS/Source/tasks.c **** 				/* Wake time has overflowed.  Place this item in the overflow
4955:Middlewares/Third_Party/FreeRTOS/Source/tasks.c **** 				list. */
4956:Middlewares/Third_Party/FreeRTOS/Source/tasks.c **** 				vListInsert( pxOverflowDelayedTaskList, &( pxCurrentTCB->xStateListItem ) );
 909              		.loc 1 4956 5 is_stmt 1 view .LVU261
 910 0026 114B     		ldr	r3, .L73+8
 911 0028 1868     		ldr	r0, [r3]
 912              		.loc 1 4956 60 is_stmt 0 view .LVU262
 913 002a 0F4B     		ldr	r3, .L73+4
 914 002c 1968     		ldr	r1, [r3]
 915              		.loc 1 4956 5 view .LVU263
 916 002e 0431     		adds	r1, r1, #4
 917 0030 FFF7FEFF 		bl	vListInsert
 918              	.LVL69:
 919              	.L67:
4957:Middlewares/Third_Party/FreeRTOS/Source/tasks.c **** 			}
4958:Middlewares/Third_Party/FreeRTOS/Source/tasks.c **** 			else
4959:Middlewares/Third_Party/FreeRTOS/Source/tasks.c **** 			{
4960:Middlewares/Third_Party/FreeRTOS/Source/tasks.c **** 				/* The wake time has not overflowed, so the current block list
4961:Middlewares/Third_Party/FreeRTOS/Source/tasks.c **** 				is used. */
4962:Middlewares/Third_Party/FreeRTOS/Source/tasks.c **** 				vListInsert( pxDelayedTaskList, &( pxCurrentTCB->xStateListItem ) );
4963:Middlewares/Third_Party/FreeRTOS/Source/tasks.c **** 
4964:Middlewares/Third_Party/FreeRTOS/Source/tasks.c **** 				/* If the task entering the blocked state was placed at the
4965:Middlewares/Third_Party/FreeRTOS/Source/tasks.c **** 				head of the list of blocked tasks then xNextTaskUnblockTime
4966:Middlewares/Third_Party/FreeRTOS/Source/tasks.c **** 				needs to be updated too. */
4967:Middlewares/Third_Party/FreeRTOS/Source/tasks.c **** 				if( xTimeToWake < xNextTaskUnblockTime )
4968:Middlewares/Third_Party/FreeRTOS/Source/tasks.c **** 				{
4969:Middlewares/Third_Party/FreeRTOS/Source/tasks.c **** 					xNextTaskUnblockTime = xTimeToWake;
4970:Middlewares/Third_Party/FreeRTOS/Source/tasks.c **** 				}
4971:Middlewares/Third_Party/FreeRTOS/Source/tasks.c **** 				else
4972:Middlewares/Third_Party/FreeRTOS/Source/tasks.c **** 				{
4973:Middlewares/Third_Party/FreeRTOS/Source/tasks.c **** 					mtCOVERAGE_TEST_MARKER();
4974:Middlewares/Third_Party/FreeRTOS/Source/tasks.c **** 				}
4975:Middlewares/Third_Party/FreeRTOS/Source/tasks.c **** 			}
4976:Middlewares/Third_Party/FreeRTOS/Source/tasks.c **** 		}
4977:Middlewares/Third_Party/FreeRTOS/Source/tasks.c **** 	}
4978:Middlewares/Third_Party/FreeRTOS/Source/tasks.c **** 	#else /* INCLUDE_vTaskSuspend */
4979:Middlewares/Third_Party/FreeRTOS/Source/tasks.c **** 	{
4980:Middlewares/Third_Party/FreeRTOS/Source/tasks.c **** 		/* Calculate the time at which the task should be woken if the event
ARM GAS  C:\Users\31005\AppData\Local\Temp\ccNQ0Tdy.s 			page 111


4981:Middlewares/Third_Party/FreeRTOS/Source/tasks.c **** 		does not occur.  This may overflow but this doesn't matter, the kernel
4982:Middlewares/Third_Party/FreeRTOS/Source/tasks.c **** 		will manage it correctly. */
4983:Middlewares/Third_Party/FreeRTOS/Source/tasks.c **** 		xTimeToWake = xConstTickCount + xTicksToWait;
4984:Middlewares/Third_Party/FreeRTOS/Source/tasks.c **** 
4985:Middlewares/Third_Party/FreeRTOS/Source/tasks.c **** 		/* The list item will be inserted in wake time order. */
4986:Middlewares/Third_Party/FreeRTOS/Source/tasks.c **** 		listSET_LIST_ITEM_VALUE( &( pxCurrentTCB->xStateListItem ), xTimeToWake );
4987:Middlewares/Third_Party/FreeRTOS/Source/tasks.c **** 
4988:Middlewares/Third_Party/FreeRTOS/Source/tasks.c **** 		if( xTimeToWake < xConstTickCount )
4989:Middlewares/Third_Party/FreeRTOS/Source/tasks.c **** 		{
4990:Middlewares/Third_Party/FreeRTOS/Source/tasks.c **** 			/* Wake time has overflowed.  Place this item in the overflow list. */
4991:Middlewares/Third_Party/FreeRTOS/Source/tasks.c **** 			vListInsert( pxOverflowDelayedTaskList, &( pxCurrentTCB->xStateListItem ) );
4992:Middlewares/Third_Party/FreeRTOS/Source/tasks.c **** 		}
4993:Middlewares/Third_Party/FreeRTOS/Source/tasks.c **** 		else
4994:Middlewares/Third_Party/FreeRTOS/Source/tasks.c **** 		{
4995:Middlewares/Third_Party/FreeRTOS/Source/tasks.c **** 			/* The wake time has not overflowed, so the current block list is used. */
4996:Middlewares/Third_Party/FreeRTOS/Source/tasks.c **** 			vListInsert( pxDelayedTaskList, &( pxCurrentTCB->xStateListItem ) );
4997:Middlewares/Third_Party/FreeRTOS/Source/tasks.c **** 
4998:Middlewares/Third_Party/FreeRTOS/Source/tasks.c **** 			/* If the task entering the blocked state was placed at the head of the
4999:Middlewares/Third_Party/FreeRTOS/Source/tasks.c **** 			list of blocked tasks then xNextTaskUnblockTime needs to be updated
5000:Middlewares/Third_Party/FreeRTOS/Source/tasks.c **** 			too. */
5001:Middlewares/Third_Party/FreeRTOS/Source/tasks.c **** 			if( xTimeToWake < xNextTaskUnblockTime )
5002:Middlewares/Third_Party/FreeRTOS/Source/tasks.c **** 			{
5003:Middlewares/Third_Party/FreeRTOS/Source/tasks.c **** 				xNextTaskUnblockTime = xTimeToWake;
5004:Middlewares/Third_Party/FreeRTOS/Source/tasks.c **** 			}
5005:Middlewares/Third_Party/FreeRTOS/Source/tasks.c **** 			else
5006:Middlewares/Third_Party/FreeRTOS/Source/tasks.c **** 			{
5007:Middlewares/Third_Party/FreeRTOS/Source/tasks.c **** 				mtCOVERAGE_TEST_MARKER();
5008:Middlewares/Third_Party/FreeRTOS/Source/tasks.c **** 			}
5009:Middlewares/Third_Party/FreeRTOS/Source/tasks.c **** 		}
5010:Middlewares/Third_Party/FreeRTOS/Source/tasks.c **** 
5011:Middlewares/Third_Party/FreeRTOS/Source/tasks.c **** 		/* Avoid compiler warning when INCLUDE_vTaskSuspend is not 1. */
5012:Middlewares/Third_Party/FreeRTOS/Source/tasks.c **** 		( void ) xCanBlockIndefinitely;
5013:Middlewares/Third_Party/FreeRTOS/Source/tasks.c **** 	}
5014:Middlewares/Third_Party/FreeRTOS/Source/tasks.c **** 	#endif /* INCLUDE_vTaskSuspend */
5015:Middlewares/Third_Party/FreeRTOS/Source/tasks.c **** }
 920              		.loc 1 5015 1 view .LVU264
 921 0034 70BD     		pop	{r4, r5, r6, pc}
 922              	.LVL70:
 923              	.L72:
4935:Middlewares/Third_Party/FreeRTOS/Source/tasks.c **** 		{
 924              		.loc 1 4935 41 discriminator 1 view .LVU265
 925 0036 002D     		cmp	r5, #0
 926 0038 EFD0     		beq	.L68
4940:Middlewares/Third_Party/FreeRTOS/Source/tasks.c **** 		}
 927              		.loc 1 4940 4 is_stmt 1 view .LVU266
4940:Middlewares/Third_Party/FreeRTOS/Source/tasks.c **** 		}
 928              		.loc 1 4940 56 is_stmt 0 view .LVU267
 929 003a 0B4B     		ldr	r3, .L73+4
 930 003c 1968     		ldr	r1, [r3]
4940:Middlewares/Third_Party/FreeRTOS/Source/tasks.c **** 		}
 931              		.loc 1 4940 4 view .LVU268
 932 003e 0431     		adds	r1, r1, #4
 933 0040 0B48     		ldr	r0, .L73+12
 934 0042 FFF7FEFF 		bl	vListInsertEnd
 935              	.LVL71:
 936 0046 F5E7     		b	.L67
 937              	.LVL72:
ARM GAS  C:\Users\31005\AppData\Local\Temp\ccNQ0Tdy.s 			page 112


 938              	.L70:
4962:Middlewares/Third_Party/FreeRTOS/Source/tasks.c **** 
 939              		.loc 1 4962 5 is_stmt 1 view .LVU269
 940 0048 0A4B     		ldr	r3, .L73+16
 941 004a 1868     		ldr	r0, [r3]
4962:Middlewares/Third_Party/FreeRTOS/Source/tasks.c **** 
 942              		.loc 1 4962 52 is_stmt 0 view .LVU270
 943 004c 064B     		ldr	r3, .L73+4
 944 004e 1968     		ldr	r1, [r3]
4962:Middlewares/Third_Party/FreeRTOS/Source/tasks.c **** 
 945              		.loc 1 4962 5 view .LVU271
 946 0050 0431     		adds	r1, r1, #4
 947 0052 FFF7FEFF 		bl	vListInsert
 948              	.LVL73:
4967:Middlewares/Third_Party/FreeRTOS/Source/tasks.c **** 				{
 949              		.loc 1 4967 5 is_stmt 1 view .LVU272
4967:Middlewares/Third_Party/FreeRTOS/Source/tasks.c **** 				{
 950              		.loc 1 4967 21 is_stmt 0 view .LVU273
 951 0056 084B     		ldr	r3, .L73+20
 952 0058 1B68     		ldr	r3, [r3]
4967:Middlewares/Third_Party/FreeRTOS/Source/tasks.c **** 				{
 953              		.loc 1 4967 7 view .LVU274
 954 005a A342     		cmp	r3, r4
 955 005c EAD9     		bls	.L67
4969:Middlewares/Third_Party/FreeRTOS/Source/tasks.c **** 				}
 956              		.loc 1 4969 6 is_stmt 1 view .LVU275
4969:Middlewares/Third_Party/FreeRTOS/Source/tasks.c **** 				}
 957              		.loc 1 4969 27 is_stmt 0 view .LVU276
 958 005e 064B     		ldr	r3, .L73+20
 959 0060 1C60     		str	r4, [r3]
4973:Middlewares/Third_Party/FreeRTOS/Source/tasks.c **** 				}
 960              		.loc 1 4973 30 is_stmt 1 view .LVU277
 961              		.loc 1 5015 1 is_stmt 0 view .LVU278
 962 0062 E7E7     		b	.L67
 963              	.L74:
 964              		.align	2
 965              	.L73:
 966 0064 00000000 		.word	xTickCount
 967 0068 00000000 		.word	pxCurrentTCB
 968 006c 00000000 		.word	pxOverflowDelayedTaskList
 969 0070 00000000 		.word	xSuspendedTaskList
 970 0074 00000000 		.word	pxDelayedTaskList
 971 0078 00000000 		.word	xNextTaskUnblockTime
 972              		.cfi_endproc
 973              	.LFE63:
 975              		.section	.text.xTaskCreateStatic,"ax",%progbits
 976              		.align	1
 977              		.global	xTaskCreateStatic
 978              		.syntax unified
 979              		.thumb
 980              		.thumb_func
 982              	xTaskCreateStatic:
 983              	.LVL74:
 984              	.LFB4:
 582:Middlewares/Third_Party/FreeRTOS/Source/tasks.c **** 	TCB_t *pxNewTCB;
 985              		.loc 1 582 2 is_stmt 1 view -0
 986              		.cfi_startproc
ARM GAS  C:\Users\31005\AppData\Local\Temp\ccNQ0Tdy.s 			page 113


 987              		@ args = 12, pretend = 0, frame = 8
 988              		@ frame_needed = 0, uses_anonymous_args = 0
 582:Middlewares/Third_Party/FreeRTOS/Source/tasks.c **** 	TCB_t *pxNewTCB;
 989              		.loc 1 582 2 is_stmt 0 view .LVU280
 990 0000 30B5     		push	{r4, r5, lr}
 991              	.LCFI8:
 992              		.cfi_def_cfa_offset 12
 993              		.cfi_offset 4, -12
 994              		.cfi_offset 5, -8
 995              		.cfi_offset 14, -4
 996 0002 87B0     		sub	sp, sp, #28
 997              	.LCFI9:
 998              		.cfi_def_cfa_offset 40
 999 0004 0B9C     		ldr	r4, [sp, #44]
 583:Middlewares/Third_Party/FreeRTOS/Source/tasks.c **** 	TaskHandle_t xReturn;
 1000              		.loc 1 583 2 is_stmt 1 view .LVU281
 584:Middlewares/Third_Party/FreeRTOS/Source/tasks.c **** 
 1001              		.loc 1 584 2 view .LVU282
 586:Middlewares/Third_Party/FreeRTOS/Source/tasks.c **** 		configASSERT( pxTaskBuffer != NULL );
 1002              		.loc 1 586 3 view .LVU283
 1003 0006 7CB1     		cbz	r4, .L83
 586:Middlewares/Third_Party/FreeRTOS/Source/tasks.c **** 		configASSERT( pxTaskBuffer != NULL );
 1004              		.loc 1 586 41 discriminator 2 view .LVU284
 587:Middlewares/Third_Party/FreeRTOS/Source/tasks.c **** 
 1005              		.loc 1 587 3 discriminator 2 view .LVU285
 1006 0008 0C9D     		ldr	r5, [sp, #48]
 1007 000a B5B1     		cbz	r5, .L84
 587:Middlewares/Third_Party/FreeRTOS/Source/tasks.c **** 
 1008              		.loc 1 587 39 discriminator 2 view .LVU286
 1009              	.LBB119:
 594:Middlewares/Third_Party/FreeRTOS/Source/tasks.c **** 			configASSERT( xSize == sizeof( TCB_t ) );
 1010              		.loc 1 594 4 discriminator 2 view .LVU287
 594:Middlewares/Third_Party/FreeRTOS/Source/tasks.c **** 			configASSERT( xSize == sizeof( TCB_t ) );
 1011              		.loc 1 594 20 is_stmt 0 discriminator 2 view .LVU288
 1012 000c 5C25     		movs	r5, #92
 1013 000e 0495     		str	r5, [sp, #16]
 595:Middlewares/Third_Party/FreeRTOS/Source/tasks.c **** 		}
 1014              		.loc 1 595 4 is_stmt 1 discriminator 2 view .LVU289
 1015 0010 049D     		ldr	r5, [sp, #16]
 1016 0012 5C2D     		cmp	r5, #92
 1017 0014 1AD0     		beq	.L80
 595:Middlewares/Third_Party/FreeRTOS/Source/tasks.c **** 		}
 1018              		.loc 1 595 4 view .LVU290
 1019              	.LBB120:
 1020              	.LBI120:
 191:Middlewares/Third_Party/FreeRTOS/Source/portable/GCC/ARM_CM4F/portmacro.h **** {
 1021              		.loc 2 191 30 view .LVU291
 1022              	.LBB121:
 193:Middlewares/Third_Party/FreeRTOS/Source/portable/GCC/ARM_CM4F/portmacro.h **** 
 1023              		.loc 2 193 1 view .LVU292
 1024              		.loc 2 195 2 view .LVU293
 1025              		.syntax unified
 1026              	@ 195 "Middlewares/Third_Party/FreeRTOS/Source/portable/GCC/ARM_CM4F/portmacro.h" 1
 1027 0016 4FF05003 			mov r3, #80												
 1028 001a 83F31188 		msr basepri, r3											
 1029 001e BFF36F8F 		isb														
 1030 0022 BFF34F8F 		dsb														
ARM GAS  C:\Users\31005\AppData\Local\Temp\ccNQ0Tdy.s 			page 114


 1031              	
 1032              	@ 0 "" 2
 1033              	.LVL75:
 1034              		.thumb
 1035              		.syntax unified
 1036              	.L81:
 1037              		.loc 2 195 2 is_stmt 0 view .LVU294
 1038              	.LBE121:
 1039              	.LBE120:
 595:Middlewares/Third_Party/FreeRTOS/Source/tasks.c **** 		}
 1040              		.loc 1 595 4 is_stmt 1 discriminator 3 view .LVU295
 595:Middlewares/Third_Party/FreeRTOS/Source/tasks.c **** 		}
 1041              		.loc 1 595 4 discriminator 3 view .LVU296
 1042 0026 FEE7     		b	.L81
 1043              	.LVL76:
 1044              	.L83:
 595:Middlewares/Third_Party/FreeRTOS/Source/tasks.c **** 		}
 1045              		.loc 1 595 4 is_stmt 0 discriminator 3 view .LVU297
 1046              	.LBE119:
 586:Middlewares/Third_Party/FreeRTOS/Source/tasks.c **** 		configASSERT( pxTaskBuffer != NULL );
 1047              		.loc 1 586 3 is_stmt 1 view .LVU298
 1048              	.LBB122:
 1049              	.LBI122:
 191:Middlewares/Third_Party/FreeRTOS/Source/portable/GCC/ARM_CM4F/portmacro.h **** {
 1050              		.loc 2 191 30 view .LVU299
 1051              	.LBB123:
 193:Middlewares/Third_Party/FreeRTOS/Source/portable/GCC/ARM_CM4F/portmacro.h **** 
 1052              		.loc 2 193 1 view .LVU300
 1053              		.loc 2 195 2 view .LVU301
 1054              		.syntax unified
 1055              	@ 195 "Middlewares/Third_Party/FreeRTOS/Source/portable/GCC/ARM_CM4F/portmacro.h" 1
 1056 0028 4FF05003 			mov r3, #80												
 1057 002c 83F31188 		msr basepri, r3											
 1058 0030 BFF36F8F 		isb														
 1059 0034 BFF34F8F 		dsb														
 1060              	
 1061              	@ 0 "" 2
 1062              	.LVL77:
 1063              		.thumb
 1064              		.syntax unified
 1065              	.L77:
 1066              		.loc 2 195 2 is_stmt 0 view .LVU302
 1067              	.LBE123:
 1068              	.LBE122:
 586:Middlewares/Third_Party/FreeRTOS/Source/tasks.c **** 		configASSERT( pxTaskBuffer != NULL );
 1069              		.loc 1 586 3 is_stmt 1 discriminator 1 view .LVU303
 586:Middlewares/Third_Party/FreeRTOS/Source/tasks.c **** 		configASSERT( pxTaskBuffer != NULL );
 1070              		.loc 1 586 3 discriminator 1 view .LVU304
 1071 0038 FEE7     		b	.L77
 1072              	.LVL78:
 1073              	.L84:
 587:Middlewares/Third_Party/FreeRTOS/Source/tasks.c **** 
 1074              		.loc 1 587 3 view .LVU305
 1075              	.LBB124:
 1076              	.LBI124:
 191:Middlewares/Third_Party/FreeRTOS/Source/portable/GCC/ARM_CM4F/portmacro.h **** {
 1077              		.loc 2 191 30 view .LVU306
ARM GAS  C:\Users\31005\AppData\Local\Temp\ccNQ0Tdy.s 			page 115


 1078              	.LBB125:
 193:Middlewares/Third_Party/FreeRTOS/Source/portable/GCC/ARM_CM4F/portmacro.h **** 
 1079              		.loc 2 193 1 view .LVU307
 1080              		.loc 2 195 2 view .LVU308
 1081              		.syntax unified
 1082              	@ 195 "Middlewares/Third_Party/FreeRTOS/Source/portable/GCC/ARM_CM4F/portmacro.h" 1
 1083 003a 4FF05003 			mov r3, #80												
 1084 003e 83F31188 		msr basepri, r3											
 1085 0042 BFF36F8F 		isb														
 1086 0046 BFF34F8F 		dsb														
 1087              	
 1088              	@ 0 "" 2
 1089              	.LVL79:
 1090              		.thumb
 1091              		.syntax unified
 1092              	.L79:
 1093              		.loc 2 195 2 is_stmt 0 view .LVU309
 1094              	.LBE125:
 1095              	.LBE124:
 587:Middlewares/Third_Party/FreeRTOS/Source/tasks.c **** 
 1096              		.loc 1 587 3 is_stmt 1 discriminator 2 view .LVU310
 587:Middlewares/Third_Party/FreeRTOS/Source/tasks.c **** 
 1097              		.loc 1 587 3 discriminator 2 view .LVU311
 1098 004a FEE7     		b	.L79
 1099              	.LVL80:
 1100              	.L80:
 1101              	.LBB126:
 595:Middlewares/Third_Party/FreeRTOS/Source/tasks.c **** 		}
 1102              		.loc 1 595 44 view .LVU312
 1103              	.LBE126:
 600:Middlewares/Third_Party/FreeRTOS/Source/tasks.c **** 		{
 1104              		.loc 1 600 3 view .LVU313
 604:Middlewares/Third_Party/FreeRTOS/Source/tasks.c **** 			pxNewTCB->pxStack = ( StackType_t * ) puxStackBuffer;
 1105              		.loc 1 604 4 view .LVU314
 605:Middlewares/Third_Party/FreeRTOS/Source/tasks.c **** 
 1106              		.loc 1 605 4 view .LVU315
 605:Middlewares/Third_Party/FreeRTOS/Source/tasks.c **** 
 1107              		.loc 1 605 22 is_stmt 0 view .LVU316
 1108 004c 0C9D     		ldr	r5, [sp, #48]
 1109 004e 2C63     		str	r4, [r5, #48]
 611:Middlewares/Third_Party/FreeRTOS/Source/tasks.c **** 			}
 1110              		.loc 1 611 5 is_stmt 1 view .LVU317
 611:Middlewares/Third_Party/FreeRTOS/Source/tasks.c **** 			}
 1111              		.loc 1 611 37 is_stmt 0 view .LVU318
 1112 0050 0224     		movs	r4, #2
 1113 0052 85F85940 		strb	r4, [r5, #89]
 615:Middlewares/Third_Party/FreeRTOS/Source/tasks.c **** 			prvAddNewTaskToReadyList( pxNewTCB );
 1114              		.loc 1 615 4 is_stmt 1 view .LVU319
 1115 0056 0024     		movs	r4, #0
 1116 0058 0394     		str	r4, [sp, #12]
 1117 005a 0295     		str	r5, [sp, #8]
 1118 005c 05AC     		add	r4, sp, #20
 1119 005e 0194     		str	r4, [sp, #4]
 1120 0060 0A9C     		ldr	r4, [sp, #40]
 1121 0062 0094     		str	r4, [sp]
 1122 0064 FFF7FEFF 		bl	prvInitialiseNewTask
 1123              	.LVL81:
ARM GAS  C:\Users\31005\AppData\Local\Temp\ccNQ0Tdy.s 			page 116


 616:Middlewares/Third_Party/FreeRTOS/Source/tasks.c **** 		}
 1124              		.loc 1 616 4 view .LVU320
 1125 0068 0C98     		ldr	r0, [sp, #48]
 1126 006a FFF7FEFF 		bl	prvAddNewTaskToReadyList
 1127              	.LVL82:
 623:Middlewares/Third_Party/FreeRTOS/Source/tasks.c **** 	}
 1128              		.loc 1 623 3 view .LVU321
 624:Middlewares/Third_Party/FreeRTOS/Source/tasks.c **** 
 1129              		.loc 1 624 2 is_stmt 0 view .LVU322
 1130 006e 0598     		ldr	r0, [sp, #20]
 1131 0070 07B0     		add	sp, sp, #28
 1132              	.LCFI10:
 1133              		.cfi_def_cfa_offset 12
 1134              		@ sp needed
 1135 0072 30BD     		pop	{r4, r5, pc}
 624:Middlewares/Third_Party/FreeRTOS/Source/tasks.c **** 
 1136              		.loc 1 624 2 view .LVU323
 1137              		.cfi_endproc
 1138              	.LFE4:
 1140              		.section	.text.xTaskCreate,"ax",%progbits
 1141              		.align	1
 1142              		.global	xTaskCreate
 1143              		.syntax unified
 1144              		.thumb
 1145              		.thumb_func
 1147              	xTaskCreate:
 1148              	.LVL83:
 1149              	.LFB5:
 732:Middlewares/Third_Party/FreeRTOS/Source/tasks.c **** 	TCB_t *pxNewTCB;
 1150              		.loc 1 732 2 is_stmt 1 view -0
 1151              		.cfi_startproc
 1152              		@ args = 8, pretend = 0, frame = 0
 1153              		@ frame_needed = 0, uses_anonymous_args = 0
 732:Middlewares/Third_Party/FreeRTOS/Source/tasks.c **** 	TCB_t *pxNewTCB;
 1154              		.loc 1 732 2 is_stmt 0 view .LVU325
 1155 0000 2DE9F043 		push	{r4, r5, r6, r7, r8, r9, lr}
 1156              	.LCFI11:
 1157              		.cfi_def_cfa_offset 28
 1158              		.cfi_offset 4, -28
 1159              		.cfi_offset 5, -24
 1160              		.cfi_offset 6, -20
 1161              		.cfi_offset 7, -16
 1162              		.cfi_offset 8, -12
 1163              		.cfi_offset 9, -8
 1164              		.cfi_offset 14, -4
 1165 0004 85B0     		sub	sp, sp, #20
 1166              	.LCFI12:
 1167              		.cfi_def_cfa_offset 48
 1168 0006 0746     		mov	r7, r0
 1169 0008 8846     		mov	r8, r1
 1170 000a 1446     		mov	r4, r2
 1171 000c 1E46     		mov	r6, r3
 733:Middlewares/Third_Party/FreeRTOS/Source/tasks.c **** 	BaseType_t xReturn;
 1172              		.loc 1 733 2 is_stmt 1 view .LVU326
 734:Middlewares/Third_Party/FreeRTOS/Source/tasks.c **** 
 1173              		.loc 1 734 2 view .LVU327
 1174              	.LBB127:
ARM GAS  C:\Users\31005\AppData\Local\Temp\ccNQ0Tdy.s 			page 117


 763:Middlewares/Third_Party/FreeRTOS/Source/tasks.c **** 
 1175              		.loc 1 763 3 view .LVU328
 766:Middlewares/Third_Party/FreeRTOS/Source/tasks.c **** 
 1176              		.loc 1 766 4 view .LVU329
 766:Middlewares/Third_Party/FreeRTOS/Source/tasks.c **** 
 1177              		.loc 1 766 32 is_stmt 0 view .LVU330
 1178 000e 9000     		lsls	r0, r2, #2
 1179              	.LVL84:
 766:Middlewares/Third_Party/FreeRTOS/Source/tasks.c **** 
 1180              		.loc 1 766 32 view .LVU331
 1181 0010 FFF7FEFF 		bl	pvPortMalloc
 1182              	.LVL85:
 768:Middlewares/Third_Party/FreeRTOS/Source/tasks.c **** 			{
 1183              		.loc 1 768 4 is_stmt 1 view .LVU332
 768:Middlewares/Third_Party/FreeRTOS/Source/tasks.c **** 			{
 1184              		.loc 1 768 6 is_stmt 0 view .LVU333
 1185 0014 08B3     		cbz	r0, .L88
 1186 0016 8146     		mov	r9, r0
 771:Middlewares/Third_Party/FreeRTOS/Source/tasks.c **** 
 1187              		.loc 1 771 5 is_stmt 1 view .LVU334
 771:Middlewares/Third_Party/FreeRTOS/Source/tasks.c **** 
 1188              		.loc 1 771 28 is_stmt 0 view .LVU335
 1189 0018 5C20     		movs	r0, #92
 1190              	.LVL86:
 771:Middlewares/Third_Party/FreeRTOS/Source/tasks.c **** 
 1191              		.loc 1 771 28 view .LVU336
 1192 001a FFF7FEFF 		bl	pvPortMalloc
 1193              	.LVL87:
 773:Middlewares/Third_Party/FreeRTOS/Source/tasks.c **** 				{
 1194              		.loc 1 773 5 is_stmt 1 view .LVU337
 773:Middlewares/Third_Party/FreeRTOS/Source/tasks.c **** 				{
 1195              		.loc 1 773 7 is_stmt 0 view .LVU338
 1196 001e 0546     		mov	r5, r0
 1197 0020 A8B1     		cbz	r0, .L87
 776:Middlewares/Third_Party/FreeRTOS/Source/tasks.c **** 				}
 1198              		.loc 1 776 6 is_stmt 1 view .LVU339
 776:Middlewares/Third_Party/FreeRTOS/Source/tasks.c **** 				}
 1199              		.loc 1 776 24 is_stmt 0 view .LVU340
 1200 0022 C0F83090 		str	r9, [r0, #48]
 776:Middlewares/Third_Party/FreeRTOS/Source/tasks.c **** 				}
 1201              		.loc 1 776 24 view .LVU341
 1202              	.LBE127:
 792:Middlewares/Third_Party/FreeRTOS/Source/tasks.c **** 		{
 1203              		.loc 1 792 3 is_stmt 1 view .LVU342
 798:Middlewares/Third_Party/FreeRTOS/Source/tasks.c **** 			}
 1204              		.loc 1 798 5 view .LVU343
 798:Middlewares/Third_Party/FreeRTOS/Source/tasks.c **** 			}
 1205              		.loc 1 798 37 is_stmt 0 view .LVU344
 1206 0026 0023     		movs	r3, #0
 1207 0028 80F85930 		strb	r3, [r0, #89]
 802:Middlewares/Third_Party/FreeRTOS/Source/tasks.c **** 			prvAddNewTaskToReadyList( pxNewTCB );
 1208              		.loc 1 802 4 is_stmt 1 view .LVU345
 1209 002c 0393     		str	r3, [sp, #12]
 1210 002e 0290     		str	r0, [sp, #8]
 1211 0030 0D9B     		ldr	r3, [sp, #52]
 1212 0032 0193     		str	r3, [sp, #4]
 1213 0034 0C9B     		ldr	r3, [sp, #48]
ARM GAS  C:\Users\31005\AppData\Local\Temp\ccNQ0Tdy.s 			page 118


 1214 0036 0093     		str	r3, [sp]
 1215 0038 3346     		mov	r3, r6
 1216 003a 2246     		mov	r2, r4
 1217 003c 4146     		mov	r1, r8
 1218 003e 3846     		mov	r0, r7
 1219              	.LVL88:
 802:Middlewares/Third_Party/FreeRTOS/Source/tasks.c **** 			prvAddNewTaskToReadyList( pxNewTCB );
 1220              		.loc 1 802 4 is_stmt 0 view .LVU346
 1221 0040 FFF7FEFF 		bl	prvInitialiseNewTask
 1222              	.LVL89:
 803:Middlewares/Third_Party/FreeRTOS/Source/tasks.c **** 			xReturn = pdPASS;
 1223              		.loc 1 803 4 is_stmt 1 view .LVU347
 1224 0044 2846     		mov	r0, r5
 1225 0046 FFF7FEFF 		bl	prvAddNewTaskToReadyList
 1226              	.LVL90:
 804:Middlewares/Third_Party/FreeRTOS/Source/tasks.c **** 		}
 1227              		.loc 1 804 4 view .LVU348
 804:Middlewares/Third_Party/FreeRTOS/Source/tasks.c **** 		}
 1228              		.loc 1 804 12 is_stmt 0 view .LVU349
 1229 004a 0120     		movs	r0, #1
 1230 004c 07E0     		b	.L85
 1231              	.LVL91:
 1232              	.L87:
 1233              	.LBB128:
 782:Middlewares/Third_Party/FreeRTOS/Source/tasks.c **** 				}
 1234              		.loc 1 782 6 is_stmt 1 view .LVU350
 1235 004e 4846     		mov	r0, r9
 1236              	.LVL92:
 782:Middlewares/Third_Party/FreeRTOS/Source/tasks.c **** 				}
 1237              		.loc 1 782 6 is_stmt 0 view .LVU351
 1238 0050 FFF7FEFF 		bl	vPortFree
 1239              	.LVL93:
 782:Middlewares/Third_Party/FreeRTOS/Source/tasks.c **** 				}
 1240              		.loc 1 782 6 view .LVU352
 1241              	.LBE128:
 792:Middlewares/Third_Party/FreeRTOS/Source/tasks.c **** 		{
 1242              		.loc 1 792 3 is_stmt 1 view .LVU353
 808:Middlewares/Third_Party/FreeRTOS/Source/tasks.c **** 		}
 1243              		.loc 1 808 12 is_stmt 0 view .LVU354
 1244 0054 4FF0FF30 		mov	r0, #-1
 1245 0058 01E0     		b	.L85
 1246              	.LVL94:
 1247              	.L88:
 808:Middlewares/Third_Party/FreeRTOS/Source/tasks.c **** 		}
 1248              		.loc 1 808 12 view .LVU355
 1249 005a 4FF0FF30 		mov	r0, #-1
 1250              	.LVL95:
 811:Middlewares/Third_Party/FreeRTOS/Source/tasks.c **** 	}
 1251              		.loc 1 811 3 is_stmt 1 view .LVU356
 1252              	.L85:
 812:Middlewares/Third_Party/FreeRTOS/Source/tasks.c **** 
 1253              		.loc 1 812 2 is_stmt 0 view .LVU357
 1254 005e 05B0     		add	sp, sp, #20
 1255              	.LCFI13:
 1256              		.cfi_def_cfa_offset 28
 1257              		@ sp needed
 1258 0060 BDE8F083 		pop	{r4, r5, r6, r7, r8, r9, pc}
ARM GAS  C:\Users\31005\AppData\Local\Temp\ccNQ0Tdy.s 			page 119


 812:Middlewares/Third_Party/FreeRTOS/Source/tasks.c **** 
 1259              		.loc 1 812 2 view .LVU358
 1260              		.cfi_endproc
 1261              	.LFE5:
 1263              		.section	.text.vTaskDelete,"ax",%progbits
 1264              		.align	1
 1265              		.global	vTaskDelete
 1266              		.syntax unified
 1267              		.thumb
 1268              		.thumb_func
 1270              	vTaskDelete:
 1271              	.LVL96:
 1272              	.LFB8:
1107:Middlewares/Third_Party/FreeRTOS/Source/tasks.c **** 	TCB_t *pxTCB;
 1273              		.loc 1 1107 2 is_stmt 1 view -0
 1274              		.cfi_startproc
 1275              		@ args = 0, pretend = 0, frame = 0
 1276              		@ frame_needed = 0, uses_anonymous_args = 0
1107:Middlewares/Third_Party/FreeRTOS/Source/tasks.c **** 	TCB_t *pxTCB;
 1277              		.loc 1 1107 2 is_stmt 0 view .LVU360
 1278 0000 38B5     		push	{r3, r4, r5, lr}
 1279              	.LCFI14:
 1280              		.cfi_def_cfa_offset 16
 1281              		.cfi_offset 3, -16
 1282              		.cfi_offset 4, -12
 1283              		.cfi_offset 5, -8
 1284              		.cfi_offset 14, -4
 1285 0002 0446     		mov	r4, r0
1108:Middlewares/Third_Party/FreeRTOS/Source/tasks.c **** 
 1286              		.loc 1 1108 2 is_stmt 1 view .LVU361
1110:Middlewares/Third_Party/FreeRTOS/Source/tasks.c **** 		{
 1287              		.loc 1 1110 3 view .LVU362
 1288 0004 FFF7FEFF 		bl	vPortEnterCritical
 1289              	.LVL97:
1114:Middlewares/Third_Party/FreeRTOS/Source/tasks.c **** 
 1290              		.loc 1 1114 4 view .LVU363
1114:Middlewares/Third_Party/FreeRTOS/Source/tasks.c **** 
 1291              		.loc 1 1114 12 is_stmt 0 view .LVU364
 1292 0008 24B3     		cbz	r4, .L99
 1293              	.LVL98:
 1294              	.L91:
1117:Middlewares/Third_Party/FreeRTOS/Source/tasks.c **** 			{
 1295              		.loc 1 1117 4 is_stmt 1 discriminator 4 view .LVU365
1117:Middlewares/Third_Party/FreeRTOS/Source/tasks.c **** 			{
 1296              		.loc 1 1117 8 is_stmt 0 discriminator 4 view .LVU366
 1297 000a 251D     		adds	r5, r4, #4
 1298 000c 2846     		mov	r0, r5
 1299 000e FFF7FEFF 		bl	uxListRemove
 1300              	.LVL99:
1123:Middlewares/Third_Party/FreeRTOS/Source/tasks.c **** 			}
 1301              		.loc 1 1123 29 is_stmt 1 discriminator 4 view .LVU367
1127:Middlewares/Third_Party/FreeRTOS/Source/tasks.c **** 			{
 1302              		.loc 1 1127 4 discriminator 4 view .LVU368
1127:Middlewares/Third_Party/FreeRTOS/Source/tasks.c **** 			{
 1303              		.loc 1 1127 8 is_stmt 0 discriminator 4 view .LVU369
 1304 0012 A36A     		ldr	r3, [r4, #40]
1127:Middlewares/Third_Party/FreeRTOS/Source/tasks.c **** 			{
ARM GAS  C:\Users\31005\AppData\Local\Temp\ccNQ0Tdy.s 			page 120


 1305              		.loc 1 1127 6 discriminator 4 view .LVU370
 1306 0014 1BB1     		cbz	r3, .L92
1129:Middlewares/Third_Party/FreeRTOS/Source/tasks.c **** 			}
 1307              		.loc 1 1129 5 is_stmt 1 view .LVU371
1129:Middlewares/Third_Party/FreeRTOS/Source/tasks.c **** 			}
 1308              		.loc 1 1129 14 is_stmt 0 view .LVU372
 1309 0016 04F11800 		add	r0, r4, #24
 1310 001a FFF7FEFF 		bl	uxListRemove
 1311              	.LVL100:
 1312              	.L92:
1133:Middlewares/Third_Party/FreeRTOS/Source/tasks.c **** 			}
 1313              		.loc 1 1133 29 is_stmt 1 view .LVU373
1140:Middlewares/Third_Party/FreeRTOS/Source/tasks.c **** 
 1314              		.loc 1 1140 4 view .LVU374
1140:Middlewares/Third_Party/FreeRTOS/Source/tasks.c **** 
 1315              		.loc 1 1140 16 is_stmt 0 view .LVU375
 1316 001e 1F4A     		ldr	r2, .L102
 1317 0020 1368     		ldr	r3, [r2]
 1318 0022 0133     		adds	r3, r3, #1
 1319 0024 1360     		str	r3, [r2]
1142:Middlewares/Third_Party/FreeRTOS/Source/tasks.c **** 			{
 1320              		.loc 1 1142 4 is_stmt 1 view .LVU376
1142:Middlewares/Third_Party/FreeRTOS/Source/tasks.c **** 			{
 1321              		.loc 1 1142 14 is_stmt 0 view .LVU377
 1322 0026 1E4B     		ldr	r3, .L102+4
 1323 0028 1B68     		ldr	r3, [r3]
1142:Middlewares/Third_Party/FreeRTOS/Source/tasks.c **** 			{
 1324              		.loc 1 1142 6 view .LVU378
 1325 002a A342     		cmp	r3, r4
 1326 002c 15D0     		beq	.L100
1165:Middlewares/Third_Party/FreeRTOS/Source/tasks.c **** 				prvDeleteTCB( pxTCB );
 1327              		.loc 1 1165 5 is_stmt 1 view .LVU379
 1328 002e 1D4A     		ldr	r2, .L102+8
 1329 0030 1368     		ldr	r3, [r2]
 1330 0032 013B     		subs	r3, r3, #1
 1331 0034 1360     		str	r3, [r2]
1166:Middlewares/Third_Party/FreeRTOS/Source/tasks.c **** 
 1332              		.loc 1 1166 5 view .LVU380
 1333 0036 2046     		mov	r0, r4
 1334 0038 FFF7FEFF 		bl	prvDeleteTCB
 1335              	.LVL101:
1170:Middlewares/Third_Party/FreeRTOS/Source/tasks.c **** 			}
 1336              		.loc 1 1170 5 view .LVU381
 1337 003c FFF7FEFF 		bl	prvResetNextTaskUnblockTime
 1338              	.LVL102:
 1339              	.L94:
1173:Middlewares/Third_Party/FreeRTOS/Source/tasks.c **** 		}
 1340              		.loc 1 1173 29 view .LVU382
1175:Middlewares/Third_Party/FreeRTOS/Source/tasks.c **** 
 1341              		.loc 1 1175 3 view .LVU383
 1342 0040 FFF7FEFF 		bl	vPortExitCritical
 1343              	.LVL103:
1179:Middlewares/Third_Party/FreeRTOS/Source/tasks.c **** 		{
 1344              		.loc 1 1179 3 view .LVU384
1179:Middlewares/Third_Party/FreeRTOS/Source/tasks.c **** 		{
 1345              		.loc 1 1179 25 is_stmt 0 view .LVU385
 1346 0044 184B     		ldr	r3, .L102+12
ARM GAS  C:\Users\31005\AppData\Local\Temp\ccNQ0Tdy.s 			page 121


 1347 0046 1B68     		ldr	r3, [r3]
1179:Middlewares/Third_Party/FreeRTOS/Source/tasks.c **** 		{
 1348              		.loc 1 1179 5 view .LVU386
 1349 0048 1BB1     		cbz	r3, .L90
1181:Middlewares/Third_Party/FreeRTOS/Source/tasks.c **** 			{
 1350              		.loc 1 1181 4 is_stmt 1 view .LVU387
1181:Middlewares/Third_Party/FreeRTOS/Source/tasks.c **** 			{
 1351              		.loc 1 1181 14 is_stmt 0 view .LVU388
 1352 004a 154B     		ldr	r3, .L102+4
 1353 004c 1B68     		ldr	r3, [r3]
1181:Middlewares/Third_Party/FreeRTOS/Source/tasks.c **** 			{
 1354              		.loc 1 1181 6 view .LVU389
 1355 004e A342     		cmp	r3, r4
 1356 0050 0CD0     		beq	.L101
 1357              	.L90:
1191:Middlewares/Third_Party/FreeRTOS/Source/tasks.c **** 
 1358              		.loc 1 1191 2 view .LVU390
 1359 0052 38BD     		pop	{r3, r4, r5, pc}
 1360              	.LVL104:
 1361              	.L99:
1114:Middlewares/Third_Party/FreeRTOS/Source/tasks.c **** 
 1362              		.loc 1 1114 12 discriminator 1 view .LVU391
 1363 0054 124B     		ldr	r3, .L102+4
 1364 0056 1C68     		ldr	r4, [r3]
 1365              	.LVL105:
1114:Middlewares/Third_Party/FreeRTOS/Source/tasks.c **** 
 1366              		.loc 1 1114 12 discriminator 1 view .LVU392
 1367 0058 D7E7     		b	.L91
 1368              	.LVL106:
 1369              	.L100:
1149:Middlewares/Third_Party/FreeRTOS/Source/tasks.c **** 
 1370              		.loc 1 1149 5 is_stmt 1 view .LVU393
 1371 005a 2946     		mov	r1, r5
 1372 005c 1348     		ldr	r0, .L102+16
 1373 005e FFF7FEFF 		bl	vListInsertEnd
 1374              	.LVL107:
1154:Middlewares/Third_Party/FreeRTOS/Source/tasks.c **** 
 1375              		.loc 1 1154 5 view .LVU394
 1376 0062 134A     		ldr	r2, .L102+20
 1377 0064 1368     		ldr	r3, [r2]
 1378 0066 0133     		adds	r3, r3, #1
 1379 0068 1360     		str	r3, [r2]
1161:Middlewares/Third_Party/FreeRTOS/Source/tasks.c **** 			}
 1380              		.loc 1 1161 54 view .LVU395
 1381 006a E9E7     		b	.L94
 1382              	.L101:
1183:Middlewares/Third_Party/FreeRTOS/Source/tasks.c **** 				portYIELD_WITHIN_API();
 1383              		.loc 1 1183 5 view .LVU396
 1384 006c 114B     		ldr	r3, .L102+24
 1385 006e 1B68     		ldr	r3, [r3]
 1386 0070 43B1     		cbz	r3, .L96
1183:Middlewares/Third_Party/FreeRTOS/Source/tasks.c **** 				portYIELD_WITHIN_API();
 1387              		.loc 1 1183 5 view .LVU397
 1388              	.LBB129:
 1389              	.LBI129:
 191:Middlewares/Third_Party/FreeRTOS/Source/portable/GCC/ARM_CM4F/portmacro.h **** {
 1390              		.loc 2 191 30 view .LVU398
ARM GAS  C:\Users\31005\AppData\Local\Temp\ccNQ0Tdy.s 			page 122


 1391              	.LBB130:
 193:Middlewares/Third_Party/FreeRTOS/Source/portable/GCC/ARM_CM4F/portmacro.h **** 
 1392              		.loc 2 193 1 view .LVU399
 1393              		.loc 2 195 2 view .LVU400
 1394              		.syntax unified
 1395              	@ 195 "Middlewares/Third_Party/FreeRTOS/Source/portable/GCC/ARM_CM4F/portmacro.h" 1
 1396 0072 4FF05003 			mov r3, #80												
 1397 0076 83F31188 		msr basepri, r3											
 1398 007a BFF36F8F 		isb														
 1399 007e BFF34F8F 		dsb														
 1400              	
 1401              	@ 0 "" 2
 1402              	.LVL108:
 1403              		.thumb
 1404              		.syntax unified
 1405              	.L97:
 1406              		.loc 2 195 2 is_stmt 0 view .LVU401
 1407              	.LBE130:
 1408              	.LBE129:
1183:Middlewares/Third_Party/FreeRTOS/Source/tasks.c **** 				portYIELD_WITHIN_API();
 1409              		.loc 1 1183 5 is_stmt 1 discriminator 1 view .LVU402
1183:Middlewares/Third_Party/FreeRTOS/Source/tasks.c **** 				portYIELD_WITHIN_API();
 1410              		.loc 1 1183 5 discriminator 1 view .LVU403
 1411 0082 FEE7     		b	.L97
 1412              	.L96:
1183:Middlewares/Third_Party/FreeRTOS/Source/tasks.c **** 				portYIELD_WITHIN_API();
 1413              		.loc 1 1183 46 discriminator 2 view .LVU404
1184:Middlewares/Third_Party/FreeRTOS/Source/tasks.c **** 			}
 1414              		.loc 1 1184 5 discriminator 2 view .LVU405
 1415 0084 4FF0E023 		mov	r3, #-536813568
 1416 0088 4FF08052 		mov	r2, #268435456
 1417 008c C3F8042D 		str	r2, [r3, #3332]
1184:Middlewares/Third_Party/FreeRTOS/Source/tasks.c **** 			}
 1418              		.loc 1 1184 5 discriminator 2 view .LVU406
 1419              		.syntax unified
 1420              	@ 1184 "Middlewares/Third_Party/FreeRTOS/Source/tasks.c" 1
 1421 0090 BFF34F8F 		dsb
 1422              	@ 0 "" 2
1184:Middlewares/Third_Party/FreeRTOS/Source/tasks.c **** 			}
 1423              		.loc 1 1184 5 discriminator 2 view .LVU407
 1424              	@ 1184 "Middlewares/Third_Party/FreeRTOS/Source/tasks.c" 1
 1425 0094 BFF36F8F 		isb
 1426              	@ 0 "" 2
1184:Middlewares/Third_Party/FreeRTOS/Source/tasks.c **** 			}
 1427              		.loc 1 1184 27 discriminator 2 view .LVU408
1188:Middlewares/Third_Party/FreeRTOS/Source/tasks.c **** 			}
 1428              		.loc 1 1188 29 discriminator 2 view .LVU409
1191:Middlewares/Third_Party/FreeRTOS/Source/tasks.c **** 
 1429              		.loc 1 1191 2 is_stmt 0 discriminator 2 view .LVU410
 1430              		.thumb
 1431              		.syntax unified
 1432 0098 DBE7     		b	.L90
 1433              	.L103:
 1434 009a 00BF     		.align	2
 1435              	.L102:
 1436 009c 00000000 		.word	uxTaskNumber
 1437 00a0 00000000 		.word	pxCurrentTCB
ARM GAS  C:\Users\31005\AppData\Local\Temp\ccNQ0Tdy.s 			page 123


 1438 00a4 00000000 		.word	uxCurrentNumberOfTasks
 1439 00a8 00000000 		.word	xSchedulerRunning
 1440 00ac 00000000 		.word	xTasksWaitingTermination
 1441 00b0 00000000 		.word	uxDeletedTasksWaitingCleanUp
 1442 00b4 00000000 		.word	uxSchedulerSuspended
 1443              		.cfi_endproc
 1444              	.LFE8:
 1446              		.section	.text.eTaskGetState,"ax",%progbits
 1447              		.align	1
 1448              		.global	eTaskGetState
 1449              		.syntax unified
 1450              		.thumb
 1451              		.thumb_func
 1453              	eTaskGetState:
 1454              	.LVL109:
 1455              	.LFB11:
1328:Middlewares/Third_Party/FreeRTOS/Source/tasks.c **** 	eTaskState eReturn;
 1456              		.loc 1 1328 2 is_stmt 1 view -0
 1457              		.cfi_startproc
 1458              		@ args = 0, pretend = 0, frame = 0
 1459              		@ frame_needed = 0, uses_anonymous_args = 0
1328:Middlewares/Third_Party/FreeRTOS/Source/tasks.c **** 	eTaskState eReturn;
 1460              		.loc 1 1328 2 is_stmt 0 view .LVU412
 1461 0000 38B5     		push	{r3, r4, r5, lr}
 1462              	.LCFI15:
 1463              		.cfi_def_cfa_offset 16
 1464              		.cfi_offset 3, -16
 1465              		.cfi_offset 4, -12
 1466              		.cfi_offset 5, -8
 1467              		.cfi_offset 14, -4
1329:Middlewares/Third_Party/FreeRTOS/Source/tasks.c **** 	List_t *pxStateList;
 1468              		.loc 1 1329 2 is_stmt 1 view .LVU413
1330:Middlewares/Third_Party/FreeRTOS/Source/tasks.c **** 	const TCB_t * const pxTCB = ( TCB_t * ) xTask;
 1469              		.loc 1 1330 2 view .LVU414
1331:Middlewares/Third_Party/FreeRTOS/Source/tasks.c **** 
 1470              		.loc 1 1331 2 view .LVU415
 1471              	.LVL110:
1333:Middlewares/Third_Party/FreeRTOS/Source/tasks.c **** 
 1472              		.loc 1 1333 3 view .LVU416
 1473 0002 D0B1     		cbz	r0, .L116
 1474 0004 0446     		mov	r4, r0
1333:Middlewares/Third_Party/FreeRTOS/Source/tasks.c **** 
 1475              		.loc 1 1333 24 discriminator 2 view .LVU417
1335:Middlewares/Third_Party/FreeRTOS/Source/tasks.c **** 		{
 1476              		.loc 1 1335 3 discriminator 2 view .LVU418
1335:Middlewares/Third_Party/FreeRTOS/Source/tasks.c **** 		{
 1477              		.loc 1 1335 13 is_stmt 0 discriminator 2 view .LVU419
 1478 0006 194B     		ldr	r3, .L120
 1479 0008 1B68     		ldr	r3, [r3]
1335:Middlewares/Third_Party/FreeRTOS/Source/tasks.c **** 		{
 1480              		.loc 1 1335 5 discriminator 2 view .LVU420
 1481 000a 8342     		cmp	r3, r0
 1482 000c 26D0     		beq	.L109
1342:Middlewares/Third_Party/FreeRTOS/Source/tasks.c **** 			{
 1483              		.loc 1 1342 4 is_stmt 1 view .LVU421
 1484 000e FFF7FEFF 		bl	vPortEnterCritical
 1485              	.LVL111:
ARM GAS  C:\Users\31005\AppData\Local\Temp\ccNQ0Tdy.s 			page 124


1344:Middlewares/Third_Party/FreeRTOS/Source/tasks.c **** 			}
 1486              		.loc 1 1344 5 view .LVU422
1344:Middlewares/Third_Party/FreeRTOS/Source/tasks.c **** 			}
 1487              		.loc 1 1344 17 is_stmt 0 view .LVU423
 1488 0012 6569     		ldr	r5, [r4, #20]
 1489              	.LVL112:
1346:Middlewares/Third_Party/FreeRTOS/Source/tasks.c **** 
 1490              		.loc 1 1346 4 is_stmt 1 view .LVU424
 1491 0014 FFF7FEFF 		bl	vPortExitCritical
 1492              	.LVL113:
1348:Middlewares/Third_Party/FreeRTOS/Source/tasks.c **** 			{
 1493              		.loc 1 1348 4 view .LVU425
1348:Middlewares/Third_Party/FreeRTOS/Source/tasks.c **** 			{
 1494              		.loc 1 1348 22 is_stmt 0 view .LVU426
 1495 0018 154B     		ldr	r3, .L120+4
 1496 001a 1B68     		ldr	r3, [r3]
1348:Middlewares/Third_Party/FreeRTOS/Source/tasks.c **** 			{
 1497              		.loc 1 1348 6 view .LVU427
 1498 001c AB42     		cmp	r3, r5
 1499 001e 1FD0     		beq	.L110
1348:Middlewares/Third_Party/FreeRTOS/Source/tasks.c **** 			{
 1500              		.loc 1 1348 62 discriminator 1 view .LVU428
 1501 0020 144B     		ldr	r3, .L120+8
 1502 0022 1B68     		ldr	r3, [r3]
1348:Middlewares/Third_Party/FreeRTOS/Source/tasks.c **** 			{
 1503              		.loc 1 1348 45 discriminator 1 view .LVU429
 1504 0024 AB42     		cmp	r3, r5
 1505 0026 1DD0     		beq	.L111
1356:Middlewares/Third_Party/FreeRTOS/Source/tasks.c **** 				{
 1506              		.loc 1 1356 10 is_stmt 1 view .LVU430
1356:Middlewares/Third_Party/FreeRTOS/Source/tasks.c **** 				{
 1507              		.loc 1 1356 12 is_stmt 0 view .LVU431
 1508 0028 134B     		ldr	r3, .L120+12
 1509 002a 9D42     		cmp	r5, r3
 1510 002c 0ED0     		beq	.L117
1373:Middlewares/Third_Party/FreeRTOS/Source/tasks.c **** 				{
 1511              		.loc 1 1373 10 is_stmt 1 view .LVU432
1373:Middlewares/Third_Party/FreeRTOS/Source/tasks.c **** 				{
 1512              		.loc 1 1373 12 is_stmt 0 view .LVU433
 1513 002e 134B     		ldr	r3, .L120+16
 1514 0030 9D42     		cmp	r5, r3
 1515 0032 19D0     		beq	.L113
1373:Middlewares/Third_Party/FreeRTOS/Source/tasks.c **** 				{
 1516              		.loc 1 1373 59 discriminator 1 view .LVU434
 1517 0034 85B1     		cbz	r5, .L118
1386:Middlewares/Third_Party/FreeRTOS/Source/tasks.c **** 			}
 1518              		.loc 1 1386 13 view .LVU435
 1519 0036 0120     		movs	r0, #1
 1520 0038 11E0     		b	.L107
 1521              	.LVL114:
 1522              	.L116:
1333:Middlewares/Third_Party/FreeRTOS/Source/tasks.c **** 
 1523              		.loc 1 1333 3 is_stmt 1 view .LVU436
 1524              	.LBB131:
 1525              	.LBI131:
 191:Middlewares/Third_Party/FreeRTOS/Source/portable/GCC/ARM_CM4F/portmacro.h **** {
 1526              		.loc 2 191 30 view .LVU437
ARM GAS  C:\Users\31005\AppData\Local\Temp\ccNQ0Tdy.s 			page 125


 1527              	.LBB132:
 193:Middlewares/Third_Party/FreeRTOS/Source/portable/GCC/ARM_CM4F/portmacro.h **** 
 1528              		.loc 2 193 1 view .LVU438
 1529              		.loc 2 195 2 view .LVU439
 1530              		.syntax unified
 1531              	@ 195 "Middlewares/Third_Party/FreeRTOS/Source/portable/GCC/ARM_CM4F/portmacro.h" 1
 1532 003a 4FF05003 			mov r3, #80												
 1533 003e 83F31188 		msr basepri, r3											
 1534 0042 BFF36F8F 		isb														
 1535 0046 BFF34F8F 		dsb														
 1536              	
 1537              	@ 0 "" 2
 1538              	.LVL115:
 1539              		.thumb
 1540              		.syntax unified
 1541              	.L106:
 1542              		.loc 2 195 2 is_stmt 0 view .LVU440
 1543              	.LBE132:
 1544              	.LBE131:
1333:Middlewares/Third_Party/FreeRTOS/Source/tasks.c **** 
 1545              		.loc 1 1333 3 is_stmt 1 discriminator 1 view .LVU441
1333:Middlewares/Third_Party/FreeRTOS/Source/tasks.c **** 
 1546              		.loc 1 1333 3 discriminator 1 view .LVU442
 1547 004a FEE7     		b	.L106
 1548              	.LVL116:
 1549              	.L117:
1361:Middlewares/Third_Party/FreeRTOS/Source/tasks.c **** 					{
 1550              		.loc 1 1361 6 view .LVU443
1361:Middlewares/Third_Party/FreeRTOS/Source/tasks.c **** 					{
 1551              		.loc 1 1361 10 is_stmt 0 view .LVU444
 1552 004c A36A     		ldr	r3, [r4, #40]
1361:Middlewares/Third_Party/FreeRTOS/Source/tasks.c **** 					{
 1553              		.loc 1 1361 8 view .LVU445
 1554 004e 0BB1     		cbz	r3, .L119
1367:Middlewares/Third_Party/FreeRTOS/Source/tasks.c **** 					}
 1555              		.loc 1 1367 15 view .LVU446
 1556 0050 0220     		movs	r0, #2
 1557 0052 04E0     		b	.L107
 1558              	.L119:
1363:Middlewares/Third_Party/FreeRTOS/Source/tasks.c **** 					}
 1559              		.loc 1 1363 15 view .LVU447
 1560 0054 0320     		movs	r0, #3
 1561 0056 02E0     		b	.L107
 1562              	.L118:
1378:Middlewares/Third_Party/FreeRTOS/Source/tasks.c **** 				}
 1563              		.loc 1 1378 14 view .LVU448
 1564 0058 0420     		movs	r0, #4
 1565 005a 00E0     		b	.L107
 1566              	.LVL117:
 1567              	.L109:
1338:Middlewares/Third_Party/FreeRTOS/Source/tasks.c **** 		}
 1568              		.loc 1 1338 12 view .LVU449
 1569 005c 0020     		movs	r0, #0
 1570              	.LVL118:
 1571              	.L107:
1390:Middlewares/Third_Party/FreeRTOS/Source/tasks.c **** 	} /*lint !e818 xTask cannot be a pointer to const because it is a typedef. */
 1572              		.loc 1 1390 3 is_stmt 1 view .LVU450
ARM GAS  C:\Users\31005\AppData\Local\Temp\ccNQ0Tdy.s 			page 126


1391:Middlewares/Third_Party/FreeRTOS/Source/tasks.c **** 
 1573              		.loc 1 1391 2 is_stmt 0 view .LVU451
 1574 005e 38BD     		pop	{r3, r4, r5, pc}
 1575              	.LVL119:
 1576              	.L110:
1352:Middlewares/Third_Party/FreeRTOS/Source/tasks.c **** 			}
 1577              		.loc 1 1352 13 view .LVU452
 1578 0060 0220     		movs	r0, #2
 1579 0062 FCE7     		b	.L107
 1580              	.L111:
 1581 0064 0220     		movs	r0, #2
 1582 0066 FAE7     		b	.L107
 1583              	.L113:
1378:Middlewares/Third_Party/FreeRTOS/Source/tasks.c **** 				}
 1584              		.loc 1 1378 14 view .LVU453
 1585 0068 0420     		movs	r0, #4
 1586 006a F8E7     		b	.L107
 1587              	.L121:
 1588              		.align	2
 1589              	.L120:
 1590 006c 00000000 		.word	pxCurrentTCB
 1591 0070 00000000 		.word	pxDelayedTaskList
 1592 0074 00000000 		.word	pxOverflowDelayedTaskList
 1593 0078 00000000 		.word	xSuspendedTaskList
 1594 007c 00000000 		.word	xTasksWaitingTermination
 1595              		.cfi_endproc
 1596              	.LFE11:
 1598              		.section	.text.uxTaskPriorityGet,"ax",%progbits
 1599              		.align	1
 1600              		.global	uxTaskPriorityGet
 1601              		.syntax unified
 1602              		.thumb
 1603              		.thumb_func
 1605              	uxTaskPriorityGet:
 1606              	.LVL120:
 1607              	.LFB12:
1399:Middlewares/Third_Party/FreeRTOS/Source/tasks.c **** 	TCB_t *pxTCB;
 1608              		.loc 1 1399 2 is_stmt 1 view -0
 1609              		.cfi_startproc
 1610              		@ args = 0, pretend = 0, frame = 0
 1611              		@ frame_needed = 0, uses_anonymous_args = 0
1399:Middlewares/Third_Party/FreeRTOS/Source/tasks.c **** 	TCB_t *pxTCB;
 1612              		.loc 1 1399 2 is_stmt 0 view .LVU455
 1613 0000 10B5     		push	{r4, lr}
 1614              	.LCFI16:
 1615              		.cfi_def_cfa_offset 8
 1616              		.cfi_offset 4, -8
 1617              		.cfi_offset 14, -4
 1618 0002 0446     		mov	r4, r0
1400:Middlewares/Third_Party/FreeRTOS/Source/tasks.c **** 	UBaseType_t uxReturn;
 1619              		.loc 1 1400 2 is_stmt 1 view .LVU456
1401:Middlewares/Third_Party/FreeRTOS/Source/tasks.c **** 
 1620              		.loc 1 1401 2 view .LVU457
1403:Middlewares/Third_Party/FreeRTOS/Source/tasks.c **** 		{
 1621              		.loc 1 1403 3 view .LVU458
 1622 0004 FFF7FEFF 		bl	vPortEnterCritical
 1623              	.LVL121:
ARM GAS  C:\Users\31005\AppData\Local\Temp\ccNQ0Tdy.s 			page 127


1407:Middlewares/Third_Party/FreeRTOS/Source/tasks.c **** 			uxReturn = pxTCB->uxPriority;
 1624              		.loc 1 1407 4 view .LVU459
1407:Middlewares/Third_Party/FreeRTOS/Source/tasks.c **** 			uxReturn = pxTCB->uxPriority;
 1625              		.loc 1 1407 12 is_stmt 0 view .LVU460
 1626 0008 24B1     		cbz	r4, .L125
 1627              	.LVL122:
 1628              	.L123:
1408:Middlewares/Third_Party/FreeRTOS/Source/tasks.c **** 		}
 1629              		.loc 1 1408 4 is_stmt 1 discriminator 4 view .LVU461
1408:Middlewares/Third_Party/FreeRTOS/Source/tasks.c **** 		}
 1630              		.loc 1 1408 13 is_stmt 0 discriminator 4 view .LVU462
 1631 000a E46A     		ldr	r4, [r4, #44]
 1632              	.LVL123:
1410:Middlewares/Third_Party/FreeRTOS/Source/tasks.c **** 
 1633              		.loc 1 1410 3 is_stmt 1 discriminator 4 view .LVU463
 1634 000c FFF7FEFF 		bl	vPortExitCritical
 1635              	.LVL124:
1412:Middlewares/Third_Party/FreeRTOS/Source/tasks.c **** 	}
 1636              		.loc 1 1412 3 discriminator 4 view .LVU464
1413:Middlewares/Third_Party/FreeRTOS/Source/tasks.c **** 
 1637              		.loc 1 1413 2 is_stmt 0 discriminator 4 view .LVU465
 1638 0010 2046     		mov	r0, r4
 1639 0012 10BD     		pop	{r4, pc}
 1640              	.LVL125:
 1641              	.L125:
1407:Middlewares/Third_Party/FreeRTOS/Source/tasks.c **** 			uxReturn = pxTCB->uxPriority;
 1642              		.loc 1 1407 12 discriminator 1 view .LVU466
 1643 0014 014B     		ldr	r3, .L126
 1644 0016 1C68     		ldr	r4, [r3]
 1645              	.LVL126:
1407:Middlewares/Third_Party/FreeRTOS/Source/tasks.c **** 			uxReturn = pxTCB->uxPriority;
 1646              		.loc 1 1407 12 discriminator 1 view .LVU467
 1647 0018 F7E7     		b	.L123
 1648              	.L127:
 1649 001a 00BF     		.align	2
 1650              	.L126:
 1651 001c 00000000 		.word	pxCurrentTCB
 1652              		.cfi_endproc
 1653              	.LFE12:
 1655              		.section	.text.uxTaskPriorityGetFromISR,"ax",%progbits
 1656              		.align	1
 1657              		.global	uxTaskPriorityGetFromISR
 1658              		.syntax unified
 1659              		.thumb
 1660              		.thumb_func
 1662              	uxTaskPriorityGetFromISR:
 1663              	.LVL127:
 1664              	.LFB13:
1421:Middlewares/Third_Party/FreeRTOS/Source/tasks.c **** 	TCB_t *pxTCB;
 1665              		.loc 1 1421 2 is_stmt 1 view -0
 1666              		.cfi_startproc
 1667              		@ args = 0, pretend = 0, frame = 0
 1668              		@ frame_needed = 0, uses_anonymous_args = 0
1421:Middlewares/Third_Party/FreeRTOS/Source/tasks.c **** 	TCB_t *pxTCB;
 1669              		.loc 1 1421 2 is_stmt 0 view .LVU469
 1670 0000 10B5     		push	{r4, lr}
 1671              	.LCFI17:
ARM GAS  C:\Users\31005\AppData\Local\Temp\ccNQ0Tdy.s 			page 128


 1672              		.cfi_def_cfa_offset 8
 1673              		.cfi_offset 4, -8
 1674              		.cfi_offset 14, -4
 1675 0002 0446     		mov	r4, r0
1422:Middlewares/Third_Party/FreeRTOS/Source/tasks.c **** 	UBaseType_t uxReturn, uxSavedInterruptState;
 1676              		.loc 1 1422 2 is_stmt 1 view .LVU470
1423:Middlewares/Third_Party/FreeRTOS/Source/tasks.c **** 
 1677              		.loc 1 1423 2 view .LVU471
1441:Middlewares/Third_Party/FreeRTOS/Source/tasks.c **** 
 1678              		.loc 1 1441 3 view .LVU472
 1679 0004 FFF7FEFF 		bl	vPortValidateInterruptPriority
 1680              	.LVL128:
1443:Middlewares/Third_Party/FreeRTOS/Source/tasks.c **** 		{
 1681              		.loc 1 1443 3 view .LVU473
 1682              	.LBB133:
 1683              	.LBI133:
 196:Middlewares/Third_Party/FreeRTOS/Source/portable/GCC/ARM_CM4F/portmacro.h **** 	(
 197:Middlewares/Third_Party/FreeRTOS/Source/portable/GCC/ARM_CM4F/portmacro.h **** 		"	mov %0, %1												\n"	\
 198:Middlewares/Third_Party/FreeRTOS/Source/portable/GCC/ARM_CM4F/portmacro.h **** 		"	msr basepri, %0											\n" \
 199:Middlewares/Third_Party/FreeRTOS/Source/portable/GCC/ARM_CM4F/portmacro.h **** 		"	isb														\n" \
 200:Middlewares/Third_Party/FreeRTOS/Source/portable/GCC/ARM_CM4F/portmacro.h **** 		"	dsb														\n" \
 201:Middlewares/Third_Party/FreeRTOS/Source/portable/GCC/ARM_CM4F/portmacro.h **** 		:"=r" (ulNewBASEPRI) : "i" ( configMAX_SYSCALL_INTERRUPT_PRIORITY ) : "memory"
 202:Middlewares/Third_Party/FreeRTOS/Source/portable/GCC/ARM_CM4F/portmacro.h **** 	);
 203:Middlewares/Third_Party/FreeRTOS/Source/portable/GCC/ARM_CM4F/portmacro.h **** }
 204:Middlewares/Third_Party/FreeRTOS/Source/portable/GCC/ARM_CM4F/portmacro.h **** 
 205:Middlewares/Third_Party/FreeRTOS/Source/portable/GCC/ARM_CM4F/portmacro.h **** /*-----------------------------------------------------------*/
 206:Middlewares/Third_Party/FreeRTOS/Source/portable/GCC/ARM_CM4F/portmacro.h **** 
 207:Middlewares/Third_Party/FreeRTOS/Source/portable/GCC/ARM_CM4F/portmacro.h **** portFORCE_INLINE static uint32_t ulPortRaiseBASEPRI( void )
 1684              		.loc 2 207 34 view .LVU474
 1685              	.LBB134:
 208:Middlewares/Third_Party/FreeRTOS/Source/portable/GCC/ARM_CM4F/portmacro.h **** {
 209:Middlewares/Third_Party/FreeRTOS/Source/portable/GCC/ARM_CM4F/portmacro.h **** uint32_t ulOriginalBASEPRI, ulNewBASEPRI;
 1686              		.loc 2 209 1 view .LVU475
 210:Middlewares/Third_Party/FreeRTOS/Source/portable/GCC/ARM_CM4F/portmacro.h **** 
 211:Middlewares/Third_Party/FreeRTOS/Source/portable/GCC/ARM_CM4F/portmacro.h **** 	__asm volatile
 1687              		.loc 2 211 2 view .LVU476
 1688              		.syntax unified
 1689              	@ 211 "Middlewares/Third_Party/FreeRTOS/Source/portable/GCC/ARM_CM4F/portmacro.h" 1
 1690 0008 EFF31183 			mrs r3, basepri											
 1691 000c 4FF05002 		mov r2, #80												
 1692 0010 82F31188 		msr basepri, r2											
 1693 0014 BFF36F8F 		isb														
 1694 0018 BFF34F8F 		dsb														
 1695              	
 1696              	@ 0 "" 2
 1697              	.LVL129:
 212:Middlewares/Third_Party/FreeRTOS/Source/portable/GCC/ARM_CM4F/portmacro.h **** 	(
 213:Middlewares/Third_Party/FreeRTOS/Source/portable/GCC/ARM_CM4F/portmacro.h **** 		"	mrs %0, basepri											\n" \
 214:Middlewares/Third_Party/FreeRTOS/Source/portable/GCC/ARM_CM4F/portmacro.h **** 		"	mov %1, %2												\n"	\
 215:Middlewares/Third_Party/FreeRTOS/Source/portable/GCC/ARM_CM4F/portmacro.h **** 		"	msr basepri, %1											\n" \
 216:Middlewares/Third_Party/FreeRTOS/Source/portable/GCC/ARM_CM4F/portmacro.h **** 		"	isb														\n" \
 217:Middlewares/Third_Party/FreeRTOS/Source/portable/GCC/ARM_CM4F/portmacro.h **** 		"	dsb														\n" \
 218:Middlewares/Third_Party/FreeRTOS/Source/portable/GCC/ARM_CM4F/portmacro.h **** 		:"=r" (ulOriginalBASEPRI), "=r" (ulNewBASEPRI) : "i" ( configMAX_SYSCALL_INTERRUPT_PRIORITY ) : "
 219:Middlewares/Third_Party/FreeRTOS/Source/portable/GCC/ARM_CM4F/portmacro.h **** 	);
 220:Middlewares/Third_Party/FreeRTOS/Source/portable/GCC/ARM_CM4F/portmacro.h **** 
 221:Middlewares/Third_Party/FreeRTOS/Source/portable/GCC/ARM_CM4F/portmacro.h **** 	/* This return will not be reached but is necessary to prevent compiler
 222:Middlewares/Third_Party/FreeRTOS/Source/portable/GCC/ARM_CM4F/portmacro.h **** 	warnings. */
ARM GAS  C:\Users\31005\AppData\Local\Temp\ccNQ0Tdy.s 			page 129


 223:Middlewares/Third_Party/FreeRTOS/Source/portable/GCC/ARM_CM4F/portmacro.h **** 	return ulOriginalBASEPRI;
 1698              		.loc 2 223 2 view .LVU477
 1699              		.loc 2 223 2 is_stmt 0 view .LVU478
 1700              		.thumb
 1701              		.syntax unified
 1702              	.LBE134:
 1703              	.LBE133:
1447:Middlewares/Third_Party/FreeRTOS/Source/tasks.c **** 			uxReturn = pxTCB->uxPriority;
 1704              		.loc 1 1447 4 is_stmt 1 view .LVU479
1447:Middlewares/Third_Party/FreeRTOS/Source/tasks.c **** 			uxReturn = pxTCB->uxPriority;
 1705              		.loc 1 1447 12 is_stmt 0 view .LVU480
 1706 001c 1CB1     		cbz	r4, .L131
 1707              	.LVL130:
 1708              	.L129:
1448:Middlewares/Third_Party/FreeRTOS/Source/tasks.c **** 		}
 1709              		.loc 1 1448 4 is_stmt 1 discriminator 4 view .LVU481
1448:Middlewares/Third_Party/FreeRTOS/Source/tasks.c **** 		}
 1710              		.loc 1 1448 13 is_stmt 0 discriminator 4 view .LVU482
 1711 001e E06A     		ldr	r0, [r4, #44]
 1712              	.LVL131:
1450:Middlewares/Third_Party/FreeRTOS/Source/tasks.c **** 
 1713              		.loc 1 1450 3 is_stmt 1 discriminator 4 view .LVU483
 1714              	.LBB135:
 1715              	.LBI135:
 224:Middlewares/Third_Party/FreeRTOS/Source/portable/GCC/ARM_CM4F/portmacro.h **** }
 225:Middlewares/Third_Party/FreeRTOS/Source/portable/GCC/ARM_CM4F/portmacro.h **** /*-----------------------------------------------------------*/
 226:Middlewares/Third_Party/FreeRTOS/Source/portable/GCC/ARM_CM4F/portmacro.h **** 
 227:Middlewares/Third_Party/FreeRTOS/Source/portable/GCC/ARM_CM4F/portmacro.h **** portFORCE_INLINE static void vPortSetBASEPRI( uint32_t ulNewMaskValue )
 1716              		.loc 2 227 30 discriminator 4 view .LVU484
 1717              	.LBB136:
 228:Middlewares/Third_Party/FreeRTOS/Source/portable/GCC/ARM_CM4F/portmacro.h **** {
 229:Middlewares/Third_Party/FreeRTOS/Source/portable/GCC/ARM_CM4F/portmacro.h **** 	__asm volatile
 1718              		.loc 2 229 2 discriminator 4 view .LVU485
 1719              		.syntax unified
 1720              	@ 229 "Middlewares/Third_Party/FreeRTOS/Source/portable/GCC/ARM_CM4F/portmacro.h" 1
 1721 0020 83F31188 			msr basepri, r3	
 1722              	@ 0 "" 2
 1723              		.thumb
 1724              		.syntax unified
 1725              	.LBE136:
 1726              	.LBE135:
1452:Middlewares/Third_Party/FreeRTOS/Source/tasks.c **** 	}
 1727              		.loc 1 1452 3 discriminator 4 view .LVU486
1453:Middlewares/Third_Party/FreeRTOS/Source/tasks.c **** 
 1728              		.loc 1 1453 2 is_stmt 0 discriminator 4 view .LVU487
 1729 0024 10BD     		pop	{r4, pc}
 1730              	.LVL132:
 1731              	.L131:
1447:Middlewares/Third_Party/FreeRTOS/Source/tasks.c **** 			uxReturn = pxTCB->uxPriority;
 1732              		.loc 1 1447 12 discriminator 1 view .LVU488
 1733 0026 014A     		ldr	r2, .L132
 1734 0028 1468     		ldr	r4, [r2]
 1735              	.LVL133:
1447:Middlewares/Third_Party/FreeRTOS/Source/tasks.c **** 			uxReturn = pxTCB->uxPriority;
 1736              		.loc 1 1447 12 discriminator 1 view .LVU489
 1737 002a F8E7     		b	.L129
 1738              	.L133:
ARM GAS  C:\Users\31005\AppData\Local\Temp\ccNQ0Tdy.s 			page 130


 1739              		.align	2
 1740              	.L132:
 1741 002c 00000000 		.word	pxCurrentTCB
 1742              		.cfi_endproc
 1743              	.LFE13:
 1745              		.section	.text.vTaskPrioritySet,"ax",%progbits
 1746              		.align	1
 1747              		.global	vTaskPrioritySet
 1748              		.syntax unified
 1749              		.thumb
 1750              		.thumb_func
 1752              	vTaskPrioritySet:
 1753              	.LVL134:
 1754              	.LFB14:
1461:Middlewares/Third_Party/FreeRTOS/Source/tasks.c **** 	TCB_t *pxTCB;
 1755              		.loc 1 1461 2 is_stmt 1 view -0
 1756              		.cfi_startproc
 1757              		@ args = 0, pretend = 0, frame = 0
 1758              		@ frame_needed = 0, uses_anonymous_args = 0
1462:Middlewares/Third_Party/FreeRTOS/Source/tasks.c **** 	UBaseType_t uxCurrentBasePriority, uxPriorityUsedOnEntry;
 1759              		.loc 1 1462 2 view .LVU491
1463:Middlewares/Third_Party/FreeRTOS/Source/tasks.c **** 	BaseType_t xYieldRequired = pdFALSE;
 1760              		.loc 1 1463 2 view .LVU492
1464:Middlewares/Third_Party/FreeRTOS/Source/tasks.c **** 
 1761              		.loc 1 1464 2 view .LVU493
1466:Middlewares/Third_Party/FreeRTOS/Source/tasks.c **** 
 1762              		.loc 1 1466 3 view .LVU494
 1763 0000 3729     		cmp	r1, #55
 1764 0002 08D9     		bls	.L135
1466:Middlewares/Third_Party/FreeRTOS/Source/tasks.c **** 
 1765              		.loc 1 1466 3 view .LVU495
 1766              	.LBB137:
 1767              	.LBI137:
 191:Middlewares/Third_Party/FreeRTOS/Source/portable/GCC/ARM_CM4F/portmacro.h **** {
 1768              		.loc 2 191 30 view .LVU496
 1769              	.LBB138:
 193:Middlewares/Third_Party/FreeRTOS/Source/portable/GCC/ARM_CM4F/portmacro.h **** 
 1770              		.loc 2 193 1 view .LVU497
 195:Middlewares/Third_Party/FreeRTOS/Source/portable/GCC/ARM_CM4F/portmacro.h **** 	(
 1771              		.loc 2 195 2 view .LVU498
 1772              		.syntax unified
 1773              	@ 195 "Middlewares/Third_Party/FreeRTOS/Source/portable/GCC/ARM_CM4F/portmacro.h" 1
 1774 0004 4FF05003 			mov r3, #80												
 1775 0008 83F31188 		msr basepri, r3											
 1776 000c BFF36F8F 		isb														
 1777 0010 BFF34F8F 		dsb														
 1778              	
 1779              	@ 0 "" 2
 1780              	.LVL135:
 1781              		.thumb
 1782              		.syntax unified
 1783              	.L136:
 195:Middlewares/Third_Party/FreeRTOS/Source/portable/GCC/ARM_CM4F/portmacro.h **** 	(
 1784              		.loc 2 195 2 is_stmt 0 view .LVU499
 1785              	.LBE138:
 1786              	.LBE137:
1466:Middlewares/Third_Party/FreeRTOS/Source/tasks.c **** 
ARM GAS  C:\Users\31005\AppData\Local\Temp\ccNQ0Tdy.s 			page 131


 1787              		.loc 1 1466 3 is_stmt 1 discriminator 1 view .LVU500
1466:Middlewares/Third_Party/FreeRTOS/Source/tasks.c **** 
 1788              		.loc 1 1466 3 discriminator 1 view .LVU501
 1789 0014 FEE7     		b	.L136
 1790              	.L135:
1461:Middlewares/Third_Party/FreeRTOS/Source/tasks.c **** 	TCB_t *pxTCB;
 1791              		.loc 1 1461 2 is_stmt 0 view .LVU502
 1792 0016 70B5     		push	{r4, r5, r6, lr}
 1793              	.LCFI18:
 1794              		.cfi_def_cfa_offset 16
 1795              		.cfi_offset 4, -16
 1796              		.cfi_offset 5, -12
 1797              		.cfi_offset 6, -8
 1798              		.cfi_offset 14, -4
 1799 0018 0546     		mov	r5, r0
 1800 001a 0C46     		mov	r4, r1
1466:Middlewares/Third_Party/FreeRTOS/Source/tasks.c **** 
 1801              		.loc 1 1466 59 is_stmt 1 view .LVU503
1469:Middlewares/Third_Party/FreeRTOS/Source/tasks.c **** 		{
 1802              		.loc 1 1469 3 view .LVU504
 1803              	.LVL136:
1475:Middlewares/Third_Party/FreeRTOS/Source/tasks.c **** 		}
 1804              		.loc 1 1475 28 view .LVU505
1478:Middlewares/Third_Party/FreeRTOS/Source/tasks.c **** 		{
 1805              		.loc 1 1478 3 view .LVU506
 1806 001c FFF7FEFF 		bl	vPortEnterCritical
 1807              	.LVL137:
1482:Middlewares/Third_Party/FreeRTOS/Source/tasks.c **** 
 1808              		.loc 1 1482 4 view .LVU507
1482:Middlewares/Third_Party/FreeRTOS/Source/tasks.c **** 
 1809              		.loc 1 1482 12 is_stmt 0 view .LVU508
 1810 0020 75B1     		cbz	r5, .L150
 1811              	.LVL138:
 1812              	.L137:
1484:Middlewares/Third_Party/FreeRTOS/Source/tasks.c **** 
 1813              		.loc 1 1484 50 is_stmt 1 discriminator 4 view .LVU509
1488:Middlewares/Third_Party/FreeRTOS/Source/tasks.c **** 			}
 1814              		.loc 1 1488 5 discriminator 4 view .LVU510
1488:Middlewares/Third_Party/FreeRTOS/Source/tasks.c **** 			}
 1815              		.loc 1 1488 27 is_stmt 0 discriminator 4 view .LVU511
 1816 0022 EA6C     		ldr	r2, [r5, #76]
 1817              	.LVL139:
1496:Middlewares/Third_Party/FreeRTOS/Source/tasks.c **** 			{
 1818              		.loc 1 1496 4 is_stmt 1 discriminator 4 view .LVU512
1496:Middlewares/Third_Party/FreeRTOS/Source/tasks.c **** 			{
 1819              		.loc 1 1496 6 is_stmt 0 discriminator 4 view .LVU513
 1820 0024 9442     		cmp	r4, r2
 1821 0026 30D0     		beq	.L138
1500:Middlewares/Third_Party/FreeRTOS/Source/tasks.c **** 				{
 1822              		.loc 1 1500 5 is_stmt 1 view .LVU514
1500:Middlewares/Third_Party/FreeRTOS/Source/tasks.c **** 				{
 1823              		.loc 1 1500 7 is_stmt 0 view .LVU515
 1824 0028 0DD9     		bls	.L139
1502:Middlewares/Third_Party/FreeRTOS/Source/tasks.c **** 					{
 1825              		.loc 1 1502 6 is_stmt 1 view .LVU516
1502:Middlewares/Third_Party/FreeRTOS/Source/tasks.c **** 					{
 1826              		.loc 1 1502 16 is_stmt 0 view .LVU517
ARM GAS  C:\Users\31005\AppData\Local\Temp\ccNQ0Tdy.s 			page 132


 1827 002a 274B     		ldr	r3, .L153
 1828 002c 1B68     		ldr	r3, [r3]
1502:Middlewares/Third_Party/FreeRTOS/Source/tasks.c **** 					{
 1829              		.loc 1 1502 8 view .LVU518
 1830 002e AB42     		cmp	r3, r5
 1831 0030 2ED0     		beq	.L145
1507:Middlewares/Third_Party/FreeRTOS/Source/tasks.c **** 						{
 1832              		.loc 1 1507 7 is_stmt 1 view .LVU519
1507:Middlewares/Third_Party/FreeRTOS/Source/tasks.c **** 						{
 1833              		.loc 1 1507 40 is_stmt 0 view .LVU520
 1834 0032 254B     		ldr	r3, .L153
 1835 0034 1B68     		ldr	r3, [r3]
 1836 0036 DB6A     		ldr	r3, [r3, #44]
1507:Middlewares/Third_Party/FreeRTOS/Source/tasks.c **** 						{
 1837              		.loc 1 1507 9 view .LVU521
 1838 0038 A342     		cmp	r3, r4
 1839 003a 2BD9     		bls	.L146
1464:Middlewares/Third_Party/FreeRTOS/Source/tasks.c **** 
 1840              		.loc 1 1464 13 view .LVU522
 1841 003c 0026     		movs	r6, #0
 1842 003e 07E0     		b	.L140
 1843              	.LVL140:
 1844              	.L150:
1482:Middlewares/Third_Party/FreeRTOS/Source/tasks.c **** 
 1845              		.loc 1 1482 12 discriminator 1 view .LVU523
 1846 0040 214B     		ldr	r3, .L153
 1847 0042 1D68     		ldr	r5, [r3]
 1848              	.LVL141:
1482:Middlewares/Third_Party/FreeRTOS/Source/tasks.c **** 
 1849              		.loc 1 1482 12 discriminator 1 view .LVU524
 1850 0044 EDE7     		b	.L137
 1851              	.LVL142:
 1852              	.L139:
1523:Middlewares/Third_Party/FreeRTOS/Source/tasks.c **** 				{
 1853              		.loc 1 1523 10 is_stmt 1 view .LVU525
1523:Middlewares/Third_Party/FreeRTOS/Source/tasks.c **** 				{
 1854              		.loc 1 1523 20 is_stmt 0 view .LVU526
 1855 0046 204B     		ldr	r3, .L153
 1856 0048 1B68     		ldr	r3, [r3]
1523:Middlewares/Third_Party/FreeRTOS/Source/tasks.c **** 				{
 1857              		.loc 1 1523 12 view .LVU527
 1858 004a AB42     		cmp	r3, r5
 1859 004c 24D0     		beq	.L147
1464:Middlewares/Third_Party/FreeRTOS/Source/tasks.c **** 
 1860              		.loc 1 1464 13 view .LVU528
 1861 004e 0026     		movs	r6, #0
 1862              	.L140:
 1863              	.LVL143:
1535:Middlewares/Third_Party/FreeRTOS/Source/tasks.c **** 
 1864              		.loc 1 1535 5 is_stmt 1 view .LVU529
1540:Middlewares/Third_Party/FreeRTOS/Source/tasks.c **** 
 1865              		.loc 1 1540 5 view .LVU530
1540:Middlewares/Third_Party/FreeRTOS/Source/tasks.c **** 
 1866              		.loc 1 1540 27 is_stmt 0 view .LVU531
 1867 0050 EB6A     		ldr	r3, [r5, #44]
 1868              	.LVL144:
1546:Middlewares/Third_Party/FreeRTOS/Source/tasks.c **** 					{
ARM GAS  C:\Users\31005\AppData\Local\Temp\ccNQ0Tdy.s 			page 133


 1869              		.loc 1 1546 6 is_stmt 1 view .LVU532
1546:Middlewares/Third_Party/FreeRTOS/Source/tasks.c **** 					{
 1870              		.loc 1 1546 8 is_stmt 0 view .LVU533
 1871 0052 9A42     		cmp	r2, r3
 1872 0054 22D0     		beq	.L151
 1873              	.L141:
1552:Middlewares/Third_Party/FreeRTOS/Source/tasks.c **** 					}
 1874              		.loc 1 1552 31 is_stmt 1 view .LVU534
1556:Middlewares/Third_Party/FreeRTOS/Source/tasks.c **** 				}
 1875              		.loc 1 1556 6 view .LVU535
1556:Middlewares/Third_Party/FreeRTOS/Source/tasks.c **** 				}
 1876              		.loc 1 1556 28 is_stmt 0 view .LVU536
 1877 0056 EC64     		str	r4, [r5, #76]
1566:Middlewares/Third_Party/FreeRTOS/Source/tasks.c **** 				{
 1878              		.loc 1 1566 5 is_stmt 1 view .LVU537
1566:Middlewares/Third_Party/FreeRTOS/Source/tasks.c **** 				{
 1879              		.loc 1 1566 11 is_stmt 0 view .LVU538
 1880 0058 AA69     		ldr	r2, [r5, #24]
 1881              	.LVL145:
1566:Middlewares/Third_Party/FreeRTOS/Source/tasks.c **** 				{
 1882              		.loc 1 1566 7 view .LVU539
 1883 005a 002A     		cmp	r2, #0
 1884 005c 02DB     		blt	.L142
1568:Middlewares/Third_Party/FreeRTOS/Source/tasks.c **** 				}
 1885              		.loc 1 1568 6 is_stmt 1 view .LVU540
 1886 005e C4F13804 		rsb	r4, r4, #56
 1887              	.LVL146:
1568:Middlewares/Third_Party/FreeRTOS/Source/tasks.c **** 				}
 1888              		.loc 1 1568 6 is_stmt 0 view .LVU541
 1889 0062 AC61     		str	r4, [r5, #24]
 1890              	.L142:
1572:Middlewares/Third_Party/FreeRTOS/Source/tasks.c **** 				}
 1891              		.loc 1 1572 30 is_stmt 1 view .LVU542
1579:Middlewares/Third_Party/FreeRTOS/Source/tasks.c **** 				{
 1892              		.loc 1 1579 5 view .LVU543
1579:Middlewares/Third_Party/FreeRTOS/Source/tasks.c **** 				{
 1893              		.loc 1 1579 9 is_stmt 0 view .LVU544
 1894 0064 6969     		ldr	r1, [r5, #20]
 1895 0066 03EB8303 		add	r3, r3, r3, lsl #2
 1896              	.LVL147:
1579:Middlewares/Third_Party/FreeRTOS/Source/tasks.c **** 				{
 1897              		.loc 1 1579 9 view .LVU545
 1898 006a 184A     		ldr	r2, .L153+4
 1899 006c 02EB8303 		add	r3, r2, r3, lsl #2
1579:Middlewares/Third_Party/FreeRTOS/Source/tasks.c **** 				{
 1900              		.loc 1 1579 112 view .LVU546
 1901 0070 9942     		cmp	r1, r3
 1902 0072 15D0     		beq	.L152
 1903              	.LVL148:
 1904              	.L143:
1599:Middlewares/Third_Party/FreeRTOS/Source/tasks.c **** 				}
 1905              		.loc 1 1599 30 is_stmt 1 view .LVU547
1602:Middlewares/Third_Party/FreeRTOS/Source/tasks.c **** 				{
 1906              		.loc 1 1602 5 view .LVU548
1602:Middlewares/Third_Party/FreeRTOS/Source/tasks.c **** 				{
 1907              		.loc 1 1602 7 is_stmt 0 view .LVU549
 1908 0074 4EB1     		cbz	r6, .L138
ARM GAS  C:\Users\31005\AppData\Local\Temp\ccNQ0Tdy.s 			page 134


1604:Middlewares/Third_Party/FreeRTOS/Source/tasks.c **** 				}
 1909              		.loc 1 1604 6 is_stmt 1 view .LVU550
 1910 0076 4FF0E023 		mov	r3, #-536813568
 1911 007a 4FF08052 		mov	r2, #268435456
 1912 007e C3F8042D 		str	r2, [r3, #3332]
1604:Middlewares/Third_Party/FreeRTOS/Source/tasks.c **** 				}
 1913              		.loc 1 1604 6 view .LVU551
 1914              		.syntax unified
 1915              	@ 1604 "Middlewares/Third_Party/FreeRTOS/Source/tasks.c" 1
 1916 0082 BFF34F8F 		dsb
 1917              	@ 0 "" 2
1604:Middlewares/Third_Party/FreeRTOS/Source/tasks.c **** 				}
 1918              		.loc 1 1604 6 view .LVU552
 1919              	@ 1604 "Middlewares/Third_Party/FreeRTOS/Source/tasks.c" 1
 1920 0086 BFF36F8F 		isb
 1921              	@ 0 "" 2
1604:Middlewares/Third_Party/FreeRTOS/Source/tasks.c **** 				}
 1922              		.loc 1 1604 37 view .LVU553
 1923              	.LVL149:
 1924              		.thumb
 1925              		.syntax unified
 1926              	.L138:
1608:Middlewares/Third_Party/FreeRTOS/Source/tasks.c **** 				}
 1927              		.loc 1 1608 30 view .LVU554
1613:Middlewares/Third_Party/FreeRTOS/Source/tasks.c **** 			}
 1928              		.loc 1 1613 5 view .LVU555
1616:Middlewares/Third_Party/FreeRTOS/Source/tasks.c **** 	}
 1929              		.loc 1 1616 3 view .LVU556
 1930 008a FFF7FEFF 		bl	vPortExitCritical
 1931              	.LVL150:
1617:Middlewares/Third_Party/FreeRTOS/Source/tasks.c **** 
 1932              		.loc 1 1617 2 is_stmt 0 view .LVU557
 1933 008e 70BD     		pop	{r4, r5, r6, pc}
 1934              	.LVL151:
 1935              	.L145:
1464:Middlewares/Third_Party/FreeRTOS/Source/tasks.c **** 
 1936              		.loc 1 1464 13 view .LVU558
 1937 0090 0026     		movs	r6, #0
 1938 0092 DDE7     		b	.L140
 1939              	.L146:
1509:Middlewares/Third_Party/FreeRTOS/Source/tasks.c **** 						}
 1940              		.loc 1 1509 23 view .LVU559
 1941 0094 0126     		movs	r6, #1
 1942 0096 DBE7     		b	.L140
 1943              	.L147:
1528:Middlewares/Third_Party/FreeRTOS/Source/tasks.c **** 				}
 1944              		.loc 1 1528 21 view .LVU560
 1945 0098 0126     		movs	r6, #1
 1946 009a D9E7     		b	.L140
 1947              	.LVL152:
 1948              	.L151:
1548:Middlewares/Third_Party/FreeRTOS/Source/tasks.c **** 					}
 1949              		.loc 1 1548 7 is_stmt 1 view .LVU561
1548:Middlewares/Third_Party/FreeRTOS/Source/tasks.c **** 					}
 1950              		.loc 1 1548 25 is_stmt 0 view .LVU562
 1951 009c EC62     		str	r4, [r5, #44]
 1952 009e DAE7     		b	.L141
ARM GAS  C:\Users\31005\AppData\Local\Temp\ccNQ0Tdy.s 			page 135


 1953              	.LVL153:
 1954              	.L152:
1584:Middlewares/Third_Party/FreeRTOS/Source/tasks.c **** 					{
 1955              		.loc 1 1584 6 is_stmt 1 view .LVU563
1584:Middlewares/Third_Party/FreeRTOS/Source/tasks.c **** 					{
 1956              		.loc 1 1584 10 is_stmt 0 view .LVU564
 1957 00a0 2C1D     		adds	r4, r5, #4
 1958 00a2 2046     		mov	r0, r4
 1959 00a4 FFF7FEFF 		bl	uxListRemove
 1960              	.LVL154:
1593:Middlewares/Third_Party/FreeRTOS/Source/tasks.c **** 					}
 1961              		.loc 1 1593 31 is_stmt 1 view .LVU565
1595:Middlewares/Third_Party/FreeRTOS/Source/tasks.c **** 				}
 1962              		.loc 1 1595 6 view .LVU566
1595:Middlewares/Third_Party/FreeRTOS/Source/tasks.c **** 				}
 1963              		.loc 1 1595 6 view .LVU567
 1964 00a8 E86A     		ldr	r0, [r5, #44]
 1965 00aa 094B     		ldr	r3, .L153+8
 1966 00ac 1B68     		ldr	r3, [r3]
 1967 00ae 9842     		cmp	r0, r3
 1968 00b0 01D9     		bls	.L144
1595:Middlewares/Third_Party/FreeRTOS/Source/tasks.c **** 				}
 1969              		.loc 1 1595 6 discriminator 1 view .LVU568
 1970 00b2 074B     		ldr	r3, .L153+8
 1971 00b4 1860     		str	r0, [r3]
 1972              	.L144:
1595:Middlewares/Third_Party/FreeRTOS/Source/tasks.c **** 				}
 1973              		.loc 1 1595 6 discriminator 3 view .LVU569
1595:Middlewares/Third_Party/FreeRTOS/Source/tasks.c **** 				}
 1974              		.loc 1 1595 6 discriminator 3 view .LVU570
 1975 00b6 00EB8000 		add	r0, r0, r0, lsl #2
 1976 00ba 2146     		mov	r1, r4
 1977 00bc 034B     		ldr	r3, .L153+4
 1978 00be 03EB8000 		add	r0, r3, r0, lsl #2
 1979 00c2 FFF7FEFF 		bl	vListInsertEnd
 1980              	.LVL155:
1595:Middlewares/Third_Party/FreeRTOS/Source/tasks.c **** 				}
 1981              		.loc 1 1595 36 discriminator 3 view .LVU571
 1982 00c6 D5E7     		b	.L143
 1983              	.L154:
 1984              		.align	2
 1985              	.L153:
 1986 00c8 00000000 		.word	pxCurrentTCB
 1987 00cc 00000000 		.word	pxReadyTasksLists
 1988 00d0 00000000 		.word	uxTopReadyPriority
 1989              		.cfi_endproc
 1990              	.LFE14:
 1992              		.section	.text.vTaskResume,"ax",%progbits
 1993              		.align	1
 1994              		.global	vTaskResume
 1995              		.syntax unified
 1996              		.thumb
 1997              		.thumb_func
 1999              	vTaskResume:
 2000              	.LVL156:
 2001              	.LFB17:
1772:Middlewares/Third_Party/FreeRTOS/Source/tasks.c **** 	TCB_t * const pxTCB = ( TCB_t * ) xTaskToResume;
ARM GAS  C:\Users\31005\AppData\Local\Temp\ccNQ0Tdy.s 			page 136


 2002              		.loc 1 1772 2 view -0
 2003              		.cfi_startproc
 2004              		@ args = 0, pretend = 0, frame = 0
 2005              		@ frame_needed = 0, uses_anonymous_args = 0
1772:Middlewares/Third_Party/FreeRTOS/Source/tasks.c **** 	TCB_t * const pxTCB = ( TCB_t * ) xTaskToResume;
 2006              		.loc 1 1772 2 is_stmt 0 view .LVU573
 2007 0000 38B5     		push	{r3, r4, r5, lr}
 2008              	.LCFI19:
 2009              		.cfi_def_cfa_offset 16
 2010              		.cfi_offset 3, -16
 2011              		.cfi_offset 4, -12
 2012              		.cfi_offset 5, -8
 2013              		.cfi_offset 14, -4
1773:Middlewares/Third_Party/FreeRTOS/Source/tasks.c **** 
 2014              		.loc 1 1773 2 is_stmt 1 view .LVU574
 2015              	.LVL157:
1776:Middlewares/Third_Party/FreeRTOS/Source/tasks.c **** 
 2016              		.loc 1 1776 3 view .LVU575
 2017 0002 68B1     		cbz	r0, .L162
 2018 0004 0446     		mov	r4, r0
1776:Middlewares/Third_Party/FreeRTOS/Source/tasks.c **** 
 2019              		.loc 1 1776 32 discriminator 1 view .LVU576
1780:Middlewares/Third_Party/FreeRTOS/Source/tasks.c **** 		{
 2020              		.loc 1 1780 3 discriminator 1 view .LVU577
1780:Middlewares/Third_Party/FreeRTOS/Source/tasks.c **** 		{
 2021              		.loc 1 1780 36 is_stmt 0 discriminator 1 view .LVU578
 2022 0006 1D4B     		ldr	r3, .L164
 2023 0008 1B68     		ldr	r3, [r3]
1780:Middlewares/Third_Party/FreeRTOS/Source/tasks.c **** 		{
 2024              		.loc 1 1780 25 discriminator 1 view .LVU579
 2025 000a 8342     		cmp	r3, r0
 2026 000c 07D0     		beq	.L155
1782:Middlewares/Third_Party/FreeRTOS/Source/tasks.c **** 			{
 2027              		.loc 1 1782 4 is_stmt 1 view .LVU580
 2028 000e FFF7FEFF 		bl	vPortEnterCritical
 2029              	.LVL158:
1784:Middlewares/Third_Party/FreeRTOS/Source/tasks.c **** 				{
 2030              		.loc 1 1784 5 view .LVU581
1784:Middlewares/Third_Party/FreeRTOS/Source/tasks.c **** 				{
 2031              		.loc 1 1784 9 is_stmt 0 view .LVU582
 2032 0012 2046     		mov	r0, r4
 2033 0014 FFF7FEFF 		bl	prvTaskIsTaskSuspended
 2034              	.LVL159:
1784:Middlewares/Third_Party/FreeRTOS/Source/tasks.c **** 				{
 2035              		.loc 1 1784 7 view .LVU583
 2036 0018 58B9     		cbnz	r0, .L163
 2037              	.L159:
1808:Middlewares/Third_Party/FreeRTOS/Source/tasks.c **** 				}
 2038              		.loc 1 1808 30 is_stmt 1 view .LVU584
1811:Middlewares/Third_Party/FreeRTOS/Source/tasks.c **** 		}
 2039              		.loc 1 1811 4 view .LVU585
 2040 001a FFF7FEFF 		bl	vPortExitCritical
 2041              	.LVL160:
1815:Middlewares/Third_Party/FreeRTOS/Source/tasks.c **** 		}
 2042              		.loc 1 1815 28 view .LVU586
 2043              	.L155:
1817:Middlewares/Third_Party/FreeRTOS/Source/tasks.c **** 
ARM GAS  C:\Users\31005\AppData\Local\Temp\ccNQ0Tdy.s 			page 137


 2044              		.loc 1 1817 2 is_stmt 0 view .LVU587
 2045 001e 38BD     		pop	{r3, r4, r5, pc}
 2046              	.LVL161:
 2047              	.L162:
1776:Middlewares/Third_Party/FreeRTOS/Source/tasks.c **** 
 2048              		.loc 1 1776 3 is_stmt 1 view .LVU588
 2049              	.LBB139:
 2050              	.LBI139:
 191:Middlewares/Third_Party/FreeRTOS/Source/portable/GCC/ARM_CM4F/portmacro.h **** {
 2051              		.loc 2 191 30 view .LVU589
 2052              	.LBB140:
 193:Middlewares/Third_Party/FreeRTOS/Source/portable/GCC/ARM_CM4F/portmacro.h **** 
 2053              		.loc 2 193 1 view .LVU590
 195:Middlewares/Third_Party/FreeRTOS/Source/portable/GCC/ARM_CM4F/portmacro.h **** 	(
 2054              		.loc 2 195 2 view .LVU591
 2055              		.syntax unified
 2056              	@ 195 "Middlewares/Third_Party/FreeRTOS/Source/portable/GCC/ARM_CM4F/portmacro.h" 1
 2057 0020 4FF05003 			mov r3, #80												
 2058 0024 83F31188 		msr basepri, r3											
 2059 0028 BFF36F8F 		isb														
 2060 002c BFF34F8F 		dsb														
 2061              	
 2062              	@ 0 "" 2
 2063              	.LVL162:
 2064              		.thumb
 2065              		.syntax unified
 2066              	.L157:
 195:Middlewares/Third_Party/FreeRTOS/Source/portable/GCC/ARM_CM4F/portmacro.h **** 	(
 2067              		.loc 2 195 2 is_stmt 0 view .LVU592
 2068              	.LBE140:
 2069              	.LBE139:
1776:Middlewares/Third_Party/FreeRTOS/Source/tasks.c **** 
 2070              		.loc 1 1776 3 is_stmt 1 discriminator 1 view .LVU593
1776:Middlewares/Third_Party/FreeRTOS/Source/tasks.c **** 
 2071              		.loc 1 1776 3 discriminator 1 view .LVU594
 2072 0030 FEE7     		b	.L157
 2073              	.LVL163:
 2074              	.L163:
1786:Middlewares/Third_Party/FreeRTOS/Source/tasks.c **** 
 2075              		.loc 1 1786 31 view .LVU595
1790:Middlewares/Third_Party/FreeRTOS/Source/tasks.c **** 					prvAddTaskToReadyList( pxTCB );
 2076              		.loc 1 1790 6 view .LVU596
1790:Middlewares/Third_Party/FreeRTOS/Source/tasks.c **** 					prvAddTaskToReadyList( pxTCB );
 2077              		.loc 1 1790 15 is_stmt 0 view .LVU597
 2078 0032 251D     		adds	r5, r4, #4
 2079 0034 2846     		mov	r0, r5
 2080 0036 FFF7FEFF 		bl	uxListRemove
 2081              	.LVL164:
1791:Middlewares/Third_Party/FreeRTOS/Source/tasks.c **** 
 2082              		.loc 1 1791 6 is_stmt 1 view .LVU598
1791:Middlewares/Third_Party/FreeRTOS/Source/tasks.c **** 
 2083              		.loc 1 1791 6 view .LVU599
 2084 003a E06A     		ldr	r0, [r4, #44]
 2085 003c 104B     		ldr	r3, .L164+4
 2086 003e 1B68     		ldr	r3, [r3]
 2087 0040 9842     		cmp	r0, r3
 2088 0042 01D9     		bls	.L160
ARM GAS  C:\Users\31005\AppData\Local\Temp\ccNQ0Tdy.s 			page 138


1791:Middlewares/Third_Party/FreeRTOS/Source/tasks.c **** 
 2089              		.loc 1 1791 6 discriminator 1 view .LVU600
 2090 0044 0E4B     		ldr	r3, .L164+4
 2091 0046 1860     		str	r0, [r3]
 2092              	.L160:
1791:Middlewares/Third_Party/FreeRTOS/Source/tasks.c **** 
 2093              		.loc 1 1791 6 discriminator 3 view .LVU601
1791:Middlewares/Third_Party/FreeRTOS/Source/tasks.c **** 
 2094              		.loc 1 1791 6 discriminator 3 view .LVU602
 2095 0048 00EB8000 		add	r0, r0, r0, lsl #2
 2096 004c 2946     		mov	r1, r5
 2097 004e 0D4B     		ldr	r3, .L164+8
 2098 0050 03EB8000 		add	r0, r3, r0, lsl #2
 2099 0054 FFF7FEFF 		bl	vListInsertEnd
 2100              	.LVL165:
1791:Middlewares/Third_Party/FreeRTOS/Source/tasks.c **** 
 2101              		.loc 1 1791 36 discriminator 3 view .LVU603
1794:Middlewares/Third_Party/FreeRTOS/Source/tasks.c **** 					{
 2102              		.loc 1 1794 6 discriminator 3 view .LVU604
1794:Middlewares/Third_Party/FreeRTOS/Source/tasks.c **** 					{
 2103              		.loc 1 1794 15 is_stmt 0 discriminator 3 view .LVU605
 2104 0058 E26A     		ldr	r2, [r4, #44]
1794:Middlewares/Third_Party/FreeRTOS/Source/tasks.c **** 					{
 2105              		.loc 1 1794 43 discriminator 3 view .LVU606
 2106 005a 084B     		ldr	r3, .L164
 2107 005c 1B68     		ldr	r3, [r3]
 2108 005e DB6A     		ldr	r3, [r3, #44]
1794:Middlewares/Third_Party/FreeRTOS/Source/tasks.c **** 					{
 2109              		.loc 1 1794 8 discriminator 3 view .LVU607
 2110 0060 9A42     		cmp	r2, r3
 2111 0062 DAD3     		bcc	.L159
1799:Middlewares/Third_Party/FreeRTOS/Source/tasks.c **** 					}
 2112              		.loc 1 1799 7 is_stmt 1 view .LVU608
 2113 0064 4FF0E023 		mov	r3, #-536813568
 2114 0068 4FF08052 		mov	r2, #268435456
 2115 006c C3F8042D 		str	r2, [r3, #3332]
1799:Middlewares/Third_Party/FreeRTOS/Source/tasks.c **** 					}
 2116              		.loc 1 1799 7 view .LVU609
 2117              		.syntax unified
 2118              	@ 1799 "Middlewares/Third_Party/FreeRTOS/Source/tasks.c" 1
 2119 0070 BFF34F8F 		dsb
 2120              	@ 0 "" 2
1799:Middlewares/Third_Party/FreeRTOS/Source/tasks.c **** 					}
 2121              		.loc 1 1799 7 view .LVU610
 2122              	@ 1799 "Middlewares/Third_Party/FreeRTOS/Source/tasks.c" 1
 2123 0074 BFF36F8F 		isb
 2124              	@ 0 "" 2
1799:Middlewares/Third_Party/FreeRTOS/Source/tasks.c **** 					}
 2125              		.loc 1 1799 38 view .LVU611
 2126              		.thumb
 2127              		.syntax unified
 2128 0078 CFE7     		b	.L159
 2129              	.L165:
 2130 007a 00BF     		.align	2
 2131              	.L164:
 2132 007c 00000000 		.word	pxCurrentTCB
 2133 0080 00000000 		.word	uxTopReadyPriority
ARM GAS  C:\Users\31005\AppData\Local\Temp\ccNQ0Tdy.s 			page 139


 2134 0084 00000000 		.word	pxReadyTasksLists
 2135              		.cfi_endproc
 2136              	.LFE17:
 2138              		.section	.text.xTaskResumeFromISR,"ax",%progbits
 2139              		.align	1
 2140              		.global	xTaskResumeFromISR
 2141              		.syntax unified
 2142              		.thumb
 2143              		.thumb_func
 2145              	xTaskResumeFromISR:
 2146              	.LVL166:
 2147              	.LFB18:
1826:Middlewares/Third_Party/FreeRTOS/Source/tasks.c **** 	BaseType_t xYieldRequired = pdFALSE;
 2148              		.loc 1 1826 2 view -0
 2149              		.cfi_startproc
 2150              		@ args = 0, pretend = 0, frame = 0
 2151              		@ frame_needed = 0, uses_anonymous_args = 0
1826:Middlewares/Third_Party/FreeRTOS/Source/tasks.c **** 	BaseType_t xYieldRequired = pdFALSE;
 2152              		.loc 1 1826 2 is_stmt 0 view .LVU613
 2153 0000 F8B5     		push	{r3, r4, r5, r6, r7, lr}
 2154              	.LCFI20:
 2155              		.cfi_def_cfa_offset 24
 2156              		.cfi_offset 3, -24
 2157              		.cfi_offset 4, -20
 2158              		.cfi_offset 5, -16
 2159              		.cfi_offset 6, -12
 2160              		.cfi_offset 7, -8
 2161              		.cfi_offset 14, -4
1827:Middlewares/Third_Party/FreeRTOS/Source/tasks.c **** 	TCB_t * const pxTCB = ( TCB_t * ) xTaskToResume;
 2162              		.loc 1 1827 2 is_stmt 1 view .LVU614
 2163              	.LVL167:
1828:Middlewares/Third_Party/FreeRTOS/Source/tasks.c **** 	UBaseType_t uxSavedInterruptStatus;
 2164              		.loc 1 1828 2 view .LVU615
1829:Middlewares/Third_Party/FreeRTOS/Source/tasks.c **** 
 2165              		.loc 1 1829 2 view .LVU616
1831:Middlewares/Third_Party/FreeRTOS/Source/tasks.c **** 
 2166              		.loc 1 1831 3 view .LVU617
 2167 0002 0028     		cmp	r0, #0
 2168 0004 32D0     		beq	.L175
 2169 0006 0646     		mov	r6, r0
1831:Middlewares/Third_Party/FreeRTOS/Source/tasks.c **** 
 2170              		.loc 1 1831 32 discriminator 2 view .LVU618
1849:Middlewares/Third_Party/FreeRTOS/Source/tasks.c **** 
 2171              		.loc 1 1849 3 discriminator 2 view .LVU619
 2172 0008 FFF7FEFF 		bl	vPortValidateInterruptPriority
 2173              	.LVL168:
1851:Middlewares/Third_Party/FreeRTOS/Source/tasks.c **** 		{
 2174              		.loc 1 1851 3 discriminator 2 view .LVU620
 2175              	.LBB141:
 2176              	.LBI141:
 207:Middlewares/Third_Party/FreeRTOS/Source/portable/GCC/ARM_CM4F/portmacro.h **** {
 2177              		.loc 2 207 34 discriminator 2 view .LVU621
 2178              	.LBB142:
 209:Middlewares/Third_Party/FreeRTOS/Source/portable/GCC/ARM_CM4F/portmacro.h **** 
 2179              		.loc 2 209 1 discriminator 2 view .LVU622
 211:Middlewares/Third_Party/FreeRTOS/Source/portable/GCC/ARM_CM4F/portmacro.h **** 	(
 2180              		.loc 2 211 2 discriminator 2 view .LVU623
ARM GAS  C:\Users\31005\AppData\Local\Temp\ccNQ0Tdy.s 			page 140


 2181              		.syntax unified
 2182              	@ 211 "Middlewares/Third_Party/FreeRTOS/Source/portable/GCC/ARM_CM4F/portmacro.h" 1
 2183 000c EFF31184 			mrs r4, basepri											
 2184 0010 4FF05003 		mov r3, #80												
 2185 0014 83F31188 		msr basepri, r3											
 2186 0018 BFF36F8F 		isb														
 2187 001c BFF34F8F 		dsb														
 2188              	
 2189              	@ 0 "" 2
 2190              	.LVL169:
 223:Middlewares/Third_Party/FreeRTOS/Source/portable/GCC/ARM_CM4F/portmacro.h **** }
 2191              		.loc 2 223 2 discriminator 2 view .LVU624
 223:Middlewares/Third_Party/FreeRTOS/Source/portable/GCC/ARM_CM4F/portmacro.h **** }
 2192              		.loc 2 223 2 is_stmt 0 discriminator 2 view .LVU625
 2193              		.thumb
 2194              		.syntax unified
 2195              	.LBE142:
 2196              	.LBE141:
1853:Middlewares/Third_Party/FreeRTOS/Source/tasks.c **** 			{
 2197              		.loc 1 1853 4 is_stmt 1 discriminator 2 view .LVU626
1853:Middlewares/Third_Party/FreeRTOS/Source/tasks.c **** 			{
 2198              		.loc 1 1853 8 is_stmt 0 discriminator 2 view .LVU627
 2199 0020 3046     		mov	r0, r6
 2200 0022 FFF7FEFF 		bl	prvTaskIsTaskSuspended
 2201              	.LVL170:
1853:Middlewares/Third_Party/FreeRTOS/Source/tasks.c **** 			{
 2202              		.loc 1 1853 6 discriminator 2 view .LVU628
 2203 0026 0546     		mov	r5, r0
 2204 0028 E0B1     		cbz	r0, .L169
1855:Middlewares/Third_Party/FreeRTOS/Source/tasks.c **** 
 2205              		.loc 1 1855 39 is_stmt 1 view .LVU629
1858:Middlewares/Third_Party/FreeRTOS/Source/tasks.c **** 				{
 2206              		.loc 1 1858 5 view .LVU630
1858:Middlewares/Third_Party/FreeRTOS/Source/tasks.c **** 				{
 2207              		.loc 1 1858 30 is_stmt 0 view .LVU631
 2208 002a 194B     		ldr	r3, .L176
 2209 002c 1B68     		ldr	r3, [r3]
1858:Middlewares/Third_Party/FreeRTOS/Source/tasks.c **** 				{
 2210              		.loc 1 1858 7 view .LVU632
 2211 002e 43BB     		cbnz	r3, .L170
1862:Middlewares/Third_Party/FreeRTOS/Source/tasks.c **** 					{
 2212              		.loc 1 1862 6 is_stmt 1 view .LVU633
1862:Middlewares/Third_Party/FreeRTOS/Source/tasks.c **** 					{
 2213              		.loc 1 1862 15 is_stmt 0 view .LVU634
 2214 0030 F26A     		ldr	r2, [r6, #44]
1862:Middlewares/Third_Party/FreeRTOS/Source/tasks.c **** 					{
 2215              		.loc 1 1862 43 view .LVU635
 2216 0032 184B     		ldr	r3, .L176+4
 2217 0034 1B68     		ldr	r3, [r3]
 2218 0036 DB6A     		ldr	r3, [r3, #44]
1862:Middlewares/Third_Party/FreeRTOS/Source/tasks.c **** 					{
 2219              		.loc 1 1862 8 view .LVU636
 2220 0038 9A42     		cmp	r2, r3
 2221 003a 20D2     		bcs	.L173
1827:Middlewares/Third_Party/FreeRTOS/Source/tasks.c **** 	TCB_t * const pxTCB = ( TCB_t * ) xTaskToResume;
 2222              		.loc 1 1827 13 view .LVU637
 2223 003c 0025     		movs	r5, #0
ARM GAS  C:\Users\31005\AppData\Local\Temp\ccNQ0Tdy.s 			page 141


 2224              	.L171:
 2225              	.LVL171:
1868:Middlewares/Third_Party/FreeRTOS/Source/tasks.c **** 					}
 2226              		.loc 1 1868 31 is_stmt 1 view .LVU638
1871:Middlewares/Third_Party/FreeRTOS/Source/tasks.c **** 					prvAddTaskToReadyList( pxTCB );
 2227              		.loc 1 1871 6 view .LVU639
1871:Middlewares/Third_Party/FreeRTOS/Source/tasks.c **** 					prvAddTaskToReadyList( pxTCB );
 2228              		.loc 1 1871 15 is_stmt 0 view .LVU640
 2229 003e 371D     		adds	r7, r6, #4
 2230 0040 3846     		mov	r0, r7
 2231 0042 FFF7FEFF 		bl	uxListRemove
 2232              	.LVL172:
1872:Middlewares/Third_Party/FreeRTOS/Source/tasks.c **** 				}
 2233              		.loc 1 1872 6 is_stmt 1 view .LVU641
1872:Middlewares/Third_Party/FreeRTOS/Source/tasks.c **** 				}
 2234              		.loc 1 1872 6 view .LVU642
 2235 0046 F06A     		ldr	r0, [r6, #44]
 2236 0048 134B     		ldr	r3, .L176+8
 2237 004a 1B68     		ldr	r3, [r3]
 2238 004c 9842     		cmp	r0, r3
 2239 004e 01D9     		bls	.L172
1872:Middlewares/Third_Party/FreeRTOS/Source/tasks.c **** 				}
 2240              		.loc 1 1872 6 discriminator 1 view .LVU643
 2241 0050 114B     		ldr	r3, .L176+8
 2242 0052 1860     		str	r0, [r3]
 2243              	.L172:
1872:Middlewares/Third_Party/FreeRTOS/Source/tasks.c **** 				}
 2244              		.loc 1 1872 6 discriminator 3 view .LVU644
1872:Middlewares/Third_Party/FreeRTOS/Source/tasks.c **** 				}
 2245              		.loc 1 1872 6 discriminator 3 view .LVU645
 2246 0054 00EB8000 		add	r0, r0, r0, lsl #2
 2247 0058 3946     		mov	r1, r7
 2248 005a 104B     		ldr	r3, .L176+12
 2249 005c 03EB8000 		add	r0, r3, r0, lsl #2
 2250 0060 FFF7FEFF 		bl	vListInsertEnd
 2251              	.LVL173:
1872:Middlewares/Third_Party/FreeRTOS/Source/tasks.c **** 				}
 2252              		.loc 1 1872 36 discriminator 3 view .LVU646
 2253              	.L169:
1884:Middlewares/Third_Party/FreeRTOS/Source/tasks.c **** 			}
 2254              		.loc 1 1884 29 view .LVU647
1887:Middlewares/Third_Party/FreeRTOS/Source/tasks.c **** 
 2255              		.loc 1 1887 3 view .LVU648
 2256              	.LBB143:
 2257              	.LBI143:
 227:Middlewares/Third_Party/FreeRTOS/Source/portable/GCC/ARM_CM4F/portmacro.h **** {
 2258              		.loc 2 227 30 view .LVU649
 2259              	.LBB144:
 2260              		.loc 2 229 2 view .LVU650
 2261              		.syntax unified
 2262              	@ 229 "Middlewares/Third_Party/FreeRTOS/Source/portable/GCC/ARM_CM4F/portmacro.h" 1
 2263 0064 84F31188 			msr basepri, r4	
 2264              	@ 0 "" 2
 2265              		.thumb
 2266              		.syntax unified
 2267              	.LBE144:
 2268              	.LBE143:
ARM GAS  C:\Users\31005\AppData\Local\Temp\ccNQ0Tdy.s 			page 142


1889:Middlewares/Third_Party/FreeRTOS/Source/tasks.c **** 	}
 2269              		.loc 1 1889 3 view .LVU651
1890:Middlewares/Third_Party/FreeRTOS/Source/tasks.c **** 
 2270              		.loc 1 1890 2 is_stmt 0 view .LVU652
 2271 0068 2846     		mov	r0, r5
 2272 006a F8BD     		pop	{r3, r4, r5, r6, r7, pc}
 2273              	.LVL174:
 2274              	.L175:
1831:Middlewares/Third_Party/FreeRTOS/Source/tasks.c **** 
 2275              		.loc 1 1831 3 is_stmt 1 view .LVU653
 2276              	.LBB145:
 2277              	.LBI145:
 191:Middlewares/Third_Party/FreeRTOS/Source/portable/GCC/ARM_CM4F/portmacro.h **** {
 2278              		.loc 2 191 30 view .LVU654
 2279              	.LBB146:
 193:Middlewares/Third_Party/FreeRTOS/Source/portable/GCC/ARM_CM4F/portmacro.h **** 
 2280              		.loc 2 193 1 view .LVU655
 195:Middlewares/Third_Party/FreeRTOS/Source/portable/GCC/ARM_CM4F/portmacro.h **** 	(
 2281              		.loc 2 195 2 view .LVU656
 2282              		.syntax unified
 2283              	@ 195 "Middlewares/Third_Party/FreeRTOS/Source/portable/GCC/ARM_CM4F/portmacro.h" 1
 2284 006c 4FF05003 			mov r3, #80												
 2285 0070 83F31188 		msr basepri, r3											
 2286 0074 BFF36F8F 		isb														
 2287 0078 BFF34F8F 		dsb														
 2288              	
 2289              	@ 0 "" 2
 2290              	.LVL175:
 2291              		.thumb
 2292              		.syntax unified
 2293              	.L168:
 195:Middlewares/Third_Party/FreeRTOS/Source/portable/GCC/ARM_CM4F/portmacro.h **** 	(
 2294              		.loc 2 195 2 is_stmt 0 view .LVU657
 2295              	.LBE146:
 2296              	.LBE145:
1831:Middlewares/Third_Party/FreeRTOS/Source/tasks.c **** 
 2297              		.loc 1 1831 3 is_stmt 1 discriminator 1 view .LVU658
1831:Middlewares/Third_Party/FreeRTOS/Source/tasks.c **** 
 2298              		.loc 1 1831 3 discriminator 1 view .LVU659
 2299 007c FEE7     		b	.L168
 2300              	.LVL176:
 2301              	.L173:
1864:Middlewares/Third_Party/FreeRTOS/Source/tasks.c **** 					}
 2302              		.loc 1 1864 22 is_stmt 0 view .LVU660
 2303 007e 0125     		movs	r5, #1
 2304 0080 DDE7     		b	.L171
 2305              	.L170:
1879:Middlewares/Third_Party/FreeRTOS/Source/tasks.c **** 				}
 2306              		.loc 1 1879 6 is_stmt 1 view .LVU661
 2307 0082 06F11801 		add	r1, r6, #24
 2308 0086 0648     		ldr	r0, .L176+16
 2309 0088 FFF7FEFF 		bl	vListInsertEnd
 2310              	.LVL177:
1827:Middlewares/Third_Party/FreeRTOS/Source/tasks.c **** 	TCB_t * const pxTCB = ( TCB_t * ) xTaskToResume;
 2311              		.loc 1 1827 13 is_stmt 0 view .LVU662
 2312 008c 0025     		movs	r5, #0
 2313 008e E9E7     		b	.L169
ARM GAS  C:\Users\31005\AppData\Local\Temp\ccNQ0Tdy.s 			page 143


 2314              	.L177:
 2315              		.align	2
 2316              	.L176:
 2317 0090 00000000 		.word	uxSchedulerSuspended
 2318 0094 00000000 		.word	pxCurrentTCB
 2319 0098 00000000 		.word	uxTopReadyPriority
 2320 009c 00000000 		.word	pxReadyTasksLists
 2321 00a0 00000000 		.word	xPendingReadyList
 2322              		.cfi_endproc
 2323              	.LFE18:
 2325              		.section	.rodata.vTaskStartScheduler.str1.4,"aMS",%progbits,1
 2326              		.align	2
 2327              	.LC0:
 2328 0000 49444C45 		.ascii	"IDLE\000"
 2328      00
 2329              		.section	.text.vTaskStartScheduler,"ax",%progbits
 2330              		.align	1
 2331              		.global	vTaskStartScheduler
 2332              		.syntax unified
 2333              		.thumb
 2334              		.thumb_func
 2336              	vTaskStartScheduler:
 2337              	.LFB19:
1896:Middlewares/Third_Party/FreeRTOS/Source/tasks.c **** BaseType_t xReturn;
 2338              		.loc 1 1896 1 is_stmt 1 view -0
 2339              		.cfi_startproc
 2340              		@ args = 0, pretend = 0, frame = 16
 2341              		@ frame_needed = 0, uses_anonymous_args = 0
 2342 0000 10B5     		push	{r4, lr}
 2343              	.LCFI21:
 2344              		.cfi_def_cfa_offset 8
 2345              		.cfi_offset 4, -8
 2346              		.cfi_offset 14, -4
 2347 0002 88B0     		sub	sp, sp, #32
 2348              	.LCFI22:
 2349              		.cfi_def_cfa_offset 40
1897:Middlewares/Third_Party/FreeRTOS/Source/tasks.c **** 
 2350              		.loc 1 1897 1 view .LVU664
 2351              	.LBB147:
1902:Middlewares/Third_Party/FreeRTOS/Source/tasks.c **** 		StackType_t *pxIdleTaskStackBuffer = NULL;
 2352              		.loc 1 1902 3 view .LVU665
1902:Middlewares/Third_Party/FreeRTOS/Source/tasks.c **** 		StackType_t *pxIdleTaskStackBuffer = NULL;
 2353              		.loc 1 1902 17 is_stmt 0 view .LVU666
 2354 0004 0024     		movs	r4, #0
 2355 0006 0594     		str	r4, [sp, #20]
1903:Middlewares/Third_Party/FreeRTOS/Source/tasks.c **** 		uint32_t ulIdleTaskStackSize;
 2356              		.loc 1 1903 3 is_stmt 1 view .LVU667
1903:Middlewares/Third_Party/FreeRTOS/Source/tasks.c **** 		uint32_t ulIdleTaskStackSize;
 2357              		.loc 1 1903 16 is_stmt 0 view .LVU668
 2358 0008 0694     		str	r4, [sp, #24]
1904:Middlewares/Third_Party/FreeRTOS/Source/tasks.c **** 
 2359              		.loc 1 1904 3 is_stmt 1 view .LVU669
1908:Middlewares/Third_Party/FreeRTOS/Source/tasks.c **** 		xIdleTaskHandle = xTaskCreateStatic(	prvIdleTask,
 2360              		.loc 1 1908 3 view .LVU670
 2361 000a 07AA     		add	r2, sp, #28
 2362 000c 06A9     		add	r1, sp, #24
 2363 000e 05A8     		add	r0, sp, #20
ARM GAS  C:\Users\31005\AppData\Local\Temp\ccNQ0Tdy.s 			page 144


 2364 0010 FFF7FEFF 		bl	vApplicationGetIdleTaskMemory
 2365              	.LVL178:
1909:Middlewares/Third_Party/FreeRTOS/Source/tasks.c **** 												configIDLE_TASK_NAME,
 2366              		.loc 1 1909 3 view .LVU671
1909:Middlewares/Third_Party/FreeRTOS/Source/tasks.c **** 												configIDLE_TASK_NAME,
 2367              		.loc 1 1909 21 is_stmt 0 view .LVU672
 2368 0014 059B     		ldr	r3, [sp, #20]
 2369 0016 0293     		str	r3, [sp, #8]
 2370 0018 069B     		ldr	r3, [sp, #24]
 2371 001a 0193     		str	r3, [sp, #4]
 2372 001c 0094     		str	r4, [sp]
 2373 001e 2346     		mov	r3, r4
 2374 0020 079A     		ldr	r2, [sp, #28]
 2375 0022 1749     		ldr	r1, .L186
 2376 0024 1748     		ldr	r0, .L186+4
 2377 0026 FFF7FEFF 		bl	xTaskCreateStatic
 2378              	.LVL179:
1909:Middlewares/Third_Party/FreeRTOS/Source/tasks.c **** 												configIDLE_TASK_NAME,
 2379              		.loc 1 1909 19 view .LVU673
 2380 002a 174B     		ldr	r3, .L186+8
 2381 002c 1860     		str	r0, [r3]
1917:Middlewares/Third_Party/FreeRTOS/Source/tasks.c **** 		{
 2382              		.loc 1 1917 3 is_stmt 1 view .LVU674
1917:Middlewares/Third_Party/FreeRTOS/Source/tasks.c **** 		{
 2383              		.loc 1 1917 5 is_stmt 0 view .LVU675
 2384 002e C0B1     		cbz	r0, .L179
 2385              	.LVL180:
1917:Middlewares/Third_Party/FreeRTOS/Source/tasks.c **** 		{
 2386              		.loc 1 1917 5 view .LVU676
 2387              	.LBE147:
1940:Middlewares/Third_Party/FreeRTOS/Source/tasks.c **** 		{
 2388              		.loc 1 1940 3 is_stmt 1 view .LVU677
1942:Middlewares/Third_Party/FreeRTOS/Source/tasks.c **** 		}
 2389              		.loc 1 1942 4 view .LVU678
1942:Middlewares/Third_Party/FreeRTOS/Source/tasks.c **** 		}
 2390              		.loc 1 1942 14 is_stmt 0 view .LVU679
 2391 0030 FFF7FEFF 		bl	xTimerCreateTimerTask
 2392              	.LVL181:
1946:Middlewares/Third_Party/FreeRTOS/Source/tasks.c **** 		}
 2393              		.loc 1 1946 28 is_stmt 1 view .LVU680
1951:Middlewares/Third_Party/FreeRTOS/Source/tasks.c **** 	{
 2394              		.loc 1 1951 2 view .LVU681
1951:Middlewares/Third_Party/FreeRTOS/Source/tasks.c **** 	{
 2395              		.loc 1 1951 4 is_stmt 0 view .LVU682
 2396 0034 0128     		cmp	r0, #1
 2397 0036 15D1     		bne	.L181
1967:Middlewares/Third_Party/FreeRTOS/Source/tasks.c **** 
 2398              		.loc 1 1967 3 is_stmt 1 view .LVU683
 2399              	.LBB148:
 2400              	.LBI148:
 191:Middlewares/Third_Party/FreeRTOS/Source/portable/GCC/ARM_CM4F/portmacro.h **** {
 2401              		.loc 2 191 30 view .LVU684
 2402              	.LBB149:
 193:Middlewares/Third_Party/FreeRTOS/Source/portable/GCC/ARM_CM4F/portmacro.h **** 
 2403              		.loc 2 193 1 view .LVU685
 195:Middlewares/Third_Party/FreeRTOS/Source/portable/GCC/ARM_CM4F/portmacro.h **** 	(
 2404              		.loc 2 195 2 view .LVU686
ARM GAS  C:\Users\31005\AppData\Local\Temp\ccNQ0Tdy.s 			page 145


 2405              		.syntax unified
 2406              	@ 195 "Middlewares/Third_Party/FreeRTOS/Source/portable/GCC/ARM_CM4F/portmacro.h" 1
 2407 0038 4FF05003 			mov r3, #80												
 2408 003c 83F31188 		msr basepri, r3											
 2409 0040 BFF36F8F 		isb														
 2410 0044 BFF34F8F 		dsb														
 2411              	
 2412              	@ 0 "" 2
 2413              		.thumb
 2414              		.syntax unified
 2415              	.LBE149:
 2416              	.LBE148:
1977:Middlewares/Third_Party/FreeRTOS/Source/tasks.c **** 		xSchedulerRunning = pdTRUE;
 2417              		.loc 1 1977 3 view .LVU687
1977:Middlewares/Third_Party/FreeRTOS/Source/tasks.c **** 		xSchedulerRunning = pdTRUE;
 2418              		.loc 1 1977 24 is_stmt 0 view .LVU688
 2419 0048 104B     		ldr	r3, .L186+12
 2420 004a 4FF0FF32 		mov	r2, #-1
 2421 004e 1A60     		str	r2, [r3]
1978:Middlewares/Third_Party/FreeRTOS/Source/tasks.c **** 		xTickCount = ( TickType_t ) 0U;
 2422              		.loc 1 1978 3 is_stmt 1 view .LVU689
1978:Middlewares/Third_Party/FreeRTOS/Source/tasks.c **** 		xTickCount = ( TickType_t ) 0U;
 2423              		.loc 1 1978 21 is_stmt 0 view .LVU690
 2424 0050 0F4B     		ldr	r3, .L186+16
 2425 0052 0122     		movs	r2, #1
 2426 0054 1A60     		str	r2, [r3]
1979:Middlewares/Third_Party/FreeRTOS/Source/tasks.c **** 
 2427              		.loc 1 1979 3 is_stmt 1 view .LVU691
1979:Middlewares/Third_Party/FreeRTOS/Source/tasks.c **** 
 2428              		.loc 1 1979 14 is_stmt 0 view .LVU692
 2429 0056 0F4B     		ldr	r3, .L186+20
 2430 0058 0022     		movs	r2, #0
 2431 005a 1A60     		str	r2, [r3]
1987:Middlewares/Third_Party/FreeRTOS/Source/tasks.c **** 
 2432              		.loc 1 1987 43 is_stmt 1 view .LVU693
1991:Middlewares/Third_Party/FreeRTOS/Source/tasks.c **** 		{
 2433              		.loc 1 1991 3 view .LVU694
1991:Middlewares/Third_Party/FreeRTOS/Source/tasks.c **** 		{
 2434              		.loc 1 1991 7 is_stmt 0 view .LVU695
 2435 005c FFF7FEFF 		bl	xPortStartScheduler
 2436              	.LVL182:
1991:Middlewares/Third_Party/FreeRTOS/Source/tasks.c **** 		{
 2437              		.loc 1 1991 7 view .LVU696
 2438 0060 03E0     		b	.L178
 2439              	.LVL183:
 2440              	.L179:
 2441              	.LBB150:
1923:Middlewares/Third_Party/FreeRTOS/Source/tasks.c **** 		}
 2442              		.loc 1 1923 4 is_stmt 1 view .LVU697
1923:Middlewares/Third_Party/FreeRTOS/Source/tasks.c **** 		}
 2443              		.loc 1 1923 4 is_stmt 0 view .LVU698
 2444              	.LBE150:
1940:Middlewares/Third_Party/FreeRTOS/Source/tasks.c **** 		{
 2445              		.loc 1 1940 3 is_stmt 1 view .LVU699
1946:Middlewares/Third_Party/FreeRTOS/Source/tasks.c **** 		}
 2446              		.loc 1 1946 28 view .LVU700
1951:Middlewares/Third_Party/FreeRTOS/Source/tasks.c **** 	{
ARM GAS  C:\Users\31005\AppData\Local\Temp\ccNQ0Tdy.s 			page 146


 2447              		.loc 1 1951 2 view .LVU701
 2448              	.LBB151:
1923:Middlewares/Third_Party/FreeRTOS/Source/tasks.c **** 		}
 2449              		.loc 1 1923 12 is_stmt 0 view .LVU702
 2450 0062 0020     		movs	r0, #0
 2451              	.LVL184:
 2452              	.L181:
1923:Middlewares/Third_Party/FreeRTOS/Source/tasks.c **** 		}
 2453              		.loc 1 1923 12 view .LVU703
 2454              	.LBE151:
2006:Middlewares/Third_Party/FreeRTOS/Source/tasks.c **** 	}
 2455              		.loc 1 2006 3 is_stmt 1 view .LVU704
 2456 0064 B0F1FF3F 		cmp	r0, #-1
 2457 0068 01D0     		beq	.L185
 2458              	.L178:
2012:Middlewares/Third_Party/FreeRTOS/Source/tasks.c **** /*-----------------------------------------------------------*/
 2459              		.loc 1 2012 1 is_stmt 0 view .LVU705
 2460 006a 08B0     		add	sp, sp, #32
 2461              	.LCFI23:
 2462              		.cfi_remember_state
 2463              		.cfi_def_cfa_offset 8
 2464              		@ sp needed
 2465 006c 10BD     		pop	{r4, pc}
 2466              	.L185:
 2467              	.LCFI24:
 2468              		.cfi_restore_state
2006:Middlewares/Third_Party/FreeRTOS/Source/tasks.c **** 	}
 2469              		.loc 1 2006 3 is_stmt 1 view .LVU706
 2470              	.LBB152:
 2471              	.LBI152:
 191:Middlewares/Third_Party/FreeRTOS/Source/portable/GCC/ARM_CM4F/portmacro.h **** {
 2472              		.loc 2 191 30 view .LVU707
 2473              	.LBB153:
 193:Middlewares/Third_Party/FreeRTOS/Source/portable/GCC/ARM_CM4F/portmacro.h **** 
 2474              		.loc 2 193 1 view .LVU708
 195:Middlewares/Third_Party/FreeRTOS/Source/portable/GCC/ARM_CM4F/portmacro.h **** 	(
 2475              		.loc 2 195 2 view .LVU709
 2476              		.syntax unified
 2477              	@ 195 "Middlewares/Third_Party/FreeRTOS/Source/portable/GCC/ARM_CM4F/portmacro.h" 1
 2478 006e 4FF05003 			mov r3, #80												
 2479 0072 83F31188 		msr basepri, r3											
 2480 0076 BFF36F8F 		isb														
 2481 007a BFF34F8F 		dsb														
 2482              	
 2483              	@ 0 "" 2
 2484              	.LVL185:
 2485              		.thumb
 2486              		.syntax unified
 2487              	.L183:
 195:Middlewares/Third_Party/FreeRTOS/Source/portable/GCC/ARM_CM4F/portmacro.h **** 	(
 2488              		.loc 2 195 2 is_stmt 0 view .LVU710
 2489              	.LBE153:
 2490              	.LBE152:
2006:Middlewares/Third_Party/FreeRTOS/Source/tasks.c **** 	}
 2491              		.loc 1 2006 3 is_stmt 1 discriminator 2 view .LVU711
2006:Middlewares/Third_Party/FreeRTOS/Source/tasks.c **** 	}
 2492              		.loc 1 2006 3 discriminator 2 view .LVU712
ARM GAS  C:\Users\31005\AppData\Local\Temp\ccNQ0Tdy.s 			page 147


 2493 007e FEE7     		b	.L183
 2494              	.L187:
 2495              		.align	2
 2496              	.L186:
 2497 0080 00000000 		.word	.LC0
 2498 0084 00000000 		.word	prvIdleTask
 2499 0088 00000000 		.word	xIdleTaskHandle
 2500 008c 00000000 		.word	xNextTaskUnblockTime
 2501 0090 00000000 		.word	xSchedulerRunning
 2502 0094 00000000 		.word	xTickCount
 2503              		.cfi_endproc
 2504              	.LFE19:
 2506              		.section	.text.vTaskEndScheduler,"ax",%progbits
 2507              		.align	1
 2508              		.global	vTaskEndScheduler
 2509              		.syntax unified
 2510              		.thumb
 2511              		.thumb_func
 2513              	vTaskEndScheduler:
 2514              	.LFB20:
2016:Middlewares/Third_Party/FreeRTOS/Source/tasks.c **** 	/* Stop the scheduler interrupts and call the portable scheduler end
 2515              		.loc 1 2016 1 view -0
 2516              		.cfi_startproc
 2517              		@ args = 0, pretend = 0, frame = 0
 2518              		@ frame_needed = 0, uses_anonymous_args = 0
 2519 0000 08B5     		push	{r3, lr}
 2520              	.LCFI25:
 2521              		.cfi_def_cfa_offset 8
 2522              		.cfi_offset 3, -8
 2523              		.cfi_offset 14, -4
2020:Middlewares/Third_Party/FreeRTOS/Source/tasks.c **** 	xSchedulerRunning = pdFALSE;
 2524              		.loc 1 2020 2 view .LVU714
 2525              	.LBB154:
 2526              	.LBI154:
 191:Middlewares/Third_Party/FreeRTOS/Source/portable/GCC/ARM_CM4F/portmacro.h **** {
 2527              		.loc 2 191 30 view .LVU715
 2528              	.LBB155:
 193:Middlewares/Third_Party/FreeRTOS/Source/portable/GCC/ARM_CM4F/portmacro.h **** 
 2529              		.loc 2 193 1 view .LVU716
 195:Middlewares/Third_Party/FreeRTOS/Source/portable/GCC/ARM_CM4F/portmacro.h **** 	(
 2530              		.loc 2 195 2 view .LVU717
 2531              		.syntax unified
 2532              	@ 195 "Middlewares/Third_Party/FreeRTOS/Source/portable/GCC/ARM_CM4F/portmacro.h" 1
 2533 0002 4FF05003 			mov r3, #80												
 2534 0006 83F31188 		msr basepri, r3											
 2535 000a BFF36F8F 		isb														
 2536 000e BFF34F8F 		dsb														
 2537              	
 2538              	@ 0 "" 2
 2539              		.thumb
 2540              		.syntax unified
 2541              	.LBE155:
 2542              	.LBE154:
2021:Middlewares/Third_Party/FreeRTOS/Source/tasks.c **** 	vPortEndScheduler();
 2543              		.loc 1 2021 2 view .LVU718
2021:Middlewares/Third_Party/FreeRTOS/Source/tasks.c **** 	vPortEndScheduler();
 2544              		.loc 1 2021 20 is_stmt 0 view .LVU719
ARM GAS  C:\Users\31005\AppData\Local\Temp\ccNQ0Tdy.s 			page 148


 2545 0012 034B     		ldr	r3, .L190
 2546 0014 0022     		movs	r2, #0
 2547 0016 1A60     		str	r2, [r3]
2022:Middlewares/Third_Party/FreeRTOS/Source/tasks.c **** }
 2548              		.loc 1 2022 2 is_stmt 1 view .LVU720
 2549 0018 FFF7FEFF 		bl	vPortEndScheduler
 2550              	.LVL186:
2023:Middlewares/Third_Party/FreeRTOS/Source/tasks.c **** /*----------------------------------------------------------*/
 2551              		.loc 1 2023 1 is_stmt 0 view .LVU721
 2552 001c 08BD     		pop	{r3, pc}
 2553              	.L191:
 2554 001e 00BF     		.align	2
 2555              	.L190:
 2556 0020 00000000 		.word	xSchedulerRunning
 2557              		.cfi_endproc
 2558              	.LFE20:
 2560              		.section	.text.vTaskSuspendAll,"ax",%progbits
 2561              		.align	1
 2562              		.global	vTaskSuspendAll
 2563              		.syntax unified
 2564              		.thumb
 2565              		.thumb_func
 2567              	vTaskSuspendAll:
 2568              	.LFB21:
2027:Middlewares/Third_Party/FreeRTOS/Source/tasks.c **** 	/* A critical section is not required as the variable is of type
 2569              		.loc 1 2027 1 is_stmt 1 view -0
 2570              		.cfi_startproc
 2571              		@ args = 0, pretend = 0, frame = 0
 2572              		@ frame_needed = 0, uses_anonymous_args = 0
 2573              		@ link register save eliminated.
2032:Middlewares/Third_Party/FreeRTOS/Source/tasks.c **** }
 2574              		.loc 1 2032 2 view .LVU723
 2575 0000 024A     		ldr	r2, .L193
 2576 0002 1368     		ldr	r3, [r2]
 2577 0004 0133     		adds	r3, r3, #1
 2578 0006 1360     		str	r3, [r2]
2033:Middlewares/Third_Party/FreeRTOS/Source/tasks.c **** /*----------------------------------------------------------*/
 2579              		.loc 1 2033 1 is_stmt 0 view .LVU724
 2580 0008 7047     		bx	lr
 2581              	.L194:
 2582 000a 00BF     		.align	2
 2583              	.L193:
 2584 000c 00000000 		.word	uxSchedulerSuspended
 2585              		.cfi_endproc
 2586              	.LFE21:
 2588              		.section	.text.xTaskGetTickCount,"ax",%progbits
 2589              		.align	1
 2590              		.global	xTaskGetTickCount
 2591              		.syntax unified
 2592              		.thumb
 2593              		.thumb_func
 2595              	xTaskGetTickCount:
 2596              	.LFB23:
2210:Middlewares/Third_Party/FreeRTOS/Source/tasks.c **** TickType_t xTicks;
 2597              		.loc 1 2210 1 is_stmt 1 view -0
 2598              		.cfi_startproc
 2599              		@ args = 0, pretend = 0, frame = 0
ARM GAS  C:\Users\31005\AppData\Local\Temp\ccNQ0Tdy.s 			page 149


 2600              		@ frame_needed = 0, uses_anonymous_args = 0
 2601              		@ link register save eliminated.
2211:Middlewares/Third_Party/FreeRTOS/Source/tasks.c **** 
 2602              		.loc 1 2211 1 view .LVU726
2214:Middlewares/Third_Party/FreeRTOS/Source/tasks.c **** 	{
 2603              		.loc 1 2214 32 view .LVU727
2216:Middlewares/Third_Party/FreeRTOS/Source/tasks.c **** 	}
 2604              		.loc 1 2216 3 view .LVU728
2216:Middlewares/Third_Party/FreeRTOS/Source/tasks.c **** 	}
 2605              		.loc 1 2216 10 is_stmt 0 view .LVU729
 2606 0000 014B     		ldr	r3, .L196
 2607 0002 1868     		ldr	r0, [r3]
 2608              	.LVL187:
2218:Middlewares/Third_Party/FreeRTOS/Source/tasks.c **** 
 2609              		.loc 1 2218 31 is_stmt 1 view .LVU730
2220:Middlewares/Third_Party/FreeRTOS/Source/tasks.c **** }
 2610              		.loc 1 2220 2 view .LVU731
2221:Middlewares/Third_Party/FreeRTOS/Source/tasks.c **** /*-----------------------------------------------------------*/
 2611              		.loc 1 2221 1 is_stmt 0 view .LVU732
 2612 0004 7047     		bx	lr
 2613              	.L197:
 2614 0006 00BF     		.align	2
 2615              	.L196:
 2616 0008 00000000 		.word	xTickCount
 2617              		.cfi_endproc
 2618              	.LFE23:
 2620              		.section	.text.xTaskGetTickCountFromISR,"ax",%progbits
 2621              		.align	1
 2622              		.global	xTaskGetTickCountFromISR
 2623              		.syntax unified
 2624              		.thumb
 2625              		.thumb_func
 2627              	xTaskGetTickCountFromISR:
 2628              	.LFB24:
2225:Middlewares/Third_Party/FreeRTOS/Source/tasks.c **** TickType_t xReturn;
 2629              		.loc 1 2225 1 is_stmt 1 view -0
 2630              		.cfi_startproc
 2631              		@ args = 0, pretend = 0, frame = 0
 2632              		@ frame_needed = 0, uses_anonymous_args = 0
 2633 0000 08B5     		push	{r3, lr}
 2634              	.LCFI26:
 2635              		.cfi_def_cfa_offset 8
 2636              		.cfi_offset 3, -8
 2637              		.cfi_offset 14, -4
2226:Middlewares/Third_Party/FreeRTOS/Source/tasks.c **** UBaseType_t uxSavedInterruptStatus;
 2638              		.loc 1 2226 1 view .LVU734
2227:Middlewares/Third_Party/FreeRTOS/Source/tasks.c **** 
 2639              		.loc 1 2227 1 view .LVU735
2243:Middlewares/Third_Party/FreeRTOS/Source/tasks.c **** 
 2640              		.loc 1 2243 2 view .LVU736
 2641 0002 FFF7FEFF 		bl	vPortValidateInterruptPriority
 2642              	.LVL188:
2245:Middlewares/Third_Party/FreeRTOS/Source/tasks.c **** 	{
 2643              		.loc 1 2245 2 view .LVU737
2247:Middlewares/Third_Party/FreeRTOS/Source/tasks.c **** 	}
 2644              		.loc 1 2247 3 view .LVU738
2247:Middlewares/Third_Party/FreeRTOS/Source/tasks.c **** 	}
ARM GAS  C:\Users\31005\AppData\Local\Temp\ccNQ0Tdy.s 			page 150


 2645              		.loc 1 2247 11 is_stmt 0 view .LVU739
 2646 0006 014B     		ldr	r3, .L200
 2647 0008 1868     		ldr	r0, [r3]
 2648              	.LVL189:
2249:Middlewares/Third_Party/FreeRTOS/Source/tasks.c **** 
 2649              		.loc 1 2249 2 is_stmt 1 view .LVU740
2251:Middlewares/Third_Party/FreeRTOS/Source/tasks.c **** }
 2650              		.loc 1 2251 2 view .LVU741
2252:Middlewares/Third_Party/FreeRTOS/Source/tasks.c **** /*-----------------------------------------------------------*/
 2651              		.loc 1 2252 1 is_stmt 0 view .LVU742
 2652 000a 08BD     		pop	{r3, pc}
 2653              	.L201:
 2654              		.align	2
 2655              	.L200:
 2656 000c 00000000 		.word	xTickCount
 2657              		.cfi_endproc
 2658              	.LFE24:
 2660              		.section	.text.uxTaskGetNumberOfTasks,"ax",%progbits
 2661              		.align	1
 2662              		.global	uxTaskGetNumberOfTasks
 2663              		.syntax unified
 2664              		.thumb
 2665              		.thumb_func
 2667              	uxTaskGetNumberOfTasks:
 2668              	.LFB25:
2256:Middlewares/Third_Party/FreeRTOS/Source/tasks.c **** 	/* A critical section is not required because the variables are of type
 2669              		.loc 1 2256 1 is_stmt 1 view -0
 2670              		.cfi_startproc
 2671              		@ args = 0, pretend = 0, frame = 0
 2672              		@ frame_needed = 0, uses_anonymous_args = 0
 2673              		@ link register save eliminated.
2259:Middlewares/Third_Party/FreeRTOS/Source/tasks.c **** }
 2674              		.loc 1 2259 2 view .LVU744
2259:Middlewares/Third_Party/FreeRTOS/Source/tasks.c **** }
 2675              		.loc 1 2259 9 is_stmt 0 view .LVU745
 2676 0000 014B     		ldr	r3, .L203
 2677 0002 1868     		ldr	r0, [r3]
2260:Middlewares/Third_Party/FreeRTOS/Source/tasks.c **** /*-----------------------------------------------------------*/
 2678              		.loc 1 2260 1 view .LVU746
 2679 0004 7047     		bx	lr
 2680              	.L204:
 2681 0006 00BF     		.align	2
 2682              	.L203:
 2683 0008 00000000 		.word	uxCurrentNumberOfTasks
 2684              		.cfi_endproc
 2685              	.LFE25:
 2687              		.section	.text.pcTaskGetName,"ax",%progbits
 2688              		.align	1
 2689              		.global	pcTaskGetName
 2690              		.syntax unified
 2691              		.thumb
 2692              		.thumb_func
 2694              	pcTaskGetName:
 2695              	.LVL190:
 2696              	.LFB26:
2264:Middlewares/Third_Party/FreeRTOS/Source/tasks.c **** TCB_t *pxTCB;
 2697              		.loc 1 2264 1 is_stmt 1 view -0
ARM GAS  C:\Users\31005\AppData\Local\Temp\ccNQ0Tdy.s 			page 151


 2698              		.cfi_startproc
 2699              		@ args = 0, pretend = 0, frame = 0
 2700              		@ frame_needed = 0, uses_anonymous_args = 0
 2701              		@ link register save eliminated.
2265:Middlewares/Third_Party/FreeRTOS/Source/tasks.c **** 
 2702              		.loc 1 2265 1 view .LVU748
2269:Middlewares/Third_Party/FreeRTOS/Source/tasks.c **** 	configASSERT( pxTCB );
 2703              		.loc 1 2269 2 view .LVU749
2269:Middlewares/Third_Party/FreeRTOS/Source/tasks.c **** 	configASSERT( pxTCB );
 2704              		.loc 1 2269 10 is_stmt 0 view .LVU750
 2705 0000 0346     		mov	r3, r0
 2706 0002 10B1     		cbz	r0, .L208
 2707              	.LVL191:
 2708              	.L206:
2270:Middlewares/Third_Party/FreeRTOS/Source/tasks.c **** 	return &( pxTCB->pcTaskName[ 0 ] );
 2709              		.loc 1 2270 23 is_stmt 1 discriminator 2 view .LVU751
2271:Middlewares/Third_Party/FreeRTOS/Source/tasks.c **** }
 2710              		.loc 1 2271 2 discriminator 2 view .LVU752
2272:Middlewares/Third_Party/FreeRTOS/Source/tasks.c **** /*-----------------------------------------------------------*/
 2711              		.loc 1 2272 1 is_stmt 0 discriminator 2 view .LVU753
 2712 0004 03F13400 		add	r0, r3, #52
 2713 0008 7047     		bx	lr
 2714              	.LVL192:
 2715              	.L208:
2269:Middlewares/Third_Party/FreeRTOS/Source/tasks.c **** 	configASSERT( pxTCB );
 2716              		.loc 1 2269 10 discriminator 1 view .LVU754
 2717 000a 064B     		ldr	r3, .L209
 2718 000c 1B68     		ldr	r3, [r3]
 2719              	.LVL193:
2270:Middlewares/Third_Party/FreeRTOS/Source/tasks.c **** 	return &( pxTCB->pcTaskName[ 0 ] );
 2720              		.loc 1 2270 2 is_stmt 1 discriminator 1 view .LVU755
 2721 000e 002B     		cmp	r3, #0
 2722 0010 F8D1     		bne	.L206
2270:Middlewares/Third_Party/FreeRTOS/Source/tasks.c **** 	return &( pxTCB->pcTaskName[ 0 ] );
 2723              		.loc 1 2270 2 view .LVU756
 2724              	.LBB156:
 2725              	.LBI156:
 191:Middlewares/Third_Party/FreeRTOS/Source/portable/GCC/ARM_CM4F/portmacro.h **** {
 2726              		.loc 2 191 30 view .LVU757
 2727              	.LBB157:
 193:Middlewares/Third_Party/FreeRTOS/Source/portable/GCC/ARM_CM4F/portmacro.h **** 
 2728              		.loc 2 193 1 view .LVU758
 195:Middlewares/Third_Party/FreeRTOS/Source/portable/GCC/ARM_CM4F/portmacro.h **** 	(
 2729              		.loc 2 195 2 view .LVU759
 2730              		.syntax unified
 2731              	@ 195 "Middlewares/Third_Party/FreeRTOS/Source/portable/GCC/ARM_CM4F/portmacro.h" 1
 2732 0012 4FF05003 			mov r3, #80												
 2733 0016 83F31188 		msr basepri, r3											
 2734 001a BFF36F8F 		isb														
 2735 001e BFF34F8F 		dsb														
 2736              	
 2737              	@ 0 "" 2
 2738              	.LVL194:
 2739              		.thumb
 2740              		.syntax unified
 2741              	.L207:
 195:Middlewares/Third_Party/FreeRTOS/Source/portable/GCC/ARM_CM4F/portmacro.h **** 	(
ARM GAS  C:\Users\31005\AppData\Local\Temp\ccNQ0Tdy.s 			page 152


 2742              		.loc 2 195 2 is_stmt 0 view .LVU760
 2743              	.LBE157:
 2744              	.LBE156:
2270:Middlewares/Third_Party/FreeRTOS/Source/tasks.c **** 	return &( pxTCB->pcTaskName[ 0 ] );
 2745              		.loc 1 2270 2 is_stmt 1 discriminator 1 view .LVU761
2270:Middlewares/Third_Party/FreeRTOS/Source/tasks.c **** 	return &( pxTCB->pcTaskName[ 0 ] );
 2746              		.loc 1 2270 2 discriminator 1 view .LVU762
 2747 0022 FEE7     		b	.L207
 2748              	.L210:
 2749              		.align	2
 2750              	.L209:
 2751 0024 00000000 		.word	pxCurrentTCB
 2752              		.cfi_endproc
 2753              	.LFE26:
 2755              		.section	.text.xTaskIncrementTick,"ax",%progbits
 2756              		.align	1
 2757              		.global	xTaskIncrementTick
 2758              		.syntax unified
 2759              		.thumb
 2760              		.thumb_func
 2762              	xTaskIncrementTick:
 2763              	.LFB28:
2584:Middlewares/Third_Party/FreeRTOS/Source/tasks.c **** TCB_t * pxTCB;
 2764              		.loc 1 2584 1 view -0
 2765              		.cfi_startproc
 2766              		@ args = 0, pretend = 0, frame = 0
 2767              		@ frame_needed = 0, uses_anonymous_args = 0
 2768 0000 F8B5     		push	{r3, r4, r5, r6, r7, lr}
 2769              	.LCFI27:
 2770              		.cfi_def_cfa_offset 24
 2771              		.cfi_offset 3, -24
 2772              		.cfi_offset 4, -20
 2773              		.cfi_offset 5, -16
 2774              		.cfi_offset 6, -12
 2775              		.cfi_offset 7, -8
 2776              		.cfi_offset 14, -4
2585:Middlewares/Third_Party/FreeRTOS/Source/tasks.c **** TickType_t xItemValue;
 2777              		.loc 1 2585 1 view .LVU764
2586:Middlewares/Third_Party/FreeRTOS/Source/tasks.c **** BaseType_t xSwitchRequired = pdFALSE;
 2778              		.loc 1 2586 1 view .LVU765
2587:Middlewares/Third_Party/FreeRTOS/Source/tasks.c **** 
 2779              		.loc 1 2587 1 view .LVU766
 2780              	.LVL195:
2592:Middlewares/Third_Party/FreeRTOS/Source/tasks.c **** 	if( uxSchedulerSuspended == ( UBaseType_t ) pdFALSE )
 2781              		.loc 1 2592 40 view .LVU767
2593:Middlewares/Third_Party/FreeRTOS/Source/tasks.c **** 	{
 2782              		.loc 1 2593 2 view .LVU768
2593:Middlewares/Third_Party/FreeRTOS/Source/tasks.c **** 	{
 2783              		.loc 1 2593 27 is_stmt 0 view .LVU769
 2784 0002 3A4B     		ldr	r3, .L233
 2785 0004 1B68     		ldr	r3, [r3]
2593:Middlewares/Third_Party/FreeRTOS/Source/tasks.c **** 	{
 2786              		.loc 1 2593 4 view .LVU770
 2787 0006 002B     		cmp	r3, #0
 2788 0008 64D1     		bne	.L212
 2789              	.LBB158:
2597:Middlewares/Third_Party/FreeRTOS/Source/tasks.c **** 
ARM GAS  C:\Users\31005\AppData\Local\Temp\ccNQ0Tdy.s 			page 153


 2790              		.loc 1 2597 3 is_stmt 1 view .LVU771
2597:Middlewares/Third_Party/FreeRTOS/Source/tasks.c **** 
 2791              		.loc 1 2597 49 is_stmt 0 view .LVU772
 2792 000a 394B     		ldr	r3, .L233+4
 2793 000c 1D68     		ldr	r5, [r3]
2597:Middlewares/Third_Party/FreeRTOS/Source/tasks.c **** 
 2794              		.loc 1 2597 20 view .LVU773
 2795 000e 0135     		adds	r5, r5, #1
 2796              	.LVL196:
2601:Middlewares/Third_Party/FreeRTOS/Source/tasks.c **** 
 2797              		.loc 1 2601 3 is_stmt 1 view .LVU774
2601:Middlewares/Third_Party/FreeRTOS/Source/tasks.c **** 
 2798              		.loc 1 2601 14 is_stmt 0 view .LVU775
 2799 0010 1D60     		str	r5, [r3]
2603:Middlewares/Third_Party/FreeRTOS/Source/tasks.c **** 		{
 2800              		.loc 1 2603 3 is_stmt 1 view .LVU776
2603:Middlewares/Third_Party/FreeRTOS/Source/tasks.c **** 		{
 2801              		.loc 1 2603 5 is_stmt 0 view .LVU777
 2802 0012 C5B9     		cbnz	r5, .L213
 2803              	.LBB159:
2605:Middlewares/Third_Party/FreeRTOS/Source/tasks.c **** 		}
 2804              		.loc 1 2605 4 is_stmt 1 view .LVU778
2605:Middlewares/Third_Party/FreeRTOS/Source/tasks.c **** 		}
 2805              		.loc 1 2605 4 view .LVU779
 2806 0014 374B     		ldr	r3, .L233+8
 2807 0016 1B68     		ldr	r3, [r3]
 2808 0018 1B68     		ldr	r3, [r3]
 2809 001a 43B1     		cbz	r3, .L214
2605:Middlewares/Third_Party/FreeRTOS/Source/tasks.c **** 		}
 2810              		.loc 1 2605 4 view .LVU780
 2811              	.LBB160:
 2812              	.LBI160:
 191:Middlewares/Third_Party/FreeRTOS/Source/portable/GCC/ARM_CM4F/portmacro.h **** {
 2813              		.loc 2 191 30 view .LVU781
 2814              	.LBB161:
 193:Middlewares/Third_Party/FreeRTOS/Source/portable/GCC/ARM_CM4F/portmacro.h **** 
 2815              		.loc 2 193 1 view .LVU782
 195:Middlewares/Third_Party/FreeRTOS/Source/portable/GCC/ARM_CM4F/portmacro.h **** 	(
 2816              		.loc 2 195 2 view .LVU783
 2817              		.syntax unified
 2818              	@ 195 "Middlewares/Third_Party/FreeRTOS/Source/portable/GCC/ARM_CM4F/portmacro.h" 1
 2819 001c 4FF05003 			mov r3, #80												
 2820 0020 83F31188 		msr basepri, r3											
 2821 0024 BFF36F8F 		isb														
 2822 0028 BFF34F8F 		dsb														
 2823              	
 2824              	@ 0 "" 2
 2825              	.LVL197:
 2826              		.thumb
 2827              		.syntax unified
 2828              	.L215:
 195:Middlewares/Third_Party/FreeRTOS/Source/portable/GCC/ARM_CM4F/portmacro.h **** 	(
 2829              		.loc 2 195 2 is_stmt 0 view .LVU784
 2830              	.LBE161:
 2831              	.LBE160:
2605:Middlewares/Third_Party/FreeRTOS/Source/tasks.c **** 		}
 2832              		.loc 1 2605 4 is_stmt 1 discriminator 1 view .LVU785
ARM GAS  C:\Users\31005\AppData\Local\Temp\ccNQ0Tdy.s 			page 154


2605:Middlewares/Third_Party/FreeRTOS/Source/tasks.c **** 		}
 2833              		.loc 1 2605 4 discriminator 1 view .LVU786
 2834 002c FEE7     		b	.L215
 2835              	.L214:
2605:Middlewares/Third_Party/FreeRTOS/Source/tasks.c **** 		}
 2836              		.loc 1 2605 4 discriminator 2 view .LVU787
2605:Middlewares/Third_Party/FreeRTOS/Source/tasks.c **** 		}
 2837              		.loc 1 2605 4 discriminator 2 view .LVU788
 2838 002e 314A     		ldr	r2, .L233+8
 2839 0030 1168     		ldr	r1, [r2]
 2840              	.LVL198:
2605:Middlewares/Third_Party/FreeRTOS/Source/tasks.c **** 		}
 2841              		.loc 1 2605 4 discriminator 2 view .LVU789
 2842 0032 314B     		ldr	r3, .L233+12
 2843 0034 1868     		ldr	r0, [r3]
 2844 0036 1060     		str	r0, [r2]
2605:Middlewares/Third_Party/FreeRTOS/Source/tasks.c **** 		}
 2845              		.loc 1 2605 4 discriminator 2 view .LVU790
 2846 0038 1960     		str	r1, [r3]
2605:Middlewares/Third_Party/FreeRTOS/Source/tasks.c **** 		}
 2847              		.loc 1 2605 4 discriminator 2 view .LVU791
 2848 003a 304A     		ldr	r2, .L233+16
 2849 003c 1368     		ldr	r3, [r2]
 2850 003e 0133     		adds	r3, r3, #1
 2851 0040 1360     		str	r3, [r2]
2605:Middlewares/Third_Party/FreeRTOS/Source/tasks.c **** 		}
 2852              		.loc 1 2605 4 discriminator 2 view .LVU792
 2853 0042 FFF7FEFF 		bl	prvResetNextTaskUnblockTime
 2854              	.LVL199:
2605:Middlewares/Third_Party/FreeRTOS/Source/tasks.c **** 		}
 2855              		.loc 1 2605 4 is_stmt 0 discriminator 2 view .LVU793
 2856              	.LBE159:
2605:Middlewares/Third_Party/FreeRTOS/Source/tasks.c **** 		}
 2857              		.loc 1 2605 30 is_stmt 1 discriminator 2 view .LVU794
 2858              	.L213:
2609:Middlewares/Third_Party/FreeRTOS/Source/tasks.c **** 		}
 2859              		.loc 1 2609 28 view .LVU795
2616:Middlewares/Third_Party/FreeRTOS/Source/tasks.c **** 		{
 2860              		.loc 1 2616 3 view .LVU796
2616:Middlewares/Third_Party/FreeRTOS/Source/tasks.c **** 		{
 2861              		.loc 1 2616 23 is_stmt 0 view .LVU797
 2862 0046 2E4B     		ldr	r3, .L233+20
 2863 0048 1B68     		ldr	r3, [r3]
2616:Middlewares/Third_Party/FreeRTOS/Source/tasks.c **** 		{
 2864              		.loc 1 2616 5 view .LVU798
 2865 004a AB42     		cmp	r3, r5
 2866 004c 38D9     		bls	.L226
 2867              	.LBE158:
2587:Middlewares/Third_Party/FreeRTOS/Source/tasks.c **** 
 2868              		.loc 1 2587 12 view .LVU799
 2869 004e 0027     		movs	r7, #0
 2870              	.LVL200:
 2871              	.L217:
 2872              	.LBB162:
2699:Middlewares/Third_Party/FreeRTOS/Source/tasks.c **** 			{
 2873              		.loc 1 2699 4 is_stmt 1 view .LVU800
2699:Middlewares/Third_Party/FreeRTOS/Source/tasks.c **** 			{
ARM GAS  C:\Users\31005\AppData\Local\Temp\ccNQ0Tdy.s 			page 155


 2874              		.loc 1 2699 8 is_stmt 0 view .LVU801
 2875 0050 2C4B     		ldr	r3, .L233+24
 2876 0052 1B68     		ldr	r3, [r3]
 2877 0054 DB6A     		ldr	r3, [r3, #44]
 2878 0056 03EB8303 		add	r3, r3, r3, lsl #2
 2879 005a 9A00     		lsls	r2, r3, #2
 2880 005c 2A4B     		ldr	r3, .L233+28
 2881 005e 9B58     		ldr	r3, [r3, r2]
2699:Middlewares/Third_Party/FreeRTOS/Source/tasks.c **** 			{
 2882              		.loc 1 2699 6 view .LVU802
 2883 0060 012B     		cmp	r3, #1
 2884 0062 3CD9     		bls	.L224
2701:Middlewares/Third_Party/FreeRTOS/Source/tasks.c **** 			}
 2885              		.loc 1 2701 21 view .LVU803
 2886 0064 0127     		movs	r7, #1
 2887              	.LVL201:
2701:Middlewares/Third_Party/FreeRTOS/Source/tasks.c **** 			}
 2888              		.loc 1 2701 21 view .LVU804
 2889 0066 3AE0     		b	.L224
 2890              	.LVL202:
 2891              	.L227:
2682:Middlewares/Third_Party/FreeRTOS/Source/tasks.c **** 						}
 2892              		.loc 1 2682 24 view .LVU805
 2893 0068 0127     		movs	r7, #1
 2894              	.LVL203:
 2895              	.L216:
2618:Middlewares/Third_Party/FreeRTOS/Source/tasks.c **** 			{
 2896              		.loc 1 2618 4 is_stmt 1 view .LVU806
2620:Middlewares/Third_Party/FreeRTOS/Source/tasks.c **** 				{
 2897              		.loc 1 2620 5 view .LVU807
2620:Middlewares/Third_Party/FreeRTOS/Source/tasks.c **** 				{
 2898              		.loc 1 2620 9 is_stmt 0 view .LVU808
 2899 006a 224B     		ldr	r3, .L233+8
 2900 006c 1B68     		ldr	r3, [r3]
 2901 006e 1B68     		ldr	r3, [r3]
2620:Middlewares/Third_Party/FreeRTOS/Source/tasks.c **** 				{
 2902              		.loc 1 2620 48 view .LVU809
 2903 0070 43B3     		cbz	r3, .L231
2636:Middlewares/Third_Party/FreeRTOS/Source/tasks.c **** 					xItemValue = listGET_LIST_ITEM_VALUE( &( pxTCB->xStateListItem ) );
 2904              		.loc 1 2636 6 is_stmt 1 view .LVU810
2636:Middlewares/Third_Party/FreeRTOS/Source/tasks.c **** 					xItemValue = listGET_LIST_ITEM_VALUE( &( pxTCB->xStateListItem ) );
 2905              		.loc 1 2636 26 is_stmt 0 view .LVU811
 2906 0072 204B     		ldr	r3, .L233+8
 2907 0074 1B68     		ldr	r3, [r3]
 2908 0076 DB68     		ldr	r3, [r3, #12]
2636:Middlewares/Third_Party/FreeRTOS/Source/tasks.c **** 					xItemValue = listGET_LIST_ITEM_VALUE( &( pxTCB->xStateListItem ) );
 2909              		.loc 1 2636 12 view .LVU812
 2910 0078 DC68     		ldr	r4, [r3, #12]
 2911              	.LVL204:
2637:Middlewares/Third_Party/FreeRTOS/Source/tasks.c **** 
 2912              		.loc 1 2637 6 is_stmt 1 view .LVU813
2637:Middlewares/Third_Party/FreeRTOS/Source/tasks.c **** 
 2913              		.loc 1 2637 17 is_stmt 0 view .LVU814
 2914 007a 6368     		ldr	r3, [r4, #4]
 2915              	.LVL205:
2639:Middlewares/Third_Party/FreeRTOS/Source/tasks.c **** 					{
 2916              		.loc 1 2639 6 is_stmt 1 view .LVU815
ARM GAS  C:\Users\31005\AppData\Local\Temp\ccNQ0Tdy.s 			page 156


2639:Middlewares/Third_Party/FreeRTOS/Source/tasks.c **** 					{
 2917              		.loc 1 2639 8 is_stmt 0 view .LVU816
 2918 007c 9D42     		cmp	r5, r3
 2919 007e 26D3     		bcc	.L232
2651:Middlewares/Third_Party/FreeRTOS/Source/tasks.c **** 					}
 2920              		.loc 1 2651 31 is_stmt 1 view .LVU817
2655:Middlewares/Third_Party/FreeRTOS/Source/tasks.c **** 
 2921              		.loc 1 2655 6 view .LVU818
2655:Middlewares/Third_Party/FreeRTOS/Source/tasks.c **** 
 2922              		.loc 1 2655 15 is_stmt 0 view .LVU819
 2923 0080 261D     		adds	r6, r4, #4
 2924 0082 3046     		mov	r0, r6
 2925 0084 FFF7FEFF 		bl	uxListRemove
 2926              	.LVL206:
2659:Middlewares/Third_Party/FreeRTOS/Source/tasks.c **** 					{
 2927              		.loc 1 2659 6 is_stmt 1 view .LVU820
2659:Middlewares/Third_Party/FreeRTOS/Source/tasks.c **** 					{
 2928              		.loc 1 2659 10 is_stmt 0 view .LVU821
 2929 0088 A36A     		ldr	r3, [r4, #40]
2659:Middlewares/Third_Party/FreeRTOS/Source/tasks.c **** 					{
 2930              		.loc 1 2659 8 view .LVU822
 2931 008a 1BB1     		cbz	r3, .L220
2661:Middlewares/Third_Party/FreeRTOS/Source/tasks.c **** 					}
 2932              		.loc 1 2661 7 is_stmt 1 view .LVU823
2661:Middlewares/Third_Party/FreeRTOS/Source/tasks.c **** 					}
 2933              		.loc 1 2661 16 is_stmt 0 view .LVU824
 2934 008c 04F11800 		add	r0, r4, #24
 2935 0090 FFF7FEFF 		bl	uxListRemove
 2936              	.LVL207:
 2937              	.L220:
2665:Middlewares/Third_Party/FreeRTOS/Source/tasks.c **** 					}
 2938              		.loc 1 2665 31 is_stmt 1 view .LVU825
2670:Middlewares/Third_Party/FreeRTOS/Source/tasks.c **** 
 2939              		.loc 1 2670 6 view .LVU826
2670:Middlewares/Third_Party/FreeRTOS/Source/tasks.c **** 
 2940              		.loc 1 2670 6 view .LVU827
 2941 0094 E36A     		ldr	r3, [r4, #44]
 2942 0096 1D4A     		ldr	r2, .L233+32
 2943 0098 1268     		ldr	r2, [r2]
 2944 009a 9342     		cmp	r3, r2
 2945 009c 01D9     		bls	.L221
2670:Middlewares/Third_Party/FreeRTOS/Source/tasks.c **** 
 2946              		.loc 1 2670 6 discriminator 1 view .LVU828
 2947 009e 1B4A     		ldr	r2, .L233+32
 2948 00a0 1360     		str	r3, [r2]
 2949              	.L221:
2670:Middlewares/Third_Party/FreeRTOS/Source/tasks.c **** 
 2950              		.loc 1 2670 6 discriminator 3 view .LVU829
2670:Middlewares/Third_Party/FreeRTOS/Source/tasks.c **** 
 2951              		.loc 1 2670 6 discriminator 3 view .LVU830
 2952 00a2 03EB8303 		add	r3, r3, r3, lsl #2
 2953 00a6 9A00     		lsls	r2, r3, #2
 2954 00a8 3146     		mov	r1, r6
 2955 00aa 1748     		ldr	r0, .L233+28
 2956 00ac 1044     		add	r0, r0, r2
 2957 00ae FFF7FEFF 		bl	vListInsertEnd
 2958              	.LVL208:
ARM GAS  C:\Users\31005\AppData\Local\Temp\ccNQ0Tdy.s 			page 157


2670:Middlewares/Third_Party/FreeRTOS/Source/tasks.c **** 
 2959              		.loc 1 2670 36 discriminator 3 view .LVU831
2680:Middlewares/Third_Party/FreeRTOS/Source/tasks.c **** 						{
 2960              		.loc 1 2680 7 discriminator 3 view .LVU832
2680:Middlewares/Third_Party/FreeRTOS/Source/tasks.c **** 						{
 2961              		.loc 1 2680 16 is_stmt 0 discriminator 3 view .LVU833
 2962 00b2 E26A     		ldr	r2, [r4, #44]
2680:Middlewares/Third_Party/FreeRTOS/Source/tasks.c **** 						{
 2963              		.loc 1 2680 44 discriminator 3 view .LVU834
 2964 00b4 134B     		ldr	r3, .L233+24
 2965 00b6 1B68     		ldr	r3, [r3]
 2966 00b8 DB6A     		ldr	r3, [r3, #44]
2680:Middlewares/Third_Party/FreeRTOS/Source/tasks.c **** 						{
 2967              		.loc 1 2680 9 discriminator 3 view .LVU835
 2968 00ba 9A42     		cmp	r2, r3
 2969 00bc D4D2     		bcs	.L227
 2970 00be D4E7     		b	.L216
 2971              	.LVL209:
 2972              	.L226:
2680:Middlewares/Third_Party/FreeRTOS/Source/tasks.c **** 						{
 2973              		.loc 1 2680 9 discriminator 3 view .LVU836
 2974              	.LBE162:
2587:Middlewares/Third_Party/FreeRTOS/Source/tasks.c **** 
 2975              		.loc 1 2587 12 view .LVU837
 2976 00c0 0027     		movs	r7, #0
 2977 00c2 D2E7     		b	.L216
 2978              	.LVL210:
 2979              	.L231:
 2980              	.LBB163:
2627:Middlewares/Third_Party/FreeRTOS/Source/tasks.c **** 					break;
 2981              		.loc 1 2627 6 is_stmt 1 view .LVU838
2627:Middlewares/Third_Party/FreeRTOS/Source/tasks.c **** 					break;
 2982              		.loc 1 2627 27 is_stmt 0 view .LVU839
 2983 00c4 0E4B     		ldr	r3, .L233+20
 2984 00c6 4FF0FF32 		mov	r2, #-1
 2985 00ca 1A60     		str	r2, [r3]
2628:Middlewares/Third_Party/FreeRTOS/Source/tasks.c **** 				}
 2986              		.loc 1 2628 6 is_stmt 1 view .LVU840
 2987 00cc C0E7     		b	.L217
 2988              	.LVL211:
 2989              	.L232:
2646:Middlewares/Third_Party/FreeRTOS/Source/tasks.c **** 						break;
 2990              		.loc 1 2646 7 view .LVU841
2646:Middlewares/Third_Party/FreeRTOS/Source/tasks.c **** 						break;
 2991              		.loc 1 2646 28 is_stmt 0 view .LVU842
 2992 00ce 0C4A     		ldr	r2, .L233+20
 2993 00d0 1360     		str	r3, [r2]
2647:Middlewares/Third_Party/FreeRTOS/Source/tasks.c **** 					}
 2994              		.loc 1 2647 7 is_stmt 1 view .LVU843
 2995 00d2 BDE7     		b	.L217
 2996              	.LVL212:
 2997              	.L212:
2647:Middlewares/Third_Party/FreeRTOS/Source/tasks.c **** 					}
 2998              		.loc 1 2647 7 is_stmt 0 view .LVU844
 2999              	.LBE163:
2727:Middlewares/Third_Party/FreeRTOS/Source/tasks.c **** 
 3000              		.loc 1 2727 3 is_stmt 1 view .LVU845
ARM GAS  C:\Users\31005\AppData\Local\Temp\ccNQ0Tdy.s 			page 158


 3001 00d4 0E4A     		ldr	r2, .L233+36
 3002 00d6 1368     		ldr	r3, [r2]
 3003 00d8 0133     		adds	r3, r3, #1
 3004 00da 1360     		str	r3, [r2]
2587:Middlewares/Third_Party/FreeRTOS/Source/tasks.c **** 
 3005              		.loc 1 2587 12 is_stmt 0 view .LVU846
 3006 00dc 0027     		movs	r7, #0
 3007              	.LVL213:
 3008              	.L224:
2740:Middlewares/Third_Party/FreeRTOS/Source/tasks.c **** 		{
 3009              		.loc 1 2740 3 is_stmt 1 view .LVU847
2740:Middlewares/Third_Party/FreeRTOS/Source/tasks.c **** 		{
 3010              		.loc 1 2740 21 is_stmt 0 view .LVU848
 3011 00de 0D4B     		ldr	r3, .L233+40
 3012 00e0 1B68     		ldr	r3, [r3]
2740:Middlewares/Third_Party/FreeRTOS/Source/tasks.c **** 		{
 3013              		.loc 1 2740 5 view .LVU849
 3014 00e2 03B1     		cbz	r3, .L211
2742:Middlewares/Third_Party/FreeRTOS/Source/tasks.c **** 		}
 3015              		.loc 1 2742 20 view .LVU850
 3016 00e4 0127     		movs	r7, #1
 3017              	.LVL214:
2746:Middlewares/Third_Party/FreeRTOS/Source/tasks.c **** 		}
 3018              		.loc 1 2746 28 is_stmt 1 view .LVU851
2751:Middlewares/Third_Party/FreeRTOS/Source/tasks.c **** }
 3019              		.loc 1 2751 2 view .LVU852
 3020              	.L211:
2752:Middlewares/Third_Party/FreeRTOS/Source/tasks.c **** /*-----------------------------------------------------------*/
 3021              		.loc 1 2752 1 is_stmt 0 view .LVU853
 3022 00e6 3846     		mov	r0, r7
 3023 00e8 F8BD     		pop	{r3, r4, r5, r6, r7, pc}
 3024              	.L234:
 3025 00ea 00BF     		.align	2
 3026              	.L233:
 3027 00ec 00000000 		.word	uxSchedulerSuspended
 3028 00f0 00000000 		.word	xTickCount
 3029 00f4 00000000 		.word	pxDelayedTaskList
 3030 00f8 00000000 		.word	pxOverflowDelayedTaskList
 3031 00fc 00000000 		.word	xNumOfOverflows
 3032 0100 00000000 		.word	xNextTaskUnblockTime
 3033 0104 00000000 		.word	pxCurrentTCB
 3034 0108 00000000 		.word	pxReadyTasksLists
 3035 010c 00000000 		.word	uxTopReadyPriority
 3036 0110 00000000 		.word	uxPendedTicks
 3037 0114 00000000 		.word	xYieldPending
 3038              		.cfi_endproc
 3039              	.LFE28:
 3041              		.section	.text.xTaskResumeAll,"ax",%progbits
 3042              		.align	1
 3043              		.global	xTaskResumeAll
 3044              		.syntax unified
 3045              		.thumb
 3046              		.thumb_func
 3048              	xTaskResumeAll:
 3049              	.LFB22:
2100:Middlewares/Third_Party/FreeRTOS/Source/tasks.c **** TCB_t *pxTCB = NULL;
 3050              		.loc 1 2100 1 is_stmt 1 view -0
ARM GAS  C:\Users\31005\AppData\Local\Temp\ccNQ0Tdy.s 			page 159


 3051              		.cfi_startproc
 3052              		@ args = 0, pretend = 0, frame = 0
 3053              		@ frame_needed = 0, uses_anonymous_args = 0
 3054 0000 38B5     		push	{r3, r4, r5, lr}
 3055              	.LCFI28:
 3056              		.cfi_def_cfa_offset 16
 3057              		.cfi_offset 3, -16
 3058              		.cfi_offset 4, -12
 3059              		.cfi_offset 5, -8
 3060              		.cfi_offset 14, -4
2101:Middlewares/Third_Party/FreeRTOS/Source/tasks.c **** BaseType_t xAlreadyYielded = pdFALSE;
 3061              		.loc 1 2101 1 view .LVU855
 3062              	.LVL215:
2102:Middlewares/Third_Party/FreeRTOS/Source/tasks.c **** 
 3063              		.loc 1 2102 1 view .LVU856
2106:Middlewares/Third_Party/FreeRTOS/Source/tasks.c **** 
 3064              		.loc 1 2106 2 view .LVU857
 3065 0002 354B     		ldr	r3, .L252
 3066 0004 1B68     		ldr	r3, [r3]
 3067 0006 43B9     		cbnz	r3, .L236
2106:Middlewares/Third_Party/FreeRTOS/Source/tasks.c **** 
 3068              		.loc 1 2106 2 view .LVU858
 3069              	.LBB164:
 3070              	.LBI164:
 191:Middlewares/Third_Party/FreeRTOS/Source/portable/GCC/ARM_CM4F/portmacro.h **** {
 3071              		.loc 2 191 30 view .LVU859
 3072              	.LBB165:
 193:Middlewares/Third_Party/FreeRTOS/Source/portable/GCC/ARM_CM4F/portmacro.h **** 
 3073              		.loc 2 193 1 view .LVU860
 195:Middlewares/Third_Party/FreeRTOS/Source/portable/GCC/ARM_CM4F/portmacro.h **** 	(
 3074              		.loc 2 195 2 view .LVU861
 3075              		.syntax unified
 3076              	@ 195 "Middlewares/Third_Party/FreeRTOS/Source/portable/GCC/ARM_CM4F/portmacro.h" 1
 3077 0008 4FF05003 			mov r3, #80												
 3078 000c 83F31188 		msr basepri, r3											
 3079 0010 BFF36F8F 		isb														
 3080 0014 BFF34F8F 		dsb														
 3081              	
 3082              	@ 0 "" 2
 3083              	.LVL216:
 3084              		.thumb
 3085              		.syntax unified
 3086              	.L237:
 195:Middlewares/Third_Party/FreeRTOS/Source/portable/GCC/ARM_CM4F/portmacro.h **** 	(
 3087              		.loc 2 195 2 is_stmt 0 view .LVU862
 3088              	.LBE165:
 3089              	.LBE164:
2106:Middlewares/Third_Party/FreeRTOS/Source/tasks.c **** 
 3090              		.loc 1 2106 2 is_stmt 1 discriminator 1 view .LVU863
2106:Middlewares/Third_Party/FreeRTOS/Source/tasks.c **** 
 3091              		.loc 1 2106 2 discriminator 1 view .LVU864
 3092 0018 FEE7     		b	.L237
 3093              	.L236:
2106:Middlewares/Third_Party/FreeRTOS/Source/tasks.c **** 
 3094              		.loc 1 2106 38 discriminator 2 view .LVU865
2113:Middlewares/Third_Party/FreeRTOS/Source/tasks.c **** 	{
 3095              		.loc 1 2113 2 discriminator 2 view .LVU866
ARM GAS  C:\Users\31005\AppData\Local\Temp\ccNQ0Tdy.s 			page 160


 3096 001a FFF7FEFF 		bl	vPortEnterCritical
 3097              	.LVL217:
2115:Middlewares/Third_Party/FreeRTOS/Source/tasks.c **** 
 3098              		.loc 1 2115 3 discriminator 2 view .LVU867
 3099 001e 2E4B     		ldr	r3, .L252
 3100 0020 1A68     		ldr	r2, [r3]
 3101 0022 013A     		subs	r2, r2, #1
 3102 0024 1A60     		str	r2, [r3]
2117:Middlewares/Third_Party/FreeRTOS/Source/tasks.c **** 		{
 3103              		.loc 1 2117 3 discriminator 2 view .LVU868
2117:Middlewares/Third_Party/FreeRTOS/Source/tasks.c **** 		{
 3104              		.loc 1 2117 28 is_stmt 0 discriminator 2 view .LVU869
 3105 0026 1B68     		ldr	r3, [r3]
2117:Middlewares/Third_Party/FreeRTOS/Source/tasks.c **** 		{
 3106              		.loc 1 2117 5 discriminator 2 view .LVU870
 3107 0028 002B     		cmp	r3, #0
 3108 002a 4FD1     		bne	.L247
2119:Middlewares/Third_Party/FreeRTOS/Source/tasks.c **** 			{
 3109              		.loc 1 2119 4 is_stmt 1 view .LVU871
2119:Middlewares/Third_Party/FreeRTOS/Source/tasks.c **** 			{
 3110              		.loc 1 2119 31 is_stmt 0 view .LVU872
 3111 002c 2B4B     		ldr	r3, .L252+4
 3112 002e 1B68     		ldr	r3, [r3]
2119:Middlewares/Third_Party/FreeRTOS/Source/tasks.c **** 			{
 3113              		.loc 1 2119 6 view .LVU873
 3114 0030 0BB9     		cbnz	r3, .L248
2102:Middlewares/Third_Party/FreeRTOS/Source/tasks.c **** 
 3115              		.loc 1 2102 12 view .LVU874
 3116 0032 0024     		movs	r4, #0
 3117 0034 4BE0     		b	.L238
 3118              	.L248:
2101:Middlewares/Third_Party/FreeRTOS/Source/tasks.c **** BaseType_t xAlreadyYielded = pdFALSE;
 3119              		.loc 1 2101 8 view .LVU875
 3120 0036 0024     		movs	r4, #0
 3121              	.LVL218:
 3122              	.L239:
2138:Middlewares/Third_Party/FreeRTOS/Source/tasks.c **** 					}
 3123              		.loc 1 2138 31 is_stmt 1 view .LVU876
2123:Middlewares/Third_Party/FreeRTOS/Source/tasks.c **** 				{
 3124              		.loc 1 2123 52 view .LVU877
2123:Middlewares/Third_Party/FreeRTOS/Source/tasks.c **** 				{
 3125              		.loc 1 2123 12 is_stmt 0 view .LVU878
 3126 0038 294B     		ldr	r3, .L252+8
 3127 003a 1B68     		ldr	r3, [r3]
2123:Middlewares/Third_Party/FreeRTOS/Source/tasks.c **** 				{
 3128              		.loc 1 2123 52 view .LVU879
 3129 003c 1BB3     		cbz	r3, .L250
2125:Middlewares/Third_Party/FreeRTOS/Source/tasks.c **** 					( void ) uxListRemove( &( pxTCB->xEventListItem ) );
 3130              		.loc 1 2125 6 is_stmt 1 view .LVU880
2125:Middlewares/Third_Party/FreeRTOS/Source/tasks.c **** 					( void ) uxListRemove( &( pxTCB->xEventListItem ) );
 3131              		.loc 1 2125 26 is_stmt 0 view .LVU881
 3132 003e 284B     		ldr	r3, .L252+8
 3133 0040 DB68     		ldr	r3, [r3, #12]
2125:Middlewares/Third_Party/FreeRTOS/Source/tasks.c **** 					( void ) uxListRemove( &( pxTCB->xEventListItem ) );
 3134              		.loc 1 2125 12 view .LVU882
 3135 0042 DC68     		ldr	r4, [r3, #12]
 3136              	.LVL219:
ARM GAS  C:\Users\31005\AppData\Local\Temp\ccNQ0Tdy.s 			page 161


2126:Middlewares/Third_Party/FreeRTOS/Source/tasks.c **** 					( void ) uxListRemove( &( pxTCB->xStateListItem ) );
 3137              		.loc 1 2126 6 is_stmt 1 view .LVU883
2126:Middlewares/Third_Party/FreeRTOS/Source/tasks.c **** 					( void ) uxListRemove( &( pxTCB->xStateListItem ) );
 3138              		.loc 1 2126 15 is_stmt 0 view .LVU884
 3139 0044 04F11800 		add	r0, r4, #24
 3140 0048 FFF7FEFF 		bl	uxListRemove
 3141              	.LVL220:
2127:Middlewares/Third_Party/FreeRTOS/Source/tasks.c **** 					prvAddTaskToReadyList( pxTCB );
 3142              		.loc 1 2127 6 is_stmt 1 view .LVU885
2127:Middlewares/Third_Party/FreeRTOS/Source/tasks.c **** 					prvAddTaskToReadyList( pxTCB );
 3143              		.loc 1 2127 15 is_stmt 0 view .LVU886
 3144 004c 251D     		adds	r5, r4, #4
 3145 004e 2846     		mov	r0, r5
 3146 0050 FFF7FEFF 		bl	uxListRemove
 3147              	.LVL221:
2128:Middlewares/Third_Party/FreeRTOS/Source/tasks.c **** 
 3148              		.loc 1 2128 6 is_stmt 1 view .LVU887
2128:Middlewares/Third_Party/FreeRTOS/Source/tasks.c **** 
 3149              		.loc 1 2128 6 view .LVU888
 3150 0054 E06A     		ldr	r0, [r4, #44]
 3151 0056 234B     		ldr	r3, .L252+12
 3152 0058 1B68     		ldr	r3, [r3]
 3153 005a 9842     		cmp	r0, r3
 3154 005c 01D9     		bls	.L240
2128:Middlewares/Third_Party/FreeRTOS/Source/tasks.c **** 
 3155              		.loc 1 2128 6 discriminator 1 view .LVU889
 3156 005e 214B     		ldr	r3, .L252+12
 3157 0060 1860     		str	r0, [r3]
 3158              	.L240:
2128:Middlewares/Third_Party/FreeRTOS/Source/tasks.c **** 
 3159              		.loc 1 2128 6 discriminator 3 view .LVU890
2128:Middlewares/Third_Party/FreeRTOS/Source/tasks.c **** 
 3160              		.loc 1 2128 6 discriminator 3 view .LVU891
 3161 0062 00EB8000 		add	r0, r0, r0, lsl #2
 3162 0066 2946     		mov	r1, r5
 3163 0068 1F4B     		ldr	r3, .L252+16
 3164 006a 03EB8000 		add	r0, r3, r0, lsl #2
 3165 006e FFF7FEFF 		bl	vListInsertEnd
 3166              	.LVL222:
2128:Middlewares/Third_Party/FreeRTOS/Source/tasks.c **** 
 3167              		.loc 1 2128 36 discriminator 3 view .LVU892
2132:Middlewares/Third_Party/FreeRTOS/Source/tasks.c **** 					{
 3168              		.loc 1 2132 6 discriminator 3 view .LVU893
2132:Middlewares/Third_Party/FreeRTOS/Source/tasks.c **** 					{
 3169              		.loc 1 2132 15 is_stmt 0 discriminator 3 view .LVU894
 3170 0072 E26A     		ldr	r2, [r4, #44]
2132:Middlewares/Third_Party/FreeRTOS/Source/tasks.c **** 					{
 3171              		.loc 1 2132 43 discriminator 3 view .LVU895
 3172 0074 1D4B     		ldr	r3, .L252+20
 3173 0076 1B68     		ldr	r3, [r3]
 3174 0078 DB6A     		ldr	r3, [r3, #44]
2132:Middlewares/Third_Party/FreeRTOS/Source/tasks.c **** 					{
 3175              		.loc 1 2132 8 discriminator 3 view .LVU896
 3176 007a 9A42     		cmp	r2, r3
 3177 007c DCD3     		bcc	.L239
2134:Middlewares/Third_Party/FreeRTOS/Source/tasks.c **** 					}
 3178              		.loc 1 2134 7 is_stmt 1 view .LVU897
ARM GAS  C:\Users\31005\AppData\Local\Temp\ccNQ0Tdy.s 			page 162


2134:Middlewares/Third_Party/FreeRTOS/Source/tasks.c **** 					}
 3179              		.loc 1 2134 21 is_stmt 0 view .LVU898
 3180 007e 1C4B     		ldr	r3, .L252+24
 3181 0080 0122     		movs	r2, #1
 3182 0082 1A60     		str	r2, [r3]
 3183 0084 D8E7     		b	.L239
 3184              	.L250:
2142:Middlewares/Third_Party/FreeRTOS/Source/tasks.c **** 				{
 3185              		.loc 1 2142 5 is_stmt 1 view .LVU899
2142:Middlewares/Third_Party/FreeRTOS/Source/tasks.c **** 				{
 3186              		.loc 1 2142 7 is_stmt 0 view .LVU900
 3187 0086 0CB1     		cbz	r4, .L243
2150:Middlewares/Third_Party/FreeRTOS/Source/tasks.c **** 				}
 3188              		.loc 1 2150 6 is_stmt 1 view .LVU901
 3189 0088 FFF7FEFF 		bl	prvResetNextTaskUnblockTime
 3190              	.LVL223:
 3191              	.L243:
 3192              	.LBB166:
2158:Middlewares/Third_Party/FreeRTOS/Source/tasks.c **** 
 3193              		.loc 1 2158 6 view .LVU902
2158:Middlewares/Third_Party/FreeRTOS/Source/tasks.c **** 
 3194              		.loc 1 2158 18 is_stmt 0 view .LVU903
 3195 008c 194B     		ldr	r3, .L252+28
 3196 008e 1C68     		ldr	r4, [r3]
 3197              	.LVL224:
2160:Middlewares/Third_Party/FreeRTOS/Source/tasks.c **** 					{
 3198              		.loc 1 2160 6 is_stmt 1 view .LVU904
2160:Middlewares/Third_Party/FreeRTOS/Source/tasks.c **** 					{
 3199              		.loc 1 2160 8 is_stmt 0 view .LVU905
 3200 0090 84B9     		cbnz	r4, .L246
 3201              	.L244:
2179:Middlewares/Third_Party/FreeRTOS/Source/tasks.c **** 					}
 3202              		.loc 1 2179 31 is_stmt 1 view .LVU906
 3203              	.LBE166:
2183:Middlewares/Third_Party/FreeRTOS/Source/tasks.c **** 				{
 3204              		.loc 1 2183 5 view .LVU907
2183:Middlewares/Third_Party/FreeRTOS/Source/tasks.c **** 				{
 3205              		.loc 1 2183 23 is_stmt 0 view .LVU908
 3206 0092 174B     		ldr	r3, .L252+24
 3207 0094 1C68     		ldr	r4, [r3]
 3208              	.LVL225:
2183:Middlewares/Third_Party/FreeRTOS/Source/tasks.c **** 				{
 3209              		.loc 1 2183 7 view .LVU909
 3210 0096 D4B1     		cbz	r4, .L238
2187:Middlewares/Third_Party/FreeRTOS/Source/tasks.c **** 					}
 3211              		.loc 1 2187 7 is_stmt 1 view .LVU910
 3212              	.LVL226:
2190:Middlewares/Third_Party/FreeRTOS/Source/tasks.c **** 				}
 3213              		.loc 1 2190 6 view .LVU911
 3214 0098 4FF0E023 		mov	r3, #-536813568
 3215 009c 4FF08052 		mov	r2, #268435456
 3216 00a0 C3F8042D 		str	r2, [r3, #3332]
2190:Middlewares/Third_Party/FreeRTOS/Source/tasks.c **** 				}
 3217              		.loc 1 2190 6 view .LVU912
 3218              		.syntax unified
 3219              	@ 2190 "Middlewares/Third_Party/FreeRTOS/Source/tasks.c" 1
 3220 00a4 BFF34F8F 		dsb
ARM GAS  C:\Users\31005\AppData\Local\Temp\ccNQ0Tdy.s 			page 163


 3221              	@ 0 "" 2
2190:Middlewares/Third_Party/FreeRTOS/Source/tasks.c **** 				}
 3222              		.loc 1 2190 6 view .LVU913
 3223              	@ 2190 "Middlewares/Third_Party/FreeRTOS/Source/tasks.c" 1
 3224 00a8 BFF36F8F 		isb
 3225              	@ 0 "" 2
2190:Middlewares/Third_Party/FreeRTOS/Source/tasks.c **** 				}
 3226              		.loc 1 2190 37 view .LVU914
2187:Middlewares/Third_Party/FreeRTOS/Source/tasks.c **** 					}
 3227              		.loc 1 2187 23 is_stmt 0 view .LVU915
 3228              		.thumb
 3229              		.syntax unified
 3230 00ac 0124     		movs	r4, #1
 3231 00ae 0EE0     		b	.L238
 3232              	.LVL227:
 3233              	.L245:
 3234              	.LBB167:
2170:Middlewares/Third_Party/FreeRTOS/Source/tasks.c **** 							}
 3235              		.loc 1 2170 33 is_stmt 1 view .LVU916
2172:Middlewares/Third_Party/FreeRTOS/Source/tasks.c **** 						} while( uxPendedCounts > ( UBaseType_t ) 0U );
 3236              		.loc 1 2172 8 view .LVU917
2173:Middlewares/Third_Party/FreeRTOS/Source/tasks.c **** 
 3237              		.loc 1 2173 31 view .LVU918
 3238 00b0 013C     		subs	r4, r4, #1
 3239              	.LVL228:
2173:Middlewares/Third_Party/FreeRTOS/Source/tasks.c **** 
 3240              		.loc 1 2173 31 is_stmt 0 view .LVU919
 3241 00b2 07D0     		beq	.L251
 3242              	.L246:
2162:Middlewares/Third_Party/FreeRTOS/Source/tasks.c **** 						{
 3243              		.loc 1 2162 7 is_stmt 1 view .LVU920
2164:Middlewares/Third_Party/FreeRTOS/Source/tasks.c **** 							{
 3244              		.loc 1 2164 8 view .LVU921
2164:Middlewares/Third_Party/FreeRTOS/Source/tasks.c **** 							{
 3245              		.loc 1 2164 12 is_stmt 0 view .LVU922
 3246 00b4 FFF7FEFF 		bl	xTaskIncrementTick
 3247              	.LVL229:
2164:Middlewares/Third_Party/FreeRTOS/Source/tasks.c **** 							{
 3248              		.loc 1 2164 10 view .LVU923
 3249 00b8 0028     		cmp	r0, #0
 3250 00ba F9D0     		beq	.L245
2166:Middlewares/Third_Party/FreeRTOS/Source/tasks.c **** 							}
 3251              		.loc 1 2166 9 is_stmt 1 view .LVU924
2166:Middlewares/Third_Party/FreeRTOS/Source/tasks.c **** 							}
 3252              		.loc 1 2166 23 is_stmt 0 view .LVU925
 3253 00bc 0C4B     		ldr	r3, .L252+24
 3254 00be 0122     		movs	r2, #1
 3255 00c0 1A60     		str	r2, [r3]
 3256 00c2 F5E7     		b	.L245
 3257              	.L251:
2175:Middlewares/Third_Party/FreeRTOS/Source/tasks.c **** 					}
 3258              		.loc 1 2175 7 is_stmt 1 view .LVU926
2175:Middlewares/Third_Party/FreeRTOS/Source/tasks.c **** 					}
 3259              		.loc 1 2175 21 is_stmt 0 view .LVU927
 3260 00c4 0B4B     		ldr	r3, .L252+28
 3261 00c6 0022     		movs	r2, #0
 3262 00c8 1A60     		str	r2, [r3]
ARM GAS  C:\Users\31005\AppData\Local\Temp\ccNQ0Tdy.s 			page 164


 3263 00ca E2E7     		b	.L244
 3264              	.LVL230:
 3265              	.L247:
2175:Middlewares/Third_Party/FreeRTOS/Source/tasks.c **** 					}
 3266              		.loc 1 2175 21 view .LVU928
 3267              	.LBE167:
2102:Middlewares/Third_Party/FreeRTOS/Source/tasks.c **** 
 3268              		.loc 1 2102 12 view .LVU929
 3269 00cc 0024     		movs	r4, #0
 3270              	.LVL231:
 3271              	.L238:
2200:Middlewares/Third_Party/FreeRTOS/Source/tasks.c **** 		}
 3272              		.loc 1 2200 28 is_stmt 1 view .LVU930
2203:Middlewares/Third_Party/FreeRTOS/Source/tasks.c **** 
 3273              		.loc 1 2203 2 view .LVU931
 3274 00ce FFF7FEFF 		bl	vPortExitCritical
 3275              	.LVL232:
2205:Middlewares/Third_Party/FreeRTOS/Source/tasks.c **** }
 3276              		.loc 1 2205 2 view .LVU932
2206:Middlewares/Third_Party/FreeRTOS/Source/tasks.c **** /*-----------------------------------------------------------*/
 3277              		.loc 1 2206 1 is_stmt 0 view .LVU933
 3278 00d2 2046     		mov	r0, r4
 3279 00d4 38BD     		pop	{r3, r4, r5, pc}
 3280              	.LVL233:
 3281              	.L253:
2206:Middlewares/Third_Party/FreeRTOS/Source/tasks.c **** /*-----------------------------------------------------------*/
 3282              		.loc 1 2206 1 view .LVU934
 3283 00d6 00BF     		.align	2
 3284              	.L252:
 3285 00d8 00000000 		.word	uxSchedulerSuspended
 3286 00dc 00000000 		.word	uxCurrentNumberOfTasks
 3287 00e0 00000000 		.word	xPendingReadyList
 3288 00e4 00000000 		.word	uxTopReadyPriority
 3289 00e8 00000000 		.word	pxReadyTasksLists
 3290 00ec 00000000 		.word	pxCurrentTCB
 3291 00f0 00000000 		.word	xYieldPending
 3292 00f4 00000000 		.word	uxPendedTicks
 3293              		.cfi_endproc
 3294              	.LFE22:
 3296              		.section	.text.vTaskDelayUntil,"ax",%progbits
 3297              		.align	1
 3298              		.global	vTaskDelayUntil
 3299              		.syntax unified
 3300              		.thumb
 3301              		.thumb_func
 3303              	vTaskDelayUntil:
 3304              	.LVL234:
 3305              	.LFB9:
1199:Middlewares/Third_Party/FreeRTOS/Source/tasks.c **** 	TickType_t xTimeToWake;
 3306              		.loc 1 1199 2 is_stmt 1 view -0
 3307              		.cfi_startproc
 3308              		@ args = 0, pretend = 0, frame = 0
 3309              		@ frame_needed = 0, uses_anonymous_args = 0
1199:Middlewares/Third_Party/FreeRTOS/Source/tasks.c **** 	TickType_t xTimeToWake;
 3310              		.loc 1 1199 2 is_stmt 0 view .LVU936
 3311 0000 38B5     		push	{r3, r4, r5, lr}
 3312              	.LCFI29:
ARM GAS  C:\Users\31005\AppData\Local\Temp\ccNQ0Tdy.s 			page 165


 3313              		.cfi_def_cfa_offset 16
 3314              		.cfi_offset 3, -16
 3315              		.cfi_offset 4, -12
 3316              		.cfi_offset 5, -8
 3317              		.cfi_offset 14, -4
1200:Middlewares/Third_Party/FreeRTOS/Source/tasks.c **** 	BaseType_t xAlreadyYielded, xShouldDelay = pdFALSE;
 3318              		.loc 1 1200 2 is_stmt 1 view .LVU937
1201:Middlewares/Third_Party/FreeRTOS/Source/tasks.c **** 
 3319              		.loc 1 1201 2 view .LVU938
 3320              	.LVL235:
1203:Middlewares/Third_Party/FreeRTOS/Source/tasks.c **** 		configASSERT( ( xTimeIncrement > 0U ) );
 3321              		.loc 1 1203 3 view .LVU939
 3322 0002 58B1     		cbz	r0, .L270
 3323 0004 0C46     		mov	r4, r1
 3324 0006 0546     		mov	r5, r0
1203:Middlewares/Third_Party/FreeRTOS/Source/tasks.c **** 		configASSERT( ( xTimeIncrement > 0U ) );
 3325              		.loc 1 1203 37 discriminator 2 view .LVU940
1204:Middlewares/Third_Party/FreeRTOS/Source/tasks.c **** 		configASSERT( uxSchedulerSuspended == 0 );
 3326              		.loc 1 1204 3 discriminator 2 view .LVU941
 3327 0008 89B9     		cbnz	r1, .L257
1204:Middlewares/Third_Party/FreeRTOS/Source/tasks.c **** 		configASSERT( uxSchedulerSuspended == 0 );
 3328              		.loc 1 1204 3 view .LVU942
 3329              	.LBB168:
 3330              	.LBI168:
 191:Middlewares/Third_Party/FreeRTOS/Source/portable/GCC/ARM_CM4F/portmacro.h **** {
 3331              		.loc 2 191 30 view .LVU943
 3332              	.LBB169:
 193:Middlewares/Third_Party/FreeRTOS/Source/portable/GCC/ARM_CM4F/portmacro.h **** 
 3333              		.loc 2 193 1 view .LVU944
 195:Middlewares/Third_Party/FreeRTOS/Source/portable/GCC/ARM_CM4F/portmacro.h **** 	(
 3334              		.loc 2 195 2 view .LVU945
 3335              		.syntax unified
 3336              	@ 195 "Middlewares/Third_Party/FreeRTOS/Source/portable/GCC/ARM_CM4F/portmacro.h" 1
 3337 000a 4FF05003 			mov r3, #80												
 3338 000e 83F31188 		msr basepri, r3											
 3339 0012 BFF36F8F 		isb														
 3340 0016 BFF34F8F 		dsb														
 3341              	
 3342              	@ 0 "" 2
 3343              	.LVL236:
 3344              		.thumb
 3345              		.syntax unified
 3346              	.L258:
 195:Middlewares/Third_Party/FreeRTOS/Source/portable/GCC/ARM_CM4F/portmacro.h **** 	(
 3347              		.loc 2 195 2 is_stmt 0 view .LVU946
 3348              	.LBE169:
 3349              	.LBE168:
1204:Middlewares/Third_Party/FreeRTOS/Source/tasks.c **** 		configASSERT( uxSchedulerSuspended == 0 );
 3350              		.loc 1 1204 3 is_stmt 1 discriminator 2 view .LVU947
1204:Middlewares/Third_Party/FreeRTOS/Source/tasks.c **** 		configASSERT( uxSchedulerSuspended == 0 );
 3351              		.loc 1 1204 3 discriminator 2 view .LVU948
 3352 001a FEE7     		b	.L258
 3353              	.L270:
1203:Middlewares/Third_Party/FreeRTOS/Source/tasks.c **** 		configASSERT( ( xTimeIncrement > 0U ) );
 3354              		.loc 1 1203 3 view .LVU949
 3355              	.LBB170:
 3356              	.LBI170:
ARM GAS  C:\Users\31005\AppData\Local\Temp\ccNQ0Tdy.s 			page 166


 191:Middlewares/Third_Party/FreeRTOS/Source/portable/GCC/ARM_CM4F/portmacro.h **** {
 3357              		.loc 2 191 30 view .LVU950
 3358              	.LBB171:
 193:Middlewares/Third_Party/FreeRTOS/Source/portable/GCC/ARM_CM4F/portmacro.h **** 
 3359              		.loc 2 193 1 view .LVU951
 195:Middlewares/Third_Party/FreeRTOS/Source/portable/GCC/ARM_CM4F/portmacro.h **** 	(
 3360              		.loc 2 195 2 view .LVU952
 3361              		.syntax unified
 3362              	@ 195 "Middlewares/Third_Party/FreeRTOS/Source/portable/GCC/ARM_CM4F/portmacro.h" 1
 3363 001c 4FF05003 			mov r3, #80												
 3364 0020 83F31188 		msr basepri, r3											
 3365 0024 BFF36F8F 		isb														
 3366 0028 BFF34F8F 		dsb														
 3367              	
 3368              	@ 0 "" 2
 3369              	.LVL237:
 3370              		.thumb
 3371              		.syntax unified
 3372              	.L256:
 195:Middlewares/Third_Party/FreeRTOS/Source/portable/GCC/ARM_CM4F/portmacro.h **** 	(
 3373              		.loc 2 195 2 is_stmt 0 view .LVU953
 3374              	.LBE171:
 3375              	.LBE170:
1203:Middlewares/Third_Party/FreeRTOS/Source/tasks.c **** 		configASSERT( ( xTimeIncrement > 0U ) );
 3376              		.loc 1 1203 3 is_stmt 1 discriminator 1 view .LVU954
1203:Middlewares/Third_Party/FreeRTOS/Source/tasks.c **** 		configASSERT( ( xTimeIncrement > 0U ) );
 3377              		.loc 1 1203 3 discriminator 1 view .LVU955
 3378 002c FEE7     		b	.L256
 3379              	.L257:
1204:Middlewares/Third_Party/FreeRTOS/Source/tasks.c **** 		configASSERT( uxSchedulerSuspended == 0 );
 3380              		.loc 1 1204 42 discriminator 2 view .LVU956
1205:Middlewares/Third_Party/FreeRTOS/Source/tasks.c **** 
 3381              		.loc 1 1205 3 discriminator 2 view .LVU957
 3382 002e 1B4B     		ldr	r3, .L271
 3383 0030 1B68     		ldr	r3, [r3]
 3384 0032 43B1     		cbz	r3, .L259
1205:Middlewares/Third_Party/FreeRTOS/Source/tasks.c **** 
 3385              		.loc 1 1205 3 view .LVU958
 3386              	.LBB172:
 3387              	.LBI172:
 191:Middlewares/Third_Party/FreeRTOS/Source/portable/GCC/ARM_CM4F/portmacro.h **** {
 3388              		.loc 2 191 30 view .LVU959
 3389              	.LBB173:
 193:Middlewares/Third_Party/FreeRTOS/Source/portable/GCC/ARM_CM4F/portmacro.h **** 
 3390              		.loc 2 193 1 view .LVU960
 195:Middlewares/Third_Party/FreeRTOS/Source/portable/GCC/ARM_CM4F/portmacro.h **** 	(
 3391              		.loc 2 195 2 view .LVU961
 3392              		.syntax unified
 3393              	@ 195 "Middlewares/Third_Party/FreeRTOS/Source/portable/GCC/ARM_CM4F/portmacro.h" 1
 3394 0034 4FF05003 			mov r3, #80												
 3395 0038 83F31188 		msr basepri, r3											
 3396 003c BFF36F8F 		isb														
 3397 0040 BFF34F8F 		dsb														
 3398              	
 3399              	@ 0 "" 2
 3400              	.LVL238:
 3401              		.thumb
ARM GAS  C:\Users\31005\AppData\Local\Temp\ccNQ0Tdy.s 			page 167


 3402              		.syntax unified
 3403              	.L260:
 195:Middlewares/Third_Party/FreeRTOS/Source/portable/GCC/ARM_CM4F/portmacro.h **** 	(
 3404              		.loc 2 195 2 is_stmt 0 view .LVU962
 3405              	.LBE173:
 3406              	.LBE172:
1205:Middlewares/Third_Party/FreeRTOS/Source/tasks.c **** 
 3407              		.loc 1 1205 3 is_stmt 1 discriminator 3 view .LVU963
1205:Middlewares/Third_Party/FreeRTOS/Source/tasks.c **** 
 3408              		.loc 1 1205 3 discriminator 3 view .LVU964
 3409 0044 FEE7     		b	.L260
 3410              	.L259:
1205:Middlewares/Third_Party/FreeRTOS/Source/tasks.c **** 
 3411              		.loc 1 1205 44 discriminator 2 view .LVU965
1207:Middlewares/Third_Party/FreeRTOS/Source/tasks.c **** 		{
 3412              		.loc 1 1207 3 discriminator 2 view .LVU966
 3413 0046 FFF7FEFF 		bl	vTaskSuspendAll
 3414              	.LVL239:
 3415              	.LBB174:
1211:Middlewares/Third_Party/FreeRTOS/Source/tasks.c **** 
 3416              		.loc 1 1211 4 discriminator 2 view .LVU967
1211:Middlewares/Third_Party/FreeRTOS/Source/tasks.c **** 
 3417              		.loc 1 1211 21 is_stmt 0 discriminator 2 view .LVU968
 3418 004a 154B     		ldr	r3, .L271+4
 3419 004c 1868     		ldr	r0, [r3]
 3420              	.LVL240:
1214:Middlewares/Third_Party/FreeRTOS/Source/tasks.c **** 
 3421              		.loc 1 1214 4 is_stmt 1 discriminator 2 view .LVU969
1214:Middlewares/Third_Party/FreeRTOS/Source/tasks.c **** 
 3422              		.loc 1 1214 18 is_stmt 0 discriminator 2 view .LVU970
 3423 004e 2B68     		ldr	r3, [r5]
1214:Middlewares/Third_Party/FreeRTOS/Source/tasks.c **** 
 3424              		.loc 1 1214 16 discriminator 2 view .LVU971
 3425 0050 1C44     		add	r4, r4, r3
 3426              	.LVL241:
1216:Middlewares/Third_Party/FreeRTOS/Source/tasks.c **** 			{
 3427              		.loc 1 1216 4 is_stmt 1 discriminator 2 view .LVU972
1216:Middlewares/Third_Party/FreeRTOS/Source/tasks.c **** 			{
 3428              		.loc 1 1216 6 is_stmt 0 discriminator 2 view .LVU973
 3429 0052 8342     		cmp	r3, r0
 3430 0054 09D9     		bls	.L261
1223:Middlewares/Third_Party/FreeRTOS/Source/tasks.c **** 				{
 3431              		.loc 1 1223 5 is_stmt 1 view .LVU974
1223:Middlewares/Third_Party/FreeRTOS/Source/tasks.c **** 				{
 3432              		.loc 1 1223 7 is_stmt 0 view .LVU975
 3433 0056 A342     		cmp	r3, r4
 3434 0058 01D8     		bhi	.L262
1248:Middlewares/Third_Party/FreeRTOS/Source/tasks.c **** 
 3435              		.loc 1 1248 4 is_stmt 1 view .LVU976
1248:Middlewares/Third_Party/FreeRTOS/Source/tasks.c **** 
 3436              		.loc 1 1248 24 is_stmt 0 view .LVU977
 3437 005a 2C60     		str	r4, [r5]
1250:Middlewares/Third_Party/FreeRTOS/Source/tasks.c **** 			{
 3438              		.loc 1 1250 4 is_stmt 1 view .LVU978
 3439 005c 0EE0     		b	.L263
 3440              	.L262:
1223:Middlewares/Third_Party/FreeRTOS/Source/tasks.c **** 				{
ARM GAS  C:\Users\31005\AppData\Local\Temp\ccNQ0Tdy.s 			page 168


 3441              		.loc 1 1223 47 is_stmt 0 discriminator 1 view .LVU979
 3442 005e A042     		cmp	r0, r4
 3443 0060 01D3     		bcc	.L264
1248:Middlewares/Third_Party/FreeRTOS/Source/tasks.c **** 
 3444              		.loc 1 1248 4 is_stmt 1 view .LVU980
1248:Middlewares/Third_Party/FreeRTOS/Source/tasks.c **** 
 3445              		.loc 1 1248 24 is_stmt 0 view .LVU981
 3446 0062 2C60     		str	r4, [r5]
1250:Middlewares/Third_Party/FreeRTOS/Source/tasks.c **** 			{
 3447              		.loc 1 1250 4 is_stmt 1 view .LVU982
 3448 0064 0AE0     		b	.L263
 3449              	.L264:
1225:Middlewares/Third_Party/FreeRTOS/Source/tasks.c **** 				}
 3450              		.loc 1 1225 6 view .LVU983
 3451              	.LVL242:
1248:Middlewares/Third_Party/FreeRTOS/Source/tasks.c **** 
 3452              		.loc 1 1248 4 view .LVU984
1248:Middlewares/Third_Party/FreeRTOS/Source/tasks.c **** 
 3453              		.loc 1 1248 24 is_stmt 0 view .LVU985
 3454 0066 2C60     		str	r4, [r5]
1250:Middlewares/Third_Party/FreeRTOS/Source/tasks.c **** 			{
 3455              		.loc 1 1250 4 is_stmt 1 view .LVU986
 3456 0068 04E0     		b	.L265
 3457              	.LVL243:
 3458              	.L261:
1237:Middlewares/Third_Party/FreeRTOS/Source/tasks.c **** 				{
 3459              		.loc 1 1237 5 view .LVU987
1237:Middlewares/Third_Party/FreeRTOS/Source/tasks.c **** 				{
 3460              		.loc 1 1237 7 is_stmt 0 view .LVU988
 3461 006a A342     		cmp	r3, r4
 3462 006c 01D8     		bhi	.L266
1237:Middlewares/Third_Party/FreeRTOS/Source/tasks.c **** 				{
 3463              		.loc 1 1237 47 discriminator 1 view .LVU989
 3464 006e A042     		cmp	r0, r4
 3465 0070 12D2     		bcs	.L267
 3466              	.L266:
1239:Middlewares/Third_Party/FreeRTOS/Source/tasks.c **** 				}
 3467              		.loc 1 1239 6 is_stmt 1 view .LVU990
 3468              	.LVL244:
1248:Middlewares/Third_Party/FreeRTOS/Source/tasks.c **** 
 3469              		.loc 1 1248 4 view .LVU991
1248:Middlewares/Third_Party/FreeRTOS/Source/tasks.c **** 
 3470              		.loc 1 1248 24 is_stmt 0 view .LVU992
 3471 0072 2C60     		str	r4, [r5]
1250:Middlewares/Third_Party/FreeRTOS/Source/tasks.c **** 			{
 3472              		.loc 1 1250 4 is_stmt 1 view .LVU993
 3473              	.L265:
1252:Middlewares/Third_Party/FreeRTOS/Source/tasks.c **** 
 3474              		.loc 1 1252 41 view .LVU994
1256:Middlewares/Third_Party/FreeRTOS/Source/tasks.c **** 			}
 3475              		.loc 1 1256 5 view .LVU995
 3476 0074 0021     		movs	r1, #0
 3477 0076 201A     		subs	r0, r4, r0
 3478              	.LVL245:
1256:Middlewares/Third_Party/FreeRTOS/Source/tasks.c **** 			}
 3479              		.loc 1 1256 5 is_stmt 0 view .LVU996
 3480 0078 FFF7FEFF 		bl	prvAddCurrentTaskToDelayedList
ARM GAS  C:\Users\31005\AppData\Local\Temp\ccNQ0Tdy.s 			page 169


 3481              	.LVL246:
 3482              	.L263:
1260:Middlewares/Third_Party/FreeRTOS/Source/tasks.c **** 			}
 3483              		.loc 1 1260 29 is_stmt 1 view .LVU997
 3484              	.LBE174:
1263:Middlewares/Third_Party/FreeRTOS/Source/tasks.c **** 
 3485              		.loc 1 1263 3 view .LVU998
1263:Middlewares/Third_Party/FreeRTOS/Source/tasks.c **** 
 3486              		.loc 1 1263 21 is_stmt 0 view .LVU999
 3487 007c FFF7FEFF 		bl	xTaskResumeAll
 3488              	.LVL247:
1267:Middlewares/Third_Party/FreeRTOS/Source/tasks.c **** 		{
 3489              		.loc 1 1267 3 is_stmt 1 view .LVU1000
1267:Middlewares/Third_Party/FreeRTOS/Source/tasks.c **** 		{
 3490              		.loc 1 1267 5 is_stmt 0 view .LVU1001
 3491 0080 48B9     		cbnz	r0, .L254
1269:Middlewares/Third_Party/FreeRTOS/Source/tasks.c **** 		}
 3492              		.loc 1 1269 4 is_stmt 1 view .LVU1002
 3493 0082 4FF0E023 		mov	r3, #-536813568
 3494 0086 4FF08052 		mov	r2, #268435456
 3495 008a C3F8042D 		str	r2, [r3, #3332]
1269:Middlewares/Third_Party/FreeRTOS/Source/tasks.c **** 		}
 3496              		.loc 1 1269 4 view .LVU1003
 3497              		.syntax unified
 3498              	@ 1269 "Middlewares/Third_Party/FreeRTOS/Source/tasks.c" 1
 3499 008e BFF34F8F 		dsb
 3500              	@ 0 "" 2
1269:Middlewares/Third_Party/FreeRTOS/Source/tasks.c **** 		}
 3501              		.loc 1 1269 4 view .LVU1004
 3502              	@ 1269 "Middlewares/Third_Party/FreeRTOS/Source/tasks.c" 1
 3503 0092 BFF36F8F 		isb
 3504              	@ 0 "" 2
1269:Middlewares/Third_Party/FreeRTOS/Source/tasks.c **** 		}
 3505              		.loc 1 1269 26 view .LVU1005
1273:Middlewares/Third_Party/FreeRTOS/Source/tasks.c **** 		}
 3506              		.loc 1 1273 28 view .LVU1006
 3507              		.thumb
 3508              		.syntax unified
 3509              	.L254:
1275:Middlewares/Third_Party/FreeRTOS/Source/tasks.c **** 
 3510              		.loc 1 1275 2 is_stmt 0 view .LVU1007
 3511 0096 38BD     		pop	{r3, r4, r5, pc}
 3512              	.LVL248:
 3513              	.L267:
 3514              	.LBB175:
1248:Middlewares/Third_Party/FreeRTOS/Source/tasks.c **** 
 3515              		.loc 1 1248 4 is_stmt 1 view .LVU1008
1248:Middlewares/Third_Party/FreeRTOS/Source/tasks.c **** 
 3516              		.loc 1 1248 24 is_stmt 0 view .LVU1009
 3517 0098 2C60     		str	r4, [r5]
1250:Middlewares/Third_Party/FreeRTOS/Source/tasks.c **** 			{
 3518              		.loc 1 1250 4 is_stmt 1 view .LVU1010
 3519 009a EFE7     		b	.L263
 3520              	.L272:
 3521              		.align	2
 3522              	.L271:
 3523 009c 00000000 		.word	uxSchedulerSuspended
ARM GAS  C:\Users\31005\AppData\Local\Temp\ccNQ0Tdy.s 			page 170


 3524 00a0 00000000 		.word	xTickCount
 3525              	.LBE175:
 3526              		.cfi_endproc
 3527              	.LFE9:
 3529              		.section	.text.vTaskDelay,"ax",%progbits
 3530              		.align	1
 3531              		.global	vTaskDelay
 3532              		.syntax unified
 3533              		.thumb
 3534              		.thumb_func
 3536              	vTaskDelay:
 3537              	.LVL249:
 3538              	.LFB10:
1283:Middlewares/Third_Party/FreeRTOS/Source/tasks.c **** 	BaseType_t xAlreadyYielded = pdFALSE;
 3539              		.loc 1 1283 2 view -0
 3540              		.cfi_startproc
 3541              		@ args = 0, pretend = 0, frame = 0
 3542              		@ frame_needed = 0, uses_anonymous_args = 0
1283:Middlewares/Third_Party/FreeRTOS/Source/tasks.c **** 	BaseType_t xAlreadyYielded = pdFALSE;
 3543              		.loc 1 1283 2 is_stmt 0 view .LVU1012
 3544 0000 10B5     		push	{r4, lr}
 3545              	.LCFI30:
 3546              		.cfi_def_cfa_offset 8
 3547              		.cfi_offset 4, -8
 3548              		.cfi_offset 14, -4
1284:Middlewares/Third_Party/FreeRTOS/Source/tasks.c **** 
 3549              		.loc 1 1284 2 is_stmt 1 view .LVU1013
 3550              	.LVL250:
1287:Middlewares/Third_Party/FreeRTOS/Source/tasks.c **** 		{
 3551              		.loc 1 1287 3 view .LVU1014
1287:Middlewares/Third_Party/FreeRTOS/Source/tasks.c **** 		{
 3552              		.loc 1 1287 5 is_stmt 0 view .LVU1015
 3553 0002 A8B1     		cbz	r0, .L274
 3554 0004 0446     		mov	r4, r0
1289:Middlewares/Third_Party/FreeRTOS/Source/tasks.c **** 			vTaskSuspendAll();
 3555              		.loc 1 1289 4 is_stmt 1 view .LVU1016
 3556 0006 104B     		ldr	r3, .L279
 3557 0008 1B68     		ldr	r3, [r3]
 3558 000a 43B1     		cbz	r3, .L275
1289:Middlewares/Third_Party/FreeRTOS/Source/tasks.c **** 			vTaskSuspendAll();
 3559              		.loc 1 1289 4 view .LVU1017
 3560              	.LBB176:
 3561              	.LBI176:
 191:Middlewares/Third_Party/FreeRTOS/Source/portable/GCC/ARM_CM4F/portmacro.h **** {
 3562              		.loc 2 191 30 view .LVU1018
 3563              	.LBB177:
 193:Middlewares/Third_Party/FreeRTOS/Source/portable/GCC/ARM_CM4F/portmacro.h **** 
 3564              		.loc 2 193 1 view .LVU1019
 195:Middlewares/Third_Party/FreeRTOS/Source/portable/GCC/ARM_CM4F/portmacro.h **** 	(
 3565              		.loc 2 195 2 view .LVU1020
 3566              		.syntax unified
 3567              	@ 195 "Middlewares/Third_Party/FreeRTOS/Source/portable/GCC/ARM_CM4F/portmacro.h" 1
 3568 000c 4FF05003 			mov r3, #80												
 3569 0010 83F31188 		msr basepri, r3											
 3570 0014 BFF36F8F 		isb														
 3571 0018 BFF34F8F 		dsb														
 3572              	
ARM GAS  C:\Users\31005\AppData\Local\Temp\ccNQ0Tdy.s 			page 171


 3573              	@ 0 "" 2
 3574              	.LVL251:
 3575              		.thumb
 3576              		.syntax unified
 3577              	.L276:
 195:Middlewares/Third_Party/FreeRTOS/Source/portable/GCC/ARM_CM4F/portmacro.h **** 	(
 3578              		.loc 2 195 2 is_stmt 0 view .LVU1021
 3579              	.LBE177:
 3580              	.LBE176:
1289:Middlewares/Third_Party/FreeRTOS/Source/tasks.c **** 			vTaskSuspendAll();
 3581              		.loc 1 1289 4 is_stmt 1 discriminator 1 view .LVU1022
1289:Middlewares/Third_Party/FreeRTOS/Source/tasks.c **** 			vTaskSuspendAll();
 3582              		.loc 1 1289 4 discriminator 1 view .LVU1023
 3583 001c FEE7     		b	.L276
 3584              	.L275:
1289:Middlewares/Third_Party/FreeRTOS/Source/tasks.c **** 			vTaskSuspendAll();
 3585              		.loc 1 1289 45 discriminator 2 view .LVU1024
1290:Middlewares/Third_Party/FreeRTOS/Source/tasks.c **** 			{
 3586              		.loc 1 1290 4 discriminator 2 view .LVU1025
 3587 001e FFF7FEFF 		bl	vTaskSuspendAll
 3588              	.LVL252:
1292:Middlewares/Third_Party/FreeRTOS/Source/tasks.c **** 
 3589              		.loc 1 1292 22 discriminator 2 view .LVU1026
1301:Middlewares/Third_Party/FreeRTOS/Source/tasks.c **** 			}
 3590              		.loc 1 1301 5 discriminator 2 view .LVU1027
 3591 0022 0021     		movs	r1, #0
 3592 0024 2046     		mov	r0, r4
 3593 0026 FFF7FEFF 		bl	prvAddCurrentTaskToDelayedList
 3594              	.LVL253:
1303:Middlewares/Third_Party/FreeRTOS/Source/tasks.c **** 		}
 3595              		.loc 1 1303 4 discriminator 2 view .LVU1028
1303:Middlewares/Third_Party/FreeRTOS/Source/tasks.c **** 		}
 3596              		.loc 1 1303 22 is_stmt 0 discriminator 2 view .LVU1029
 3597 002a FFF7FEFF 		bl	xTaskResumeAll
 3598              	.LVL254:
1307:Middlewares/Third_Party/FreeRTOS/Source/tasks.c **** 		}
 3599              		.loc 1 1307 28 is_stmt 1 discriminator 2 view .LVU1030
1312:Middlewares/Third_Party/FreeRTOS/Source/tasks.c **** 		{
 3600              		.loc 1 1312 3 discriminator 2 view .LVU1031
1312:Middlewares/Third_Party/FreeRTOS/Source/tasks.c **** 		{
 3601              		.loc 1 1312 5 is_stmt 0 discriminator 2 view .LVU1032
 3602 002e 48B9     		cbnz	r0, .L273
 3603              	.LVL255:
 3604              	.L274:
1314:Middlewares/Third_Party/FreeRTOS/Source/tasks.c **** 		}
 3605              		.loc 1 1314 4 is_stmt 1 view .LVU1033
 3606 0030 4FF0E023 		mov	r3, #-536813568
 3607 0034 4FF08052 		mov	r2, #268435456
 3608 0038 C3F8042D 		str	r2, [r3, #3332]
1314:Middlewares/Third_Party/FreeRTOS/Source/tasks.c **** 		}
 3609              		.loc 1 1314 4 view .LVU1034
 3610              		.syntax unified
 3611              	@ 1314 "Middlewares/Third_Party/FreeRTOS/Source/tasks.c" 1
 3612 003c BFF34F8F 		dsb
 3613              	@ 0 "" 2
1314:Middlewares/Third_Party/FreeRTOS/Source/tasks.c **** 		}
 3614              		.loc 1 1314 4 view .LVU1035
ARM GAS  C:\Users\31005\AppData\Local\Temp\ccNQ0Tdy.s 			page 172


 3615              	@ 1314 "Middlewares/Third_Party/FreeRTOS/Source/tasks.c" 1
 3616 0040 BFF36F8F 		isb
 3617              	@ 0 "" 2
1314:Middlewares/Third_Party/FreeRTOS/Source/tasks.c **** 		}
 3618              		.loc 1 1314 26 view .LVU1036
1318:Middlewares/Third_Party/FreeRTOS/Source/tasks.c **** 		}
 3619              		.loc 1 1318 28 view .LVU1037
 3620              		.thumb
 3621              		.syntax unified
 3622              	.L273:
1320:Middlewares/Third_Party/FreeRTOS/Source/tasks.c **** 
 3623              		.loc 1 1320 2 is_stmt 0 view .LVU1038
 3624 0044 10BD     		pop	{r4, pc}
 3625              	.L280:
 3626 0046 00BF     		.align	2
 3627              	.L279:
 3628 0048 00000000 		.word	uxSchedulerSuspended
 3629              		.cfi_endproc
 3630              	.LFE10:
 3632              		.section	.text.vTaskSwitchContext,"ax",%progbits
 3633              		.align	1
 3634              		.global	vTaskSwitchContext
 3635              		.syntax unified
 3636              		.thumb
 3637              		.thumb_func
 3639              	vTaskSwitchContext:
 3640              	.LFB29:
2846:Middlewares/Third_Party/FreeRTOS/Source/tasks.c **** 	if( uxSchedulerSuspended != ( UBaseType_t ) pdFALSE )
 3641              		.loc 1 2846 1 is_stmt 1 view -0
 3642              		.cfi_startproc
 3643              		@ args = 0, pretend = 0, frame = 0
 3644              		@ frame_needed = 0, uses_anonymous_args = 0
 3645              		@ link register save eliminated.
2847:Middlewares/Third_Party/FreeRTOS/Source/tasks.c **** 	{
 3646              		.loc 1 2847 2 view .LVU1040
2847:Middlewares/Third_Party/FreeRTOS/Source/tasks.c **** 	{
 3647              		.loc 1 2847 27 is_stmt 0 view .LVU1041
 3648 0000 204B     		ldr	r3, .L292
 3649 0002 1B68     		ldr	r3, [r3]
2847:Middlewares/Third_Party/FreeRTOS/Source/tasks.c **** 	{
 3650              		.loc 1 2847 4 view .LVU1042
 3651 0004 1BB1     		cbz	r3, .L282
2851:Middlewares/Third_Party/FreeRTOS/Source/tasks.c **** 	}
 3652              		.loc 1 2851 3 is_stmt 1 view .LVU1043
2851:Middlewares/Third_Party/FreeRTOS/Source/tasks.c **** 	}
 3653              		.loc 1 2851 17 is_stmt 0 view .LVU1044
 3654 0006 204B     		ldr	r3, .L292+4
 3655 0008 0122     		movs	r2, #1
 3656 000a 1A60     		str	r2, [r3]
 3657 000c 7047     		bx	lr
 3658              	.L282:
2855:Middlewares/Third_Party/FreeRTOS/Source/tasks.c **** 		traceTASK_SWITCHED_OUT();
 3659              		.loc 1 2855 3 is_stmt 1 view .LVU1045
2855:Middlewares/Third_Party/FreeRTOS/Source/tasks.c **** 		traceTASK_SWITCHED_OUT();
 3660              		.loc 1 2855 17 is_stmt 0 view .LVU1046
 3661 000e 1E4B     		ldr	r3, .L292+4
 3662 0010 0022     		movs	r2, #0
ARM GAS  C:\Users\31005\AppData\Local\Temp\ccNQ0Tdy.s 			page 173


 3663 0012 1A60     		str	r2, [r3]
2856:Middlewares/Third_Party/FreeRTOS/Source/tasks.c **** 
 3664              		.loc 1 2856 27 is_stmt 1 view .LVU1047
2886:Middlewares/Third_Party/FreeRTOS/Source/tasks.c **** 
 3665              		.loc 1 2886 33 view .LVU1048
 3666              	.LBB178:
2890:Middlewares/Third_Party/FreeRTOS/Source/tasks.c **** 		traceTASK_SWITCHED_IN();
 3667              		.loc 1 2890 3 view .LVU1049
 3668 0014 1D4B     		ldr	r3, .L292+8
 3669 0016 1B68     		ldr	r3, [r3]
 3670              	.LVL256:
2890:Middlewares/Third_Party/FreeRTOS/Source/tasks.c **** 		traceTASK_SWITCHED_IN();
 3671              		.loc 1 2890 3 view .LVU1050
 3672              	.L284:
2890:Middlewares/Third_Party/FreeRTOS/Source/tasks.c **** 		traceTASK_SWITCHED_IN();
 3673              		.loc 1 2890 3 discriminator 5 view .LVU1051
 3674 0018 03EB8301 		add	r1, r3, r3, lsl #2
 3675 001c 8A00     		lsls	r2, r1, #2
 3676 001e 1C49     		ldr	r1, .L292+12
 3677 0020 8A58     		ldr	r2, [r1, r2]
 3678 0022 5AB9     		cbnz	r2, .L289
2890:Middlewares/Third_Party/FreeRTOS/Source/tasks.c **** 		traceTASK_SWITCHED_IN();
 3679              		.loc 1 2890 3 discriminator 6 view .LVU1052
 3680 0024 0BB1     		cbz	r3, .L290
2890:Middlewares/Third_Party/FreeRTOS/Source/tasks.c **** 		traceTASK_SWITCHED_IN();
 3681              		.loc 1 2890 3 discriminator 3 view .LVU1053
2890:Middlewares/Third_Party/FreeRTOS/Source/tasks.c **** 		traceTASK_SWITCHED_IN();
 3682              		.loc 1 2890 3 discriminator 3 view .LVU1054
 3683 0026 013B     		subs	r3, r3, #1
 3684              	.LVL257:
2890:Middlewares/Third_Party/FreeRTOS/Source/tasks.c **** 		traceTASK_SWITCHED_IN();
 3685              		.loc 1 2890 3 is_stmt 0 discriminator 3 view .LVU1055
 3686 0028 F6E7     		b	.L284
 3687              	.L290:
2890:Middlewares/Third_Party/FreeRTOS/Source/tasks.c **** 		traceTASK_SWITCHED_IN();
 3688              		.loc 1 2890 3 is_stmt 1 view .LVU1056
 3689              	.LBB179:
 3690              	.LBI179:
 191:Middlewares/Third_Party/FreeRTOS/Source/portable/GCC/ARM_CM4F/portmacro.h **** {
 3691              		.loc 2 191 30 view .LVU1057
 3692              	.LBB180:
 193:Middlewares/Third_Party/FreeRTOS/Source/portable/GCC/ARM_CM4F/portmacro.h **** 
 3693              		.loc 2 193 1 view .LVU1058
 195:Middlewares/Third_Party/FreeRTOS/Source/portable/GCC/ARM_CM4F/portmacro.h **** 	(
 3694              		.loc 2 195 2 view .LVU1059
 3695              		.syntax unified
 3696              	@ 195 "Middlewares/Third_Party/FreeRTOS/Source/portable/GCC/ARM_CM4F/portmacro.h" 1
 3697 002a 4FF05003 			mov r3, #80												
 3698 002e 83F31188 		msr basepri, r3											
 3699 0032 BFF36F8F 		isb														
 3700 0036 BFF34F8F 		dsb														
 3701              	
 3702              	@ 0 "" 2
 3703              	.LVL258:
 3704              		.thumb
 3705              		.syntax unified
 3706              	.L286:
ARM GAS  C:\Users\31005\AppData\Local\Temp\ccNQ0Tdy.s 			page 174


 195:Middlewares/Third_Party/FreeRTOS/Source/portable/GCC/ARM_CM4F/portmacro.h **** 	(
 3707              		.loc 2 195 2 is_stmt 0 view .LVU1060
 3708              	.LBE180:
 3709              	.LBE179:
2890:Middlewares/Third_Party/FreeRTOS/Source/tasks.c **** 		traceTASK_SWITCHED_IN();
 3710              		.loc 1 2890 3 is_stmt 1 discriminator 1 view .LVU1061
2890:Middlewares/Third_Party/FreeRTOS/Source/tasks.c **** 		traceTASK_SWITCHED_IN();
 3711              		.loc 1 2890 3 discriminator 1 view .LVU1062
 3712 003a FEE7     		b	.L286
 3713              	.LVL259:
 3714              	.L289:
 3715              	.LBB181:
2890:Middlewares/Third_Party/FreeRTOS/Source/tasks.c **** 		traceTASK_SWITCHED_IN();
 3716              		.loc 1 2890 3 discriminator 7 view .LVU1063
2890:Middlewares/Third_Party/FreeRTOS/Source/tasks.c **** 		traceTASK_SWITCHED_IN();
 3717              		.loc 1 2890 3 discriminator 7 view .LVU1064
 3718 003c 0846     		mov	r0, r1
 3719 003e 03EB8301 		add	r1, r3, r3, lsl #2
 3720 0042 8A00     		lsls	r2, r1, #2
 3721 0044 0244     		add	r2, r2, r0
 3722 0046 5168     		ldr	r1, [r2, #4]
 3723 0048 4968     		ldr	r1, [r1, #4]
 3724 004a 5160     		str	r1, [r2, #4]
2890:Middlewares/Third_Party/FreeRTOS/Source/tasks.c **** 		traceTASK_SWITCHED_IN();
 3725              		.loc 1 2890 3 discriminator 7 view .LVU1065
 3726 004c 03EB830C 		add	ip, r3, r3, lsl #2
 3727 0050 4FEA8C02 		lsl	r2, ip, #2
 3728 0054 0832     		adds	r2, r2, #8
 3729 0056 0244     		add	r2, r2, r0
 3730 0058 9142     		cmp	r1, r2
 3731 005a 0BD0     		beq	.L291
 3732              	.L288:
2890:Middlewares/Third_Party/FreeRTOS/Source/tasks.c **** 		traceTASK_SWITCHED_IN();
 3733              		.loc 1 2890 3 discriminator 10 view .LVU1066
 3734 005c 03EB8302 		add	r2, r3, r3, lsl #2
 3735 0060 9100     		lsls	r1, r2, #2
 3736 0062 0B4A     		ldr	r2, .L292+12
 3737 0064 0A44     		add	r2, r2, r1
 3738 0066 5268     		ldr	r2, [r2, #4]
 3739 0068 D168     		ldr	r1, [r2, #12]
 3740 006a 0A4A     		ldr	r2, .L292+16
 3741 006c 1160     		str	r1, [r2]
 3742              	.LBE181:
2890:Middlewares/Third_Party/FreeRTOS/Source/tasks.c **** 		traceTASK_SWITCHED_IN();
 3743              		.loc 1 2890 3 discriminator 10 view .LVU1067
2890:Middlewares/Third_Party/FreeRTOS/Source/tasks.c **** 		traceTASK_SWITCHED_IN();
 3744              		.loc 1 2890 3 discriminator 10 view .LVU1068
 3745 006e 074A     		ldr	r2, .L292+8
 3746 0070 1360     		str	r3, [r2]
 3747              	.LBE178:
2890:Middlewares/Third_Party/FreeRTOS/Source/tasks.c **** 		traceTASK_SWITCHED_IN();
 3748              		.loc 1 2890 37 discriminator 10 view .LVU1069
2891:Middlewares/Third_Party/FreeRTOS/Source/tasks.c **** 
 3749              		.loc 1 2891 26 discriminator 10 view .LVU1070
2901:Middlewares/Third_Party/FreeRTOS/Source/tasks.c **** /*-----------------------------------------------------------*/
 3750              		.loc 1 2901 1 is_stmt 0 discriminator 10 view .LVU1071
 3751 0072 7047     		bx	lr
ARM GAS  C:\Users\31005\AppData\Local\Temp\ccNQ0Tdy.s 			page 175


 3752              	.L291:
 3753              	.LBB183:
 3754              	.LBB182:
2890:Middlewares/Third_Party/FreeRTOS/Source/tasks.c **** 		traceTASK_SWITCHED_IN();
 3755              		.loc 1 2890 3 is_stmt 1 discriminator 8 view .LVU1072
 3756 0074 4868     		ldr	r0, [r1, #4]
 3757 0076 6246     		mov	r2, ip
 3758 0078 9100     		lsls	r1, r2, #2
 3759 007a 054A     		ldr	r2, .L292+12
 3760 007c 0A44     		add	r2, r2, r1
 3761 007e 5060     		str	r0, [r2, #4]
 3762 0080 ECE7     		b	.L288
 3763              	.L293:
 3764 0082 00BF     		.align	2
 3765              	.L292:
 3766 0084 00000000 		.word	uxSchedulerSuspended
 3767 0088 00000000 		.word	xYieldPending
 3768 008c 00000000 		.word	uxTopReadyPriority
 3769 0090 00000000 		.word	pxReadyTasksLists
 3770 0094 00000000 		.word	pxCurrentTCB
 3771              	.LBE182:
 3772              	.LBE183:
 3773              		.cfi_endproc
 3774              	.LFE29:
 3776              		.section	.text.vTaskSuspend,"ax",%progbits
 3777              		.align	1
 3778              		.global	vTaskSuspend
 3779              		.syntax unified
 3780              		.thumb
 3781              		.thumb_func
 3783              	vTaskSuspend:
 3784              	.LVL260:
 3785              	.LFB15:
1625:Middlewares/Third_Party/FreeRTOS/Source/tasks.c **** 	TCB_t *pxTCB;
 3786              		.loc 1 1625 2 view -0
 3787              		.cfi_startproc
 3788              		@ args = 0, pretend = 0, frame = 0
 3789              		@ frame_needed = 0, uses_anonymous_args = 0
1625:Middlewares/Third_Party/FreeRTOS/Source/tasks.c **** 	TCB_t *pxTCB;
 3790              		.loc 1 1625 2 is_stmt 0 view .LVU1074
 3791 0000 38B5     		push	{r3, r4, r5, lr}
 3792              	.LCFI31:
 3793              		.cfi_def_cfa_offset 16
 3794              		.cfi_offset 3, -16
 3795              		.cfi_offset 4, -12
 3796              		.cfi_offset 5, -8
 3797              		.cfi_offset 14, -4
 3798 0002 0446     		mov	r4, r0
1626:Middlewares/Third_Party/FreeRTOS/Source/tasks.c **** 
 3799              		.loc 1 1626 2 is_stmt 1 view .LVU1075
1628:Middlewares/Third_Party/FreeRTOS/Source/tasks.c **** 		{
 3800              		.loc 1 1628 3 view .LVU1076
 3801 0004 FFF7FEFF 		bl	vPortEnterCritical
 3802              	.LVL261:
1632:Middlewares/Third_Party/FreeRTOS/Source/tasks.c **** 
 3803              		.loc 1 1632 4 view .LVU1077
1632:Middlewares/Third_Party/FreeRTOS/Source/tasks.c **** 
ARM GAS  C:\Users\31005\AppData\Local\Temp\ccNQ0Tdy.s 			page 176


 3804              		.loc 1 1632 12 is_stmt 0 view .LVU1078
 3805 0008 E4B1     		cbz	r4, .L305
 3806              	.LVL262:
 3807              	.L295:
1634:Middlewares/Third_Party/FreeRTOS/Source/tasks.c **** 
 3808              		.loc 1 1634 30 is_stmt 1 discriminator 4 view .LVU1079
1638:Middlewares/Third_Party/FreeRTOS/Source/tasks.c **** 			{
 3809              		.loc 1 1638 4 discriminator 4 view .LVU1080
1638:Middlewares/Third_Party/FreeRTOS/Source/tasks.c **** 			{
 3810              		.loc 1 1638 8 is_stmt 0 discriminator 4 view .LVU1081
 3811 000a 251D     		adds	r5, r4, #4
 3812 000c 2846     		mov	r0, r5
 3813 000e FFF7FEFF 		bl	uxListRemove
 3814              	.LVL263:
1644:Middlewares/Third_Party/FreeRTOS/Source/tasks.c **** 			}
 3815              		.loc 1 1644 29 is_stmt 1 discriminator 4 view .LVU1082
1648:Middlewares/Third_Party/FreeRTOS/Source/tasks.c **** 			{
 3816              		.loc 1 1648 4 discriminator 4 view .LVU1083
1648:Middlewares/Third_Party/FreeRTOS/Source/tasks.c **** 			{
 3817              		.loc 1 1648 8 is_stmt 0 discriminator 4 view .LVU1084
 3818 0012 A36A     		ldr	r3, [r4, #40]
1648:Middlewares/Third_Party/FreeRTOS/Source/tasks.c **** 			{
 3819              		.loc 1 1648 6 discriminator 4 view .LVU1085
 3820 0014 1BB1     		cbz	r3, .L296
1650:Middlewares/Third_Party/FreeRTOS/Source/tasks.c **** 			}
 3821              		.loc 1 1650 5 is_stmt 1 view .LVU1086
1650:Middlewares/Third_Party/FreeRTOS/Source/tasks.c **** 			}
 3822              		.loc 1 1650 14 is_stmt 0 view .LVU1087
 3823 0016 04F11800 		add	r0, r4, #24
 3824 001a FFF7FEFF 		bl	uxListRemove
 3825              	.LVL264:
 3826              	.L296:
1654:Middlewares/Third_Party/FreeRTOS/Source/tasks.c **** 			}
 3827              		.loc 1 1654 29 is_stmt 1 view .LVU1088
1657:Middlewares/Third_Party/FreeRTOS/Source/tasks.c **** 
 3828              		.loc 1 1657 4 view .LVU1089
 3829 001e 2946     		mov	r1, r5
 3830 0020 2348     		ldr	r0, .L309
 3831 0022 FFF7FEFF 		bl	vListInsertEnd
 3832              	.LVL265:
1661:Middlewares/Third_Party/FreeRTOS/Source/tasks.c **** 				{
 3833              		.loc 1 1661 5 view .LVU1090
1661:Middlewares/Third_Party/FreeRTOS/Source/tasks.c **** 				{
 3834              		.loc 1 1661 14 is_stmt 0 view .LVU1091
 3835 0026 94F85830 		ldrb	r3, [r4, #88]	@ zero_extendqisi2
 3836 002a DBB2     		uxtb	r3, r3
1661:Middlewares/Third_Party/FreeRTOS/Source/tasks.c **** 				{
 3837              		.loc 1 1661 7 view .LVU1092
 3838 002c 012B     		cmp	r3, #1
 3839 002e 0CD0     		beq	.L306
 3840              	.L297:
1670:Middlewares/Third_Party/FreeRTOS/Source/tasks.c **** 
 3841              		.loc 1 1670 3 is_stmt 1 view .LVU1093
 3842 0030 FFF7FEFF 		bl	vPortExitCritical
 3843              	.LVL266:
1672:Middlewares/Third_Party/FreeRTOS/Source/tasks.c **** 		{
 3844              		.loc 1 1672 3 view .LVU1094
ARM GAS  C:\Users\31005\AppData\Local\Temp\ccNQ0Tdy.s 			page 177


1672:Middlewares/Third_Party/FreeRTOS/Source/tasks.c **** 		{
 3845              		.loc 1 1672 25 is_stmt 0 view .LVU1095
 3846 0034 1F4B     		ldr	r3, .L309+4
 3847 0036 1B68     		ldr	r3, [r3]
1672:Middlewares/Third_Party/FreeRTOS/Source/tasks.c **** 		{
 3848              		.loc 1 1672 5 view .LVU1096
 3849 0038 5BB9     		cbnz	r3, .L307
 3850              	.L298:
1684:Middlewares/Third_Party/FreeRTOS/Source/tasks.c **** 		}
 3851              		.loc 1 1684 28 is_stmt 1 view .LVU1097
1687:Middlewares/Third_Party/FreeRTOS/Source/tasks.c **** 		{
 3852              		.loc 1 1687 3 view .LVU1098
1687:Middlewares/Third_Party/FreeRTOS/Source/tasks.c **** 		{
 3853              		.loc 1 1687 13 is_stmt 0 view .LVU1099
 3854 003a 1F4B     		ldr	r3, .L309+8
 3855 003c 1B68     		ldr	r3, [r3]
1687:Middlewares/Third_Party/FreeRTOS/Source/tasks.c **** 		{
 3856              		.loc 1 1687 5 view .LVU1100
 3857 003e A342     		cmp	r3, r4
 3858 0040 0ED0     		beq	.L308
 3859              	.L294:
1718:Middlewares/Third_Party/FreeRTOS/Source/tasks.c **** 
 3860              		.loc 1 1718 2 view .LVU1101
 3861 0042 38BD     		pop	{r3, r4, r5, pc}
 3862              	.LVL267:
 3863              	.L305:
1632:Middlewares/Third_Party/FreeRTOS/Source/tasks.c **** 
 3864              		.loc 1 1632 12 discriminator 1 view .LVU1102
 3865 0044 1C4B     		ldr	r3, .L309+8
 3866 0046 1C68     		ldr	r4, [r3]
 3867              	.LVL268:
1632:Middlewares/Third_Party/FreeRTOS/Source/tasks.c **** 
 3868              		.loc 1 1632 12 discriminator 1 view .LVU1103
 3869 0048 DFE7     		b	.L295
 3870              	.LVL269:
 3871              	.L306:
1665:Middlewares/Third_Party/FreeRTOS/Source/tasks.c **** 				}
 3872              		.loc 1 1665 6 is_stmt 1 view .LVU1104
1665:Middlewares/Third_Party/FreeRTOS/Source/tasks.c **** 				}
 3873              		.loc 1 1665 27 is_stmt 0 view .LVU1105
 3874 004a 0023     		movs	r3, #0
 3875 004c 84F85830 		strb	r3, [r4, #88]
 3876 0050 EEE7     		b	.L297
 3877              	.L307:
1676:Middlewares/Third_Party/FreeRTOS/Source/tasks.c **** 			{
 3878              		.loc 1 1676 4 is_stmt 1 view .LVU1106
 3879 0052 FFF7FEFF 		bl	vPortEnterCritical
 3880              	.LVL270:
1678:Middlewares/Third_Party/FreeRTOS/Source/tasks.c **** 			}
 3881              		.loc 1 1678 5 view .LVU1107
 3882 0056 FFF7FEFF 		bl	prvResetNextTaskUnblockTime
 3883              	.LVL271:
1680:Middlewares/Third_Party/FreeRTOS/Source/tasks.c **** 		}
 3884              		.loc 1 1680 4 view .LVU1108
 3885 005a FFF7FEFF 		bl	vPortExitCritical
 3886              	.LVL272:
 3887 005e ECE7     		b	.L298
ARM GAS  C:\Users\31005\AppData\Local\Temp\ccNQ0Tdy.s 			page 178


 3888              	.L308:
1689:Middlewares/Third_Party/FreeRTOS/Source/tasks.c **** 			{
 3889              		.loc 1 1689 4 view .LVU1109
1689:Middlewares/Third_Party/FreeRTOS/Source/tasks.c **** 			{
 3890              		.loc 1 1689 26 is_stmt 0 view .LVU1110
 3891 0060 144B     		ldr	r3, .L309+4
 3892 0062 1B68     		ldr	r3, [r3]
1689:Middlewares/Third_Party/FreeRTOS/Source/tasks.c **** 			{
 3893              		.loc 1 1689 6 view .LVU1111
 3894 0064 B3B1     		cbz	r3, .L300
1692:Middlewares/Third_Party/FreeRTOS/Source/tasks.c **** 				portYIELD_WITHIN_API();
 3895              		.loc 1 1692 5 is_stmt 1 view .LVU1112
 3896 0066 154B     		ldr	r3, .L309+12
 3897 0068 1B68     		ldr	r3, [r3]
 3898 006a 43B1     		cbz	r3, .L301
1692:Middlewares/Third_Party/FreeRTOS/Source/tasks.c **** 				portYIELD_WITHIN_API();
 3899              		.loc 1 1692 5 view .LVU1113
 3900              	.LBB184:
 3901              	.LBI184:
 191:Middlewares/Third_Party/FreeRTOS/Source/portable/GCC/ARM_CM4F/portmacro.h **** {
 3902              		.loc 2 191 30 view .LVU1114
 3903              	.LBB185:
 193:Middlewares/Third_Party/FreeRTOS/Source/portable/GCC/ARM_CM4F/portmacro.h **** 
 3904              		.loc 2 193 1 view .LVU1115
 195:Middlewares/Third_Party/FreeRTOS/Source/portable/GCC/ARM_CM4F/portmacro.h **** 	(
 3905              		.loc 2 195 2 view .LVU1116
 3906              		.syntax unified
 3907              	@ 195 "Middlewares/Third_Party/FreeRTOS/Source/portable/GCC/ARM_CM4F/portmacro.h" 1
 3908 006c 4FF05003 			mov r3, #80												
 3909 0070 83F31188 		msr basepri, r3											
 3910 0074 BFF36F8F 		isb														
 3911 0078 BFF34F8F 		dsb														
 3912              	
 3913              	@ 0 "" 2
 3914              	.LVL273:
 3915              		.thumb
 3916              		.syntax unified
 3917              	.L302:
 195:Middlewares/Third_Party/FreeRTOS/Source/portable/GCC/ARM_CM4F/portmacro.h **** 	(
 3918              		.loc 2 195 2 is_stmt 0 view .LVU1117
 3919              	.LBE185:
 3920              	.LBE184:
1692:Middlewares/Third_Party/FreeRTOS/Source/tasks.c **** 				portYIELD_WITHIN_API();
 3921              		.loc 1 1692 5 is_stmt 1 discriminator 1 view .LVU1118
1692:Middlewares/Third_Party/FreeRTOS/Source/tasks.c **** 				portYIELD_WITHIN_API();
 3922              		.loc 1 1692 5 discriminator 1 view .LVU1119
 3923 007c FEE7     		b	.L302
 3924              	.L301:
1692:Middlewares/Third_Party/FreeRTOS/Source/tasks.c **** 				portYIELD_WITHIN_API();
 3925              		.loc 1 1692 46 discriminator 2 view .LVU1120
1693:Middlewares/Third_Party/FreeRTOS/Source/tasks.c **** 			}
 3926              		.loc 1 1693 5 discriminator 2 view .LVU1121
 3927 007e 4FF0E023 		mov	r3, #-536813568
 3928 0082 4FF08052 		mov	r2, #268435456
 3929 0086 C3F8042D 		str	r2, [r3, #3332]
1693:Middlewares/Third_Party/FreeRTOS/Source/tasks.c **** 			}
 3930              		.loc 1 1693 5 discriminator 2 view .LVU1122
ARM GAS  C:\Users\31005\AppData\Local\Temp\ccNQ0Tdy.s 			page 179


 3931              		.syntax unified
 3932              	@ 1693 "Middlewares/Third_Party/FreeRTOS/Source/tasks.c" 1
 3933 008a BFF34F8F 		dsb
 3934              	@ 0 "" 2
1693:Middlewares/Third_Party/FreeRTOS/Source/tasks.c **** 			}
 3935              		.loc 1 1693 5 discriminator 2 view .LVU1123
 3936              	@ 1693 "Middlewares/Third_Party/FreeRTOS/Source/tasks.c" 1
 3937 008e BFF36F8F 		isb
 3938              	@ 0 "" 2
1693:Middlewares/Third_Party/FreeRTOS/Source/tasks.c **** 			}
 3939              		.loc 1 1693 27 discriminator 2 view .LVU1124
 3940              		.thumb
 3941              		.syntax unified
 3942 0092 D6E7     		b	.L294
 3943              	.L300:
1700:Middlewares/Third_Party/FreeRTOS/Source/tasks.c **** 				{
 3944              		.loc 1 1700 5 view .LVU1125
1700:Middlewares/Third_Party/FreeRTOS/Source/tasks.c **** 				{
 3945              		.loc 1 1700 9 is_stmt 0 view .LVU1126
 3946 0094 064B     		ldr	r3, .L309
 3947 0096 1A68     		ldr	r2, [r3]
1700:Middlewares/Third_Party/FreeRTOS/Source/tasks.c **** 				{
 3948              		.loc 1 1700 56 view .LVU1127
 3949 0098 094B     		ldr	r3, .L309+16
 3950 009a 1B68     		ldr	r3, [r3]
1700:Middlewares/Third_Party/FreeRTOS/Source/tasks.c **** 				{
 3951              		.loc 1 1700 7 view .LVU1128
 3952 009c 9A42     		cmp	r2, r3
 3953 009e 03D1     		bne	.L303
1706:Middlewares/Third_Party/FreeRTOS/Source/tasks.c **** 				}
 3954              		.loc 1 1706 6 is_stmt 1 view .LVU1129
1706:Middlewares/Third_Party/FreeRTOS/Source/tasks.c **** 				}
 3955              		.loc 1 1706 19 is_stmt 0 view .LVU1130
 3956 00a0 054B     		ldr	r3, .L309+8
 3957 00a2 0022     		movs	r2, #0
 3958 00a4 1A60     		str	r2, [r3]
 3959 00a6 CCE7     		b	.L294
 3960              	.L303:
1710:Middlewares/Third_Party/FreeRTOS/Source/tasks.c **** 				}
 3961              		.loc 1 1710 6 is_stmt 1 view .LVU1131
 3962 00a8 FFF7FEFF 		bl	vTaskSwitchContext
 3963              	.LVL274:
1716:Middlewares/Third_Party/FreeRTOS/Source/tasks.c **** 		}
 3964              		.loc 1 1716 28 view .LVU1132
1718:Middlewares/Third_Party/FreeRTOS/Source/tasks.c **** 
 3965              		.loc 1 1718 2 is_stmt 0 view .LVU1133
 3966 00ac C9E7     		b	.L294
 3967              	.L310:
 3968 00ae 00BF     		.align	2
 3969              	.L309:
 3970 00b0 00000000 		.word	xSuspendedTaskList
 3971 00b4 00000000 		.word	xSchedulerRunning
 3972 00b8 00000000 		.word	pxCurrentTCB
 3973 00bc 00000000 		.word	uxSchedulerSuspended
 3974 00c0 00000000 		.word	uxCurrentNumberOfTasks
 3975              		.cfi_endproc
 3976              	.LFE15:
ARM GAS  C:\Users\31005\AppData\Local\Temp\ccNQ0Tdy.s 			page 180


 3978              		.section	.text.vTaskPlaceOnEventList,"ax",%progbits
 3979              		.align	1
 3980              		.global	vTaskPlaceOnEventList
 3981              		.syntax unified
 3982              		.thumb
 3983              		.thumb_func
 3985              	vTaskPlaceOnEventList:
 3986              	.LVL275:
 3987              	.LFB30:
2905:Middlewares/Third_Party/FreeRTOS/Source/tasks.c **** 	configASSERT( pxEventList );
 3988              		.loc 1 2905 1 is_stmt 1 view -0
 3989              		.cfi_startproc
 3990              		@ args = 0, pretend = 0, frame = 0
 3991              		@ frame_needed = 0, uses_anonymous_args = 0
2906:Middlewares/Third_Party/FreeRTOS/Source/tasks.c **** 
 3992              		.loc 1 2906 2 view .LVU1135
 3993 0000 58B1     		cbz	r0, .L316
2905:Middlewares/Third_Party/FreeRTOS/Source/tasks.c **** 	configASSERT( pxEventList );
 3994              		.loc 1 2905 1 is_stmt 0 discriminator 2 view .LVU1136
 3995 0002 10B5     		push	{r4, lr}
 3996              	.LCFI32:
 3997              		.cfi_def_cfa_offset 8
 3998              		.cfi_offset 4, -8
 3999              		.cfi_offset 14, -4
 4000 0004 0C46     		mov	r4, r1
2906:Middlewares/Third_Party/FreeRTOS/Source/tasks.c **** 
 4001              		.loc 1 2906 29 is_stmt 1 discriminator 2 view .LVU1137
2915:Middlewares/Third_Party/FreeRTOS/Source/tasks.c **** 
 4002              		.loc 1 2915 2 discriminator 2 view .LVU1138
2915:Middlewares/Third_Party/FreeRTOS/Source/tasks.c **** 
 4003              		.loc 1 2915 43 is_stmt 0 discriminator 2 view .LVU1139
 4004 0006 094A     		ldr	r2, .L317
 4005 0008 1168     		ldr	r1, [r2]
 4006              	.LVL276:
2915:Middlewares/Third_Party/FreeRTOS/Source/tasks.c **** 
 4007              		.loc 1 2915 2 discriminator 2 view .LVU1140
 4008 000a 1831     		adds	r1, r1, #24
 4009 000c FFF7FEFF 		bl	vListInsert
 4010              	.LVL277:
2917:Middlewares/Third_Party/FreeRTOS/Source/tasks.c **** }
 4011              		.loc 1 2917 2 is_stmt 1 discriminator 2 view .LVU1141
 4012 0010 0121     		movs	r1, #1
 4013 0012 2046     		mov	r0, r4
 4014 0014 FFF7FEFF 		bl	prvAddCurrentTaskToDelayedList
 4015              	.LVL278:
2918:Middlewares/Third_Party/FreeRTOS/Source/tasks.c **** /*-----------------------------------------------------------*/
 4016              		.loc 1 2918 1 is_stmt 0 discriminator 2 view .LVU1142
 4017 0018 10BD     		pop	{r4, pc}
 4018              	.LVL279:
 4019              	.L316:
 4020              	.LCFI33:
 4021              		.cfi_def_cfa_offset 0
 4022              		.cfi_restore 4
 4023              		.cfi_restore 14
2906:Middlewares/Third_Party/FreeRTOS/Source/tasks.c **** 
 4024              		.loc 1 2906 2 is_stmt 1 view .LVU1143
 4025              	.LBB186:
ARM GAS  C:\Users\31005\AppData\Local\Temp\ccNQ0Tdy.s 			page 181


 4026              	.LBI186:
 191:Middlewares/Third_Party/FreeRTOS/Source/portable/GCC/ARM_CM4F/portmacro.h **** {
 4027              		.loc 2 191 30 view .LVU1144
 4028              	.LBB187:
 193:Middlewares/Third_Party/FreeRTOS/Source/portable/GCC/ARM_CM4F/portmacro.h **** 
 4029              		.loc 2 193 1 view .LVU1145
 195:Middlewares/Third_Party/FreeRTOS/Source/portable/GCC/ARM_CM4F/portmacro.h **** 	(
 4030              		.loc 2 195 2 view .LVU1146
 4031              		.syntax unified
 4032              	@ 195 "Middlewares/Third_Party/FreeRTOS/Source/portable/GCC/ARM_CM4F/portmacro.h" 1
 4033 001a 4FF05003 			mov r3, #80												
 4034 001e 83F31188 		msr basepri, r3											
 4035 0022 BFF36F8F 		isb														
 4036 0026 BFF34F8F 		dsb														
 4037              	
 4038              	@ 0 "" 2
 4039              	.LVL280:
 4040              		.thumb
 4041              		.syntax unified
 4042              	.L313:
 195:Middlewares/Third_Party/FreeRTOS/Source/portable/GCC/ARM_CM4F/portmacro.h **** 	(
 4043              		.loc 2 195 2 is_stmt 0 view .LVU1147
 4044              	.LBE187:
 4045              	.LBE186:
2906:Middlewares/Third_Party/FreeRTOS/Source/tasks.c **** 
 4046              		.loc 1 2906 2 is_stmt 1 discriminator 1 view .LVU1148
2906:Middlewares/Third_Party/FreeRTOS/Source/tasks.c **** 
 4047              		.loc 1 2906 2 discriminator 1 view .LVU1149
 4048 002a FEE7     		b	.L313
 4049              	.L318:
 4050              		.align	2
 4051              	.L317:
 4052 002c 00000000 		.word	pxCurrentTCB
 4053              		.cfi_endproc
 4054              	.LFE30:
 4056              		.section	.text.vTaskPlaceOnUnorderedEventList,"ax",%progbits
 4057              		.align	1
 4058              		.global	vTaskPlaceOnUnorderedEventList
 4059              		.syntax unified
 4060              		.thumb
 4061              		.thumb_func
 4063              	vTaskPlaceOnUnorderedEventList:
 4064              	.LVL281:
 4065              	.LFB31:
2922:Middlewares/Third_Party/FreeRTOS/Source/tasks.c **** 	configASSERT( pxEventList );
 4066              		.loc 1 2922 1 view -0
 4067              		.cfi_startproc
 4068              		@ args = 0, pretend = 0, frame = 0
 4069              		@ frame_needed = 0, uses_anonymous_args = 0
2923:Middlewares/Third_Party/FreeRTOS/Source/tasks.c **** 
 4070              		.loc 1 2923 2 view .LVU1151
 4071 0000 70B1     		cbz	r0, .L326
2922:Middlewares/Third_Party/FreeRTOS/Source/tasks.c **** 	configASSERT( pxEventList );
 4072              		.loc 1 2922 1 is_stmt 0 discriminator 2 view .LVU1152
 4073 0002 10B5     		push	{r4, lr}
 4074              	.LCFI34:
 4075              		.cfi_def_cfa_offset 8
ARM GAS  C:\Users\31005\AppData\Local\Temp\ccNQ0Tdy.s 			page 182


 4076              		.cfi_offset 4, -8
 4077              		.cfi_offset 14, -4
 4078 0004 1446     		mov	r4, r2
 4079 0006 0246     		mov	r2, r0
 4080              	.LVL282:
2923:Middlewares/Third_Party/FreeRTOS/Source/tasks.c **** 
 4081              		.loc 1 2923 29 is_stmt 1 discriminator 2 view .LVU1153
2927:Middlewares/Third_Party/FreeRTOS/Source/tasks.c **** 
 4082              		.loc 1 2927 2 discriminator 2 view .LVU1154
 4083 0008 114B     		ldr	r3, .L327
 4084 000a 1B68     		ldr	r3, [r3]
 4085 000c 8BB9     		cbnz	r3, .L322
2927:Middlewares/Third_Party/FreeRTOS/Source/tasks.c **** 
 4086              		.loc 1 2927 2 view .LVU1155
 4087              	.LBB188:
 4088              	.LBI188:
 191:Middlewares/Third_Party/FreeRTOS/Source/portable/GCC/ARM_CM4F/portmacro.h **** {
 4089              		.loc 2 191 30 view .LVU1156
 4090              	.LBB189:
 193:Middlewares/Third_Party/FreeRTOS/Source/portable/GCC/ARM_CM4F/portmacro.h **** 
 4091              		.loc 2 193 1 view .LVU1157
 195:Middlewares/Third_Party/FreeRTOS/Source/portable/GCC/ARM_CM4F/portmacro.h **** 	(
 4092              		.loc 2 195 2 view .LVU1158
 4093              		.syntax unified
 4094              	@ 195 "Middlewares/Third_Party/FreeRTOS/Source/portable/GCC/ARM_CM4F/portmacro.h" 1
 4095 000e 4FF05003 			mov r3, #80												
 4096 0012 83F31188 		msr basepri, r3											
 4097 0016 BFF36F8F 		isb														
 4098 001a BFF34F8F 		dsb														
 4099              	
 4100              	@ 0 "" 2
 4101              	.LVL283:
 4102              		.thumb
 4103              		.syntax unified
 4104              	.L323:
 195:Middlewares/Third_Party/FreeRTOS/Source/portable/GCC/ARM_CM4F/portmacro.h **** 	(
 4105              		.loc 2 195 2 is_stmt 0 view .LVU1159
 4106              	.LBE189:
 4107              	.LBE188:
2927:Middlewares/Third_Party/FreeRTOS/Source/tasks.c **** 
 4108              		.loc 1 2927 2 is_stmt 1 discriminator 2 view .LVU1160
2927:Middlewares/Third_Party/FreeRTOS/Source/tasks.c **** 
 4109              		.loc 1 2927 2 discriminator 2 view .LVU1161
 4110 001e FEE7     		b	.L323
 4111              	.LVL284:
 4112              	.L326:
 4113              	.LCFI35:
 4114              		.cfi_def_cfa_offset 0
 4115              		.cfi_restore 4
 4116              		.cfi_restore 14
2923:Middlewares/Third_Party/FreeRTOS/Source/tasks.c **** 
 4117              		.loc 1 2923 2 view .LVU1162
 4118              	.LBB190:
 4119              	.LBI190:
 191:Middlewares/Third_Party/FreeRTOS/Source/portable/GCC/ARM_CM4F/portmacro.h **** {
 4120              		.loc 2 191 30 view .LVU1163
 4121              	.LBB191:
ARM GAS  C:\Users\31005\AppData\Local\Temp\ccNQ0Tdy.s 			page 183


 193:Middlewares/Third_Party/FreeRTOS/Source/portable/GCC/ARM_CM4F/portmacro.h **** 
 4122              		.loc 2 193 1 view .LVU1164
 195:Middlewares/Third_Party/FreeRTOS/Source/portable/GCC/ARM_CM4F/portmacro.h **** 	(
 4123              		.loc 2 195 2 view .LVU1165
 4124              		.syntax unified
 4125              	@ 195 "Middlewares/Third_Party/FreeRTOS/Source/portable/GCC/ARM_CM4F/portmacro.h" 1
 4126 0020 4FF05003 			mov r3, #80												
 4127 0024 83F31188 		msr basepri, r3											
 4128 0028 BFF36F8F 		isb														
 4129 002c BFF34F8F 		dsb														
 4130              	
 4131              	@ 0 "" 2
 4132              	.LVL285:
 4133              		.thumb
 4134              		.syntax unified
 4135              	.L321:
 195:Middlewares/Third_Party/FreeRTOS/Source/portable/GCC/ARM_CM4F/portmacro.h **** 	(
 4136              		.loc 2 195 2 is_stmt 0 view .LVU1166
 4137              	.LBE191:
 4138              	.LBE190:
2923:Middlewares/Third_Party/FreeRTOS/Source/tasks.c **** 
 4139              		.loc 1 2923 2 is_stmt 1 discriminator 1 view .LVU1167
2923:Middlewares/Third_Party/FreeRTOS/Source/tasks.c **** 
 4140              		.loc 1 2923 2 discriminator 1 view .LVU1168
 4141 0030 FEE7     		b	.L321
 4142              	.LVL286:
 4143              	.L322:
 4144              	.LCFI36:
 4145              		.cfi_def_cfa_offset 8
 4146              		.cfi_offset 4, -8
 4147              		.cfi_offset 14, -4
2927:Middlewares/Third_Party/FreeRTOS/Source/tasks.c **** 
 4148              		.loc 1 2927 43 discriminator 2 view .LVU1169
2932:Middlewares/Third_Party/FreeRTOS/Source/tasks.c **** 
 4149              		.loc 1 2932 2 discriminator 2 view .LVU1170
 4150 0032 084B     		ldr	r3, .L327+4
 4151 0034 1868     		ldr	r0, [r3]
 4152              	.LVL287:
2932:Middlewares/Third_Party/FreeRTOS/Source/tasks.c **** 
 4153              		.loc 1 2932 2 is_stmt 0 discriminator 2 view .LVU1171
 4154 0036 41F00041 		orr	r1, r1, #-2147483648
 4155              	.LVL288:
2932:Middlewares/Third_Party/FreeRTOS/Source/tasks.c **** 
 4156              		.loc 1 2932 2 discriminator 2 view .LVU1172
 4157 003a 8161     		str	r1, [r0, #24]
2939:Middlewares/Third_Party/FreeRTOS/Source/tasks.c **** 
 4158              		.loc 1 2939 2 is_stmt 1 discriminator 2 view .LVU1173
2939:Middlewares/Third_Party/FreeRTOS/Source/tasks.c **** 
 4159              		.loc 1 2939 46 is_stmt 0 discriminator 2 view .LVU1174
 4160 003c 1968     		ldr	r1, [r3]
2939:Middlewares/Third_Party/FreeRTOS/Source/tasks.c **** 
 4161              		.loc 1 2939 2 discriminator 2 view .LVU1175
 4162 003e 1831     		adds	r1, r1, #24
 4163 0040 1046     		mov	r0, r2
 4164 0042 FFF7FEFF 		bl	vListInsertEnd
 4165              	.LVL289:
2941:Middlewares/Third_Party/FreeRTOS/Source/tasks.c **** }
ARM GAS  C:\Users\31005\AppData\Local\Temp\ccNQ0Tdy.s 			page 184


 4166              		.loc 1 2941 2 is_stmt 1 discriminator 2 view .LVU1176
 4167 0046 0121     		movs	r1, #1
 4168 0048 2046     		mov	r0, r4
 4169 004a FFF7FEFF 		bl	prvAddCurrentTaskToDelayedList
 4170              	.LVL290:
2942:Middlewares/Third_Party/FreeRTOS/Source/tasks.c **** /*-----------------------------------------------------------*/
 4171              		.loc 1 2942 1 is_stmt 0 discriminator 2 view .LVU1177
 4172 004e 10BD     		pop	{r4, pc}
 4173              	.LVL291:
 4174              	.L328:
2942:Middlewares/Third_Party/FreeRTOS/Source/tasks.c **** /*-----------------------------------------------------------*/
 4175              		.loc 1 2942 1 discriminator 2 view .LVU1178
 4176              		.align	2
 4177              	.L327:
 4178 0050 00000000 		.word	uxSchedulerSuspended
 4179 0054 00000000 		.word	pxCurrentTCB
 4180              		.cfi_endproc
 4181              	.LFE31:
 4183              		.section	.text.vTaskPlaceOnEventListRestricted,"ax",%progbits
 4184              		.align	1
 4185              		.global	vTaskPlaceOnEventListRestricted
 4186              		.syntax unified
 4187              		.thumb
 4188              		.thumb_func
 4190              	vTaskPlaceOnEventListRestricted:
 4191              	.LVL292:
 4192              	.LFB32:
2948:Middlewares/Third_Party/FreeRTOS/Source/tasks.c **** 		configASSERT( pxEventList );
 4193              		.loc 1 2948 2 is_stmt 1 view -0
 4194              		.cfi_startproc
 4195              		@ args = 0, pretend = 0, frame = 0
 4196              		@ frame_needed = 0, uses_anonymous_args = 0
2948:Middlewares/Third_Party/FreeRTOS/Source/tasks.c **** 		configASSERT( pxEventList );
 4197              		.loc 1 2948 2 is_stmt 0 view .LVU1180
 4198 0000 38B5     		push	{r3, r4, r5, lr}
 4199              	.LCFI37:
 4200              		.cfi_def_cfa_offset 16
 4201              		.cfi_offset 3, -16
 4202              		.cfi_offset 4, -12
 4203              		.cfi_offset 5, -8
 4204              		.cfi_offset 14, -4
2949:Middlewares/Third_Party/FreeRTOS/Source/tasks.c **** 
 4205              		.loc 1 2949 3 is_stmt 1 view .LVU1181
 4206 0002 70B1     		cbz	r0, .L335
 4207 0004 0D46     		mov	r5, r1
 4208 0006 1446     		mov	r4, r2
2949:Middlewares/Third_Party/FreeRTOS/Source/tasks.c **** 
 4209              		.loc 1 2949 30 discriminator 2 view .LVU1182
2961:Middlewares/Third_Party/FreeRTOS/Source/tasks.c **** 
 4210              		.loc 1 2961 3 discriminator 2 view .LVU1183
2961:Middlewares/Third_Party/FreeRTOS/Source/tasks.c **** 
 4211              		.loc 1 2961 47 is_stmt 0 discriminator 2 view .LVU1184
 4212 0008 0A4A     		ldr	r2, .L336
 4213              	.LVL293:
2961:Middlewares/Third_Party/FreeRTOS/Source/tasks.c **** 
 4214              		.loc 1 2961 47 discriminator 2 view .LVU1185
 4215 000a 1168     		ldr	r1, [r2]
ARM GAS  C:\Users\31005\AppData\Local\Temp\ccNQ0Tdy.s 			page 185


 4216              	.LVL294:
2961:Middlewares/Third_Party/FreeRTOS/Source/tasks.c **** 
 4217              		.loc 1 2961 3 discriminator 2 view .LVU1186
 4218 000c 1831     		adds	r1, r1, #24
 4219 000e FFF7FEFF 		bl	vListInsertEnd
 4220              	.LVL295:
2966:Middlewares/Third_Party/FreeRTOS/Source/tasks.c **** 		{
 4221              		.loc 1 2966 3 is_stmt 1 discriminator 2 view .LVU1187
2966:Middlewares/Third_Party/FreeRTOS/Source/tasks.c **** 		{
 4222              		.loc 1 2966 5 is_stmt 0 discriminator 2 view .LVU1188
 4223 0012 0CB1     		cbz	r4, .L332
2968:Middlewares/Third_Party/FreeRTOS/Source/tasks.c **** 		}
 4224              		.loc 1 2968 17 view .LVU1189
 4225 0014 4FF0FF35 		mov	r5, #-1
 4226              	.LVL296:
 4227              	.L332:
2971:Middlewares/Third_Party/FreeRTOS/Source/tasks.c **** 		prvAddCurrentTaskToDelayedList( xTicksToWait, xWaitIndefinitely );
 4228              		.loc 1 2971 57 is_stmt 1 view .LVU1190
2972:Middlewares/Third_Party/FreeRTOS/Source/tasks.c **** 	}
 4229              		.loc 1 2972 3 view .LVU1191
 4230 0018 2146     		mov	r1, r4
 4231 001a 2846     		mov	r0, r5
 4232 001c FFF7FEFF 		bl	prvAddCurrentTaskToDelayedList
 4233              	.LVL297:
2973:Middlewares/Third_Party/FreeRTOS/Source/tasks.c **** 
 4234              		.loc 1 2973 2 is_stmt 0 view .LVU1192
 4235 0020 38BD     		pop	{r3, r4, r5, pc}
 4236              	.LVL298:
 4237              	.L335:
2949:Middlewares/Third_Party/FreeRTOS/Source/tasks.c **** 
 4238              		.loc 1 2949 3 is_stmt 1 view .LVU1193
 4239              	.LBB192:
 4240              	.LBI192:
 191:Middlewares/Third_Party/FreeRTOS/Source/portable/GCC/ARM_CM4F/portmacro.h **** {
 4241              		.loc 2 191 30 view .LVU1194
 4242              	.LBB193:
 193:Middlewares/Third_Party/FreeRTOS/Source/portable/GCC/ARM_CM4F/portmacro.h **** 
 4243              		.loc 2 193 1 view .LVU1195
 195:Middlewares/Third_Party/FreeRTOS/Source/portable/GCC/ARM_CM4F/portmacro.h **** 	(
 4244              		.loc 2 195 2 view .LVU1196
 4245              		.syntax unified
 4246              	@ 195 "Middlewares/Third_Party/FreeRTOS/Source/portable/GCC/ARM_CM4F/portmacro.h" 1
 4247 0022 4FF05003 			mov r3, #80												
 4248 0026 83F31188 		msr basepri, r3											
 4249 002a BFF36F8F 		isb														
 4250 002e BFF34F8F 		dsb														
 4251              	
 4252              	@ 0 "" 2
 4253              	.LVL299:
 4254              		.thumb
 4255              		.syntax unified
 4256              	.L331:
 195:Middlewares/Third_Party/FreeRTOS/Source/portable/GCC/ARM_CM4F/portmacro.h **** 	(
 4257              		.loc 2 195 2 is_stmt 0 view .LVU1197
 4258              	.LBE193:
 4259              	.LBE192:
2949:Middlewares/Third_Party/FreeRTOS/Source/tasks.c **** 
ARM GAS  C:\Users\31005\AppData\Local\Temp\ccNQ0Tdy.s 			page 186


 4260              		.loc 1 2949 3 is_stmt 1 discriminator 1 view .LVU1198
2949:Middlewares/Third_Party/FreeRTOS/Source/tasks.c **** 
 4261              		.loc 1 2949 3 discriminator 1 view .LVU1199
 4262 0032 FEE7     		b	.L331
 4263              	.L337:
 4264              		.align	2
 4265              	.L336:
 4266 0034 00000000 		.word	pxCurrentTCB
 4267              		.cfi_endproc
 4268              	.LFE32:
 4270              		.section	.text.xTaskRemoveFromEventList,"ax",%progbits
 4271              		.align	1
 4272              		.global	xTaskRemoveFromEventList
 4273              		.syntax unified
 4274              		.thumb
 4275              		.thumb_func
 4277              	xTaskRemoveFromEventList:
 4278              	.LVL300:
 4279              	.LFB33:
2979:Middlewares/Third_Party/FreeRTOS/Source/tasks.c **** TCB_t *pxUnblockedTCB;
 4280              		.loc 1 2979 1 view -0
 4281              		.cfi_startproc
 4282              		@ args = 0, pretend = 0, frame = 0
 4283              		@ frame_needed = 0, uses_anonymous_args = 0
2979:Middlewares/Third_Party/FreeRTOS/Source/tasks.c **** TCB_t *pxUnblockedTCB;
 4284              		.loc 1 2979 1 is_stmt 0 view .LVU1201
 4285 0000 38B5     		push	{r3, r4, r5, lr}
 4286              	.LCFI38:
 4287              		.cfi_def_cfa_offset 16
 4288              		.cfi_offset 3, -16
 4289              		.cfi_offset 4, -12
 4290              		.cfi_offset 5, -8
 4291              		.cfi_offset 14, -4
2980:Middlewares/Third_Party/FreeRTOS/Source/tasks.c **** BaseType_t xReturn;
 4292              		.loc 1 2980 1 is_stmt 1 view .LVU1202
2981:Middlewares/Third_Party/FreeRTOS/Source/tasks.c **** 
 4293              		.loc 1 2981 1 view .LVU1203
2996:Middlewares/Third_Party/FreeRTOS/Source/tasks.c **** 	configASSERT( pxUnblockedTCB );
 4294              		.loc 1 2996 2 view .LVU1204
2996:Middlewares/Third_Party/FreeRTOS/Source/tasks.c **** 	configASSERT( pxUnblockedTCB );
 4295              		.loc 1 2996 31 is_stmt 0 view .LVU1205
 4296 0002 C368     		ldr	r3, [r0, #12]
2996:Middlewares/Third_Party/FreeRTOS/Source/tasks.c **** 	configASSERT( pxUnblockedTCB );
 4297              		.loc 1 2996 17 view .LVU1206
 4298 0004 DC68     		ldr	r4, [r3, #12]
 4299              	.LVL301:
2997:Middlewares/Third_Party/FreeRTOS/Source/tasks.c **** 	( void ) uxListRemove( &( pxUnblockedTCB->xEventListItem ) );
 4300              		.loc 1 2997 2 is_stmt 1 view .LVU1207
 4301 0006 24B3     		cbz	r4, .L347
2997:Middlewares/Third_Party/FreeRTOS/Source/tasks.c **** 	( void ) uxListRemove( &( pxUnblockedTCB->xEventListItem ) );
 4302              		.loc 1 2997 32 discriminator 2 view .LVU1208
2998:Middlewares/Third_Party/FreeRTOS/Source/tasks.c **** 
 4303              		.loc 1 2998 2 discriminator 2 view .LVU1209
2998:Middlewares/Third_Party/FreeRTOS/Source/tasks.c **** 
 4304              		.loc 1 2998 11 is_stmt 0 discriminator 2 view .LVU1210
 4305 0008 04F11805 		add	r5, r4, #24
 4306 000c 2846     		mov	r0, r5
ARM GAS  C:\Users\31005\AppData\Local\Temp\ccNQ0Tdy.s 			page 187


 4307              	.LVL302:
2998:Middlewares/Third_Party/FreeRTOS/Source/tasks.c **** 
 4308              		.loc 1 2998 11 discriminator 2 view .LVU1211
 4309 000e FFF7FEFF 		bl	uxListRemove
 4310              	.LVL303:
3000:Middlewares/Third_Party/FreeRTOS/Source/tasks.c **** 	{
 4311              		.loc 1 3000 2 is_stmt 1 discriminator 2 view .LVU1212
3000:Middlewares/Third_Party/FreeRTOS/Source/tasks.c **** 	{
 4312              		.loc 1 3000 27 is_stmt 0 discriminator 2 view .LVU1213
 4313 0012 184B     		ldr	r3, .L348
 4314 0014 1B68     		ldr	r3, [r3]
3000:Middlewares/Third_Party/FreeRTOS/Source/tasks.c **** 	{
 4315              		.loc 1 3000 4 discriminator 2 view .LVU1214
 4316 0016 2BBB     		cbnz	r3, .L341
3002:Middlewares/Third_Party/FreeRTOS/Source/tasks.c **** 		prvAddTaskToReadyList( pxUnblockedTCB );
 4317              		.loc 1 3002 3 is_stmt 1 view .LVU1215
3002:Middlewares/Third_Party/FreeRTOS/Source/tasks.c **** 		prvAddTaskToReadyList( pxUnblockedTCB );
 4318              		.loc 1 3002 12 is_stmt 0 view .LVU1216
 4319 0018 251D     		adds	r5, r4, #4
 4320 001a 2846     		mov	r0, r5
 4321 001c FFF7FEFF 		bl	uxListRemove
 4322              	.LVL304:
3003:Middlewares/Third_Party/FreeRTOS/Source/tasks.c **** 	}
 4323              		.loc 1 3003 3 is_stmt 1 view .LVU1217
3003:Middlewares/Third_Party/FreeRTOS/Source/tasks.c **** 	}
 4324              		.loc 1 3003 3 view .LVU1218
 4325 0020 E06A     		ldr	r0, [r4, #44]
 4326 0022 154B     		ldr	r3, .L348+4
 4327 0024 1B68     		ldr	r3, [r3]
 4328 0026 9842     		cmp	r0, r3
 4329 0028 01D9     		bls	.L342
3003:Middlewares/Third_Party/FreeRTOS/Source/tasks.c **** 	}
 4330              		.loc 1 3003 3 discriminator 1 view .LVU1219
 4331 002a 134B     		ldr	r3, .L348+4
 4332 002c 1860     		str	r0, [r3]
 4333              	.L342:
3003:Middlewares/Third_Party/FreeRTOS/Source/tasks.c **** 	}
 4334              		.loc 1 3003 3 discriminator 3 view .LVU1220
3003:Middlewares/Third_Party/FreeRTOS/Source/tasks.c **** 	}
 4335              		.loc 1 3003 3 discriminator 3 view .LVU1221
 4336 002e 00EB8000 		add	r0, r0, r0, lsl #2
 4337 0032 2946     		mov	r1, r5
 4338 0034 114B     		ldr	r3, .L348+8
 4339 0036 03EB8000 		add	r0, r3, r0, lsl #2
 4340 003a FFF7FEFF 		bl	vListInsertEnd
 4341              	.LVL305:
3003:Middlewares/Third_Party/FreeRTOS/Source/tasks.c **** 	}
 4342              		.loc 1 3003 42 discriminator 3 view .LVU1222
 4343              	.L343:
3012:Middlewares/Third_Party/FreeRTOS/Source/tasks.c **** 	{
 4344              		.loc 1 3012 2 view .LVU1223
3012:Middlewares/Third_Party/FreeRTOS/Source/tasks.c **** 	{
 4345              		.loc 1 3012 20 is_stmt 0 view .LVU1224
 4346 003e E26A     		ldr	r2, [r4, #44]
3012:Middlewares/Third_Party/FreeRTOS/Source/tasks.c **** 	{
 4347              		.loc 1 3012 47 view .LVU1225
 4348 0040 0F4B     		ldr	r3, .L348+12
ARM GAS  C:\Users\31005\AppData\Local\Temp\ccNQ0Tdy.s 			page 188


 4349 0042 1B68     		ldr	r3, [r3]
 4350 0044 DB6A     		ldr	r3, [r3, #44]
3012:Middlewares/Third_Party/FreeRTOS/Source/tasks.c **** 	{
 4351              		.loc 1 3012 4 view .LVU1226
 4352 0046 9A42     		cmp	r2, r3
 4353 0048 11D9     		bls	.L345
3017:Middlewares/Third_Party/FreeRTOS/Source/tasks.c **** 
 4354              		.loc 1 3017 3 is_stmt 1 view .LVU1227
 4355              	.LVL306:
3021:Middlewares/Third_Party/FreeRTOS/Source/tasks.c **** 	}
 4356              		.loc 1 3021 3 view .LVU1228
3021:Middlewares/Third_Party/FreeRTOS/Source/tasks.c **** 	}
 4357              		.loc 1 3021 17 is_stmt 0 view .LVU1229
 4358 004a 0120     		movs	r0, #1
 4359 004c 0D4B     		ldr	r3, .L348+16
 4360 004e 1860     		str	r0, [r3]
 4361              	.LVL307:
 4362              	.L338:
3043:Middlewares/Third_Party/FreeRTOS/Source/tasks.c **** /*-----------------------------------------------------------*/
 4363              		.loc 1 3043 1 view .LVU1230
 4364 0050 38BD     		pop	{r3, r4, r5, pc}
 4365              	.LVL308:
 4366              	.L347:
2997:Middlewares/Third_Party/FreeRTOS/Source/tasks.c **** 	( void ) uxListRemove( &( pxUnblockedTCB->xEventListItem ) );
 4367              		.loc 1 2997 2 is_stmt 1 view .LVU1231
 4368              	.LBB194:
 4369              	.LBI194:
 191:Middlewares/Third_Party/FreeRTOS/Source/portable/GCC/ARM_CM4F/portmacro.h **** {
 4370              		.loc 2 191 30 view .LVU1232
 4371              	.LBB195:
 193:Middlewares/Third_Party/FreeRTOS/Source/portable/GCC/ARM_CM4F/portmacro.h **** 
 4372              		.loc 2 193 1 view .LVU1233
 195:Middlewares/Third_Party/FreeRTOS/Source/portable/GCC/ARM_CM4F/portmacro.h **** 	(
 4373              		.loc 2 195 2 view .LVU1234
 4374              		.syntax unified
 4375              	@ 195 "Middlewares/Third_Party/FreeRTOS/Source/portable/GCC/ARM_CM4F/portmacro.h" 1
 4376 0052 4FF05003 			mov r3, #80												
 4377 0056 83F31188 		msr basepri, r3											
 4378 005a BFF36F8F 		isb														
 4379 005e BFF34F8F 		dsb														
 4380              	
 4381              	@ 0 "" 2
 4382              	.LVL309:
 4383              		.thumb
 4384              		.syntax unified
 4385              	.L340:
 195:Middlewares/Third_Party/FreeRTOS/Source/portable/GCC/ARM_CM4F/portmacro.h **** 	(
 4386              		.loc 2 195 2 is_stmt 0 view .LVU1235
 4387              	.LBE195:
 4388              	.LBE194:
2997:Middlewares/Third_Party/FreeRTOS/Source/tasks.c **** 	( void ) uxListRemove( &( pxUnblockedTCB->xEventListItem ) );
 4389              		.loc 1 2997 2 is_stmt 1 discriminator 1 view .LVU1236
2997:Middlewares/Third_Party/FreeRTOS/Source/tasks.c **** 	( void ) uxListRemove( &( pxUnblockedTCB->xEventListItem ) );
 4390              		.loc 1 2997 2 discriminator 1 view .LVU1237
 4391 0062 FEE7     		b	.L340
 4392              	.LVL310:
 4393              	.L341:
ARM GAS  C:\Users\31005\AppData\Local\Temp\ccNQ0Tdy.s 			page 189


3009:Middlewares/Third_Party/FreeRTOS/Source/tasks.c **** 	}
 4394              		.loc 1 3009 3 view .LVU1238
 4395 0064 2946     		mov	r1, r5
 4396 0066 0848     		ldr	r0, .L348+20
 4397 0068 FFF7FEFF 		bl	vListInsertEnd
 4398              	.LVL311:
 4399 006c E7E7     		b	.L343
 4400              	.L345:
3025:Middlewares/Third_Party/FreeRTOS/Source/tasks.c **** 	}
 4401              		.loc 1 3025 11 is_stmt 0 view .LVU1239
 4402 006e 0020     		movs	r0, #0
 4403              	.LVL312:
3042:Middlewares/Third_Party/FreeRTOS/Source/tasks.c **** }
 4404              		.loc 1 3042 2 is_stmt 1 view .LVU1240
3042:Middlewares/Third_Party/FreeRTOS/Source/tasks.c **** }
 4405              		.loc 1 3042 9 is_stmt 0 view .LVU1241
 4406 0070 EEE7     		b	.L338
 4407              	.L349:
 4408 0072 00BF     		.align	2
 4409              	.L348:
 4410 0074 00000000 		.word	uxSchedulerSuspended
 4411 0078 00000000 		.word	uxTopReadyPriority
 4412 007c 00000000 		.word	pxReadyTasksLists
 4413 0080 00000000 		.word	pxCurrentTCB
 4414 0084 00000000 		.word	xYieldPending
 4415 0088 00000000 		.word	xPendingReadyList
 4416              		.cfi_endproc
 4417              	.LFE33:
 4419              		.section	.text.vTaskRemoveFromUnorderedEventList,"ax",%progbits
 4420              		.align	1
 4421              		.global	vTaskRemoveFromUnorderedEventList
 4422              		.syntax unified
 4423              		.thumb
 4424              		.thumb_func
 4426              	vTaskRemoveFromUnorderedEventList:
 4427              	.LVL313:
 4428              	.LFB34:
3047:Middlewares/Third_Party/FreeRTOS/Source/tasks.c **** TCB_t *pxUnblockedTCB;
 4429              		.loc 1 3047 1 is_stmt 1 view -0
 4430              		.cfi_startproc
 4431              		@ args = 0, pretend = 0, frame = 0
 4432              		@ frame_needed = 0, uses_anonymous_args = 0
3047:Middlewares/Third_Party/FreeRTOS/Source/tasks.c **** TCB_t *pxUnblockedTCB;
 4433              		.loc 1 3047 1 is_stmt 0 view .LVU1243
 4434 0000 38B5     		push	{r3, r4, r5, lr}
 4435              	.LCFI39:
 4436              		.cfi_def_cfa_offset 16
 4437              		.cfi_offset 3, -16
 4438              		.cfi_offset 4, -12
 4439              		.cfi_offset 5, -8
 4440              		.cfi_offset 14, -4
3048:Middlewares/Third_Party/FreeRTOS/Source/tasks.c **** 
 4441              		.loc 1 3048 1 is_stmt 1 view .LVU1244
3052:Middlewares/Third_Party/FreeRTOS/Source/tasks.c **** 
 4442              		.loc 1 3052 2 view .LVU1245
 4443 0002 1C4B     		ldr	r3, .L359
 4444 0004 1B68     		ldr	r3, [r3]
ARM GAS  C:\Users\31005\AppData\Local\Temp\ccNQ0Tdy.s 			page 190


 4445 0006 43B9     		cbnz	r3, .L351
3052:Middlewares/Third_Party/FreeRTOS/Source/tasks.c **** 
 4446              		.loc 1 3052 2 view .LVU1246
 4447              	.LBB196:
 4448              	.LBI196:
 191:Middlewares/Third_Party/FreeRTOS/Source/portable/GCC/ARM_CM4F/portmacro.h **** {
 4449              		.loc 2 191 30 view .LVU1247
 4450              	.LBB197:
 193:Middlewares/Third_Party/FreeRTOS/Source/portable/GCC/ARM_CM4F/portmacro.h **** 
 4451              		.loc 2 193 1 view .LVU1248
 195:Middlewares/Third_Party/FreeRTOS/Source/portable/GCC/ARM_CM4F/portmacro.h **** 	(
 4452              		.loc 2 195 2 view .LVU1249
 4453              		.syntax unified
 4454              	@ 195 "Middlewares/Third_Party/FreeRTOS/Source/portable/GCC/ARM_CM4F/portmacro.h" 1
 4455 0008 4FF05003 			mov r3, #80												
 4456 000c 83F31188 		msr basepri, r3											
 4457 0010 BFF36F8F 		isb														
 4458 0014 BFF34F8F 		dsb														
 4459              	
 4460              	@ 0 "" 2
 4461              	.LVL314:
 4462              		.thumb
 4463              		.syntax unified
 4464              	.L352:
 195:Middlewares/Third_Party/FreeRTOS/Source/portable/GCC/ARM_CM4F/portmacro.h **** 	(
 4465              		.loc 2 195 2 is_stmt 0 view .LVU1250
 4466              	.LBE197:
 4467              	.LBE196:
3052:Middlewares/Third_Party/FreeRTOS/Source/tasks.c **** 
 4468              		.loc 1 3052 2 is_stmt 1 discriminator 1 view .LVU1251
3052:Middlewares/Third_Party/FreeRTOS/Source/tasks.c **** 
 4469              		.loc 1 3052 2 discriminator 1 view .LVU1252
 4470 0018 FEE7     		b	.L352
 4471              	.L351:
3052:Middlewares/Third_Party/FreeRTOS/Source/tasks.c **** 
 4472              		.loc 1 3052 49 discriminator 2 view .LVU1253
3055:Middlewares/Third_Party/FreeRTOS/Source/tasks.c **** 
 4473              		.loc 1 3055 2 discriminator 2 view .LVU1254
 4474 001a 41F00041 		orr	r1, r1, #-2147483648
 4475              	.LVL315:
3055:Middlewares/Third_Party/FreeRTOS/Source/tasks.c **** 
 4476              		.loc 1 3055 2 is_stmt 0 discriminator 2 view .LVU1255
 4477 001e 0160     		str	r1, [r0]
3059:Middlewares/Third_Party/FreeRTOS/Source/tasks.c **** 	configASSERT( pxUnblockedTCB );
 4478              		.loc 1 3059 2 is_stmt 1 discriminator 2 view .LVU1256
3059:Middlewares/Third_Party/FreeRTOS/Source/tasks.c **** 	configASSERT( pxUnblockedTCB );
 4479              		.loc 1 3059 17 is_stmt 0 discriminator 2 view .LVU1257
 4480 0020 C468     		ldr	r4, [r0, #12]
 4481              	.LVL316:
3060:Middlewares/Third_Party/FreeRTOS/Source/tasks.c **** 	( void ) uxListRemove( pxEventListItem );
 4482              		.loc 1 3060 2 is_stmt 1 discriminator 2 view .LVU1258
 4483 0022 F4B1     		cbz	r4, .L358
3060:Middlewares/Third_Party/FreeRTOS/Source/tasks.c **** 	( void ) uxListRemove( pxEventListItem );
 4484              		.loc 1 3060 32 discriminator 2 view .LVU1259
3061:Middlewares/Third_Party/FreeRTOS/Source/tasks.c **** 
 4485              		.loc 1 3061 2 discriminator 2 view .LVU1260
3061:Middlewares/Third_Party/FreeRTOS/Source/tasks.c **** 
ARM GAS  C:\Users\31005\AppData\Local\Temp\ccNQ0Tdy.s 			page 191


 4486              		.loc 1 3061 11 is_stmt 0 discriminator 2 view .LVU1261
 4487 0024 FFF7FEFF 		bl	uxListRemove
 4488              	.LVL317:
3066:Middlewares/Third_Party/FreeRTOS/Source/tasks.c **** 	prvAddTaskToReadyList( pxUnblockedTCB );
 4489              		.loc 1 3066 2 is_stmt 1 discriminator 2 view .LVU1262
3066:Middlewares/Third_Party/FreeRTOS/Source/tasks.c **** 	prvAddTaskToReadyList( pxUnblockedTCB );
 4490              		.loc 1 3066 11 is_stmt 0 discriminator 2 view .LVU1263
 4491 0028 251D     		adds	r5, r4, #4
 4492 002a 2846     		mov	r0, r5
 4493 002c FFF7FEFF 		bl	uxListRemove
 4494              	.LVL318:
3067:Middlewares/Third_Party/FreeRTOS/Source/tasks.c **** 
 4495              		.loc 1 3067 2 is_stmt 1 discriminator 2 view .LVU1264
3067:Middlewares/Third_Party/FreeRTOS/Source/tasks.c **** 
 4496              		.loc 1 3067 2 discriminator 2 view .LVU1265
 4497 0030 E06A     		ldr	r0, [r4, #44]
 4498 0032 114B     		ldr	r3, .L359+4
 4499 0034 1B68     		ldr	r3, [r3]
 4500 0036 9842     		cmp	r0, r3
 4501 0038 01D9     		bls	.L355
3067:Middlewares/Third_Party/FreeRTOS/Source/tasks.c **** 
 4502              		.loc 1 3067 2 discriminator 1 view .LVU1266
 4503 003a 0F4B     		ldr	r3, .L359+4
 4504 003c 1860     		str	r0, [r3]
 4505              	.L355:
3067:Middlewares/Third_Party/FreeRTOS/Source/tasks.c **** 
 4506              		.loc 1 3067 2 discriminator 3 view .LVU1267
3067:Middlewares/Third_Party/FreeRTOS/Source/tasks.c **** 
 4507              		.loc 1 3067 2 discriminator 3 view .LVU1268
 4508 003e 00EB8000 		add	r0, r0, r0, lsl #2
 4509 0042 2946     		mov	r1, r5
 4510 0044 0D4B     		ldr	r3, .L359+8
 4511 0046 03EB8000 		add	r0, r3, r0, lsl #2
 4512 004a FFF7FEFF 		bl	vListInsertEnd
 4513              	.LVL319:
3067:Middlewares/Third_Party/FreeRTOS/Source/tasks.c **** 
 4514              		.loc 1 3067 41 discriminator 3 view .LVU1269
3069:Middlewares/Third_Party/FreeRTOS/Source/tasks.c **** 	{
 4515              		.loc 1 3069 2 discriminator 3 view .LVU1270
3069:Middlewares/Third_Party/FreeRTOS/Source/tasks.c **** 	{
 4516              		.loc 1 3069 20 is_stmt 0 discriminator 3 view .LVU1271
 4517 004e E26A     		ldr	r2, [r4, #44]
3069:Middlewares/Third_Party/FreeRTOS/Source/tasks.c **** 	{
 4518              		.loc 1 3069 47 discriminator 3 view .LVU1272
 4519 0050 0B4B     		ldr	r3, .L359+12
 4520 0052 1B68     		ldr	r3, [r3]
 4521 0054 DB6A     		ldr	r3, [r3, #44]
3069:Middlewares/Third_Party/FreeRTOS/Source/tasks.c **** 	{
 4522              		.loc 1 3069 4 discriminator 3 view .LVU1273
 4523 0056 9A42     		cmp	r2, r3
 4524 0058 02D9     		bls	.L350
3075:Middlewares/Third_Party/FreeRTOS/Source/tasks.c **** 	}
 4525              		.loc 1 3075 3 is_stmt 1 view .LVU1274
3075:Middlewares/Third_Party/FreeRTOS/Source/tasks.c **** 	}
 4526              		.loc 1 3075 17 is_stmt 0 view .LVU1275
 4527 005a 0A4B     		ldr	r3, .L359+16
 4528 005c 0122     		movs	r2, #1
ARM GAS  C:\Users\31005\AppData\Local\Temp\ccNQ0Tdy.s 			page 192


 4529 005e 1A60     		str	r2, [r3]
 4530              	.L350:
3077:Middlewares/Third_Party/FreeRTOS/Source/tasks.c **** /*-----------------------------------------------------------*/
 4531              		.loc 1 3077 1 view .LVU1276
 4532 0060 38BD     		pop	{r3, r4, r5, pc}
 4533              	.LVL320:
 4534              	.L358:
3060:Middlewares/Third_Party/FreeRTOS/Source/tasks.c **** 	( void ) uxListRemove( pxEventListItem );
 4535              		.loc 1 3060 2 is_stmt 1 view .LVU1277
 4536              	.LBB198:
 4537              	.LBI198:
 191:Middlewares/Third_Party/FreeRTOS/Source/portable/GCC/ARM_CM4F/portmacro.h **** {
 4538              		.loc 2 191 30 view .LVU1278
 4539              	.LBB199:
 193:Middlewares/Third_Party/FreeRTOS/Source/portable/GCC/ARM_CM4F/portmacro.h **** 
 4540              		.loc 2 193 1 view .LVU1279
 195:Middlewares/Third_Party/FreeRTOS/Source/portable/GCC/ARM_CM4F/portmacro.h **** 	(
 4541              		.loc 2 195 2 view .LVU1280
 4542              		.syntax unified
 4543              	@ 195 "Middlewares/Third_Party/FreeRTOS/Source/portable/GCC/ARM_CM4F/portmacro.h" 1
 4544 0062 4FF05003 			mov r3, #80												
 4545 0066 83F31188 		msr basepri, r3											
 4546 006a BFF36F8F 		isb														
 4547 006e BFF34F8F 		dsb														
 4548              	
 4549              	@ 0 "" 2
 4550              	.LVL321:
 4551              		.thumb
 4552              		.syntax unified
 4553              	.L354:
 195:Middlewares/Third_Party/FreeRTOS/Source/portable/GCC/ARM_CM4F/portmacro.h **** 	(
 4554              		.loc 2 195 2 is_stmt 0 view .LVU1281
 4555              	.LBE199:
 4556              	.LBE198:
3060:Middlewares/Third_Party/FreeRTOS/Source/tasks.c **** 	( void ) uxListRemove( pxEventListItem );
 4557              		.loc 1 3060 2 is_stmt 1 discriminator 2 view .LVU1282
3060:Middlewares/Third_Party/FreeRTOS/Source/tasks.c **** 	( void ) uxListRemove( pxEventListItem );
 4558              		.loc 1 3060 2 discriminator 2 view .LVU1283
 4559 0072 FEE7     		b	.L354
 4560              	.L360:
 4561              		.align	2
 4562              	.L359:
 4563 0074 00000000 		.word	uxSchedulerSuspended
 4564 0078 00000000 		.word	uxTopReadyPriority
 4565 007c 00000000 		.word	pxReadyTasksLists
 4566 0080 00000000 		.word	pxCurrentTCB
 4567 0084 00000000 		.word	xYieldPending
 4568              		.cfi_endproc
 4569              	.LFE34:
 4571              		.section	.text.vTaskSetTimeOutState,"ax",%progbits
 4572              		.align	1
 4573              		.global	vTaskSetTimeOutState
 4574              		.syntax unified
 4575              		.thumb
 4576              		.thumb_func
 4578              	vTaskSetTimeOutState:
 4579              	.LVL322:
ARM GAS  C:\Users\31005\AppData\Local\Temp\ccNQ0Tdy.s 			page 193


 4580              	.LFB35:
3081:Middlewares/Third_Party/FreeRTOS/Source/tasks.c **** 	configASSERT( pxTimeOut );
 4581              		.loc 1 3081 1 view -0
 4582              		.cfi_startproc
 4583              		@ args = 0, pretend = 0, frame = 0
 4584              		@ frame_needed = 0, uses_anonymous_args = 0
3082:Middlewares/Third_Party/FreeRTOS/Source/tasks.c **** 	taskENTER_CRITICAL();
 4585              		.loc 1 3082 2 view .LVU1285
 4586 0000 60B1     		cbz	r0, .L366
3081:Middlewares/Third_Party/FreeRTOS/Source/tasks.c **** 	configASSERT( pxTimeOut );
 4587              		.loc 1 3081 1 is_stmt 0 discriminator 2 view .LVU1286
 4588 0002 10B5     		push	{r4, lr}
 4589              	.LCFI40:
 4590              		.cfi_def_cfa_offset 8
 4591              		.cfi_offset 4, -8
 4592              		.cfi_offset 14, -4
 4593 0004 0446     		mov	r4, r0
3082:Middlewares/Third_Party/FreeRTOS/Source/tasks.c **** 	taskENTER_CRITICAL();
 4594              		.loc 1 3082 27 is_stmt 1 discriminator 2 view .LVU1287
3083:Middlewares/Third_Party/FreeRTOS/Source/tasks.c **** 	{
 4595              		.loc 1 3083 2 discriminator 2 view .LVU1288
 4596 0006 FFF7FEFF 		bl	vPortEnterCritical
 4597              	.LVL323:
3085:Middlewares/Third_Party/FreeRTOS/Source/tasks.c **** 		pxTimeOut->xTimeOnEntering = xTickCount;
 4598              		.loc 1 3085 3 discriminator 2 view .LVU1289
3085:Middlewares/Third_Party/FreeRTOS/Source/tasks.c **** 		pxTimeOut->xTimeOnEntering = xTickCount;
 4599              		.loc 1 3085 29 is_stmt 0 discriminator 2 view .LVU1290
 4600 000a 094B     		ldr	r3, .L367
 4601 000c 1B68     		ldr	r3, [r3]
 4602 000e 2360     		str	r3, [r4]
3086:Middlewares/Third_Party/FreeRTOS/Source/tasks.c **** 	}
 4603              		.loc 1 3086 3 is_stmt 1 discriminator 2 view .LVU1291
3086:Middlewares/Third_Party/FreeRTOS/Source/tasks.c **** 	}
 4604              		.loc 1 3086 30 is_stmt 0 discriminator 2 view .LVU1292
 4605 0010 084B     		ldr	r3, .L367+4
 4606 0012 1B68     		ldr	r3, [r3]
 4607 0014 6360     		str	r3, [r4, #4]
3088:Middlewares/Third_Party/FreeRTOS/Source/tasks.c **** }
 4608              		.loc 1 3088 2 is_stmt 1 discriminator 2 view .LVU1293
 4609 0016 FFF7FEFF 		bl	vPortExitCritical
 4610              	.LVL324:
3089:Middlewares/Third_Party/FreeRTOS/Source/tasks.c **** /*-----------------------------------------------------------*/
 4611              		.loc 1 3089 1 is_stmt 0 discriminator 2 view .LVU1294
 4612 001a 10BD     		pop	{r4, pc}
 4613              	.LVL325:
 4614              	.L366:
 4615              	.LCFI41:
 4616              		.cfi_def_cfa_offset 0
 4617              		.cfi_restore 4
 4618              		.cfi_restore 14
3082:Middlewares/Third_Party/FreeRTOS/Source/tasks.c **** 	taskENTER_CRITICAL();
 4619              		.loc 1 3082 2 is_stmt 1 view .LVU1295
 4620              	.LBB200:
 4621              	.LBI200:
 191:Middlewares/Third_Party/FreeRTOS/Source/portable/GCC/ARM_CM4F/portmacro.h **** {
 4622              		.loc 2 191 30 view .LVU1296
 4623              	.LBB201:
ARM GAS  C:\Users\31005\AppData\Local\Temp\ccNQ0Tdy.s 			page 194


 193:Middlewares/Third_Party/FreeRTOS/Source/portable/GCC/ARM_CM4F/portmacro.h **** 
 4624              		.loc 2 193 1 view .LVU1297
 195:Middlewares/Third_Party/FreeRTOS/Source/portable/GCC/ARM_CM4F/portmacro.h **** 	(
 4625              		.loc 2 195 2 view .LVU1298
 4626              		.syntax unified
 4627              	@ 195 "Middlewares/Third_Party/FreeRTOS/Source/portable/GCC/ARM_CM4F/portmacro.h" 1
 4628 001c 4FF05003 			mov r3, #80												
 4629 0020 83F31188 		msr basepri, r3											
 4630 0024 BFF36F8F 		isb														
 4631 0028 BFF34F8F 		dsb														
 4632              	
 4633              	@ 0 "" 2
 4634              	.LVL326:
 4635              		.thumb
 4636              		.syntax unified
 4637              	.L363:
 195:Middlewares/Third_Party/FreeRTOS/Source/portable/GCC/ARM_CM4F/portmacro.h **** 	(
 4638              		.loc 2 195 2 is_stmt 0 view .LVU1299
 4639              	.LBE201:
 4640              	.LBE200:
3082:Middlewares/Third_Party/FreeRTOS/Source/tasks.c **** 	taskENTER_CRITICAL();
 4641              		.loc 1 3082 2 is_stmt 1 discriminator 1 view .LVU1300
3082:Middlewares/Third_Party/FreeRTOS/Source/tasks.c **** 	taskENTER_CRITICAL();
 4642              		.loc 1 3082 2 discriminator 1 view .LVU1301
 4643 002c FEE7     		b	.L363
 4644              	.L368:
 4645 002e 00BF     		.align	2
 4646              	.L367:
 4647 0030 00000000 		.word	xNumOfOverflows
 4648 0034 00000000 		.word	xTickCount
 4649              		.cfi_endproc
 4650              	.LFE35:
 4652              		.section	.text.vTaskInternalSetTimeOutState,"ax",%progbits
 4653              		.align	1
 4654              		.global	vTaskInternalSetTimeOutState
 4655              		.syntax unified
 4656              		.thumb
 4657              		.thumb_func
 4659              	vTaskInternalSetTimeOutState:
 4660              	.LVL327:
 4661              	.LFB36:
3093:Middlewares/Third_Party/FreeRTOS/Source/tasks.c **** 	/* For internal use only as it does not use a critical section. */
 4662              		.loc 1 3093 1 view -0
 4663              		.cfi_startproc
 4664              		@ args = 0, pretend = 0, frame = 0
 4665              		@ frame_needed = 0, uses_anonymous_args = 0
 4666              		@ link register save eliminated.
3095:Middlewares/Third_Party/FreeRTOS/Source/tasks.c **** 	pxTimeOut->xTimeOnEntering = xTickCount;
 4667              		.loc 1 3095 2 view .LVU1303
3095:Middlewares/Third_Party/FreeRTOS/Source/tasks.c **** 	pxTimeOut->xTimeOnEntering = xTickCount;
 4668              		.loc 1 3095 28 is_stmt 0 view .LVU1304
 4669 0000 034B     		ldr	r3, .L370
 4670 0002 1B68     		ldr	r3, [r3]
 4671 0004 0360     		str	r3, [r0]
3096:Middlewares/Third_Party/FreeRTOS/Source/tasks.c **** }
 4672              		.loc 1 3096 2 is_stmt 1 view .LVU1305
3096:Middlewares/Third_Party/FreeRTOS/Source/tasks.c **** }
ARM GAS  C:\Users\31005\AppData\Local\Temp\ccNQ0Tdy.s 			page 195


 4673              		.loc 1 3096 29 is_stmt 0 view .LVU1306
 4674 0006 034B     		ldr	r3, .L370+4
 4675 0008 1B68     		ldr	r3, [r3]
 4676 000a 4360     		str	r3, [r0, #4]
3097:Middlewares/Third_Party/FreeRTOS/Source/tasks.c **** /*-----------------------------------------------------------*/
 4677              		.loc 1 3097 1 view .LVU1307
 4678 000c 7047     		bx	lr
 4679              	.L371:
 4680 000e 00BF     		.align	2
 4681              	.L370:
 4682 0010 00000000 		.word	xNumOfOverflows
 4683 0014 00000000 		.word	xTickCount
 4684              		.cfi_endproc
 4685              	.LFE36:
 4687              		.section	.text.xTaskCheckForTimeOut,"ax",%progbits
 4688              		.align	1
 4689              		.global	xTaskCheckForTimeOut
 4690              		.syntax unified
 4691              		.thumb
 4692              		.thumb_func
 4694              	xTaskCheckForTimeOut:
 4695              	.LVL328:
 4696              	.LFB37:
3101:Middlewares/Third_Party/FreeRTOS/Source/tasks.c **** BaseType_t xReturn;
 4697              		.loc 1 3101 1 is_stmt 1 view -0
 4698              		.cfi_startproc
 4699              		@ args = 0, pretend = 0, frame = 0
 4700              		@ frame_needed = 0, uses_anonymous_args = 0
3101:Middlewares/Third_Party/FreeRTOS/Source/tasks.c **** BaseType_t xReturn;
 4701              		.loc 1 3101 1 is_stmt 0 view .LVU1309
 4702 0000 F8B5     		push	{r3, r4, r5, r6, r7, lr}
 4703              	.LCFI42:
 4704              		.cfi_def_cfa_offset 24
 4705              		.cfi_offset 3, -24
 4706              		.cfi_offset 4, -20
 4707              		.cfi_offset 5, -16
 4708              		.cfi_offset 6, -12
 4709              		.cfi_offset 7, -8
 4710              		.cfi_offset 14, -4
3102:Middlewares/Third_Party/FreeRTOS/Source/tasks.c **** 
 4711              		.loc 1 3102 1 is_stmt 1 view .LVU1310
3104:Middlewares/Third_Party/FreeRTOS/Source/tasks.c **** 	configASSERT( pxTicksToWait );
 4712              		.loc 1 3104 2 view .LVU1311
 4713 0002 C8B1     		cbz	r0, .L383
 4714 0004 0C46     		mov	r4, r1
 4715 0006 0546     		mov	r5, r0
3104:Middlewares/Third_Party/FreeRTOS/Source/tasks.c **** 	configASSERT( pxTicksToWait );
 4716              		.loc 1 3104 27 discriminator 2 view .LVU1312
3105:Middlewares/Third_Party/FreeRTOS/Source/tasks.c **** 
 4717              		.loc 1 3105 2 discriminator 2 view .LVU1313
 4718 0008 F9B1     		cbz	r1, .L384
3105:Middlewares/Third_Party/FreeRTOS/Source/tasks.c **** 
 4719              		.loc 1 3105 31 discriminator 2 view .LVU1314
3107:Middlewares/Third_Party/FreeRTOS/Source/tasks.c **** 	{
 4720              		.loc 1 3107 2 discriminator 2 view .LVU1315
 4721 000a FFF7FEFF 		bl	vPortEnterCritical
 4722              	.LVL329:
ARM GAS  C:\Users\31005\AppData\Local\Temp\ccNQ0Tdy.s 			page 196


 4723              	.LBB202:
3110:Middlewares/Third_Party/FreeRTOS/Source/tasks.c **** 		const TickType_t xElapsedTime = xConstTickCount - pxTimeOut->xTimeOnEntering;
 4724              		.loc 1 3110 3 discriminator 2 view .LVU1316
3110:Middlewares/Third_Party/FreeRTOS/Source/tasks.c **** 		const TickType_t xElapsedTime = xConstTickCount - pxTimeOut->xTimeOnEntering;
 4725              		.loc 1 3110 20 is_stmt 0 discriminator 2 view .LVU1317
 4726 000e 1B4B     		ldr	r3, .L386
 4727 0010 1968     		ldr	r1, [r3]
 4728              	.LVL330:
3111:Middlewares/Third_Party/FreeRTOS/Source/tasks.c **** 
 4729              		.loc 1 3111 3 is_stmt 1 discriminator 2 view .LVU1318
3111:Middlewares/Third_Party/FreeRTOS/Source/tasks.c **** 
 4730              		.loc 1 3111 62 is_stmt 0 discriminator 2 view .LVU1319
 4731 0012 6B68     		ldr	r3, [r5, #4]
3111:Middlewares/Third_Party/FreeRTOS/Source/tasks.c **** 
 4732              		.loc 1 3111 20 discriminator 2 view .LVU1320
 4733 0014 C81A     		subs	r0, r1, r3
 4734              	.LVL331:
3125:Middlewares/Third_Party/FreeRTOS/Source/tasks.c **** 			{
 4735              		.loc 1 3125 4 is_stmt 1 discriminator 2 view .LVU1321
3125:Middlewares/Third_Party/FreeRTOS/Source/tasks.c **** 			{
 4736              		.loc 1 3125 8 is_stmt 0 discriminator 2 view .LVU1322
 4737 0016 2268     		ldr	r2, [r4]
3125:Middlewares/Third_Party/FreeRTOS/Source/tasks.c **** 			{
 4738              		.loc 1 3125 6 discriminator 2 view .LVU1323
 4739 0018 B2F1FF3F 		cmp	r2, #-1
 4740 001c 26D0     		beq	.L380
3135:Middlewares/Third_Party/FreeRTOS/Source/tasks.c **** 		{
 4741              		.loc 1 3135 3 is_stmt 1 view .LVU1324
3135:Middlewares/Third_Party/FreeRTOS/Source/tasks.c **** 		{
 4742              		.loc 1 3135 25 is_stmt 0 view .LVU1325
 4743 001e 184E     		ldr	r6, .L386+4
 4744 0020 3668     		ldr	r6, [r6]
3135:Middlewares/Third_Party/FreeRTOS/Source/tasks.c **** 		{
 4745              		.loc 1 3135 5 view .LVU1326
 4746 0022 2F68     		ldr	r7, [r5]
 4747 0024 B742     		cmp	r7, r6
 4748 0026 01D0     		beq	.L378
3135:Middlewares/Third_Party/FreeRTOS/Source/tasks.c **** 		{
 4749              		.loc 1 3135 56 discriminator 1 view .LVU1327
 4750 0028 8B42     		cmp	r3, r1
 4751 002a 24D9     		bls	.L381
 4752              	.L378:
3144:Middlewares/Third_Party/FreeRTOS/Source/tasks.c **** 		{
 4753              		.loc 1 3144 8 is_stmt 1 view .LVU1328
3144:Middlewares/Third_Party/FreeRTOS/Source/tasks.c **** 		{
 4754              		.loc 1 3144 10 is_stmt 0 view .LVU1329
 4755 002c 8242     		cmp	r2, r0
 4756 002e 15D8     		bhi	.L385
3153:Middlewares/Third_Party/FreeRTOS/Source/tasks.c **** 			xReturn = pdTRUE;
 4757              		.loc 1 3153 4 is_stmt 1 view .LVU1330
3153:Middlewares/Third_Party/FreeRTOS/Source/tasks.c **** 			xReturn = pdTRUE;
 4758              		.loc 1 3153 19 is_stmt 0 view .LVU1331
 4759 0030 0023     		movs	r3, #0
 4760 0032 2360     		str	r3, [r4]
3154:Middlewares/Third_Party/FreeRTOS/Source/tasks.c **** 		}
 4761              		.loc 1 3154 4 is_stmt 1 view .LVU1332
 4762              	.LVL332:
ARM GAS  C:\Users\31005\AppData\Local\Temp\ccNQ0Tdy.s 			page 197


3154:Middlewares/Third_Party/FreeRTOS/Source/tasks.c **** 		}
 4763              		.loc 1 3154 12 is_stmt 0 view .LVU1333
 4764 0034 0124     		movs	r4, #1
 4765              	.LVL333:
3154:Middlewares/Third_Party/FreeRTOS/Source/tasks.c **** 		}
 4766              		.loc 1 3154 12 view .LVU1334
 4767 0036 1AE0     		b	.L377
 4768              	.LVL334:
 4769              	.L383:
3154:Middlewares/Third_Party/FreeRTOS/Source/tasks.c **** 		}
 4770              		.loc 1 3154 12 view .LVU1335
 4771              	.LBE202:
3104:Middlewares/Third_Party/FreeRTOS/Source/tasks.c **** 	configASSERT( pxTicksToWait );
 4772              		.loc 1 3104 2 is_stmt 1 view .LVU1336
 4773              	.LBB203:
 4774              	.LBI203:
 191:Middlewares/Third_Party/FreeRTOS/Source/portable/GCC/ARM_CM4F/portmacro.h **** {
 4775              		.loc 2 191 30 view .LVU1337
 4776              	.LBB204:
 193:Middlewares/Third_Party/FreeRTOS/Source/portable/GCC/ARM_CM4F/portmacro.h **** 
 4777              		.loc 2 193 1 view .LVU1338
 195:Middlewares/Third_Party/FreeRTOS/Source/portable/GCC/ARM_CM4F/portmacro.h **** 	(
 4778              		.loc 2 195 2 view .LVU1339
 4779              		.syntax unified
 4780              	@ 195 "Middlewares/Third_Party/FreeRTOS/Source/portable/GCC/ARM_CM4F/portmacro.h" 1
 4781 0038 4FF05003 			mov r3, #80												
 4782 003c 83F31188 		msr basepri, r3											
 4783 0040 BFF36F8F 		isb														
 4784 0044 BFF34F8F 		dsb														
 4785              	
 4786              	@ 0 "" 2
 4787              	.LVL335:
 4788              		.thumb
 4789              		.syntax unified
 4790              	.L374:
 195:Middlewares/Third_Party/FreeRTOS/Source/portable/GCC/ARM_CM4F/portmacro.h **** 	(
 4791              		.loc 2 195 2 is_stmt 0 view .LVU1340
 4792              	.LBE204:
 4793              	.LBE203:
3104:Middlewares/Third_Party/FreeRTOS/Source/tasks.c **** 	configASSERT( pxTicksToWait );
 4794              		.loc 1 3104 2 is_stmt 1 discriminator 1 view .LVU1341
3104:Middlewares/Third_Party/FreeRTOS/Source/tasks.c **** 	configASSERT( pxTicksToWait );
 4795              		.loc 1 3104 2 discriminator 1 view .LVU1342
 4796 0048 FEE7     		b	.L374
 4797              	.L384:
3105:Middlewares/Third_Party/FreeRTOS/Source/tasks.c **** 
 4798              		.loc 1 3105 2 view .LVU1343
 4799              	.LBB205:
 4800              	.LBI205:
 191:Middlewares/Third_Party/FreeRTOS/Source/portable/GCC/ARM_CM4F/portmacro.h **** {
 4801              		.loc 2 191 30 view .LVU1344
 4802              	.LBB206:
 193:Middlewares/Third_Party/FreeRTOS/Source/portable/GCC/ARM_CM4F/portmacro.h **** 
 4803              		.loc 2 193 1 view .LVU1345
 195:Middlewares/Third_Party/FreeRTOS/Source/portable/GCC/ARM_CM4F/portmacro.h **** 	(
 4804              		.loc 2 195 2 view .LVU1346
 4805              		.syntax unified
ARM GAS  C:\Users\31005\AppData\Local\Temp\ccNQ0Tdy.s 			page 198


 4806              	@ 195 "Middlewares/Third_Party/FreeRTOS/Source/portable/GCC/ARM_CM4F/portmacro.h" 1
 4807 004a 4FF05003 			mov r3, #80												
 4808 004e 83F31188 		msr basepri, r3											
 4809 0052 BFF36F8F 		isb														
 4810 0056 BFF34F8F 		dsb														
 4811              	
 4812              	@ 0 "" 2
 4813              	.LVL336:
 4814              		.thumb
 4815              		.syntax unified
 4816              	.L376:
 195:Middlewares/Third_Party/FreeRTOS/Source/portable/GCC/ARM_CM4F/portmacro.h **** 	(
 4817              		.loc 2 195 2 is_stmt 0 view .LVU1347
 4818              	.LBE206:
 4819              	.LBE205:
3105:Middlewares/Third_Party/FreeRTOS/Source/tasks.c **** 
 4820              		.loc 1 3105 2 is_stmt 1 discriminator 2 view .LVU1348
3105:Middlewares/Third_Party/FreeRTOS/Source/tasks.c **** 
 4821              		.loc 1 3105 2 discriminator 2 view .LVU1349
 4822 005a FEE7     		b	.L376
 4823              	.LVL337:
 4824              	.L385:
 4825              	.LBB207:
3147:Middlewares/Third_Party/FreeRTOS/Source/tasks.c **** 			vTaskInternalSetTimeOutState( pxTimeOut );
 4826              		.loc 1 3147 4 view .LVU1350
3147:Middlewares/Third_Party/FreeRTOS/Source/tasks.c **** 			vTaskInternalSetTimeOutState( pxTimeOut );
 4827              		.loc 1 3147 19 is_stmt 0 view .LVU1351
 4828 005c 5B1A     		subs	r3, r3, r1
 4829 005e 1344     		add	r3, r3, r2
 4830 0060 2360     		str	r3, [r4]
3148:Middlewares/Third_Party/FreeRTOS/Source/tasks.c **** 			xReturn = pdFALSE;
 4831              		.loc 1 3148 4 is_stmt 1 view .LVU1352
 4832 0062 2846     		mov	r0, r5
 4833              	.LVL338:
3148:Middlewares/Third_Party/FreeRTOS/Source/tasks.c **** 			xReturn = pdFALSE;
 4834              		.loc 1 3148 4 is_stmt 0 view .LVU1353
 4835 0064 FFF7FEFF 		bl	vTaskInternalSetTimeOutState
 4836              	.LVL339:
3149:Middlewares/Third_Party/FreeRTOS/Source/tasks.c **** 		}
 4837              		.loc 1 3149 4 is_stmt 1 view .LVU1354
3149:Middlewares/Third_Party/FreeRTOS/Source/tasks.c **** 		}
 4838              		.loc 1 3149 12 is_stmt 0 view .LVU1355
 4839 0068 0024     		movs	r4, #0
 4840              	.LVL340:
3149:Middlewares/Third_Party/FreeRTOS/Source/tasks.c **** 		}
 4841              		.loc 1 3149 12 view .LVU1356
 4842 006a 00E0     		b	.L377
 4843              	.LVL341:
 4844              	.L380:
3130:Middlewares/Third_Party/FreeRTOS/Source/tasks.c **** 			}
 4845              		.loc 1 3130 13 view .LVU1357
 4846 006c 0024     		movs	r4, #0
 4847              	.LVL342:
 4848              	.L377:
3130:Middlewares/Third_Party/FreeRTOS/Source/tasks.c **** 			}
 4849              		.loc 1 3130 13 view .LVU1358
 4850              	.LBE207:
ARM GAS  C:\Users\31005\AppData\Local\Temp\ccNQ0Tdy.s 			page 199


3157:Middlewares/Third_Party/FreeRTOS/Source/tasks.c **** 
 4851              		.loc 1 3157 2 is_stmt 1 view .LVU1359
 4852 006e FFF7FEFF 		bl	vPortExitCritical
 4853              	.LVL343:
3159:Middlewares/Third_Party/FreeRTOS/Source/tasks.c **** }
 4854              		.loc 1 3159 2 view .LVU1360
3160:Middlewares/Third_Party/FreeRTOS/Source/tasks.c **** /*-----------------------------------------------------------*/
 4855              		.loc 1 3160 1 is_stmt 0 view .LVU1361
 4856 0072 2046     		mov	r0, r4
 4857 0074 F8BD     		pop	{r3, r4, r5, r6, r7, pc}
 4858              	.LVL344:
 4859              	.L381:
 4860              	.LBB208:
3142:Middlewares/Third_Party/FreeRTOS/Source/tasks.c **** 		}
 4861              		.loc 1 3142 12 view .LVU1362
 4862 0076 0124     		movs	r4, #1
 4863              	.LVL345:
3142:Middlewares/Third_Party/FreeRTOS/Source/tasks.c **** 		}
 4864              		.loc 1 3142 12 view .LVU1363
 4865 0078 F9E7     		b	.L377
 4866              	.L387:
 4867 007a 00BF     		.align	2
 4868              	.L386:
 4869 007c 00000000 		.word	xTickCount
 4870 0080 00000000 		.word	xNumOfOverflows
 4871              	.LBE208:
 4872              		.cfi_endproc
 4873              	.LFE37:
 4875              		.section	.text.vTaskMissedYield,"ax",%progbits
 4876              		.align	1
 4877              		.global	vTaskMissedYield
 4878              		.syntax unified
 4879              		.thumb
 4880              		.thumb_func
 4882              	vTaskMissedYield:
 4883              	.LFB38:
3164:Middlewares/Third_Party/FreeRTOS/Source/tasks.c **** 	xYieldPending = pdTRUE;
 4884              		.loc 1 3164 1 is_stmt 1 view -0
 4885              		.cfi_startproc
 4886              		@ args = 0, pretend = 0, frame = 0
 4887              		@ frame_needed = 0, uses_anonymous_args = 0
 4888              		@ link register save eliminated.
3165:Middlewares/Third_Party/FreeRTOS/Source/tasks.c **** }
 4889              		.loc 1 3165 2 view .LVU1365
3165:Middlewares/Third_Party/FreeRTOS/Source/tasks.c **** }
 4890              		.loc 1 3165 16 is_stmt 0 view .LVU1366
 4891 0000 014B     		ldr	r3, .L389
 4892 0002 0122     		movs	r2, #1
 4893 0004 1A60     		str	r2, [r3]
3166:Middlewares/Third_Party/FreeRTOS/Source/tasks.c **** /*-----------------------------------------------------------*/
 4894              		.loc 1 3166 1 view .LVU1367
 4895 0006 7047     		bx	lr
 4896              	.L390:
 4897              		.align	2
 4898              	.L389:
 4899 0008 00000000 		.word	xYieldPending
 4900              		.cfi_endproc
ARM GAS  C:\Users\31005\AppData\Local\Temp\ccNQ0Tdy.s 			page 200


 4901              	.LFE38:
 4903              		.section	.text.uxTaskGetTaskNumber,"ax",%progbits
 4904              		.align	1
 4905              		.global	uxTaskGetTaskNumber
 4906              		.syntax unified
 4907              		.thumb
 4908              		.thumb_func
 4910              	uxTaskGetTaskNumber:
 4911              	.LVL346:
 4912              	.LFB39:
3172:Middlewares/Third_Party/FreeRTOS/Source/tasks.c **** 	UBaseType_t uxReturn;
 4913              		.loc 1 3172 2 is_stmt 1 view -0
 4914              		.cfi_startproc
 4915              		@ args = 0, pretend = 0, frame = 0
 4916              		@ frame_needed = 0, uses_anonymous_args = 0
 4917              		@ link register save eliminated.
3173:Middlewares/Third_Party/FreeRTOS/Source/tasks.c **** 	TCB_t *pxTCB;
 4918              		.loc 1 3173 2 view .LVU1369
3174:Middlewares/Third_Party/FreeRTOS/Source/tasks.c **** 
 4919              		.loc 1 3174 2 view .LVU1370
3176:Middlewares/Third_Party/FreeRTOS/Source/tasks.c **** 		{
 4920              		.loc 1 3176 3 view .LVU1371
3176:Middlewares/Third_Party/FreeRTOS/Source/tasks.c **** 		{
 4921              		.loc 1 3176 5 is_stmt 0 view .LVU1372
 4922 0000 08B1     		cbz	r0, .L393
3178:Middlewares/Third_Party/FreeRTOS/Source/tasks.c **** 			uxReturn = pxTCB->uxTaskNumber;
 4923              		.loc 1 3178 4 is_stmt 1 view .LVU1373
 4924              	.LVL347:
3179:Middlewares/Third_Party/FreeRTOS/Source/tasks.c **** 		}
 4925              		.loc 1 3179 4 view .LVU1374
3179:Middlewares/Third_Party/FreeRTOS/Source/tasks.c **** 		}
 4926              		.loc 1 3179 13 is_stmt 0 view .LVU1375
 4927 0002 806C     		ldr	r0, [r0, #72]
 4928              	.LVL348:
3179:Middlewares/Third_Party/FreeRTOS/Source/tasks.c **** 		}
 4929              		.loc 1 3179 13 view .LVU1376
 4930 0004 7047     		bx	lr
 4931              	.LVL349:
 4932              	.L393:
3183:Middlewares/Third_Party/FreeRTOS/Source/tasks.c **** 		}
 4933              		.loc 1 3183 13 view .LVU1377
 4934 0006 0020     		movs	r0, #0
 4935              	.LVL350:
3186:Middlewares/Third_Party/FreeRTOS/Source/tasks.c **** 	}
 4936              		.loc 1 3186 3 is_stmt 1 view .LVU1378
3187:Middlewares/Third_Party/FreeRTOS/Source/tasks.c **** 
 4937              		.loc 1 3187 2 is_stmt 0 view .LVU1379
 4938 0008 7047     		bx	lr
 4939              		.cfi_endproc
 4940              	.LFE39:
 4942              		.section	.text.vTaskSetTaskNumber,"ax",%progbits
 4943              		.align	1
 4944              		.global	vTaskSetTaskNumber
 4945              		.syntax unified
 4946              		.thumb
 4947              		.thumb_func
 4949              	vTaskSetTaskNumber:
ARM GAS  C:\Users\31005\AppData\Local\Temp\ccNQ0Tdy.s 			page 201


 4950              	.LVL351:
 4951              	.LFB40:
3195:Middlewares/Third_Party/FreeRTOS/Source/tasks.c **** 	TCB_t *pxTCB;
 4952              		.loc 1 3195 2 is_stmt 1 view -0
 4953              		.cfi_startproc
 4954              		@ args = 0, pretend = 0, frame = 0
 4955              		@ frame_needed = 0, uses_anonymous_args = 0
 4956              		@ link register save eliminated.
3196:Middlewares/Third_Party/FreeRTOS/Source/tasks.c **** 
 4957              		.loc 1 3196 2 view .LVU1381
3198:Middlewares/Third_Party/FreeRTOS/Source/tasks.c **** 		{
 4958              		.loc 1 3198 3 view .LVU1382
3198:Middlewares/Third_Party/FreeRTOS/Source/tasks.c **** 		{
 4959              		.loc 1 3198 5 is_stmt 0 view .LVU1383
 4960 0000 00B1     		cbz	r0, .L394
3200:Middlewares/Third_Party/FreeRTOS/Source/tasks.c **** 			pxTCB->uxTaskNumber = uxHandle;
 4961              		.loc 1 3200 4 is_stmt 1 view .LVU1384
 4962              	.LVL352:
3201:Middlewares/Third_Party/FreeRTOS/Source/tasks.c **** 		}
 4963              		.loc 1 3201 4 view .LVU1385
3201:Middlewares/Third_Party/FreeRTOS/Source/tasks.c **** 		}
 4964              		.loc 1 3201 24 is_stmt 0 view .LVU1386
 4965 0002 8164     		str	r1, [r0, #72]
 4966              	.LVL353:
 4967              	.L394:
3203:Middlewares/Third_Party/FreeRTOS/Source/tasks.c **** 
 4968              		.loc 1 3203 2 view .LVU1387
 4969 0004 7047     		bx	lr
 4970              		.cfi_endproc
 4971              	.LFE40:
 4973              		.section	.text.vTaskGetInfo,"ax",%progbits
 4974              		.align	1
 4975              		.global	vTaskGetInfo
 4976              		.syntax unified
 4977              		.thumb
 4978              		.thumb_func
 4980              	vTaskGetInfo:
 4981              	.LVL354:
 4982              	.LFB44:
3494:Middlewares/Third_Party/FreeRTOS/Source/tasks.c **** 	TCB_t *pxTCB;
 4983              		.loc 1 3494 2 is_stmt 1 view -0
 4984              		.cfi_startproc
 4985              		@ args = 0, pretend = 0, frame = 0
 4986              		@ frame_needed = 0, uses_anonymous_args = 0
3494:Middlewares/Third_Party/FreeRTOS/Source/tasks.c **** 	TCB_t *pxTCB;
 4987              		.loc 1 3494 2 is_stmt 0 view .LVU1389
 4988 0000 70B5     		push	{r4, r5, r6, lr}
 4989              	.LCFI43:
 4990              		.cfi_def_cfa_offset 16
 4991              		.cfi_offset 4, -16
 4992              		.cfi_offset 5, -12
 4993              		.cfi_offset 6, -8
 4994              		.cfi_offset 14, -4
 4995 0002 0C46     		mov	r4, r1
 4996 0004 1646     		mov	r6, r2
3495:Middlewares/Third_Party/FreeRTOS/Source/tasks.c **** 
 4997              		.loc 1 3495 2 is_stmt 1 view .LVU1390
ARM GAS  C:\Users\31005\AppData\Local\Temp\ccNQ0Tdy.s 			page 202


3498:Middlewares/Third_Party/FreeRTOS/Source/tasks.c **** 
 4998              		.loc 1 3498 3 view .LVU1391
3498:Middlewares/Third_Party/FreeRTOS/Source/tasks.c **** 
 4999              		.loc 1 3498 11 is_stmt 0 view .LVU1392
 5000 0006 0546     		mov	r5, r0
 5001 0008 D0B1     		cbz	r0, .L405
 5002              	.LVL355:
 5003              	.L397:
3500:Middlewares/Third_Party/FreeRTOS/Source/tasks.c **** 		pxTaskStatus->pcTaskName = ( const char * ) &( pxTCB->pcTaskName [ 0 ] );
 5004              		.loc 1 3500 3 is_stmt 1 discriminator 4 view .LVU1393
3500:Middlewares/Third_Party/FreeRTOS/Source/tasks.c **** 		pxTaskStatus->pcTaskName = ( const char * ) &( pxTCB->pcTaskName [ 0 ] );
 5005              		.loc 1 3500 25 is_stmt 0 discriminator 4 view .LVU1394
 5006 000a 2560     		str	r5, [r4]
3501:Middlewares/Third_Party/FreeRTOS/Source/tasks.c **** 		pxTaskStatus->uxCurrentPriority = pxTCB->uxPriority;
 5007              		.loc 1 3501 3 is_stmt 1 discriminator 4 view .LVU1395
3501:Middlewares/Third_Party/FreeRTOS/Source/tasks.c **** 		pxTaskStatus->uxCurrentPriority = pxTCB->uxPriority;
 5008              		.loc 1 3501 47 is_stmt 0 discriminator 4 view .LVU1396
 5009 000c 05F13402 		add	r2, r5, #52
3501:Middlewares/Third_Party/FreeRTOS/Source/tasks.c **** 		pxTaskStatus->uxCurrentPriority = pxTCB->uxPriority;
 5010              		.loc 1 3501 28 discriminator 4 view .LVU1397
 5011 0010 6260     		str	r2, [r4, #4]
3502:Middlewares/Third_Party/FreeRTOS/Source/tasks.c **** 		pxTaskStatus->pxStackBase = pxTCB->pxStack;
 5012              		.loc 1 3502 3 is_stmt 1 discriminator 4 view .LVU1398
3502:Middlewares/Third_Party/FreeRTOS/Source/tasks.c **** 		pxTaskStatus->pxStackBase = pxTCB->pxStack;
 5013              		.loc 1 3502 42 is_stmt 0 discriminator 4 view .LVU1399
 5014 0012 EA6A     		ldr	r2, [r5, #44]
3502:Middlewares/Third_Party/FreeRTOS/Source/tasks.c **** 		pxTaskStatus->pxStackBase = pxTCB->pxStack;
 5015              		.loc 1 3502 35 discriminator 4 view .LVU1400
 5016 0014 2261     		str	r2, [r4, #16]
3503:Middlewares/Third_Party/FreeRTOS/Source/tasks.c **** 		pxTaskStatus->xTaskNumber = pxTCB->uxTCBNumber;
 5017              		.loc 1 3503 3 is_stmt 1 discriminator 4 view .LVU1401
3503:Middlewares/Third_Party/FreeRTOS/Source/tasks.c **** 		pxTaskStatus->xTaskNumber = pxTCB->uxTCBNumber;
 5018              		.loc 1 3503 36 is_stmt 0 discriminator 4 view .LVU1402
 5019 0016 2A6B     		ldr	r2, [r5, #48]
3503:Middlewares/Third_Party/FreeRTOS/Source/tasks.c **** 		pxTaskStatus->xTaskNumber = pxTCB->uxTCBNumber;
 5020              		.loc 1 3503 29 discriminator 4 view .LVU1403
 5021 0018 E261     		str	r2, [r4, #28]
3504:Middlewares/Third_Party/FreeRTOS/Source/tasks.c **** 
 5022              		.loc 1 3504 3 is_stmt 1 discriminator 4 view .LVU1404
3504:Middlewares/Third_Party/FreeRTOS/Source/tasks.c **** 
 5023              		.loc 1 3504 36 is_stmt 0 discriminator 4 view .LVU1405
 5024 001a 6A6C     		ldr	r2, [r5, #68]
3504:Middlewares/Third_Party/FreeRTOS/Source/tasks.c **** 
 5025              		.loc 1 3504 29 discriminator 4 view .LVU1406
 5026 001c A260     		str	r2, [r4, #8]
3508:Middlewares/Third_Party/FreeRTOS/Source/tasks.c **** 		}
 5027              		.loc 1 3508 4 is_stmt 1 discriminator 4 view .LVU1407
3508:Middlewares/Third_Party/FreeRTOS/Source/tasks.c **** 		}
 5028              		.loc 1 3508 40 is_stmt 0 discriminator 4 view .LVU1408
 5029 001e EA6C     		ldr	r2, [r5, #76]
3508:Middlewares/Third_Party/FreeRTOS/Source/tasks.c **** 		}
 5030              		.loc 1 3508 33 discriminator 4 view .LVU1409
 5031 0020 6261     		str	r2, [r4, #20]
3522:Middlewares/Third_Party/FreeRTOS/Source/tasks.c **** 		}
 5032              		.loc 1 3522 4 is_stmt 1 discriminator 4 view .LVU1410
3522:Middlewares/Third_Party/FreeRTOS/Source/tasks.c **** 		}
 5033              		.loc 1 3522 35 is_stmt 0 discriminator 4 view .LVU1411
ARM GAS  C:\Users\31005\AppData\Local\Temp\ccNQ0Tdy.s 			page 203


 5034 0022 0022     		movs	r2, #0
 5035 0024 A261     		str	r2, [r4, #24]
3529:Middlewares/Third_Party/FreeRTOS/Source/tasks.c **** 		{
 5036              		.loc 1 3529 3 is_stmt 1 discriminator 4 view .LVU1412
3529:Middlewares/Third_Party/FreeRTOS/Source/tasks.c **** 		{
 5037              		.loc 1 3529 5 is_stmt 0 discriminator 4 view .LVU1413
 5038 0026 052B     		cmp	r3, #5
 5039 0028 19D0     		beq	.L398
3531:Middlewares/Third_Party/FreeRTOS/Source/tasks.c **** 			{
 5040              		.loc 1 3531 4 is_stmt 1 view .LVU1414
3531:Middlewares/Third_Party/FreeRTOS/Source/tasks.c **** 			{
 5041              		.loc 1 3531 14 is_stmt 0 view .LVU1415
 5042 002a 124A     		ldr	r2, .L409
 5043 002c 1268     		ldr	r2, [r2]
3531:Middlewares/Third_Party/FreeRTOS/Source/tasks.c **** 			{
 5044              		.loc 1 3531 6 view .LVU1416
 5045 002e AA42     		cmp	r2, r5
 5046 0030 09D0     		beq	.L406
3537:Middlewares/Third_Party/FreeRTOS/Source/tasks.c **** 
 5047              		.loc 1 3537 5 is_stmt 1 view .LVU1417
3537:Middlewares/Third_Party/FreeRTOS/Source/tasks.c **** 
 5048              		.loc 1 3537 33 is_stmt 0 view .LVU1418
 5049 0032 2373     		strb	r3, [r4, #12]
3544:Middlewares/Third_Party/FreeRTOS/Source/tasks.c **** 					{
 5050              		.loc 1 3544 6 is_stmt 1 view .LVU1419
3544:Middlewares/Third_Party/FreeRTOS/Source/tasks.c **** 					{
 5051              		.loc 1 3544 8 is_stmt 0 view .LVU1420
 5052 0034 032B     		cmp	r3, #3
 5053 0036 09D0     		beq	.L407
 5054              	.LVL356:
 5055              	.L400:
3566:Middlewares/Third_Party/FreeRTOS/Source/tasks.c **** 		{
 5056              		.loc 1 3566 3 is_stmt 1 view .LVU1421
3566:Middlewares/Third_Party/FreeRTOS/Source/tasks.c **** 		{
 5057              		.loc 1 3566 5 is_stmt 0 view .LVU1422
 5058 0038 B6B9     		cbnz	r6, .L408
3580:Middlewares/Third_Party/FreeRTOS/Source/tasks.c **** 		}
 5059              		.loc 1 3580 4 is_stmt 1 view .LVU1423
3580:Middlewares/Third_Party/FreeRTOS/Source/tasks.c **** 		}
 5060              		.loc 1 3580 39 is_stmt 0 view .LVU1424
 5061 003a 0023     		movs	r3, #0
 5062 003c 2384     		strh	r3, [r4, #32]	@ movhi
 5063              	.L396:
3582:Middlewares/Third_Party/FreeRTOS/Source/tasks.c **** 
 5064              		.loc 1 3582 2 view .LVU1425
 5065 003e 70BD     		pop	{r4, r5, r6, pc}
 5066              	.LVL357:
 5067              	.L405:
3498:Middlewares/Third_Party/FreeRTOS/Source/tasks.c **** 
 5068              		.loc 1 3498 11 discriminator 1 view .LVU1426
 5069 0040 0C4A     		ldr	r2, .L409
 5070              	.LVL358:
3498:Middlewares/Third_Party/FreeRTOS/Source/tasks.c **** 
 5071              		.loc 1 3498 11 discriminator 1 view .LVU1427
 5072 0042 1568     		ldr	r5, [r2]
 5073              	.LVL359:
3498:Middlewares/Third_Party/FreeRTOS/Source/tasks.c **** 
ARM GAS  C:\Users\31005\AppData\Local\Temp\ccNQ0Tdy.s 			page 204


 5074              		.loc 1 3498 11 discriminator 1 view .LVU1428
 5075 0044 E1E7     		b	.L397
 5076              	.LVL360:
 5077              	.L406:
3533:Middlewares/Third_Party/FreeRTOS/Source/tasks.c **** 			}
 5078              		.loc 1 3533 5 is_stmt 1 view .LVU1429
3533:Middlewares/Third_Party/FreeRTOS/Source/tasks.c **** 			}
 5079              		.loc 1 3533 33 is_stmt 0 view .LVU1430
 5080 0046 0023     		movs	r3, #0
 5081              	.LVL361:
3533:Middlewares/Third_Party/FreeRTOS/Source/tasks.c **** 			}
 5082              		.loc 1 3533 33 view .LVU1431
 5083 0048 2373     		strb	r3, [r4, #12]
 5084 004a F5E7     		b	.L400
 5085              	.LVL362:
 5086              	.L407:
3546:Middlewares/Third_Party/FreeRTOS/Source/tasks.c **** 						{
 5087              		.loc 1 3546 7 is_stmt 1 view .LVU1432
 5088 004c FFF7FEFF 		bl	vTaskSuspendAll
 5089              	.LVL363:
3548:Middlewares/Third_Party/FreeRTOS/Source/tasks.c **** 							{
 5090              		.loc 1 3548 8 view .LVU1433
3548:Middlewares/Third_Party/FreeRTOS/Source/tasks.c **** 							{
 5091              		.loc 1 3548 12 is_stmt 0 view .LVU1434
 5092 0050 AB6A     		ldr	r3, [r5, #40]
3548:Middlewares/Third_Party/FreeRTOS/Source/tasks.c **** 							{
 5093              		.loc 1 3548 10 view .LVU1435
 5094 0052 0BB1     		cbz	r3, .L401
3550:Middlewares/Third_Party/FreeRTOS/Source/tasks.c **** 							}
 5095              		.loc 1 3550 9 is_stmt 1 view .LVU1436
3550:Middlewares/Third_Party/FreeRTOS/Source/tasks.c **** 							}
 5096              		.loc 1 3550 37 is_stmt 0 view .LVU1437
 5097 0054 0223     		movs	r3, #2
 5098 0056 2373     		strb	r3, [r4, #12]
 5099              	.L401:
3553:Middlewares/Third_Party/FreeRTOS/Source/tasks.c **** 					}
 5100              		.loc 1 3553 7 is_stmt 1 view .LVU1438
3553:Middlewares/Third_Party/FreeRTOS/Source/tasks.c **** 					}
 5101              		.loc 1 3553 16 is_stmt 0 view .LVU1439
 5102 0058 FFF7FEFF 		bl	xTaskResumeAll
 5103              	.LVL364:
 5104 005c ECE7     		b	.L400
 5105              	.LVL365:
 5106              	.L398:
3561:Middlewares/Third_Party/FreeRTOS/Source/tasks.c **** 		}
 5107              		.loc 1 3561 4 is_stmt 1 view .LVU1440
3561:Middlewares/Third_Party/FreeRTOS/Source/tasks.c **** 		}
 5108              		.loc 1 3561 34 is_stmt 0 view .LVU1441
 5109 005e 2846     		mov	r0, r5
 5110 0060 FFF7FEFF 		bl	eTaskGetState
 5111              	.LVL366:
3561:Middlewares/Third_Party/FreeRTOS/Source/tasks.c **** 		}
 5112              		.loc 1 3561 32 view .LVU1442
 5113 0064 2073     		strb	r0, [r4, #12]
 5114 0066 E7E7     		b	.L400
 5115              	.L408:
3574:Middlewares/Third_Party/FreeRTOS/Source/tasks.c **** 			}
ARM GAS  C:\Users\31005\AppData\Local\Temp\ccNQ0Tdy.s 			page 205


 5116              		.loc 1 3574 5 is_stmt 1 view .LVU1443
3574:Middlewares/Third_Party/FreeRTOS/Source/tasks.c **** 			}
 5117              		.loc 1 3574 42 is_stmt 0 view .LVU1444
 5118 0068 286B     		ldr	r0, [r5, #48]
 5119 006a FFF7FEFF 		bl	prvTaskCheckFreeStackSpace
 5120              	.LVL367:
3574:Middlewares/Third_Party/FreeRTOS/Source/tasks.c **** 			}
 5121              		.loc 1 3574 40 view .LVU1445
 5122 006e 2084     		strh	r0, [r4, #32]	@ movhi
 5123 0070 E5E7     		b	.L396
 5124              	.L410:
 5125 0072 00BF     		.align	2
 5126              	.L409:
 5127 0074 00000000 		.word	pxCurrentTCB
 5128              		.cfi_endproc
 5129              	.LFE44:
 5131              		.section	.text.prvListTasksWithinSingleList,"ax",%progbits
 5132              		.align	1
 5133              		.syntax unified
 5134              		.thumb
 5135              		.thumb_func
 5137              	prvListTasksWithinSingleList:
 5138              	.LVL368:
 5139              	.LFB45:
3590:Middlewares/Third_Party/FreeRTOS/Source/tasks.c **** 	configLIST_VOLATILE TCB_t *pxNextTCB, *pxFirstTCB;
 5140              		.loc 1 3590 2 is_stmt 1 view -0
 5141              		.cfi_startproc
 5142              		@ args = 0, pretend = 0, frame = 0
 5143              		@ frame_needed = 0, uses_anonymous_args = 0
3590:Middlewares/Third_Party/FreeRTOS/Source/tasks.c **** 	configLIST_VOLATILE TCB_t *pxNextTCB, *pxFirstTCB;
 5144              		.loc 1 3590 2 is_stmt 0 view .LVU1447
 5145 0000 2DE9F047 		push	{r4, r5, r6, r7, r8, r9, r10, lr}
 5146              	.LCFI44:
 5147              		.cfi_def_cfa_offset 32
 5148              		.cfi_offset 4, -32
 5149              		.cfi_offset 5, -28
 5150              		.cfi_offset 6, -24
 5151              		.cfi_offset 7, -20
 5152              		.cfi_offset 8, -16
 5153              		.cfi_offset 9, -12
 5154              		.cfi_offset 10, -8
 5155              		.cfi_offset 14, -4
3591:Middlewares/Third_Party/FreeRTOS/Source/tasks.c **** 	UBaseType_t uxTask = 0;
 5156              		.loc 1 3591 22 is_stmt 1 view .LVU1448
3592:Middlewares/Third_Party/FreeRTOS/Source/tasks.c **** 
 5157              		.loc 1 3592 2 view .LVU1449
 5158              	.LVL369:
3594:Middlewares/Third_Party/FreeRTOS/Source/tasks.c **** 		{
 5159              		.loc 1 3594 3 view .LVU1450
3594:Middlewares/Third_Party/FreeRTOS/Source/tasks.c **** 		{
 5160              		.loc 1 3594 7 is_stmt 0 view .LVU1451
 5161 0004 0C68     		ldr	r4, [r1]
3594:Middlewares/Third_Party/FreeRTOS/Source/tasks.c **** 		{
 5162              		.loc 1 3594 5 view .LVU1452
 5163 0006 3CB3     		cbz	r4, .L411
 5164 0008 0746     		mov	r7, r0
 5165 000a 0D46     		mov	r5, r1
ARM GAS  C:\Users\31005\AppData\Local\Temp\ccNQ0Tdy.s 			page 206


 5166 000c 9046     		mov	r8, r2
 5167              	.LBB209:
3596:Middlewares/Third_Party/FreeRTOS/Source/tasks.c **** 
 5168              		.loc 1 3596 4 is_stmt 1 view .LVU1453
 5169              	.LVL370:
3596:Middlewares/Third_Party/FreeRTOS/Source/tasks.c **** 
 5170              		.loc 1 3596 4 view .LVU1454
 5171 000e 4B68     		ldr	r3, [r1, #4]
 5172 0010 5B68     		ldr	r3, [r3, #4]
 5173 0012 4B60     		str	r3, [r1, #4]
3596:Middlewares/Third_Party/FreeRTOS/Source/tasks.c **** 
 5174              		.loc 1 3596 4 view .LVU1455
 5175 0014 01F10809 		add	r9, r1, #8
 5176 0018 4B45     		cmp	r3, r9
 5177 001a 04D0     		beq	.L417
 5178              	.L413:
3596:Middlewares/Third_Party/FreeRTOS/Source/tasks.c **** 
 5179              		.loc 1 3596 4 discriminator 3 view .LVU1456
 5180 001c 6B68     		ldr	r3, [r5, #4]
 5181 001e D3F80CA0 		ldr	r10, [r3, #12]
 5182              	.LVL371:
3596:Middlewares/Third_Party/FreeRTOS/Source/tasks.c **** 
 5183              		.loc 1 3596 4 is_stmt 0 discriminator 3 view .LVU1457
 5184              	.LBE209:
3592:Middlewares/Third_Party/FreeRTOS/Source/tasks.c **** 
 5185              		.loc 1 3592 14 discriminator 3 view .LVU1458
 5186 0022 0024     		movs	r4, #0
 5187 0024 10E0     		b	.L415
 5188              	.LVL372:
 5189              	.L417:
 5190              	.LBB210:
3596:Middlewares/Third_Party/FreeRTOS/Source/tasks.c **** 
 5191              		.loc 1 3596 4 is_stmt 1 discriminator 1 view .LVU1459
 5192 0026 5B68     		ldr	r3, [r3, #4]
 5193 0028 4B60     		str	r3, [r1, #4]
 5194 002a F7E7     		b	.L413
 5195              	.LVL373:
 5196              	.L414:
3596:Middlewares/Third_Party/FreeRTOS/Source/tasks.c **** 
 5197              		.loc 1 3596 4 is_stmt 0 discriminator 1 view .LVU1460
 5198              	.LBE210:
 5199              	.LBB211:
3604:Middlewares/Third_Party/FreeRTOS/Source/tasks.c **** 				vTaskGetInfo( ( TaskHandle_t ) pxNextTCB, &( pxTaskStatusArray[ uxTask ] ), pdTRUE, eState );
 5200              		.loc 1 3604 5 is_stmt 1 discriminator 3 view .LVU1461
 5201 002c 6B68     		ldr	r3, [r5, #4]
 5202 002e DE68     		ldr	r6, [r3, #12]
 5203              	.LVL374:
3604:Middlewares/Third_Party/FreeRTOS/Source/tasks.c **** 				vTaskGetInfo( ( TaskHandle_t ) pxNextTCB, &( pxTaskStatusArray[ uxTask ] ), pdTRUE, eState );
 5204              		.loc 1 3604 5 is_stmt 0 discriminator 3 view .LVU1462
 5205              	.LBE211:
3604:Middlewares/Third_Party/FreeRTOS/Source/tasks.c **** 				vTaskGetInfo( ( TaskHandle_t ) pxNextTCB, &( pxTaskStatusArray[ uxTask ] ), pdTRUE, eState );
 5206              		.loc 1 3604 53 is_stmt 1 discriminator 3 view .LVU1463
3605:Middlewares/Third_Party/FreeRTOS/Source/tasks.c **** 				uxTask++;
 5207              		.loc 1 3605 5 discriminator 3 view .LVU1464
3605:Middlewares/Third_Party/FreeRTOS/Source/tasks.c **** 				uxTask++;
 5208              		.loc 1 3605 67 is_stmt 0 discriminator 3 view .LVU1465
 5209 0030 04EBC401 		add	r1, r4, r4, lsl #3
ARM GAS  C:\Users\31005\AppData\Local\Temp\ccNQ0Tdy.s 			page 207


3605:Middlewares/Third_Party/FreeRTOS/Source/tasks.c **** 				uxTask++;
 5210              		.loc 1 3605 5 discriminator 3 view .LVU1466
 5211 0034 4346     		mov	r3, r8
 5212 0036 0122     		movs	r2, #1
 5213 0038 07EB8101 		add	r1, r7, r1, lsl #2
 5214 003c 3046     		mov	r0, r6
 5215 003e FFF7FEFF 		bl	vTaskGetInfo
 5216              	.LVL375:
3606:Middlewares/Third_Party/FreeRTOS/Source/tasks.c **** 			} while( pxNextTCB != pxFirstTCB );
 5217              		.loc 1 3606 5 is_stmt 1 discriminator 3 view .LVU1467
3606:Middlewares/Third_Party/FreeRTOS/Source/tasks.c **** 			} while( pxNextTCB != pxFirstTCB );
 5218              		.loc 1 3606 11 is_stmt 0 discriminator 3 view .LVU1468
 5219 0042 0134     		adds	r4, r4, #1
 5220              	.LVL376:
3607:Middlewares/Third_Party/FreeRTOS/Source/tasks.c **** 		}
 5221              		.loc 1 3607 23 is_stmt 1 discriminator 3 view .LVU1469
 5222 0044 B245     		cmp	r10, r6
 5223 0046 07D0     		beq	.L411
 5224              	.LVL377:
 5225              	.L415:
3596:Middlewares/Third_Party/FreeRTOS/Source/tasks.c **** 
 5226              		.loc 1 3596 53 discriminator 4 view .LVU1470
3602:Middlewares/Third_Party/FreeRTOS/Source/tasks.c **** 			{
 5227              		.loc 1 3602 4 discriminator 4 view .LVU1471
 5228              	.LBB212:
3604:Middlewares/Third_Party/FreeRTOS/Source/tasks.c **** 				vTaskGetInfo( ( TaskHandle_t ) pxNextTCB, &( pxTaskStatusArray[ uxTask ] ), pdTRUE, eState );
 5229              		.loc 1 3604 5 discriminator 4 view .LVU1472
3604:Middlewares/Third_Party/FreeRTOS/Source/tasks.c **** 				vTaskGetInfo( ( TaskHandle_t ) pxNextTCB, &( pxTaskStatusArray[ uxTask ] ), pdTRUE, eState );
 5230              		.loc 1 3604 5 discriminator 4 view .LVU1473
 5231 0048 6B68     		ldr	r3, [r5, #4]
 5232 004a 5968     		ldr	r1, [r3, #4]
 5233 004c 6960     		str	r1, [r5, #4]
3604:Middlewares/Third_Party/FreeRTOS/Source/tasks.c **** 				vTaskGetInfo( ( TaskHandle_t ) pxNextTCB, &( pxTaskStatusArray[ uxTask ] ), pdTRUE, eState );
 5234              		.loc 1 3604 5 discriminator 4 view .LVU1474
 5235 004e 8945     		cmp	r9, r1
 5236 0050 ECD1     		bne	.L414
3604:Middlewares/Third_Party/FreeRTOS/Source/tasks.c **** 				vTaskGetInfo( ( TaskHandle_t ) pxNextTCB, &( pxTaskStatusArray[ uxTask ] ), pdTRUE, eState );
 5237              		.loc 1 3604 5 discriminator 1 view .LVU1475
 5238 0052 4B68     		ldr	r3, [r1, #4]
 5239 0054 6B60     		str	r3, [r5, #4]
 5240 0056 E9E7     		b	.L414
 5241              	.LVL378:
 5242              	.L411:
3604:Middlewares/Third_Party/FreeRTOS/Source/tasks.c **** 				vTaskGetInfo( ( TaskHandle_t ) pxNextTCB, &( pxTaskStatusArray[ uxTask ] ), pdTRUE, eState );
 5243              		.loc 1 3604 5 is_stmt 0 discriminator 1 view .LVU1476
 5244              	.LBE212:
3615:Middlewares/Third_Party/FreeRTOS/Source/tasks.c **** 
 5245              		.loc 1 3615 2 view .LVU1477
 5246 0058 2046     		mov	r0, r4
 5247 005a BDE8F087 		pop	{r4, r5, r6, r7, r8, r9, r10, pc}
 5248              		.cfi_endproc
 5249              	.LFE45:
 5251              		.section	.text.uxTaskGetSystemState,"ax",%progbits
 5252              		.align	1
 5253              		.global	uxTaskGetSystemState
 5254              		.syntax unified
 5255              		.thumb
ARM GAS  C:\Users\31005\AppData\Local\Temp\ccNQ0Tdy.s 			page 208


 5256              		.thumb_func
 5258              	uxTaskGetSystemState:
 5259              	.LVL379:
 5260              	.LFB27:
2404:Middlewares/Third_Party/FreeRTOS/Source/tasks.c **** 	UBaseType_t uxTask = 0, uxQueue = configMAX_PRIORITIES;
 5261              		.loc 1 2404 2 is_stmt 1 view -0
 5262              		.cfi_startproc
 5263              		@ args = 0, pretend = 0, frame = 0
 5264              		@ frame_needed = 0, uses_anonymous_args = 0
2404:Middlewares/Third_Party/FreeRTOS/Source/tasks.c **** 	UBaseType_t uxTask = 0, uxQueue = configMAX_PRIORITIES;
 5265              		.loc 1 2404 2 is_stmt 0 view .LVU1479
 5266 0000 F8B5     		push	{r3, r4, r5, r6, r7, lr}
 5267              	.LCFI45:
 5268              		.cfi_def_cfa_offset 24
 5269              		.cfi_offset 3, -24
 5270              		.cfi_offset 4, -20
 5271              		.cfi_offset 5, -16
 5272              		.cfi_offset 6, -12
 5273              		.cfi_offset 7, -8
 5274              		.cfi_offset 14, -4
 5275 0002 0746     		mov	r7, r0
 5276 0004 0C46     		mov	r4, r1
 5277 0006 1646     		mov	r6, r2
2405:Middlewares/Third_Party/FreeRTOS/Source/tasks.c **** 
 5278              		.loc 1 2405 2 is_stmt 1 view .LVU1480
 5279              	.LVL380:
2407:Middlewares/Third_Party/FreeRTOS/Source/tasks.c **** 		{
 5280              		.loc 1 2407 3 view .LVU1481
 5281 0008 FFF7FEFF 		bl	vTaskSuspendAll
 5282              	.LVL381:
2410:Middlewares/Third_Party/FreeRTOS/Source/tasks.c **** 			{
 5283              		.loc 1 2410 4 view .LVU1482
2410:Middlewares/Third_Party/FreeRTOS/Source/tasks.c **** 			{
 5284              		.loc 1 2410 20 is_stmt 0 view .LVU1483
 5285 000c 224B     		ldr	r3, .L423
 5286 000e 1B68     		ldr	r3, [r3]
2410:Middlewares/Third_Party/FreeRTOS/Source/tasks.c **** 			{
 5287              		.loc 1 2410 6 view .LVU1484
 5288 0010 A342     		cmp	r3, r4
 5289 0012 3BD8     		bhi	.L421
2405:Middlewares/Third_Party/FreeRTOS/Source/tasks.c **** 
 5290              		.loc 1 2405 26 view .LVU1485
 5291 0014 3824     		movs	r4, #56
 5292              	.LVL382:
2405:Middlewares/Third_Party/FreeRTOS/Source/tasks.c **** 
 5293              		.loc 1 2405 14 view .LVU1486
 5294 0016 0025     		movs	r5, #0
 5295              	.LVL383:
 5296              	.L420:
2414:Middlewares/Third_Party/FreeRTOS/Source/tasks.c **** 				{
 5297              		.loc 1 2414 5 is_stmt 1 discriminator 1 view .LVU1487
2416:Middlewares/Third_Party/FreeRTOS/Source/tasks.c **** 					uxTask += prvListTasksWithinSingleList( &( pxTaskStatusArray[ uxTask ] ), &( pxReadyTasksLists
 5298              		.loc 1 2416 6 discriminator 1 view .LVU1488
2416:Middlewares/Third_Party/FreeRTOS/Source/tasks.c **** 					uxTask += prvListTasksWithinSingleList( &( pxTaskStatusArray[ uxTask ] ), &( pxReadyTasksLists
 5299              		.loc 1 2416 13 is_stmt 0 discriminator 1 view .LVU1489
 5300 0018 013C     		subs	r4, r4, #1
 5301              	.LVL384:
ARM GAS  C:\Users\31005\AppData\Local\Temp\ccNQ0Tdy.s 			page 209


2417:Middlewares/Third_Party/FreeRTOS/Source/tasks.c **** 
 5302              		.loc 1 2417 6 is_stmt 1 discriminator 1 view .LVU1490
2417:Middlewares/Third_Party/FreeRTOS/Source/tasks.c **** 
 5303              		.loc 1 2417 66 is_stmt 0 discriminator 1 view .LVU1491
 5304 001a 05EBC500 		add	r0, r5, r5, lsl #3
2417:Middlewares/Third_Party/FreeRTOS/Source/tasks.c **** 
 5305              		.loc 1 2417 16 discriminator 1 view .LVU1492
 5306 001e 04EB8401 		add	r1, r4, r4, lsl #2
 5307 0022 0122     		movs	r2, #1
 5308 0024 1D4B     		ldr	r3, .L423+4
 5309 0026 03EB8101 		add	r1, r3, r1, lsl #2
 5310 002a 07EB8000 		add	r0, r7, r0, lsl #2
 5311 002e FFF7FEFF 		bl	prvListTasksWithinSingleList
 5312              	.LVL385:
2417:Middlewares/Third_Party/FreeRTOS/Source/tasks.c **** 
 5313              		.loc 1 2417 13 discriminator 1 view .LVU1493
 5314 0032 0544     		add	r5, r5, r0
 5315              	.LVL386:
2419:Middlewares/Third_Party/FreeRTOS/Source/tasks.c **** 
 5316              		.loc 1 2419 22 is_stmt 1 discriminator 1 view .LVU1494
 5317 0034 002C     		cmp	r4, #0
 5318 0036 EFD1     		bne	.L420
2423:Middlewares/Third_Party/FreeRTOS/Source/tasks.c **** 				uxTask += prvListTasksWithinSingleList( &( pxTaskStatusArray[ uxTask ] ), ( List_t * ) pxOverfl
 5319              		.loc 1 2423 5 view .LVU1495
2423:Middlewares/Third_Party/FreeRTOS/Source/tasks.c **** 				uxTask += prvListTasksWithinSingleList( &( pxTaskStatusArray[ uxTask ] ), ( List_t * ) pxOverfl
 5320              		.loc 1 2423 65 is_stmt 0 view .LVU1496
 5321 0038 05EBC500 		add	r0, r5, r5, lsl #3
2423:Middlewares/Third_Party/FreeRTOS/Source/tasks.c **** 				uxTask += prvListTasksWithinSingleList( &( pxTaskStatusArray[ uxTask ] ), ( List_t * ) pxOverfl
 5322              		.loc 1 2423 15 view .LVU1497
 5323 003c 184B     		ldr	r3, .L423+8
 5324 003e 1968     		ldr	r1, [r3]
 5325 0040 0222     		movs	r2, #2
 5326 0042 07EB8000 		add	r0, r7, r0, lsl #2
 5327 0046 FFF7FEFF 		bl	prvListTasksWithinSingleList
 5328              	.LVL387:
2423:Middlewares/Third_Party/FreeRTOS/Source/tasks.c **** 				uxTask += prvListTasksWithinSingleList( &( pxTaskStatusArray[ uxTask ] ), ( List_t * ) pxOverfl
 5329              		.loc 1 2423 12 view .LVU1498
 5330 004a 0544     		add	r5, r5, r0
 5331              	.LVL388:
2424:Middlewares/Third_Party/FreeRTOS/Source/tasks.c **** 
 5332              		.loc 1 2424 5 is_stmt 1 view .LVU1499
2424:Middlewares/Third_Party/FreeRTOS/Source/tasks.c **** 
 5333              		.loc 1 2424 65 is_stmt 0 view .LVU1500
 5334 004c 05EBC500 		add	r0, r5, r5, lsl #3
2424:Middlewares/Third_Party/FreeRTOS/Source/tasks.c **** 
 5335              		.loc 1 2424 15 view .LVU1501
 5336 0050 144B     		ldr	r3, .L423+12
 5337 0052 1968     		ldr	r1, [r3]
 5338 0054 0222     		movs	r2, #2
 5339 0056 07EB8000 		add	r0, r7, r0, lsl #2
 5340 005a FFF7FEFF 		bl	prvListTasksWithinSingleList
 5341              	.LVL389:
2424:Middlewares/Third_Party/FreeRTOS/Source/tasks.c **** 
 5342              		.loc 1 2424 12 view .LVU1502
 5343 005e 0544     		add	r5, r5, r0
 5344              	.LVL390:
2430:Middlewares/Third_Party/FreeRTOS/Source/tasks.c **** 				}
ARM GAS  C:\Users\31005\AppData\Local\Temp\ccNQ0Tdy.s 			page 210


 5345              		.loc 1 2430 6 is_stmt 1 view .LVU1503
2430:Middlewares/Third_Party/FreeRTOS/Source/tasks.c **** 				}
 5346              		.loc 1 2430 66 is_stmt 0 view .LVU1504
 5347 0060 05EBC500 		add	r0, r5, r5, lsl #3
2430:Middlewares/Third_Party/FreeRTOS/Source/tasks.c **** 				}
 5348              		.loc 1 2430 16 view .LVU1505
 5349 0064 0422     		movs	r2, #4
 5350 0066 1049     		ldr	r1, .L423+16
 5351 0068 07EB8000 		add	r0, r7, r0, lsl #2
 5352 006c FFF7FEFF 		bl	prvListTasksWithinSingleList
 5353              	.LVL391:
2430:Middlewares/Third_Party/FreeRTOS/Source/tasks.c **** 				}
 5354              		.loc 1 2430 13 view .LVU1506
 5355 0070 2C18     		adds	r4, r5, r0
 5356              	.LVL392:
2438:Middlewares/Third_Party/FreeRTOS/Source/tasks.c **** 				}
 5357              		.loc 1 2438 6 is_stmt 1 view .LVU1507
2438:Middlewares/Third_Party/FreeRTOS/Source/tasks.c **** 				}
 5358              		.loc 1 2438 66 is_stmt 0 view .LVU1508
 5359 0072 04EBC400 		add	r0, r4, r4, lsl #3
2438:Middlewares/Third_Party/FreeRTOS/Source/tasks.c **** 				}
 5360              		.loc 1 2438 16 view .LVU1509
 5361 0076 0322     		movs	r2, #3
 5362 0078 0C49     		ldr	r1, .L423+20
 5363 007a 07EB8000 		add	r0, r7, r0, lsl #2
 5364 007e FFF7FEFF 		bl	prvListTasksWithinSingleList
 5365              	.LVL393:
2438:Middlewares/Third_Party/FreeRTOS/Source/tasks.c **** 				}
 5366              		.loc 1 2438 13 view .LVU1510
 5367 0082 0444     		add	r4, r4, r0
 5368              	.LVL394:
2455:Middlewares/Third_Party/FreeRTOS/Source/tasks.c **** 					{
 5369              		.loc 1 2455 6 is_stmt 1 view .LVU1511
2455:Middlewares/Third_Party/FreeRTOS/Source/tasks.c **** 					{
 5370              		.loc 1 2455 8 is_stmt 0 view .LVU1512
 5371 0084 1EB1     		cbz	r6, .L419
2457:Middlewares/Third_Party/FreeRTOS/Source/tasks.c **** 					}
 5372              		.loc 1 2457 7 is_stmt 1 view .LVU1513
2457:Middlewares/Third_Party/FreeRTOS/Source/tasks.c **** 					}
 5373              		.loc 1 2457 24 is_stmt 0 view .LVU1514
 5374 0086 0023     		movs	r3, #0
 5375 0088 3360     		str	r3, [r6]
 5376 008a 00E0     		b	.L419
 5377              	.LVL395:
 5378              	.L421:
2405:Middlewares/Third_Party/FreeRTOS/Source/tasks.c **** 
 5379              		.loc 1 2405 14 view .LVU1515
 5380 008c 0024     		movs	r4, #0
 5381              	.LVL396:
 5382              	.L419:
2464:Middlewares/Third_Party/FreeRTOS/Source/tasks.c **** 			}
 5383              		.loc 1 2464 29 is_stmt 1 view .LVU1516
2467:Middlewares/Third_Party/FreeRTOS/Source/tasks.c **** 
 5384              		.loc 1 2467 3 view .LVU1517
2467:Middlewares/Third_Party/FreeRTOS/Source/tasks.c **** 
 5385              		.loc 1 2467 12 is_stmt 0 view .LVU1518
 5386 008e FFF7FEFF 		bl	xTaskResumeAll
ARM GAS  C:\Users\31005\AppData\Local\Temp\ccNQ0Tdy.s 			page 211


 5387              	.LVL397:
2469:Middlewares/Third_Party/FreeRTOS/Source/tasks.c **** 	}
 5388              		.loc 1 2469 3 is_stmt 1 view .LVU1519
2470:Middlewares/Third_Party/FreeRTOS/Source/tasks.c **** 
 5389              		.loc 1 2470 2 is_stmt 0 view .LVU1520
 5390 0092 2046     		mov	r0, r4
 5391 0094 F8BD     		pop	{r3, r4, r5, r6, r7, pc}
 5392              	.LVL398:
 5393              	.L424:
2470:Middlewares/Third_Party/FreeRTOS/Source/tasks.c **** 
 5394              		.loc 1 2470 2 view .LVU1521
 5395 0096 00BF     		.align	2
 5396              	.L423:
 5397 0098 00000000 		.word	uxCurrentNumberOfTasks
 5398 009c 00000000 		.word	pxReadyTasksLists
 5399 00a0 00000000 		.word	pxDelayedTaskList
 5400 00a4 00000000 		.word	pxOverflowDelayedTaskList
 5401 00a8 00000000 		.word	xTasksWaitingTermination
 5402 00ac 00000000 		.word	xSuspendedTaskList
 5403              		.cfi_endproc
 5404              	.LFE27:
 5406              		.section	.text.uxTaskGetStackHighWaterMark,"ax",%progbits
 5407              		.align	1
 5408              		.global	uxTaskGetStackHighWaterMark
 5409              		.syntax unified
 5410              		.thumb
 5411              		.thumb_func
 5413              	uxTaskGetStackHighWaterMark:
 5414              	.LVL399:
 5415              	.LFB47:
3643:Middlewares/Third_Party/FreeRTOS/Source/tasks.c **** 	TCB_t *pxTCB;
 5416              		.loc 1 3643 2 is_stmt 1 view -0
 5417              		.cfi_startproc
 5418              		@ args = 0, pretend = 0, frame = 0
 5419              		@ frame_needed = 0, uses_anonymous_args = 0
3643:Middlewares/Third_Party/FreeRTOS/Source/tasks.c **** 	TCB_t *pxTCB;
 5420              		.loc 1 3643 2 is_stmt 0 view .LVU1523
 5421 0000 08B5     		push	{r3, lr}
 5422              	.LCFI46:
 5423              		.cfi_def_cfa_offset 8
 5424              		.cfi_offset 3, -8
 5425              		.cfi_offset 14, -4
3644:Middlewares/Third_Party/FreeRTOS/Source/tasks.c **** 	uint8_t *pucEndOfStack;
 5426              		.loc 1 3644 2 is_stmt 1 view .LVU1524
3645:Middlewares/Third_Party/FreeRTOS/Source/tasks.c **** 	UBaseType_t uxReturn;
 5427              		.loc 1 3645 2 view .LVU1525
3646:Middlewares/Third_Party/FreeRTOS/Source/tasks.c **** 
 5428              		.loc 1 3646 2 view .LVU1526
3648:Middlewares/Third_Party/FreeRTOS/Source/tasks.c **** 
 5429              		.loc 1 3648 3 view .LVU1527
3648:Middlewares/Third_Party/FreeRTOS/Source/tasks.c **** 
 5430              		.loc 1 3648 11 is_stmt 0 view .LVU1528
 5431 0002 0346     		mov	r3, r0
 5432 0004 18B1     		cbz	r0, .L428
 5433              	.LVL400:
 5434              	.L426:
3652:Middlewares/Third_Party/FreeRTOS/Source/tasks.c **** 		}
ARM GAS  C:\Users\31005\AppData\Local\Temp\ccNQ0Tdy.s 			page 212


 5435              		.loc 1 3652 4 is_stmt 1 discriminator 4 view .LVU1529
3660:Middlewares/Third_Party/FreeRTOS/Source/tasks.c **** 
 5436              		.loc 1 3660 3 discriminator 4 view .LVU1530
3660:Middlewares/Third_Party/FreeRTOS/Source/tasks.c **** 
 5437              		.loc 1 3660 30 is_stmt 0 discriminator 4 view .LVU1531
 5438 0006 186B     		ldr	r0, [r3, #48]
 5439 0008 FFF7FEFF 		bl	prvTaskCheckFreeStackSpace
 5440              	.LVL401:
3662:Middlewares/Third_Party/FreeRTOS/Source/tasks.c **** 	}
 5441              		.loc 1 3662 3 is_stmt 1 discriminator 4 view .LVU1532
3663:Middlewares/Third_Party/FreeRTOS/Source/tasks.c **** 
 5442              		.loc 1 3663 2 is_stmt 0 discriminator 4 view .LVU1533
 5443 000c 08BD     		pop	{r3, pc}
 5444              	.LVL402:
 5445              	.L428:
3648:Middlewares/Third_Party/FreeRTOS/Source/tasks.c **** 
 5446              		.loc 1 3648 11 discriminator 1 view .LVU1534
 5447 000e 014B     		ldr	r3, .L429
 5448 0010 1B68     		ldr	r3, [r3]
 5449              	.LVL403:
3648:Middlewares/Third_Party/FreeRTOS/Source/tasks.c **** 
 5450              		.loc 1 3648 11 discriminator 1 view .LVU1535
 5451 0012 F8E7     		b	.L426
 5452              	.L430:
 5453              		.align	2
 5454              	.L429:
 5455 0014 00000000 		.word	pxCurrentTCB
 5456              		.cfi_endproc
 5457              	.LFE47:
 5459              		.section	.text.xTaskGetCurrentTaskHandle,"ax",%progbits
 5460              		.align	1
 5461              		.global	xTaskGetCurrentTaskHandle
 5462              		.syntax unified
 5463              		.thumb
 5464              		.thumb_func
 5466              	xTaskGetCurrentTaskHandle:
 5467              	.LFB50:
3751:Middlewares/Third_Party/FreeRTOS/Source/tasks.c **** 	TaskHandle_t xReturn;
 5468              		.loc 1 3751 2 is_stmt 1 view -0
 5469              		.cfi_startproc
 5470              		@ args = 0, pretend = 0, frame = 0
 5471              		@ frame_needed = 0, uses_anonymous_args = 0
 5472              		@ link register save eliminated.
3752:Middlewares/Third_Party/FreeRTOS/Source/tasks.c **** 
 5473              		.loc 1 3752 2 view .LVU1537
3757:Middlewares/Third_Party/FreeRTOS/Source/tasks.c **** 
 5474              		.loc 1 3757 3 view .LVU1538
3757:Middlewares/Third_Party/FreeRTOS/Source/tasks.c **** 
 5475              		.loc 1 3757 11 is_stmt 0 view .LVU1539
 5476 0000 014B     		ldr	r3, .L432
 5477 0002 1868     		ldr	r0, [r3]
 5478              	.LVL404:
3759:Middlewares/Third_Party/FreeRTOS/Source/tasks.c **** 	}
 5479              		.loc 1 3759 3 is_stmt 1 view .LVU1540
3760:Middlewares/Third_Party/FreeRTOS/Source/tasks.c **** 
 5480              		.loc 1 3760 2 is_stmt 0 view .LVU1541
 5481 0004 7047     		bx	lr
ARM GAS  C:\Users\31005\AppData\Local\Temp\ccNQ0Tdy.s 			page 213


 5482              	.L433:
 5483 0006 00BF     		.align	2
 5484              	.L432:
 5485 0008 00000000 		.word	pxCurrentTCB
 5486              		.cfi_endproc
 5487              	.LFE50:
 5489              		.section	.text.xTaskGetSchedulerState,"ax",%progbits
 5490              		.align	1
 5491              		.global	xTaskGetSchedulerState
 5492              		.syntax unified
 5493              		.thumb
 5494              		.thumb_func
 5496              	xTaskGetSchedulerState:
 5497              	.LFB51:
3768:Middlewares/Third_Party/FreeRTOS/Source/tasks.c **** 	BaseType_t xReturn;
 5498              		.loc 1 3768 2 is_stmt 1 view -0
 5499              		.cfi_startproc
 5500              		@ args = 0, pretend = 0, frame = 0
 5501              		@ frame_needed = 0, uses_anonymous_args = 0
 5502              		@ link register save eliminated.
3769:Middlewares/Third_Party/FreeRTOS/Source/tasks.c **** 
 5503              		.loc 1 3769 2 view .LVU1543
3771:Middlewares/Third_Party/FreeRTOS/Source/tasks.c **** 		{
 5504              		.loc 1 3771 3 view .LVU1544
3771:Middlewares/Third_Party/FreeRTOS/Source/tasks.c **** 		{
 5505              		.loc 1 3771 25 is_stmt 0 view .LVU1545
 5506 0000 054B     		ldr	r3, .L439
 5507 0002 1B68     		ldr	r3, [r3]
3771:Middlewares/Third_Party/FreeRTOS/Source/tasks.c **** 		{
 5508              		.loc 1 3771 5 view .LVU1546
 5509 0004 33B1     		cbz	r3, .L436
3777:Middlewares/Third_Party/FreeRTOS/Source/tasks.c **** 			{
 5510              		.loc 1 3777 4 is_stmt 1 view .LVU1547
3777:Middlewares/Third_Party/FreeRTOS/Source/tasks.c **** 			{
 5511              		.loc 1 3777 29 is_stmt 0 view .LVU1548
 5512 0006 054B     		ldr	r3, .L439+4
 5513 0008 1B68     		ldr	r3, [r3]
3777:Middlewares/Third_Party/FreeRTOS/Source/tasks.c **** 			{
 5514              		.loc 1 3777 6 view .LVU1549
 5515 000a 0BB1     		cbz	r3, .L438
3783:Middlewares/Third_Party/FreeRTOS/Source/tasks.c **** 			}
 5516              		.loc 1 3783 13 view .LVU1550
 5517 000c 0020     		movs	r0, #0
 5518              	.LVL405:
3787:Middlewares/Third_Party/FreeRTOS/Source/tasks.c **** 	}
 5519              		.loc 1 3787 3 is_stmt 1 view .LVU1551
3788:Middlewares/Third_Party/FreeRTOS/Source/tasks.c **** 
 5520              		.loc 1 3788 2 is_stmt 0 view .LVU1552
 5521 000e 7047     		bx	lr
 5522              	.LVL406:
 5523              	.L438:
3779:Middlewares/Third_Party/FreeRTOS/Source/tasks.c **** 			}
 5524              		.loc 1 3779 13 view .LVU1553
 5525 0010 0220     		movs	r0, #2
 5526 0012 7047     		bx	lr
 5527              	.L436:
3773:Middlewares/Third_Party/FreeRTOS/Source/tasks.c **** 		}
ARM GAS  C:\Users\31005\AppData\Local\Temp\ccNQ0Tdy.s 			page 214


 5528              		.loc 1 3773 12 view .LVU1554
 5529 0014 0120     		movs	r0, #1
 5530 0016 7047     		bx	lr
 5531              	.L440:
 5532              		.align	2
 5533              	.L439:
 5534 0018 00000000 		.word	xSchedulerRunning
 5535 001c 00000000 		.word	uxSchedulerSuspended
 5536              		.cfi_endproc
 5537              	.LFE51:
 5539              		.section	.text.xTaskPriorityInherit,"ax",%progbits
 5540              		.align	1
 5541              		.global	xTaskPriorityInherit
 5542              		.syntax unified
 5543              		.thumb
 5544              		.thumb_func
 5546              	xTaskPriorityInherit:
 5547              	.LVL407:
 5548              	.LFB52:
3796:Middlewares/Third_Party/FreeRTOS/Source/tasks.c **** 	TCB_t * const pxMutexHolderTCB = ( TCB_t * ) pxMutexHolder;
 5549              		.loc 1 3796 2 is_stmt 1 view -0
 5550              		.cfi_startproc
 5551              		@ args = 0, pretend = 0, frame = 0
 5552              		@ frame_needed = 0, uses_anonymous_args = 0
3797:Middlewares/Third_Party/FreeRTOS/Source/tasks.c **** 	BaseType_t xReturn = pdFALSE;
 5553              		.loc 1 3797 2 view .LVU1556
3798:Middlewares/Third_Party/FreeRTOS/Source/tasks.c **** 
 5554              		.loc 1 3798 2 view .LVU1557
3803:Middlewares/Third_Party/FreeRTOS/Source/tasks.c **** 		{
 5555              		.loc 1 3803 3 view .LVU1558
3803:Middlewares/Third_Party/FreeRTOS/Source/tasks.c **** 		{
 5556              		.loc 1 3803 5 is_stmt 0 view .LVU1559
 5557 0000 0028     		cmp	r0, #0
 5558 0002 3FD0     		beq	.L448
3796:Middlewares/Third_Party/FreeRTOS/Source/tasks.c **** 	TCB_t * const pxMutexHolderTCB = ( TCB_t * ) pxMutexHolder;
 5559              		.loc 1 3796 2 view .LVU1560
 5560 0004 38B5     		push	{r3, r4, r5, lr}
 5561              	.LCFI47:
 5562              		.cfi_def_cfa_offset 16
 5563              		.cfi_offset 3, -16
 5564              		.cfi_offset 4, -12
 5565              		.cfi_offset 5, -8
 5566              		.cfi_offset 14, -4
 5567 0006 0446     		mov	r4, r0
3808:Middlewares/Third_Party/FreeRTOS/Source/tasks.c **** 			{
 5568              		.loc 1 3808 4 is_stmt 1 view .LVU1561
3808:Middlewares/Third_Party/FreeRTOS/Source/tasks.c **** 			{
 5569              		.loc 1 3808 24 is_stmt 0 view .LVU1562
 5570 0008 C36A     		ldr	r3, [r0, #44]
3808:Middlewares/Third_Party/FreeRTOS/Source/tasks.c **** 			{
 5571              		.loc 1 3808 51 view .LVU1563
 5572 000a 204A     		ldr	r2, .L455
 5573 000c 1268     		ldr	r2, [r2]
 5574 000e D26A     		ldr	r2, [r2, #44]
3808:Middlewares/Third_Party/FreeRTOS/Source/tasks.c **** 			{
 5575              		.loc 1 3808 6 view .LVU1564
 5576 0010 9342     		cmp	r3, r2
ARM GAS  C:\Users\31005\AppData\Local\Temp\ccNQ0Tdy.s 			page 215


 5577 0012 2FD2     		bcs	.L443
3813:Middlewares/Third_Party/FreeRTOS/Source/tasks.c **** 				{
 5578              		.loc 1 3813 5 is_stmt 1 view .LVU1565
3813:Middlewares/Third_Party/FreeRTOS/Source/tasks.c **** 				{
 5579              		.loc 1 3813 11 is_stmt 0 view .LVU1566
 5580 0014 8269     		ldr	r2, [r0, #24]
3813:Middlewares/Third_Party/FreeRTOS/Source/tasks.c **** 				{
 5581              		.loc 1 3813 7 view .LVU1567
 5582 0016 002A     		cmp	r2, #0
 5583 0018 05DB     		blt	.L444
3815:Middlewares/Third_Party/FreeRTOS/Source/tasks.c **** 				}
 5584              		.loc 1 3815 6 is_stmt 1 view .LVU1568
 5585 001a 1C4A     		ldr	r2, .L455
 5586 001c 1268     		ldr	r2, [r2]
 5587 001e D26A     		ldr	r2, [r2, #44]
 5588 0020 C2F13802 		rsb	r2, r2, #56
 5589 0024 8261     		str	r2, [r0, #24]
 5590              	.L444:
3819:Middlewares/Third_Party/FreeRTOS/Source/tasks.c **** 				}
 5591              		.loc 1 3819 30 view .LVU1569
3824:Middlewares/Third_Party/FreeRTOS/Source/tasks.c **** 				{
 5592              		.loc 1 3824 5 view .LVU1570
3824:Middlewares/Third_Party/FreeRTOS/Source/tasks.c **** 				{
 5593              		.loc 1 3824 9 is_stmt 0 view .LVU1571
 5594 0026 6169     		ldr	r1, [r4, #20]
 5595 0028 03EB8303 		add	r3, r3, r3, lsl #2
 5596 002c 184A     		ldr	r2, .L455+4
 5597 002e 02EB8303 		add	r3, r2, r3, lsl #2
3824:Middlewares/Third_Party/FreeRTOS/Source/tasks.c **** 				{
 5598              		.loc 1 3824 130 view .LVU1572
 5599 0032 9942     		cmp	r1, r3
 5600 0034 05D0     		beq	.L454
3842:Middlewares/Third_Party/FreeRTOS/Source/tasks.c **** 				}
 5601              		.loc 1 3842 6 is_stmt 1 view .LVU1573
3842:Middlewares/Third_Party/FreeRTOS/Source/tasks.c **** 				}
 5602              		.loc 1 3842 49 is_stmt 0 view .LVU1574
 5603 0036 154B     		ldr	r3, .L455
 5604 0038 1B68     		ldr	r3, [r3]
 5605 003a DB6A     		ldr	r3, [r3, #44]
3842:Middlewares/Third_Party/FreeRTOS/Source/tasks.c **** 				}
 5606              		.loc 1 3842 35 view .LVU1575
 5607 003c E362     		str	r3, [r4, #44]
3848:Middlewares/Third_Party/FreeRTOS/Source/tasks.c **** 			}
 5608              		.loc 1 3848 13 view .LVU1576
 5609 003e 0120     		movs	r0, #1
 5610              	.LVL408:
 5611              	.L441:
3875:Middlewares/Third_Party/FreeRTOS/Source/tasks.c **** 
 5612              		.loc 1 3875 2 view .LVU1577
 5613 0040 38BD     		pop	{r3, r4, r5, pc}
 5614              	.LVL409:
 5615              	.L454:
3826:Middlewares/Third_Party/FreeRTOS/Source/tasks.c **** 					{
 5616              		.loc 1 3826 6 is_stmt 1 view .LVU1578
3826:Middlewares/Third_Party/FreeRTOS/Source/tasks.c **** 					{
 5617              		.loc 1 3826 10 is_stmt 0 view .LVU1579
 5618 0042 251D     		adds	r5, r4, #4
ARM GAS  C:\Users\31005\AppData\Local\Temp\ccNQ0Tdy.s 			page 216


 5619 0044 2846     		mov	r0, r5
 5620              	.LVL410:
3826:Middlewares/Third_Party/FreeRTOS/Source/tasks.c **** 					{
 5621              		.loc 1 3826 10 view .LVU1580
 5622 0046 FFF7FEFF 		bl	uxListRemove
 5623              	.LVL411:
3832:Middlewares/Third_Party/FreeRTOS/Source/tasks.c **** 					}
 5624              		.loc 1 3832 31 is_stmt 1 view .LVU1581
3836:Middlewares/Third_Party/FreeRTOS/Source/tasks.c **** 					prvAddTaskToReadyList( pxMutexHolderTCB );
 5625              		.loc 1 3836 6 view .LVU1582
3836:Middlewares/Third_Party/FreeRTOS/Source/tasks.c **** 					prvAddTaskToReadyList( pxMutexHolderTCB );
 5626              		.loc 1 3836 49 is_stmt 0 view .LVU1583
 5627 004a 104B     		ldr	r3, .L455
 5628 004c 1B68     		ldr	r3, [r3]
 5629 004e D86A     		ldr	r0, [r3, #44]
3836:Middlewares/Third_Party/FreeRTOS/Source/tasks.c **** 					prvAddTaskToReadyList( pxMutexHolderTCB );
 5630              		.loc 1 3836 35 view .LVU1584
 5631 0050 E062     		str	r0, [r4, #44]
3837:Middlewares/Third_Party/FreeRTOS/Source/tasks.c **** 				}
 5632              		.loc 1 3837 6 is_stmt 1 view .LVU1585
3837:Middlewares/Third_Party/FreeRTOS/Source/tasks.c **** 				}
 5633              		.loc 1 3837 6 view .LVU1586
 5634 0052 104B     		ldr	r3, .L455+8
 5635 0054 1B68     		ldr	r3, [r3]
 5636 0056 9842     		cmp	r0, r3
 5637 0058 09D8     		bhi	.L446
 5638              	.L447:
3837:Middlewares/Third_Party/FreeRTOS/Source/tasks.c **** 				}
 5639              		.loc 1 3837 6 discriminator 3 view .LVU1587
3837:Middlewares/Third_Party/FreeRTOS/Source/tasks.c **** 				}
 5640              		.loc 1 3837 6 discriminator 3 view .LVU1588
 5641 005a 00EB8000 		add	r0, r0, r0, lsl #2
 5642 005e 2946     		mov	r1, r5
 5643 0060 0B4B     		ldr	r3, .L455+4
 5644 0062 03EB8000 		add	r0, r3, r0, lsl #2
 5645 0066 FFF7FEFF 		bl	vListInsertEnd
 5646              	.LVL412:
3837:Middlewares/Third_Party/FreeRTOS/Source/tasks.c **** 				}
 5647              		.loc 1 3837 47 discriminator 3 view .LVU1589
3848:Middlewares/Third_Party/FreeRTOS/Source/tasks.c **** 			}
 5648              		.loc 1 3848 13 is_stmt 0 discriminator 3 view .LVU1590
 5649 006a 0120     		movs	r0, #1
 5650 006c E8E7     		b	.L441
 5651              	.L446:
3837:Middlewares/Third_Party/FreeRTOS/Source/tasks.c **** 				}
 5652              		.loc 1 3837 6 is_stmt 1 discriminator 1 view .LVU1591
 5653 006e 094B     		ldr	r3, .L455+8
 5654 0070 1860     		str	r0, [r3]
 5655 0072 F2E7     		b	.L447
 5656              	.LVL413:
 5657              	.L443:
3852:Middlewares/Third_Party/FreeRTOS/Source/tasks.c **** 				{
 5658              		.loc 1 3852 5 view .LVU1592
3852:Middlewares/Third_Party/FreeRTOS/Source/tasks.c **** 				{
 5659              		.loc 1 3852 25 is_stmt 0 view .LVU1593
 5660 0074 C26C     		ldr	r2, [r0, #76]
3852:Middlewares/Third_Party/FreeRTOS/Source/tasks.c **** 				{
ARM GAS  C:\Users\31005\AppData\Local\Temp\ccNQ0Tdy.s 			page 217


 5661              		.loc 1 3852 56 view .LVU1594
 5662 0076 054B     		ldr	r3, .L455
 5663 0078 1B68     		ldr	r3, [r3]
 5664 007a DB6A     		ldr	r3, [r3, #44]
3852:Middlewares/Third_Party/FreeRTOS/Source/tasks.c **** 				{
 5665              		.loc 1 3852 7 view .LVU1595
 5666 007c 9A42     		cmp	r2, r3
 5667 007e 03D3     		bcc	.L449
3798:Middlewares/Third_Party/FreeRTOS/Source/tasks.c **** 
 5668              		.loc 1 3798 13 view .LVU1596
 5669 0080 0020     		movs	r0, #0
 5670              	.LVL414:
3798:Middlewares/Third_Party/FreeRTOS/Source/tasks.c **** 
 5671              		.loc 1 3798 13 view .LVU1597
 5672 0082 DDE7     		b	.L441
 5673              	.LVL415:
 5674              	.L448:
 5675              	.LCFI48:
 5676              		.cfi_def_cfa_offset 0
 5677              		.cfi_restore 3
 5678              		.cfi_restore 4
 5679              		.cfi_restore 5
 5680              		.cfi_restore 14
3798:Middlewares/Third_Party/FreeRTOS/Source/tasks.c **** 
 5681              		.loc 1 3798 13 view .LVU1598
 5682 0084 0020     		movs	r0, #0
 5683              	.LVL416:
3875:Middlewares/Third_Party/FreeRTOS/Source/tasks.c **** 
 5684              		.loc 1 3875 2 view .LVU1599
 5685 0086 7047     		bx	lr
 5686              	.LVL417:
 5687              	.L449:
 5688              	.LCFI49:
 5689              		.cfi_def_cfa_offset 16
 5690              		.cfi_offset 3, -16
 5691              		.cfi_offset 4, -12
 5692              		.cfi_offset 5, -8
 5693              		.cfi_offset 14, -4
3861:Middlewares/Third_Party/FreeRTOS/Source/tasks.c **** 				}
 5694              		.loc 1 3861 14 view .LVU1600
 5695 0088 0120     		movs	r0, #1
 5696              	.LVL418:
3871:Middlewares/Third_Party/FreeRTOS/Source/tasks.c **** 		}
 5697              		.loc 1 3871 28 is_stmt 1 view .LVU1601
3874:Middlewares/Third_Party/FreeRTOS/Source/tasks.c **** 	}
 5698              		.loc 1 3874 3 view .LVU1602
3874:Middlewares/Third_Party/FreeRTOS/Source/tasks.c **** 	}
 5699              		.loc 1 3874 10 is_stmt 0 view .LVU1603
 5700 008a D9E7     		b	.L441
 5701              	.L456:
 5702              		.align	2
 5703              	.L455:
 5704 008c 00000000 		.word	pxCurrentTCB
 5705 0090 00000000 		.word	pxReadyTasksLists
 5706 0094 00000000 		.word	uxTopReadyPriority
 5707              		.cfi_endproc
 5708              	.LFE52:
ARM GAS  C:\Users\31005\AppData\Local\Temp\ccNQ0Tdy.s 			page 218


 5710              		.section	.text.xTaskPriorityDisinherit,"ax",%progbits
 5711              		.align	1
 5712              		.global	xTaskPriorityDisinherit
 5713              		.syntax unified
 5714              		.thumb
 5715              		.thumb_func
 5717              	xTaskPriorityDisinherit:
 5718              	.LVL419:
 5719              	.LFB53:
3883:Middlewares/Third_Party/FreeRTOS/Source/tasks.c **** 	TCB_t * const pxTCB = ( TCB_t * ) pxMutexHolder;
 5720              		.loc 1 3883 2 is_stmt 1 view -0
 5721              		.cfi_startproc
 5722              		@ args = 0, pretend = 0, frame = 0
 5723              		@ frame_needed = 0, uses_anonymous_args = 0
3884:Middlewares/Third_Party/FreeRTOS/Source/tasks.c **** 	BaseType_t xReturn = pdFALSE;
 5724              		.loc 1 3884 2 view .LVU1605
3885:Middlewares/Third_Party/FreeRTOS/Source/tasks.c **** 
 5725              		.loc 1 3885 2 view .LVU1606
3887:Middlewares/Third_Party/FreeRTOS/Source/tasks.c **** 		{
 5726              		.loc 1 3887 3 view .LVU1607
3887:Middlewares/Third_Party/FreeRTOS/Source/tasks.c **** 		{
 5727              		.loc 1 3887 5 is_stmt 0 view .LVU1608
 5728 0000 0028     		cmp	r0, #0
 5729 0002 3BD0     		beq	.L464
3883:Middlewares/Third_Party/FreeRTOS/Source/tasks.c **** 	TCB_t * const pxTCB = ( TCB_t * ) pxMutexHolder;
 5730              		.loc 1 3883 2 view .LVU1609
 5731 0004 38B5     		push	{r3, r4, r5, lr}
 5732              	.LCFI50:
 5733              		.cfi_def_cfa_offset 16
 5734              		.cfi_offset 3, -16
 5735              		.cfi_offset 4, -12
 5736              		.cfi_offset 5, -8
 5737              		.cfi_offset 14, -4
 5738 0006 0446     		mov	r4, r0
3893:Middlewares/Third_Party/FreeRTOS/Source/tasks.c **** 			configASSERT( pxTCB->uxMutexesHeld );
 5739              		.loc 1 3893 4 is_stmt 1 view .LVU1610
 5740 0008 1E4B     		ldr	r3, .L472
 5741 000a 1B68     		ldr	r3, [r3]
 5742 000c 8342     		cmp	r3, r0
 5743 000e 08D0     		beq	.L459
3893:Middlewares/Third_Party/FreeRTOS/Source/tasks.c **** 			configASSERT( pxTCB->uxMutexesHeld );
 5744              		.loc 1 3893 4 view .LVU1611
 5745              	.LBB213:
 5746              	.LBI213:
 191:Middlewares/Third_Party/FreeRTOS/Source/portable/GCC/ARM_CM4F/portmacro.h **** {
 5747              		.loc 2 191 30 view .LVU1612
 5748              	.LBB214:
 193:Middlewares/Third_Party/FreeRTOS/Source/portable/GCC/ARM_CM4F/portmacro.h **** 
 5749              		.loc 2 193 1 view .LVU1613
 195:Middlewares/Third_Party/FreeRTOS/Source/portable/GCC/ARM_CM4F/portmacro.h **** 	(
 5750              		.loc 2 195 2 view .LVU1614
 5751              		.syntax unified
 5752              	@ 195 "Middlewares/Third_Party/FreeRTOS/Source/portable/GCC/ARM_CM4F/portmacro.h" 1
 5753 0010 4FF05003 			mov r3, #80												
 5754 0014 83F31188 		msr basepri, r3											
 5755 0018 BFF36F8F 		isb														
 5756 001c BFF34F8F 		dsb														
ARM GAS  C:\Users\31005\AppData\Local\Temp\ccNQ0Tdy.s 			page 219


 5757              	
 5758              	@ 0 "" 2
 5759              	.LVL420:
 5760              		.thumb
 5761              		.syntax unified
 5762              	.L460:
 195:Middlewares/Third_Party/FreeRTOS/Source/portable/GCC/ARM_CM4F/portmacro.h **** 	(
 5763              		.loc 2 195 2 is_stmt 0 view .LVU1615
 5764              	.LBE214:
 5765              	.LBE213:
3893:Middlewares/Third_Party/FreeRTOS/Source/tasks.c **** 			configASSERT( pxTCB->uxMutexesHeld );
 5766              		.loc 1 3893 4 is_stmt 1 discriminator 1 view .LVU1616
3893:Middlewares/Third_Party/FreeRTOS/Source/tasks.c **** 			configASSERT( pxTCB->uxMutexesHeld );
 5767              		.loc 1 3893 4 discriminator 1 view .LVU1617
 5768 0020 FEE7     		b	.L460
 5769              	.L459:
3893:Middlewares/Third_Party/FreeRTOS/Source/tasks.c **** 			configASSERT( pxTCB->uxMutexesHeld );
 5770              		.loc 1 3893 41 discriminator 2 view .LVU1618
3894:Middlewares/Third_Party/FreeRTOS/Source/tasks.c **** 			( pxTCB->uxMutexesHeld )--;
 5771              		.loc 1 3894 4 discriminator 2 view .LVU1619
 5772 0022 036D     		ldr	r3, [r0, #80]
 5773 0024 43B9     		cbnz	r3, .L461
3894:Middlewares/Third_Party/FreeRTOS/Source/tasks.c **** 			( pxTCB->uxMutexesHeld )--;
 5774              		.loc 1 3894 4 view .LVU1620
 5775              	.LBB215:
 5776              	.LBI215:
 191:Middlewares/Third_Party/FreeRTOS/Source/portable/GCC/ARM_CM4F/portmacro.h **** {
 5777              		.loc 2 191 30 view .LVU1621
 5778              	.LBB216:
 193:Middlewares/Third_Party/FreeRTOS/Source/portable/GCC/ARM_CM4F/portmacro.h **** 
 5779              		.loc 2 193 1 view .LVU1622
 195:Middlewares/Third_Party/FreeRTOS/Source/portable/GCC/ARM_CM4F/portmacro.h **** 	(
 5780              		.loc 2 195 2 view .LVU1623
 5781              		.syntax unified
 5782              	@ 195 "Middlewares/Third_Party/FreeRTOS/Source/portable/GCC/ARM_CM4F/portmacro.h" 1
 5783 0026 4FF05003 			mov r3, #80												
 5784 002a 83F31188 		msr basepri, r3											
 5785 002e BFF36F8F 		isb														
 5786 0032 BFF34F8F 		dsb														
 5787              	
 5788              	@ 0 "" 2
 5789              	.LVL421:
 5790              		.thumb
 5791              		.syntax unified
 5792              	.L462:
 195:Middlewares/Third_Party/FreeRTOS/Source/portable/GCC/ARM_CM4F/portmacro.h **** 	(
 5793              		.loc 2 195 2 is_stmt 0 view .LVU1624
 5794              	.LBE216:
 5795              	.LBE215:
3894:Middlewares/Third_Party/FreeRTOS/Source/tasks.c **** 			( pxTCB->uxMutexesHeld )--;
 5796              		.loc 1 3894 4 is_stmt 1 discriminator 2 view .LVU1625
3894:Middlewares/Third_Party/FreeRTOS/Source/tasks.c **** 			( pxTCB->uxMutexesHeld )--;
 5797              		.loc 1 3894 4 discriminator 2 view .LVU1626
 5798 0036 FEE7     		b	.L462
 5799              	.L461:
3894:Middlewares/Third_Party/FreeRTOS/Source/tasks.c **** 			( pxTCB->uxMutexesHeld )--;
 5800              		.loc 1 3894 40 discriminator 2 view .LVU1627
ARM GAS  C:\Users\31005\AppData\Local\Temp\ccNQ0Tdy.s 			page 220


3895:Middlewares/Third_Party/FreeRTOS/Source/tasks.c **** 
 5801              		.loc 1 3895 4 discriminator 2 view .LVU1628
3895:Middlewares/Third_Party/FreeRTOS/Source/tasks.c **** 
 5802              		.loc 1 3895 28 is_stmt 0 discriminator 2 view .LVU1629
 5803 0038 013B     		subs	r3, r3, #1
 5804 003a 0365     		str	r3, [r0, #80]
3899:Middlewares/Third_Party/FreeRTOS/Source/tasks.c **** 			{
 5805              		.loc 1 3899 4 is_stmt 1 discriminator 2 view .LVU1630
3899:Middlewares/Third_Party/FreeRTOS/Source/tasks.c **** 			{
 5806              		.loc 1 3899 13 is_stmt 0 discriminator 2 view .LVU1631
 5807 003c C16A     		ldr	r1, [r0, #44]
3899:Middlewares/Third_Party/FreeRTOS/Source/tasks.c **** 			{
 5808              		.loc 1 3899 34 discriminator 2 view .LVU1632
 5809 003e C26C     		ldr	r2, [r0, #76]
3899:Middlewares/Third_Party/FreeRTOS/Source/tasks.c **** 			{
 5810              		.loc 1 3899 6 discriminator 2 view .LVU1633
 5811 0040 9142     		cmp	r1, r2
 5812 0042 1DD0     		beq	.L465
3902:Middlewares/Third_Party/FreeRTOS/Source/tasks.c **** 				{
 5813              		.loc 1 3902 5 is_stmt 1 view .LVU1634
3902:Middlewares/Third_Party/FreeRTOS/Source/tasks.c **** 				{
 5814              		.loc 1 3902 7 is_stmt 0 view .LVU1635
 5815 0044 0BB1     		cbz	r3, .L471
3885:Middlewares/Third_Party/FreeRTOS/Source/tasks.c **** 
 5816              		.loc 1 3885 13 view .LVU1636
 5817 0046 0020     		movs	r0, #0
 5818              	.LVL422:
3951:Middlewares/Third_Party/FreeRTOS/Source/tasks.c **** 		}
 5819              		.loc 1 3951 28 is_stmt 1 view .LVU1637
3954:Middlewares/Third_Party/FreeRTOS/Source/tasks.c **** 	}
 5820              		.loc 1 3954 3 view .LVU1638
 5821              	.L457:
3955:Middlewares/Third_Party/FreeRTOS/Source/tasks.c **** 
 5822              		.loc 1 3955 2 is_stmt 0 view .LVU1639
 5823 0048 38BD     		pop	{r3, r4, r5, pc}
 5824              	.LVL423:
 5825              	.L471:
3909:Middlewares/Third_Party/FreeRTOS/Source/tasks.c **** 					{
 5826              		.loc 1 3909 6 is_stmt 1 view .LVU1640
3909:Middlewares/Third_Party/FreeRTOS/Source/tasks.c **** 					{
 5827              		.loc 1 3909 10 is_stmt 0 view .LVU1641
 5828 004a 051D     		adds	r5, r0, #4
 5829 004c 2846     		mov	r0, r5
 5830              	.LVL424:
3909:Middlewares/Third_Party/FreeRTOS/Source/tasks.c **** 					{
 5831              		.loc 1 3909 10 view .LVU1642
 5832 004e FFF7FEFF 		bl	uxListRemove
 5833              	.LVL425:
3915:Middlewares/Third_Party/FreeRTOS/Source/tasks.c **** 					}
 5834              		.loc 1 3915 31 is_stmt 1 view .LVU1643
3920:Middlewares/Third_Party/FreeRTOS/Source/tasks.c **** 					pxTCB->uxPriority = pxTCB->uxBasePriority;
 5835              		.loc 1 3920 67 view .LVU1644
3921:Middlewares/Third_Party/FreeRTOS/Source/tasks.c **** 
 5836              		.loc 1 3921 6 view .LVU1645
3921:Middlewares/Third_Party/FreeRTOS/Source/tasks.c **** 
 5837              		.loc 1 3921 31 is_stmt 0 view .LVU1646
 5838 0052 E06C     		ldr	r0, [r4, #76]
ARM GAS  C:\Users\31005\AppData\Local\Temp\ccNQ0Tdy.s 			page 221


3921:Middlewares/Third_Party/FreeRTOS/Source/tasks.c **** 
 5839              		.loc 1 3921 24 view .LVU1647
 5840 0054 E062     		str	r0, [r4, #44]
3926:Middlewares/Third_Party/FreeRTOS/Source/tasks.c **** 					prvAddTaskToReadyList( pxTCB );
 5841              		.loc 1 3926 6 is_stmt 1 view .LVU1648
 5842 0056 C0F13803 		rsb	r3, r0, #56
 5843 005a A361     		str	r3, [r4, #24]
3927:Middlewares/Third_Party/FreeRTOS/Source/tasks.c **** 
 5844              		.loc 1 3927 6 view .LVU1649
3927:Middlewares/Third_Party/FreeRTOS/Source/tasks.c **** 
 5845              		.loc 1 3927 6 view .LVU1650
 5846 005c 0A4B     		ldr	r3, .L472+4
 5847 005e 1B68     		ldr	r3, [r3]
 5848 0060 9842     		cmp	r0, r3
 5849 0062 01D9     		bls	.L463
3927:Middlewares/Third_Party/FreeRTOS/Source/tasks.c **** 
 5850              		.loc 1 3927 6 discriminator 1 view .LVU1651
 5851 0064 084B     		ldr	r3, .L472+4
 5852 0066 1860     		str	r0, [r3]
 5853              	.L463:
3927:Middlewares/Third_Party/FreeRTOS/Source/tasks.c **** 
 5854              		.loc 1 3927 6 discriminator 3 view .LVU1652
3927:Middlewares/Third_Party/FreeRTOS/Source/tasks.c **** 
 5855              		.loc 1 3927 6 discriminator 3 view .LVU1653
 5856 0068 00EB8000 		add	r0, r0, r0, lsl #2
 5857 006c 2946     		mov	r1, r5
 5858 006e 074B     		ldr	r3, .L472+8
 5859 0070 03EB8000 		add	r0, r3, r0, lsl #2
 5860 0074 FFF7FEFF 		bl	vListInsertEnd
 5861              	.LVL426:
3927:Middlewares/Third_Party/FreeRTOS/Source/tasks.c **** 
 5862              		.loc 1 3927 36 discriminator 3 view .LVU1654
3937:Middlewares/Third_Party/FreeRTOS/Source/tasks.c **** 				}
 5863              		.loc 1 3937 6 discriminator 3 view .LVU1655
3937:Middlewares/Third_Party/FreeRTOS/Source/tasks.c **** 				}
 5864              		.loc 1 3937 14 is_stmt 0 discriminator 3 view .LVU1656
 5865 0078 0120     		movs	r0, #1
 5866 007a E5E7     		b	.L457
 5867              	.LVL427:
 5868              	.L464:
 5869              	.LCFI51:
 5870              		.cfi_def_cfa_offset 0
 5871              		.cfi_restore 3
 5872              		.cfi_restore 4
 5873              		.cfi_restore 5
 5874              		.cfi_restore 14
3885:Middlewares/Third_Party/FreeRTOS/Source/tasks.c **** 
 5875              		.loc 1 3885 13 view .LVU1657
 5876 007c 0020     		movs	r0, #0
 5877              	.LVL428:
3955:Middlewares/Third_Party/FreeRTOS/Source/tasks.c **** 
 5878              		.loc 1 3955 2 view .LVU1658
 5879 007e 7047     		bx	lr
 5880              	.LVL429:
 5881              	.L465:
 5882              	.LCFI52:
 5883              		.cfi_def_cfa_offset 16
ARM GAS  C:\Users\31005\AppData\Local\Temp\ccNQ0Tdy.s 			page 222


 5884              		.cfi_offset 3, -16
 5885              		.cfi_offset 4, -12
 5886              		.cfi_offset 5, -8
 5887              		.cfi_offset 14, -4
3885:Middlewares/Third_Party/FreeRTOS/Source/tasks.c **** 
 5888              		.loc 1 3885 13 view .LVU1659
 5889 0080 0020     		movs	r0, #0
 5890              	.LVL430:
3885:Middlewares/Third_Party/FreeRTOS/Source/tasks.c **** 
 5891              		.loc 1 3885 13 view .LVU1660
 5892 0082 E1E7     		b	.L457
 5893              	.L473:
 5894              		.align	2
 5895              	.L472:
 5896 0084 00000000 		.word	pxCurrentTCB
 5897 0088 00000000 		.word	uxTopReadyPriority
 5898 008c 00000000 		.word	pxReadyTasksLists
 5899              		.cfi_endproc
 5900              	.LFE53:
 5902              		.section	.text.vTaskPriorityDisinheritAfterTimeout,"ax",%progbits
 5903              		.align	1
 5904              		.global	vTaskPriorityDisinheritAfterTimeout
 5905              		.syntax unified
 5906              		.thumb
 5907              		.thumb_func
 5909              	vTaskPriorityDisinheritAfterTimeout:
 5910              	.LVL431:
 5911              	.LFB54:
3963:Middlewares/Third_Party/FreeRTOS/Source/tasks.c **** 	TCB_t * const pxTCB = ( TCB_t * ) pxMutexHolder;
 5912              		.loc 1 3963 2 is_stmt 1 view -0
 5913              		.cfi_startproc
 5914              		@ args = 0, pretend = 0, frame = 0
 5915              		@ frame_needed = 0, uses_anonymous_args = 0
3964:Middlewares/Third_Party/FreeRTOS/Source/tasks.c **** 	UBaseType_t uxPriorityUsedOnEntry, uxPriorityToUse;
 5916              		.loc 1 3964 2 view .LVU1662
3965:Middlewares/Third_Party/FreeRTOS/Source/tasks.c **** 	const UBaseType_t uxOnlyOneMutexHeld = ( UBaseType_t ) 1;
 5917              		.loc 1 3965 2 view .LVU1663
3966:Middlewares/Third_Party/FreeRTOS/Source/tasks.c **** 
 5918              		.loc 1 3966 2 view .LVU1664
3968:Middlewares/Third_Party/FreeRTOS/Source/tasks.c **** 		{
 5919              		.loc 1 3968 3 view .LVU1665
3968:Middlewares/Third_Party/FreeRTOS/Source/tasks.c **** 		{
 5920              		.loc 1 3968 5 is_stmt 0 view .LVU1666
 5921 0000 0028     		cmp	r0, #0
 5922 0002 46D0     		beq	.L484
3963:Middlewares/Third_Party/FreeRTOS/Source/tasks.c **** 	TCB_t * const pxTCB = ( TCB_t * ) pxMutexHolder;
 5923              		.loc 1 3963 2 view .LVU1667
 5924 0004 38B5     		push	{r3, r4, r5, lr}
 5925              	.LCFI53:
 5926              		.cfi_def_cfa_offset 16
 5927              		.cfi_offset 3, -16
 5928              		.cfi_offset 4, -12
 5929              		.cfi_offset 5, -8
 5930              		.cfi_offset 14, -4
 5931 0006 0446     		mov	r4, r0
3972:Middlewares/Third_Party/FreeRTOS/Source/tasks.c **** 
 5932              		.loc 1 3972 4 is_stmt 1 view .LVU1668
ARM GAS  C:\Users\31005\AppData\Local\Temp\ccNQ0Tdy.s 			page 223


 5933 0008 036D     		ldr	r3, [r0, #80]
 5934 000a 43B9     		cbnz	r3, .L476
3972:Middlewares/Third_Party/FreeRTOS/Source/tasks.c **** 
 5935              		.loc 1 3972 4 view .LVU1669
 5936              	.LBB217:
 5937              	.LBI217:
 191:Middlewares/Third_Party/FreeRTOS/Source/portable/GCC/ARM_CM4F/portmacro.h **** {
 5938              		.loc 2 191 30 view .LVU1670
 5939              	.LBB218:
 193:Middlewares/Third_Party/FreeRTOS/Source/portable/GCC/ARM_CM4F/portmacro.h **** 
 5940              		.loc 2 193 1 view .LVU1671
 195:Middlewares/Third_Party/FreeRTOS/Source/portable/GCC/ARM_CM4F/portmacro.h **** 	(
 5941              		.loc 2 195 2 view .LVU1672
 5942              		.syntax unified
 5943              	@ 195 "Middlewares/Third_Party/FreeRTOS/Source/portable/GCC/ARM_CM4F/portmacro.h" 1
 5944 000c 4FF05003 			mov r3, #80												
 5945 0010 83F31188 		msr basepri, r3											
 5946 0014 BFF36F8F 		isb														
 5947 0018 BFF34F8F 		dsb														
 5948              	
 5949              	@ 0 "" 2
 5950              	.LVL432:
 5951              		.thumb
 5952              		.syntax unified
 5953              	.L477:
 195:Middlewares/Third_Party/FreeRTOS/Source/portable/GCC/ARM_CM4F/portmacro.h **** 	(
 5954              		.loc 2 195 2 is_stmt 0 view .LVU1673
 5955              	.LBE218:
 5956              	.LBE217:
3972:Middlewares/Third_Party/FreeRTOS/Source/tasks.c **** 
 5957              		.loc 1 3972 4 is_stmt 1 discriminator 1 view .LVU1674
3972:Middlewares/Third_Party/FreeRTOS/Source/tasks.c **** 
 5958              		.loc 1 3972 4 discriminator 1 view .LVU1675
 5959 001c FEE7     		b	.L477
 5960              	.L476:
3972:Middlewares/Third_Party/FreeRTOS/Source/tasks.c **** 
 5961              		.loc 1 3972 40 discriminator 2 view .LVU1676
3978:Middlewares/Third_Party/FreeRTOS/Source/tasks.c **** 			{
 5962              		.loc 1 3978 4 discriminator 2 view .LVU1677
3978:Middlewares/Third_Party/FreeRTOS/Source/tasks.c **** 			{
 5963              		.loc 1 3978 13 is_stmt 0 discriminator 2 view .LVU1678
 5964 001e C26C     		ldr	r2, [r0, #76]
3978:Middlewares/Third_Party/FreeRTOS/Source/tasks.c **** 			{
 5965              		.loc 1 3978 6 discriminator 2 view .LVU1679
 5966 0020 8A42     		cmp	r2, r1
 5967 0022 00D2     		bcs	.L478
3980:Middlewares/Third_Party/FreeRTOS/Source/tasks.c **** 			}
 5968              		.loc 1 3980 21 view .LVU1680
 5969 0024 0A46     		mov	r2, r1
 5970              	.L478:
 5971              	.LVL433:
3988:Middlewares/Third_Party/FreeRTOS/Source/tasks.c **** 			{
 5972              		.loc 1 3988 4 is_stmt 1 view .LVU1681
3988:Middlewares/Third_Party/FreeRTOS/Source/tasks.c **** 			{
 5973              		.loc 1 3988 13 is_stmt 0 view .LVU1682
 5974 0026 E16A     		ldr	r1, [r4, #44]
 5975              	.LVL434:
ARM GAS  C:\Users\31005\AppData\Local\Temp\ccNQ0Tdy.s 			page 224


3988:Middlewares/Third_Party/FreeRTOS/Source/tasks.c **** 			{
 5976              		.loc 1 3988 6 view .LVU1683
 5977 0028 9142     		cmp	r1, r2
 5978 002a 01D0     		beq	.L474
3994:Middlewares/Third_Party/FreeRTOS/Source/tasks.c **** 				{
 5979              		.loc 1 3994 5 is_stmt 1 view .LVU1684
3994:Middlewares/Third_Party/FreeRTOS/Source/tasks.c **** 				{
 5980              		.loc 1 3994 7 is_stmt 0 view .LVU1685
 5981 002c 012B     		cmp	r3, #1
 5982 002e 00D0     		beq	.L487
 5983              	.LVL435:
 5984              	.L474:
4057:Middlewares/Third_Party/FreeRTOS/Source/tasks.c **** 
 5985              		.loc 1 4057 2 view .LVU1686
 5986 0030 38BD     		pop	{r3, r4, r5, pc}
 5987              	.LVL436:
 5988              	.L487:
3999:Middlewares/Third_Party/FreeRTOS/Source/tasks.c **** 
 5989              		.loc 1 3999 6 is_stmt 1 view .LVU1687
 5990 0032 184B     		ldr	r3, .L489
 5991 0034 1B68     		ldr	r3, [r3]
 5992 0036 A342     		cmp	r3, r4
 5993 0038 22D0     		beq	.L488
3999:Middlewares/Third_Party/FreeRTOS/Source/tasks.c **** 
 5994              		.loc 1 3999 43 discriminator 2 view .LVU1688
4004:Middlewares/Third_Party/FreeRTOS/Source/tasks.c **** 					uxPriorityUsedOnEntry = pxTCB->uxPriority;
 5995              		.loc 1 4004 67 discriminator 2 view .LVU1689
4005:Middlewares/Third_Party/FreeRTOS/Source/tasks.c **** 					pxTCB->uxPriority = uxPriorityToUse;
 5996              		.loc 1 4005 6 discriminator 2 view .LVU1690
 5997              	.LVL437:
4006:Middlewares/Third_Party/FreeRTOS/Source/tasks.c **** 
 5998              		.loc 1 4006 6 discriminator 2 view .LVU1691
4006:Middlewares/Third_Party/FreeRTOS/Source/tasks.c **** 
 5999              		.loc 1 4006 24 is_stmt 0 discriminator 2 view .LVU1692
 6000 003a E262     		str	r2, [r4, #44]
4010:Middlewares/Third_Party/FreeRTOS/Source/tasks.c **** 					{
 6001              		.loc 1 4010 6 is_stmt 1 discriminator 2 view .LVU1693
4010:Middlewares/Third_Party/FreeRTOS/Source/tasks.c **** 					{
 6002              		.loc 1 4010 12 is_stmt 0 discriminator 2 view .LVU1694
 6003 003c A369     		ldr	r3, [r4, #24]
4010:Middlewares/Third_Party/FreeRTOS/Source/tasks.c **** 					{
 6004              		.loc 1 4010 8 discriminator 2 view .LVU1695
 6005 003e 002B     		cmp	r3, #0
 6006 0040 02DB     		blt	.L481
4012:Middlewares/Third_Party/FreeRTOS/Source/tasks.c **** 					}
 6007              		.loc 1 4012 7 is_stmt 1 view .LVU1696
 6008 0042 C2F13802 		rsb	r2, r2, #56
 6009              	.LVL438:
4012:Middlewares/Third_Party/FreeRTOS/Source/tasks.c **** 					}
 6010              		.loc 1 4012 7 is_stmt 0 view .LVU1697
 6011 0046 A261     		str	r2, [r4, #24]
 6012              	.L481:
4016:Middlewares/Third_Party/FreeRTOS/Source/tasks.c **** 					}
 6013              		.loc 1 4016 31 is_stmt 1 view .LVU1698
4025:Middlewares/Third_Party/FreeRTOS/Source/tasks.c **** 					{
 6014              		.loc 1 4025 6 view .LVU1699
4025:Middlewares/Third_Party/FreeRTOS/Source/tasks.c **** 					{
ARM GAS  C:\Users\31005\AppData\Local\Temp\ccNQ0Tdy.s 			page 225


 6015              		.loc 1 4025 10 is_stmt 0 view .LVU1700
 6016 0048 6269     		ldr	r2, [r4, #20]
 6017 004a 01EB8101 		add	r1, r1, r1, lsl #2
 6018              	.LVL439:
4025:Middlewares/Third_Party/FreeRTOS/Source/tasks.c **** 					{
 6019              		.loc 1 4025 10 view .LVU1701
 6020 004e 124B     		ldr	r3, .L489+4
 6021 0050 03EB8103 		add	r3, r3, r1, lsl #2
4025:Middlewares/Third_Party/FreeRTOS/Source/tasks.c **** 					{
 6022              		.loc 1 4025 113 view .LVU1702
 6023 0054 9A42     		cmp	r2, r3
 6024 0056 EBD1     		bne	.L474
4027:Middlewares/Third_Party/FreeRTOS/Source/tasks.c **** 						{
 6025              		.loc 1 4027 7 is_stmt 1 view .LVU1703
4027:Middlewares/Third_Party/FreeRTOS/Source/tasks.c **** 						{
 6026              		.loc 1 4027 11 is_stmt 0 view .LVU1704
 6027 0058 251D     		adds	r5, r4, #4
 6028 005a 2846     		mov	r0, r5
 6029              	.LVL440:
4027:Middlewares/Third_Party/FreeRTOS/Source/tasks.c **** 						{
 6030              		.loc 1 4027 11 view .LVU1705
 6031 005c FFF7FEFF 		bl	uxListRemove
 6032              	.LVL441:
4033:Middlewares/Third_Party/FreeRTOS/Source/tasks.c **** 						}
 6033              		.loc 1 4033 32 is_stmt 1 view .LVU1706
4036:Middlewares/Third_Party/FreeRTOS/Source/tasks.c **** 					}
 6034              		.loc 1 4036 7 view .LVU1707
4036:Middlewares/Third_Party/FreeRTOS/Source/tasks.c **** 					}
 6035              		.loc 1 4036 7 view .LVU1708
 6036 0060 E06A     		ldr	r0, [r4, #44]
 6037 0062 0E4B     		ldr	r3, .L489+8
 6038 0064 1B68     		ldr	r3, [r3]
 6039 0066 9842     		cmp	r0, r3
 6040 0068 01D9     		bls	.L482
4036:Middlewares/Third_Party/FreeRTOS/Source/tasks.c **** 					}
 6041              		.loc 1 4036 7 discriminator 1 view .LVU1709
 6042 006a 0C4B     		ldr	r3, .L489+8
 6043 006c 1860     		str	r0, [r3]
 6044              	.L482:
4036:Middlewares/Third_Party/FreeRTOS/Source/tasks.c **** 					}
 6045              		.loc 1 4036 7 discriminator 3 view .LVU1710
4036:Middlewares/Third_Party/FreeRTOS/Source/tasks.c **** 					}
 6046              		.loc 1 4036 7 discriminator 3 view .LVU1711
 6047 006e 00EB8000 		add	r0, r0, r0, lsl #2
 6048 0072 2946     		mov	r1, r5
 6049 0074 084B     		ldr	r3, .L489+4
 6050 0076 03EB8000 		add	r0, r3, r0, lsl #2
 6051 007a FFF7FEFF 		bl	vListInsertEnd
 6052              	.LVL442:
4036:Middlewares/Third_Party/FreeRTOS/Source/tasks.c **** 					}
 6053              		.loc 1 4036 37 discriminator 3 view .LVU1712
4055:Middlewares/Third_Party/FreeRTOS/Source/tasks.c **** 		}
 6054              		.loc 1 4055 28 discriminator 3 view .LVU1713
4057:Middlewares/Third_Party/FreeRTOS/Source/tasks.c **** 
 6055              		.loc 1 4057 2 is_stmt 0 discriminator 3 view .LVU1714
 6056 007e D7E7     		b	.L474
 6057              	.LVL443:
ARM GAS  C:\Users\31005\AppData\Local\Temp\ccNQ0Tdy.s 			page 226


 6058              	.L488:
3999:Middlewares/Third_Party/FreeRTOS/Source/tasks.c **** 
 6059              		.loc 1 3999 6 is_stmt 1 view .LVU1715
 6060              	.LBB219:
 6061              	.LBI219:
 191:Middlewares/Third_Party/FreeRTOS/Source/portable/GCC/ARM_CM4F/portmacro.h **** {
 6062              		.loc 2 191 30 view .LVU1716
 6063              	.LBB220:
 193:Middlewares/Third_Party/FreeRTOS/Source/portable/GCC/ARM_CM4F/portmacro.h **** 
 6064              		.loc 2 193 1 view .LVU1717
 195:Middlewares/Third_Party/FreeRTOS/Source/portable/GCC/ARM_CM4F/portmacro.h **** 	(
 6065              		.loc 2 195 2 view .LVU1718
 6066              		.syntax unified
 6067              	@ 195 "Middlewares/Third_Party/FreeRTOS/Source/portable/GCC/ARM_CM4F/portmacro.h" 1
 6068 0080 4FF05003 			mov r3, #80												
 6069 0084 83F31188 		msr basepri, r3											
 6070 0088 BFF36F8F 		isb														
 6071 008c BFF34F8F 		dsb														
 6072              	
 6073              	@ 0 "" 2
 6074              	.LVL444:
 6075              		.thumb
 6076              		.syntax unified
 6077              	.L480:
 195:Middlewares/Third_Party/FreeRTOS/Source/portable/GCC/ARM_CM4F/portmacro.h **** 	(
 6078              		.loc 2 195 2 is_stmt 0 view .LVU1719
 6079              	.LBE220:
 6080              	.LBE219:
3999:Middlewares/Third_Party/FreeRTOS/Source/tasks.c **** 
 6081              		.loc 1 3999 6 is_stmt 1 discriminator 2 view .LVU1720
3999:Middlewares/Third_Party/FreeRTOS/Source/tasks.c **** 
 6082              		.loc 1 3999 6 discriminator 2 view .LVU1721
 6083 0090 FEE7     		b	.L480
 6084              	.LVL445:
 6085              	.L484:
 6086              	.LCFI54:
 6087              		.cfi_def_cfa_offset 0
 6088              		.cfi_restore 3
 6089              		.cfi_restore 4
 6090              		.cfi_restore 5
 6091              		.cfi_restore 14
3999:Middlewares/Third_Party/FreeRTOS/Source/tasks.c **** 
 6092              		.loc 1 3999 6 is_stmt 0 discriminator 2 view .LVU1722
 6093 0092 7047     		bx	lr
 6094              	.L490:
 6095              		.align	2
 6096              	.L489:
 6097 0094 00000000 		.word	pxCurrentTCB
 6098 0098 00000000 		.word	pxReadyTasksLists
 6099 009c 00000000 		.word	uxTopReadyPriority
 6100              		.cfi_endproc
 6101              	.LFE54:
 6103              		.section	.text.uxTaskResetEventItemValue,"ax",%progbits
 6104              		.align	1
 6105              		.global	uxTaskResetEventItemValue
 6106              		.syntax unified
 6107              		.thumb
ARM GAS  C:\Users\31005\AppData\Local\Temp\ccNQ0Tdy.s 			page 227


 6108              		.thumb_func
 6110              	uxTaskResetEventItemValue:
 6111              	.LFB55:
4377:Middlewares/Third_Party/FreeRTOS/Source/tasks.c **** TickType_t uxReturn;
 6112              		.loc 1 4377 1 is_stmt 1 view -0
 6113              		.cfi_startproc
 6114              		@ args = 0, pretend = 0, frame = 0
 6115              		@ frame_needed = 0, uses_anonymous_args = 0
 6116              		@ link register save eliminated.
4378:Middlewares/Third_Party/FreeRTOS/Source/tasks.c **** 
 6117              		.loc 1 4378 1 view .LVU1724
4380:Middlewares/Third_Party/FreeRTOS/Source/tasks.c **** 
 6118              		.loc 1 4380 2 view .LVU1725
4380:Middlewares/Third_Party/FreeRTOS/Source/tasks.c **** 
 6119              		.loc 1 4380 13 is_stmt 0 view .LVU1726
 6120 0000 044A     		ldr	r2, .L492
 6121 0002 1368     		ldr	r3, [r2]
4380:Middlewares/Third_Party/FreeRTOS/Source/tasks.c **** 
 6122              		.loc 1 4380 11 view .LVU1727
 6123 0004 9869     		ldr	r0, [r3, #24]
 6124              	.LVL446:
4384:Middlewares/Third_Party/FreeRTOS/Source/tasks.c **** 
 6125              		.loc 1 4384 2 is_stmt 1 view .LVU1728
 6126 0006 1368     		ldr	r3, [r2]
 6127 0008 DB6A     		ldr	r3, [r3, #44]
 6128 000a 1268     		ldr	r2, [r2]
 6129 000c C3F13803 		rsb	r3, r3, #56
 6130 0010 9361     		str	r3, [r2, #24]
4386:Middlewares/Third_Party/FreeRTOS/Source/tasks.c **** }
 6131              		.loc 1 4386 2 view .LVU1729
4387:Middlewares/Third_Party/FreeRTOS/Source/tasks.c **** /*-----------------------------------------------------------*/
 6132              		.loc 1 4387 1 is_stmt 0 view .LVU1730
 6133 0012 7047     		bx	lr
 6134              	.L493:
 6135              		.align	2
 6136              	.L492:
 6137 0014 00000000 		.word	pxCurrentTCB
 6138              		.cfi_endproc
 6139              	.LFE55:
 6141              		.section	.text.pvTaskIncrementMutexHeldCount,"ax",%progbits
 6142              		.align	1
 6143              		.global	pvTaskIncrementMutexHeldCount
 6144              		.syntax unified
 6145              		.thumb
 6146              		.thumb_func
 6148              	pvTaskIncrementMutexHeldCount:
 6149              	.LFB56:
4393:Middlewares/Third_Party/FreeRTOS/Source/tasks.c **** 		/* If xSemaphoreCreateMutex() is called before any tasks have been created
 6150              		.loc 1 4393 2 is_stmt 1 view -0
 6151              		.cfi_startproc
 6152              		@ args = 0, pretend = 0, frame = 0
 6153              		@ frame_needed = 0, uses_anonymous_args = 0
 6154              		@ link register save eliminated.
4396:Middlewares/Third_Party/FreeRTOS/Source/tasks.c **** 		{
 6155              		.loc 1 4396 3 view .LVU1732
4396:Middlewares/Third_Party/FreeRTOS/Source/tasks.c **** 		{
 6156              		.loc 1 4396 20 is_stmt 0 view .LVU1733
ARM GAS  C:\Users\31005\AppData\Local\Temp\ccNQ0Tdy.s 			page 228


 6157 0000 054B     		ldr	r3, .L496
 6158 0002 1B68     		ldr	r3, [r3]
4396:Middlewares/Third_Party/FreeRTOS/Source/tasks.c **** 		{
 6159              		.loc 1 4396 5 view .LVU1734
 6160 0004 23B1     		cbz	r3, .L495
4398:Middlewares/Third_Party/FreeRTOS/Source/tasks.c **** 		}
 6161              		.loc 1 4398 4 is_stmt 1 view .LVU1735
4398:Middlewares/Third_Party/FreeRTOS/Source/tasks.c **** 		}
 6162              		.loc 1 4398 18 is_stmt 0 view .LVU1736
 6163 0006 044B     		ldr	r3, .L496
 6164 0008 1A68     		ldr	r2, [r3]
 6165 000a 136D     		ldr	r3, [r2, #80]
4398:Middlewares/Third_Party/FreeRTOS/Source/tasks.c **** 		}
 6166              		.loc 1 4398 35 view .LVU1737
 6167 000c 0133     		adds	r3, r3, #1
 6168 000e 1365     		str	r3, [r2, #80]
 6169              	.L495:
4401:Middlewares/Third_Party/FreeRTOS/Source/tasks.c **** 	}
 6170              		.loc 1 4401 3 is_stmt 1 view .LVU1738
4401:Middlewares/Third_Party/FreeRTOS/Source/tasks.c **** 	}
 6171              		.loc 1 4401 10 is_stmt 0 view .LVU1739
 6172 0010 014B     		ldr	r3, .L496
 6173 0012 1868     		ldr	r0, [r3]
4402:Middlewares/Third_Party/FreeRTOS/Source/tasks.c **** 
 6174              		.loc 1 4402 2 view .LVU1740
 6175 0014 7047     		bx	lr
 6176              	.L497:
 6177 0016 00BF     		.align	2
 6178              	.L496:
 6179 0018 00000000 		.word	pxCurrentTCB
 6180              		.cfi_endproc
 6181              	.LFE56:
 6183              		.section	.text.ulTaskNotifyTake,"ax",%progbits
 6184              		.align	1
 6185              		.global	ulTaskNotifyTake
 6186              		.syntax unified
 6187              		.thumb
 6188              		.thumb_func
 6190              	ulTaskNotifyTake:
 6191              	.LVL447:
 6192              	.LFB57:
4410:Middlewares/Third_Party/FreeRTOS/Source/tasks.c **** 	uint32_t ulReturn;
 6193              		.loc 1 4410 2 is_stmt 1 view -0
 6194              		.cfi_startproc
 6195              		@ args = 0, pretend = 0, frame = 0
 6196              		@ frame_needed = 0, uses_anonymous_args = 0
4410:Middlewares/Third_Party/FreeRTOS/Source/tasks.c **** 	uint32_t ulReturn;
 6197              		.loc 1 4410 2 is_stmt 0 view .LVU1742
 6198 0000 38B5     		push	{r3, r4, r5, lr}
 6199              	.LCFI55:
 6200              		.cfi_def_cfa_offset 16
 6201              		.cfi_offset 3, -16
 6202              		.cfi_offset 4, -12
 6203              		.cfi_offset 5, -8
 6204              		.cfi_offset 14, -4
 6205 0002 0546     		mov	r5, r0
 6206 0004 0C46     		mov	r4, r1
ARM GAS  C:\Users\31005\AppData\Local\Temp\ccNQ0Tdy.s 			page 229


4411:Middlewares/Third_Party/FreeRTOS/Source/tasks.c **** 
 6207              		.loc 1 4411 2 is_stmt 1 view .LVU1743
4413:Middlewares/Third_Party/FreeRTOS/Source/tasks.c **** 		{
 6208              		.loc 1 4413 3 view .LVU1744
 6209 0006 FFF7FEFF 		bl	vPortEnterCritical
 6210              	.LVL448:
4416:Middlewares/Third_Party/FreeRTOS/Source/tasks.c **** 			{
 6211              		.loc 1 4416 4 view .LVU1745
4416:Middlewares/Third_Party/FreeRTOS/Source/tasks.c **** 			{
 6212              		.loc 1 4416 20 is_stmt 0 view .LVU1746
 6213 000a 1A4B     		ldr	r3, .L504
 6214 000c 1B68     		ldr	r3, [r3]
 6215 000e 5B6D     		ldr	r3, [r3, #84]
4416:Middlewares/Third_Party/FreeRTOS/Source/tasks.c **** 			{
 6216              		.loc 1 4416 6 view .LVU1747
 6217 0010 2BB9     		cbnz	r3, .L499
4419:Middlewares/Third_Party/FreeRTOS/Source/tasks.c **** 
 6218              		.loc 1 4419 5 is_stmt 1 view .LVU1748
4419:Middlewares/Third_Party/FreeRTOS/Source/tasks.c **** 
 6219              		.loc 1 4419 17 is_stmt 0 view .LVU1749
 6220 0012 184B     		ldr	r3, .L504
 6221 0014 1B68     		ldr	r3, [r3]
4419:Middlewares/Third_Party/FreeRTOS/Source/tasks.c **** 
 6222              		.loc 1 4419 33 view .LVU1750
 6223 0016 0122     		movs	r2, #1
 6224 0018 83F85820 		strb	r2, [r3, #88]
4421:Middlewares/Third_Party/FreeRTOS/Source/tasks.c **** 				{
 6225              		.loc 1 4421 5 is_stmt 1 view .LVU1751
4421:Middlewares/Third_Party/FreeRTOS/Source/tasks.c **** 				{
 6226              		.loc 1 4421 7 is_stmt 0 view .LVU1752
 6227 001c ACB9     		cbnz	r4, .L503
 6228              	.L499:
4439:Middlewares/Third_Party/FreeRTOS/Source/tasks.c **** 			}
 6229              		.loc 1 4439 29 is_stmt 1 view .LVU1753
4442:Middlewares/Third_Party/FreeRTOS/Source/tasks.c **** 
 6230              		.loc 1 4442 3 view .LVU1754
 6231 001e FFF7FEFF 		bl	vPortExitCritical
 6232              	.LVL449:
4444:Middlewares/Third_Party/FreeRTOS/Source/tasks.c **** 		{
 6233              		.loc 1 4444 3 view .LVU1755
 6234 0022 FFF7FEFF 		bl	vPortEnterCritical
 6235              	.LVL450:
4446:Middlewares/Third_Party/FreeRTOS/Source/tasks.c **** 			ulReturn = pxCurrentTCB->ulNotifiedValue;
 6236              		.loc 1 4446 27 view .LVU1756
4447:Middlewares/Third_Party/FreeRTOS/Source/tasks.c **** 
 6237              		.loc 1 4447 4 view .LVU1757
4447:Middlewares/Third_Party/FreeRTOS/Source/tasks.c **** 
 6238              		.loc 1 4447 27 is_stmt 0 view .LVU1758
 6239 0026 134B     		ldr	r3, .L504
 6240 0028 1B68     		ldr	r3, [r3]
4447:Middlewares/Third_Party/FreeRTOS/Source/tasks.c **** 
 6241              		.loc 1 4447 13 view .LVU1759
 6242 002a 5C6D     		ldr	r4, [r3, #84]
 6243              	.LVL451:
4449:Middlewares/Third_Party/FreeRTOS/Source/tasks.c **** 			{
 6244              		.loc 1 4449 4 is_stmt 1 view .LVU1760
4449:Middlewares/Third_Party/FreeRTOS/Source/tasks.c **** 			{
ARM GAS  C:\Users\31005\AppData\Local\Temp\ccNQ0Tdy.s 			page 230


 6245              		.loc 1 4449 6 is_stmt 0 view .LVU1761
 6246 002c 24B1     		cbz	r4, .L500
4451:Middlewares/Third_Party/FreeRTOS/Source/tasks.c **** 				{
 6247              		.loc 1 4451 5 is_stmt 1 view .LVU1762
4451:Middlewares/Third_Party/FreeRTOS/Source/tasks.c **** 				{
 6248              		.loc 1 4451 7 is_stmt 0 view .LVU1763
 6249 002e DDB1     		cbz	r5, .L501
4453:Middlewares/Third_Party/FreeRTOS/Source/tasks.c **** 				}
 6250              		.loc 1 4453 6 is_stmt 1 view .LVU1764
4453:Middlewares/Third_Party/FreeRTOS/Source/tasks.c **** 				}
 6251              		.loc 1 4453 18 is_stmt 0 view .LVU1765
 6252 0030 104B     		ldr	r3, .L504
 6253 0032 1B68     		ldr	r3, [r3]
4453:Middlewares/Third_Party/FreeRTOS/Source/tasks.c **** 				}
 6254              		.loc 1 4453 36 view .LVU1766
 6255 0034 0022     		movs	r2, #0
 6256 0036 5A65     		str	r2, [r3, #84]
 6257              	.L500:
4462:Middlewares/Third_Party/FreeRTOS/Source/tasks.c **** 			}
 6258              		.loc 1 4462 29 is_stmt 1 view .LVU1767
4465:Middlewares/Third_Party/FreeRTOS/Source/tasks.c **** 		}
 6259              		.loc 1 4465 4 view .LVU1768
4465:Middlewares/Third_Party/FreeRTOS/Source/tasks.c **** 		}
 6260              		.loc 1 4465 16 is_stmt 0 view .LVU1769
 6261 0038 0E4B     		ldr	r3, .L504
 6262 003a 1B68     		ldr	r3, [r3]
4465:Middlewares/Third_Party/FreeRTOS/Source/tasks.c **** 		}
 6263              		.loc 1 4465 32 view .LVU1770
 6264 003c 0022     		movs	r2, #0
 6265 003e 83F85820 		strb	r2, [r3, #88]
4467:Middlewares/Third_Party/FreeRTOS/Source/tasks.c **** 
 6266              		.loc 1 4467 3 is_stmt 1 view .LVU1771
 6267 0042 FFF7FEFF 		bl	vPortExitCritical
 6268              	.LVL452:
4469:Middlewares/Third_Party/FreeRTOS/Source/tasks.c **** 	}
 6269              		.loc 1 4469 3 view .LVU1772
4470:Middlewares/Third_Party/FreeRTOS/Source/tasks.c **** 
 6270              		.loc 1 4470 2 is_stmt 0 view .LVU1773
 6271 0046 2046     		mov	r0, r4
 6272 0048 38BD     		pop	{r3, r4, r5, pc}
 6273              	.LVL453:
 6274              	.L503:
4423:Middlewares/Third_Party/FreeRTOS/Source/tasks.c **** 					traceTASK_NOTIFY_TAKE_BLOCK();
 6275              		.loc 1 4423 6 is_stmt 1 view .LVU1774
 6276 004a 1146     		mov	r1, r2
 6277 004c 2046     		mov	r0, r4
 6278 004e FFF7FEFF 		bl	prvAddCurrentTaskToDelayedList
 6279              	.LVL454:
4424:Middlewares/Third_Party/FreeRTOS/Source/tasks.c **** 
 6280              		.loc 1 4424 35 view .LVU1775
4430:Middlewares/Third_Party/FreeRTOS/Source/tasks.c **** 				}
 6281              		.loc 1 4430 6 view .LVU1776
 6282 0052 4FF0E023 		mov	r3, #-536813568
 6283 0056 4FF08052 		mov	r2, #268435456
 6284 005a C3F8042D 		str	r2, [r3, #3332]
4430:Middlewares/Third_Party/FreeRTOS/Source/tasks.c **** 				}
 6285              		.loc 1 4430 6 view .LVU1777
ARM GAS  C:\Users\31005\AppData\Local\Temp\ccNQ0Tdy.s 			page 231


 6286              		.syntax unified
 6287              	@ 4430 "Middlewares/Third_Party/FreeRTOS/Source/tasks.c" 1
 6288 005e BFF34F8F 		dsb
 6289              	@ 0 "" 2
4430:Middlewares/Third_Party/FreeRTOS/Source/tasks.c **** 				}
 6290              		.loc 1 4430 6 view .LVU1778
 6291              	@ 4430 "Middlewares/Third_Party/FreeRTOS/Source/tasks.c" 1
 6292 0062 BFF36F8F 		isb
 6293              	@ 0 "" 2
4430:Middlewares/Third_Party/FreeRTOS/Source/tasks.c **** 				}
 6294              		.loc 1 4430 28 view .LVU1779
 6295              		.thumb
 6296              		.syntax unified
 6297 0066 DAE7     		b	.L499
 6298              	.LVL455:
 6299              	.L501:
4457:Middlewares/Third_Party/FreeRTOS/Source/tasks.c **** 				}
 6300              		.loc 1 4457 6 view .LVU1780
4457:Middlewares/Third_Party/FreeRTOS/Source/tasks.c **** 				}
 6301              		.loc 1 4457 18 is_stmt 0 view .LVU1781
 6302 0068 024B     		ldr	r3, .L504
 6303 006a 1B68     		ldr	r3, [r3]
4457:Middlewares/Third_Party/FreeRTOS/Source/tasks.c **** 				}
 6304              		.loc 1 4457 47 view .LVU1782
 6305 006c 621E     		subs	r2, r4, #1
4457:Middlewares/Third_Party/FreeRTOS/Source/tasks.c **** 				}
 6306              		.loc 1 4457 36 view .LVU1783
 6307 006e 5A65     		str	r2, [r3, #84]
 6308 0070 E2E7     		b	.L500
 6309              	.L505:
 6310 0072 00BF     		.align	2
 6311              	.L504:
 6312 0074 00000000 		.word	pxCurrentTCB
 6313              		.cfi_endproc
 6314              	.LFE57:
 6316              		.section	.text.xTaskNotifyWait,"ax",%progbits
 6317              		.align	1
 6318              		.global	xTaskNotifyWait
 6319              		.syntax unified
 6320              		.thumb
 6321              		.thumb_func
 6323              	xTaskNotifyWait:
 6324              	.LVL456:
 6325              	.LFB58:
4478:Middlewares/Third_Party/FreeRTOS/Source/tasks.c **** 	BaseType_t xReturn;
 6326              		.loc 1 4478 2 is_stmt 1 view -0
 6327              		.cfi_startproc
 6328              		@ args = 0, pretend = 0, frame = 0
 6329              		@ frame_needed = 0, uses_anonymous_args = 0
4478:Middlewares/Third_Party/FreeRTOS/Source/tasks.c **** 	BaseType_t xReturn;
 6330              		.loc 1 4478 2 is_stmt 0 view .LVU1785
 6331 0000 F8B5     		push	{r3, r4, r5, r6, r7, lr}
 6332              	.LCFI56:
 6333              		.cfi_def_cfa_offset 24
 6334              		.cfi_offset 3, -24
 6335              		.cfi_offset 4, -20
 6336              		.cfi_offset 5, -16
ARM GAS  C:\Users\31005\AppData\Local\Temp\ccNQ0Tdy.s 			page 232


 6337              		.cfi_offset 6, -12
 6338              		.cfi_offset 7, -8
 6339              		.cfi_offset 14, -4
 6340 0002 0646     		mov	r6, r0
 6341 0004 0F46     		mov	r7, r1
 6342 0006 1446     		mov	r4, r2
 6343 0008 1D46     		mov	r5, r3
4479:Middlewares/Third_Party/FreeRTOS/Source/tasks.c **** 
 6344              		.loc 1 4479 2 is_stmt 1 view .LVU1786
4481:Middlewares/Third_Party/FreeRTOS/Source/tasks.c **** 		{
 6345              		.loc 1 4481 3 view .LVU1787
 6346 000a FFF7FEFF 		bl	vPortEnterCritical
 6347              	.LVL457:
4484:Middlewares/Third_Party/FreeRTOS/Source/tasks.c **** 			{
 6348              		.loc 1 4484 4 view .LVU1788
4484:Middlewares/Third_Party/FreeRTOS/Source/tasks.c **** 			{
 6349              		.loc 1 4484 20 is_stmt 0 view .LVU1789
 6350 000e 214B     		ldr	r3, .L514
 6351 0010 1B68     		ldr	r3, [r3]
 6352 0012 93F85820 		ldrb	r2, [r3, #88]	@ zero_extendqisi2
 6353 0016 D2B2     		uxtb	r2, r2
4484:Middlewares/Third_Party/FreeRTOS/Source/tasks.c **** 			{
 6354              		.loc 1 4484 6 view .LVU1790
 6355 0018 022A     		cmp	r2, #2
 6356 001a 0AD0     		beq	.L507
4489:Middlewares/Third_Party/FreeRTOS/Source/tasks.c **** 
 6357              		.loc 1 4489 5 is_stmt 1 view .LVU1791
4489:Middlewares/Third_Party/FreeRTOS/Source/tasks.c **** 
 6358              		.loc 1 4489 17 is_stmt 0 view .LVU1792
 6359 001c 1D4A     		ldr	r2, .L514
 6360 001e 1168     		ldr	r1, [r2]
 6361 0020 4B6D     		ldr	r3, [r1, #84]
4489:Middlewares/Third_Party/FreeRTOS/Source/tasks.c **** 
 6362              		.loc 1 4489 35 view .LVU1793
 6363 0022 23EA0603 		bic	r3, r3, r6
 6364 0026 4B65     		str	r3, [r1, #84]
4492:Middlewares/Third_Party/FreeRTOS/Source/tasks.c **** 
 6365              		.loc 1 4492 5 is_stmt 1 view .LVU1794
4492:Middlewares/Third_Party/FreeRTOS/Source/tasks.c **** 
 6366              		.loc 1 4492 17 is_stmt 0 view .LVU1795
 6367 0028 1368     		ldr	r3, [r2]
4492:Middlewares/Third_Party/FreeRTOS/Source/tasks.c **** 
 6368              		.loc 1 4492 33 view .LVU1796
 6369 002a 0122     		movs	r2, #1
 6370 002c 83F85820 		strb	r2, [r3, #88]
4494:Middlewares/Third_Party/FreeRTOS/Source/tasks.c **** 				{
 6371              		.loc 1 4494 5 is_stmt 1 view .LVU1797
4494:Middlewares/Third_Party/FreeRTOS/Source/tasks.c **** 				{
 6372              		.loc 1 4494 7 is_stmt 0 view .LVU1798
 6373 0030 CDB9     		cbnz	r5, .L512
 6374              	.L507:
4512:Middlewares/Third_Party/FreeRTOS/Source/tasks.c **** 			}
 6375              		.loc 1 4512 29 is_stmt 1 view .LVU1799
4515:Middlewares/Third_Party/FreeRTOS/Source/tasks.c **** 
 6376              		.loc 1 4515 3 view .LVU1800
 6377 0032 FFF7FEFF 		bl	vPortExitCritical
 6378              	.LVL458:
ARM GAS  C:\Users\31005\AppData\Local\Temp\ccNQ0Tdy.s 			page 233


4517:Middlewares/Third_Party/FreeRTOS/Source/tasks.c **** 		{
 6379              		.loc 1 4517 3 view .LVU1801
 6380 0036 FFF7FEFF 		bl	vPortEnterCritical
 6381              	.LVL459:
4519:Middlewares/Third_Party/FreeRTOS/Source/tasks.c **** 
 6382              		.loc 1 4519 27 view .LVU1802
4521:Middlewares/Third_Party/FreeRTOS/Source/tasks.c **** 			{
 6383              		.loc 1 4521 4 view .LVU1803
4521:Middlewares/Third_Party/FreeRTOS/Source/tasks.c **** 			{
 6384              		.loc 1 4521 6 is_stmt 0 view .LVU1804
 6385 003a 1CB1     		cbz	r4, .L508
4525:Middlewares/Third_Party/FreeRTOS/Source/tasks.c **** 			}
 6386              		.loc 1 4525 5 is_stmt 1 view .LVU1805
4525:Middlewares/Third_Party/FreeRTOS/Source/tasks.c **** 			}
 6387              		.loc 1 4525 41 is_stmt 0 view .LVU1806
 6388 003c 154B     		ldr	r3, .L514
 6389 003e 1B68     		ldr	r3, [r3]
 6390 0040 5B6D     		ldr	r3, [r3, #84]
4525:Middlewares/Third_Party/FreeRTOS/Source/tasks.c **** 			}
 6391              		.loc 1 4525 27 view .LVU1807
 6392 0042 2360     		str	r3, [r4]
 6393              	.L508:
4532:Middlewares/Third_Party/FreeRTOS/Source/tasks.c **** 			{
 6394              		.loc 1 4532 4 is_stmt 1 view .LVU1808
4532:Middlewares/Third_Party/FreeRTOS/Source/tasks.c **** 			{
 6395              		.loc 1 4532 20 is_stmt 0 view .LVU1809
 6396 0044 134B     		ldr	r3, .L514
 6397 0046 1B68     		ldr	r3, [r3]
 6398 0048 93F85830 		ldrb	r3, [r3, #88]	@ zero_extendqisi2
 6399 004c DBB2     		uxtb	r3, r3
4532:Middlewares/Third_Party/FreeRTOS/Source/tasks.c **** 			{
 6400              		.loc 1 4532 6 view .LVU1810
 6401 004e 022B     		cmp	r3, #2
 6402 0050 18D0     		beq	.L513
4535:Middlewares/Third_Party/FreeRTOS/Source/tasks.c **** 			}
 6403              		.loc 1 4535 13 view .LVU1811
 6404 0052 0024     		movs	r4, #0
 6405              	.LVL460:
 6406              	.L509:
4545:Middlewares/Third_Party/FreeRTOS/Source/tasks.c **** 		}
 6407              		.loc 1 4545 4 is_stmt 1 view .LVU1812
4545:Middlewares/Third_Party/FreeRTOS/Source/tasks.c **** 		}
 6408              		.loc 1 4545 16 is_stmt 0 view .LVU1813
 6409 0054 0F4B     		ldr	r3, .L514
 6410 0056 1B68     		ldr	r3, [r3]
4545:Middlewares/Third_Party/FreeRTOS/Source/tasks.c **** 		}
 6411              		.loc 1 4545 32 view .LVU1814
 6412 0058 0022     		movs	r2, #0
 6413 005a 83F85820 		strb	r2, [r3, #88]
4547:Middlewares/Third_Party/FreeRTOS/Source/tasks.c **** 
 6414              		.loc 1 4547 3 is_stmt 1 view .LVU1815
 6415 005e FFF7FEFF 		bl	vPortExitCritical
 6416              	.LVL461:
4549:Middlewares/Third_Party/FreeRTOS/Source/tasks.c **** 	}
 6417              		.loc 1 4549 3 view .LVU1816
4550:Middlewares/Third_Party/FreeRTOS/Source/tasks.c **** 
 6418              		.loc 1 4550 2 is_stmt 0 view .LVU1817
ARM GAS  C:\Users\31005\AppData\Local\Temp\ccNQ0Tdy.s 			page 234


 6419 0062 2046     		mov	r0, r4
 6420 0064 F8BD     		pop	{r3, r4, r5, r6, r7, pc}
 6421              	.LVL462:
 6422              	.L512:
4496:Middlewares/Third_Party/FreeRTOS/Source/tasks.c **** 					traceTASK_NOTIFY_WAIT_BLOCK();
 6423              		.loc 1 4496 6 is_stmt 1 view .LVU1818
 6424 0066 1146     		mov	r1, r2
 6425 0068 2846     		mov	r0, r5
 6426 006a FFF7FEFF 		bl	prvAddCurrentTaskToDelayedList
 6427              	.LVL463:
4497:Middlewares/Third_Party/FreeRTOS/Source/tasks.c **** 
 6428              		.loc 1 4497 35 view .LVU1819
4503:Middlewares/Third_Party/FreeRTOS/Source/tasks.c **** 				}
 6429              		.loc 1 4503 6 view .LVU1820
 6430 006e 4FF0E023 		mov	r3, #-536813568
 6431 0072 4FF08052 		mov	r2, #268435456
 6432 0076 C3F8042D 		str	r2, [r3, #3332]
4503:Middlewares/Third_Party/FreeRTOS/Source/tasks.c **** 				}
 6433              		.loc 1 4503 6 view .LVU1821
 6434              		.syntax unified
 6435              	@ 4503 "Middlewares/Third_Party/FreeRTOS/Source/tasks.c" 1
 6436 007a BFF34F8F 		dsb
 6437              	@ 0 "" 2
4503:Middlewares/Third_Party/FreeRTOS/Source/tasks.c **** 				}
 6438              		.loc 1 4503 6 view .LVU1822
 6439              	@ 4503 "Middlewares/Third_Party/FreeRTOS/Source/tasks.c" 1
 6440 007e BFF36F8F 		isb
 6441              	@ 0 "" 2
4503:Middlewares/Third_Party/FreeRTOS/Source/tasks.c **** 				}
 6442              		.loc 1 4503 28 view .LVU1823
 6443              		.thumb
 6444              		.syntax unified
 6445 0082 D6E7     		b	.L507
 6446              	.L513:
4541:Middlewares/Third_Party/FreeRTOS/Source/tasks.c **** 				xReturn = pdTRUE;
 6447              		.loc 1 4541 5 view .LVU1824
4541:Middlewares/Third_Party/FreeRTOS/Source/tasks.c **** 				xReturn = pdTRUE;
 6448              		.loc 1 4541 17 is_stmt 0 view .LVU1825
 6449 0084 034B     		ldr	r3, .L514
 6450 0086 1A68     		ldr	r2, [r3]
 6451 0088 536D     		ldr	r3, [r2, #84]
4541:Middlewares/Third_Party/FreeRTOS/Source/tasks.c **** 				xReturn = pdTRUE;
 6452              		.loc 1 4541 35 view .LVU1826
 6453 008a 23EA0703 		bic	r3, r3, r7
 6454 008e 5365     		str	r3, [r2, #84]
4542:Middlewares/Third_Party/FreeRTOS/Source/tasks.c **** 			}
 6455              		.loc 1 4542 5 is_stmt 1 view .LVU1827
 6456              	.LVL464:
4542:Middlewares/Third_Party/FreeRTOS/Source/tasks.c **** 			}
 6457              		.loc 1 4542 13 is_stmt 0 view .LVU1828
 6458 0090 0124     		movs	r4, #1
 6459              	.LVL465:
4542:Middlewares/Third_Party/FreeRTOS/Source/tasks.c **** 			}
 6460              		.loc 1 4542 13 view .LVU1829
 6461 0092 DFE7     		b	.L509
 6462              	.L515:
 6463              		.align	2
ARM GAS  C:\Users\31005\AppData\Local\Temp\ccNQ0Tdy.s 			page 235


 6464              	.L514:
 6465 0094 00000000 		.word	pxCurrentTCB
 6466              		.cfi_endproc
 6467              	.LFE58:
 6469              		.section	.text.xTaskGenericNotify,"ax",%progbits
 6470              		.align	1
 6471              		.global	xTaskGenericNotify
 6472              		.syntax unified
 6473              		.thumb
 6474              		.thumb_func
 6476              	xTaskGenericNotify:
 6477              	.LVL466:
 6478              	.LFB59:
4558:Middlewares/Third_Party/FreeRTOS/Source/tasks.c **** 	TCB_t * pxTCB;
 6479              		.loc 1 4558 2 is_stmt 1 view -0
 6480              		.cfi_startproc
 6481              		@ args = 0, pretend = 0, frame = 0
 6482              		@ frame_needed = 0, uses_anonymous_args = 0
4558:Middlewares/Third_Party/FreeRTOS/Source/tasks.c **** 	TCB_t * pxTCB;
 6483              		.loc 1 4558 2 is_stmt 0 view .LVU1831
 6484 0000 F8B5     		push	{r3, r4, r5, r6, r7, lr}
 6485              	.LCFI57:
 6486              		.cfi_def_cfa_offset 24
 6487              		.cfi_offset 3, -24
 6488              		.cfi_offset 4, -20
 6489              		.cfi_offset 5, -16
 6490              		.cfi_offset 6, -12
 6491              		.cfi_offset 7, -8
 6492              		.cfi_offset 14, -4
4559:Middlewares/Third_Party/FreeRTOS/Source/tasks.c **** 	BaseType_t xReturn = pdPASS;
 6493              		.loc 1 4559 2 is_stmt 1 view .LVU1832
4560:Middlewares/Third_Party/FreeRTOS/Source/tasks.c **** 	uint8_t ucOriginalNotifyState;
 6494              		.loc 1 4560 2 view .LVU1833
 6495              	.LVL467:
4561:Middlewares/Third_Party/FreeRTOS/Source/tasks.c **** 
 6496              		.loc 1 4561 2 view .LVU1834
4563:Middlewares/Third_Party/FreeRTOS/Source/tasks.c **** 		pxTCB = ( TCB_t * ) xTaskToNotify;
 6497              		.loc 1 4563 3 view .LVU1835
 6498 0002 A8B1     		cbz	r0, .L535
 6499 0004 0E46     		mov	r6, r1
 6500 0006 1746     		mov	r7, r2
 6501 0008 1C46     		mov	r4, r3
 6502 000a 0546     		mov	r5, r0
4563:Middlewares/Third_Party/FreeRTOS/Source/tasks.c **** 		pxTCB = ( TCB_t * ) xTaskToNotify;
 6503              		.loc 1 4563 32 discriminator 2 view .LVU1836
4564:Middlewares/Third_Party/FreeRTOS/Source/tasks.c **** 
 6504              		.loc 1 4564 3 discriminator 2 view .LVU1837
 6505              	.LVL468:
4566:Middlewares/Third_Party/FreeRTOS/Source/tasks.c **** 		{
 6506              		.loc 1 4566 3 discriminator 2 view .LVU1838
 6507 000c FFF7FEFF 		bl	vPortEnterCritical
 6508              	.LVL469:
4568:Middlewares/Third_Party/FreeRTOS/Source/tasks.c **** 			{
 6509              		.loc 1 4568 4 discriminator 2 view .LVU1839
4568:Middlewares/Third_Party/FreeRTOS/Source/tasks.c **** 			{
 6510              		.loc 1 4568 6 is_stmt 0 discriminator 2 view .LVU1840
 6511 0010 0CB1     		cbz	r4, .L519
ARM GAS  C:\Users\31005\AppData\Local\Temp\ccNQ0Tdy.s 			page 236


4570:Middlewares/Third_Party/FreeRTOS/Source/tasks.c **** 			}
 6512              		.loc 1 4570 5 is_stmt 1 view .LVU1841
4570:Middlewares/Third_Party/FreeRTOS/Source/tasks.c **** 			}
 6513              		.loc 1 4570 42 is_stmt 0 view .LVU1842
 6514 0012 6B6D     		ldr	r3, [r5, #84]
4570:Middlewares/Third_Party/FreeRTOS/Source/tasks.c **** 			}
 6515              		.loc 1 4570 35 view .LVU1843
 6516 0014 2360     		str	r3, [r4]
 6517              	.L519:
4573:Middlewares/Third_Party/FreeRTOS/Source/tasks.c **** 
 6518              		.loc 1 4573 4 is_stmt 1 view .LVU1844
4573:Middlewares/Third_Party/FreeRTOS/Source/tasks.c **** 
 6519              		.loc 1 4573 26 is_stmt 0 view .LVU1845
 6520 0016 95F85830 		ldrb	r3, [r5, #88]	@ zero_extendqisi2
 6521 001a DBB2     		uxtb	r3, r3
 6522              	.LVL470:
4575:Middlewares/Third_Party/FreeRTOS/Source/tasks.c **** 
 6523              		.loc 1 4575 4 is_stmt 1 view .LVU1846
4575:Middlewares/Third_Party/FreeRTOS/Source/tasks.c **** 
 6524              		.loc 1 4575 25 is_stmt 0 view .LVU1847
 6525 001c 0222     		movs	r2, #2
 6526 001e 85F85820 		strb	r2, [r5, #88]
4577:Middlewares/Third_Party/FreeRTOS/Source/tasks.c **** 			{
 6527              		.loc 1 4577 4 is_stmt 1 view .LVU1848
 6528 0022 7A1E     		subs	r2, r7, #1
 6529 0024 032A     		cmp	r2, #3
 6530 0026 0FD8     		bhi	.L520
 6531 0028 DFE802F0 		tbb	[pc, r2]
 6532              	.L522:
 6533 002c 0B       		.byte	(.L525-.L522)/2
 6534 002d 15       		.byte	(.L524-.L522)/2
 6535 002e 19       		.byte	(.L523-.L522)/2
 6536 002f 1B       		.byte	(.L521-.L522)/2
 6537              	.LVL471:
 6538              		.p2align 1
 6539              	.L535:
4563:Middlewares/Third_Party/FreeRTOS/Source/tasks.c **** 		pxTCB = ( TCB_t * ) xTaskToNotify;
 6540              		.loc 1 4563 3 view .LVU1849
 6541              	.LBB221:
 6542              	.LBI221:
 191:Middlewares/Third_Party/FreeRTOS/Source/portable/GCC/ARM_CM4F/portmacro.h **** {
 6543              		.loc 2 191 30 view .LVU1850
 6544              	.LBB222:
 193:Middlewares/Third_Party/FreeRTOS/Source/portable/GCC/ARM_CM4F/portmacro.h **** 
 6545              		.loc 2 193 1 view .LVU1851
 195:Middlewares/Third_Party/FreeRTOS/Source/portable/GCC/ARM_CM4F/portmacro.h **** 	(
 6546              		.loc 2 195 2 view .LVU1852
 6547              		.syntax unified
 6548              	@ 195 "Middlewares/Third_Party/FreeRTOS/Source/portable/GCC/ARM_CM4F/portmacro.h" 1
 6549 0030 4FF05003 			mov r3, #80												
 6550 0034 83F31188 		msr basepri, r3											
 6551 0038 BFF36F8F 		isb														
 6552 003c BFF34F8F 		dsb														
 6553              	
 6554              	@ 0 "" 2
 6555              	.LVL472:
 6556              		.thumb
ARM GAS  C:\Users\31005\AppData\Local\Temp\ccNQ0Tdy.s 			page 237


 6557              		.syntax unified
 6558              	.L518:
 195:Middlewares/Third_Party/FreeRTOS/Source/portable/GCC/ARM_CM4F/portmacro.h **** 	(
 6559              		.loc 2 195 2 is_stmt 0 view .LVU1853
 6560              	.LBE222:
 6561              	.LBE221:
4563:Middlewares/Third_Party/FreeRTOS/Source/tasks.c **** 		pxTCB = ( TCB_t * ) xTaskToNotify;
 6562              		.loc 1 4563 3 is_stmt 1 discriminator 1 view .LVU1854
4563:Middlewares/Third_Party/FreeRTOS/Source/tasks.c **** 		pxTCB = ( TCB_t * ) xTaskToNotify;
 6563              		.loc 1 4563 3 discriminator 1 view .LVU1855
 6564 0040 FEE7     		b	.L518
 6565              	.LVL473:
 6566              	.L525:
4580:Middlewares/Third_Party/FreeRTOS/Source/tasks.c **** 					break;
 6567              		.loc 1 4580 6 view .LVU1856
4580:Middlewares/Third_Party/FreeRTOS/Source/tasks.c **** 					break;
 6568              		.loc 1 4580 11 is_stmt 0 view .LVU1857
 6569 0042 6A6D     		ldr	r2, [r5, #84]
4580:Middlewares/Third_Party/FreeRTOS/Source/tasks.c **** 					break;
 6570              		.loc 1 4580 29 view .LVU1858
 6571 0044 3243     		orrs	r2, r2, r6
 6572 0046 6A65     		str	r2, [r5, #84]
4581:Middlewares/Third_Party/FreeRTOS/Source/tasks.c **** 
 6573              		.loc 1 4581 6 is_stmt 1 view .LVU1859
 6574              	.L520:
4609:Middlewares/Third_Party/FreeRTOS/Source/tasks.c **** 
 6575              		.loc 1 4609 22 view .LVU1860
4613:Middlewares/Third_Party/FreeRTOS/Source/tasks.c **** 			{
 6576              		.loc 1 4613 4 view .LVU1861
4613:Middlewares/Third_Party/FreeRTOS/Source/tasks.c **** 			{
 6577              		.loc 1 4613 6 is_stmt 0 view .LVU1862
 6578 0048 012B     		cmp	r3, #1
 6579 004a 0ED0     		beq	.L536
 6580 004c 0124     		movs	r4, #1
 6581              	.LVL474:
 6582              	.L526:
4650:Middlewares/Third_Party/FreeRTOS/Source/tasks.c **** 			}
 6583              		.loc 1 4650 29 is_stmt 1 view .LVU1863
4653:Middlewares/Third_Party/FreeRTOS/Source/tasks.c **** 
 6584              		.loc 1 4653 3 view .LVU1864
 6585 004e FFF7FEFF 		bl	vPortExitCritical
 6586              	.LVL475:
4655:Middlewares/Third_Party/FreeRTOS/Source/tasks.c **** 	}
 6587              		.loc 1 4655 3 view .LVU1865
4656:Middlewares/Third_Party/FreeRTOS/Source/tasks.c **** 
 6588              		.loc 1 4656 2 is_stmt 0 view .LVU1866
 6589 0052 2046     		mov	r0, r4
 6590 0054 F8BD     		pop	{r3, r4, r5, r6, r7, pc}
 6591              	.LVL476:
 6592              	.L524:
4584:Middlewares/Third_Party/FreeRTOS/Source/tasks.c **** 					break;
 6593              		.loc 1 4584 6 is_stmt 1 view .LVU1867
4584:Middlewares/Third_Party/FreeRTOS/Source/tasks.c **** 					break;
 6594              		.loc 1 4584 13 is_stmt 0 view .LVU1868
 6595 0056 6A6D     		ldr	r2, [r5, #84]
4584:Middlewares/Third_Party/FreeRTOS/Source/tasks.c **** 					break;
 6596              		.loc 1 4584 32 view .LVU1869
ARM GAS  C:\Users\31005\AppData\Local\Temp\ccNQ0Tdy.s 			page 238


 6597 0058 0132     		adds	r2, r2, #1
 6598 005a 6A65     		str	r2, [r5, #84]
4585:Middlewares/Third_Party/FreeRTOS/Source/tasks.c **** 
 6599              		.loc 1 4585 6 is_stmt 1 view .LVU1870
 6600 005c F4E7     		b	.L520
 6601              	.L523:
4588:Middlewares/Third_Party/FreeRTOS/Source/tasks.c **** 					break;
 6602              		.loc 1 4588 6 view .LVU1871
4588:Middlewares/Third_Party/FreeRTOS/Source/tasks.c **** 					break;
 6603              		.loc 1 4588 29 is_stmt 0 view .LVU1872
 6604 005e 6E65     		str	r6, [r5, #84]
4589:Middlewares/Third_Party/FreeRTOS/Source/tasks.c **** 
 6605              		.loc 1 4589 6 is_stmt 1 view .LVU1873
 6606 0060 F2E7     		b	.L520
 6607              	.L521:
4592:Middlewares/Third_Party/FreeRTOS/Source/tasks.c **** 					{
 6608              		.loc 1 4592 6 view .LVU1874
4592:Middlewares/Third_Party/FreeRTOS/Source/tasks.c **** 					{
 6609              		.loc 1 4592 8 is_stmt 0 view .LVU1875
 6610 0062 022B     		cmp	r3, #2
 6611 0064 31D0     		beq	.L530
4594:Middlewares/Third_Party/FreeRTOS/Source/tasks.c **** 					}
 6612              		.loc 1 4594 7 is_stmt 1 view .LVU1876
4594:Middlewares/Third_Party/FreeRTOS/Source/tasks.c **** 					}
 6613              		.loc 1 4594 30 is_stmt 0 view .LVU1877
 6614 0066 6E65     		str	r6, [r5, #84]
 6615 0068 EEE7     		b	.L520
 6616              	.L536:
4615:Middlewares/Third_Party/FreeRTOS/Source/tasks.c **** 				prvAddTaskToReadyList( pxTCB );
 6617              		.loc 1 4615 5 is_stmt 1 view .LVU1878
4615:Middlewares/Third_Party/FreeRTOS/Source/tasks.c **** 				prvAddTaskToReadyList( pxTCB );
 6618              		.loc 1 4615 14 is_stmt 0 view .LVU1879
 6619 006a 2C1D     		adds	r4, r5, #4
 6620              	.LVL477:
4615:Middlewares/Third_Party/FreeRTOS/Source/tasks.c **** 				prvAddTaskToReadyList( pxTCB );
 6621              		.loc 1 4615 14 view .LVU1880
 6622 006c 2046     		mov	r0, r4
 6623 006e FFF7FEFF 		bl	uxListRemove
 6624              	.LVL478:
4616:Middlewares/Third_Party/FreeRTOS/Source/tasks.c **** 
 6625              		.loc 1 4616 5 is_stmt 1 view .LVU1881
4616:Middlewares/Third_Party/FreeRTOS/Source/tasks.c **** 
 6626              		.loc 1 4616 5 view .LVU1882
 6627 0072 E86A     		ldr	r0, [r5, #44]
 6628 0074 174B     		ldr	r3, .L537
 6629 0076 1B68     		ldr	r3, [r3]
 6630 0078 9842     		cmp	r0, r3
 6631 007a 01D9     		bls	.L527
4616:Middlewares/Third_Party/FreeRTOS/Source/tasks.c **** 
 6632              		.loc 1 4616 5 discriminator 1 view .LVU1883
 6633 007c 154B     		ldr	r3, .L537
 6634 007e 1860     		str	r0, [r3]
 6635              	.L527:
4616:Middlewares/Third_Party/FreeRTOS/Source/tasks.c **** 
 6636              		.loc 1 4616 5 discriminator 3 view .LVU1884
4616:Middlewares/Third_Party/FreeRTOS/Source/tasks.c **** 
 6637              		.loc 1 4616 5 discriminator 3 view .LVU1885
ARM GAS  C:\Users\31005\AppData\Local\Temp\ccNQ0Tdy.s 			page 239


 6638 0080 00EB8000 		add	r0, r0, r0, lsl #2
 6639 0084 2146     		mov	r1, r4
 6640 0086 144B     		ldr	r3, .L537+4
 6641 0088 03EB8000 		add	r0, r3, r0, lsl #2
 6642 008c FFF7FEFF 		bl	vListInsertEnd
 6643              	.LVL479:
4616:Middlewares/Third_Party/FreeRTOS/Source/tasks.c **** 
 6644              		.loc 1 4616 35 discriminator 3 view .LVU1886
4619:Middlewares/Third_Party/FreeRTOS/Source/tasks.c **** 
 6645              		.loc 1 4619 5 discriminator 3 view .LVU1887
 6646 0090 AB6A     		ldr	r3, [r5, #40]
 6647 0092 43B1     		cbz	r3, .L528
4619:Middlewares/Third_Party/FreeRTOS/Source/tasks.c **** 
 6648              		.loc 1 4619 5 view .LVU1888
 6649              	.LBB223:
 6650              	.LBI223:
 191:Middlewares/Third_Party/FreeRTOS/Source/portable/GCC/ARM_CM4F/portmacro.h **** {
 6651              		.loc 2 191 30 view .LVU1889
 6652              	.LBB224:
 193:Middlewares/Third_Party/FreeRTOS/Source/portable/GCC/ARM_CM4F/portmacro.h **** 
 6653              		.loc 2 193 1 view .LVU1890
 195:Middlewares/Third_Party/FreeRTOS/Source/portable/GCC/ARM_CM4F/portmacro.h **** 	(
 6654              		.loc 2 195 2 view .LVU1891
 6655              		.syntax unified
 6656              	@ 195 "Middlewares/Third_Party/FreeRTOS/Source/portable/GCC/ARM_CM4F/portmacro.h" 1
 6657 0094 4FF05003 			mov r3, #80												
 6658 0098 83F31188 		msr basepri, r3											
 6659 009c BFF36F8F 		isb														
 6660 00a0 BFF34F8F 		dsb														
 6661              	
 6662              	@ 0 "" 2
 6663              	.LVL480:
 6664              		.thumb
 6665              		.syntax unified
 6666              	.L529:
 195:Middlewares/Third_Party/FreeRTOS/Source/portable/GCC/ARM_CM4F/portmacro.h **** 	(
 6667              		.loc 2 195 2 is_stmt 0 view .LVU1892
 6668              	.LBE224:
 6669              	.LBE223:
4619:Middlewares/Third_Party/FreeRTOS/Source/tasks.c **** 
 6670              		.loc 1 4619 5 is_stmt 1 discriminator 2 view .LVU1893
4619:Middlewares/Third_Party/FreeRTOS/Source/tasks.c **** 
 6671              		.loc 1 4619 5 discriminator 2 view .LVU1894
 6672 00a4 FEE7     		b	.L529
 6673              	.L528:
4619:Middlewares/Third_Party/FreeRTOS/Source/tasks.c **** 
 6674              		.loc 1 4619 82 discriminator 2 view .LVU1895
4637:Middlewares/Third_Party/FreeRTOS/Source/tasks.c **** 				{
 6675              		.loc 1 4637 5 discriminator 2 view .LVU1896
4637:Middlewares/Third_Party/FreeRTOS/Source/tasks.c **** 				{
 6676              		.loc 1 4637 14 is_stmt 0 discriminator 2 view .LVU1897
 6677 00a6 EA6A     		ldr	r2, [r5, #44]
4637:Middlewares/Third_Party/FreeRTOS/Source/tasks.c **** 				{
 6678              		.loc 1 4637 41 discriminator 2 view .LVU1898
 6679 00a8 0C4B     		ldr	r3, .L537+8
 6680 00aa 1B68     		ldr	r3, [r3]
 6681 00ac DB6A     		ldr	r3, [r3, #44]
ARM GAS  C:\Users\31005\AppData\Local\Temp\ccNQ0Tdy.s 			page 240


4637:Middlewares/Third_Party/FreeRTOS/Source/tasks.c **** 				{
 6682              		.loc 1 4637 7 discriminator 2 view .LVU1899
 6683 00ae 9A42     		cmp	r2, r3
 6684 00b0 0DD9     		bls	.L532
4641:Middlewares/Third_Party/FreeRTOS/Source/tasks.c **** 				}
 6685              		.loc 1 4641 6 is_stmt 1 view .LVU1900
 6686 00b2 4FF0E023 		mov	r3, #-536813568
 6687 00b6 4FF08052 		mov	r2, #268435456
 6688 00ba C3F8042D 		str	r2, [r3, #3332]
4641:Middlewares/Third_Party/FreeRTOS/Source/tasks.c **** 				}
 6689              		.loc 1 4641 6 view .LVU1901
 6690              		.syntax unified
 6691              	@ 4641 "Middlewares/Third_Party/FreeRTOS/Source/tasks.c" 1
 6692 00be BFF34F8F 		dsb
 6693              	@ 0 "" 2
4641:Middlewares/Third_Party/FreeRTOS/Source/tasks.c **** 				}
 6694              		.loc 1 4641 6 view .LVU1902
 6695              	@ 4641 "Middlewares/Third_Party/FreeRTOS/Source/tasks.c" 1
 6696 00c2 BFF36F8F 		isb
 6697              	@ 0 "" 2
4641:Middlewares/Third_Party/FreeRTOS/Source/tasks.c **** 				}
 6698              		.loc 1 4641 37 view .LVU1903
 6699              		.thumb
 6700              		.syntax unified
 6701 00c6 0124     		movs	r4, #1
 6702 00c8 C1E7     		b	.L526
 6703              	.LVL481:
 6704              	.L530:
4599:Middlewares/Third_Party/FreeRTOS/Source/tasks.c **** 					}
 6705              		.loc 1 4599 15 is_stmt 0 view .LVU1904
 6706 00ca 0024     		movs	r4, #0
 6707              	.LVL482:
4599:Middlewares/Third_Party/FreeRTOS/Source/tasks.c **** 					}
 6708              		.loc 1 4599 15 view .LVU1905
 6709 00cc BFE7     		b	.L526
 6710              	.LVL483:
 6711              	.L532:
4599:Middlewares/Third_Party/FreeRTOS/Source/tasks.c **** 					}
 6712              		.loc 1 4599 15 view .LVU1906
 6713 00ce 0124     		movs	r4, #1
 6714 00d0 BDE7     		b	.L526
 6715              	.L538:
 6716 00d2 00BF     		.align	2
 6717              	.L537:
 6718 00d4 00000000 		.word	uxTopReadyPriority
 6719 00d8 00000000 		.word	pxReadyTasksLists
 6720 00dc 00000000 		.word	pxCurrentTCB
 6721              		.cfi_endproc
 6722              	.LFE59:
 6724              		.section	.text.xTaskGenericNotifyFromISR,"ax",%progbits
 6725              		.align	1
 6726              		.global	xTaskGenericNotifyFromISR
 6727              		.syntax unified
 6728              		.thumb
 6729              		.thumb_func
 6731              	xTaskGenericNotifyFromISR:
 6732              	.LVL484:
ARM GAS  C:\Users\31005\AppData\Local\Temp\ccNQ0Tdy.s 			page 241


 6733              	.LFB60:
4664:Middlewares/Third_Party/FreeRTOS/Source/tasks.c **** 	TCB_t * pxTCB;
 6734              		.loc 1 4664 2 is_stmt 1 view -0
 6735              		.cfi_startproc
 6736              		@ args = 4, pretend = 0, frame = 0
 6737              		@ frame_needed = 0, uses_anonymous_args = 0
4665:Middlewares/Third_Party/FreeRTOS/Source/tasks.c **** 	uint8_t ucOriginalNotifyState;
 6738              		.loc 1 4665 2 view .LVU1908
4666:Middlewares/Third_Party/FreeRTOS/Source/tasks.c **** 	BaseType_t xReturn = pdPASS;
 6739              		.loc 1 4666 2 view .LVU1909
4667:Middlewares/Third_Party/FreeRTOS/Source/tasks.c **** 	UBaseType_t uxSavedInterruptStatus;
 6740              		.loc 1 4667 2 view .LVU1910
4668:Middlewares/Third_Party/FreeRTOS/Source/tasks.c **** 
 6741              		.loc 1 4668 2 view .LVU1911
4670:Middlewares/Third_Party/FreeRTOS/Source/tasks.c **** 
 6742              		.loc 1 4670 3 view .LVU1912
 6743 0000 08B3     		cbz	r0, .L562
4664:Middlewares/Third_Party/FreeRTOS/Source/tasks.c **** 	TCB_t * pxTCB;
 6744              		.loc 1 4664 2 is_stmt 0 discriminator 2 view .LVU1913
 6745 0002 2DE9F041 		push	{r4, r5, r6, r7, r8, lr}
 6746              	.LCFI58:
 6747              		.cfi_def_cfa_offset 24
 6748              		.cfi_offset 4, -24
 6749              		.cfi_offset 5, -20
 6750              		.cfi_offset 6, -16
 6751              		.cfi_offset 7, -12
 6752              		.cfi_offset 8, -8
 6753              		.cfi_offset 14, -4
 6754 0006 0E46     		mov	r6, r1
 6755 0008 1746     		mov	r7, r2
 6756 000a 1C46     		mov	r4, r3
 6757 000c 0546     		mov	r5, r0
4670:Middlewares/Third_Party/FreeRTOS/Source/tasks.c **** 
 6758              		.loc 1 4670 32 is_stmt 1 discriminator 2 view .LVU1914
4688:Middlewares/Third_Party/FreeRTOS/Source/tasks.c **** 
 6759              		.loc 1 4688 3 discriminator 2 view .LVU1915
 6760 000e FFF7FEFF 		bl	vPortValidateInterruptPriority
 6761              	.LVL485:
4690:Middlewares/Third_Party/FreeRTOS/Source/tasks.c **** 
 6762              		.loc 1 4690 3 discriminator 2 view .LVU1916
4692:Middlewares/Third_Party/FreeRTOS/Source/tasks.c **** 		{
 6763              		.loc 1 4692 3 discriminator 2 view .LVU1917
 6764              	.LBB225:
 6765              	.LBI225:
 207:Middlewares/Third_Party/FreeRTOS/Source/portable/GCC/ARM_CM4F/portmacro.h **** {
 6766              		.loc 2 207 34 discriminator 2 view .LVU1918
 6767              	.LBB226:
 209:Middlewares/Third_Party/FreeRTOS/Source/portable/GCC/ARM_CM4F/portmacro.h **** 
 6768              		.loc 2 209 1 discriminator 2 view .LVU1919
 211:Middlewares/Third_Party/FreeRTOS/Source/portable/GCC/ARM_CM4F/portmacro.h **** 	(
 6769              		.loc 2 211 2 discriminator 2 view .LVU1920
 6770              		.syntax unified
 6771              	@ 211 "Middlewares/Third_Party/FreeRTOS/Source/portable/GCC/ARM_CM4F/portmacro.h" 1
 6772 0012 EFF31188 			mrs r8, basepri											
 6773 0016 4FF05003 		mov r3, #80												
 6774 001a 83F31188 		msr basepri, r3											
 6775 001e BFF36F8F 		isb														
ARM GAS  C:\Users\31005\AppData\Local\Temp\ccNQ0Tdy.s 			page 242


 6776 0022 BFF34F8F 		dsb														
 6777              	
 6778              	@ 0 "" 2
 6779              	.LVL486:
 223:Middlewares/Third_Party/FreeRTOS/Source/portable/GCC/ARM_CM4F/portmacro.h **** }
 6780              		.loc 2 223 2 discriminator 2 view .LVU1921
 223:Middlewares/Third_Party/FreeRTOS/Source/portable/GCC/ARM_CM4F/portmacro.h **** }
 6781              		.loc 2 223 2 is_stmt 0 discriminator 2 view .LVU1922
 6782              		.thumb
 6783              		.syntax unified
 6784              	.LBE226:
 6785              	.LBE225:
4694:Middlewares/Third_Party/FreeRTOS/Source/tasks.c **** 			{
 6786              		.loc 1 4694 4 is_stmt 1 discriminator 2 view .LVU1923
4694:Middlewares/Third_Party/FreeRTOS/Source/tasks.c **** 			{
 6787              		.loc 1 4694 6 is_stmt 0 discriminator 2 view .LVU1924
 6788 0026 0CB1     		cbz	r4, .L542
4696:Middlewares/Third_Party/FreeRTOS/Source/tasks.c **** 			}
 6789              		.loc 1 4696 5 is_stmt 1 view .LVU1925
4696:Middlewares/Third_Party/FreeRTOS/Source/tasks.c **** 			}
 6790              		.loc 1 4696 42 is_stmt 0 view .LVU1926
 6791 0028 6B6D     		ldr	r3, [r5, #84]
4696:Middlewares/Third_Party/FreeRTOS/Source/tasks.c **** 			}
 6792              		.loc 1 4696 35 view .LVU1927
 6793 002a 2360     		str	r3, [r4]
 6794              	.L542:
4699:Middlewares/Third_Party/FreeRTOS/Source/tasks.c **** 			pxTCB->ucNotifyState = taskNOTIFICATION_RECEIVED;
 6795              		.loc 1 4699 4 is_stmt 1 view .LVU1928
4699:Middlewares/Third_Party/FreeRTOS/Source/tasks.c **** 			pxTCB->ucNotifyState = taskNOTIFICATION_RECEIVED;
 6796              		.loc 1 4699 26 is_stmt 0 view .LVU1929
 6797 002c 95F85830 		ldrb	r3, [r5, #88]	@ zero_extendqisi2
 6798 0030 DBB2     		uxtb	r3, r3
 6799              	.LVL487:
4700:Middlewares/Third_Party/FreeRTOS/Source/tasks.c **** 
 6800              		.loc 1 4700 4 is_stmt 1 view .LVU1930
4700:Middlewares/Third_Party/FreeRTOS/Source/tasks.c **** 
 6801              		.loc 1 4700 25 is_stmt 0 view .LVU1931
 6802 0032 0222     		movs	r2, #2
 6803 0034 85F85820 		strb	r2, [r5, #88]
4702:Middlewares/Third_Party/FreeRTOS/Source/tasks.c **** 			{
 6804              		.loc 1 4702 4 is_stmt 1 view .LVU1932
 6805 0038 7A1E     		subs	r2, r7, #1
 6806 003a 032A     		cmp	r2, #3
 6807 003c 0FD8     		bhi	.L543
 6808 003e DFE802F0 		tbb	[pc, r2]
 6809              	.L545:
 6810 0042 0B       		.byte	(.L548-.L545)/2
 6811 0043 15       		.byte	(.L547-.L545)/2
 6812 0044 19       		.byte	(.L546-.L545)/2
 6813 0045 1B       		.byte	(.L544-.L545)/2
 6814              	.LVL488:
 6815              		.p2align 1
 6816              	.L562:
 6817              	.LCFI59:
 6818              		.cfi_def_cfa_offset 0
 6819              		.cfi_restore 4
 6820              		.cfi_restore 5
ARM GAS  C:\Users\31005\AppData\Local\Temp\ccNQ0Tdy.s 			page 243


 6821              		.cfi_restore 6
 6822              		.cfi_restore 7
 6823              		.cfi_restore 8
 6824              		.cfi_restore 14
4670:Middlewares/Third_Party/FreeRTOS/Source/tasks.c **** 
 6825              		.loc 1 4670 3 view .LVU1933
 6826              	.LBB227:
 6827              	.LBI227:
 191:Middlewares/Third_Party/FreeRTOS/Source/portable/GCC/ARM_CM4F/portmacro.h **** {
 6828              		.loc 2 191 30 view .LVU1934
 6829              	.LBB228:
 193:Middlewares/Third_Party/FreeRTOS/Source/portable/GCC/ARM_CM4F/portmacro.h **** 
 6830              		.loc 2 193 1 view .LVU1935
 195:Middlewares/Third_Party/FreeRTOS/Source/portable/GCC/ARM_CM4F/portmacro.h **** 	(
 6831              		.loc 2 195 2 view .LVU1936
 6832              		.syntax unified
 6833              	@ 195 "Middlewares/Third_Party/FreeRTOS/Source/portable/GCC/ARM_CM4F/portmacro.h" 1
 6834 0046 4FF05003 			mov r3, #80												
 6835 004a 83F31188 		msr basepri, r3											
 6836 004e BFF36F8F 		isb														
 6837 0052 BFF34F8F 		dsb														
 6838              	
 6839              	@ 0 "" 2
 6840              	.LVL489:
 6841              		.thumb
 6842              		.syntax unified
 6843              	.L541:
 195:Middlewares/Third_Party/FreeRTOS/Source/portable/GCC/ARM_CM4F/portmacro.h **** 	(
 6844              		.loc 2 195 2 is_stmt 0 view .LVU1937
 6845              	.LBE228:
 6846              	.LBE227:
4670:Middlewares/Third_Party/FreeRTOS/Source/tasks.c **** 
 6847              		.loc 1 4670 3 is_stmt 1 discriminator 1 view .LVU1938
4670:Middlewares/Third_Party/FreeRTOS/Source/tasks.c **** 
 6848              		.loc 1 4670 3 discriminator 1 view .LVU1939
 6849 0056 FEE7     		b	.L541
 6850              	.LVL490:
 6851              	.L548:
 6852              	.LCFI60:
 6853              		.cfi_def_cfa_offset 24
 6854              		.cfi_offset 4, -24
 6855              		.cfi_offset 5, -20
 6856              		.cfi_offset 6, -16
 6857              		.cfi_offset 7, -12
 6858              		.cfi_offset 8, -8
 6859              		.cfi_offset 14, -4
4705:Middlewares/Third_Party/FreeRTOS/Source/tasks.c **** 					break;
 6860              		.loc 1 4705 6 view .LVU1940
4705:Middlewares/Third_Party/FreeRTOS/Source/tasks.c **** 					break;
 6861              		.loc 1 4705 11 is_stmt 0 view .LVU1941
 6862 0058 6A6D     		ldr	r2, [r5, #84]
4705:Middlewares/Third_Party/FreeRTOS/Source/tasks.c **** 					break;
 6863              		.loc 1 4705 29 view .LVU1942
 6864 005a 3243     		orrs	r2, r2, r6
 6865 005c 6A65     		str	r2, [r5, #84]
4706:Middlewares/Third_Party/FreeRTOS/Source/tasks.c **** 
 6866              		.loc 1 4706 6 is_stmt 1 view .LVU1943
ARM GAS  C:\Users\31005\AppData\Local\Temp\ccNQ0Tdy.s 			page 244


 6867              	.L543:
4734:Middlewares/Third_Party/FreeRTOS/Source/tasks.c **** 
 6868              		.loc 1 4734 31 view .LVU1944
4738:Middlewares/Third_Party/FreeRTOS/Source/tasks.c **** 			{
 6869              		.loc 1 4738 4 view .LVU1945
4738:Middlewares/Third_Party/FreeRTOS/Source/tasks.c **** 			{
 6870              		.loc 1 4738 6 is_stmt 0 view .LVU1946
 6871 005e 012B     		cmp	r3, #1
 6872 0060 0ED0     		beq	.L563
 6873 0062 0120     		movs	r0, #1
 6874              	.LVL491:
 6875              	.L549:
4773:Middlewares/Third_Party/FreeRTOS/Source/tasks.c **** 				}
 6876              		.loc 1 4773 30 is_stmt 1 view .LVU1947
4777:Middlewares/Third_Party/FreeRTOS/Source/tasks.c **** 
 6877              		.loc 1 4777 3 view .LVU1948
 6878              	.LBB229:
 6879              	.LBI229:
 227:Middlewares/Third_Party/FreeRTOS/Source/portable/GCC/ARM_CM4F/portmacro.h **** {
 6880              		.loc 2 227 30 view .LVU1949
 6881              	.LBB230:
 6882              		.loc 2 229 2 view .LVU1950
 6883              		.syntax unified
 6884              	@ 229 "Middlewares/Third_Party/FreeRTOS/Source/portable/GCC/ARM_CM4F/portmacro.h" 1
 6885 0064 88F31188 			msr basepri, r8	
 6886              	@ 0 "" 2
 6887              		.thumb
 6888              		.syntax unified
 6889              	.LBE230:
 6890              	.LBE229:
4779:Middlewares/Third_Party/FreeRTOS/Source/tasks.c **** 	}
 6891              		.loc 1 4779 3 view .LVU1951
4780:Middlewares/Third_Party/FreeRTOS/Source/tasks.c **** 
 6892              		.loc 1 4780 2 is_stmt 0 view .LVU1952
 6893 0068 BDE8F081 		pop	{r4, r5, r6, r7, r8, pc}
 6894              	.LVL492:
 6895              	.L547:
4709:Middlewares/Third_Party/FreeRTOS/Source/tasks.c **** 					break;
 6896              		.loc 1 4709 6 is_stmt 1 view .LVU1953
4709:Middlewares/Third_Party/FreeRTOS/Source/tasks.c **** 					break;
 6897              		.loc 1 4709 13 is_stmt 0 view .LVU1954
 6898 006c 6A6D     		ldr	r2, [r5, #84]
4709:Middlewares/Third_Party/FreeRTOS/Source/tasks.c **** 					break;
 6899              		.loc 1 4709 32 view .LVU1955
 6900 006e 0132     		adds	r2, r2, #1
 6901 0070 6A65     		str	r2, [r5, #84]
4710:Middlewares/Third_Party/FreeRTOS/Source/tasks.c **** 
 6902              		.loc 1 4710 6 is_stmt 1 view .LVU1956
 6903 0072 F4E7     		b	.L543
 6904              	.L546:
4713:Middlewares/Third_Party/FreeRTOS/Source/tasks.c **** 					break;
 6905              		.loc 1 4713 6 view .LVU1957
4713:Middlewares/Third_Party/FreeRTOS/Source/tasks.c **** 					break;
 6906              		.loc 1 4713 29 is_stmt 0 view .LVU1958
 6907 0074 6E65     		str	r6, [r5, #84]
4714:Middlewares/Third_Party/FreeRTOS/Source/tasks.c **** 
 6908              		.loc 1 4714 6 is_stmt 1 view .LVU1959
ARM GAS  C:\Users\31005\AppData\Local\Temp\ccNQ0Tdy.s 			page 245


 6909 0076 F2E7     		b	.L543
 6910              	.L544:
4717:Middlewares/Third_Party/FreeRTOS/Source/tasks.c **** 					{
 6911              		.loc 1 4717 6 view .LVU1960
4717:Middlewares/Third_Party/FreeRTOS/Source/tasks.c **** 					{
 6912              		.loc 1 4717 8 is_stmt 0 view .LVU1961
 6913 0078 022B     		cmp	r3, #2
 6914 007a 37D0     		beq	.L556
4719:Middlewares/Third_Party/FreeRTOS/Source/tasks.c **** 					}
 6915              		.loc 1 4719 7 is_stmt 1 view .LVU1962
4719:Middlewares/Third_Party/FreeRTOS/Source/tasks.c **** 					}
 6916              		.loc 1 4719 30 is_stmt 0 view .LVU1963
 6917 007c 6E65     		str	r6, [r5, #84]
 6918 007e EEE7     		b	.L543
 6919              	.L563:
4741:Middlewares/Third_Party/FreeRTOS/Source/tasks.c **** 
 6920              		.loc 1 4741 5 is_stmt 1 view .LVU1964
 6921 0080 AB6A     		ldr	r3, [r5, #40]
 6922              	.LVL493:
4741:Middlewares/Third_Party/FreeRTOS/Source/tasks.c **** 
 6923              		.loc 1 4741 5 is_stmt 0 view .LVU1965
 6924 0082 43B1     		cbz	r3, .L550
4741:Middlewares/Third_Party/FreeRTOS/Source/tasks.c **** 
 6925              		.loc 1 4741 5 is_stmt 1 view .LVU1966
 6926              	.LBB231:
 6927              	.LBI231:
 191:Middlewares/Third_Party/FreeRTOS/Source/portable/GCC/ARM_CM4F/portmacro.h **** {
 6928              		.loc 2 191 30 view .LVU1967
 6929              	.LBB232:
 193:Middlewares/Third_Party/FreeRTOS/Source/portable/GCC/ARM_CM4F/portmacro.h **** 
 6930              		.loc 2 193 1 view .LVU1968
 195:Middlewares/Third_Party/FreeRTOS/Source/portable/GCC/ARM_CM4F/portmacro.h **** 	(
 6931              		.loc 2 195 2 view .LVU1969
 6932              		.syntax unified
 6933              	@ 195 "Middlewares/Third_Party/FreeRTOS/Source/portable/GCC/ARM_CM4F/portmacro.h" 1
 6934 0084 4FF05003 			mov r3, #80												
 6935 0088 83F31188 		msr basepri, r3											
 6936 008c BFF36F8F 		isb														
 6937 0090 BFF34F8F 		dsb														
 6938              	
 6939              	@ 0 "" 2
 6940              	.LVL494:
 6941              		.thumb
 6942              		.syntax unified
 6943              	.L551:
 195:Middlewares/Third_Party/FreeRTOS/Source/portable/GCC/ARM_CM4F/portmacro.h **** 	(
 6944              		.loc 2 195 2 is_stmt 0 view .LVU1970
 6945              	.LBE232:
 6946              	.LBE231:
4741:Middlewares/Third_Party/FreeRTOS/Source/tasks.c **** 
 6947              		.loc 1 4741 5 is_stmt 1 discriminator 2 view .LVU1971
4741:Middlewares/Third_Party/FreeRTOS/Source/tasks.c **** 
 6948              		.loc 1 4741 5 discriminator 2 view .LVU1972
 6949 0094 FEE7     		b	.L551
 6950              	.L550:
4741:Middlewares/Third_Party/FreeRTOS/Source/tasks.c **** 
 6951              		.loc 1 4741 82 discriminator 2 view .LVU1973
ARM GAS  C:\Users\31005\AppData\Local\Temp\ccNQ0Tdy.s 			page 246


4743:Middlewares/Third_Party/FreeRTOS/Source/tasks.c **** 				{
 6952              		.loc 1 4743 5 discriminator 2 view .LVU1974
4743:Middlewares/Third_Party/FreeRTOS/Source/tasks.c **** 				{
 6953              		.loc 1 4743 30 is_stmt 0 discriminator 2 view .LVU1975
 6954 0096 174B     		ldr	r3, .L564
 6955 0098 1B68     		ldr	r3, [r3]
4743:Middlewares/Third_Party/FreeRTOS/Source/tasks.c **** 				{
 6956              		.loc 1 4743 7 discriminator 2 view .LVU1976
 6957 009a EBB9     		cbnz	r3, .L552
4745:Middlewares/Third_Party/FreeRTOS/Source/tasks.c **** 					prvAddTaskToReadyList( pxTCB );
 6958              		.loc 1 4745 6 is_stmt 1 view .LVU1977
4745:Middlewares/Third_Party/FreeRTOS/Source/tasks.c **** 					prvAddTaskToReadyList( pxTCB );
 6959              		.loc 1 4745 15 is_stmt 0 view .LVU1978
 6960 009c 2C1D     		adds	r4, r5, #4
 6961              	.LVL495:
4745:Middlewares/Third_Party/FreeRTOS/Source/tasks.c **** 					prvAddTaskToReadyList( pxTCB );
 6962              		.loc 1 4745 15 view .LVU1979
 6963 009e 2046     		mov	r0, r4
 6964 00a0 FFF7FEFF 		bl	uxListRemove
 6965              	.LVL496:
4746:Middlewares/Third_Party/FreeRTOS/Source/tasks.c **** 				}
 6966              		.loc 1 4746 6 is_stmt 1 view .LVU1980
4746:Middlewares/Third_Party/FreeRTOS/Source/tasks.c **** 				}
 6967              		.loc 1 4746 6 view .LVU1981
 6968 00a4 E86A     		ldr	r0, [r5, #44]
 6969 00a6 144B     		ldr	r3, .L564+4
 6970 00a8 1B68     		ldr	r3, [r3]
 6971 00aa 9842     		cmp	r0, r3
 6972 00ac 01D9     		bls	.L553
4746:Middlewares/Third_Party/FreeRTOS/Source/tasks.c **** 				}
 6973              		.loc 1 4746 6 discriminator 1 view .LVU1982
 6974 00ae 124B     		ldr	r3, .L564+4
 6975 00b0 1860     		str	r0, [r3]
 6976              	.L553:
4746:Middlewares/Third_Party/FreeRTOS/Source/tasks.c **** 				}
 6977              		.loc 1 4746 6 discriminator 3 view .LVU1983
4746:Middlewares/Third_Party/FreeRTOS/Source/tasks.c **** 				}
 6978              		.loc 1 4746 6 discriminator 3 view .LVU1984
 6979 00b2 00EB8000 		add	r0, r0, r0, lsl #2
 6980 00b6 2146     		mov	r1, r4
 6981 00b8 104B     		ldr	r3, .L564+8
 6982 00ba 03EB8000 		add	r0, r3, r0, lsl #2
 6983 00be FFF7FEFF 		bl	vListInsertEnd
 6984              	.LVL497:
4746:Middlewares/Third_Party/FreeRTOS/Source/tasks.c **** 				}
 6985              		.loc 1 4746 36 discriminator 3 view .LVU1985
 6986              	.L554:
4755:Middlewares/Third_Party/FreeRTOS/Source/tasks.c **** 				{
 6987              		.loc 1 4755 5 view .LVU1986
4755:Middlewares/Third_Party/FreeRTOS/Source/tasks.c **** 				{
 6988              		.loc 1 4755 14 is_stmt 0 view .LVU1987
 6989 00c2 EA6A     		ldr	r2, [r5, #44]
4755:Middlewares/Third_Party/FreeRTOS/Source/tasks.c **** 				{
 6990              		.loc 1 4755 41 view .LVU1988
 6991 00c4 0E4B     		ldr	r3, .L564+12
 6992 00c6 1B68     		ldr	r3, [r3]
 6993 00c8 DB6A     		ldr	r3, [r3, #44]
ARM GAS  C:\Users\31005\AppData\Local\Temp\ccNQ0Tdy.s 			page 247


4755:Middlewares/Third_Party/FreeRTOS/Source/tasks.c **** 				{
 6994              		.loc 1 4755 7 view .LVU1989
 6995 00ca 9A42     		cmp	r2, r3
 6996 00cc 10D9     		bls	.L558
4759:Middlewares/Third_Party/FreeRTOS/Source/tasks.c **** 					{
 6997              		.loc 1 4759 6 is_stmt 1 view .LVU1990
4759:Middlewares/Third_Party/FreeRTOS/Source/tasks.c **** 					{
 6998              		.loc 1 4759 8 is_stmt 0 view .LVU1991
 6999 00ce 069B     		ldr	r3, [sp, #24]
 7000 00d0 43B1     		cbz	r3, .L555
4761:Middlewares/Third_Party/FreeRTOS/Source/tasks.c **** 					}
 7001              		.loc 1 4761 7 is_stmt 1 view .LVU1992
4761:Middlewares/Third_Party/FreeRTOS/Source/tasks.c **** 					}
 7002              		.loc 1 4761 34 is_stmt 0 view .LVU1993
 7003 00d2 0120     		movs	r0, #1
 7004 00d4 1860     		str	r0, [r3]
 7005 00d6 C5E7     		b	.L549
 7006              	.LVL498:
 7007              	.L552:
4752:Middlewares/Third_Party/FreeRTOS/Source/tasks.c **** 				}
 7008              		.loc 1 4752 6 is_stmt 1 view .LVU1994
 7009 00d8 05F11801 		add	r1, r5, #24
 7010 00dc 0948     		ldr	r0, .L564+16
 7011 00de FFF7FEFF 		bl	vListInsertEnd
 7012              	.LVL499:
 7013 00e2 EEE7     		b	.L554
 7014              	.LVL500:
 7015              	.L555:
4768:Middlewares/Third_Party/FreeRTOS/Source/tasks.c **** 					}
 7016              		.loc 1 4768 7 view .LVU1995
4768:Middlewares/Third_Party/FreeRTOS/Source/tasks.c **** 					}
 7017              		.loc 1 4768 21 is_stmt 0 view .LVU1996
 7018 00e4 0120     		movs	r0, #1
 7019 00e6 084B     		ldr	r3, .L564+20
 7020 00e8 1860     		str	r0, [r3]
 7021 00ea BBE7     		b	.L549
 7022              	.LVL501:
 7023              	.L556:
4724:Middlewares/Third_Party/FreeRTOS/Source/tasks.c **** 					}
 7024              		.loc 1 4724 15 view .LVU1997
 7025 00ec 0020     		movs	r0, #0
 7026 00ee B9E7     		b	.L549
 7027              	.LVL502:
 7028              	.L558:
4724:Middlewares/Third_Party/FreeRTOS/Source/tasks.c **** 					}
 7029              		.loc 1 4724 15 view .LVU1998
 7030 00f0 0120     		movs	r0, #1
 7031 00f2 B7E7     		b	.L549
 7032              	.L565:
 7033              		.align	2
 7034              	.L564:
 7035 00f4 00000000 		.word	uxSchedulerSuspended
 7036 00f8 00000000 		.word	uxTopReadyPriority
 7037 00fc 00000000 		.word	pxReadyTasksLists
 7038 0100 00000000 		.word	pxCurrentTCB
 7039 0104 00000000 		.word	xPendingReadyList
 7040 0108 00000000 		.word	xYieldPending
ARM GAS  C:\Users\31005\AppData\Local\Temp\ccNQ0Tdy.s 			page 248


 7041              		.cfi_endproc
 7042              	.LFE60:
 7044              		.section	.text.vTaskNotifyGiveFromISR,"ax",%progbits
 7045              		.align	1
 7046              		.global	vTaskNotifyGiveFromISR
 7047              		.syntax unified
 7048              		.thumb
 7049              		.thumb_func
 7051              	vTaskNotifyGiveFromISR:
 7052              	.LVL503:
 7053              	.LFB61:
4788:Middlewares/Third_Party/FreeRTOS/Source/tasks.c **** 	TCB_t * pxTCB;
 7054              		.loc 1 4788 2 is_stmt 1 view -0
 7055              		.cfi_startproc
 7056              		@ args = 0, pretend = 0, frame = 0
 7057              		@ frame_needed = 0, uses_anonymous_args = 0
4788:Middlewares/Third_Party/FreeRTOS/Source/tasks.c **** 	TCB_t * pxTCB;
 7058              		.loc 1 4788 2 is_stmt 0 view .LVU2000
 7059 0000 F8B5     		push	{r3, r4, r5, r6, r7, lr}
 7060              	.LCFI61:
 7061              		.cfi_def_cfa_offset 24
 7062              		.cfi_offset 3, -24
 7063              		.cfi_offset 4, -20
 7064              		.cfi_offset 5, -16
 7065              		.cfi_offset 6, -12
 7066              		.cfi_offset 7, -8
 7067              		.cfi_offset 14, -4
4789:Middlewares/Third_Party/FreeRTOS/Source/tasks.c **** 	uint8_t ucOriginalNotifyState;
 7068              		.loc 1 4789 2 is_stmt 1 view .LVU2001
4790:Middlewares/Third_Party/FreeRTOS/Source/tasks.c **** 	UBaseType_t uxSavedInterruptStatus;
 7069              		.loc 1 4790 2 view .LVU2002
4791:Middlewares/Third_Party/FreeRTOS/Source/tasks.c **** 
 7070              		.loc 1 4791 2 view .LVU2003
4793:Middlewares/Third_Party/FreeRTOS/Source/tasks.c **** 
 7071              		.loc 1 4793 3 view .LVU2004
 7072 0002 E0B1     		cbz	r0, .L577
 7073 0004 0D46     		mov	r5, r1
 7074 0006 0446     		mov	r4, r0
4793:Middlewares/Third_Party/FreeRTOS/Source/tasks.c **** 
 7075              		.loc 1 4793 32 discriminator 2 view .LVU2005
4811:Middlewares/Third_Party/FreeRTOS/Source/tasks.c **** 
 7076              		.loc 1 4811 3 discriminator 2 view .LVU2006
 7077 0008 FFF7FEFF 		bl	vPortValidateInterruptPriority
 7078              	.LVL504:
4813:Middlewares/Third_Party/FreeRTOS/Source/tasks.c **** 
 7079              		.loc 1 4813 3 discriminator 2 view .LVU2007
4815:Middlewares/Third_Party/FreeRTOS/Source/tasks.c **** 		{
 7080              		.loc 1 4815 3 discriminator 2 view .LVU2008
 7081              	.LBB233:
 7082              	.LBI233:
 207:Middlewares/Third_Party/FreeRTOS/Source/portable/GCC/ARM_CM4F/portmacro.h **** {
 7083              		.loc 2 207 34 discriminator 2 view .LVU2009
 7084              	.LBB234:
 209:Middlewares/Third_Party/FreeRTOS/Source/portable/GCC/ARM_CM4F/portmacro.h **** 
 7085              		.loc 2 209 1 discriminator 2 view .LVU2010
 211:Middlewares/Third_Party/FreeRTOS/Source/portable/GCC/ARM_CM4F/portmacro.h **** 	(
 7086              		.loc 2 211 2 discriminator 2 view .LVU2011
ARM GAS  C:\Users\31005\AppData\Local\Temp\ccNQ0Tdy.s 			page 249


 7087              		.syntax unified
 7088              	@ 211 "Middlewares/Third_Party/FreeRTOS/Source/portable/GCC/ARM_CM4F/portmacro.h" 1
 7089 000c EFF31183 			mrs r3, basepri											
 7090 0010 4FF05002 		mov r2, #80												
 7091 0014 82F31188 		msr basepri, r2											
 7092 0018 BFF36F8F 		isb														
 7093 001c BFF34F8F 		dsb														
 7094              	
 7095              	@ 0 "" 2
 7096              		.thumb
 7097              		.syntax unified
 7098 0020 1E46     		mov	r6, r3
 7099              	.LVL505:
 223:Middlewares/Third_Party/FreeRTOS/Source/portable/GCC/ARM_CM4F/portmacro.h **** }
 7100              		.loc 2 223 2 discriminator 2 view .LVU2012
 223:Middlewares/Third_Party/FreeRTOS/Source/portable/GCC/ARM_CM4F/portmacro.h **** }
 7101              		.loc 2 223 2 is_stmt 0 discriminator 2 view .LVU2013
 7102              	.LBE234:
 7103              	.LBE233:
4817:Middlewares/Third_Party/FreeRTOS/Source/tasks.c **** 			pxTCB->ucNotifyState = taskNOTIFICATION_RECEIVED;
 7104              		.loc 1 4817 4 is_stmt 1 discriminator 2 view .LVU2014
4817:Middlewares/Third_Party/FreeRTOS/Source/tasks.c **** 			pxTCB->ucNotifyState = taskNOTIFICATION_RECEIVED;
 7105              		.loc 1 4817 26 is_stmt 0 discriminator 2 view .LVU2015
 7106 0022 94F85830 		ldrb	r3, [r4, #88]	@ zero_extendqisi2
 7107              	.LVL506:
4817:Middlewares/Third_Party/FreeRTOS/Source/tasks.c **** 			pxTCB->ucNotifyState = taskNOTIFICATION_RECEIVED;
 7108              		.loc 1 4817 26 discriminator 2 view .LVU2016
 7109 0026 DBB2     		uxtb	r3, r3
 7110              	.LVL507:
4818:Middlewares/Third_Party/FreeRTOS/Source/tasks.c **** 
 7111              		.loc 1 4818 4 is_stmt 1 discriminator 2 view .LVU2017
4818:Middlewares/Third_Party/FreeRTOS/Source/tasks.c **** 
 7112              		.loc 1 4818 25 is_stmt 0 discriminator 2 view .LVU2018
 7113 0028 0222     		movs	r2, #2
 7114 002a 84F85820 		strb	r2, [r4, #88]
4822:Middlewares/Third_Party/FreeRTOS/Source/tasks.c **** 
 7115              		.loc 1 4822 4 is_stmt 1 discriminator 2 view .LVU2019
4822:Middlewares/Third_Party/FreeRTOS/Source/tasks.c **** 
 7116              		.loc 1 4822 11 is_stmt 0 discriminator 2 view .LVU2020
 7117 002e 626D     		ldr	r2, [r4, #84]
4822:Middlewares/Third_Party/FreeRTOS/Source/tasks.c **** 
 7118              		.loc 1 4822 30 discriminator 2 view .LVU2021
 7119 0030 0132     		adds	r2, r2, #1
 7120 0032 6265     		str	r2, [r4, #84]
4824:Middlewares/Third_Party/FreeRTOS/Source/tasks.c **** 
 7121              		.loc 1 4824 36 is_stmt 1 discriminator 2 view .LVU2022
4828:Middlewares/Third_Party/FreeRTOS/Source/tasks.c **** 			{
 7122              		.loc 1 4828 4 discriminator 2 view .LVU2023
4828:Middlewares/Third_Party/FreeRTOS/Source/tasks.c **** 			{
 7123              		.loc 1 4828 6 is_stmt 0 discriminator 2 view .LVU2024
 7124 0034 012B     		cmp	r3, #1
 7125 0036 0BD0     		beq	.L578
 7126              	.LVL508:
 7127              	.L569:
4863:Middlewares/Third_Party/FreeRTOS/Source/tasks.c **** 				}
 7128              		.loc 1 4863 30 is_stmt 1 view .LVU2025
4867:Middlewares/Third_Party/FreeRTOS/Source/tasks.c **** 	}
ARM GAS  C:\Users\31005\AppData\Local\Temp\ccNQ0Tdy.s 			page 250


 7129              		.loc 1 4867 3 view .LVU2026
 7130              	.LBB235:
 7131              	.LBI235:
 227:Middlewares/Third_Party/FreeRTOS/Source/portable/GCC/ARM_CM4F/portmacro.h **** {
 7132              		.loc 2 227 30 view .LVU2027
 7133              	.LBB236:
 7134              		.loc 2 229 2 view .LVU2028
 7135              		.syntax unified
 7136              	@ 229 "Middlewares/Third_Party/FreeRTOS/Source/portable/GCC/ARM_CM4F/portmacro.h" 1
 7137 0038 86F31188 			msr basepri, r6	
 7138              	@ 0 "" 2
 7139              		.thumb
 7140              		.syntax unified
 7141              	.LBE236:
 7142              	.LBE235:
4868:Middlewares/Third_Party/FreeRTOS/Source/tasks.c **** 
 7143              		.loc 1 4868 2 is_stmt 0 view .LVU2029
 7144 003c F8BD     		pop	{r3, r4, r5, r6, r7, pc}
 7145              	.LVL509:
 7146              	.L577:
4793:Middlewares/Third_Party/FreeRTOS/Source/tasks.c **** 
 7147              		.loc 1 4793 3 is_stmt 1 view .LVU2030
 7148              	.LBB237:
 7149              	.LBI237:
 191:Middlewares/Third_Party/FreeRTOS/Source/portable/GCC/ARM_CM4F/portmacro.h **** {
 7150              		.loc 2 191 30 view .LVU2031
 7151              	.LBB238:
 193:Middlewares/Third_Party/FreeRTOS/Source/portable/GCC/ARM_CM4F/portmacro.h **** 
 7152              		.loc 2 193 1 view .LVU2032
 195:Middlewares/Third_Party/FreeRTOS/Source/portable/GCC/ARM_CM4F/portmacro.h **** 	(
 7153              		.loc 2 195 2 view .LVU2033
 7154              		.syntax unified
 7155              	@ 195 "Middlewares/Third_Party/FreeRTOS/Source/portable/GCC/ARM_CM4F/portmacro.h" 1
 7156 003e 4FF05003 			mov r3, #80												
 7157 0042 83F31188 		msr basepri, r3											
 7158 0046 BFF36F8F 		isb														
 7159 004a BFF34F8F 		dsb														
 7160              	
 7161              	@ 0 "" 2
 7162              	.LVL510:
 7163              		.thumb
 7164              		.syntax unified
 7165              	.L568:
 195:Middlewares/Third_Party/FreeRTOS/Source/portable/GCC/ARM_CM4F/portmacro.h **** 	(
 7166              		.loc 2 195 2 is_stmt 0 view .LVU2034
 7167              	.LBE238:
 7168              	.LBE237:
4793:Middlewares/Third_Party/FreeRTOS/Source/tasks.c **** 
 7169              		.loc 1 4793 3 is_stmt 1 discriminator 1 view .LVU2035
4793:Middlewares/Third_Party/FreeRTOS/Source/tasks.c **** 
 7170              		.loc 1 4793 3 discriminator 1 view .LVU2036
 7171 004e FEE7     		b	.L568
 7172              	.LVL511:
 7173              	.L578:
4831:Middlewares/Third_Party/FreeRTOS/Source/tasks.c **** 
 7174              		.loc 1 4831 5 view .LVU2037
 7175 0050 A36A     		ldr	r3, [r4, #40]
ARM GAS  C:\Users\31005\AppData\Local\Temp\ccNQ0Tdy.s 			page 251


 7176              	.LVL512:
4831:Middlewares/Third_Party/FreeRTOS/Source/tasks.c **** 
 7177              		.loc 1 4831 5 is_stmt 0 view .LVU2038
 7178 0052 43B1     		cbz	r3, .L570
4831:Middlewares/Third_Party/FreeRTOS/Source/tasks.c **** 
 7179              		.loc 1 4831 5 is_stmt 1 view .LVU2039
 7180              	.LBB239:
 7181              	.LBI239:
 191:Middlewares/Third_Party/FreeRTOS/Source/portable/GCC/ARM_CM4F/portmacro.h **** {
 7182              		.loc 2 191 30 view .LVU2040
 7183              	.LBB240:
 193:Middlewares/Third_Party/FreeRTOS/Source/portable/GCC/ARM_CM4F/portmacro.h **** 
 7184              		.loc 2 193 1 view .LVU2041
 195:Middlewares/Third_Party/FreeRTOS/Source/portable/GCC/ARM_CM4F/portmacro.h **** 	(
 7185              		.loc 2 195 2 view .LVU2042
 7186              		.syntax unified
 7187              	@ 195 "Middlewares/Third_Party/FreeRTOS/Source/portable/GCC/ARM_CM4F/portmacro.h" 1
 7188 0054 4FF05003 			mov r3, #80												
 7189 0058 83F31188 		msr basepri, r3											
 7190 005c BFF36F8F 		isb														
 7191 0060 BFF34F8F 		dsb														
 7192              	
 7193              	@ 0 "" 2
 7194              	.LVL513:
 7195              		.thumb
 7196              		.syntax unified
 7197              	.L571:
 195:Middlewares/Third_Party/FreeRTOS/Source/portable/GCC/ARM_CM4F/portmacro.h **** 	(
 7198              		.loc 2 195 2 is_stmt 0 view .LVU2043
 7199              	.LBE240:
 7200              	.LBE239:
4831:Middlewares/Third_Party/FreeRTOS/Source/tasks.c **** 
 7201              		.loc 1 4831 5 is_stmt 1 discriminator 2 view .LVU2044
4831:Middlewares/Third_Party/FreeRTOS/Source/tasks.c **** 
 7202              		.loc 1 4831 5 discriminator 2 view .LVU2045
 7203 0064 FEE7     		b	.L571
 7204              	.L570:
4831:Middlewares/Third_Party/FreeRTOS/Source/tasks.c **** 
 7205              		.loc 1 4831 82 discriminator 2 view .LVU2046
4833:Middlewares/Third_Party/FreeRTOS/Source/tasks.c **** 				{
 7206              		.loc 1 4833 5 discriminator 2 view .LVU2047
4833:Middlewares/Third_Party/FreeRTOS/Source/tasks.c **** 				{
 7207              		.loc 1 4833 30 is_stmt 0 discriminator 2 view .LVU2048
 7208 0066 154B     		ldr	r3, .L579
 7209 0068 1B68     		ldr	r3, [r3]
4833:Middlewares/Third_Party/FreeRTOS/Source/tasks.c **** 				{
 7210              		.loc 1 4833 7 discriminator 2 view .LVU2049
 7211 006a E3B9     		cbnz	r3, .L572
4835:Middlewares/Third_Party/FreeRTOS/Source/tasks.c **** 					prvAddTaskToReadyList( pxTCB );
 7212              		.loc 1 4835 6 is_stmt 1 view .LVU2050
4835:Middlewares/Third_Party/FreeRTOS/Source/tasks.c **** 					prvAddTaskToReadyList( pxTCB );
 7213              		.loc 1 4835 15 is_stmt 0 view .LVU2051
 7214 006c 271D     		adds	r7, r4, #4
 7215 006e 3846     		mov	r0, r7
 7216 0070 FFF7FEFF 		bl	uxListRemove
 7217              	.LVL514:
4836:Middlewares/Third_Party/FreeRTOS/Source/tasks.c **** 				}
ARM GAS  C:\Users\31005\AppData\Local\Temp\ccNQ0Tdy.s 			page 252


 7218              		.loc 1 4836 6 is_stmt 1 view .LVU2052
4836:Middlewares/Third_Party/FreeRTOS/Source/tasks.c **** 				}
 7219              		.loc 1 4836 6 view .LVU2053
 7220 0074 E06A     		ldr	r0, [r4, #44]
 7221 0076 124B     		ldr	r3, .L579+4
 7222 0078 1B68     		ldr	r3, [r3]
 7223 007a 9842     		cmp	r0, r3
 7224 007c 01D9     		bls	.L573
4836:Middlewares/Third_Party/FreeRTOS/Source/tasks.c **** 				}
 7225              		.loc 1 4836 6 discriminator 1 view .LVU2054
 7226 007e 104B     		ldr	r3, .L579+4
 7227 0080 1860     		str	r0, [r3]
 7228              	.L573:
4836:Middlewares/Third_Party/FreeRTOS/Source/tasks.c **** 				}
 7229              		.loc 1 4836 6 discriminator 3 view .LVU2055
4836:Middlewares/Third_Party/FreeRTOS/Source/tasks.c **** 				}
 7230              		.loc 1 4836 6 discriminator 3 view .LVU2056
 7231 0082 00EB8000 		add	r0, r0, r0, lsl #2
 7232 0086 3946     		mov	r1, r7
 7233 0088 0E4B     		ldr	r3, .L579+8
 7234 008a 03EB8000 		add	r0, r3, r0, lsl #2
 7235 008e FFF7FEFF 		bl	vListInsertEnd
 7236              	.LVL515:
4836:Middlewares/Third_Party/FreeRTOS/Source/tasks.c **** 				}
 7237              		.loc 1 4836 36 discriminator 3 view .LVU2057
 7238              	.L574:
4845:Middlewares/Third_Party/FreeRTOS/Source/tasks.c **** 				{
 7239              		.loc 1 4845 5 view .LVU2058
4845:Middlewares/Third_Party/FreeRTOS/Source/tasks.c **** 				{
 7240              		.loc 1 4845 14 is_stmt 0 view .LVU2059
 7241 0092 E26A     		ldr	r2, [r4, #44]
4845:Middlewares/Third_Party/FreeRTOS/Source/tasks.c **** 				{
 7242              		.loc 1 4845 41 view .LVU2060
 7243 0094 0C4B     		ldr	r3, .L579+12
 7244 0096 1B68     		ldr	r3, [r3]
 7245 0098 DB6A     		ldr	r3, [r3, #44]
4845:Middlewares/Third_Party/FreeRTOS/Source/tasks.c **** 				{
 7246              		.loc 1 4845 7 view .LVU2061
 7247 009a 9A42     		cmp	r2, r3
 7248 009c CCD9     		bls	.L569
4849:Middlewares/Third_Party/FreeRTOS/Source/tasks.c **** 					{
 7249              		.loc 1 4849 6 is_stmt 1 view .LVU2062
4849:Middlewares/Third_Party/FreeRTOS/Source/tasks.c **** 					{
 7250              		.loc 1 4849 8 is_stmt 0 view .LVU2063
 7251 009e 45B1     		cbz	r5, .L575
4851:Middlewares/Third_Party/FreeRTOS/Source/tasks.c **** 					}
 7252              		.loc 1 4851 7 is_stmt 1 view .LVU2064
4851:Middlewares/Third_Party/FreeRTOS/Source/tasks.c **** 					}
 7253              		.loc 1 4851 34 is_stmt 0 view .LVU2065
 7254 00a0 0123     		movs	r3, #1
 7255 00a2 2B60     		str	r3, [r5]
 7256 00a4 C8E7     		b	.L569
 7257              	.L572:
4842:Middlewares/Third_Party/FreeRTOS/Source/tasks.c **** 				}
 7258              		.loc 1 4842 6 is_stmt 1 view .LVU2066
 7259 00a6 04F11801 		add	r1, r4, #24
 7260 00aa 0848     		ldr	r0, .L579+16
ARM GAS  C:\Users\31005\AppData\Local\Temp\ccNQ0Tdy.s 			page 253


 7261 00ac FFF7FEFF 		bl	vListInsertEnd
 7262              	.LVL516:
 7263 00b0 EFE7     		b	.L574
 7264              	.L575:
4858:Middlewares/Third_Party/FreeRTOS/Source/tasks.c **** 					}
 7265              		.loc 1 4858 7 view .LVU2067
4858:Middlewares/Third_Party/FreeRTOS/Source/tasks.c **** 					}
 7266              		.loc 1 4858 21 is_stmt 0 view .LVU2068
 7267 00b2 074B     		ldr	r3, .L579+20
 7268 00b4 0122     		movs	r2, #1
 7269 00b6 1A60     		str	r2, [r3]
 7270 00b8 BEE7     		b	.L569
 7271              	.L580:
 7272 00ba 00BF     		.align	2
 7273              	.L579:
 7274 00bc 00000000 		.word	uxSchedulerSuspended
 7275 00c0 00000000 		.word	uxTopReadyPriority
 7276 00c4 00000000 		.word	pxReadyTasksLists
 7277 00c8 00000000 		.word	pxCurrentTCB
 7278 00cc 00000000 		.word	xPendingReadyList
 7279 00d0 00000000 		.word	xYieldPending
 7280              		.cfi_endproc
 7281              	.LFE61:
 7283              		.section	.text.xTaskNotifyStateClear,"ax",%progbits
 7284              		.align	1
 7285              		.global	xTaskNotifyStateClear
 7286              		.syntax unified
 7287              		.thumb
 7288              		.thumb_func
 7290              	xTaskNotifyStateClear:
 7291              	.LVL517:
 7292              	.LFB62:
4877:Middlewares/Third_Party/FreeRTOS/Source/tasks.c **** 	TCB_t *pxTCB;
 7293              		.loc 1 4877 2 is_stmt 1 view -0
 7294              		.cfi_startproc
 7295              		@ args = 0, pretend = 0, frame = 0
 7296              		@ frame_needed = 0, uses_anonymous_args = 0
4877:Middlewares/Third_Party/FreeRTOS/Source/tasks.c **** 	TCB_t *pxTCB;
 7297              		.loc 1 4877 2 is_stmt 0 view .LVU2070
 7298 0000 10B5     		push	{r4, lr}
 7299              	.LCFI62:
 7300              		.cfi_def_cfa_offset 8
 7301              		.cfi_offset 4, -8
 7302              		.cfi_offset 14, -4
4878:Middlewares/Third_Party/FreeRTOS/Source/tasks.c **** 	BaseType_t xReturn;
 7303              		.loc 1 4878 2 is_stmt 1 view .LVU2071
4879:Middlewares/Third_Party/FreeRTOS/Source/tasks.c **** 
 7304              		.loc 1 4879 2 view .LVU2072
4883:Middlewares/Third_Party/FreeRTOS/Source/tasks.c **** 
 7305              		.loc 1 4883 3 view .LVU2073
4883:Middlewares/Third_Party/FreeRTOS/Source/tasks.c **** 
 7306              		.loc 1 4883 11 is_stmt 0 view .LVU2074
 7307 0002 0446     		mov	r4, r0
 7308 0004 58B1     		cbz	r0, .L586
 7309              	.LVL518:
 7310              	.L582:
4885:Middlewares/Third_Party/FreeRTOS/Source/tasks.c **** 		{
ARM GAS  C:\Users\31005\AppData\Local\Temp\ccNQ0Tdy.s 			page 254


 7311              		.loc 1 4885 3 is_stmt 1 discriminator 4 view .LVU2075
 7312 0006 FFF7FEFF 		bl	vPortEnterCritical
 7313              	.LVL519:
4887:Middlewares/Third_Party/FreeRTOS/Source/tasks.c **** 			{
 7314              		.loc 1 4887 4 discriminator 4 view .LVU2076
4887:Middlewares/Third_Party/FreeRTOS/Source/tasks.c **** 			{
 7315              		.loc 1 4887 13 is_stmt 0 discriminator 4 view .LVU2077
 7316 000a 94F85830 		ldrb	r3, [r4, #88]	@ zero_extendqisi2
 7317 000e DBB2     		uxtb	r3, r3
4887:Middlewares/Third_Party/FreeRTOS/Source/tasks.c **** 			{
 7318              		.loc 1 4887 6 discriminator 4 view .LVU2078
 7319 0010 022B     		cmp	r3, #2
 7320 0012 07D0     		beq	.L587
4894:Middlewares/Third_Party/FreeRTOS/Source/tasks.c **** 			}
 7321              		.loc 1 4894 13 view .LVU2079
 7322 0014 0024     		movs	r4, #0
 7323              	.LVL520:
 7324              	.L583:
4897:Middlewares/Third_Party/FreeRTOS/Source/tasks.c **** 
 7325              		.loc 1 4897 3 is_stmt 1 view .LVU2080
 7326 0016 FFF7FEFF 		bl	vPortExitCritical
 7327              	.LVL521:
4899:Middlewares/Third_Party/FreeRTOS/Source/tasks.c **** 	}
 7328              		.loc 1 4899 3 view .LVU2081
4900:Middlewares/Third_Party/FreeRTOS/Source/tasks.c **** 
 7329              		.loc 1 4900 2 is_stmt 0 view .LVU2082
 7330 001a 2046     		mov	r0, r4
 7331 001c 10BD     		pop	{r4, pc}
 7332              	.LVL522:
 7333              	.L586:
4883:Middlewares/Third_Party/FreeRTOS/Source/tasks.c **** 
 7334              		.loc 1 4883 11 discriminator 1 view .LVU2083
 7335 001e 044B     		ldr	r3, .L588
 7336 0020 1C68     		ldr	r4, [r3]
 7337              	.LVL523:
4883:Middlewares/Third_Party/FreeRTOS/Source/tasks.c **** 
 7338              		.loc 1 4883 11 discriminator 1 view .LVU2084
 7339 0022 F0E7     		b	.L582
 7340              	.LVL524:
 7341              	.L587:
4889:Middlewares/Third_Party/FreeRTOS/Source/tasks.c **** 				xReturn = pdPASS;
 7342              		.loc 1 4889 5 is_stmt 1 view .LVU2085
4889:Middlewares/Third_Party/FreeRTOS/Source/tasks.c **** 				xReturn = pdPASS;
 7343              		.loc 1 4889 26 is_stmt 0 view .LVU2086
 7344 0024 0023     		movs	r3, #0
 7345 0026 84F85830 		strb	r3, [r4, #88]
4890:Middlewares/Third_Party/FreeRTOS/Source/tasks.c **** 			}
 7346              		.loc 1 4890 5 is_stmt 1 view .LVU2087
 7347              	.LVL525:
4890:Middlewares/Third_Party/FreeRTOS/Source/tasks.c **** 			}
 7348              		.loc 1 4890 13 is_stmt 0 view .LVU2088
 7349 002a 0124     		movs	r4, #1
 7350              	.LVL526:
4890:Middlewares/Third_Party/FreeRTOS/Source/tasks.c **** 			}
 7351              		.loc 1 4890 13 view .LVU2089
 7352 002c F3E7     		b	.L583
 7353              	.L589:
ARM GAS  C:\Users\31005\AppData\Local\Temp\ccNQ0Tdy.s 			page 255


 7354 002e 00BF     		.align	2
 7355              	.L588:
 7356 0030 00000000 		.word	pxCurrentTCB
 7357              		.cfi_endproc
 7358              	.LFE62:
 7360              		.section	.bss.uxSchedulerSuspended,"aw",%nobits
 7361              		.align	2
 7364              	uxSchedulerSuspended:
 7365 0000 00000000 		.space	4
 7366              		.section	.bss.xIdleTaskHandle,"aw",%nobits
 7367              		.align	2
 7370              	xIdleTaskHandle:
 7371 0000 00000000 		.space	4
 7372              		.section	.bss.xNextTaskUnblockTime,"aw",%nobits
 7373              		.align	2
 7376              	xNextTaskUnblockTime:
 7377 0000 00000000 		.space	4
 7378              		.section	.bss.uxTaskNumber,"aw",%nobits
 7379              		.align	2
 7382              	uxTaskNumber:
 7383 0000 00000000 		.space	4
 7384              		.section	.bss.xNumOfOverflows,"aw",%nobits
 7385              		.align	2
 7388              	xNumOfOverflows:
 7389 0000 00000000 		.space	4
 7390              		.section	.bss.xYieldPending,"aw",%nobits
 7391              		.align	2
 7394              	xYieldPending:
 7395 0000 00000000 		.space	4
 7396              		.section	.bss.uxPendedTicks,"aw",%nobits
 7397              		.align	2
 7400              	uxPendedTicks:
 7401 0000 00000000 		.space	4
 7402              		.section	.bss.xSchedulerRunning,"aw",%nobits
 7403              		.align	2
 7406              	xSchedulerRunning:
 7407 0000 00000000 		.space	4
 7408              		.section	.bss.uxTopReadyPriority,"aw",%nobits
 7409              		.align	2
 7412              	uxTopReadyPriority:
 7413 0000 00000000 		.space	4
 7414              		.section	.bss.xTickCount,"aw",%nobits
 7415              		.align	2
 7418              	xTickCount:
 7419 0000 00000000 		.space	4
 7420              		.section	.bss.uxCurrentNumberOfTasks,"aw",%nobits
 7421              		.align	2
 7424              	uxCurrentNumberOfTasks:
 7425 0000 00000000 		.space	4
 7426              		.section	.bss.xSuspendedTaskList,"aw",%nobits
 7427              		.align	2
 7430              	xSuspendedTaskList:
 7431 0000 00000000 		.space	20
 7431      00000000 
 7431      00000000 
 7431      00000000 
 7431      00000000 
ARM GAS  C:\Users\31005\AppData\Local\Temp\ccNQ0Tdy.s 			page 256


 7432              		.section	.bss.uxDeletedTasksWaitingCleanUp,"aw",%nobits
 7433              		.align	2
 7436              	uxDeletedTasksWaitingCleanUp:
 7437 0000 00000000 		.space	4
 7438              		.section	.bss.xTasksWaitingTermination,"aw",%nobits
 7439              		.align	2
 7442              	xTasksWaitingTermination:
 7443 0000 00000000 		.space	20
 7443      00000000 
 7443      00000000 
 7443      00000000 
 7443      00000000 
 7444              		.section	.bss.xPendingReadyList,"aw",%nobits
 7445              		.align	2
 7448              	xPendingReadyList:
 7449 0000 00000000 		.space	20
 7449      00000000 
 7449      00000000 
 7449      00000000 
 7449      00000000 
 7450              		.section	.bss.pxOverflowDelayedTaskList,"aw",%nobits
 7451              		.align	2
 7454              	pxOverflowDelayedTaskList:
 7455 0000 00000000 		.space	4
 7456              		.section	.bss.pxDelayedTaskList,"aw",%nobits
 7457              		.align	2
 7460              	pxDelayedTaskList:
 7461 0000 00000000 		.space	4
 7462              		.section	.bss.xDelayedTaskList2,"aw",%nobits
 7463              		.align	2
 7466              	xDelayedTaskList2:
 7467 0000 00000000 		.space	20
 7467      00000000 
 7467      00000000 
 7467      00000000 
 7467      00000000 
 7468              		.section	.bss.xDelayedTaskList1,"aw",%nobits
 7469              		.align	2
 7472              	xDelayedTaskList1:
 7473 0000 00000000 		.space	20
 7473      00000000 
 7473      00000000 
 7473      00000000 
 7473      00000000 
 7474              		.section	.bss.pxReadyTasksLists,"aw",%nobits
 7475              		.align	2
 7478              	pxReadyTasksLists:
 7479 0000 00000000 		.space	1120
 7479      00000000 
 7479      00000000 
 7479      00000000 
 7479      00000000 
 7480              		.global	pxCurrentTCB
 7481              		.section	.bss.pxCurrentTCB,"aw",%nobits
 7482              		.align	2
 7485              	pxCurrentTCB:
 7486 0000 00000000 		.space	4
ARM GAS  C:\Users\31005\AppData\Local\Temp\ccNQ0Tdy.s 			page 257


 7487              		.text
 7488              	.Letext0:
 7489              		.file 3 "e:\\vscode\\msys2\\mingw64\\lib\\gcc\\arm-none-eabi\\12.2.0\\include\\stddef.h"
 7490              		.file 4 "e:\\vscode\\msys2\\mingw64\\arm-none-eabi\\include\\machine\\_default_types.h"
 7491              		.file 5 "e:\\vscode\\msys2\\mingw64\\arm-none-eabi\\include\\sys\\_stdint.h"
 7492              		.file 6 "Middlewares/Third_Party/FreeRTOS/Source/include/projdefs.h"
 7493              		.file 7 "Middlewares/Third_Party/FreeRTOS/Source/include/FreeRTOS.h"
 7494              		.file 8 "Middlewares/Third_Party/FreeRTOS/Source/include/list.h"
 7495              		.file 9 "Middlewares/Third_Party/FreeRTOS/Source/include/task.h"
 7496              		.file 10 "Middlewares/Third_Party/FreeRTOS/Source/include/portable.h"
 7497              		.file 11 "Middlewares/Third_Party/FreeRTOS/Source/include/timers.h"
 7498              		.file 12 "e:\\vscode\\msys2\\mingw64\\arm-none-eabi\\include\\string.h"
ARM GAS  C:\Users\31005\AppData\Local\Temp\ccNQ0Tdy.s 			page 258


DEFINED SYMBOLS
                            *ABS*:00000000 tasks.c
C:\Users\31005\AppData\Local\Temp\ccNQ0Tdy.s:21     .text.prvTaskIsTaskSuspended:00000000 $t
C:\Users\31005\AppData\Local\Temp\ccNQ0Tdy.s:26     .text.prvTaskIsTaskSuspended:00000000 prvTaskIsTaskSuspended
C:\Users\31005\AppData\Local\Temp\ccNQ0Tdy.s:114    .text.prvTaskIsTaskSuspended:00000038 $d
C:\Users\31005\AppData\Local\Temp\ccNQ0Tdy.s:7430   .bss.xSuspendedTaskList:00000000 xSuspendedTaskList
C:\Users\31005\AppData\Local\Temp\ccNQ0Tdy.s:7448   .bss.xPendingReadyList:00000000 xPendingReadyList
C:\Users\31005\AppData\Local\Temp\ccNQ0Tdy.s:120    .text.prvTaskCheckFreeStackSpace:00000000 $t
C:\Users\31005\AppData\Local\Temp\ccNQ0Tdy.s:125    .text.prvTaskCheckFreeStackSpace:00000000 prvTaskCheckFreeStackSpace
C:\Users\31005\AppData\Local\Temp\ccNQ0Tdy.s:168    .text.prvResetNextTaskUnblockTime:00000000 $t
C:\Users\31005\AppData\Local\Temp\ccNQ0Tdy.s:173    .text.prvResetNextTaskUnblockTime:00000000 prvResetNextTaskUnblockTime
C:\Users\31005\AppData\Local\Temp\ccNQ0Tdy.s:216    .text.prvResetNextTaskUnblockTime:00000024 $d
C:\Users\31005\AppData\Local\Temp\ccNQ0Tdy.s:7460   .bss.pxDelayedTaskList:00000000 pxDelayedTaskList
C:\Users\31005\AppData\Local\Temp\ccNQ0Tdy.s:7376   .bss.xNextTaskUnblockTime:00000000 xNextTaskUnblockTime
C:\Users\31005\AppData\Local\Temp\ccNQ0Tdy.s:222    .text.prvInitialiseNewTask:00000000 $t
C:\Users\31005\AppData\Local\Temp\ccNQ0Tdy.s:227    .text.prvInitialiseNewTask:00000000 prvInitialiseNewTask
C:\Users\31005\AppData\Local\Temp\ccNQ0Tdy.s:381    .text.prvInitialiseTaskLists:00000000 $t
C:\Users\31005\AppData\Local\Temp\ccNQ0Tdy.s:386    .text.prvInitialiseTaskLists:00000000 prvInitialiseTaskLists
C:\Users\31005\AppData\Local\Temp\ccNQ0Tdy.s:459    .text.prvInitialiseTaskLists:00000048 $d
C:\Users\31005\AppData\Local\Temp\ccNQ0Tdy.s:7478   .bss.pxReadyTasksLists:00000000 pxReadyTasksLists
C:\Users\31005\AppData\Local\Temp\ccNQ0Tdy.s:7472   .bss.xDelayedTaskList1:00000000 xDelayedTaskList1
C:\Users\31005\AppData\Local\Temp\ccNQ0Tdy.s:7466   .bss.xDelayedTaskList2:00000000 xDelayedTaskList2
C:\Users\31005\AppData\Local\Temp\ccNQ0Tdy.s:7442   .bss.xTasksWaitingTermination:00000000 xTasksWaitingTermination
C:\Users\31005\AppData\Local\Temp\ccNQ0Tdy.s:7454   .bss.pxOverflowDelayedTaskList:00000000 pxOverflowDelayedTaskList
C:\Users\31005\AppData\Local\Temp\ccNQ0Tdy.s:471    .text.prvAddNewTaskToReadyList:00000000 $t
C:\Users\31005\AppData\Local\Temp\ccNQ0Tdy.s:476    .text.prvAddNewTaskToReadyList:00000000 prvAddNewTaskToReadyList
C:\Users\31005\AppData\Local\Temp\ccNQ0Tdy.s:618    .text.prvAddNewTaskToReadyList:00000094 $d
C:\Users\31005\AppData\Local\Temp\ccNQ0Tdy.s:7424   .bss.uxCurrentNumberOfTasks:00000000 uxCurrentNumberOfTasks
C:\Users\31005\AppData\Local\Temp\ccNQ0Tdy.s:7485   .bss.pxCurrentTCB:00000000 pxCurrentTCB
C:\Users\31005\AppData\Local\Temp\ccNQ0Tdy.s:7406   .bss.xSchedulerRunning:00000000 xSchedulerRunning
C:\Users\31005\AppData\Local\Temp\ccNQ0Tdy.s:7382   .bss.uxTaskNumber:00000000 uxTaskNumber
C:\Users\31005\AppData\Local\Temp\ccNQ0Tdy.s:7412   .bss.uxTopReadyPriority:00000000 uxTopReadyPriority
C:\Users\31005\AppData\Local\Temp\ccNQ0Tdy.s:628    .text.prvDeleteTCB:00000000 $t
C:\Users\31005\AppData\Local\Temp\ccNQ0Tdy.s:633    .text.prvDeleteTCB:00000000 prvDeleteTCB
C:\Users\31005\AppData\Local\Temp\ccNQ0Tdy.s:710    .text.prvCheckTasksWaitingTermination:00000000 $t
C:\Users\31005\AppData\Local\Temp\ccNQ0Tdy.s:715    .text.prvCheckTasksWaitingTermination:00000000 prvCheckTasksWaitingTermination
C:\Users\31005\AppData\Local\Temp\ccNQ0Tdy.s:788    .text.prvCheckTasksWaitingTermination:00000040 $d
C:\Users\31005\AppData\Local\Temp\ccNQ0Tdy.s:7436   .bss.uxDeletedTasksWaitingCleanUp:00000000 uxDeletedTasksWaitingCleanUp
C:\Users\31005\AppData\Local\Temp\ccNQ0Tdy.s:795    .text.prvIdleTask:00000000 $t
C:\Users\31005\AppData\Local\Temp\ccNQ0Tdy.s:800    .text.prvIdleTask:00000000 prvIdleTask
C:\Users\31005\AppData\Local\Temp\ccNQ0Tdy.s:849    .text.prvIdleTask:00000024 $d
C:\Users\31005\AppData\Local\Temp\ccNQ0Tdy.s:854    .text.prvAddCurrentTaskToDelayedList:00000000 $t
C:\Users\31005\AppData\Local\Temp\ccNQ0Tdy.s:859    .text.prvAddCurrentTaskToDelayedList:00000000 prvAddCurrentTaskToDelayedList
C:\Users\31005\AppData\Local\Temp\ccNQ0Tdy.s:966    .text.prvAddCurrentTaskToDelayedList:00000064 $d
C:\Users\31005\AppData\Local\Temp\ccNQ0Tdy.s:7418   .bss.xTickCount:00000000 xTickCount
C:\Users\31005\AppData\Local\Temp\ccNQ0Tdy.s:976    .text.xTaskCreateStatic:00000000 $t
C:\Users\31005\AppData\Local\Temp\ccNQ0Tdy.s:982    .text.xTaskCreateStatic:00000000 xTaskCreateStatic
C:\Users\31005\AppData\Local\Temp\ccNQ0Tdy.s:1141   .text.xTaskCreate:00000000 $t
C:\Users\31005\AppData\Local\Temp\ccNQ0Tdy.s:1147   .text.xTaskCreate:00000000 xTaskCreate
C:\Users\31005\AppData\Local\Temp\ccNQ0Tdy.s:1264   .text.vTaskDelete:00000000 $t
C:\Users\31005\AppData\Local\Temp\ccNQ0Tdy.s:1270   .text.vTaskDelete:00000000 vTaskDelete
C:\Users\31005\AppData\Local\Temp\ccNQ0Tdy.s:1436   .text.vTaskDelete:0000009c $d
C:\Users\31005\AppData\Local\Temp\ccNQ0Tdy.s:7364   .bss.uxSchedulerSuspended:00000000 uxSchedulerSuspended
C:\Users\31005\AppData\Local\Temp\ccNQ0Tdy.s:1447   .text.eTaskGetState:00000000 $t
C:\Users\31005\AppData\Local\Temp\ccNQ0Tdy.s:1453   .text.eTaskGetState:00000000 eTaskGetState
C:\Users\31005\AppData\Local\Temp\ccNQ0Tdy.s:1590   .text.eTaskGetState:0000006c $d
C:\Users\31005\AppData\Local\Temp\ccNQ0Tdy.s:1599   .text.uxTaskPriorityGet:00000000 $t
ARM GAS  C:\Users\31005\AppData\Local\Temp\ccNQ0Tdy.s 			page 259


C:\Users\31005\AppData\Local\Temp\ccNQ0Tdy.s:1605   .text.uxTaskPriorityGet:00000000 uxTaskPriorityGet
C:\Users\31005\AppData\Local\Temp\ccNQ0Tdy.s:1651   .text.uxTaskPriorityGet:0000001c $d
C:\Users\31005\AppData\Local\Temp\ccNQ0Tdy.s:1656   .text.uxTaskPriorityGetFromISR:00000000 $t
C:\Users\31005\AppData\Local\Temp\ccNQ0Tdy.s:1662   .text.uxTaskPriorityGetFromISR:00000000 uxTaskPriorityGetFromISR
C:\Users\31005\AppData\Local\Temp\ccNQ0Tdy.s:1741   .text.uxTaskPriorityGetFromISR:0000002c $d
C:\Users\31005\AppData\Local\Temp\ccNQ0Tdy.s:1746   .text.vTaskPrioritySet:00000000 $t
C:\Users\31005\AppData\Local\Temp\ccNQ0Tdy.s:1752   .text.vTaskPrioritySet:00000000 vTaskPrioritySet
C:\Users\31005\AppData\Local\Temp\ccNQ0Tdy.s:1986   .text.vTaskPrioritySet:000000c8 $d
C:\Users\31005\AppData\Local\Temp\ccNQ0Tdy.s:1993   .text.vTaskResume:00000000 $t
C:\Users\31005\AppData\Local\Temp\ccNQ0Tdy.s:1999   .text.vTaskResume:00000000 vTaskResume
C:\Users\31005\AppData\Local\Temp\ccNQ0Tdy.s:2132   .text.vTaskResume:0000007c $d
C:\Users\31005\AppData\Local\Temp\ccNQ0Tdy.s:2139   .text.xTaskResumeFromISR:00000000 $t
C:\Users\31005\AppData\Local\Temp\ccNQ0Tdy.s:2145   .text.xTaskResumeFromISR:00000000 xTaskResumeFromISR
C:\Users\31005\AppData\Local\Temp\ccNQ0Tdy.s:2317   .text.xTaskResumeFromISR:00000090 $d
C:\Users\31005\AppData\Local\Temp\ccNQ0Tdy.s:2326   .rodata.vTaskStartScheduler.str1.4:00000000 $d
C:\Users\31005\AppData\Local\Temp\ccNQ0Tdy.s:2330   .text.vTaskStartScheduler:00000000 $t
C:\Users\31005\AppData\Local\Temp\ccNQ0Tdy.s:2336   .text.vTaskStartScheduler:00000000 vTaskStartScheduler
C:\Users\31005\AppData\Local\Temp\ccNQ0Tdy.s:2497   .text.vTaskStartScheduler:00000080 $d
C:\Users\31005\AppData\Local\Temp\ccNQ0Tdy.s:7370   .bss.xIdleTaskHandle:00000000 xIdleTaskHandle
C:\Users\31005\AppData\Local\Temp\ccNQ0Tdy.s:2507   .text.vTaskEndScheduler:00000000 $t
C:\Users\31005\AppData\Local\Temp\ccNQ0Tdy.s:2513   .text.vTaskEndScheduler:00000000 vTaskEndScheduler
C:\Users\31005\AppData\Local\Temp\ccNQ0Tdy.s:2556   .text.vTaskEndScheduler:00000020 $d
C:\Users\31005\AppData\Local\Temp\ccNQ0Tdy.s:2561   .text.vTaskSuspendAll:00000000 $t
C:\Users\31005\AppData\Local\Temp\ccNQ0Tdy.s:2567   .text.vTaskSuspendAll:00000000 vTaskSuspendAll
C:\Users\31005\AppData\Local\Temp\ccNQ0Tdy.s:2584   .text.vTaskSuspendAll:0000000c $d
C:\Users\31005\AppData\Local\Temp\ccNQ0Tdy.s:2589   .text.xTaskGetTickCount:00000000 $t
C:\Users\31005\AppData\Local\Temp\ccNQ0Tdy.s:2595   .text.xTaskGetTickCount:00000000 xTaskGetTickCount
C:\Users\31005\AppData\Local\Temp\ccNQ0Tdy.s:2616   .text.xTaskGetTickCount:00000008 $d
C:\Users\31005\AppData\Local\Temp\ccNQ0Tdy.s:2621   .text.xTaskGetTickCountFromISR:00000000 $t
C:\Users\31005\AppData\Local\Temp\ccNQ0Tdy.s:2627   .text.xTaskGetTickCountFromISR:00000000 xTaskGetTickCountFromISR
C:\Users\31005\AppData\Local\Temp\ccNQ0Tdy.s:2656   .text.xTaskGetTickCountFromISR:0000000c $d
C:\Users\31005\AppData\Local\Temp\ccNQ0Tdy.s:2661   .text.uxTaskGetNumberOfTasks:00000000 $t
C:\Users\31005\AppData\Local\Temp\ccNQ0Tdy.s:2667   .text.uxTaskGetNumberOfTasks:00000000 uxTaskGetNumberOfTasks
C:\Users\31005\AppData\Local\Temp\ccNQ0Tdy.s:2683   .text.uxTaskGetNumberOfTasks:00000008 $d
C:\Users\31005\AppData\Local\Temp\ccNQ0Tdy.s:2688   .text.pcTaskGetName:00000000 $t
C:\Users\31005\AppData\Local\Temp\ccNQ0Tdy.s:2694   .text.pcTaskGetName:00000000 pcTaskGetName
C:\Users\31005\AppData\Local\Temp\ccNQ0Tdy.s:2751   .text.pcTaskGetName:00000024 $d
C:\Users\31005\AppData\Local\Temp\ccNQ0Tdy.s:2756   .text.xTaskIncrementTick:00000000 $t
C:\Users\31005\AppData\Local\Temp\ccNQ0Tdy.s:2762   .text.xTaskIncrementTick:00000000 xTaskIncrementTick
C:\Users\31005\AppData\Local\Temp\ccNQ0Tdy.s:3027   .text.xTaskIncrementTick:000000ec $d
C:\Users\31005\AppData\Local\Temp\ccNQ0Tdy.s:7388   .bss.xNumOfOverflows:00000000 xNumOfOverflows
C:\Users\31005\AppData\Local\Temp\ccNQ0Tdy.s:7400   .bss.uxPendedTicks:00000000 uxPendedTicks
C:\Users\31005\AppData\Local\Temp\ccNQ0Tdy.s:7394   .bss.xYieldPending:00000000 xYieldPending
C:\Users\31005\AppData\Local\Temp\ccNQ0Tdy.s:3042   .text.xTaskResumeAll:00000000 $t
C:\Users\31005\AppData\Local\Temp\ccNQ0Tdy.s:3048   .text.xTaskResumeAll:00000000 xTaskResumeAll
C:\Users\31005\AppData\Local\Temp\ccNQ0Tdy.s:3285   .text.xTaskResumeAll:000000d8 $d
C:\Users\31005\AppData\Local\Temp\ccNQ0Tdy.s:3297   .text.vTaskDelayUntil:00000000 $t
C:\Users\31005\AppData\Local\Temp\ccNQ0Tdy.s:3303   .text.vTaskDelayUntil:00000000 vTaskDelayUntil
C:\Users\31005\AppData\Local\Temp\ccNQ0Tdy.s:3523   .text.vTaskDelayUntil:0000009c $d
C:\Users\31005\AppData\Local\Temp\ccNQ0Tdy.s:3530   .text.vTaskDelay:00000000 $t
C:\Users\31005\AppData\Local\Temp\ccNQ0Tdy.s:3536   .text.vTaskDelay:00000000 vTaskDelay
C:\Users\31005\AppData\Local\Temp\ccNQ0Tdy.s:3628   .text.vTaskDelay:00000048 $d
C:\Users\31005\AppData\Local\Temp\ccNQ0Tdy.s:3633   .text.vTaskSwitchContext:00000000 $t
C:\Users\31005\AppData\Local\Temp\ccNQ0Tdy.s:3639   .text.vTaskSwitchContext:00000000 vTaskSwitchContext
C:\Users\31005\AppData\Local\Temp\ccNQ0Tdy.s:3766   .text.vTaskSwitchContext:00000084 $d
C:\Users\31005\AppData\Local\Temp\ccNQ0Tdy.s:3777   .text.vTaskSuspend:00000000 $t
C:\Users\31005\AppData\Local\Temp\ccNQ0Tdy.s:3783   .text.vTaskSuspend:00000000 vTaskSuspend
ARM GAS  C:\Users\31005\AppData\Local\Temp\ccNQ0Tdy.s 			page 260


C:\Users\31005\AppData\Local\Temp\ccNQ0Tdy.s:3970   .text.vTaskSuspend:000000b0 $d
C:\Users\31005\AppData\Local\Temp\ccNQ0Tdy.s:3979   .text.vTaskPlaceOnEventList:00000000 $t
C:\Users\31005\AppData\Local\Temp\ccNQ0Tdy.s:3985   .text.vTaskPlaceOnEventList:00000000 vTaskPlaceOnEventList
C:\Users\31005\AppData\Local\Temp\ccNQ0Tdy.s:4052   .text.vTaskPlaceOnEventList:0000002c $d
C:\Users\31005\AppData\Local\Temp\ccNQ0Tdy.s:4057   .text.vTaskPlaceOnUnorderedEventList:00000000 $t
C:\Users\31005\AppData\Local\Temp\ccNQ0Tdy.s:4063   .text.vTaskPlaceOnUnorderedEventList:00000000 vTaskPlaceOnUnorderedEventList
C:\Users\31005\AppData\Local\Temp\ccNQ0Tdy.s:4178   .text.vTaskPlaceOnUnorderedEventList:00000050 $d
C:\Users\31005\AppData\Local\Temp\ccNQ0Tdy.s:4184   .text.vTaskPlaceOnEventListRestricted:00000000 $t
C:\Users\31005\AppData\Local\Temp\ccNQ0Tdy.s:4190   .text.vTaskPlaceOnEventListRestricted:00000000 vTaskPlaceOnEventListRestricted
C:\Users\31005\AppData\Local\Temp\ccNQ0Tdy.s:4266   .text.vTaskPlaceOnEventListRestricted:00000034 $d
C:\Users\31005\AppData\Local\Temp\ccNQ0Tdy.s:4271   .text.xTaskRemoveFromEventList:00000000 $t
C:\Users\31005\AppData\Local\Temp\ccNQ0Tdy.s:4277   .text.xTaskRemoveFromEventList:00000000 xTaskRemoveFromEventList
C:\Users\31005\AppData\Local\Temp\ccNQ0Tdy.s:4410   .text.xTaskRemoveFromEventList:00000074 $d
C:\Users\31005\AppData\Local\Temp\ccNQ0Tdy.s:4420   .text.vTaskRemoveFromUnorderedEventList:00000000 $t
C:\Users\31005\AppData\Local\Temp\ccNQ0Tdy.s:4426   .text.vTaskRemoveFromUnorderedEventList:00000000 vTaskRemoveFromUnorderedEventList
C:\Users\31005\AppData\Local\Temp\ccNQ0Tdy.s:4563   .text.vTaskRemoveFromUnorderedEventList:00000074 $d
C:\Users\31005\AppData\Local\Temp\ccNQ0Tdy.s:4572   .text.vTaskSetTimeOutState:00000000 $t
C:\Users\31005\AppData\Local\Temp\ccNQ0Tdy.s:4578   .text.vTaskSetTimeOutState:00000000 vTaskSetTimeOutState
C:\Users\31005\AppData\Local\Temp\ccNQ0Tdy.s:4647   .text.vTaskSetTimeOutState:00000030 $d
C:\Users\31005\AppData\Local\Temp\ccNQ0Tdy.s:4653   .text.vTaskInternalSetTimeOutState:00000000 $t
C:\Users\31005\AppData\Local\Temp\ccNQ0Tdy.s:4659   .text.vTaskInternalSetTimeOutState:00000000 vTaskInternalSetTimeOutState
C:\Users\31005\AppData\Local\Temp\ccNQ0Tdy.s:4682   .text.vTaskInternalSetTimeOutState:00000010 $d
C:\Users\31005\AppData\Local\Temp\ccNQ0Tdy.s:4688   .text.xTaskCheckForTimeOut:00000000 $t
C:\Users\31005\AppData\Local\Temp\ccNQ0Tdy.s:4694   .text.xTaskCheckForTimeOut:00000000 xTaskCheckForTimeOut
C:\Users\31005\AppData\Local\Temp\ccNQ0Tdy.s:4869   .text.xTaskCheckForTimeOut:0000007c $d
C:\Users\31005\AppData\Local\Temp\ccNQ0Tdy.s:4876   .text.vTaskMissedYield:00000000 $t
C:\Users\31005\AppData\Local\Temp\ccNQ0Tdy.s:4882   .text.vTaskMissedYield:00000000 vTaskMissedYield
C:\Users\31005\AppData\Local\Temp\ccNQ0Tdy.s:4899   .text.vTaskMissedYield:00000008 $d
C:\Users\31005\AppData\Local\Temp\ccNQ0Tdy.s:4904   .text.uxTaskGetTaskNumber:00000000 $t
C:\Users\31005\AppData\Local\Temp\ccNQ0Tdy.s:4910   .text.uxTaskGetTaskNumber:00000000 uxTaskGetTaskNumber
C:\Users\31005\AppData\Local\Temp\ccNQ0Tdy.s:4943   .text.vTaskSetTaskNumber:00000000 $t
C:\Users\31005\AppData\Local\Temp\ccNQ0Tdy.s:4949   .text.vTaskSetTaskNumber:00000000 vTaskSetTaskNumber
C:\Users\31005\AppData\Local\Temp\ccNQ0Tdy.s:4974   .text.vTaskGetInfo:00000000 $t
C:\Users\31005\AppData\Local\Temp\ccNQ0Tdy.s:4980   .text.vTaskGetInfo:00000000 vTaskGetInfo
C:\Users\31005\AppData\Local\Temp\ccNQ0Tdy.s:5127   .text.vTaskGetInfo:00000074 $d
C:\Users\31005\AppData\Local\Temp\ccNQ0Tdy.s:5132   .text.prvListTasksWithinSingleList:00000000 $t
C:\Users\31005\AppData\Local\Temp\ccNQ0Tdy.s:5137   .text.prvListTasksWithinSingleList:00000000 prvListTasksWithinSingleList
C:\Users\31005\AppData\Local\Temp\ccNQ0Tdy.s:5252   .text.uxTaskGetSystemState:00000000 $t
C:\Users\31005\AppData\Local\Temp\ccNQ0Tdy.s:5258   .text.uxTaskGetSystemState:00000000 uxTaskGetSystemState
C:\Users\31005\AppData\Local\Temp\ccNQ0Tdy.s:5397   .text.uxTaskGetSystemState:00000098 $d
C:\Users\31005\AppData\Local\Temp\ccNQ0Tdy.s:5407   .text.uxTaskGetStackHighWaterMark:00000000 $t
C:\Users\31005\AppData\Local\Temp\ccNQ0Tdy.s:5413   .text.uxTaskGetStackHighWaterMark:00000000 uxTaskGetStackHighWaterMark
C:\Users\31005\AppData\Local\Temp\ccNQ0Tdy.s:5455   .text.uxTaskGetStackHighWaterMark:00000014 $d
C:\Users\31005\AppData\Local\Temp\ccNQ0Tdy.s:5460   .text.xTaskGetCurrentTaskHandle:00000000 $t
C:\Users\31005\AppData\Local\Temp\ccNQ0Tdy.s:5466   .text.xTaskGetCurrentTaskHandle:00000000 xTaskGetCurrentTaskHandle
C:\Users\31005\AppData\Local\Temp\ccNQ0Tdy.s:5485   .text.xTaskGetCurrentTaskHandle:00000008 $d
C:\Users\31005\AppData\Local\Temp\ccNQ0Tdy.s:5490   .text.xTaskGetSchedulerState:00000000 $t
C:\Users\31005\AppData\Local\Temp\ccNQ0Tdy.s:5496   .text.xTaskGetSchedulerState:00000000 xTaskGetSchedulerState
C:\Users\31005\AppData\Local\Temp\ccNQ0Tdy.s:5534   .text.xTaskGetSchedulerState:00000018 $d
C:\Users\31005\AppData\Local\Temp\ccNQ0Tdy.s:5540   .text.xTaskPriorityInherit:00000000 $t
C:\Users\31005\AppData\Local\Temp\ccNQ0Tdy.s:5546   .text.xTaskPriorityInherit:00000000 xTaskPriorityInherit
C:\Users\31005\AppData\Local\Temp\ccNQ0Tdy.s:5704   .text.xTaskPriorityInherit:0000008c $d
C:\Users\31005\AppData\Local\Temp\ccNQ0Tdy.s:5711   .text.xTaskPriorityDisinherit:00000000 $t
C:\Users\31005\AppData\Local\Temp\ccNQ0Tdy.s:5717   .text.xTaskPriorityDisinherit:00000000 xTaskPriorityDisinherit
C:\Users\31005\AppData\Local\Temp\ccNQ0Tdy.s:5896   .text.xTaskPriorityDisinherit:00000084 $d
C:\Users\31005\AppData\Local\Temp\ccNQ0Tdy.s:5903   .text.vTaskPriorityDisinheritAfterTimeout:00000000 $t
C:\Users\31005\AppData\Local\Temp\ccNQ0Tdy.s:5909   .text.vTaskPriorityDisinheritAfterTimeout:00000000 vTaskPriorityDisinheritAfterTimeout
ARM GAS  C:\Users\31005\AppData\Local\Temp\ccNQ0Tdy.s 			page 261


C:\Users\31005\AppData\Local\Temp\ccNQ0Tdy.s:6097   .text.vTaskPriorityDisinheritAfterTimeout:00000094 $d
C:\Users\31005\AppData\Local\Temp\ccNQ0Tdy.s:6104   .text.uxTaskResetEventItemValue:00000000 $t
C:\Users\31005\AppData\Local\Temp\ccNQ0Tdy.s:6110   .text.uxTaskResetEventItemValue:00000000 uxTaskResetEventItemValue
C:\Users\31005\AppData\Local\Temp\ccNQ0Tdy.s:6137   .text.uxTaskResetEventItemValue:00000014 $d
C:\Users\31005\AppData\Local\Temp\ccNQ0Tdy.s:6142   .text.pvTaskIncrementMutexHeldCount:00000000 $t
C:\Users\31005\AppData\Local\Temp\ccNQ0Tdy.s:6148   .text.pvTaskIncrementMutexHeldCount:00000000 pvTaskIncrementMutexHeldCount
C:\Users\31005\AppData\Local\Temp\ccNQ0Tdy.s:6179   .text.pvTaskIncrementMutexHeldCount:00000018 $d
C:\Users\31005\AppData\Local\Temp\ccNQ0Tdy.s:6184   .text.ulTaskNotifyTake:00000000 $t
C:\Users\31005\AppData\Local\Temp\ccNQ0Tdy.s:6190   .text.ulTaskNotifyTake:00000000 ulTaskNotifyTake
C:\Users\31005\AppData\Local\Temp\ccNQ0Tdy.s:6312   .text.ulTaskNotifyTake:00000074 $d
C:\Users\31005\AppData\Local\Temp\ccNQ0Tdy.s:6317   .text.xTaskNotifyWait:00000000 $t
C:\Users\31005\AppData\Local\Temp\ccNQ0Tdy.s:6323   .text.xTaskNotifyWait:00000000 xTaskNotifyWait
C:\Users\31005\AppData\Local\Temp\ccNQ0Tdy.s:6465   .text.xTaskNotifyWait:00000094 $d
C:\Users\31005\AppData\Local\Temp\ccNQ0Tdy.s:6470   .text.xTaskGenericNotify:00000000 $t
C:\Users\31005\AppData\Local\Temp\ccNQ0Tdy.s:6476   .text.xTaskGenericNotify:00000000 xTaskGenericNotify
C:\Users\31005\AppData\Local\Temp\ccNQ0Tdy.s:6533   .text.xTaskGenericNotify:0000002c $d
C:\Users\31005\AppData\Local\Temp\ccNQ0Tdy.s:6538   .text.xTaskGenericNotify:00000030 $t
C:\Users\31005\AppData\Local\Temp\ccNQ0Tdy.s:6718   .text.xTaskGenericNotify:000000d4 $d
C:\Users\31005\AppData\Local\Temp\ccNQ0Tdy.s:6725   .text.xTaskGenericNotifyFromISR:00000000 $t
C:\Users\31005\AppData\Local\Temp\ccNQ0Tdy.s:6731   .text.xTaskGenericNotifyFromISR:00000000 xTaskGenericNotifyFromISR
C:\Users\31005\AppData\Local\Temp\ccNQ0Tdy.s:6810   .text.xTaskGenericNotifyFromISR:00000042 $d
C:\Users\31005\AppData\Local\Temp\ccNQ0Tdy.s:6815   .text.xTaskGenericNotifyFromISR:00000046 $t
C:\Users\31005\AppData\Local\Temp\ccNQ0Tdy.s:7035   .text.xTaskGenericNotifyFromISR:000000f4 $d
C:\Users\31005\AppData\Local\Temp\ccNQ0Tdy.s:7045   .text.vTaskNotifyGiveFromISR:00000000 $t
C:\Users\31005\AppData\Local\Temp\ccNQ0Tdy.s:7051   .text.vTaskNotifyGiveFromISR:00000000 vTaskNotifyGiveFromISR
C:\Users\31005\AppData\Local\Temp\ccNQ0Tdy.s:7274   .text.vTaskNotifyGiveFromISR:000000bc $d
C:\Users\31005\AppData\Local\Temp\ccNQ0Tdy.s:7284   .text.xTaskNotifyStateClear:00000000 $t
C:\Users\31005\AppData\Local\Temp\ccNQ0Tdy.s:7290   .text.xTaskNotifyStateClear:00000000 xTaskNotifyStateClear
C:\Users\31005\AppData\Local\Temp\ccNQ0Tdy.s:7356   .text.xTaskNotifyStateClear:00000030 $d
C:\Users\31005\AppData\Local\Temp\ccNQ0Tdy.s:7361   .bss.uxSchedulerSuspended:00000000 $d
C:\Users\31005\AppData\Local\Temp\ccNQ0Tdy.s:7367   .bss.xIdleTaskHandle:00000000 $d
C:\Users\31005\AppData\Local\Temp\ccNQ0Tdy.s:7373   .bss.xNextTaskUnblockTime:00000000 $d
C:\Users\31005\AppData\Local\Temp\ccNQ0Tdy.s:7379   .bss.uxTaskNumber:00000000 $d
C:\Users\31005\AppData\Local\Temp\ccNQ0Tdy.s:7385   .bss.xNumOfOverflows:00000000 $d
C:\Users\31005\AppData\Local\Temp\ccNQ0Tdy.s:7391   .bss.xYieldPending:00000000 $d
C:\Users\31005\AppData\Local\Temp\ccNQ0Tdy.s:7397   .bss.uxPendedTicks:00000000 $d
C:\Users\31005\AppData\Local\Temp\ccNQ0Tdy.s:7403   .bss.xSchedulerRunning:00000000 $d
C:\Users\31005\AppData\Local\Temp\ccNQ0Tdy.s:7409   .bss.uxTopReadyPriority:00000000 $d
C:\Users\31005\AppData\Local\Temp\ccNQ0Tdy.s:7415   .bss.xTickCount:00000000 $d
C:\Users\31005\AppData\Local\Temp\ccNQ0Tdy.s:7421   .bss.uxCurrentNumberOfTasks:00000000 $d
C:\Users\31005\AppData\Local\Temp\ccNQ0Tdy.s:7427   .bss.xSuspendedTaskList:00000000 $d
C:\Users\31005\AppData\Local\Temp\ccNQ0Tdy.s:7433   .bss.uxDeletedTasksWaitingCleanUp:00000000 $d
C:\Users\31005\AppData\Local\Temp\ccNQ0Tdy.s:7439   .bss.xTasksWaitingTermination:00000000 $d
C:\Users\31005\AppData\Local\Temp\ccNQ0Tdy.s:7445   .bss.xPendingReadyList:00000000 $d
C:\Users\31005\AppData\Local\Temp\ccNQ0Tdy.s:7451   .bss.pxOverflowDelayedTaskList:00000000 $d
C:\Users\31005\AppData\Local\Temp\ccNQ0Tdy.s:7457   .bss.pxDelayedTaskList:00000000 $d
C:\Users\31005\AppData\Local\Temp\ccNQ0Tdy.s:7463   .bss.xDelayedTaskList2:00000000 $d
C:\Users\31005\AppData\Local\Temp\ccNQ0Tdy.s:7469   .bss.xDelayedTaskList1:00000000 $d
C:\Users\31005\AppData\Local\Temp\ccNQ0Tdy.s:7475   .bss.pxReadyTasksLists:00000000 $d
C:\Users\31005\AppData\Local\Temp\ccNQ0Tdy.s:7482   .bss.pxCurrentTCB:00000000 $d

UNDEFINED SYMBOLS
memset
vListInitialiseItem
pxPortInitialiseStack
vListInitialise
vPortEnterCritical
ARM GAS  C:\Users\31005\AppData\Local\Temp\ccNQ0Tdy.s 			page 262


vListInsertEnd
vPortExitCritical
vPortFree
uxListRemove
vListInsert
pvPortMalloc
vPortValidateInterruptPriority
vApplicationGetIdleTaskMemory
xTimerCreateTimerTask
xPortStartScheduler
vPortEndScheduler
