ARM GAS  C:\Users\31005\AppData\Local\Temp\cc5BHn3C.s 			page 1


   1              		.cpu cortex-m4
   2              		.arch armv7e-m
   3              		.fpu fpv4-sp-d16
   4              		.eabi_attribute 27, 1
   5              		.eabi_attribute 28, 1
   6              		.eabi_attribute 20, 1
   7              		.eabi_attribute 21, 1
   8              		.eabi_attribute 23, 3
   9              		.eabi_attribute 24, 1
  10              		.eabi_attribute 25, 1
  11              		.eabi_attribute 26, 1
  12              		.eabi_attribute 30, 1
  13              		.eabi_attribute 34, 1
  14              		.eabi_attribute 18, 4
  15              		.file	"timers.c"
  16              		.text
  17              	.Ltext0:
  18              		.cfi_sections	.debug_frame
  19              		.file 1 "Middlewares/Third_Party/FreeRTOS/Source/timers.c"
  20              		.section	.text.prvGetNextExpireTime,"ax",%progbits
  21              		.align	1
  22              		.syntax unified
  23              		.thumb
  24              		.thumb_func
  26              	prvGetNextExpireTime:
  27              	.LVL0:
  28              	.LFB16:
   1:Middlewares/Third_Party/FreeRTOS/Source/timers.c **** /*
   2:Middlewares/Third_Party/FreeRTOS/Source/timers.c ****  * FreeRTOS Kernel V10.0.1
   3:Middlewares/Third_Party/FreeRTOS/Source/timers.c ****  * Copyright (C) 2017 Amazon.com, Inc. or its affiliates.  All Rights Reserved.
   4:Middlewares/Third_Party/FreeRTOS/Source/timers.c ****  *
   5:Middlewares/Third_Party/FreeRTOS/Source/timers.c ****  * Permission is hereby granted, free of charge, to any person obtaining a copy of
   6:Middlewares/Third_Party/FreeRTOS/Source/timers.c ****  * this software and associated documentation files (the "Software"), to deal in
   7:Middlewares/Third_Party/FreeRTOS/Source/timers.c ****  * the Software without restriction, including without limitation the rights to
   8:Middlewares/Third_Party/FreeRTOS/Source/timers.c ****  * use, copy, modify, merge, publish, distribute, sublicense, and/or sell copies of
   9:Middlewares/Third_Party/FreeRTOS/Source/timers.c ****  * the Software, and to permit persons to whom the Software is furnished to do so,
  10:Middlewares/Third_Party/FreeRTOS/Source/timers.c ****  * subject to the following conditions:
  11:Middlewares/Third_Party/FreeRTOS/Source/timers.c ****  *
  12:Middlewares/Third_Party/FreeRTOS/Source/timers.c ****  * The above copyright notice and this permission notice shall be included in all
  13:Middlewares/Third_Party/FreeRTOS/Source/timers.c ****  * copies or substantial portions of the Software.
  14:Middlewares/Third_Party/FreeRTOS/Source/timers.c ****  *
  15:Middlewares/Third_Party/FreeRTOS/Source/timers.c ****  * THE SOFTWARE IS PROVIDED "AS IS", WITHOUT WARRANTY OF ANY KIND, EXPRESS OR
  16:Middlewares/Third_Party/FreeRTOS/Source/timers.c ****  * IMPLIED, INCLUDING BUT NOT LIMITED TO THE WARRANTIES OF MERCHANTABILITY, FITNESS
  17:Middlewares/Third_Party/FreeRTOS/Source/timers.c ****  * FOR A PARTICULAR PURPOSE AND NONINFRINGEMENT. IN NO EVENT SHALL THE AUTHORS OR
  18:Middlewares/Third_Party/FreeRTOS/Source/timers.c ****  * COPYRIGHT HOLDERS BE LIABLE FOR ANY CLAIM, DAMAGES OR OTHER LIABILITY, WHETHER
  19:Middlewares/Third_Party/FreeRTOS/Source/timers.c ****  * IN AN ACTION OF CONTRACT, TORT OR OTHERWISE, ARISING FROM, OUT OF OR IN
  20:Middlewares/Third_Party/FreeRTOS/Source/timers.c ****  * CONNECTION WITH THE SOFTWARE OR THE USE OR OTHER DEALINGS IN THE SOFTWARE.
  21:Middlewares/Third_Party/FreeRTOS/Source/timers.c ****  *
  22:Middlewares/Third_Party/FreeRTOS/Source/timers.c ****  * http://www.FreeRTOS.org
  23:Middlewares/Third_Party/FreeRTOS/Source/timers.c ****  * http://aws.amazon.com/freertos
  24:Middlewares/Third_Party/FreeRTOS/Source/timers.c ****  *
  25:Middlewares/Third_Party/FreeRTOS/Source/timers.c ****  * 1 tab == 4 spaces!
  26:Middlewares/Third_Party/FreeRTOS/Source/timers.c ****  */
  27:Middlewares/Third_Party/FreeRTOS/Source/timers.c **** 
  28:Middlewares/Third_Party/FreeRTOS/Source/timers.c **** /* Standard includes. */
  29:Middlewares/Third_Party/FreeRTOS/Source/timers.c **** #include <stdlib.h>
  30:Middlewares/Third_Party/FreeRTOS/Source/timers.c **** 
ARM GAS  C:\Users\31005\AppData\Local\Temp\cc5BHn3C.s 			page 2


  31:Middlewares/Third_Party/FreeRTOS/Source/timers.c **** /* Defining MPU_WRAPPERS_INCLUDED_FROM_API_FILE prevents task.h from redefining
  32:Middlewares/Third_Party/FreeRTOS/Source/timers.c **** all the API functions to use the MPU wrappers.  That should only be done when
  33:Middlewares/Third_Party/FreeRTOS/Source/timers.c **** task.h is included from an application file. */
  34:Middlewares/Third_Party/FreeRTOS/Source/timers.c **** #define MPU_WRAPPERS_INCLUDED_FROM_API_FILE
  35:Middlewares/Third_Party/FreeRTOS/Source/timers.c **** 
  36:Middlewares/Third_Party/FreeRTOS/Source/timers.c **** #include "FreeRTOS.h"
  37:Middlewares/Third_Party/FreeRTOS/Source/timers.c **** #include "task.h"
  38:Middlewares/Third_Party/FreeRTOS/Source/timers.c **** #include "queue.h"
  39:Middlewares/Third_Party/FreeRTOS/Source/timers.c **** #include "timers.h"
  40:Middlewares/Third_Party/FreeRTOS/Source/timers.c **** 
  41:Middlewares/Third_Party/FreeRTOS/Source/timers.c **** #if ( INCLUDE_xTimerPendFunctionCall == 1 ) && ( configUSE_TIMERS == 0 )
  42:Middlewares/Third_Party/FreeRTOS/Source/timers.c **** 	#error configUSE_TIMERS must be set to 1 to make the xTimerPendFunctionCall() function available.
  43:Middlewares/Third_Party/FreeRTOS/Source/timers.c **** #endif
  44:Middlewares/Third_Party/FreeRTOS/Source/timers.c **** 
  45:Middlewares/Third_Party/FreeRTOS/Source/timers.c **** /* Lint e961 and e750 are suppressed as a MISRA exception justified because the
  46:Middlewares/Third_Party/FreeRTOS/Source/timers.c **** MPU ports require MPU_WRAPPERS_INCLUDED_FROM_API_FILE to be defined for the
  47:Middlewares/Third_Party/FreeRTOS/Source/timers.c **** header files above, but not in this file, in order to generate the correct
  48:Middlewares/Third_Party/FreeRTOS/Source/timers.c **** privileged Vs unprivileged linkage and placement. */
  49:Middlewares/Third_Party/FreeRTOS/Source/timers.c **** #undef MPU_WRAPPERS_INCLUDED_FROM_API_FILE /*lint !e961 !e750. */
  50:Middlewares/Third_Party/FreeRTOS/Source/timers.c **** 
  51:Middlewares/Third_Party/FreeRTOS/Source/timers.c **** 
  52:Middlewares/Third_Party/FreeRTOS/Source/timers.c **** /* This entire source file will be skipped if the application is not configured
  53:Middlewares/Third_Party/FreeRTOS/Source/timers.c **** to include software timer functionality.  This #if is closed at the very bottom
  54:Middlewares/Third_Party/FreeRTOS/Source/timers.c **** of this file.  If you want to include software timer functionality then ensure
  55:Middlewares/Third_Party/FreeRTOS/Source/timers.c **** configUSE_TIMERS is set to 1 in FreeRTOSConfig.h. */
  56:Middlewares/Third_Party/FreeRTOS/Source/timers.c **** #if ( configUSE_TIMERS == 1 )
  57:Middlewares/Third_Party/FreeRTOS/Source/timers.c **** 
  58:Middlewares/Third_Party/FreeRTOS/Source/timers.c **** /* Misc definitions. */
  59:Middlewares/Third_Party/FreeRTOS/Source/timers.c **** #define tmrNO_DELAY		( TickType_t ) 0U
  60:Middlewares/Third_Party/FreeRTOS/Source/timers.c **** 
  61:Middlewares/Third_Party/FreeRTOS/Source/timers.c **** /* The name assigned to the timer service task.  This can be overridden by
  62:Middlewares/Third_Party/FreeRTOS/Source/timers.c **** defining trmTIMER_SERVICE_TASK_NAME in FreeRTOSConfig.h. */
  63:Middlewares/Third_Party/FreeRTOS/Source/timers.c **** #ifndef configTIMER_SERVICE_TASK_NAME
  64:Middlewares/Third_Party/FreeRTOS/Source/timers.c **** 	#define configTIMER_SERVICE_TASK_NAME "Tmr Svc"
  65:Middlewares/Third_Party/FreeRTOS/Source/timers.c **** #endif
  66:Middlewares/Third_Party/FreeRTOS/Source/timers.c **** 
  67:Middlewares/Third_Party/FreeRTOS/Source/timers.c **** /* The definition of the timers themselves. */
  68:Middlewares/Third_Party/FreeRTOS/Source/timers.c **** typedef struct tmrTimerControl
  69:Middlewares/Third_Party/FreeRTOS/Source/timers.c **** {
  70:Middlewares/Third_Party/FreeRTOS/Source/timers.c **** 	const char				*pcTimerName;		/*<< Text name.  This is not used by the kernel, it is included simpl
  71:Middlewares/Third_Party/FreeRTOS/Source/timers.c **** 	ListItem_t				xTimerListItem;		/*<< Standard linked list item as used by all kernel features for e
  72:Middlewares/Third_Party/FreeRTOS/Source/timers.c **** 	TickType_t				xTimerPeriodInTicks;/*<< How quickly and often the timer expires. */
  73:Middlewares/Third_Party/FreeRTOS/Source/timers.c **** 	UBaseType_t				uxAutoReload;		/*<< Set to pdTRUE if the timer should be automatically restarted on
  74:Middlewares/Third_Party/FreeRTOS/Source/timers.c **** 	void 					*pvTimerID;			/*<< An ID to identify the timer.  This allows the timer to be identified 
  75:Middlewares/Third_Party/FreeRTOS/Source/timers.c **** 	TimerCallbackFunction_t	pxCallbackFunction;	/*<< The function that will be called when the timer e
  76:Middlewares/Third_Party/FreeRTOS/Source/timers.c **** 	#if( configUSE_TRACE_FACILITY == 1 )
  77:Middlewares/Third_Party/FreeRTOS/Source/timers.c **** 		UBaseType_t			uxTimerNumber;		/*<< An ID assigned by trace tools such as FreeRTOS+Trace */
  78:Middlewares/Third_Party/FreeRTOS/Source/timers.c **** 	#endif
  79:Middlewares/Third_Party/FreeRTOS/Source/timers.c **** 
  80:Middlewares/Third_Party/FreeRTOS/Source/timers.c **** 	#if( ( configSUPPORT_STATIC_ALLOCATION == 1 ) && ( configSUPPORT_DYNAMIC_ALLOCATION == 1 ) )
  81:Middlewares/Third_Party/FreeRTOS/Source/timers.c **** 		uint8_t 			ucStaticallyAllocated; /*<< Set to pdTRUE if the timer was created statically so no at
  82:Middlewares/Third_Party/FreeRTOS/Source/timers.c **** 	#endif
  83:Middlewares/Third_Party/FreeRTOS/Source/timers.c **** } xTIMER;
  84:Middlewares/Third_Party/FreeRTOS/Source/timers.c **** 
  85:Middlewares/Third_Party/FreeRTOS/Source/timers.c **** /* The old xTIMER name is maintained above then typedefed to the new Timer_t
  86:Middlewares/Third_Party/FreeRTOS/Source/timers.c **** name below to enable the use of older kernel aware debuggers. */
  87:Middlewares/Third_Party/FreeRTOS/Source/timers.c **** typedef xTIMER Timer_t;
ARM GAS  C:\Users\31005\AppData\Local\Temp\cc5BHn3C.s 			page 3


  88:Middlewares/Third_Party/FreeRTOS/Source/timers.c **** 
  89:Middlewares/Third_Party/FreeRTOS/Source/timers.c **** /* The definition of messages that can be sent and received on the timer queue.
  90:Middlewares/Third_Party/FreeRTOS/Source/timers.c **** Two types of message can be queued - messages that manipulate a software timer,
  91:Middlewares/Third_Party/FreeRTOS/Source/timers.c **** and messages that request the execution of a non-timer related callback.  The
  92:Middlewares/Third_Party/FreeRTOS/Source/timers.c **** two message types are defined in two separate structures, xTimerParametersType
  93:Middlewares/Third_Party/FreeRTOS/Source/timers.c **** and xCallbackParametersType respectively. */
  94:Middlewares/Third_Party/FreeRTOS/Source/timers.c **** typedef struct tmrTimerParameters
  95:Middlewares/Third_Party/FreeRTOS/Source/timers.c **** {
  96:Middlewares/Third_Party/FreeRTOS/Source/timers.c **** 	TickType_t			xMessageValue;		/*<< An optional value used by a subset of commands, for example, whe
  97:Middlewares/Third_Party/FreeRTOS/Source/timers.c **** 	Timer_t *			pxTimer;			/*<< The timer to which the command will be applied. */
  98:Middlewares/Third_Party/FreeRTOS/Source/timers.c **** } TimerParameter_t;
  99:Middlewares/Third_Party/FreeRTOS/Source/timers.c **** 
 100:Middlewares/Third_Party/FreeRTOS/Source/timers.c **** 
 101:Middlewares/Third_Party/FreeRTOS/Source/timers.c **** typedef struct tmrCallbackParameters
 102:Middlewares/Third_Party/FreeRTOS/Source/timers.c **** {
 103:Middlewares/Third_Party/FreeRTOS/Source/timers.c **** 	PendedFunction_t	pxCallbackFunction;	/* << The callback function to execute. */
 104:Middlewares/Third_Party/FreeRTOS/Source/timers.c **** 	void *pvParameter1;						/* << The value that will be used as the callback functions first paramet
 105:Middlewares/Third_Party/FreeRTOS/Source/timers.c **** 	uint32_t ulParameter2;					/* << The value that will be used as the callback functions second para
 106:Middlewares/Third_Party/FreeRTOS/Source/timers.c **** } CallbackParameters_t;
 107:Middlewares/Third_Party/FreeRTOS/Source/timers.c **** 
 108:Middlewares/Third_Party/FreeRTOS/Source/timers.c **** /* The structure that contains the two message types, along with an identifier
 109:Middlewares/Third_Party/FreeRTOS/Source/timers.c **** that is used to determine which message type is valid. */
 110:Middlewares/Third_Party/FreeRTOS/Source/timers.c **** typedef struct tmrTimerQueueMessage
 111:Middlewares/Third_Party/FreeRTOS/Source/timers.c **** {
 112:Middlewares/Third_Party/FreeRTOS/Source/timers.c **** 	BaseType_t			xMessageID;			/*<< The command being sent to the timer service task. */
 113:Middlewares/Third_Party/FreeRTOS/Source/timers.c **** 	union
 114:Middlewares/Third_Party/FreeRTOS/Source/timers.c **** 	{
 115:Middlewares/Third_Party/FreeRTOS/Source/timers.c **** 		TimerParameter_t xTimerParameters;
 116:Middlewares/Third_Party/FreeRTOS/Source/timers.c **** 
 117:Middlewares/Third_Party/FreeRTOS/Source/timers.c **** 		/* Don't include xCallbackParameters if it is not going to be used as
 118:Middlewares/Third_Party/FreeRTOS/Source/timers.c **** 		it makes the structure (and therefore the timer queue) larger. */
 119:Middlewares/Third_Party/FreeRTOS/Source/timers.c **** 		#if ( INCLUDE_xTimerPendFunctionCall == 1 )
 120:Middlewares/Third_Party/FreeRTOS/Source/timers.c **** 			CallbackParameters_t xCallbackParameters;
 121:Middlewares/Third_Party/FreeRTOS/Source/timers.c **** 		#endif /* INCLUDE_xTimerPendFunctionCall */
 122:Middlewares/Third_Party/FreeRTOS/Source/timers.c **** 	} u;
 123:Middlewares/Third_Party/FreeRTOS/Source/timers.c **** } DaemonTaskMessage_t;
 124:Middlewares/Third_Party/FreeRTOS/Source/timers.c **** 
 125:Middlewares/Third_Party/FreeRTOS/Source/timers.c **** /*lint -save -e956 A manual analysis and inspection has been used to determine
 126:Middlewares/Third_Party/FreeRTOS/Source/timers.c **** which static variables must be declared volatile. */
 127:Middlewares/Third_Party/FreeRTOS/Source/timers.c **** 
 128:Middlewares/Third_Party/FreeRTOS/Source/timers.c **** /* The list in which active timers are stored.  Timers are referenced in expire
 129:Middlewares/Third_Party/FreeRTOS/Source/timers.c **** time order, with the nearest expiry time at the front of the list.  Only the
 130:Middlewares/Third_Party/FreeRTOS/Source/timers.c **** timer service task is allowed to access these lists. */
 131:Middlewares/Third_Party/FreeRTOS/Source/timers.c **** PRIVILEGED_DATA static List_t xActiveTimerList1 = {0};
 132:Middlewares/Third_Party/FreeRTOS/Source/timers.c **** PRIVILEGED_DATA static List_t xActiveTimerList2 = {0};
 133:Middlewares/Third_Party/FreeRTOS/Source/timers.c **** PRIVILEGED_DATA static List_t *pxCurrentTimerList = NULL;
 134:Middlewares/Third_Party/FreeRTOS/Source/timers.c **** PRIVILEGED_DATA static List_t *pxOverflowTimerList = NULL;
 135:Middlewares/Third_Party/FreeRTOS/Source/timers.c **** 
 136:Middlewares/Third_Party/FreeRTOS/Source/timers.c **** /* A queue that is used to send commands to the timer service task. */
 137:Middlewares/Third_Party/FreeRTOS/Source/timers.c **** PRIVILEGED_DATA static QueueHandle_t xTimerQueue = NULL;
 138:Middlewares/Third_Party/FreeRTOS/Source/timers.c **** PRIVILEGED_DATA static TaskHandle_t xTimerTaskHandle = NULL;
 139:Middlewares/Third_Party/FreeRTOS/Source/timers.c **** 
 140:Middlewares/Third_Party/FreeRTOS/Source/timers.c **** /*lint -restore */
 141:Middlewares/Third_Party/FreeRTOS/Source/timers.c **** 
 142:Middlewares/Third_Party/FreeRTOS/Source/timers.c **** /*-----------------------------------------------------------*/
 143:Middlewares/Third_Party/FreeRTOS/Source/timers.c **** 
 144:Middlewares/Third_Party/FreeRTOS/Source/timers.c **** #if( configSUPPORT_STATIC_ALLOCATION == 1 )
ARM GAS  C:\Users\31005\AppData\Local\Temp\cc5BHn3C.s 			page 4


 145:Middlewares/Third_Party/FreeRTOS/Source/timers.c **** 
 146:Middlewares/Third_Party/FreeRTOS/Source/timers.c **** 	/* If static allocation is supported then the application must provide the
 147:Middlewares/Third_Party/FreeRTOS/Source/timers.c **** 	following callback function - which enables the application to optionally
 148:Middlewares/Third_Party/FreeRTOS/Source/timers.c **** 	provide the memory that will be used by the timer task as the task's stack
 149:Middlewares/Third_Party/FreeRTOS/Source/timers.c **** 	and TCB. */
 150:Middlewares/Third_Party/FreeRTOS/Source/timers.c **** 	extern void vApplicationGetTimerTaskMemory( StaticTask_t **ppxTimerTaskTCBBuffer, StackType_t **pp
 151:Middlewares/Third_Party/FreeRTOS/Source/timers.c **** 
 152:Middlewares/Third_Party/FreeRTOS/Source/timers.c **** #endif
 153:Middlewares/Third_Party/FreeRTOS/Source/timers.c **** 
 154:Middlewares/Third_Party/FreeRTOS/Source/timers.c **** /*
 155:Middlewares/Third_Party/FreeRTOS/Source/timers.c ****  * Initialise the infrastructure used by the timer service task if it has not
 156:Middlewares/Third_Party/FreeRTOS/Source/timers.c ****  * been initialised already.
 157:Middlewares/Third_Party/FreeRTOS/Source/timers.c ****  */
 158:Middlewares/Third_Party/FreeRTOS/Source/timers.c **** static void prvCheckForValidListAndQueue( void ) PRIVILEGED_FUNCTION;
 159:Middlewares/Third_Party/FreeRTOS/Source/timers.c **** 
 160:Middlewares/Third_Party/FreeRTOS/Source/timers.c **** /*
 161:Middlewares/Third_Party/FreeRTOS/Source/timers.c ****  * The timer service task (daemon).  Timer functionality is controlled by this
 162:Middlewares/Third_Party/FreeRTOS/Source/timers.c ****  * task.  Other tasks communicate with the timer service task using the
 163:Middlewares/Third_Party/FreeRTOS/Source/timers.c ****  * xTimerQueue queue.
 164:Middlewares/Third_Party/FreeRTOS/Source/timers.c ****  */
 165:Middlewares/Third_Party/FreeRTOS/Source/timers.c **** static void prvTimerTask( void *pvParameters ) PRIVILEGED_FUNCTION;
 166:Middlewares/Third_Party/FreeRTOS/Source/timers.c **** 
 167:Middlewares/Third_Party/FreeRTOS/Source/timers.c **** /*
 168:Middlewares/Third_Party/FreeRTOS/Source/timers.c ****  * Called by the timer service task to interpret and process a command it
 169:Middlewares/Third_Party/FreeRTOS/Source/timers.c ****  * received on the timer queue.
 170:Middlewares/Third_Party/FreeRTOS/Source/timers.c ****  */
 171:Middlewares/Third_Party/FreeRTOS/Source/timers.c **** static void prvProcessReceivedCommands( void ) PRIVILEGED_FUNCTION;
 172:Middlewares/Third_Party/FreeRTOS/Source/timers.c **** 
 173:Middlewares/Third_Party/FreeRTOS/Source/timers.c **** /*
 174:Middlewares/Third_Party/FreeRTOS/Source/timers.c ****  * Insert the timer into either xActiveTimerList1, or xActiveTimerList2,
 175:Middlewares/Third_Party/FreeRTOS/Source/timers.c ****  * depending on if the expire time causes a timer counter overflow.
 176:Middlewares/Third_Party/FreeRTOS/Source/timers.c ****  */
 177:Middlewares/Third_Party/FreeRTOS/Source/timers.c **** static BaseType_t prvInsertTimerInActiveList( Timer_t * const pxTimer, const TickType_t xNextExpiry
 178:Middlewares/Third_Party/FreeRTOS/Source/timers.c **** 
 179:Middlewares/Third_Party/FreeRTOS/Source/timers.c **** /*
 180:Middlewares/Third_Party/FreeRTOS/Source/timers.c ****  * An active timer has reached its expire time.  Reload the timer if it is an
 181:Middlewares/Third_Party/FreeRTOS/Source/timers.c ****  * auto reload timer, then call its callback.
 182:Middlewares/Third_Party/FreeRTOS/Source/timers.c ****  */
 183:Middlewares/Third_Party/FreeRTOS/Source/timers.c **** static void prvProcessExpiredTimer( const TickType_t xNextExpireTime, const TickType_t xTimeNow ) P
 184:Middlewares/Third_Party/FreeRTOS/Source/timers.c **** 
 185:Middlewares/Third_Party/FreeRTOS/Source/timers.c **** /*
 186:Middlewares/Third_Party/FreeRTOS/Source/timers.c ****  * The tick count has overflowed.  Switch the timer lists after ensuring the
 187:Middlewares/Third_Party/FreeRTOS/Source/timers.c ****  * current timer list does not still reference some timers.
 188:Middlewares/Third_Party/FreeRTOS/Source/timers.c ****  */
 189:Middlewares/Third_Party/FreeRTOS/Source/timers.c **** static void prvSwitchTimerLists( void ) PRIVILEGED_FUNCTION;
 190:Middlewares/Third_Party/FreeRTOS/Source/timers.c **** 
 191:Middlewares/Third_Party/FreeRTOS/Source/timers.c **** /*
 192:Middlewares/Third_Party/FreeRTOS/Source/timers.c ****  * Obtain the current tick count, setting *pxTimerListsWereSwitched to pdTRUE
 193:Middlewares/Third_Party/FreeRTOS/Source/timers.c ****  * if a tick count overflow occurred since prvSampleTimeNow() was last called.
 194:Middlewares/Third_Party/FreeRTOS/Source/timers.c ****  */
 195:Middlewares/Third_Party/FreeRTOS/Source/timers.c **** static TickType_t prvSampleTimeNow( BaseType_t * const pxTimerListsWereSwitched ) PRIVILEGED_FUNCTI
 196:Middlewares/Third_Party/FreeRTOS/Source/timers.c **** 
 197:Middlewares/Third_Party/FreeRTOS/Source/timers.c **** /*
 198:Middlewares/Third_Party/FreeRTOS/Source/timers.c ****  * If the timer list contains any active timers then return the expire time of
 199:Middlewares/Third_Party/FreeRTOS/Source/timers.c ****  * the timer that will expire first and set *pxListWasEmpty to false.  If the
 200:Middlewares/Third_Party/FreeRTOS/Source/timers.c ****  * timer list does not contain any timers then return 0 and set *pxListWasEmpty
 201:Middlewares/Third_Party/FreeRTOS/Source/timers.c ****  * to pdTRUE.
ARM GAS  C:\Users\31005\AppData\Local\Temp\cc5BHn3C.s 			page 5


 202:Middlewares/Third_Party/FreeRTOS/Source/timers.c ****  */
 203:Middlewares/Third_Party/FreeRTOS/Source/timers.c **** static TickType_t prvGetNextExpireTime( BaseType_t * const pxListWasEmpty ) PRIVILEGED_FUNCTION;
 204:Middlewares/Third_Party/FreeRTOS/Source/timers.c **** 
 205:Middlewares/Third_Party/FreeRTOS/Source/timers.c **** /*
 206:Middlewares/Third_Party/FreeRTOS/Source/timers.c ****  * If a timer has expired, process it.  Otherwise, block the timer service task
 207:Middlewares/Third_Party/FreeRTOS/Source/timers.c ****  * until either a timer does expire or a command is received.
 208:Middlewares/Third_Party/FreeRTOS/Source/timers.c ****  */
 209:Middlewares/Third_Party/FreeRTOS/Source/timers.c **** static void prvProcessTimerOrBlockTask( const TickType_t xNextExpireTime, BaseType_t xListWasEmpty 
 210:Middlewares/Third_Party/FreeRTOS/Source/timers.c **** 
 211:Middlewares/Third_Party/FreeRTOS/Source/timers.c **** /*
 212:Middlewares/Third_Party/FreeRTOS/Source/timers.c ****  * Called after a Timer_t structure has been allocated either statically or
 213:Middlewares/Third_Party/FreeRTOS/Source/timers.c ****  * dynamically to fill in the structure's members.
 214:Middlewares/Third_Party/FreeRTOS/Source/timers.c ****  */
 215:Middlewares/Third_Party/FreeRTOS/Source/timers.c **** static void prvInitialiseNewTimer(	const char * const pcTimerName,			/*lint !e971 Unqualified char 
 216:Middlewares/Third_Party/FreeRTOS/Source/timers.c **** 									const TickType_t xTimerPeriodInTicks,
 217:Middlewares/Third_Party/FreeRTOS/Source/timers.c **** 									const UBaseType_t uxAutoReload,
 218:Middlewares/Third_Party/FreeRTOS/Source/timers.c **** 									void * const pvTimerID,
 219:Middlewares/Third_Party/FreeRTOS/Source/timers.c **** 									TimerCallbackFunction_t pxCallbackFunction,
 220:Middlewares/Third_Party/FreeRTOS/Source/timers.c **** 									Timer_t *pxNewTimer ) PRIVILEGED_FUNCTION;
 221:Middlewares/Third_Party/FreeRTOS/Source/timers.c **** /*-----------------------------------------------------------*/
 222:Middlewares/Third_Party/FreeRTOS/Source/timers.c **** 
 223:Middlewares/Third_Party/FreeRTOS/Source/timers.c **** BaseType_t xTimerCreateTimerTask( void )
 224:Middlewares/Third_Party/FreeRTOS/Source/timers.c **** {
 225:Middlewares/Third_Party/FreeRTOS/Source/timers.c **** BaseType_t xReturn = pdFAIL;
 226:Middlewares/Third_Party/FreeRTOS/Source/timers.c **** 
 227:Middlewares/Third_Party/FreeRTOS/Source/timers.c **** 	/* This function is called when the scheduler is started if
 228:Middlewares/Third_Party/FreeRTOS/Source/timers.c **** 	configUSE_TIMERS is set to 1.  Check that the infrastructure used by the
 229:Middlewares/Third_Party/FreeRTOS/Source/timers.c **** 	timer service task has been created/initialised.  If timers have already
 230:Middlewares/Third_Party/FreeRTOS/Source/timers.c **** 	been created then the initialisation will already have been performed. */
 231:Middlewares/Third_Party/FreeRTOS/Source/timers.c **** 	prvCheckForValidListAndQueue();
 232:Middlewares/Third_Party/FreeRTOS/Source/timers.c **** 
 233:Middlewares/Third_Party/FreeRTOS/Source/timers.c **** 	if( xTimerQueue != NULL )
 234:Middlewares/Third_Party/FreeRTOS/Source/timers.c **** 	{
 235:Middlewares/Third_Party/FreeRTOS/Source/timers.c **** 		#if( configSUPPORT_STATIC_ALLOCATION == 1 )
 236:Middlewares/Third_Party/FreeRTOS/Source/timers.c **** 		{
 237:Middlewares/Third_Party/FreeRTOS/Source/timers.c **** 			StaticTask_t *pxTimerTaskTCBBuffer = NULL;
 238:Middlewares/Third_Party/FreeRTOS/Source/timers.c **** 			StackType_t *pxTimerTaskStackBuffer = NULL;
 239:Middlewares/Third_Party/FreeRTOS/Source/timers.c **** 			uint32_t ulTimerTaskStackSize;
 240:Middlewares/Third_Party/FreeRTOS/Source/timers.c **** 
 241:Middlewares/Third_Party/FreeRTOS/Source/timers.c **** 			vApplicationGetTimerTaskMemory( &pxTimerTaskTCBBuffer, &pxTimerTaskStackBuffer, &ulTimerTaskStac
 242:Middlewares/Third_Party/FreeRTOS/Source/timers.c **** 			xTimerTaskHandle = xTaskCreateStatic(	prvTimerTask,
 243:Middlewares/Third_Party/FreeRTOS/Source/timers.c **** 													configTIMER_SERVICE_TASK_NAME,
 244:Middlewares/Third_Party/FreeRTOS/Source/timers.c **** 													ulTimerTaskStackSize,
 245:Middlewares/Third_Party/FreeRTOS/Source/timers.c **** 													NULL,
 246:Middlewares/Third_Party/FreeRTOS/Source/timers.c **** 													( ( UBaseType_t ) configTIMER_TASK_PRIORITY ) | portPRIVILEGE_BIT,
 247:Middlewares/Third_Party/FreeRTOS/Source/timers.c **** 													pxTimerTaskStackBuffer,
 248:Middlewares/Third_Party/FreeRTOS/Source/timers.c **** 													pxTimerTaskTCBBuffer );
 249:Middlewares/Third_Party/FreeRTOS/Source/timers.c **** 
 250:Middlewares/Third_Party/FreeRTOS/Source/timers.c **** 			if( xTimerTaskHandle != NULL )
 251:Middlewares/Third_Party/FreeRTOS/Source/timers.c **** 			{
 252:Middlewares/Third_Party/FreeRTOS/Source/timers.c **** 				xReturn = pdPASS;
 253:Middlewares/Third_Party/FreeRTOS/Source/timers.c **** 			}
 254:Middlewares/Third_Party/FreeRTOS/Source/timers.c **** 		}
 255:Middlewares/Third_Party/FreeRTOS/Source/timers.c **** 		#else
 256:Middlewares/Third_Party/FreeRTOS/Source/timers.c **** 		{
 257:Middlewares/Third_Party/FreeRTOS/Source/timers.c **** 			xReturn = xTaskCreate(	prvTimerTask,
 258:Middlewares/Third_Party/FreeRTOS/Source/timers.c **** 									configTIMER_SERVICE_TASK_NAME,
ARM GAS  C:\Users\31005\AppData\Local\Temp\cc5BHn3C.s 			page 6


 259:Middlewares/Third_Party/FreeRTOS/Source/timers.c **** 									configTIMER_TASK_STACK_DEPTH,
 260:Middlewares/Third_Party/FreeRTOS/Source/timers.c **** 									NULL,
 261:Middlewares/Third_Party/FreeRTOS/Source/timers.c **** 									( ( UBaseType_t ) configTIMER_TASK_PRIORITY ) | portPRIVILEGE_BIT,
 262:Middlewares/Third_Party/FreeRTOS/Source/timers.c **** 									&xTimerTaskHandle );
 263:Middlewares/Third_Party/FreeRTOS/Source/timers.c **** 		}
 264:Middlewares/Third_Party/FreeRTOS/Source/timers.c **** 		#endif /* configSUPPORT_STATIC_ALLOCATION */
 265:Middlewares/Third_Party/FreeRTOS/Source/timers.c **** 	}
 266:Middlewares/Third_Party/FreeRTOS/Source/timers.c **** 	else
 267:Middlewares/Third_Party/FreeRTOS/Source/timers.c **** 	{
 268:Middlewares/Third_Party/FreeRTOS/Source/timers.c **** 		mtCOVERAGE_TEST_MARKER();
 269:Middlewares/Third_Party/FreeRTOS/Source/timers.c **** 	}
 270:Middlewares/Third_Party/FreeRTOS/Source/timers.c **** 
 271:Middlewares/Third_Party/FreeRTOS/Source/timers.c **** 	configASSERT( xReturn );
 272:Middlewares/Third_Party/FreeRTOS/Source/timers.c **** 	return xReturn;
 273:Middlewares/Third_Party/FreeRTOS/Source/timers.c **** }
 274:Middlewares/Third_Party/FreeRTOS/Source/timers.c **** /*-----------------------------------------------------------*/
 275:Middlewares/Third_Party/FreeRTOS/Source/timers.c **** 
 276:Middlewares/Third_Party/FreeRTOS/Source/timers.c **** #if( configSUPPORT_DYNAMIC_ALLOCATION == 1 )
 277:Middlewares/Third_Party/FreeRTOS/Source/timers.c **** 
 278:Middlewares/Third_Party/FreeRTOS/Source/timers.c **** 	TimerHandle_t xTimerCreate(	const char * const pcTimerName,			/*lint !e971 Unqualified char types 
 279:Middlewares/Third_Party/FreeRTOS/Source/timers.c **** 								const TickType_t xTimerPeriodInTicks,
 280:Middlewares/Third_Party/FreeRTOS/Source/timers.c **** 								const UBaseType_t uxAutoReload,
 281:Middlewares/Third_Party/FreeRTOS/Source/timers.c **** 								void * const pvTimerID,
 282:Middlewares/Third_Party/FreeRTOS/Source/timers.c **** 								TimerCallbackFunction_t pxCallbackFunction )
 283:Middlewares/Third_Party/FreeRTOS/Source/timers.c **** 	{
 284:Middlewares/Third_Party/FreeRTOS/Source/timers.c **** 	Timer_t *pxNewTimer;
 285:Middlewares/Third_Party/FreeRTOS/Source/timers.c **** 
 286:Middlewares/Third_Party/FreeRTOS/Source/timers.c **** 		pxNewTimer = ( Timer_t * ) pvPortMalloc( sizeof( Timer_t ) );
 287:Middlewares/Third_Party/FreeRTOS/Source/timers.c **** 
 288:Middlewares/Third_Party/FreeRTOS/Source/timers.c **** 		if( pxNewTimer != NULL )
 289:Middlewares/Third_Party/FreeRTOS/Source/timers.c **** 		{
 290:Middlewares/Third_Party/FreeRTOS/Source/timers.c **** 			prvInitialiseNewTimer( pcTimerName, xTimerPeriodInTicks, uxAutoReload, pvTimerID, pxCallbackFunc
 291:Middlewares/Third_Party/FreeRTOS/Source/timers.c **** 
 292:Middlewares/Third_Party/FreeRTOS/Source/timers.c **** 			#if( configSUPPORT_STATIC_ALLOCATION == 1 )
 293:Middlewares/Third_Party/FreeRTOS/Source/timers.c **** 			{
 294:Middlewares/Third_Party/FreeRTOS/Source/timers.c **** 				/* Timers can be created statically or dynamically, so note this
 295:Middlewares/Third_Party/FreeRTOS/Source/timers.c **** 				timer was created dynamically in case the timer is later
 296:Middlewares/Third_Party/FreeRTOS/Source/timers.c **** 				deleted. */
 297:Middlewares/Third_Party/FreeRTOS/Source/timers.c **** 				pxNewTimer->ucStaticallyAllocated = pdFALSE;
 298:Middlewares/Third_Party/FreeRTOS/Source/timers.c **** 			}
 299:Middlewares/Third_Party/FreeRTOS/Source/timers.c **** 			#endif /* configSUPPORT_STATIC_ALLOCATION */
 300:Middlewares/Third_Party/FreeRTOS/Source/timers.c **** 		}
 301:Middlewares/Third_Party/FreeRTOS/Source/timers.c **** 
 302:Middlewares/Third_Party/FreeRTOS/Source/timers.c **** 		return pxNewTimer;
 303:Middlewares/Third_Party/FreeRTOS/Source/timers.c **** 	}
 304:Middlewares/Third_Party/FreeRTOS/Source/timers.c **** 
 305:Middlewares/Third_Party/FreeRTOS/Source/timers.c **** #endif /* configSUPPORT_STATIC_ALLOCATION */
 306:Middlewares/Third_Party/FreeRTOS/Source/timers.c **** /*-----------------------------------------------------------*/
 307:Middlewares/Third_Party/FreeRTOS/Source/timers.c **** 
 308:Middlewares/Third_Party/FreeRTOS/Source/timers.c **** #if( configSUPPORT_STATIC_ALLOCATION == 1 )
 309:Middlewares/Third_Party/FreeRTOS/Source/timers.c **** 
 310:Middlewares/Third_Party/FreeRTOS/Source/timers.c **** 	TimerHandle_t xTimerCreateStatic(	const char * const pcTimerName,		/*lint !e971 Unqualified char t
 311:Middlewares/Third_Party/FreeRTOS/Source/timers.c **** 										const TickType_t xTimerPeriodInTicks,
 312:Middlewares/Third_Party/FreeRTOS/Source/timers.c **** 										const UBaseType_t uxAutoReload,
 313:Middlewares/Third_Party/FreeRTOS/Source/timers.c **** 										void * const pvTimerID,
 314:Middlewares/Third_Party/FreeRTOS/Source/timers.c **** 										TimerCallbackFunction_t pxCallbackFunction,
 315:Middlewares/Third_Party/FreeRTOS/Source/timers.c **** 										StaticTimer_t *pxTimerBuffer )
ARM GAS  C:\Users\31005\AppData\Local\Temp\cc5BHn3C.s 			page 7


 316:Middlewares/Third_Party/FreeRTOS/Source/timers.c **** 	{
 317:Middlewares/Third_Party/FreeRTOS/Source/timers.c **** 	Timer_t *pxNewTimer;
 318:Middlewares/Third_Party/FreeRTOS/Source/timers.c **** 
 319:Middlewares/Third_Party/FreeRTOS/Source/timers.c **** 		#if( configASSERT_DEFINED == 1 )
 320:Middlewares/Third_Party/FreeRTOS/Source/timers.c **** 		{
 321:Middlewares/Third_Party/FreeRTOS/Source/timers.c **** 			/* Sanity check that the size of the structure used to declare a
 322:Middlewares/Third_Party/FreeRTOS/Source/timers.c **** 			variable of type StaticTimer_t equals the size of the real timer
 323:Middlewares/Third_Party/FreeRTOS/Source/timers.c **** 			structure. */
 324:Middlewares/Third_Party/FreeRTOS/Source/timers.c **** 			volatile size_t xSize = sizeof( StaticTimer_t );
 325:Middlewares/Third_Party/FreeRTOS/Source/timers.c **** 			configASSERT( xSize == sizeof( Timer_t ) );
 326:Middlewares/Third_Party/FreeRTOS/Source/timers.c **** 		}
 327:Middlewares/Third_Party/FreeRTOS/Source/timers.c **** 		#endif /* configASSERT_DEFINED */
 328:Middlewares/Third_Party/FreeRTOS/Source/timers.c **** 
 329:Middlewares/Third_Party/FreeRTOS/Source/timers.c **** 		/* A pointer to a StaticTimer_t structure MUST be provided, use it. */
 330:Middlewares/Third_Party/FreeRTOS/Source/timers.c **** 		configASSERT( pxTimerBuffer );
 331:Middlewares/Third_Party/FreeRTOS/Source/timers.c **** 		pxNewTimer = ( Timer_t * ) pxTimerBuffer; /*lint !e740 Unusual cast is ok as the structures are d
 332:Middlewares/Third_Party/FreeRTOS/Source/timers.c **** 
 333:Middlewares/Third_Party/FreeRTOS/Source/timers.c **** 		if( pxNewTimer != NULL )
 334:Middlewares/Third_Party/FreeRTOS/Source/timers.c **** 		{
 335:Middlewares/Third_Party/FreeRTOS/Source/timers.c **** 			prvInitialiseNewTimer( pcTimerName, xTimerPeriodInTicks, uxAutoReload, pvTimerID, pxCallbackFunc
 336:Middlewares/Third_Party/FreeRTOS/Source/timers.c **** 
 337:Middlewares/Third_Party/FreeRTOS/Source/timers.c **** 			#if( configSUPPORT_DYNAMIC_ALLOCATION == 1 )
 338:Middlewares/Third_Party/FreeRTOS/Source/timers.c **** 			{
 339:Middlewares/Third_Party/FreeRTOS/Source/timers.c **** 				/* Timers can be created statically or dynamically so note this
 340:Middlewares/Third_Party/FreeRTOS/Source/timers.c **** 				timer was created statically in case it is later deleted. */
 341:Middlewares/Third_Party/FreeRTOS/Source/timers.c **** 				pxNewTimer->ucStaticallyAllocated = pdTRUE;
 342:Middlewares/Third_Party/FreeRTOS/Source/timers.c **** 			}
 343:Middlewares/Third_Party/FreeRTOS/Source/timers.c **** 			#endif /* configSUPPORT_DYNAMIC_ALLOCATION */
 344:Middlewares/Third_Party/FreeRTOS/Source/timers.c **** 		}
 345:Middlewares/Third_Party/FreeRTOS/Source/timers.c **** 
 346:Middlewares/Third_Party/FreeRTOS/Source/timers.c **** 		return pxNewTimer;
 347:Middlewares/Third_Party/FreeRTOS/Source/timers.c **** 	}
 348:Middlewares/Third_Party/FreeRTOS/Source/timers.c **** 
 349:Middlewares/Third_Party/FreeRTOS/Source/timers.c **** #endif /* configSUPPORT_STATIC_ALLOCATION */
 350:Middlewares/Third_Party/FreeRTOS/Source/timers.c **** /*-----------------------------------------------------------*/
 351:Middlewares/Third_Party/FreeRTOS/Source/timers.c **** 
 352:Middlewares/Third_Party/FreeRTOS/Source/timers.c **** static void prvInitialiseNewTimer(	const char * const pcTimerName,			/*lint !e971 Unqualified char 
 353:Middlewares/Third_Party/FreeRTOS/Source/timers.c **** 									const TickType_t xTimerPeriodInTicks,
 354:Middlewares/Third_Party/FreeRTOS/Source/timers.c **** 									const UBaseType_t uxAutoReload,
 355:Middlewares/Third_Party/FreeRTOS/Source/timers.c **** 									void * const pvTimerID,
 356:Middlewares/Third_Party/FreeRTOS/Source/timers.c **** 									TimerCallbackFunction_t pxCallbackFunction,
 357:Middlewares/Third_Party/FreeRTOS/Source/timers.c **** 									Timer_t *pxNewTimer )
 358:Middlewares/Third_Party/FreeRTOS/Source/timers.c **** {
 359:Middlewares/Third_Party/FreeRTOS/Source/timers.c **** 	/* 0 is not a valid value for xTimerPeriodInTicks. */
 360:Middlewares/Third_Party/FreeRTOS/Source/timers.c **** 	configASSERT( ( xTimerPeriodInTicks > 0 ) );
 361:Middlewares/Third_Party/FreeRTOS/Source/timers.c **** 
 362:Middlewares/Third_Party/FreeRTOS/Source/timers.c **** 	if( pxNewTimer != NULL )
 363:Middlewares/Third_Party/FreeRTOS/Source/timers.c **** 	{
 364:Middlewares/Third_Party/FreeRTOS/Source/timers.c **** 		/* Ensure the infrastructure used by the timer service task has been
 365:Middlewares/Third_Party/FreeRTOS/Source/timers.c **** 		created/initialised. */
 366:Middlewares/Third_Party/FreeRTOS/Source/timers.c **** 		prvCheckForValidListAndQueue();
 367:Middlewares/Third_Party/FreeRTOS/Source/timers.c **** 
 368:Middlewares/Third_Party/FreeRTOS/Source/timers.c **** 		/* Initialise the timer structure members using the function
 369:Middlewares/Third_Party/FreeRTOS/Source/timers.c **** 		parameters. */
 370:Middlewares/Third_Party/FreeRTOS/Source/timers.c **** 		pxNewTimer->pcTimerName = pcTimerName;
 371:Middlewares/Third_Party/FreeRTOS/Source/timers.c **** 		pxNewTimer->xTimerPeriodInTicks = xTimerPeriodInTicks;
 372:Middlewares/Third_Party/FreeRTOS/Source/timers.c **** 		pxNewTimer->uxAutoReload = uxAutoReload;
ARM GAS  C:\Users\31005\AppData\Local\Temp\cc5BHn3C.s 			page 8


 373:Middlewares/Third_Party/FreeRTOS/Source/timers.c **** 		pxNewTimer->pvTimerID = pvTimerID;
 374:Middlewares/Third_Party/FreeRTOS/Source/timers.c **** 		pxNewTimer->pxCallbackFunction = pxCallbackFunction;
 375:Middlewares/Third_Party/FreeRTOS/Source/timers.c **** 		vListInitialiseItem( &( pxNewTimer->xTimerListItem ) );
 376:Middlewares/Third_Party/FreeRTOS/Source/timers.c **** 		traceTIMER_CREATE( pxNewTimer );
 377:Middlewares/Third_Party/FreeRTOS/Source/timers.c **** 	}
 378:Middlewares/Third_Party/FreeRTOS/Source/timers.c **** }
 379:Middlewares/Third_Party/FreeRTOS/Source/timers.c **** /*-----------------------------------------------------------*/
 380:Middlewares/Third_Party/FreeRTOS/Source/timers.c **** 
 381:Middlewares/Third_Party/FreeRTOS/Source/timers.c **** BaseType_t xTimerGenericCommand( TimerHandle_t xTimer, const BaseType_t xCommandID, const TickType_
 382:Middlewares/Third_Party/FreeRTOS/Source/timers.c **** {
 383:Middlewares/Third_Party/FreeRTOS/Source/timers.c **** BaseType_t xReturn = pdFAIL;
 384:Middlewares/Third_Party/FreeRTOS/Source/timers.c **** DaemonTaskMessage_t xMessage;
 385:Middlewares/Third_Party/FreeRTOS/Source/timers.c **** 
 386:Middlewares/Third_Party/FreeRTOS/Source/timers.c **** 	configASSERT( xTimer );
 387:Middlewares/Third_Party/FreeRTOS/Source/timers.c **** 
 388:Middlewares/Third_Party/FreeRTOS/Source/timers.c **** 	/* Send a message to the timer service task to perform a particular action
 389:Middlewares/Third_Party/FreeRTOS/Source/timers.c **** 	on a particular timer definition. */
 390:Middlewares/Third_Party/FreeRTOS/Source/timers.c **** 	if( xTimerQueue != NULL )
 391:Middlewares/Third_Party/FreeRTOS/Source/timers.c **** 	{
 392:Middlewares/Third_Party/FreeRTOS/Source/timers.c **** 		/* Send a command to the timer service task to start the xTimer timer. */
 393:Middlewares/Third_Party/FreeRTOS/Source/timers.c **** 		xMessage.xMessageID = xCommandID;
 394:Middlewares/Third_Party/FreeRTOS/Source/timers.c **** 		xMessage.u.xTimerParameters.xMessageValue = xOptionalValue;
 395:Middlewares/Third_Party/FreeRTOS/Source/timers.c **** 		xMessage.u.xTimerParameters.pxTimer = ( Timer_t * ) xTimer;
 396:Middlewares/Third_Party/FreeRTOS/Source/timers.c **** 
 397:Middlewares/Third_Party/FreeRTOS/Source/timers.c **** 		if( xCommandID < tmrFIRST_FROM_ISR_COMMAND )
 398:Middlewares/Third_Party/FreeRTOS/Source/timers.c **** 		{
 399:Middlewares/Third_Party/FreeRTOS/Source/timers.c **** 			if( xTaskGetSchedulerState() == taskSCHEDULER_RUNNING )
 400:Middlewares/Third_Party/FreeRTOS/Source/timers.c **** 			{
 401:Middlewares/Third_Party/FreeRTOS/Source/timers.c **** 				xReturn = xQueueSendToBack( xTimerQueue, &xMessage, xTicksToWait );
 402:Middlewares/Third_Party/FreeRTOS/Source/timers.c **** 			}
 403:Middlewares/Third_Party/FreeRTOS/Source/timers.c **** 			else
 404:Middlewares/Third_Party/FreeRTOS/Source/timers.c **** 			{
 405:Middlewares/Third_Party/FreeRTOS/Source/timers.c **** 				xReturn = xQueueSendToBack( xTimerQueue, &xMessage, tmrNO_DELAY );
 406:Middlewares/Third_Party/FreeRTOS/Source/timers.c **** 			}
 407:Middlewares/Third_Party/FreeRTOS/Source/timers.c **** 		}
 408:Middlewares/Third_Party/FreeRTOS/Source/timers.c **** 		else
 409:Middlewares/Third_Party/FreeRTOS/Source/timers.c **** 		{
 410:Middlewares/Third_Party/FreeRTOS/Source/timers.c **** 			xReturn = xQueueSendToBackFromISR( xTimerQueue, &xMessage, pxHigherPriorityTaskWoken );
 411:Middlewares/Third_Party/FreeRTOS/Source/timers.c **** 		}
 412:Middlewares/Third_Party/FreeRTOS/Source/timers.c **** 
 413:Middlewares/Third_Party/FreeRTOS/Source/timers.c **** 		traceTIMER_COMMAND_SEND( xTimer, xCommandID, xOptionalValue, xReturn );
 414:Middlewares/Third_Party/FreeRTOS/Source/timers.c **** 	}
 415:Middlewares/Third_Party/FreeRTOS/Source/timers.c **** 	else
 416:Middlewares/Third_Party/FreeRTOS/Source/timers.c **** 	{
 417:Middlewares/Third_Party/FreeRTOS/Source/timers.c **** 		mtCOVERAGE_TEST_MARKER();
 418:Middlewares/Third_Party/FreeRTOS/Source/timers.c **** 	}
 419:Middlewares/Third_Party/FreeRTOS/Source/timers.c **** 
 420:Middlewares/Third_Party/FreeRTOS/Source/timers.c **** 	return xReturn;
 421:Middlewares/Third_Party/FreeRTOS/Source/timers.c **** }
 422:Middlewares/Third_Party/FreeRTOS/Source/timers.c **** /*-----------------------------------------------------------*/
 423:Middlewares/Third_Party/FreeRTOS/Source/timers.c **** 
 424:Middlewares/Third_Party/FreeRTOS/Source/timers.c **** TaskHandle_t xTimerGetTimerDaemonTaskHandle( void )
 425:Middlewares/Third_Party/FreeRTOS/Source/timers.c **** {
 426:Middlewares/Third_Party/FreeRTOS/Source/timers.c **** 	/* If xTimerGetTimerDaemonTaskHandle() is called before the scheduler has been
 427:Middlewares/Third_Party/FreeRTOS/Source/timers.c **** 	started, then xTimerTaskHandle will be NULL. */
 428:Middlewares/Third_Party/FreeRTOS/Source/timers.c **** 	configASSERT( ( xTimerTaskHandle != NULL ) );
 429:Middlewares/Third_Party/FreeRTOS/Source/timers.c **** 	return xTimerTaskHandle;
ARM GAS  C:\Users\31005\AppData\Local\Temp\cc5BHn3C.s 			page 9


 430:Middlewares/Third_Party/FreeRTOS/Source/timers.c **** }
 431:Middlewares/Third_Party/FreeRTOS/Source/timers.c **** /*-----------------------------------------------------------*/
 432:Middlewares/Third_Party/FreeRTOS/Source/timers.c **** 
 433:Middlewares/Third_Party/FreeRTOS/Source/timers.c **** TickType_t xTimerGetPeriod( TimerHandle_t xTimer )
 434:Middlewares/Third_Party/FreeRTOS/Source/timers.c **** {
 435:Middlewares/Third_Party/FreeRTOS/Source/timers.c **** Timer_t *pxTimer = ( Timer_t * ) xTimer;
 436:Middlewares/Third_Party/FreeRTOS/Source/timers.c **** 
 437:Middlewares/Third_Party/FreeRTOS/Source/timers.c **** 	configASSERT( xTimer );
 438:Middlewares/Third_Party/FreeRTOS/Source/timers.c **** 	return pxTimer->xTimerPeriodInTicks;
 439:Middlewares/Third_Party/FreeRTOS/Source/timers.c **** }
 440:Middlewares/Third_Party/FreeRTOS/Source/timers.c **** /*-----------------------------------------------------------*/
 441:Middlewares/Third_Party/FreeRTOS/Source/timers.c **** 
 442:Middlewares/Third_Party/FreeRTOS/Source/timers.c **** TickType_t xTimerGetExpiryTime( TimerHandle_t xTimer )
 443:Middlewares/Third_Party/FreeRTOS/Source/timers.c **** {
 444:Middlewares/Third_Party/FreeRTOS/Source/timers.c **** Timer_t * pxTimer = ( Timer_t * ) xTimer;
 445:Middlewares/Third_Party/FreeRTOS/Source/timers.c **** TickType_t xReturn;
 446:Middlewares/Third_Party/FreeRTOS/Source/timers.c **** 
 447:Middlewares/Third_Party/FreeRTOS/Source/timers.c **** 	configASSERT( xTimer );
 448:Middlewares/Third_Party/FreeRTOS/Source/timers.c **** 	xReturn = listGET_LIST_ITEM_VALUE( &( pxTimer->xTimerListItem ) );
 449:Middlewares/Third_Party/FreeRTOS/Source/timers.c **** 	return xReturn;
 450:Middlewares/Third_Party/FreeRTOS/Source/timers.c **** }
 451:Middlewares/Third_Party/FreeRTOS/Source/timers.c **** /*-----------------------------------------------------------*/
 452:Middlewares/Third_Party/FreeRTOS/Source/timers.c **** 
 453:Middlewares/Third_Party/FreeRTOS/Source/timers.c **** const char * pcTimerGetName( TimerHandle_t xTimer ) /*lint !e971 Unqualified char types are allowed
 454:Middlewares/Third_Party/FreeRTOS/Source/timers.c **** {
 455:Middlewares/Third_Party/FreeRTOS/Source/timers.c **** Timer_t *pxTimer = ( Timer_t * ) xTimer;
 456:Middlewares/Third_Party/FreeRTOS/Source/timers.c **** 
 457:Middlewares/Third_Party/FreeRTOS/Source/timers.c **** 	configASSERT( xTimer );
 458:Middlewares/Third_Party/FreeRTOS/Source/timers.c **** 	return pxTimer->pcTimerName;
 459:Middlewares/Third_Party/FreeRTOS/Source/timers.c **** }
 460:Middlewares/Third_Party/FreeRTOS/Source/timers.c **** /*-----------------------------------------------------------*/
 461:Middlewares/Third_Party/FreeRTOS/Source/timers.c **** 
 462:Middlewares/Third_Party/FreeRTOS/Source/timers.c **** static void prvProcessExpiredTimer( const TickType_t xNextExpireTime, const TickType_t xTimeNow )
 463:Middlewares/Third_Party/FreeRTOS/Source/timers.c **** {
 464:Middlewares/Third_Party/FreeRTOS/Source/timers.c **** BaseType_t xResult;
 465:Middlewares/Third_Party/FreeRTOS/Source/timers.c **** Timer_t * const pxTimer = ( Timer_t * ) listGET_OWNER_OF_HEAD_ENTRY( pxCurrentTimerList );
 466:Middlewares/Third_Party/FreeRTOS/Source/timers.c **** 
 467:Middlewares/Third_Party/FreeRTOS/Source/timers.c **** 	/* Remove the timer from the list of active timers.  A check has already
 468:Middlewares/Third_Party/FreeRTOS/Source/timers.c **** 	been performed to ensure the list is not empty. */
 469:Middlewares/Third_Party/FreeRTOS/Source/timers.c **** 	( void ) uxListRemove( &( pxTimer->xTimerListItem ) );
 470:Middlewares/Third_Party/FreeRTOS/Source/timers.c **** 	traceTIMER_EXPIRED( pxTimer );
 471:Middlewares/Third_Party/FreeRTOS/Source/timers.c **** 
 472:Middlewares/Third_Party/FreeRTOS/Source/timers.c **** 	/* If the timer is an auto reload timer then calculate the next
 473:Middlewares/Third_Party/FreeRTOS/Source/timers.c **** 	expiry time and re-insert the timer in the list of active timers. */
 474:Middlewares/Third_Party/FreeRTOS/Source/timers.c **** 	if( pxTimer->uxAutoReload == ( UBaseType_t ) pdTRUE )
 475:Middlewares/Third_Party/FreeRTOS/Source/timers.c **** 	{
 476:Middlewares/Third_Party/FreeRTOS/Source/timers.c **** 		/* The timer is inserted into a list using a time relative to anything
 477:Middlewares/Third_Party/FreeRTOS/Source/timers.c **** 		other than the current time.  It will therefore be inserted into the
 478:Middlewares/Third_Party/FreeRTOS/Source/timers.c **** 		correct list relative to the time this task thinks it is now. */
 479:Middlewares/Third_Party/FreeRTOS/Source/timers.c **** 		if( prvInsertTimerInActiveList( pxTimer, ( xNextExpireTime + pxTimer->xTimerPeriodInTicks ), xTim
 480:Middlewares/Third_Party/FreeRTOS/Source/timers.c **** 		{
 481:Middlewares/Third_Party/FreeRTOS/Source/timers.c **** 			/* The timer expired before it was added to the active timer
 482:Middlewares/Third_Party/FreeRTOS/Source/timers.c **** 			list.  Reload it now.  */
 483:Middlewares/Third_Party/FreeRTOS/Source/timers.c **** 			xResult = xTimerGenericCommand( pxTimer, tmrCOMMAND_START_DONT_TRACE, xNextExpireTime, NULL, tmr
 484:Middlewares/Third_Party/FreeRTOS/Source/timers.c **** 			configASSERT( xResult );
 485:Middlewares/Third_Party/FreeRTOS/Source/timers.c **** 			( void ) xResult;
 486:Middlewares/Third_Party/FreeRTOS/Source/timers.c **** 		}
ARM GAS  C:\Users\31005\AppData\Local\Temp\cc5BHn3C.s 			page 10


 487:Middlewares/Third_Party/FreeRTOS/Source/timers.c **** 		else
 488:Middlewares/Third_Party/FreeRTOS/Source/timers.c **** 		{
 489:Middlewares/Third_Party/FreeRTOS/Source/timers.c **** 			mtCOVERAGE_TEST_MARKER();
 490:Middlewares/Third_Party/FreeRTOS/Source/timers.c **** 		}
 491:Middlewares/Third_Party/FreeRTOS/Source/timers.c **** 	}
 492:Middlewares/Third_Party/FreeRTOS/Source/timers.c **** 	else
 493:Middlewares/Third_Party/FreeRTOS/Source/timers.c **** 	{
 494:Middlewares/Third_Party/FreeRTOS/Source/timers.c **** 		mtCOVERAGE_TEST_MARKER();
 495:Middlewares/Third_Party/FreeRTOS/Source/timers.c **** 	}
 496:Middlewares/Third_Party/FreeRTOS/Source/timers.c **** 
 497:Middlewares/Third_Party/FreeRTOS/Source/timers.c **** 	/* Call the timer callback. */
 498:Middlewares/Third_Party/FreeRTOS/Source/timers.c **** 	pxTimer->pxCallbackFunction( ( TimerHandle_t ) pxTimer );
 499:Middlewares/Third_Party/FreeRTOS/Source/timers.c **** }
 500:Middlewares/Third_Party/FreeRTOS/Source/timers.c **** /*-----------------------------------------------------------*/
 501:Middlewares/Third_Party/FreeRTOS/Source/timers.c **** 
 502:Middlewares/Third_Party/FreeRTOS/Source/timers.c **** static void prvTimerTask( void *pvParameters )
 503:Middlewares/Third_Party/FreeRTOS/Source/timers.c **** {
 504:Middlewares/Third_Party/FreeRTOS/Source/timers.c **** TickType_t xNextExpireTime;
 505:Middlewares/Third_Party/FreeRTOS/Source/timers.c **** BaseType_t xListWasEmpty;
 506:Middlewares/Third_Party/FreeRTOS/Source/timers.c **** 
 507:Middlewares/Third_Party/FreeRTOS/Source/timers.c **** 	/* Just to avoid compiler warnings. */
 508:Middlewares/Third_Party/FreeRTOS/Source/timers.c **** 	( void ) pvParameters;
 509:Middlewares/Third_Party/FreeRTOS/Source/timers.c **** 
 510:Middlewares/Third_Party/FreeRTOS/Source/timers.c **** 	#if( configUSE_DAEMON_TASK_STARTUP_HOOK == 1 )
 511:Middlewares/Third_Party/FreeRTOS/Source/timers.c **** 	{
 512:Middlewares/Third_Party/FreeRTOS/Source/timers.c **** 		extern void vApplicationDaemonTaskStartupHook( void );
 513:Middlewares/Third_Party/FreeRTOS/Source/timers.c **** 
 514:Middlewares/Third_Party/FreeRTOS/Source/timers.c **** 		/* Allow the application writer to execute some code in the context of
 515:Middlewares/Third_Party/FreeRTOS/Source/timers.c **** 		this task at the point the task starts executing.  This is useful if the
 516:Middlewares/Third_Party/FreeRTOS/Source/timers.c **** 		application includes initialisation code that would benefit from
 517:Middlewares/Third_Party/FreeRTOS/Source/timers.c **** 		executing after the scheduler has been started. */
 518:Middlewares/Third_Party/FreeRTOS/Source/timers.c **** 		vApplicationDaemonTaskStartupHook();
 519:Middlewares/Third_Party/FreeRTOS/Source/timers.c **** 	}
 520:Middlewares/Third_Party/FreeRTOS/Source/timers.c **** 	#endif /* configUSE_DAEMON_TASK_STARTUP_HOOK */
 521:Middlewares/Third_Party/FreeRTOS/Source/timers.c **** 
 522:Middlewares/Third_Party/FreeRTOS/Source/timers.c **** 	for( ;; )
 523:Middlewares/Third_Party/FreeRTOS/Source/timers.c **** 	{
 524:Middlewares/Third_Party/FreeRTOS/Source/timers.c **** 		/* Query the timers list to see if it contains any timers, and if so,
 525:Middlewares/Third_Party/FreeRTOS/Source/timers.c **** 		obtain the time at which the next timer will expire. */
 526:Middlewares/Third_Party/FreeRTOS/Source/timers.c **** 		xNextExpireTime = prvGetNextExpireTime( &xListWasEmpty );
 527:Middlewares/Third_Party/FreeRTOS/Source/timers.c **** 
 528:Middlewares/Third_Party/FreeRTOS/Source/timers.c **** 		/* If a timer has expired, process it.  Otherwise, block this task
 529:Middlewares/Third_Party/FreeRTOS/Source/timers.c **** 		until either a timer does expire, or a command is received. */
 530:Middlewares/Third_Party/FreeRTOS/Source/timers.c **** 		prvProcessTimerOrBlockTask( xNextExpireTime, xListWasEmpty );
 531:Middlewares/Third_Party/FreeRTOS/Source/timers.c **** 
 532:Middlewares/Third_Party/FreeRTOS/Source/timers.c **** 		/* Empty the command queue. */
 533:Middlewares/Third_Party/FreeRTOS/Source/timers.c **** 		prvProcessReceivedCommands();
 534:Middlewares/Third_Party/FreeRTOS/Source/timers.c **** 	}
 535:Middlewares/Third_Party/FreeRTOS/Source/timers.c **** }
 536:Middlewares/Third_Party/FreeRTOS/Source/timers.c **** /*-----------------------------------------------------------*/
 537:Middlewares/Third_Party/FreeRTOS/Source/timers.c **** 
 538:Middlewares/Third_Party/FreeRTOS/Source/timers.c **** static void prvProcessTimerOrBlockTask( const TickType_t xNextExpireTime, BaseType_t xListWasEmpty 
 539:Middlewares/Third_Party/FreeRTOS/Source/timers.c **** {
 540:Middlewares/Third_Party/FreeRTOS/Source/timers.c **** TickType_t xTimeNow;
 541:Middlewares/Third_Party/FreeRTOS/Source/timers.c **** BaseType_t xTimerListsWereSwitched;
 542:Middlewares/Third_Party/FreeRTOS/Source/timers.c **** 
 543:Middlewares/Third_Party/FreeRTOS/Source/timers.c **** 	vTaskSuspendAll();
ARM GAS  C:\Users\31005\AppData\Local\Temp\cc5BHn3C.s 			page 11


 544:Middlewares/Third_Party/FreeRTOS/Source/timers.c **** 	{
 545:Middlewares/Third_Party/FreeRTOS/Source/timers.c **** 		/* Obtain the time now to make an assessment as to whether the timer
 546:Middlewares/Third_Party/FreeRTOS/Source/timers.c **** 		has expired or not.  If obtaining the time causes the lists to switch
 547:Middlewares/Third_Party/FreeRTOS/Source/timers.c **** 		then don't process this timer as any timers that remained in the list
 548:Middlewares/Third_Party/FreeRTOS/Source/timers.c **** 		when the lists were switched will have been processed within the
 549:Middlewares/Third_Party/FreeRTOS/Source/timers.c **** 		prvSampleTimeNow() function. */
 550:Middlewares/Third_Party/FreeRTOS/Source/timers.c **** 		xTimeNow = prvSampleTimeNow( &xTimerListsWereSwitched );
 551:Middlewares/Third_Party/FreeRTOS/Source/timers.c **** 		if( xTimerListsWereSwitched == pdFALSE )
 552:Middlewares/Third_Party/FreeRTOS/Source/timers.c **** 		{
 553:Middlewares/Third_Party/FreeRTOS/Source/timers.c **** 			/* The tick count has not overflowed, has the timer expired? */
 554:Middlewares/Third_Party/FreeRTOS/Source/timers.c **** 			if( ( xListWasEmpty == pdFALSE ) && ( xNextExpireTime <= xTimeNow ) )
 555:Middlewares/Third_Party/FreeRTOS/Source/timers.c **** 			{
 556:Middlewares/Third_Party/FreeRTOS/Source/timers.c **** 				( void ) xTaskResumeAll();
 557:Middlewares/Third_Party/FreeRTOS/Source/timers.c **** 				prvProcessExpiredTimer( xNextExpireTime, xTimeNow );
 558:Middlewares/Third_Party/FreeRTOS/Source/timers.c **** 			}
 559:Middlewares/Third_Party/FreeRTOS/Source/timers.c **** 			else
 560:Middlewares/Third_Party/FreeRTOS/Source/timers.c **** 			{
 561:Middlewares/Third_Party/FreeRTOS/Source/timers.c **** 				/* The tick count has not overflowed, and the next expire
 562:Middlewares/Third_Party/FreeRTOS/Source/timers.c **** 				time has not been reached yet.  This task should therefore
 563:Middlewares/Third_Party/FreeRTOS/Source/timers.c **** 				block to wait for the next expire time or a command to be
 564:Middlewares/Third_Party/FreeRTOS/Source/timers.c **** 				received - whichever comes first.  The following line cannot
 565:Middlewares/Third_Party/FreeRTOS/Source/timers.c **** 				be reached unless xNextExpireTime > xTimeNow, except in the
 566:Middlewares/Third_Party/FreeRTOS/Source/timers.c **** 				case when the current timer list is empty. */
 567:Middlewares/Third_Party/FreeRTOS/Source/timers.c **** 				if( xListWasEmpty != pdFALSE )
 568:Middlewares/Third_Party/FreeRTOS/Source/timers.c **** 				{
 569:Middlewares/Third_Party/FreeRTOS/Source/timers.c **** 					/* The current timer list is empty - is the overflow list
 570:Middlewares/Third_Party/FreeRTOS/Source/timers.c **** 					also empty? */
 571:Middlewares/Third_Party/FreeRTOS/Source/timers.c **** 					xListWasEmpty = listLIST_IS_EMPTY( pxOverflowTimerList );
 572:Middlewares/Third_Party/FreeRTOS/Source/timers.c **** 				}
 573:Middlewares/Third_Party/FreeRTOS/Source/timers.c **** 
 574:Middlewares/Third_Party/FreeRTOS/Source/timers.c **** 				vQueueWaitForMessageRestricted( xTimerQueue, ( xNextExpireTime - xTimeNow ), xListWasEmpty );
 575:Middlewares/Third_Party/FreeRTOS/Source/timers.c **** 
 576:Middlewares/Third_Party/FreeRTOS/Source/timers.c **** 				if( xTaskResumeAll() == pdFALSE )
 577:Middlewares/Third_Party/FreeRTOS/Source/timers.c **** 				{
 578:Middlewares/Third_Party/FreeRTOS/Source/timers.c **** 					/* Yield to wait for either a command to arrive, or the
 579:Middlewares/Third_Party/FreeRTOS/Source/timers.c **** 					block time to expire.  If a command arrived between the
 580:Middlewares/Third_Party/FreeRTOS/Source/timers.c **** 					critical section being exited and this yield then the yield
 581:Middlewares/Third_Party/FreeRTOS/Source/timers.c **** 					will not cause the task to block. */
 582:Middlewares/Third_Party/FreeRTOS/Source/timers.c **** 					portYIELD_WITHIN_API();
 583:Middlewares/Third_Party/FreeRTOS/Source/timers.c **** 				}
 584:Middlewares/Third_Party/FreeRTOS/Source/timers.c **** 				else
 585:Middlewares/Third_Party/FreeRTOS/Source/timers.c **** 				{
 586:Middlewares/Third_Party/FreeRTOS/Source/timers.c **** 					mtCOVERAGE_TEST_MARKER();
 587:Middlewares/Third_Party/FreeRTOS/Source/timers.c **** 				}
 588:Middlewares/Third_Party/FreeRTOS/Source/timers.c **** 			}
 589:Middlewares/Third_Party/FreeRTOS/Source/timers.c **** 		}
 590:Middlewares/Third_Party/FreeRTOS/Source/timers.c **** 		else
 591:Middlewares/Third_Party/FreeRTOS/Source/timers.c **** 		{
 592:Middlewares/Third_Party/FreeRTOS/Source/timers.c **** 			( void ) xTaskResumeAll();
 593:Middlewares/Third_Party/FreeRTOS/Source/timers.c **** 		}
 594:Middlewares/Third_Party/FreeRTOS/Source/timers.c **** 	}
 595:Middlewares/Third_Party/FreeRTOS/Source/timers.c **** }
 596:Middlewares/Third_Party/FreeRTOS/Source/timers.c **** /*-----------------------------------------------------------*/
 597:Middlewares/Third_Party/FreeRTOS/Source/timers.c **** 
 598:Middlewares/Third_Party/FreeRTOS/Source/timers.c **** static TickType_t prvGetNextExpireTime( BaseType_t * const pxListWasEmpty )
 599:Middlewares/Third_Party/FreeRTOS/Source/timers.c **** {
  29              		.loc 1 599 1 view -0
ARM GAS  C:\Users\31005\AppData\Local\Temp\cc5BHn3C.s 			page 12


  30              		.cfi_startproc
  31              		@ args = 0, pretend = 0, frame = 0
  32              		@ frame_needed = 0, uses_anonymous_args = 0
  33              		@ link register save eliminated.
 600:Middlewares/Third_Party/FreeRTOS/Source/timers.c **** TickType_t xNextExpireTime;
  34              		.loc 1 600 1 view .LVU1
 601:Middlewares/Third_Party/FreeRTOS/Source/timers.c **** 
 602:Middlewares/Third_Party/FreeRTOS/Source/timers.c **** 	/* Timers are listed in expiry time order, with the head of the list
 603:Middlewares/Third_Party/FreeRTOS/Source/timers.c **** 	referencing the task that will expire first.  Obtain the time at which
 604:Middlewares/Third_Party/FreeRTOS/Source/timers.c **** 	the timer with the nearest expiry time will expire.  If there are no
 605:Middlewares/Third_Party/FreeRTOS/Source/timers.c **** 	active timers then just set the next expire time to 0.  That will cause
 606:Middlewares/Third_Party/FreeRTOS/Source/timers.c **** 	this task to unblock when the tick count overflows, at which point the
 607:Middlewares/Third_Party/FreeRTOS/Source/timers.c **** 	timer lists will be switched and the next expiry time can be
 608:Middlewares/Third_Party/FreeRTOS/Source/timers.c **** 	re-assessed.  */
 609:Middlewares/Third_Party/FreeRTOS/Source/timers.c **** 	*pxListWasEmpty = listLIST_IS_EMPTY( pxCurrentTimerList );
  35              		.loc 1 609 2 view .LVU2
  36              		.loc 1 609 20 is_stmt 0 view .LVU3
  37 0000 064B     		ldr	r3, .L4
  38 0002 1A68     		ldr	r2, [r3]
  39 0004 1368     		ldr	r3, [r2]
  40 0006 B3FA83F3 		clz	r3, r3
  41 000a 5B09     		lsrs	r3, r3, #5
  42              		.loc 1 609 18 view .LVU4
  43 000c 0360     		str	r3, [r0]
 610:Middlewares/Third_Party/FreeRTOS/Source/timers.c **** 	if( *pxListWasEmpty == pdFALSE )
  44              		.loc 1 610 2 is_stmt 1 view .LVU5
  45              		.loc 1 610 4 is_stmt 0 view .LVU6
  46 000e 13B9     		cbnz	r3, .L3
 611:Middlewares/Third_Party/FreeRTOS/Source/timers.c **** 	{
 612:Middlewares/Third_Party/FreeRTOS/Source/timers.c **** 		xNextExpireTime = listGET_ITEM_VALUE_OF_HEAD_ENTRY( pxCurrentTimerList );
  47              		.loc 1 612 3 is_stmt 1 view .LVU7
  48              		.loc 1 612 21 is_stmt 0 view .LVU8
  49 0010 D368     		ldr	r3, [r2, #12]
  50              		.loc 1 612 19 view .LVU9
  51 0012 1868     		ldr	r0, [r3]
  52              	.LVL1:
  53              		.loc 1 612 19 view .LVU10
  54 0014 7047     		bx	lr
  55              	.LVL2:
  56              	.L3:
 613:Middlewares/Third_Party/FreeRTOS/Source/timers.c **** 	}
 614:Middlewares/Third_Party/FreeRTOS/Source/timers.c **** 	else
 615:Middlewares/Third_Party/FreeRTOS/Source/timers.c **** 	{
 616:Middlewares/Third_Party/FreeRTOS/Source/timers.c **** 		/* Ensure the task unblocks when the tick count rolls over. */
 617:Middlewares/Third_Party/FreeRTOS/Source/timers.c **** 		xNextExpireTime = ( TickType_t ) 0U;
  57              		.loc 1 617 19 view .LVU11
  58 0016 0020     		movs	r0, #0
  59              	.LVL3:
 618:Middlewares/Third_Party/FreeRTOS/Source/timers.c **** 	}
 619:Middlewares/Third_Party/FreeRTOS/Source/timers.c **** 
 620:Middlewares/Third_Party/FreeRTOS/Source/timers.c **** 	return xNextExpireTime;
  60              		.loc 1 620 2 is_stmt 1 view .LVU12
 621:Middlewares/Third_Party/FreeRTOS/Source/timers.c **** }
  61              		.loc 1 621 1 is_stmt 0 view .LVU13
  62 0018 7047     		bx	lr
  63              	.L5:
  64 001a 00BF     		.align	2
ARM GAS  C:\Users\31005\AppData\Local\Temp\cc5BHn3C.s 			page 13


  65              	.L4:
  66 001c 00000000 		.word	pxCurrentTimerList
  67              		.cfi_endproc
  68              	.LFE16:
  70              		.section	.text.prvInsertTimerInActiveList,"ax",%progbits
  71              		.align	1
  72              		.syntax unified
  73              		.thumb
  74              		.thumb_func
  76              	prvInsertTimerInActiveList:
  77              	.LVL4:
  78              	.LFB18:
 622:Middlewares/Third_Party/FreeRTOS/Source/timers.c **** /*-----------------------------------------------------------*/
 623:Middlewares/Third_Party/FreeRTOS/Source/timers.c **** 
 624:Middlewares/Third_Party/FreeRTOS/Source/timers.c **** static TickType_t prvSampleTimeNow( BaseType_t * const pxTimerListsWereSwitched )
 625:Middlewares/Third_Party/FreeRTOS/Source/timers.c **** {
 626:Middlewares/Third_Party/FreeRTOS/Source/timers.c **** TickType_t xTimeNow;
 627:Middlewares/Third_Party/FreeRTOS/Source/timers.c **** PRIVILEGED_DATA static TickType_t xLastTime = ( TickType_t ) 0U; /*lint !e956 Variable is only acce
 628:Middlewares/Third_Party/FreeRTOS/Source/timers.c **** 
 629:Middlewares/Third_Party/FreeRTOS/Source/timers.c **** 	xTimeNow = xTaskGetTickCount();
 630:Middlewares/Third_Party/FreeRTOS/Source/timers.c **** 
 631:Middlewares/Third_Party/FreeRTOS/Source/timers.c **** 	if( xTimeNow < xLastTime )
 632:Middlewares/Third_Party/FreeRTOS/Source/timers.c **** 	{
 633:Middlewares/Third_Party/FreeRTOS/Source/timers.c **** 		prvSwitchTimerLists();
 634:Middlewares/Third_Party/FreeRTOS/Source/timers.c **** 		*pxTimerListsWereSwitched = pdTRUE;
 635:Middlewares/Third_Party/FreeRTOS/Source/timers.c **** 	}
 636:Middlewares/Third_Party/FreeRTOS/Source/timers.c **** 	else
 637:Middlewares/Third_Party/FreeRTOS/Source/timers.c **** 	{
 638:Middlewares/Third_Party/FreeRTOS/Source/timers.c **** 		*pxTimerListsWereSwitched = pdFALSE;
 639:Middlewares/Third_Party/FreeRTOS/Source/timers.c **** 	}
 640:Middlewares/Third_Party/FreeRTOS/Source/timers.c **** 
 641:Middlewares/Third_Party/FreeRTOS/Source/timers.c **** 	xLastTime = xTimeNow;
 642:Middlewares/Third_Party/FreeRTOS/Source/timers.c **** 
 643:Middlewares/Third_Party/FreeRTOS/Source/timers.c **** 	return xTimeNow;
 644:Middlewares/Third_Party/FreeRTOS/Source/timers.c **** }
 645:Middlewares/Third_Party/FreeRTOS/Source/timers.c **** /*-----------------------------------------------------------*/
 646:Middlewares/Third_Party/FreeRTOS/Source/timers.c **** 
 647:Middlewares/Third_Party/FreeRTOS/Source/timers.c **** static BaseType_t prvInsertTimerInActiveList( Timer_t * const pxTimer, const TickType_t xNextExpiry
 648:Middlewares/Third_Party/FreeRTOS/Source/timers.c **** {
  79              		.loc 1 648 1 is_stmt 1 view -0
  80              		.cfi_startproc
  81              		@ args = 0, pretend = 0, frame = 0
  82              		@ frame_needed = 0, uses_anonymous_args = 0
  83              		.loc 1 648 1 is_stmt 0 view .LVU15
  84 0000 08B5     		push	{r3, lr}
  85              	.LCFI0:
  86              		.cfi_def_cfa_offset 8
  87              		.cfi_offset 3, -8
  88              		.cfi_offset 14, -4
 649:Middlewares/Third_Party/FreeRTOS/Source/timers.c **** BaseType_t xProcessTimerNow = pdFALSE;
  89              		.loc 1 649 1 is_stmt 1 view .LVU16
  90              	.LVL5:
 650:Middlewares/Third_Party/FreeRTOS/Source/timers.c **** 
 651:Middlewares/Third_Party/FreeRTOS/Source/timers.c **** 	listSET_LIST_ITEM_VALUE( &( pxTimer->xTimerListItem ), xNextExpiryTime );
  91              		.loc 1 651 2 view .LVU17
  92 0002 4160     		str	r1, [r0, #4]
 652:Middlewares/Third_Party/FreeRTOS/Source/timers.c **** 	listSET_LIST_ITEM_OWNER( &( pxTimer->xTimerListItem ), pxTimer );
ARM GAS  C:\Users\31005\AppData\Local\Temp\cc5BHn3C.s 			page 14


  93              		.loc 1 652 2 view .LVU18
  94 0004 0061     		str	r0, [r0, #16]
 653:Middlewares/Third_Party/FreeRTOS/Source/timers.c **** 
 654:Middlewares/Third_Party/FreeRTOS/Source/timers.c **** 	if( xNextExpiryTime <= xTimeNow )
  95              		.loc 1 654 2 view .LVU19
  96              		.loc 1 654 4 is_stmt 0 view .LVU20
  97 0006 9142     		cmp	r1, r2
  98 0008 0CD8     		bhi	.L7
 655:Middlewares/Third_Party/FreeRTOS/Source/timers.c **** 	{
 656:Middlewares/Third_Party/FreeRTOS/Source/timers.c **** 		/* Has the expiry time elapsed between the command to start/reset a
 657:Middlewares/Third_Party/FreeRTOS/Source/timers.c **** 		timer was issued, and the time the command was processed? */
 658:Middlewares/Third_Party/FreeRTOS/Source/timers.c **** 		if( ( ( TickType_t ) ( xTimeNow - xCommandTime ) ) >= pxTimer->xTimerPeriodInTicks ) /*lint !e961
  99              		.loc 1 658 3 is_stmt 1 view .LVU21
 100              		.loc 1 658 35 is_stmt 0 view .LVU22
 101 000a D21A     		subs	r2, r2, r3
 102              	.LVL6:
 103              		.loc 1 658 64 view .LVU23
 104 000c 8369     		ldr	r3, [r0, #24]
 105              	.LVL7:
 106              		.loc 1 658 5 view .LVU24
 107 000e 9A42     		cmp	r2, r3
 108 0010 01D3     		bcc	.L13
 659:Middlewares/Third_Party/FreeRTOS/Source/timers.c **** 		{
 660:Middlewares/Third_Party/FreeRTOS/Source/timers.c **** 			/* The time between a command being issued and the command being
 661:Middlewares/Third_Party/FreeRTOS/Source/timers.c **** 			processed actually exceeds the timers period.  */
 662:Middlewares/Third_Party/FreeRTOS/Source/timers.c **** 			xProcessTimerNow = pdTRUE;
 109              		.loc 1 662 21 view .LVU25
 110 0012 0120     		movs	r0, #1
 111              	.LVL8:
 112              	.L6:
 663:Middlewares/Third_Party/FreeRTOS/Source/timers.c **** 		}
 664:Middlewares/Third_Party/FreeRTOS/Source/timers.c **** 		else
 665:Middlewares/Third_Party/FreeRTOS/Source/timers.c **** 		{
 666:Middlewares/Third_Party/FreeRTOS/Source/timers.c **** 			vListInsert( pxOverflowTimerList, &( pxTimer->xTimerListItem ) );
 667:Middlewares/Third_Party/FreeRTOS/Source/timers.c **** 		}
 668:Middlewares/Third_Party/FreeRTOS/Source/timers.c **** 	}
 669:Middlewares/Third_Party/FreeRTOS/Source/timers.c **** 	else
 670:Middlewares/Third_Party/FreeRTOS/Source/timers.c **** 	{
 671:Middlewares/Third_Party/FreeRTOS/Source/timers.c **** 		if( ( xTimeNow < xCommandTime ) && ( xNextExpiryTime >= xCommandTime ) )
 672:Middlewares/Third_Party/FreeRTOS/Source/timers.c **** 		{
 673:Middlewares/Third_Party/FreeRTOS/Source/timers.c **** 			/* If, since the command was issued, the tick count has overflowed
 674:Middlewares/Third_Party/FreeRTOS/Source/timers.c **** 			but the expiry time has not, then the timer must have already passed
 675:Middlewares/Third_Party/FreeRTOS/Source/timers.c **** 			its expiry time and should be processed immediately. */
 676:Middlewares/Third_Party/FreeRTOS/Source/timers.c **** 			xProcessTimerNow = pdTRUE;
 677:Middlewares/Third_Party/FreeRTOS/Source/timers.c **** 		}
 678:Middlewares/Third_Party/FreeRTOS/Source/timers.c **** 		else
 679:Middlewares/Third_Party/FreeRTOS/Source/timers.c **** 		{
 680:Middlewares/Third_Party/FreeRTOS/Source/timers.c **** 			vListInsert( pxCurrentTimerList, &( pxTimer->xTimerListItem ) );
 681:Middlewares/Third_Party/FreeRTOS/Source/timers.c **** 		}
 682:Middlewares/Third_Party/FreeRTOS/Source/timers.c **** 	}
 683:Middlewares/Third_Party/FreeRTOS/Source/timers.c **** 
 684:Middlewares/Third_Party/FreeRTOS/Source/timers.c **** 	return xProcessTimerNow;
 685:Middlewares/Third_Party/FreeRTOS/Source/timers.c **** }
 113              		.loc 1 685 1 view .LVU26
 114 0014 08BD     		pop	{r3, pc}
 115              	.LVL9:
 116              	.L13:
ARM GAS  C:\Users\31005\AppData\Local\Temp\cc5BHn3C.s 			page 15


 666:Middlewares/Third_Party/FreeRTOS/Source/timers.c **** 		}
 117              		.loc 1 666 4 is_stmt 1 view .LVU27
 118 0016 011D     		adds	r1, r0, #4
 119              	.LVL10:
 666:Middlewares/Third_Party/FreeRTOS/Source/timers.c **** 		}
 120              		.loc 1 666 4 is_stmt 0 view .LVU28
 121 0018 094B     		ldr	r3, .L14
 122 001a 1868     		ldr	r0, [r3]
 123              	.LVL11:
 666:Middlewares/Third_Party/FreeRTOS/Source/timers.c **** 		}
 124              		.loc 1 666 4 view .LVU29
 125 001c FFF7FEFF 		bl	vListInsert
 126              	.LVL12:
 649:Middlewares/Third_Party/FreeRTOS/Source/timers.c **** 
 127              		.loc 1 649 12 view .LVU30
 128 0020 0020     		movs	r0, #0
 129 0022 F7E7     		b	.L6
 130              	.LVL13:
 131              	.L7:
 671:Middlewares/Third_Party/FreeRTOS/Source/timers.c **** 		{
 132              		.loc 1 671 3 is_stmt 1 view .LVU31
 671:Middlewares/Third_Party/FreeRTOS/Source/timers.c **** 		{
 133              		.loc 1 671 5 is_stmt 0 view .LVU32
 134 0024 9A42     		cmp	r2, r3
 135 0026 01D2     		bcs	.L9
 671:Middlewares/Third_Party/FreeRTOS/Source/timers.c **** 		{
 136              		.loc 1 671 35 discriminator 1 view .LVU33
 137 0028 9942     		cmp	r1, r3
 138 002a 06D2     		bcs	.L11
 139              	.L9:
 680:Middlewares/Third_Party/FreeRTOS/Source/timers.c **** 		}
 140              		.loc 1 680 4 is_stmt 1 view .LVU34
 141 002c 011D     		adds	r1, r0, #4
 142              	.LVL14:
 680:Middlewares/Third_Party/FreeRTOS/Source/timers.c **** 		}
 143              		.loc 1 680 4 is_stmt 0 view .LVU35
 144 002e 054B     		ldr	r3, .L14+4
 145              	.LVL15:
 680:Middlewares/Third_Party/FreeRTOS/Source/timers.c **** 		}
 146              		.loc 1 680 4 view .LVU36
 147 0030 1868     		ldr	r0, [r3]
 148              	.LVL16:
 680:Middlewares/Third_Party/FreeRTOS/Source/timers.c **** 		}
 149              		.loc 1 680 4 view .LVU37
 150 0032 FFF7FEFF 		bl	vListInsert
 151              	.LVL17:
 649:Middlewares/Third_Party/FreeRTOS/Source/timers.c **** 
 152              		.loc 1 649 12 view .LVU38
 153 0036 0020     		movs	r0, #0
 154 0038 ECE7     		b	.L6
 155              	.LVL18:
 156              	.L11:
 676:Middlewares/Third_Party/FreeRTOS/Source/timers.c **** 		}
 157              		.loc 1 676 21 view .LVU39
 158 003a 0120     		movs	r0, #1
 159              	.LVL19:
 684:Middlewares/Third_Party/FreeRTOS/Source/timers.c **** }
ARM GAS  C:\Users\31005\AppData\Local\Temp\cc5BHn3C.s 			page 16


 160              		.loc 1 684 2 is_stmt 1 view .LVU40
 684:Middlewares/Third_Party/FreeRTOS/Source/timers.c **** }
 161              		.loc 1 684 9 is_stmt 0 view .LVU41
 162 003c EAE7     		b	.L6
 163              	.L15:
 164 003e 00BF     		.align	2
 165              	.L14:
 166 0040 00000000 		.word	pxOverflowTimerList
 167 0044 00000000 		.word	pxCurrentTimerList
 168              		.cfi_endproc
 169              	.LFE18:
 171              		.section	.rodata.prvCheckForValidListAndQueue.str1.4,"aMS",%progbits,1
 172              		.align	2
 173              	.LC0:
 174 0000 546D7251 		.ascii	"TmrQ\000"
 174      00
 175              		.section	.text.prvCheckForValidListAndQueue,"ax",%progbits
 176              		.align	1
 177              		.syntax unified
 178              		.thumb
 179              		.thumb_func
 181              	prvCheckForValidListAndQueue:
 182              	.LFB21:
 686:Middlewares/Third_Party/FreeRTOS/Source/timers.c **** /*-----------------------------------------------------------*/
 687:Middlewares/Third_Party/FreeRTOS/Source/timers.c **** 
 688:Middlewares/Third_Party/FreeRTOS/Source/timers.c **** static void	prvProcessReceivedCommands( void )
 689:Middlewares/Third_Party/FreeRTOS/Source/timers.c **** {
 690:Middlewares/Third_Party/FreeRTOS/Source/timers.c **** DaemonTaskMessage_t xMessage;
 691:Middlewares/Third_Party/FreeRTOS/Source/timers.c **** Timer_t *pxTimer;
 692:Middlewares/Third_Party/FreeRTOS/Source/timers.c **** BaseType_t xTimerListsWereSwitched, xResult;
 693:Middlewares/Third_Party/FreeRTOS/Source/timers.c **** TickType_t xTimeNow;
 694:Middlewares/Third_Party/FreeRTOS/Source/timers.c **** 
 695:Middlewares/Third_Party/FreeRTOS/Source/timers.c **** 	while( xQueueReceive( xTimerQueue, &xMessage, tmrNO_DELAY ) != pdFAIL ) /*lint !e603 xMessage does
 696:Middlewares/Third_Party/FreeRTOS/Source/timers.c **** 	{
 697:Middlewares/Third_Party/FreeRTOS/Source/timers.c **** 		#if ( INCLUDE_xTimerPendFunctionCall == 1 )
 698:Middlewares/Third_Party/FreeRTOS/Source/timers.c **** 		{
 699:Middlewares/Third_Party/FreeRTOS/Source/timers.c **** 			/* Negative commands are pended function calls rather than timer
 700:Middlewares/Third_Party/FreeRTOS/Source/timers.c **** 			commands. */
 701:Middlewares/Third_Party/FreeRTOS/Source/timers.c **** 			if( xMessage.xMessageID < ( BaseType_t ) 0 )
 702:Middlewares/Third_Party/FreeRTOS/Source/timers.c **** 			{
 703:Middlewares/Third_Party/FreeRTOS/Source/timers.c **** 				const CallbackParameters_t * const pxCallback = &( xMessage.u.xCallbackParameters );
 704:Middlewares/Third_Party/FreeRTOS/Source/timers.c **** 
 705:Middlewares/Third_Party/FreeRTOS/Source/timers.c **** 				/* The timer uses the xCallbackParameters member to request a
 706:Middlewares/Third_Party/FreeRTOS/Source/timers.c **** 				callback be executed.  Check the callback is not NULL. */
 707:Middlewares/Third_Party/FreeRTOS/Source/timers.c **** 				configASSERT( pxCallback );
 708:Middlewares/Third_Party/FreeRTOS/Source/timers.c **** 
 709:Middlewares/Third_Party/FreeRTOS/Source/timers.c **** 				/* Call the function. */
 710:Middlewares/Third_Party/FreeRTOS/Source/timers.c **** 				pxCallback->pxCallbackFunction( pxCallback->pvParameter1, pxCallback->ulParameter2 );
 711:Middlewares/Third_Party/FreeRTOS/Source/timers.c **** 			}
 712:Middlewares/Third_Party/FreeRTOS/Source/timers.c **** 			else
 713:Middlewares/Third_Party/FreeRTOS/Source/timers.c **** 			{
 714:Middlewares/Third_Party/FreeRTOS/Source/timers.c **** 				mtCOVERAGE_TEST_MARKER();
 715:Middlewares/Third_Party/FreeRTOS/Source/timers.c **** 			}
 716:Middlewares/Third_Party/FreeRTOS/Source/timers.c **** 		}
 717:Middlewares/Third_Party/FreeRTOS/Source/timers.c **** 		#endif /* INCLUDE_xTimerPendFunctionCall */
 718:Middlewares/Third_Party/FreeRTOS/Source/timers.c **** 
 719:Middlewares/Third_Party/FreeRTOS/Source/timers.c **** 		/* Commands that are positive are timer commands rather than pended
ARM GAS  C:\Users\31005\AppData\Local\Temp\cc5BHn3C.s 			page 17


 720:Middlewares/Third_Party/FreeRTOS/Source/timers.c **** 		function calls. */
 721:Middlewares/Third_Party/FreeRTOS/Source/timers.c **** 		if( xMessage.xMessageID >= ( BaseType_t ) 0 )
 722:Middlewares/Third_Party/FreeRTOS/Source/timers.c **** 		{
 723:Middlewares/Third_Party/FreeRTOS/Source/timers.c **** 			/* The messages uses the xTimerParameters member to work on a
 724:Middlewares/Third_Party/FreeRTOS/Source/timers.c **** 			software timer. */
 725:Middlewares/Third_Party/FreeRTOS/Source/timers.c **** 			pxTimer = xMessage.u.xTimerParameters.pxTimer;
 726:Middlewares/Third_Party/FreeRTOS/Source/timers.c **** 
 727:Middlewares/Third_Party/FreeRTOS/Source/timers.c **** 			if( listIS_CONTAINED_WITHIN( NULL, &( pxTimer->xTimerListItem ) ) == pdFALSE ) /*lint !e961. The
 728:Middlewares/Third_Party/FreeRTOS/Source/timers.c **** 			{
 729:Middlewares/Third_Party/FreeRTOS/Source/timers.c **** 				/* The timer is in a list, remove it. */
 730:Middlewares/Third_Party/FreeRTOS/Source/timers.c **** 				( void ) uxListRemove( &( pxTimer->xTimerListItem ) );
 731:Middlewares/Third_Party/FreeRTOS/Source/timers.c **** 			}
 732:Middlewares/Third_Party/FreeRTOS/Source/timers.c **** 			else
 733:Middlewares/Third_Party/FreeRTOS/Source/timers.c **** 			{
 734:Middlewares/Third_Party/FreeRTOS/Source/timers.c **** 				mtCOVERAGE_TEST_MARKER();
 735:Middlewares/Third_Party/FreeRTOS/Source/timers.c **** 			}
 736:Middlewares/Third_Party/FreeRTOS/Source/timers.c **** 
 737:Middlewares/Third_Party/FreeRTOS/Source/timers.c **** 			traceTIMER_COMMAND_RECEIVED( pxTimer, xMessage.xMessageID, xMessage.u.xTimerParameters.xMessageV
 738:Middlewares/Third_Party/FreeRTOS/Source/timers.c **** 
 739:Middlewares/Third_Party/FreeRTOS/Source/timers.c **** 			/* In this case the xTimerListsWereSwitched parameter is not used, but
 740:Middlewares/Third_Party/FreeRTOS/Source/timers.c **** 			it must be present in the function call.  prvSampleTimeNow() must be
 741:Middlewares/Third_Party/FreeRTOS/Source/timers.c **** 			called after the message is received from xTimerQueue so there is no
 742:Middlewares/Third_Party/FreeRTOS/Source/timers.c **** 			possibility of a higher priority task adding a message to the message
 743:Middlewares/Third_Party/FreeRTOS/Source/timers.c **** 			queue with a time that is ahead of the timer daemon task (because it
 744:Middlewares/Third_Party/FreeRTOS/Source/timers.c **** 			pre-empted the timer daemon task after the xTimeNow value was set). */
 745:Middlewares/Third_Party/FreeRTOS/Source/timers.c **** 			xTimeNow = prvSampleTimeNow( &xTimerListsWereSwitched );
 746:Middlewares/Third_Party/FreeRTOS/Source/timers.c **** 
 747:Middlewares/Third_Party/FreeRTOS/Source/timers.c **** 			switch( xMessage.xMessageID )
 748:Middlewares/Third_Party/FreeRTOS/Source/timers.c **** 			{
 749:Middlewares/Third_Party/FreeRTOS/Source/timers.c **** 				case tmrCOMMAND_START :
 750:Middlewares/Third_Party/FreeRTOS/Source/timers.c **** 			    case tmrCOMMAND_START_FROM_ISR :
 751:Middlewares/Third_Party/FreeRTOS/Source/timers.c **** 			    case tmrCOMMAND_RESET :
 752:Middlewares/Third_Party/FreeRTOS/Source/timers.c **** 			    case tmrCOMMAND_RESET_FROM_ISR :
 753:Middlewares/Third_Party/FreeRTOS/Source/timers.c **** 				case tmrCOMMAND_START_DONT_TRACE :
 754:Middlewares/Third_Party/FreeRTOS/Source/timers.c **** 					/* Start or restart a timer. */
 755:Middlewares/Third_Party/FreeRTOS/Source/timers.c **** 					if( prvInsertTimerInActiveList( pxTimer,  xMessage.u.xTimerParameters.xMessageValue + pxTimer-
 756:Middlewares/Third_Party/FreeRTOS/Source/timers.c **** 					{
 757:Middlewares/Third_Party/FreeRTOS/Source/timers.c **** 						/* The timer expired before it was added to the active
 758:Middlewares/Third_Party/FreeRTOS/Source/timers.c **** 						timer list.  Process it now. */
 759:Middlewares/Third_Party/FreeRTOS/Source/timers.c **** 						pxTimer->pxCallbackFunction( ( TimerHandle_t ) pxTimer );
 760:Middlewares/Third_Party/FreeRTOS/Source/timers.c **** 						traceTIMER_EXPIRED( pxTimer );
 761:Middlewares/Third_Party/FreeRTOS/Source/timers.c **** 
 762:Middlewares/Third_Party/FreeRTOS/Source/timers.c **** 						if( pxTimer->uxAutoReload == ( UBaseType_t ) pdTRUE )
 763:Middlewares/Third_Party/FreeRTOS/Source/timers.c **** 						{
 764:Middlewares/Third_Party/FreeRTOS/Source/timers.c **** 							xResult = xTimerGenericCommand( pxTimer, tmrCOMMAND_START_DONT_TRACE, xMessage.u.xTimerParam
 765:Middlewares/Third_Party/FreeRTOS/Source/timers.c **** 							configASSERT( xResult );
 766:Middlewares/Third_Party/FreeRTOS/Source/timers.c **** 							( void ) xResult;
 767:Middlewares/Third_Party/FreeRTOS/Source/timers.c **** 						}
 768:Middlewares/Third_Party/FreeRTOS/Source/timers.c **** 						else
 769:Middlewares/Third_Party/FreeRTOS/Source/timers.c **** 						{
 770:Middlewares/Third_Party/FreeRTOS/Source/timers.c **** 							mtCOVERAGE_TEST_MARKER();
 771:Middlewares/Third_Party/FreeRTOS/Source/timers.c **** 						}
 772:Middlewares/Third_Party/FreeRTOS/Source/timers.c **** 					}
 773:Middlewares/Third_Party/FreeRTOS/Source/timers.c **** 					else
 774:Middlewares/Third_Party/FreeRTOS/Source/timers.c **** 					{
 775:Middlewares/Third_Party/FreeRTOS/Source/timers.c **** 						mtCOVERAGE_TEST_MARKER();
 776:Middlewares/Third_Party/FreeRTOS/Source/timers.c **** 					}
ARM GAS  C:\Users\31005\AppData\Local\Temp\cc5BHn3C.s 			page 18


 777:Middlewares/Third_Party/FreeRTOS/Source/timers.c **** 					break;
 778:Middlewares/Third_Party/FreeRTOS/Source/timers.c **** 
 779:Middlewares/Third_Party/FreeRTOS/Source/timers.c **** 				case tmrCOMMAND_STOP :
 780:Middlewares/Third_Party/FreeRTOS/Source/timers.c **** 				case tmrCOMMAND_STOP_FROM_ISR :
 781:Middlewares/Third_Party/FreeRTOS/Source/timers.c **** 					/* The timer has already been removed from the active list.
 782:Middlewares/Third_Party/FreeRTOS/Source/timers.c **** 					There is nothing to do here. */
 783:Middlewares/Third_Party/FreeRTOS/Source/timers.c **** 					break;
 784:Middlewares/Third_Party/FreeRTOS/Source/timers.c **** 
 785:Middlewares/Third_Party/FreeRTOS/Source/timers.c **** 				case tmrCOMMAND_CHANGE_PERIOD :
 786:Middlewares/Third_Party/FreeRTOS/Source/timers.c **** 				case tmrCOMMAND_CHANGE_PERIOD_FROM_ISR :
 787:Middlewares/Third_Party/FreeRTOS/Source/timers.c **** 					pxTimer->xTimerPeriodInTicks = xMessage.u.xTimerParameters.xMessageValue;
 788:Middlewares/Third_Party/FreeRTOS/Source/timers.c **** 					configASSERT( ( pxTimer->xTimerPeriodInTicks > 0 ) );
 789:Middlewares/Third_Party/FreeRTOS/Source/timers.c **** 
 790:Middlewares/Third_Party/FreeRTOS/Source/timers.c **** 					/* The new period does not really have a reference, and can
 791:Middlewares/Third_Party/FreeRTOS/Source/timers.c **** 					be longer or shorter than the old one.  The command time is
 792:Middlewares/Third_Party/FreeRTOS/Source/timers.c **** 					therefore set to the current time, and as the period cannot
 793:Middlewares/Third_Party/FreeRTOS/Source/timers.c **** 					be zero the next expiry time can only be in the future,
 794:Middlewares/Third_Party/FreeRTOS/Source/timers.c **** 					meaning (unlike for the xTimerStart() case above) there is
 795:Middlewares/Third_Party/FreeRTOS/Source/timers.c **** 					no fail case that needs to be handled here. */
 796:Middlewares/Third_Party/FreeRTOS/Source/timers.c **** 					( void ) prvInsertTimerInActiveList( pxTimer, ( xTimeNow + pxTimer->xTimerPeriodInTicks ), xTi
 797:Middlewares/Third_Party/FreeRTOS/Source/timers.c **** 					break;
 798:Middlewares/Third_Party/FreeRTOS/Source/timers.c **** 
 799:Middlewares/Third_Party/FreeRTOS/Source/timers.c **** 				case tmrCOMMAND_DELETE :
 800:Middlewares/Third_Party/FreeRTOS/Source/timers.c **** 					/* The timer has already been removed from the active list,
 801:Middlewares/Third_Party/FreeRTOS/Source/timers.c **** 					just free up the memory if the memory was dynamically
 802:Middlewares/Third_Party/FreeRTOS/Source/timers.c **** 					allocated. */
 803:Middlewares/Third_Party/FreeRTOS/Source/timers.c **** 					#if( ( configSUPPORT_DYNAMIC_ALLOCATION == 1 ) && ( configSUPPORT_STATIC_ALLOCATION == 0 ) )
 804:Middlewares/Third_Party/FreeRTOS/Source/timers.c **** 					{
 805:Middlewares/Third_Party/FreeRTOS/Source/timers.c **** 						/* The timer can only have been allocated dynamically -
 806:Middlewares/Third_Party/FreeRTOS/Source/timers.c **** 						free it again. */
 807:Middlewares/Third_Party/FreeRTOS/Source/timers.c **** 						vPortFree( pxTimer );
 808:Middlewares/Third_Party/FreeRTOS/Source/timers.c **** 					}
 809:Middlewares/Third_Party/FreeRTOS/Source/timers.c **** 					#elif( ( configSUPPORT_DYNAMIC_ALLOCATION == 1 ) && ( configSUPPORT_STATIC_ALLOCATION == 1 ) )
 810:Middlewares/Third_Party/FreeRTOS/Source/timers.c **** 					{
 811:Middlewares/Third_Party/FreeRTOS/Source/timers.c **** 						/* The timer could have been allocated statically or
 812:Middlewares/Third_Party/FreeRTOS/Source/timers.c **** 						dynamically, so check before attempting to free the
 813:Middlewares/Third_Party/FreeRTOS/Source/timers.c **** 						memory. */
 814:Middlewares/Third_Party/FreeRTOS/Source/timers.c **** 						if( pxTimer->ucStaticallyAllocated == ( uint8_t ) pdFALSE )
 815:Middlewares/Third_Party/FreeRTOS/Source/timers.c **** 						{
 816:Middlewares/Third_Party/FreeRTOS/Source/timers.c **** 							vPortFree( pxTimer );
 817:Middlewares/Third_Party/FreeRTOS/Source/timers.c **** 						}
 818:Middlewares/Third_Party/FreeRTOS/Source/timers.c **** 						else
 819:Middlewares/Third_Party/FreeRTOS/Source/timers.c **** 						{
 820:Middlewares/Third_Party/FreeRTOS/Source/timers.c **** 							mtCOVERAGE_TEST_MARKER();
 821:Middlewares/Third_Party/FreeRTOS/Source/timers.c **** 						}
 822:Middlewares/Third_Party/FreeRTOS/Source/timers.c **** 					}
 823:Middlewares/Third_Party/FreeRTOS/Source/timers.c **** 					#endif /* configSUPPORT_DYNAMIC_ALLOCATION */
 824:Middlewares/Third_Party/FreeRTOS/Source/timers.c **** 					break;
 825:Middlewares/Third_Party/FreeRTOS/Source/timers.c **** 
 826:Middlewares/Third_Party/FreeRTOS/Source/timers.c **** 				default	:
 827:Middlewares/Third_Party/FreeRTOS/Source/timers.c **** 					/* Don't expect to get here. */
 828:Middlewares/Third_Party/FreeRTOS/Source/timers.c **** 					break;
 829:Middlewares/Third_Party/FreeRTOS/Source/timers.c **** 			}
 830:Middlewares/Third_Party/FreeRTOS/Source/timers.c **** 		}
 831:Middlewares/Third_Party/FreeRTOS/Source/timers.c **** 	}
 832:Middlewares/Third_Party/FreeRTOS/Source/timers.c **** }
 833:Middlewares/Third_Party/FreeRTOS/Source/timers.c **** /*-----------------------------------------------------------*/
ARM GAS  C:\Users\31005\AppData\Local\Temp\cc5BHn3C.s 			page 19


 834:Middlewares/Third_Party/FreeRTOS/Source/timers.c **** 
 835:Middlewares/Third_Party/FreeRTOS/Source/timers.c **** static void prvSwitchTimerLists( void )
 836:Middlewares/Third_Party/FreeRTOS/Source/timers.c **** {
 837:Middlewares/Third_Party/FreeRTOS/Source/timers.c **** TickType_t xNextExpireTime, xReloadTime;
 838:Middlewares/Third_Party/FreeRTOS/Source/timers.c **** List_t *pxTemp;
 839:Middlewares/Third_Party/FreeRTOS/Source/timers.c **** Timer_t *pxTimer;
 840:Middlewares/Third_Party/FreeRTOS/Source/timers.c **** BaseType_t xResult;
 841:Middlewares/Third_Party/FreeRTOS/Source/timers.c **** 
 842:Middlewares/Third_Party/FreeRTOS/Source/timers.c **** 	/* The tick count has overflowed.  The timer lists must be switched.
 843:Middlewares/Third_Party/FreeRTOS/Source/timers.c **** 	If there are any timers still referenced from the current timer list
 844:Middlewares/Third_Party/FreeRTOS/Source/timers.c **** 	then they must have expired and should be processed before the lists
 845:Middlewares/Third_Party/FreeRTOS/Source/timers.c **** 	are switched. */
 846:Middlewares/Third_Party/FreeRTOS/Source/timers.c **** 	while( listLIST_IS_EMPTY( pxCurrentTimerList ) == pdFALSE )
 847:Middlewares/Third_Party/FreeRTOS/Source/timers.c **** 	{
 848:Middlewares/Third_Party/FreeRTOS/Source/timers.c **** 		xNextExpireTime = listGET_ITEM_VALUE_OF_HEAD_ENTRY( pxCurrentTimerList );
 849:Middlewares/Third_Party/FreeRTOS/Source/timers.c **** 
 850:Middlewares/Third_Party/FreeRTOS/Source/timers.c **** 		/* Remove the timer from the list. */
 851:Middlewares/Third_Party/FreeRTOS/Source/timers.c **** 		pxTimer = ( Timer_t * ) listGET_OWNER_OF_HEAD_ENTRY( pxCurrentTimerList );
 852:Middlewares/Third_Party/FreeRTOS/Source/timers.c **** 		( void ) uxListRemove( &( pxTimer->xTimerListItem ) );
 853:Middlewares/Third_Party/FreeRTOS/Source/timers.c **** 		traceTIMER_EXPIRED( pxTimer );
 854:Middlewares/Third_Party/FreeRTOS/Source/timers.c **** 
 855:Middlewares/Third_Party/FreeRTOS/Source/timers.c **** 		/* Execute its callback, then send a command to restart the timer if
 856:Middlewares/Third_Party/FreeRTOS/Source/timers.c **** 		it is an auto-reload timer.  It cannot be restarted here as the lists
 857:Middlewares/Third_Party/FreeRTOS/Source/timers.c **** 		have not yet been switched. */
 858:Middlewares/Third_Party/FreeRTOS/Source/timers.c **** 		pxTimer->pxCallbackFunction( ( TimerHandle_t ) pxTimer );
 859:Middlewares/Third_Party/FreeRTOS/Source/timers.c **** 
 860:Middlewares/Third_Party/FreeRTOS/Source/timers.c **** 		if( pxTimer->uxAutoReload == ( UBaseType_t ) pdTRUE )
 861:Middlewares/Third_Party/FreeRTOS/Source/timers.c **** 		{
 862:Middlewares/Third_Party/FreeRTOS/Source/timers.c **** 			/* Calculate the reload value, and if the reload value results in
 863:Middlewares/Third_Party/FreeRTOS/Source/timers.c **** 			the timer going into the same timer list then it has already expired
 864:Middlewares/Third_Party/FreeRTOS/Source/timers.c **** 			and the timer should be re-inserted into the current list so it is
 865:Middlewares/Third_Party/FreeRTOS/Source/timers.c **** 			processed again within this loop.  Otherwise a command should be sent
 866:Middlewares/Third_Party/FreeRTOS/Source/timers.c **** 			to restart the timer to ensure it is only inserted into a list after
 867:Middlewares/Third_Party/FreeRTOS/Source/timers.c **** 			the lists have been swapped. */
 868:Middlewares/Third_Party/FreeRTOS/Source/timers.c **** 			xReloadTime = ( xNextExpireTime + pxTimer->xTimerPeriodInTicks );
 869:Middlewares/Third_Party/FreeRTOS/Source/timers.c **** 			if( xReloadTime > xNextExpireTime )
 870:Middlewares/Third_Party/FreeRTOS/Source/timers.c **** 			{
 871:Middlewares/Third_Party/FreeRTOS/Source/timers.c **** 				listSET_LIST_ITEM_VALUE( &( pxTimer->xTimerListItem ), xReloadTime );
 872:Middlewares/Third_Party/FreeRTOS/Source/timers.c **** 				listSET_LIST_ITEM_OWNER( &( pxTimer->xTimerListItem ), pxTimer );
 873:Middlewares/Third_Party/FreeRTOS/Source/timers.c **** 				vListInsert( pxCurrentTimerList, &( pxTimer->xTimerListItem ) );
 874:Middlewares/Third_Party/FreeRTOS/Source/timers.c **** 			}
 875:Middlewares/Third_Party/FreeRTOS/Source/timers.c **** 			else
 876:Middlewares/Third_Party/FreeRTOS/Source/timers.c **** 			{
 877:Middlewares/Third_Party/FreeRTOS/Source/timers.c **** 				xResult = xTimerGenericCommand( pxTimer, tmrCOMMAND_START_DONT_TRACE, xNextExpireTime, NULL, tm
 878:Middlewares/Third_Party/FreeRTOS/Source/timers.c **** 				configASSERT( xResult );
 879:Middlewares/Third_Party/FreeRTOS/Source/timers.c **** 				( void ) xResult;
 880:Middlewares/Third_Party/FreeRTOS/Source/timers.c **** 			}
 881:Middlewares/Third_Party/FreeRTOS/Source/timers.c **** 		}
 882:Middlewares/Third_Party/FreeRTOS/Source/timers.c **** 		else
 883:Middlewares/Third_Party/FreeRTOS/Source/timers.c **** 		{
 884:Middlewares/Third_Party/FreeRTOS/Source/timers.c **** 			mtCOVERAGE_TEST_MARKER();
 885:Middlewares/Third_Party/FreeRTOS/Source/timers.c **** 		}
 886:Middlewares/Third_Party/FreeRTOS/Source/timers.c **** 	}
 887:Middlewares/Third_Party/FreeRTOS/Source/timers.c **** 
 888:Middlewares/Third_Party/FreeRTOS/Source/timers.c **** 	pxTemp = pxCurrentTimerList;
 889:Middlewares/Third_Party/FreeRTOS/Source/timers.c **** 	pxCurrentTimerList = pxOverflowTimerList;
 890:Middlewares/Third_Party/FreeRTOS/Source/timers.c **** 	pxOverflowTimerList = pxTemp;
ARM GAS  C:\Users\31005\AppData\Local\Temp\cc5BHn3C.s 			page 20


 891:Middlewares/Third_Party/FreeRTOS/Source/timers.c **** }
 892:Middlewares/Third_Party/FreeRTOS/Source/timers.c **** /*-----------------------------------------------------------*/
 893:Middlewares/Third_Party/FreeRTOS/Source/timers.c **** 
 894:Middlewares/Third_Party/FreeRTOS/Source/timers.c **** static void prvCheckForValidListAndQueue( void )
 895:Middlewares/Third_Party/FreeRTOS/Source/timers.c **** {
 183              		.loc 1 895 1 is_stmt 1 view -0
 184              		.cfi_startproc
 185              		@ args = 0, pretend = 0, frame = 0
 186              		@ frame_needed = 0, uses_anonymous_args = 0
 187 0000 30B5     		push	{r4, r5, lr}
 188              	.LCFI1:
 189              		.cfi_def_cfa_offset 12
 190              		.cfi_offset 4, -12
 191              		.cfi_offset 5, -8
 192              		.cfi_offset 14, -4
 193 0002 83B0     		sub	sp, sp, #12
 194              	.LCFI2:
 195              		.cfi_def_cfa_offset 24
 896:Middlewares/Third_Party/FreeRTOS/Source/timers.c **** 	/* Check that the list from which active timers are referenced, and the
 897:Middlewares/Third_Party/FreeRTOS/Source/timers.c **** 	queue used to communicate with the timer service, have been
 898:Middlewares/Third_Party/FreeRTOS/Source/timers.c **** 	initialised. */
 899:Middlewares/Third_Party/FreeRTOS/Source/timers.c **** 	taskENTER_CRITICAL();
 196              		.loc 1 899 2 view .LVU43
 197 0004 FFF7FEFF 		bl	vPortEnterCritical
 198              	.LVL20:
 900:Middlewares/Third_Party/FreeRTOS/Source/timers.c **** 	{
 901:Middlewares/Third_Party/FreeRTOS/Source/timers.c **** 		if( xTimerQueue == NULL )
 199              		.loc 1 901 3 view .LVU44
 200              		.loc 1 901 19 is_stmt 0 view .LVU45
 201 0008 114B     		ldr	r3, .L20
 202 000a 1B68     		ldr	r3, [r3]
 203              		.loc 1 901 5 view .LVU46
 204 000c 1BB1     		cbz	r3, .L19
 205              	.L17:
 902:Middlewares/Third_Party/FreeRTOS/Source/timers.c **** 		{
 903:Middlewares/Third_Party/FreeRTOS/Source/timers.c **** 			vListInitialise( &xActiveTimerList1 );
 904:Middlewares/Third_Party/FreeRTOS/Source/timers.c **** 			vListInitialise( &xActiveTimerList2 );
 905:Middlewares/Third_Party/FreeRTOS/Source/timers.c **** 			pxCurrentTimerList = &xActiveTimerList1;
 906:Middlewares/Third_Party/FreeRTOS/Source/timers.c **** 			pxOverflowTimerList = &xActiveTimerList2;
 907:Middlewares/Third_Party/FreeRTOS/Source/timers.c **** 
 908:Middlewares/Third_Party/FreeRTOS/Source/timers.c **** 			#if( configSUPPORT_STATIC_ALLOCATION == 1 )
 909:Middlewares/Third_Party/FreeRTOS/Source/timers.c **** 			{
 910:Middlewares/Third_Party/FreeRTOS/Source/timers.c **** 				/* The timer queue is allocated statically in case
 911:Middlewares/Third_Party/FreeRTOS/Source/timers.c **** 				configSUPPORT_DYNAMIC_ALLOCATION is 0. */
 912:Middlewares/Third_Party/FreeRTOS/Source/timers.c **** 				static StaticQueue_t xStaticTimerQueue; /*lint !e956 Ok to declare in this manner to prevent ad
 913:Middlewares/Third_Party/FreeRTOS/Source/timers.c **** 				static uint8_t ucStaticTimerQueueStorage[ ( size_t ) configTIMER_QUEUE_LENGTH * sizeof( DaemonT
 914:Middlewares/Third_Party/FreeRTOS/Source/timers.c **** 
 915:Middlewares/Third_Party/FreeRTOS/Source/timers.c **** 				xTimerQueue = xQueueCreateStatic( ( UBaseType_t ) configTIMER_QUEUE_LENGTH, ( UBaseType_t ) siz
 916:Middlewares/Third_Party/FreeRTOS/Source/timers.c **** 			}
 917:Middlewares/Third_Party/FreeRTOS/Source/timers.c **** 			#else
 918:Middlewares/Third_Party/FreeRTOS/Source/timers.c **** 			{
 919:Middlewares/Third_Party/FreeRTOS/Source/timers.c **** 				xTimerQueue = xQueueCreate( ( UBaseType_t ) configTIMER_QUEUE_LENGTH, sizeof( DaemonTaskMessage
 920:Middlewares/Third_Party/FreeRTOS/Source/timers.c **** 			}
 921:Middlewares/Third_Party/FreeRTOS/Source/timers.c **** 			#endif
 922:Middlewares/Third_Party/FreeRTOS/Source/timers.c **** 
 923:Middlewares/Third_Party/FreeRTOS/Source/timers.c **** 			#if ( configQUEUE_REGISTRY_SIZE > 0 )
 924:Middlewares/Third_Party/FreeRTOS/Source/timers.c **** 			{
ARM GAS  C:\Users\31005\AppData\Local\Temp\cc5BHn3C.s 			page 21


 925:Middlewares/Third_Party/FreeRTOS/Source/timers.c **** 				if( xTimerQueue != NULL )
 926:Middlewares/Third_Party/FreeRTOS/Source/timers.c **** 				{
 927:Middlewares/Third_Party/FreeRTOS/Source/timers.c **** 					vQueueAddToRegistry( xTimerQueue, "TmrQ" );
 928:Middlewares/Third_Party/FreeRTOS/Source/timers.c **** 				}
 929:Middlewares/Third_Party/FreeRTOS/Source/timers.c **** 				else
 930:Middlewares/Third_Party/FreeRTOS/Source/timers.c **** 				{
 931:Middlewares/Third_Party/FreeRTOS/Source/timers.c **** 					mtCOVERAGE_TEST_MARKER();
 932:Middlewares/Third_Party/FreeRTOS/Source/timers.c **** 				}
 933:Middlewares/Third_Party/FreeRTOS/Source/timers.c **** 			}
 934:Middlewares/Third_Party/FreeRTOS/Source/timers.c **** 			#endif /* configQUEUE_REGISTRY_SIZE */
 935:Middlewares/Third_Party/FreeRTOS/Source/timers.c **** 		}
 936:Middlewares/Third_Party/FreeRTOS/Source/timers.c **** 		else
 937:Middlewares/Third_Party/FreeRTOS/Source/timers.c **** 		{
 938:Middlewares/Third_Party/FreeRTOS/Source/timers.c **** 			mtCOVERAGE_TEST_MARKER();
 206              		.loc 1 938 28 is_stmt 1 view .LVU47
 939:Middlewares/Third_Party/FreeRTOS/Source/timers.c **** 		}
 940:Middlewares/Third_Party/FreeRTOS/Source/timers.c **** 	}
 941:Middlewares/Third_Party/FreeRTOS/Source/timers.c **** 	taskEXIT_CRITICAL();
 207              		.loc 1 941 2 view .LVU48
 208 000e FFF7FEFF 		bl	vPortExitCritical
 209              	.LVL21:
 942:Middlewares/Third_Party/FreeRTOS/Source/timers.c **** }
 210              		.loc 1 942 1 is_stmt 0 view .LVU49
 211 0012 03B0     		add	sp, sp, #12
 212              	.LCFI3:
 213              		.cfi_remember_state
 214              		.cfi_def_cfa_offset 12
 215              		@ sp needed
 216 0014 30BD     		pop	{r4, r5, pc}
 217              	.L19:
 218              	.LCFI4:
 219              		.cfi_restore_state
 903:Middlewares/Third_Party/FreeRTOS/Source/timers.c **** 			vListInitialise( &xActiveTimerList2 );
 220              		.loc 1 903 4 is_stmt 1 view .LVU50
 221 0016 0F4D     		ldr	r5, .L20+4
 222 0018 2846     		mov	r0, r5
 223 001a FFF7FEFF 		bl	vListInitialise
 224              	.LVL22:
 904:Middlewares/Third_Party/FreeRTOS/Source/timers.c **** 			pxCurrentTimerList = &xActiveTimerList1;
 225              		.loc 1 904 4 view .LVU51
 226 001e 0E4C     		ldr	r4, .L20+8
 227 0020 2046     		mov	r0, r4
 228 0022 FFF7FEFF 		bl	vListInitialise
 229              	.LVL23:
 905:Middlewares/Third_Party/FreeRTOS/Source/timers.c **** 			pxOverflowTimerList = &xActiveTimerList2;
 230              		.loc 1 905 4 view .LVU52
 905:Middlewares/Third_Party/FreeRTOS/Source/timers.c **** 			pxOverflowTimerList = &xActiveTimerList2;
 231              		.loc 1 905 23 is_stmt 0 view .LVU53
 232 0026 0D4B     		ldr	r3, .L20+12
 233 0028 1D60     		str	r5, [r3]
 906:Middlewares/Third_Party/FreeRTOS/Source/timers.c **** 
 234              		.loc 1 906 4 is_stmt 1 view .LVU54
 906:Middlewares/Third_Party/FreeRTOS/Source/timers.c **** 
 235              		.loc 1 906 24 is_stmt 0 view .LVU55
 236 002a 0D4B     		ldr	r3, .L20+16
 237 002c 1C60     		str	r4, [r3]
 238              	.LBB41:
ARM GAS  C:\Users\31005\AppData\Local\Temp\cc5BHn3C.s 			page 22


 912:Middlewares/Third_Party/FreeRTOS/Source/timers.c **** 				static uint8_t ucStaticTimerQueueStorage[ ( size_t ) configTIMER_QUEUE_LENGTH * sizeof( DaemonT
 239              		.loc 1 912 5 is_stmt 1 view .LVU56
 913:Middlewares/Third_Party/FreeRTOS/Source/timers.c **** 
 240              		.loc 1 913 5 view .LVU57
 915:Middlewares/Third_Party/FreeRTOS/Source/timers.c **** 			}
 241              		.loc 1 915 5 view .LVU58
 915:Middlewares/Third_Party/FreeRTOS/Source/timers.c **** 			}
 242              		.loc 1 915 19 is_stmt 0 view .LVU59
 243 002e 0023     		movs	r3, #0
 244 0030 0093     		str	r3, [sp]
 245 0032 0C4B     		ldr	r3, .L20+20
 246 0034 0C4A     		ldr	r2, .L20+24
 247 0036 1021     		movs	r1, #16
 248 0038 0A20     		movs	r0, #10
 249 003a FFF7FEFF 		bl	xQueueGenericCreateStatic
 250              	.LVL24:
 915:Middlewares/Third_Party/FreeRTOS/Source/timers.c **** 			}
 251              		.loc 1 915 17 view .LVU60
 252 003e 044B     		ldr	r3, .L20
 253 0040 1860     		str	r0, [r3]
 254              	.LBE41:
 925:Middlewares/Third_Party/FreeRTOS/Source/timers.c **** 				{
 255              		.loc 1 925 5 is_stmt 1 view .LVU61
 925:Middlewares/Third_Party/FreeRTOS/Source/timers.c **** 				{
 256              		.loc 1 925 7 is_stmt 0 view .LVU62
 257 0042 0028     		cmp	r0, #0
 258 0044 E3D0     		beq	.L17
 927:Middlewares/Third_Party/FreeRTOS/Source/timers.c **** 				}
 259              		.loc 1 927 6 is_stmt 1 view .LVU63
 260 0046 0949     		ldr	r1, .L20+28
 261 0048 FFF7FEFF 		bl	vQueueAddToRegistry
 262              	.LVL25:
 263 004c DFE7     		b	.L17
 264              	.L21:
 265 004e 00BF     		.align	2
 266              	.L20:
 267 0050 00000000 		.word	xTimerQueue
 268 0054 00000000 		.word	xActiveTimerList1
 269 0058 00000000 		.word	xActiveTimerList2
 270 005c 00000000 		.word	pxCurrentTimerList
 271 0060 00000000 		.word	pxOverflowTimerList
 272 0064 00000000 		.word	xStaticTimerQueue.0
 273 0068 00000000 		.word	ucStaticTimerQueueStorage.1
 274 006c 00000000 		.word	.LC0
 275              		.cfi_endproc
 276              	.LFE21:
 278              		.section	.text.prvInitialiseNewTimer,"ax",%progbits
 279              		.align	1
 280              		.syntax unified
 281              		.thumb
 282              		.thumb_func
 284              	prvInitialiseNewTimer:
 285              	.LVL26:
 286              	.LFB7:
 358:Middlewares/Third_Party/FreeRTOS/Source/timers.c **** 	/* 0 is not a valid value for xTimerPeriodInTicks. */
 287              		.loc 1 358 1 view -0
 288              		.cfi_startproc
ARM GAS  C:\Users\31005\AppData\Local\Temp\cc5BHn3C.s 			page 23


 289              		@ args = 8, pretend = 0, frame = 0
 290              		@ frame_needed = 0, uses_anonymous_args = 0
 358:Middlewares/Third_Party/FreeRTOS/Source/timers.c **** 	/* 0 is not a valid value for xTimerPeriodInTicks. */
 291              		.loc 1 358 1 is_stmt 0 view .LVU65
 292 0000 2DE9F041 		push	{r4, r5, r6, r7, r8, lr}
 293              	.LCFI5:
 294              		.cfi_def_cfa_offset 24
 295              		.cfi_offset 4, -24
 296              		.cfi_offset 5, -20
 297              		.cfi_offset 6, -16
 298              		.cfi_offset 7, -12
 299              		.cfi_offset 8, -8
 300              		.cfi_offset 14, -4
 301 0004 079F     		ldr	r7, [sp, #28]
 360:Middlewares/Third_Party/FreeRTOS/Source/timers.c **** 
 302              		.loc 1 360 2 is_stmt 1 view .LVU66
 303 0006 41B9     		cbnz	r1, .L23
 360:Middlewares/Third_Party/FreeRTOS/Source/timers.c **** 
 304              		.loc 1 360 2 view .LVU67
 305              	.LBB42:
 306              	.LBI42:
 307              		.file 2 "Middlewares/Third_Party/FreeRTOS/Source/portable/GCC/ARM_CM4F/portmacro.h"
   1:Middlewares/Third_Party/FreeRTOS/Source/portable/GCC/ARM_CM4F/portmacro.h **** /*
   2:Middlewares/Third_Party/FreeRTOS/Source/portable/GCC/ARM_CM4F/portmacro.h ****  * FreeRTOS Kernel V10.0.1
   3:Middlewares/Third_Party/FreeRTOS/Source/portable/GCC/ARM_CM4F/portmacro.h ****  * Copyright (C) 2017 Amazon.com, Inc. or its affiliates.  All Rights Reserved.
   4:Middlewares/Third_Party/FreeRTOS/Source/portable/GCC/ARM_CM4F/portmacro.h ****  *
   5:Middlewares/Third_Party/FreeRTOS/Source/portable/GCC/ARM_CM4F/portmacro.h ****  * Permission is hereby granted, free of charge, to any person obtaining a copy of
   6:Middlewares/Third_Party/FreeRTOS/Source/portable/GCC/ARM_CM4F/portmacro.h ****  * this software and associated documentation files (the "Software"), to deal in
   7:Middlewares/Third_Party/FreeRTOS/Source/portable/GCC/ARM_CM4F/portmacro.h ****  * the Software without restriction, including without limitation the rights to
   8:Middlewares/Third_Party/FreeRTOS/Source/portable/GCC/ARM_CM4F/portmacro.h ****  * use, copy, modify, merge, publish, distribute, sublicense, and/or sell copies of
   9:Middlewares/Third_Party/FreeRTOS/Source/portable/GCC/ARM_CM4F/portmacro.h ****  * the Software, and to permit persons to whom the Software is furnished to do so,
  10:Middlewares/Third_Party/FreeRTOS/Source/portable/GCC/ARM_CM4F/portmacro.h ****  * subject to the following conditions:
  11:Middlewares/Third_Party/FreeRTOS/Source/portable/GCC/ARM_CM4F/portmacro.h ****  *
  12:Middlewares/Third_Party/FreeRTOS/Source/portable/GCC/ARM_CM4F/portmacro.h ****  * The above copyright notice and this permission notice shall be included in all
  13:Middlewares/Third_Party/FreeRTOS/Source/portable/GCC/ARM_CM4F/portmacro.h ****  * copies or substantial portions of the Software.
  14:Middlewares/Third_Party/FreeRTOS/Source/portable/GCC/ARM_CM4F/portmacro.h ****  *
  15:Middlewares/Third_Party/FreeRTOS/Source/portable/GCC/ARM_CM4F/portmacro.h ****  * THE SOFTWARE IS PROVIDED "AS IS", WITHOUT WARRANTY OF ANY KIND, EXPRESS OR
  16:Middlewares/Third_Party/FreeRTOS/Source/portable/GCC/ARM_CM4F/portmacro.h ****  * IMPLIED, INCLUDING BUT NOT LIMITED TO THE WARRANTIES OF MERCHANTABILITY, FITNESS
  17:Middlewares/Third_Party/FreeRTOS/Source/portable/GCC/ARM_CM4F/portmacro.h ****  * FOR A PARTICULAR PURPOSE AND NONINFRINGEMENT. IN NO EVENT SHALL THE AUTHORS OR
  18:Middlewares/Third_Party/FreeRTOS/Source/portable/GCC/ARM_CM4F/portmacro.h ****  * COPYRIGHT HOLDERS BE LIABLE FOR ANY CLAIM, DAMAGES OR OTHER LIABILITY, WHETHER
  19:Middlewares/Third_Party/FreeRTOS/Source/portable/GCC/ARM_CM4F/portmacro.h ****  * IN AN ACTION OF CONTRACT, TORT OR OTHERWISE, ARISING FROM, OUT OF OR IN
  20:Middlewares/Third_Party/FreeRTOS/Source/portable/GCC/ARM_CM4F/portmacro.h ****  * CONNECTION WITH THE SOFTWARE OR THE USE OR OTHER DEALINGS IN THE SOFTWARE.
  21:Middlewares/Third_Party/FreeRTOS/Source/portable/GCC/ARM_CM4F/portmacro.h ****  *
  22:Middlewares/Third_Party/FreeRTOS/Source/portable/GCC/ARM_CM4F/portmacro.h ****  * http://www.FreeRTOS.org
  23:Middlewares/Third_Party/FreeRTOS/Source/portable/GCC/ARM_CM4F/portmacro.h ****  * http://aws.amazon.com/freertos
  24:Middlewares/Third_Party/FreeRTOS/Source/portable/GCC/ARM_CM4F/portmacro.h ****  *
  25:Middlewares/Third_Party/FreeRTOS/Source/portable/GCC/ARM_CM4F/portmacro.h ****  * 1 tab == 4 spaces!
  26:Middlewares/Third_Party/FreeRTOS/Source/portable/GCC/ARM_CM4F/portmacro.h ****  */
  27:Middlewares/Third_Party/FreeRTOS/Source/portable/GCC/ARM_CM4F/portmacro.h **** 
  28:Middlewares/Third_Party/FreeRTOS/Source/portable/GCC/ARM_CM4F/portmacro.h **** 
  29:Middlewares/Third_Party/FreeRTOS/Source/portable/GCC/ARM_CM4F/portmacro.h **** #ifndef PORTMACRO_H
  30:Middlewares/Third_Party/FreeRTOS/Source/portable/GCC/ARM_CM4F/portmacro.h **** #define PORTMACRO_H
  31:Middlewares/Third_Party/FreeRTOS/Source/portable/GCC/ARM_CM4F/portmacro.h **** 
  32:Middlewares/Third_Party/FreeRTOS/Source/portable/GCC/ARM_CM4F/portmacro.h **** #ifdef __cplusplus
  33:Middlewares/Third_Party/FreeRTOS/Source/portable/GCC/ARM_CM4F/portmacro.h **** extern "C" {
  34:Middlewares/Third_Party/FreeRTOS/Source/portable/GCC/ARM_CM4F/portmacro.h **** #endif
  35:Middlewares/Third_Party/FreeRTOS/Source/portable/GCC/ARM_CM4F/portmacro.h **** 
ARM GAS  C:\Users\31005\AppData\Local\Temp\cc5BHn3C.s 			page 24


  36:Middlewares/Third_Party/FreeRTOS/Source/portable/GCC/ARM_CM4F/portmacro.h **** /*-----------------------------------------------------------
  37:Middlewares/Third_Party/FreeRTOS/Source/portable/GCC/ARM_CM4F/portmacro.h ****  * Port specific definitions.
  38:Middlewares/Third_Party/FreeRTOS/Source/portable/GCC/ARM_CM4F/portmacro.h ****  *
  39:Middlewares/Third_Party/FreeRTOS/Source/portable/GCC/ARM_CM4F/portmacro.h ****  * The settings in this file configure FreeRTOS correctly for the
  40:Middlewares/Third_Party/FreeRTOS/Source/portable/GCC/ARM_CM4F/portmacro.h ****  * given hardware and compiler.
  41:Middlewares/Third_Party/FreeRTOS/Source/portable/GCC/ARM_CM4F/portmacro.h ****  *
  42:Middlewares/Third_Party/FreeRTOS/Source/portable/GCC/ARM_CM4F/portmacro.h ****  * These settings should not be altered.
  43:Middlewares/Third_Party/FreeRTOS/Source/portable/GCC/ARM_CM4F/portmacro.h ****  *-----------------------------------------------------------
  44:Middlewares/Third_Party/FreeRTOS/Source/portable/GCC/ARM_CM4F/portmacro.h ****  */
  45:Middlewares/Third_Party/FreeRTOS/Source/portable/GCC/ARM_CM4F/portmacro.h **** 
  46:Middlewares/Third_Party/FreeRTOS/Source/portable/GCC/ARM_CM4F/portmacro.h **** /* Type definitions. */
  47:Middlewares/Third_Party/FreeRTOS/Source/portable/GCC/ARM_CM4F/portmacro.h **** #define portCHAR		char
  48:Middlewares/Third_Party/FreeRTOS/Source/portable/GCC/ARM_CM4F/portmacro.h **** #define portFLOAT		float
  49:Middlewares/Third_Party/FreeRTOS/Source/portable/GCC/ARM_CM4F/portmacro.h **** #define portDOUBLE		double
  50:Middlewares/Third_Party/FreeRTOS/Source/portable/GCC/ARM_CM4F/portmacro.h **** #define portLONG		long
  51:Middlewares/Third_Party/FreeRTOS/Source/portable/GCC/ARM_CM4F/portmacro.h **** #define portSHORT		short
  52:Middlewares/Third_Party/FreeRTOS/Source/portable/GCC/ARM_CM4F/portmacro.h **** #define portSTACK_TYPE	uint32_t
  53:Middlewares/Third_Party/FreeRTOS/Source/portable/GCC/ARM_CM4F/portmacro.h **** #define portBASE_TYPE	long
  54:Middlewares/Third_Party/FreeRTOS/Source/portable/GCC/ARM_CM4F/portmacro.h **** 
  55:Middlewares/Third_Party/FreeRTOS/Source/portable/GCC/ARM_CM4F/portmacro.h **** typedef portSTACK_TYPE StackType_t;
  56:Middlewares/Third_Party/FreeRTOS/Source/portable/GCC/ARM_CM4F/portmacro.h **** typedef long BaseType_t;
  57:Middlewares/Third_Party/FreeRTOS/Source/portable/GCC/ARM_CM4F/portmacro.h **** typedef unsigned long UBaseType_t;
  58:Middlewares/Third_Party/FreeRTOS/Source/portable/GCC/ARM_CM4F/portmacro.h **** 
  59:Middlewares/Third_Party/FreeRTOS/Source/portable/GCC/ARM_CM4F/portmacro.h **** #if( configUSE_16_BIT_TICKS == 1 )
  60:Middlewares/Third_Party/FreeRTOS/Source/portable/GCC/ARM_CM4F/portmacro.h **** 	typedef uint16_t TickType_t;
  61:Middlewares/Third_Party/FreeRTOS/Source/portable/GCC/ARM_CM4F/portmacro.h **** 	#define portMAX_DELAY ( TickType_t ) 0xffff
  62:Middlewares/Third_Party/FreeRTOS/Source/portable/GCC/ARM_CM4F/portmacro.h **** #else
  63:Middlewares/Third_Party/FreeRTOS/Source/portable/GCC/ARM_CM4F/portmacro.h **** 	typedef uint32_t TickType_t;
  64:Middlewares/Third_Party/FreeRTOS/Source/portable/GCC/ARM_CM4F/portmacro.h **** 	#define portMAX_DELAY ( TickType_t ) 0xffffffffUL
  65:Middlewares/Third_Party/FreeRTOS/Source/portable/GCC/ARM_CM4F/portmacro.h **** 
  66:Middlewares/Third_Party/FreeRTOS/Source/portable/GCC/ARM_CM4F/portmacro.h **** 	/* 32-bit tick type on a 32-bit architecture, so reads of the tick count do
  67:Middlewares/Third_Party/FreeRTOS/Source/portable/GCC/ARM_CM4F/portmacro.h **** 	not need to be guarded with a critical section. */
  68:Middlewares/Third_Party/FreeRTOS/Source/portable/GCC/ARM_CM4F/portmacro.h **** 	#define portTICK_TYPE_IS_ATOMIC 1
  69:Middlewares/Third_Party/FreeRTOS/Source/portable/GCC/ARM_CM4F/portmacro.h **** #endif
  70:Middlewares/Third_Party/FreeRTOS/Source/portable/GCC/ARM_CM4F/portmacro.h **** /*-----------------------------------------------------------*/
  71:Middlewares/Third_Party/FreeRTOS/Source/portable/GCC/ARM_CM4F/portmacro.h **** 
  72:Middlewares/Third_Party/FreeRTOS/Source/portable/GCC/ARM_CM4F/portmacro.h **** /* Architecture specifics. */
  73:Middlewares/Third_Party/FreeRTOS/Source/portable/GCC/ARM_CM4F/portmacro.h **** #define portSTACK_GROWTH			( -1 )
  74:Middlewares/Third_Party/FreeRTOS/Source/portable/GCC/ARM_CM4F/portmacro.h **** #define portTICK_PERIOD_MS			( ( TickType_t ) 1000 / configTICK_RATE_HZ )
  75:Middlewares/Third_Party/FreeRTOS/Source/portable/GCC/ARM_CM4F/portmacro.h **** #define portBYTE_ALIGNMENT			8
  76:Middlewares/Third_Party/FreeRTOS/Source/portable/GCC/ARM_CM4F/portmacro.h **** /*-----------------------------------------------------------*/
  77:Middlewares/Third_Party/FreeRTOS/Source/portable/GCC/ARM_CM4F/portmacro.h **** 
  78:Middlewares/Third_Party/FreeRTOS/Source/portable/GCC/ARM_CM4F/portmacro.h **** /* Scheduler utilities. */
  79:Middlewares/Third_Party/FreeRTOS/Source/portable/GCC/ARM_CM4F/portmacro.h **** #define portYIELD() 															\
  80:Middlewares/Third_Party/FreeRTOS/Source/portable/GCC/ARM_CM4F/portmacro.h **** {																				\
  81:Middlewares/Third_Party/FreeRTOS/Source/portable/GCC/ARM_CM4F/portmacro.h **** 	/* Set a PendSV to request a context switch. */								\
  82:Middlewares/Third_Party/FreeRTOS/Source/portable/GCC/ARM_CM4F/portmacro.h **** 	portNVIC_INT_CTRL_REG = portNVIC_PENDSVSET_BIT;								\
  83:Middlewares/Third_Party/FreeRTOS/Source/portable/GCC/ARM_CM4F/portmacro.h **** 																				\
  84:Middlewares/Third_Party/FreeRTOS/Source/portable/GCC/ARM_CM4F/portmacro.h **** 	/* Barriers are normally not required but do ensure the code is completely	\
  85:Middlewares/Third_Party/FreeRTOS/Source/portable/GCC/ARM_CM4F/portmacro.h **** 	within the specified behaviour for the architecture. */						\
  86:Middlewares/Third_Party/FreeRTOS/Source/portable/GCC/ARM_CM4F/portmacro.h **** 	__asm volatile( "dsb" ::: "memory" );										\
  87:Middlewares/Third_Party/FreeRTOS/Source/portable/GCC/ARM_CM4F/portmacro.h **** 	__asm volatile( "isb" );													\
  88:Middlewares/Third_Party/FreeRTOS/Source/portable/GCC/ARM_CM4F/portmacro.h **** }
  89:Middlewares/Third_Party/FreeRTOS/Source/portable/GCC/ARM_CM4F/portmacro.h **** 
  90:Middlewares/Third_Party/FreeRTOS/Source/portable/GCC/ARM_CM4F/portmacro.h **** #define portNVIC_INT_CTRL_REG		( * ( ( volatile uint32_t * ) 0xe000ed04 ) )
  91:Middlewares/Third_Party/FreeRTOS/Source/portable/GCC/ARM_CM4F/portmacro.h **** #define portNVIC_PENDSVSET_BIT		( 1UL << 28UL )
  92:Middlewares/Third_Party/FreeRTOS/Source/portable/GCC/ARM_CM4F/portmacro.h **** #define portEND_SWITCHING_ISR( xSwitchRequired ) if( xSwitchRequired != pdFALSE ) portYIELD()
ARM GAS  C:\Users\31005\AppData\Local\Temp\cc5BHn3C.s 			page 25


  93:Middlewares/Third_Party/FreeRTOS/Source/portable/GCC/ARM_CM4F/portmacro.h **** #define portYIELD_FROM_ISR( x ) portEND_SWITCHING_ISR( x )
  94:Middlewares/Third_Party/FreeRTOS/Source/portable/GCC/ARM_CM4F/portmacro.h **** /*-----------------------------------------------------------*/
  95:Middlewares/Third_Party/FreeRTOS/Source/portable/GCC/ARM_CM4F/portmacro.h **** 
  96:Middlewares/Third_Party/FreeRTOS/Source/portable/GCC/ARM_CM4F/portmacro.h **** /* Critical section management. */
  97:Middlewares/Third_Party/FreeRTOS/Source/portable/GCC/ARM_CM4F/portmacro.h **** extern void vPortEnterCritical( void );
  98:Middlewares/Third_Party/FreeRTOS/Source/portable/GCC/ARM_CM4F/portmacro.h **** extern void vPortExitCritical( void );
  99:Middlewares/Third_Party/FreeRTOS/Source/portable/GCC/ARM_CM4F/portmacro.h **** #define portSET_INTERRUPT_MASK_FROM_ISR()		ulPortRaiseBASEPRI()
 100:Middlewares/Third_Party/FreeRTOS/Source/portable/GCC/ARM_CM4F/portmacro.h **** #define portCLEAR_INTERRUPT_MASK_FROM_ISR(x)	vPortSetBASEPRI(x)
 101:Middlewares/Third_Party/FreeRTOS/Source/portable/GCC/ARM_CM4F/portmacro.h **** #define portDISABLE_INTERRUPTS()				vPortRaiseBASEPRI()
 102:Middlewares/Third_Party/FreeRTOS/Source/portable/GCC/ARM_CM4F/portmacro.h **** #define portENABLE_INTERRUPTS()					vPortSetBASEPRI(0)
 103:Middlewares/Third_Party/FreeRTOS/Source/portable/GCC/ARM_CM4F/portmacro.h **** #define portENTER_CRITICAL()					vPortEnterCritical()
 104:Middlewares/Third_Party/FreeRTOS/Source/portable/GCC/ARM_CM4F/portmacro.h **** #define portEXIT_CRITICAL()						vPortExitCritical()
 105:Middlewares/Third_Party/FreeRTOS/Source/portable/GCC/ARM_CM4F/portmacro.h **** 
 106:Middlewares/Third_Party/FreeRTOS/Source/portable/GCC/ARM_CM4F/portmacro.h **** /*-----------------------------------------------------------*/
 107:Middlewares/Third_Party/FreeRTOS/Source/portable/GCC/ARM_CM4F/portmacro.h **** 
 108:Middlewares/Third_Party/FreeRTOS/Source/portable/GCC/ARM_CM4F/portmacro.h **** /* Task function macros as described on the FreeRTOS.org WEB site.  These are
 109:Middlewares/Third_Party/FreeRTOS/Source/portable/GCC/ARM_CM4F/portmacro.h **** not necessary for to use this port.  They are defined so the common demo files
 110:Middlewares/Third_Party/FreeRTOS/Source/portable/GCC/ARM_CM4F/portmacro.h **** (which build with all the ports) will build. */
 111:Middlewares/Third_Party/FreeRTOS/Source/portable/GCC/ARM_CM4F/portmacro.h **** #define portTASK_FUNCTION_PROTO( vFunction, pvParameters ) void vFunction( void *pvParameters )
 112:Middlewares/Third_Party/FreeRTOS/Source/portable/GCC/ARM_CM4F/portmacro.h **** #define portTASK_FUNCTION( vFunction, pvParameters ) void vFunction( void *pvParameters )
 113:Middlewares/Third_Party/FreeRTOS/Source/portable/GCC/ARM_CM4F/portmacro.h **** /*-----------------------------------------------------------*/
 114:Middlewares/Third_Party/FreeRTOS/Source/portable/GCC/ARM_CM4F/portmacro.h **** 
 115:Middlewares/Third_Party/FreeRTOS/Source/portable/GCC/ARM_CM4F/portmacro.h **** /* Tickless idle/low power functionality. */
 116:Middlewares/Third_Party/FreeRTOS/Source/portable/GCC/ARM_CM4F/portmacro.h **** #ifndef portSUPPRESS_TICKS_AND_SLEEP
 117:Middlewares/Third_Party/FreeRTOS/Source/portable/GCC/ARM_CM4F/portmacro.h **** 	extern void vPortSuppressTicksAndSleep( TickType_t xExpectedIdleTime );
 118:Middlewares/Third_Party/FreeRTOS/Source/portable/GCC/ARM_CM4F/portmacro.h **** 	#define portSUPPRESS_TICKS_AND_SLEEP( xExpectedIdleTime ) vPortSuppressTicksAndSleep( xExpectedIdl
 119:Middlewares/Third_Party/FreeRTOS/Source/portable/GCC/ARM_CM4F/portmacro.h **** #endif
 120:Middlewares/Third_Party/FreeRTOS/Source/portable/GCC/ARM_CM4F/portmacro.h **** /*-----------------------------------------------------------*/
 121:Middlewares/Third_Party/FreeRTOS/Source/portable/GCC/ARM_CM4F/portmacro.h **** 
 122:Middlewares/Third_Party/FreeRTOS/Source/portable/GCC/ARM_CM4F/portmacro.h **** /* Architecture specific optimisations. */
 123:Middlewares/Third_Party/FreeRTOS/Source/portable/GCC/ARM_CM4F/portmacro.h **** #ifndef configUSE_PORT_OPTIMISED_TASK_SELECTION
 124:Middlewares/Third_Party/FreeRTOS/Source/portable/GCC/ARM_CM4F/portmacro.h **** 	#define configUSE_PORT_OPTIMISED_TASK_SELECTION 1
 125:Middlewares/Third_Party/FreeRTOS/Source/portable/GCC/ARM_CM4F/portmacro.h **** #endif
 126:Middlewares/Third_Party/FreeRTOS/Source/portable/GCC/ARM_CM4F/portmacro.h **** 
 127:Middlewares/Third_Party/FreeRTOS/Source/portable/GCC/ARM_CM4F/portmacro.h **** #if configUSE_PORT_OPTIMISED_TASK_SELECTION == 1
 128:Middlewares/Third_Party/FreeRTOS/Source/portable/GCC/ARM_CM4F/portmacro.h **** 
 129:Middlewares/Third_Party/FreeRTOS/Source/portable/GCC/ARM_CM4F/portmacro.h **** 	/* Generic helper function. */
 130:Middlewares/Third_Party/FreeRTOS/Source/portable/GCC/ARM_CM4F/portmacro.h **** 	__attribute__( ( always_inline ) ) static inline uint8_t ucPortCountLeadingZeros( uint32_t ulBitma
 131:Middlewares/Third_Party/FreeRTOS/Source/portable/GCC/ARM_CM4F/portmacro.h **** 	{
 132:Middlewares/Third_Party/FreeRTOS/Source/portable/GCC/ARM_CM4F/portmacro.h **** 	uint8_t ucReturn;
 133:Middlewares/Third_Party/FreeRTOS/Source/portable/GCC/ARM_CM4F/portmacro.h **** 
 134:Middlewares/Third_Party/FreeRTOS/Source/portable/GCC/ARM_CM4F/portmacro.h **** 		__asm volatile ( "clz %0, %1" : "=r" ( ucReturn ) : "r" ( ulBitmap ) : "memory" );
 135:Middlewares/Third_Party/FreeRTOS/Source/portable/GCC/ARM_CM4F/portmacro.h **** 		return ucReturn;
 136:Middlewares/Third_Party/FreeRTOS/Source/portable/GCC/ARM_CM4F/portmacro.h **** 	}
 137:Middlewares/Third_Party/FreeRTOS/Source/portable/GCC/ARM_CM4F/portmacro.h **** 
 138:Middlewares/Third_Party/FreeRTOS/Source/portable/GCC/ARM_CM4F/portmacro.h **** 	/* Check the configuration. */
 139:Middlewares/Third_Party/FreeRTOS/Source/portable/GCC/ARM_CM4F/portmacro.h **** 	#if( configMAX_PRIORITIES > 32 )
 140:Middlewares/Third_Party/FreeRTOS/Source/portable/GCC/ARM_CM4F/portmacro.h **** 		#error configUSE_PORT_OPTIMISED_TASK_SELECTION can only be set to 1 when configMAX_PRIORITIES is 
 141:Middlewares/Third_Party/FreeRTOS/Source/portable/GCC/ARM_CM4F/portmacro.h **** 	#endif
 142:Middlewares/Third_Party/FreeRTOS/Source/portable/GCC/ARM_CM4F/portmacro.h **** 
 143:Middlewares/Third_Party/FreeRTOS/Source/portable/GCC/ARM_CM4F/portmacro.h **** 	/* Store/clear the ready priorities in a bit map. */
 144:Middlewares/Third_Party/FreeRTOS/Source/portable/GCC/ARM_CM4F/portmacro.h **** 	#define portRECORD_READY_PRIORITY( uxPriority, uxReadyPriorities ) ( uxReadyPriorities ) |= ( 1UL 
 145:Middlewares/Third_Party/FreeRTOS/Source/portable/GCC/ARM_CM4F/portmacro.h **** 	#define portRESET_READY_PRIORITY( uxPriority, uxReadyPriorities ) ( uxReadyPriorities ) &= ~( 1UL 
 146:Middlewares/Third_Party/FreeRTOS/Source/portable/GCC/ARM_CM4F/portmacro.h **** 
 147:Middlewares/Third_Party/FreeRTOS/Source/portable/GCC/ARM_CM4F/portmacro.h **** 	/*-----------------------------------------------------------*/
 148:Middlewares/Third_Party/FreeRTOS/Source/portable/GCC/ARM_CM4F/portmacro.h **** 
 149:Middlewares/Third_Party/FreeRTOS/Source/portable/GCC/ARM_CM4F/portmacro.h **** 	#define portGET_HIGHEST_PRIORITY( uxTopPriority, uxReadyPriorities ) uxTopPriority = ( 31UL - ( ui
ARM GAS  C:\Users\31005\AppData\Local\Temp\cc5BHn3C.s 			page 26


 150:Middlewares/Third_Party/FreeRTOS/Source/portable/GCC/ARM_CM4F/portmacro.h **** 
 151:Middlewares/Third_Party/FreeRTOS/Source/portable/GCC/ARM_CM4F/portmacro.h **** #endif /* configUSE_PORT_OPTIMISED_TASK_SELECTION */
 152:Middlewares/Third_Party/FreeRTOS/Source/portable/GCC/ARM_CM4F/portmacro.h **** 
 153:Middlewares/Third_Party/FreeRTOS/Source/portable/GCC/ARM_CM4F/portmacro.h **** /*-----------------------------------------------------------*/
 154:Middlewares/Third_Party/FreeRTOS/Source/portable/GCC/ARM_CM4F/portmacro.h **** 
 155:Middlewares/Third_Party/FreeRTOS/Source/portable/GCC/ARM_CM4F/portmacro.h **** #ifdef configASSERT
 156:Middlewares/Third_Party/FreeRTOS/Source/portable/GCC/ARM_CM4F/portmacro.h **** 	void vPortValidateInterruptPriority( void );
 157:Middlewares/Third_Party/FreeRTOS/Source/portable/GCC/ARM_CM4F/portmacro.h **** 	#define portASSERT_IF_INTERRUPT_PRIORITY_INVALID() 	vPortValidateInterruptPriority()
 158:Middlewares/Third_Party/FreeRTOS/Source/portable/GCC/ARM_CM4F/portmacro.h **** #endif
 159:Middlewares/Third_Party/FreeRTOS/Source/portable/GCC/ARM_CM4F/portmacro.h **** 
 160:Middlewares/Third_Party/FreeRTOS/Source/portable/GCC/ARM_CM4F/portmacro.h **** /* portNOP() is not required by this port. */
 161:Middlewares/Third_Party/FreeRTOS/Source/portable/GCC/ARM_CM4F/portmacro.h **** #define portNOP()
 162:Middlewares/Third_Party/FreeRTOS/Source/portable/GCC/ARM_CM4F/portmacro.h **** 
 163:Middlewares/Third_Party/FreeRTOS/Source/portable/GCC/ARM_CM4F/portmacro.h **** #define portINLINE	__inline
 164:Middlewares/Third_Party/FreeRTOS/Source/portable/GCC/ARM_CM4F/portmacro.h **** 
 165:Middlewares/Third_Party/FreeRTOS/Source/portable/GCC/ARM_CM4F/portmacro.h **** #ifndef portFORCE_INLINE
 166:Middlewares/Third_Party/FreeRTOS/Source/portable/GCC/ARM_CM4F/portmacro.h **** 	#define portFORCE_INLINE inline __attribute__(( always_inline))
 167:Middlewares/Third_Party/FreeRTOS/Source/portable/GCC/ARM_CM4F/portmacro.h **** #endif
 168:Middlewares/Third_Party/FreeRTOS/Source/portable/GCC/ARM_CM4F/portmacro.h **** 
 169:Middlewares/Third_Party/FreeRTOS/Source/portable/GCC/ARM_CM4F/portmacro.h **** portFORCE_INLINE static BaseType_t xPortIsInsideInterrupt( void )
 170:Middlewares/Third_Party/FreeRTOS/Source/portable/GCC/ARM_CM4F/portmacro.h **** {
 171:Middlewares/Third_Party/FreeRTOS/Source/portable/GCC/ARM_CM4F/portmacro.h **** uint32_t ulCurrentInterrupt;
 172:Middlewares/Third_Party/FreeRTOS/Source/portable/GCC/ARM_CM4F/portmacro.h **** BaseType_t xReturn;
 173:Middlewares/Third_Party/FreeRTOS/Source/portable/GCC/ARM_CM4F/portmacro.h **** 
 174:Middlewares/Third_Party/FreeRTOS/Source/portable/GCC/ARM_CM4F/portmacro.h **** 	/* Obtain the number of the currently executing interrupt. */
 175:Middlewares/Third_Party/FreeRTOS/Source/portable/GCC/ARM_CM4F/portmacro.h **** 	__asm volatile( "mrs %0, ipsr" : "=r"( ulCurrentInterrupt ) :: "memory" );
 176:Middlewares/Third_Party/FreeRTOS/Source/portable/GCC/ARM_CM4F/portmacro.h **** 
 177:Middlewares/Third_Party/FreeRTOS/Source/portable/GCC/ARM_CM4F/portmacro.h **** 	if( ulCurrentInterrupt == 0 )
 178:Middlewares/Third_Party/FreeRTOS/Source/portable/GCC/ARM_CM4F/portmacro.h **** 	{
 179:Middlewares/Third_Party/FreeRTOS/Source/portable/GCC/ARM_CM4F/portmacro.h **** 		xReturn = pdFALSE;
 180:Middlewares/Third_Party/FreeRTOS/Source/portable/GCC/ARM_CM4F/portmacro.h **** 	}
 181:Middlewares/Third_Party/FreeRTOS/Source/portable/GCC/ARM_CM4F/portmacro.h **** 	else
 182:Middlewares/Third_Party/FreeRTOS/Source/portable/GCC/ARM_CM4F/portmacro.h **** 	{
 183:Middlewares/Third_Party/FreeRTOS/Source/portable/GCC/ARM_CM4F/portmacro.h **** 		xReturn = pdTRUE;
 184:Middlewares/Third_Party/FreeRTOS/Source/portable/GCC/ARM_CM4F/portmacro.h **** 	}
 185:Middlewares/Third_Party/FreeRTOS/Source/portable/GCC/ARM_CM4F/portmacro.h **** 
 186:Middlewares/Third_Party/FreeRTOS/Source/portable/GCC/ARM_CM4F/portmacro.h **** 	return xReturn;
 187:Middlewares/Third_Party/FreeRTOS/Source/portable/GCC/ARM_CM4F/portmacro.h **** }
 188:Middlewares/Third_Party/FreeRTOS/Source/portable/GCC/ARM_CM4F/portmacro.h **** 
 189:Middlewares/Third_Party/FreeRTOS/Source/portable/GCC/ARM_CM4F/portmacro.h **** /*-----------------------------------------------------------*/
 190:Middlewares/Third_Party/FreeRTOS/Source/portable/GCC/ARM_CM4F/portmacro.h **** 
 191:Middlewares/Third_Party/FreeRTOS/Source/portable/GCC/ARM_CM4F/portmacro.h **** portFORCE_INLINE static void vPortRaiseBASEPRI( void )
 308              		.loc 2 191 30 view .LVU68
 309              	.LBB43:
 192:Middlewares/Third_Party/FreeRTOS/Source/portable/GCC/ARM_CM4F/portmacro.h **** {
 193:Middlewares/Third_Party/FreeRTOS/Source/portable/GCC/ARM_CM4F/portmacro.h **** uint32_t ulNewBASEPRI;
 310              		.loc 2 193 1 view .LVU69
 194:Middlewares/Third_Party/FreeRTOS/Source/portable/GCC/ARM_CM4F/portmacro.h **** 
 195:Middlewares/Third_Party/FreeRTOS/Source/portable/GCC/ARM_CM4F/portmacro.h **** 	__asm volatile
 311              		.loc 2 195 2 view .LVU70
 312              		.syntax unified
 313              	@ 195 "Middlewares/Third_Party/FreeRTOS/Source/portable/GCC/ARM_CM4F/portmacro.h" 1
 314 0008 4FF05003 			mov r3, #80												
 315 000c 83F31188 		msr basepri, r3											
 316 0010 BFF36F8F 		isb														
 317 0014 BFF34F8F 		dsb														
 318              	
ARM GAS  C:\Users\31005\AppData\Local\Temp\cc5BHn3C.s 			page 27


 319              	@ 0 "" 2
 320              	.LVL27:
 321              		.thumb
 322              		.syntax unified
 323              	.L24:
 324              		.loc 2 195 2 is_stmt 0 view .LVU71
 325              	.LBE43:
 326              	.LBE42:
 360:Middlewares/Third_Party/FreeRTOS/Source/timers.c **** 
 327              		.loc 1 360 2 is_stmt 1 discriminator 1 view .LVU72
 360:Middlewares/Third_Party/FreeRTOS/Source/timers.c **** 
 328              		.loc 1 360 2 discriminator 1 view .LVU73
 329 0018 FEE7     		b	.L24
 330              	.LVL28:
 331              	.L23:
 360:Middlewares/Third_Party/FreeRTOS/Source/timers.c **** 
 332              		.loc 1 360 2 is_stmt 0 discriminator 1 view .LVU74
 333 001a 0646     		mov	r6, r0
 334 001c 1546     		mov	r5, r2
 335 001e 1C46     		mov	r4, r3
 336 0020 8846     		mov	r8, r1
 360:Middlewares/Third_Party/FreeRTOS/Source/timers.c **** 
 337              		.loc 1 360 45 is_stmt 1 discriminator 2 view .LVU75
 362:Middlewares/Third_Party/FreeRTOS/Source/timers.c **** 	{
 338              		.loc 1 362 2 discriminator 2 view .LVU76
 362:Middlewares/Third_Party/FreeRTOS/Source/timers.c **** 	{
 339              		.loc 1 362 4 is_stmt 0 discriminator 2 view .LVU77
 340 0022 5FB1     		cbz	r7, .L22
 366:Middlewares/Third_Party/FreeRTOS/Source/timers.c **** 
 341              		.loc 1 366 3 is_stmt 1 view .LVU78
 342 0024 FFF7FEFF 		bl	prvCheckForValidListAndQueue
 343              	.LVL29:
 370:Middlewares/Third_Party/FreeRTOS/Source/timers.c **** 		pxNewTimer->xTimerPeriodInTicks = xTimerPeriodInTicks;
 344              		.loc 1 370 3 view .LVU79
 370:Middlewares/Third_Party/FreeRTOS/Source/timers.c **** 		pxNewTimer->xTimerPeriodInTicks = xTimerPeriodInTicks;
 345              		.loc 1 370 27 is_stmt 0 view .LVU80
 346 0028 3E60     		str	r6, [r7]
 371:Middlewares/Third_Party/FreeRTOS/Source/timers.c **** 		pxNewTimer->uxAutoReload = uxAutoReload;
 347              		.loc 1 371 3 is_stmt 1 view .LVU81
 371:Middlewares/Third_Party/FreeRTOS/Source/timers.c **** 		pxNewTimer->uxAutoReload = uxAutoReload;
 348              		.loc 1 371 35 is_stmt 0 view .LVU82
 349 002a C7F81880 		str	r8, [r7, #24]
 372:Middlewares/Third_Party/FreeRTOS/Source/timers.c **** 		pxNewTimer->pvTimerID = pvTimerID;
 350              		.loc 1 372 3 is_stmt 1 view .LVU83
 372:Middlewares/Third_Party/FreeRTOS/Source/timers.c **** 		pxNewTimer->pvTimerID = pvTimerID;
 351              		.loc 1 372 28 is_stmt 0 view .LVU84
 352 002e FD61     		str	r5, [r7, #28]
 373:Middlewares/Third_Party/FreeRTOS/Source/timers.c **** 		pxNewTimer->pxCallbackFunction = pxCallbackFunction;
 353              		.loc 1 373 3 is_stmt 1 view .LVU85
 373:Middlewares/Third_Party/FreeRTOS/Source/timers.c **** 		pxNewTimer->pxCallbackFunction = pxCallbackFunction;
 354              		.loc 1 373 25 is_stmt 0 view .LVU86
 355 0030 3C62     		str	r4, [r7, #32]
 374:Middlewares/Third_Party/FreeRTOS/Source/timers.c **** 		vListInitialiseItem( &( pxNewTimer->xTimerListItem ) );
 356              		.loc 1 374 3 is_stmt 1 view .LVU87
 374:Middlewares/Third_Party/FreeRTOS/Source/timers.c **** 		vListInitialiseItem( &( pxNewTimer->xTimerListItem ) );
 357              		.loc 1 374 34 is_stmt 0 view .LVU88
 358 0032 069B     		ldr	r3, [sp, #24]
ARM GAS  C:\Users\31005\AppData\Local\Temp\cc5BHn3C.s 			page 28


 359 0034 7B62     		str	r3, [r7, #36]
 375:Middlewares/Third_Party/FreeRTOS/Source/timers.c **** 		traceTIMER_CREATE( pxNewTimer );
 360              		.loc 1 375 3 is_stmt 1 view .LVU89
 361 0036 381D     		adds	r0, r7, #4
 362 0038 FFF7FEFF 		bl	vListInitialiseItem
 363              	.LVL30:
 376:Middlewares/Third_Party/FreeRTOS/Source/timers.c **** 	}
 364              		.loc 1 376 34 view .LVU90
 365              	.L22:
 378:Middlewares/Third_Party/FreeRTOS/Source/timers.c **** /*-----------------------------------------------------------*/
 366              		.loc 1 378 1 is_stmt 0 view .LVU91
 367 003c BDE8F081 		pop	{r4, r5, r6, r7, r8, pc}
 378:Middlewares/Third_Party/FreeRTOS/Source/timers.c **** /*-----------------------------------------------------------*/
 368              		.loc 1 378 1 view .LVU92
 369              		.cfi_endproc
 370              	.LFE7:
 372              		.section	.rodata.xTimerCreateTimerTask.str1.4,"aMS",%progbits,1
 373              		.align	2
 374              	.LC1:
 375 0000 546D7220 		.ascii	"Tmr Svc\000"
 375      53766300 
 376              		.section	.text.xTimerCreateTimerTask,"ax",%progbits
 377              		.align	1
 378              		.global	xTimerCreateTimerTask
 379              		.syntax unified
 380              		.thumb
 381              		.thumb_func
 383              	xTimerCreateTimerTask:
 384              	.LFB4:
 224:Middlewares/Third_Party/FreeRTOS/Source/timers.c **** BaseType_t xReturn = pdFAIL;
 385              		.loc 1 224 1 is_stmt 1 view -0
 386              		.cfi_startproc
 387              		@ args = 0, pretend = 0, frame = 16
 388              		@ frame_needed = 0, uses_anonymous_args = 0
 389 0000 10B5     		push	{r4, lr}
 390              	.LCFI6:
 391              		.cfi_def_cfa_offset 8
 392              		.cfi_offset 4, -8
 393              		.cfi_offset 14, -4
 394 0002 88B0     		sub	sp, sp, #32
 395              	.LCFI7:
 396              		.cfi_def_cfa_offset 40
 225:Middlewares/Third_Party/FreeRTOS/Source/timers.c **** 
 397              		.loc 1 225 1 view .LVU94
 398              	.LVL31:
 231:Middlewares/Third_Party/FreeRTOS/Source/timers.c **** 
 399              		.loc 1 231 2 view .LVU95
 400 0004 FFF7FEFF 		bl	prvCheckForValidListAndQueue
 401              	.LVL32:
 233:Middlewares/Third_Party/FreeRTOS/Source/timers.c **** 	{
 402              		.loc 1 233 2 view .LVU96
 233:Middlewares/Third_Party/FreeRTOS/Source/timers.c **** 	{
 403              		.loc 1 233 18 is_stmt 0 view .LVU97
 404 0008 124B     		ldr	r3, .L33
 405 000a 1B68     		ldr	r3, [r3]
 233:Middlewares/Third_Party/FreeRTOS/Source/timers.c **** 	{
 406              		.loc 1 233 4 view .LVU98
ARM GAS  C:\Users\31005\AppData\Local\Temp\cc5BHn3C.s 			page 29


 407 000c CBB1     		cbz	r3, .L28
 408              	.LBB44:
 237:Middlewares/Third_Party/FreeRTOS/Source/timers.c **** 			StackType_t *pxTimerTaskStackBuffer = NULL;
 409              		.loc 1 237 4 is_stmt 1 view .LVU99
 237:Middlewares/Third_Party/FreeRTOS/Source/timers.c **** 			StackType_t *pxTimerTaskStackBuffer = NULL;
 410              		.loc 1 237 18 is_stmt 0 view .LVU100
 411 000e 0024     		movs	r4, #0
 412 0010 0594     		str	r4, [sp, #20]
 238:Middlewares/Third_Party/FreeRTOS/Source/timers.c **** 			uint32_t ulTimerTaskStackSize;
 413              		.loc 1 238 4 is_stmt 1 view .LVU101
 238:Middlewares/Third_Party/FreeRTOS/Source/timers.c **** 			uint32_t ulTimerTaskStackSize;
 414              		.loc 1 238 17 is_stmt 0 view .LVU102
 415 0012 0694     		str	r4, [sp, #24]
 239:Middlewares/Third_Party/FreeRTOS/Source/timers.c **** 
 416              		.loc 1 239 4 is_stmt 1 view .LVU103
 241:Middlewares/Third_Party/FreeRTOS/Source/timers.c **** 			xTimerTaskHandle = xTaskCreateStatic(	prvTimerTask,
 417              		.loc 1 241 4 view .LVU104
 418 0014 07AA     		add	r2, sp, #28
 419 0016 06A9     		add	r1, sp, #24
 420 0018 05A8     		add	r0, sp, #20
 421 001a FFF7FEFF 		bl	vApplicationGetTimerTaskMemory
 422              	.LVL33:
 242:Middlewares/Third_Party/FreeRTOS/Source/timers.c **** 													configTIMER_SERVICE_TASK_NAME,
 423              		.loc 1 242 4 view .LVU105
 242:Middlewares/Third_Party/FreeRTOS/Source/timers.c **** 													configTIMER_SERVICE_TASK_NAME,
 424              		.loc 1 242 23 is_stmt 0 view .LVU106
 425 001e 059B     		ldr	r3, [sp, #20]
 426 0020 0293     		str	r3, [sp, #8]
 427 0022 069B     		ldr	r3, [sp, #24]
 428 0024 0193     		str	r3, [sp, #4]
 429 0026 0223     		movs	r3, #2
 430 0028 0093     		str	r3, [sp]
 431 002a 2346     		mov	r3, r4
 432 002c 079A     		ldr	r2, [sp, #28]
 433 002e 0A49     		ldr	r1, .L33+4
 434 0030 0A48     		ldr	r0, .L33+8
 435 0032 FFF7FEFF 		bl	xTaskCreateStatic
 436              	.LVL34:
 242:Middlewares/Third_Party/FreeRTOS/Source/timers.c **** 													configTIMER_SERVICE_TASK_NAME,
 437              		.loc 1 242 21 view .LVU107
 438 0036 0A4B     		ldr	r3, .L33+12
 439 0038 1860     		str	r0, [r3]
 250:Middlewares/Third_Party/FreeRTOS/Source/timers.c **** 			{
 440              		.loc 1 250 4 is_stmt 1 view .LVU108
 250:Middlewares/Third_Party/FreeRTOS/Source/timers.c **** 			{
 441              		.loc 1 250 6 is_stmt 0 view .LVU109
 442 003a 10B1     		cbz	r0, .L28
 443              	.LBE44:
 273:Middlewares/Third_Party/FreeRTOS/Source/timers.c **** /*-----------------------------------------------------------*/
 444              		.loc 1 273 1 view .LVU110
 445 003c 0120     		movs	r0, #1
 446 003e 08B0     		add	sp, sp, #32
 447              	.LCFI8:
 448              		.cfi_remember_state
 449              		.cfi_def_cfa_offset 8
 450              		@ sp needed
 451 0040 10BD     		pop	{r4, pc}
ARM GAS  C:\Users\31005\AppData\Local\Temp\cc5BHn3C.s 			page 30


 452              	.L28:
 453              	.LCFI9:
 454              		.cfi_restore_state
 455              	.LVL35:
 271:Middlewares/Third_Party/FreeRTOS/Source/timers.c **** 	return xReturn;
 456              		.loc 1 271 2 is_stmt 1 view .LVU111
 457              	.LBB45:
 458              	.LBI45:
 191:Middlewares/Third_Party/FreeRTOS/Source/portable/GCC/ARM_CM4F/portmacro.h **** {
 459              		.loc 2 191 30 view .LVU112
 460              	.LBB46:
 193:Middlewares/Third_Party/FreeRTOS/Source/portable/GCC/ARM_CM4F/portmacro.h **** 
 461              		.loc 2 193 1 view .LVU113
 462              		.loc 2 195 2 view .LVU114
 463              		.syntax unified
 464              	@ 195 "Middlewares/Third_Party/FreeRTOS/Source/portable/GCC/ARM_CM4F/portmacro.h" 1
 465 0042 4FF05003 			mov r3, #80												
 466 0046 83F31188 		msr basepri, r3											
 467 004a BFF36F8F 		isb														
 468 004e BFF34F8F 		dsb														
 469              	
 470              	@ 0 "" 2
 471              	.LVL36:
 472              		.thumb
 473              		.syntax unified
 474              	.L30:
 475              		.loc 2 195 2 is_stmt 0 view .LVU115
 476              	.LBE46:
 477              	.LBE45:
 271:Middlewares/Third_Party/FreeRTOS/Source/timers.c **** 	return xReturn;
 478              		.loc 1 271 2 is_stmt 1 discriminator 1 view .LVU116
 271:Middlewares/Third_Party/FreeRTOS/Source/timers.c **** 	return xReturn;
 479              		.loc 1 271 2 discriminator 1 view .LVU117
 480 0052 FEE7     		b	.L30
 481              	.L34:
 482              		.align	2
 483              	.L33:
 484 0054 00000000 		.word	xTimerQueue
 485 0058 00000000 		.word	.LC1
 486 005c 00000000 		.word	prvTimerTask
 487 0060 00000000 		.word	xTimerTaskHandle
 488              		.cfi_endproc
 489              	.LFE4:
 491              		.section	.text.xTimerCreate,"ax",%progbits
 492              		.align	1
 493              		.global	xTimerCreate
 494              		.syntax unified
 495              		.thumb
 496              		.thumb_func
 498              	xTimerCreate:
 499              	.LVL37:
 500              	.LFB5:
 283:Middlewares/Third_Party/FreeRTOS/Source/timers.c **** 	Timer_t *pxNewTimer;
 501              		.loc 1 283 2 view -0
 502              		.cfi_startproc
 503              		@ args = 4, pretend = 0, frame = 0
 504              		@ frame_needed = 0, uses_anonymous_args = 0
ARM GAS  C:\Users\31005\AppData\Local\Temp\cc5BHn3C.s 			page 31


 283:Middlewares/Third_Party/FreeRTOS/Source/timers.c **** 	Timer_t *pxNewTimer;
 505              		.loc 1 283 2 is_stmt 0 view .LVU119
 506 0000 2DE9F041 		push	{r4, r5, r6, r7, r8, lr}
 507              	.LCFI10:
 508              		.cfi_def_cfa_offset 24
 509              		.cfi_offset 4, -24
 510              		.cfi_offset 5, -20
 511              		.cfi_offset 6, -16
 512              		.cfi_offset 7, -12
 513              		.cfi_offset 8, -8
 514              		.cfi_offset 14, -4
 515 0004 82B0     		sub	sp, sp, #8
 516              	.LCFI11:
 517              		.cfi_def_cfa_offset 32
 518 0006 0446     		mov	r4, r0
 519 0008 8846     		mov	r8, r1
 520 000a 1546     		mov	r5, r2
 521 000c 1E46     		mov	r6, r3
 284:Middlewares/Third_Party/FreeRTOS/Source/timers.c **** 
 522              		.loc 1 284 2 is_stmt 1 view .LVU120
 286:Middlewares/Third_Party/FreeRTOS/Source/timers.c **** 
 523              		.loc 1 286 3 view .LVU121
 286:Middlewares/Third_Party/FreeRTOS/Source/timers.c **** 
 524              		.loc 1 286 30 is_stmt 0 view .LVU122
 525 000e 3020     		movs	r0, #48
 526              	.LVL38:
 286:Middlewares/Third_Party/FreeRTOS/Source/timers.c **** 
 527              		.loc 1 286 30 view .LVU123
 528 0010 FFF7FEFF 		bl	pvPortMalloc
 529              	.LVL39:
 288:Middlewares/Third_Party/FreeRTOS/Source/timers.c **** 		{
 530              		.loc 1 288 3 is_stmt 1 view .LVU124
 288:Middlewares/Third_Party/FreeRTOS/Source/timers.c **** 		{
 531              		.loc 1 288 5 is_stmt 0 view .LVU125
 532 0014 0746     		mov	r7, r0
 533 0016 58B1     		cbz	r0, .L35
 290:Middlewares/Third_Party/FreeRTOS/Source/timers.c **** 
 534              		.loc 1 290 4 is_stmt 1 view .LVU126
 535 0018 0190     		str	r0, [sp, #4]
 536 001a 089B     		ldr	r3, [sp, #32]
 537 001c 0093     		str	r3, [sp]
 538 001e 3346     		mov	r3, r6
 539 0020 2A46     		mov	r2, r5
 540 0022 4146     		mov	r1, r8
 541 0024 2046     		mov	r0, r4
 542              	.LVL40:
 290:Middlewares/Third_Party/FreeRTOS/Source/timers.c **** 
 543              		.loc 1 290 4 is_stmt 0 view .LVU127
 544 0026 FFF7FEFF 		bl	prvInitialiseNewTimer
 545              	.LVL41:
 297:Middlewares/Third_Party/FreeRTOS/Source/timers.c **** 			}
 546              		.loc 1 297 5 is_stmt 1 view .LVU128
 297:Middlewares/Third_Party/FreeRTOS/Source/timers.c **** 			}
 547              		.loc 1 297 39 is_stmt 0 view .LVU129
 548 002a 0023     		movs	r3, #0
 549 002c 87F82C30 		strb	r3, [r7, #44]
 302:Middlewares/Third_Party/FreeRTOS/Source/timers.c **** 	}
ARM GAS  C:\Users\31005\AppData\Local\Temp\cc5BHn3C.s 			page 32


 550              		.loc 1 302 3 is_stmt 1 view .LVU130
 551              	.L35:
 303:Middlewares/Third_Party/FreeRTOS/Source/timers.c **** 
 552              		.loc 1 303 2 is_stmt 0 view .LVU131
 553 0030 3846     		mov	r0, r7
 554 0032 02B0     		add	sp, sp, #8
 555              	.LCFI12:
 556              		.cfi_def_cfa_offset 24
 557              		@ sp needed
 558 0034 BDE8F081 		pop	{r4, r5, r6, r7, r8, pc}
 303:Middlewares/Third_Party/FreeRTOS/Source/timers.c **** 
 559              		.loc 1 303 2 view .LVU132
 560              		.cfi_endproc
 561              	.LFE5:
 563              		.section	.text.xTimerCreateStatic,"ax",%progbits
 564              		.align	1
 565              		.global	xTimerCreateStatic
 566              		.syntax unified
 567              		.thumb
 568              		.thumb_func
 570              	xTimerCreateStatic:
 571              	.LVL42:
 572              	.LFB6:
 316:Middlewares/Third_Party/FreeRTOS/Source/timers.c **** 	Timer_t *pxNewTimer;
 573              		.loc 1 316 2 is_stmt 1 view -0
 574              		.cfi_startproc
 575              		@ args = 8, pretend = 0, frame = 8
 576              		@ frame_needed = 0, uses_anonymous_args = 0
 316:Middlewares/Third_Party/FreeRTOS/Source/timers.c **** 	Timer_t *pxNewTimer;
 577              		.loc 1 316 2 is_stmt 0 view .LVU134
 578 0000 10B5     		push	{r4, lr}
 579              	.LCFI13:
 580              		.cfi_def_cfa_offset 8
 581              		.cfi_offset 4, -8
 582              		.cfi_offset 14, -4
 583 0002 84B0     		sub	sp, sp, #16
 584              	.LCFI14:
 585              		.cfi_def_cfa_offset 24
 317:Middlewares/Third_Party/FreeRTOS/Source/timers.c **** 
 586              		.loc 1 317 2 is_stmt 1 view .LVU135
 587              	.LBB47:
 324:Middlewares/Third_Party/FreeRTOS/Source/timers.c **** 			configASSERT( xSize == sizeof( Timer_t ) );
 588              		.loc 1 324 4 view .LVU136
 324:Middlewares/Third_Party/FreeRTOS/Source/timers.c **** 			configASSERT( xSize == sizeof( Timer_t ) );
 589              		.loc 1 324 20 is_stmt 0 view .LVU137
 590 0004 3024     		movs	r4, #48
 591 0006 0394     		str	r4, [sp, #12]
 325:Middlewares/Third_Party/FreeRTOS/Source/timers.c **** 		}
 592              		.loc 1 325 4 is_stmt 1 view .LVU138
 593 0008 039C     		ldr	r4, [sp, #12]
 594 000a 302C     		cmp	r4, #48
 595 000c 08D0     		beq	.L39
 325:Middlewares/Third_Party/FreeRTOS/Source/timers.c **** 		}
 596              		.loc 1 325 4 view .LVU139
 597              	.LBB48:
 598              	.LBI48:
 191:Middlewares/Third_Party/FreeRTOS/Source/portable/GCC/ARM_CM4F/portmacro.h **** {
ARM GAS  C:\Users\31005\AppData\Local\Temp\cc5BHn3C.s 			page 33


 599              		.loc 2 191 30 view .LVU140
 600              	.LBB49:
 193:Middlewares/Third_Party/FreeRTOS/Source/portable/GCC/ARM_CM4F/portmacro.h **** 
 601              		.loc 2 193 1 view .LVU141
 602              		.loc 2 195 2 view .LVU142
 603              		.syntax unified
 604              	@ 195 "Middlewares/Third_Party/FreeRTOS/Source/portable/GCC/ARM_CM4F/portmacro.h" 1
 605 000e 4FF05003 			mov r3, #80												
 606 0012 83F31188 		msr basepri, r3											
 607 0016 BFF36F8F 		isb														
 608 001a BFF34F8F 		dsb														
 609              	
 610              	@ 0 "" 2
 611              	.LVL43:
 612              		.thumb
 613              		.syntax unified
 614              	.L40:
 615              		.loc 2 195 2 is_stmt 0 view .LVU143
 616              	.LBE49:
 617              	.LBE48:
 325:Middlewares/Third_Party/FreeRTOS/Source/timers.c **** 		}
 618              		.loc 1 325 4 is_stmt 1 discriminator 1 view .LVU144
 325:Middlewares/Third_Party/FreeRTOS/Source/timers.c **** 		}
 619              		.loc 1 325 4 discriminator 1 view .LVU145
 620 001e FEE7     		b	.L40
 621              	.LVL44:
 622              	.L39:
 325:Middlewares/Third_Party/FreeRTOS/Source/timers.c **** 		}
 623              		.loc 1 325 46 discriminator 2 view .LVU146
 624              	.LBE47:
 330:Middlewares/Third_Party/FreeRTOS/Source/timers.c **** 		pxNewTimer = ( Timer_t * ) pxTimerBuffer; /*lint !e740 Unusual cast is ok as the structures are d
 625              		.loc 1 330 3 discriminator 2 view .LVU147
 626 0020 079C     		ldr	r4, [sp, #28]
 627 0022 64B1     		cbz	r4, .L44
 330:Middlewares/Third_Party/FreeRTOS/Source/timers.c **** 		pxNewTimer = ( Timer_t * ) pxTimerBuffer; /*lint !e740 Unusual cast is ok as the structures are d
 628              		.loc 1 330 32 view .LVU148
 331:Middlewares/Third_Party/FreeRTOS/Source/timers.c **** 
 629              		.loc 1 331 3 view .LVU149
 630              	.LVL45:
 333:Middlewares/Third_Party/FreeRTOS/Source/timers.c **** 		{
 631              		.loc 1 333 3 view .LVU150
 335:Middlewares/Third_Party/FreeRTOS/Source/timers.c **** 
 632              		.loc 1 335 4 view .LVU151
 633 0024 079C     		ldr	r4, [sp, #28]
 335:Middlewares/Third_Party/FreeRTOS/Source/timers.c **** 
 634              		.loc 1 335 4 is_stmt 0 view .LVU152
 635 0026 0194     		str	r4, [sp, #4]
 636 0028 069C     		ldr	r4, [sp, #24]
 637              	.LVL46:
 335:Middlewares/Third_Party/FreeRTOS/Source/timers.c **** 
 638              		.loc 1 335 4 view .LVU153
 639 002a 0094     		str	r4, [sp]
 640 002c FFF7FEFF 		bl	prvInitialiseNewTimer
 641              	.LVL47:
 341:Middlewares/Third_Party/FreeRTOS/Source/timers.c **** 			}
 642              		.loc 1 341 5 is_stmt 1 view .LVU154
 341:Middlewares/Third_Party/FreeRTOS/Source/timers.c **** 			}
ARM GAS  C:\Users\31005\AppData\Local\Temp\cc5BHn3C.s 			page 34


 643              		.loc 1 341 39 is_stmt 0 view .LVU155
 644 0030 0123     		movs	r3, #1
 645 0032 079A     		ldr	r2, [sp, #28]
 646 0034 82F82C30 		strb	r3, [r2, #44]
 346:Middlewares/Third_Party/FreeRTOS/Source/timers.c **** 	}
 647              		.loc 1 346 3 is_stmt 1 view .LVU156
 347:Middlewares/Third_Party/FreeRTOS/Source/timers.c **** 
 648              		.loc 1 347 2 is_stmt 0 view .LVU157
 649 0038 1046     		mov	r0, r2
 650 003a 04B0     		add	sp, sp, #16
 651              	.LCFI15:
 652              		.cfi_remember_state
 653              		.cfi_def_cfa_offset 8
 654              		@ sp needed
 655 003c 10BD     		pop	{r4, pc}
 656              	.LVL48:
 657              	.L44:
 658              	.LCFI16:
 659              		.cfi_restore_state
 330:Middlewares/Third_Party/FreeRTOS/Source/timers.c **** 		pxNewTimer = ( Timer_t * ) pxTimerBuffer; /*lint !e740 Unusual cast is ok as the structures are d
 660              		.loc 1 330 3 is_stmt 1 view .LVU158
 661              	.LBB50:
 662              	.LBI50:
 191:Middlewares/Third_Party/FreeRTOS/Source/portable/GCC/ARM_CM4F/portmacro.h **** {
 663              		.loc 2 191 30 view .LVU159
 664              	.LBB51:
 193:Middlewares/Third_Party/FreeRTOS/Source/portable/GCC/ARM_CM4F/portmacro.h **** 
 665              		.loc 2 193 1 view .LVU160
 666              		.loc 2 195 2 view .LVU161
 667              		.syntax unified
 668              	@ 195 "Middlewares/Third_Party/FreeRTOS/Source/portable/GCC/ARM_CM4F/portmacro.h" 1
 669 003e 4FF05003 			mov r3, #80												
 670 0042 83F31188 		msr basepri, r3											
 671 0046 BFF36F8F 		isb														
 672 004a BFF34F8F 		dsb														
 673              	
 674              	@ 0 "" 2
 675              	.LVL49:
 676              		.thumb
 677              		.syntax unified
 678              	.L42:
 679              		.loc 2 195 2 is_stmt 0 view .LVU162
 680              	.LBE51:
 681              	.LBE50:
 330:Middlewares/Third_Party/FreeRTOS/Source/timers.c **** 		pxNewTimer = ( Timer_t * ) pxTimerBuffer; /*lint !e740 Unusual cast is ok as the structures are d
 682              		.loc 1 330 3 is_stmt 1 discriminator 2 view .LVU163
 330:Middlewares/Third_Party/FreeRTOS/Source/timers.c **** 		pxNewTimer = ( Timer_t * ) pxTimerBuffer; /*lint !e740 Unusual cast is ok as the structures are d
 683              		.loc 1 330 3 discriminator 2 view .LVU164
 684 004e FEE7     		b	.L42
 685              		.cfi_endproc
 686              	.LFE6:
 688              		.section	.text.xTimerGenericCommand,"ax",%progbits
 689              		.align	1
 690              		.global	xTimerGenericCommand
 691              		.syntax unified
 692              		.thumb
 693              		.thumb_func
ARM GAS  C:\Users\31005\AppData\Local\Temp\cc5BHn3C.s 			page 35


 695              	xTimerGenericCommand:
 696              	.LVL50:
 697              	.LFB8:
 382:Middlewares/Third_Party/FreeRTOS/Source/timers.c **** BaseType_t xReturn = pdFAIL;
 698              		.loc 1 382 1 view -0
 699              		.cfi_startproc
 700              		@ args = 4, pretend = 0, frame = 16
 701              		@ frame_needed = 0, uses_anonymous_args = 0
 383:Middlewares/Third_Party/FreeRTOS/Source/timers.c **** DaemonTaskMessage_t xMessage;
 702              		.loc 1 383 1 view .LVU166
 384:Middlewares/Third_Party/FreeRTOS/Source/timers.c **** 
 703              		.loc 1 384 1 view .LVU167
 386:Middlewares/Third_Party/FreeRTOS/Source/timers.c **** 
 704              		.loc 1 386 2 view .LVU168
 705 0000 B8B1     		cbz	r0, .L56
 706 0002 9C46     		mov	ip, r3
 707 0004 0346     		mov	r3, r0
 708              	.LVL51:
 386:Middlewares/Third_Party/FreeRTOS/Source/timers.c **** 
 709              		.loc 1 386 24 discriminator 2 view .LVU169
 390:Middlewares/Third_Party/FreeRTOS/Source/timers.c **** 	{
 710              		.loc 1 390 2 discriminator 2 view .LVU170
 390:Middlewares/Third_Party/FreeRTOS/Source/timers.c **** 	{
 711              		.loc 1 390 18 is_stmt 0 discriminator 2 view .LVU171
 712 0006 1848     		ldr	r0, .L58
 713              	.LVL52:
 390:Middlewares/Third_Party/FreeRTOS/Source/timers.c **** 	{
 714              		.loc 1 390 18 discriminator 2 view .LVU172
 715 0008 0068     		ldr	r0, [r0]
 390:Middlewares/Third_Party/FreeRTOS/Source/timers.c **** 	{
 716              		.loc 1 390 4 discriminator 2 view .LVU173
 717 000a 58B3     		cbz	r0, .L51
 382:Middlewares/Third_Party/FreeRTOS/Source/timers.c **** BaseType_t xReturn = pdFAIL;
 718              		.loc 1 382 1 view .LVU174
 719 000c 00B5     		push	{lr}
 720              	.LCFI17:
 721              		.cfi_def_cfa_offset 4
 722              		.cfi_offset 14, -4
 723 000e 85B0     		sub	sp, sp, #20
 724              	.LCFI18:
 725              		.cfi_def_cfa_offset 24
 393:Middlewares/Third_Party/FreeRTOS/Source/timers.c **** 		xMessage.u.xTimerParameters.xMessageValue = xOptionalValue;
 726              		.loc 1 393 3 is_stmt 1 view .LVU175
 393:Middlewares/Third_Party/FreeRTOS/Source/timers.c **** 		xMessage.u.xTimerParameters.xMessageValue = xOptionalValue;
 727              		.loc 1 393 23 is_stmt 0 view .LVU176
 728 0010 0091     		str	r1, [sp]
 394:Middlewares/Third_Party/FreeRTOS/Source/timers.c **** 		xMessage.u.xTimerParameters.pxTimer = ( Timer_t * ) xTimer;
 729              		.loc 1 394 3 is_stmt 1 view .LVU177
 394:Middlewares/Third_Party/FreeRTOS/Source/timers.c **** 		xMessage.u.xTimerParameters.pxTimer = ( Timer_t * ) xTimer;
 730              		.loc 1 394 45 is_stmt 0 view .LVU178
 731 0012 0192     		str	r2, [sp, #4]
 395:Middlewares/Third_Party/FreeRTOS/Source/timers.c **** 
 732              		.loc 1 395 3 is_stmt 1 view .LVU179
 395:Middlewares/Third_Party/FreeRTOS/Source/timers.c **** 
 733              		.loc 1 395 39 is_stmt 0 view .LVU180
 734 0014 0293     		str	r3, [sp, #8]
 397:Middlewares/Third_Party/FreeRTOS/Source/timers.c **** 		{
ARM GAS  C:\Users\31005\AppData\Local\Temp\cc5BHn3C.s 			page 36


 735              		.loc 1 397 3 is_stmt 1 view .LVU181
 397:Middlewares/Third_Party/FreeRTOS/Source/timers.c **** 		{
 736              		.loc 1 397 5 is_stmt 0 view .LVU182
 737 0016 0529     		cmp	r1, #5
 738 0018 1CDC     		bgt	.L49
 399:Middlewares/Third_Party/FreeRTOS/Source/timers.c **** 			{
 739              		.loc 1 399 4 is_stmt 1 view .LVU183
 399:Middlewares/Third_Party/FreeRTOS/Source/timers.c **** 			{
 740              		.loc 1 399 8 is_stmt 0 view .LVU184
 741 001a FFF7FEFF 		bl	xTaskGetSchedulerState
 742              	.LVL53:
 399:Middlewares/Third_Party/FreeRTOS/Source/timers.c **** 			{
 743              		.loc 1 399 6 view .LVU185
 744 001e 0228     		cmp	r0, #2
 745 0020 10D0     		beq	.L57
 405:Middlewares/Third_Party/FreeRTOS/Source/timers.c **** 			}
 746              		.loc 1 405 5 is_stmt 1 view .LVU186
 405:Middlewares/Third_Party/FreeRTOS/Source/timers.c **** 			}
 747              		.loc 1 405 15 is_stmt 0 view .LVU187
 748 0022 0023     		movs	r3, #0
 749 0024 1A46     		mov	r2, r3
 750 0026 6946     		mov	r1, sp
 751 0028 0F48     		ldr	r0, .L58
 752 002a 0068     		ldr	r0, [r0]
 753 002c FFF7FEFF 		bl	xQueueGenericSend
 754              	.LVL54:
 405:Middlewares/Third_Party/FreeRTOS/Source/timers.c **** 			}
 755              		.loc 1 405 15 view .LVU188
 756 0030 15E0     		b	.L45
 757              	.LVL55:
 758              	.L56:
 759              	.LCFI19:
 760              		.cfi_def_cfa_offset 0
 761              		.cfi_restore 14
 386:Middlewares/Third_Party/FreeRTOS/Source/timers.c **** 
 762              		.loc 1 386 2 is_stmt 1 view .LVU189
 763              	.LBB52:
 764              	.LBI52:
 191:Middlewares/Third_Party/FreeRTOS/Source/portable/GCC/ARM_CM4F/portmacro.h **** {
 765              		.loc 2 191 30 view .LVU190
 766              	.LBB53:
 193:Middlewares/Third_Party/FreeRTOS/Source/portable/GCC/ARM_CM4F/portmacro.h **** 
 767              		.loc 2 193 1 view .LVU191
 768              		.loc 2 195 2 view .LVU192
 769              		.syntax unified
 770              	@ 195 "Middlewares/Third_Party/FreeRTOS/Source/portable/GCC/ARM_CM4F/portmacro.h" 1
 771 0032 4FF05003 			mov r3, #80												
 772 0036 83F31188 		msr basepri, r3											
 773 003a BFF36F8F 		isb														
 774 003e BFF34F8F 		dsb														
 775              	
 776              	@ 0 "" 2
 777              	.LVL56:
 778              		.thumb
 779              		.syntax unified
 780              	.L47:
 781              		.loc 2 195 2 is_stmt 0 view .LVU193
ARM GAS  C:\Users\31005\AppData\Local\Temp\cc5BHn3C.s 			page 37


 782              	.LBE53:
 783              	.LBE52:
 386:Middlewares/Third_Party/FreeRTOS/Source/timers.c **** 
 784              		.loc 1 386 2 is_stmt 1 discriminator 1 view .LVU194
 386:Middlewares/Third_Party/FreeRTOS/Source/timers.c **** 
 785              		.loc 1 386 2 discriminator 1 view .LVU195
 786 0042 FEE7     		b	.L47
 787              	.LVL57:
 788              	.L57:
 789              	.LCFI20:
 790              		.cfi_def_cfa_offset 24
 791              		.cfi_offset 14, -4
 401:Middlewares/Third_Party/FreeRTOS/Source/timers.c **** 			}
 792              		.loc 1 401 5 view .LVU196
 401:Middlewares/Third_Party/FreeRTOS/Source/timers.c **** 			}
 793              		.loc 1 401 15 is_stmt 0 view .LVU197
 794 0044 0023     		movs	r3, #0
 795 0046 069A     		ldr	r2, [sp, #24]
 796 0048 6946     		mov	r1, sp
 797 004a 0748     		ldr	r0, .L58
 798 004c 0068     		ldr	r0, [r0]
 799 004e FFF7FEFF 		bl	xQueueGenericSend
 800              	.LVL58:
 401:Middlewares/Third_Party/FreeRTOS/Source/timers.c **** 			}
 801              		.loc 1 401 15 view .LVU198
 802 0052 04E0     		b	.L45
 803              	.LVL59:
 804              	.L49:
 410:Middlewares/Third_Party/FreeRTOS/Source/timers.c **** 		}
 805              		.loc 1 410 4 is_stmt 1 view .LVU199
 410:Middlewares/Third_Party/FreeRTOS/Source/timers.c **** 		}
 806              		.loc 1 410 14 is_stmt 0 view .LVU200
 807 0054 0023     		movs	r3, #0
 808              	.LVL60:
 410:Middlewares/Third_Party/FreeRTOS/Source/timers.c **** 		}
 809              		.loc 1 410 14 view .LVU201
 810 0056 6246     		mov	r2, ip
 811              	.LVL61:
 410:Middlewares/Third_Party/FreeRTOS/Source/timers.c **** 		}
 812              		.loc 1 410 14 view .LVU202
 813 0058 6946     		mov	r1, sp
 814              	.LVL62:
 410:Middlewares/Third_Party/FreeRTOS/Source/timers.c **** 		}
 815              		.loc 1 410 14 view .LVU203
 816 005a FFF7FEFF 		bl	xQueueGenericSendFromISR
 817              	.LVL63:
 818              	.L45:
 421:Middlewares/Third_Party/FreeRTOS/Source/timers.c **** /*-----------------------------------------------------------*/
 819              		.loc 1 421 1 view .LVU204
 820 005e 05B0     		add	sp, sp, #20
 821              	.LCFI21:
 822              		.cfi_def_cfa_offset 4
 823              		@ sp needed
 824 0060 5DF804FB 		ldr	pc, [sp], #4
 825              	.LVL64:
 826              	.L51:
 827              	.LCFI22:
ARM GAS  C:\Users\31005\AppData\Local\Temp\cc5BHn3C.s 			page 38


 828              		.cfi_def_cfa_offset 0
 829              		.cfi_restore 14
 383:Middlewares/Third_Party/FreeRTOS/Source/timers.c **** DaemonTaskMessage_t xMessage;
 830              		.loc 1 383 12 view .LVU205
 831 0064 0020     		movs	r0, #0
 417:Middlewares/Third_Party/FreeRTOS/Source/timers.c **** 	}
 832              		.loc 1 417 27 is_stmt 1 view .LVU206
 420:Middlewares/Third_Party/FreeRTOS/Source/timers.c **** }
 833              		.loc 1 420 2 view .LVU207
 421:Middlewares/Third_Party/FreeRTOS/Source/timers.c **** /*-----------------------------------------------------------*/
 834              		.loc 1 421 1 is_stmt 0 view .LVU208
 835 0066 7047     		bx	lr
 836              	.L59:
 837              		.align	2
 838              	.L58:
 839 0068 00000000 		.word	xTimerQueue
 840              		.cfi_endproc
 841              	.LFE8:
 843              		.section	.text.prvSwitchTimerLists,"ax",%progbits
 844              		.align	1
 845              		.syntax unified
 846              		.thumb
 847              		.thumb_func
 849              	prvSwitchTimerLists:
 850              	.LFB20:
 836:Middlewares/Third_Party/FreeRTOS/Source/timers.c **** TickType_t xNextExpireTime, xReloadTime;
 851              		.loc 1 836 1 is_stmt 1 view -0
 852              		.cfi_startproc
 853              		@ args = 0, pretend = 0, frame = 0
 854              		@ frame_needed = 0, uses_anonymous_args = 0
 855 0000 70B5     		push	{r4, r5, r6, lr}
 856              	.LCFI23:
 857              		.cfi_def_cfa_offset 16
 858              		.cfi_offset 4, -16
 859              		.cfi_offset 5, -12
 860              		.cfi_offset 6, -8
 861              		.cfi_offset 14, -4
 862 0002 82B0     		sub	sp, sp, #8
 863              	.LCFI24:
 864              		.cfi_def_cfa_offset 24
 837:Middlewares/Third_Party/FreeRTOS/Source/timers.c **** List_t *pxTemp;
 865              		.loc 1 837 1 view .LVU210
 838:Middlewares/Third_Party/FreeRTOS/Source/timers.c **** Timer_t *pxTimer;
 866              		.loc 1 838 1 view .LVU211
 839:Middlewares/Third_Party/FreeRTOS/Source/timers.c **** BaseType_t xResult;
 867              		.loc 1 839 1 view .LVU212
 840:Middlewares/Third_Party/FreeRTOS/Source/timers.c **** 
 868              		.loc 1 840 1 view .LVU213
 846:Middlewares/Third_Party/FreeRTOS/Source/timers.c **** 	{
 869              		.loc 1 846 2 view .LVU214
 870              	.L62:
 884:Middlewares/Third_Party/FreeRTOS/Source/timers.c **** 		}
 871              		.loc 1 884 28 view .LVU215
 846:Middlewares/Third_Party/FreeRTOS/Source/timers.c **** 	{
 872              		.loc 1 846 49 view .LVU216
 846:Middlewares/Third_Party/FreeRTOS/Source/timers.c **** 	{
 873              		.loc 1 846 9 is_stmt 0 view .LVU217
ARM GAS  C:\Users\31005\AppData\Local\Temp\cc5BHn3C.s 			page 39


 874 0004 1A4B     		ldr	r3, .L69
 875 0006 1B68     		ldr	r3, [r3]
 876 0008 1A68     		ldr	r2, [r3]
 846:Middlewares/Third_Party/FreeRTOS/Source/timers.c **** 	{
 877              		.loc 1 846 49 view .LVU218
 878 000a 52B3     		cbz	r2, .L68
 848:Middlewares/Third_Party/FreeRTOS/Source/timers.c **** 
 879              		.loc 1 848 3 is_stmt 1 view .LVU219
 848:Middlewares/Third_Party/FreeRTOS/Source/timers.c **** 
 880              		.loc 1 848 21 is_stmt 0 view .LVU220
 881 000c DB68     		ldr	r3, [r3, #12]
 848:Middlewares/Third_Party/FreeRTOS/Source/timers.c **** 
 882              		.loc 1 848 19 view .LVU221
 883 000e 1E68     		ldr	r6, [r3]
 884              	.LVL65:
 851:Middlewares/Third_Party/FreeRTOS/Source/timers.c **** 		( void ) uxListRemove( &( pxTimer->xTimerListItem ) );
 885              		.loc 1 851 3 is_stmt 1 view .LVU222
 851:Middlewares/Third_Party/FreeRTOS/Source/timers.c **** 		( void ) uxListRemove( &( pxTimer->xTimerListItem ) );
 886              		.loc 1 851 11 is_stmt 0 view .LVU223
 887 0010 DC68     		ldr	r4, [r3, #12]
 888              	.LVL66:
 852:Middlewares/Third_Party/FreeRTOS/Source/timers.c **** 		traceTIMER_EXPIRED( pxTimer );
 889              		.loc 1 852 3 is_stmt 1 view .LVU224
 852:Middlewares/Third_Party/FreeRTOS/Source/timers.c **** 		traceTIMER_EXPIRED( pxTimer );
 890              		.loc 1 852 12 is_stmt 0 view .LVU225
 891 0012 251D     		adds	r5, r4, #4
 892 0014 2846     		mov	r0, r5
 893 0016 FFF7FEFF 		bl	uxListRemove
 894              	.LVL67:
 853:Middlewares/Third_Party/FreeRTOS/Source/timers.c **** 
 895              		.loc 1 853 32 is_stmt 1 view .LVU226
 858:Middlewares/Third_Party/FreeRTOS/Source/timers.c **** 
 896              		.loc 1 858 3 view .LVU227
 858:Middlewares/Third_Party/FreeRTOS/Source/timers.c **** 
 897              		.loc 1 858 10 is_stmt 0 view .LVU228
 898 001a 636A     		ldr	r3, [r4, #36]
 858:Middlewares/Third_Party/FreeRTOS/Source/timers.c **** 
 899              		.loc 1 858 3 view .LVU229
 900 001c 2046     		mov	r0, r4
 901 001e 9847     		blx	r3
 902              	.LVL68:
 860:Middlewares/Third_Party/FreeRTOS/Source/timers.c **** 		{
 903              		.loc 1 860 3 is_stmt 1 view .LVU230
 860:Middlewares/Third_Party/FreeRTOS/Source/timers.c **** 		{
 904              		.loc 1 860 14 is_stmt 0 view .LVU231
 905 0020 E369     		ldr	r3, [r4, #28]
 860:Middlewares/Third_Party/FreeRTOS/Source/timers.c **** 		{
 906              		.loc 1 860 5 view .LVU232
 907 0022 012B     		cmp	r3, #1
 908 0024 EED1     		bne	.L62
 868:Middlewares/Third_Party/FreeRTOS/Source/timers.c **** 			if( xReloadTime > xNextExpireTime )
 909              		.loc 1 868 4 is_stmt 1 view .LVU233
 868:Middlewares/Third_Party/FreeRTOS/Source/timers.c **** 			if( xReloadTime > xNextExpireTime )
 910              		.loc 1 868 45 is_stmt 0 view .LVU234
 911 0026 A369     		ldr	r3, [r4, #24]
 868:Middlewares/Third_Party/FreeRTOS/Source/timers.c **** 			if( xReloadTime > xNextExpireTime )
 912              		.loc 1 868 16 view .LVU235
ARM GAS  C:\Users\31005\AppData\Local\Temp\cc5BHn3C.s 			page 40


 913 0028 3344     		add	r3, r3, r6
 914              	.LVL69:
 869:Middlewares/Third_Party/FreeRTOS/Source/timers.c **** 			{
 915              		.loc 1 869 4 is_stmt 1 view .LVU236
 869:Middlewares/Third_Party/FreeRTOS/Source/timers.c **** 			{
 916              		.loc 1 869 6 is_stmt 0 view .LVU237
 917 002a 9E42     		cmp	r6, r3
 918 002c 07D2     		bcs	.L63
 871:Middlewares/Third_Party/FreeRTOS/Source/timers.c **** 				listSET_LIST_ITEM_OWNER( &( pxTimer->xTimerListItem ), pxTimer );
 919              		.loc 1 871 5 is_stmt 1 view .LVU238
 920 002e 6360     		str	r3, [r4, #4]
 872:Middlewares/Third_Party/FreeRTOS/Source/timers.c **** 				vListInsert( pxCurrentTimerList, &( pxTimer->xTimerListItem ) );
 921              		.loc 1 872 5 view .LVU239
 922 0030 2461     		str	r4, [r4, #16]
 873:Middlewares/Third_Party/FreeRTOS/Source/timers.c **** 			}
 923              		.loc 1 873 5 view .LVU240
 924 0032 2946     		mov	r1, r5
 925 0034 0E4B     		ldr	r3, .L69
 926              	.LVL70:
 873:Middlewares/Third_Party/FreeRTOS/Source/timers.c **** 			}
 927              		.loc 1 873 5 is_stmt 0 view .LVU241
 928 0036 1868     		ldr	r0, [r3]
 929 0038 FFF7FEFF 		bl	vListInsert
 930              	.LVL71:
 873:Middlewares/Third_Party/FreeRTOS/Source/timers.c **** 			}
 931              		.loc 1 873 5 view .LVU242
 932 003c E2E7     		b	.L62
 933              	.LVL72:
 934              	.L63:
 877:Middlewares/Third_Party/FreeRTOS/Source/timers.c **** 				configASSERT( xResult );
 935              		.loc 1 877 5 is_stmt 1 view .LVU243
 877:Middlewares/Third_Party/FreeRTOS/Source/timers.c **** 				configASSERT( xResult );
 936              		.loc 1 877 15 is_stmt 0 view .LVU244
 937 003e 0021     		movs	r1, #0
 938 0040 0091     		str	r1, [sp]
 939 0042 0B46     		mov	r3, r1
 940              	.LVL73:
 877:Middlewares/Third_Party/FreeRTOS/Source/timers.c **** 				configASSERT( xResult );
 941              		.loc 1 877 15 view .LVU245
 942 0044 3246     		mov	r2, r6
 943 0046 2046     		mov	r0, r4
 944 0048 FFF7FEFF 		bl	xTimerGenericCommand
 945              	.LVL74:
 878:Middlewares/Third_Party/FreeRTOS/Source/timers.c **** 				( void ) xResult;
 946              		.loc 1 878 5 is_stmt 1 view .LVU246
 947 004c 0028     		cmp	r0, #0
 948 004e D9D1     		bne	.L62
 878:Middlewares/Third_Party/FreeRTOS/Source/timers.c **** 				( void ) xResult;
 949              		.loc 1 878 5 view .LVU247
 950              	.LBB54:
 951              	.LBI54:
 191:Middlewares/Third_Party/FreeRTOS/Source/portable/GCC/ARM_CM4F/portmacro.h **** {
 952              		.loc 2 191 30 view .LVU248
 953              	.LBB55:
 193:Middlewares/Third_Party/FreeRTOS/Source/portable/GCC/ARM_CM4F/portmacro.h **** 
 954              		.loc 2 193 1 view .LVU249
 955              		.loc 2 195 2 view .LVU250
ARM GAS  C:\Users\31005\AppData\Local\Temp\cc5BHn3C.s 			page 41


 956              		.syntax unified
 957              	@ 195 "Middlewares/Third_Party/FreeRTOS/Source/portable/GCC/ARM_CM4F/portmacro.h" 1
 958 0050 4FF05003 			mov r3, #80												
 959 0054 83F31188 		msr basepri, r3											
 960 0058 BFF36F8F 		isb														
 961 005c BFF34F8F 		dsb														
 962              	
 963              	@ 0 "" 2
 964              	.LVL75:
 965              		.thumb
 966              		.syntax unified
 967              	.L65:
 968              		.loc 2 195 2 is_stmt 0 view .LVU251
 969              	.LBE55:
 970              	.LBE54:
 878:Middlewares/Third_Party/FreeRTOS/Source/timers.c **** 				( void ) xResult;
 971              		.loc 1 878 5 is_stmt 1 discriminator 1 view .LVU252
 878:Middlewares/Third_Party/FreeRTOS/Source/timers.c **** 				( void ) xResult;
 972              		.loc 1 878 5 discriminator 1 view .LVU253
 973 0060 FEE7     		b	.L65
 974              	.LVL76:
 975              	.L68:
 888:Middlewares/Third_Party/FreeRTOS/Source/timers.c **** 	pxCurrentTimerList = pxOverflowTimerList;
 976              		.loc 1 888 2 view .LVU254
 889:Middlewares/Third_Party/FreeRTOS/Source/timers.c **** 	pxOverflowTimerList = pxTemp;
 977              		.loc 1 889 2 view .LVU255
 889:Middlewares/Third_Party/FreeRTOS/Source/timers.c **** 	pxOverflowTimerList = pxTemp;
 978              		.loc 1 889 21 is_stmt 0 view .LVU256
 979 0062 044A     		ldr	r2, .L69+4
 980 0064 1068     		ldr	r0, [r2]
 981 0066 0249     		ldr	r1, .L69
 982 0068 0860     		str	r0, [r1]
 890:Middlewares/Third_Party/FreeRTOS/Source/timers.c **** }
 983              		.loc 1 890 2 is_stmt 1 view .LVU257
 890:Middlewares/Third_Party/FreeRTOS/Source/timers.c **** }
 984              		.loc 1 890 22 is_stmt 0 view .LVU258
 985 006a 1360     		str	r3, [r2]
 891:Middlewares/Third_Party/FreeRTOS/Source/timers.c **** /*-----------------------------------------------------------*/
 986              		.loc 1 891 1 view .LVU259
 987 006c 02B0     		add	sp, sp, #8
 988              	.LCFI25:
 989              		.cfi_def_cfa_offset 16
 990              		@ sp needed
 991 006e 70BD     		pop	{r4, r5, r6, pc}
 992              	.L70:
 993              		.align	2
 994              	.L69:
 995 0070 00000000 		.word	pxCurrentTimerList
 996 0074 00000000 		.word	pxOverflowTimerList
 997              		.cfi_endproc
 998              	.LFE20:
 1000              		.section	.text.prvSampleTimeNow,"ax",%progbits
 1001              		.align	1
 1002              		.syntax unified
 1003              		.thumb
 1004              		.thumb_func
 1006              	prvSampleTimeNow:
ARM GAS  C:\Users\31005\AppData\Local\Temp\cc5BHn3C.s 			page 42


 1007              	.LVL77:
 1008              	.LFB17:
 625:Middlewares/Third_Party/FreeRTOS/Source/timers.c **** TickType_t xTimeNow;
 1009              		.loc 1 625 1 is_stmt 1 view -0
 1010              		.cfi_startproc
 1011              		@ args = 0, pretend = 0, frame = 0
 1012              		@ frame_needed = 0, uses_anonymous_args = 0
 625:Middlewares/Third_Party/FreeRTOS/Source/timers.c **** TickType_t xTimeNow;
 1013              		.loc 1 625 1 is_stmt 0 view .LVU261
 1014 0000 38B5     		push	{r3, r4, r5, lr}
 1015              	.LCFI26:
 1016              		.cfi_def_cfa_offset 16
 1017              		.cfi_offset 3, -16
 1018              		.cfi_offset 4, -12
 1019              		.cfi_offset 5, -8
 1020              		.cfi_offset 14, -4
 1021 0002 0546     		mov	r5, r0
 626:Middlewares/Third_Party/FreeRTOS/Source/timers.c **** PRIVILEGED_DATA static TickType_t xLastTime = ( TickType_t ) 0U; /*lint !e956 Variable is only acce
 1022              		.loc 1 626 1 is_stmt 1 view .LVU262
 627:Middlewares/Third_Party/FreeRTOS/Source/timers.c **** 
 1023              		.loc 1 627 17 view .LVU263
 629:Middlewares/Third_Party/FreeRTOS/Source/timers.c **** 
 1024              		.loc 1 629 2 view .LVU264
 629:Middlewares/Third_Party/FreeRTOS/Source/timers.c **** 
 1025              		.loc 1 629 13 is_stmt 0 view .LVU265
 1026 0004 FFF7FEFF 		bl	xTaskGetTickCount
 1027              	.LVL78:
 629:Middlewares/Third_Party/FreeRTOS/Source/timers.c **** 
 1028              		.loc 1 629 13 view .LVU266
 1029 0008 0446     		mov	r4, r0
 1030              	.LVL79:
 631:Middlewares/Third_Party/FreeRTOS/Source/timers.c **** 	{
 1031              		.loc 1 631 2 is_stmt 1 view .LVU267
 631:Middlewares/Third_Party/FreeRTOS/Source/timers.c **** 	{
 1032              		.loc 1 631 15 is_stmt 0 view .LVU268
 1033 000a 074B     		ldr	r3, .L76
 1034 000c 1B68     		ldr	r3, [r3]
 631:Middlewares/Third_Party/FreeRTOS/Source/timers.c **** 	{
 1035              		.loc 1 631 4 view .LVU269
 1036 000e 8342     		cmp	r3, r0
 1037 0010 05D8     		bhi	.L75
 638:Middlewares/Third_Party/FreeRTOS/Source/timers.c **** 	}
 1038              		.loc 1 638 3 is_stmt 1 view .LVU270
 638:Middlewares/Third_Party/FreeRTOS/Source/timers.c **** 	}
 1039              		.loc 1 638 29 is_stmt 0 view .LVU271
 1040 0012 0023     		movs	r3, #0
 1041 0014 2B60     		str	r3, [r5]
 1042              	.LVL80:
 1043              	.L73:
 641:Middlewares/Third_Party/FreeRTOS/Source/timers.c **** 
 1044              		.loc 1 641 2 is_stmt 1 view .LVU272
 641:Middlewares/Third_Party/FreeRTOS/Source/timers.c **** 
 1045              		.loc 1 641 12 is_stmt 0 view .LVU273
 1046 0016 044B     		ldr	r3, .L76
 1047 0018 1C60     		str	r4, [r3]
 643:Middlewares/Third_Party/FreeRTOS/Source/timers.c **** }
 1048              		.loc 1 643 2 is_stmt 1 view .LVU274
ARM GAS  C:\Users\31005\AppData\Local\Temp\cc5BHn3C.s 			page 43


 644:Middlewares/Third_Party/FreeRTOS/Source/timers.c **** /*-----------------------------------------------------------*/
 1049              		.loc 1 644 1 is_stmt 0 view .LVU275
 1050 001a 2046     		mov	r0, r4
 1051 001c 38BD     		pop	{r3, r4, r5, pc}
 1052              	.LVL81:
 1053              	.L75:
 633:Middlewares/Third_Party/FreeRTOS/Source/timers.c **** 		*pxTimerListsWereSwitched = pdTRUE;
 1054              		.loc 1 633 3 is_stmt 1 view .LVU276
 1055 001e FFF7FEFF 		bl	prvSwitchTimerLists
 1056              	.LVL82:
 634:Middlewares/Third_Party/FreeRTOS/Source/timers.c **** 	}
 1057              		.loc 1 634 3 view .LVU277
 634:Middlewares/Third_Party/FreeRTOS/Source/timers.c **** 	}
 1058              		.loc 1 634 29 is_stmt 0 view .LVU278
 1059 0022 0123     		movs	r3, #1
 1060 0024 2B60     		str	r3, [r5]
 1061 0026 F6E7     		b	.L73
 1062              	.L77:
 1063              		.align	2
 1064              	.L76:
 1065 0028 00000000 		.word	xLastTime.2
 1066              		.cfi_endproc
 1067              	.LFE17:
 1069              		.section	.text.prvProcessExpiredTimer,"ax",%progbits
 1070              		.align	1
 1071              		.syntax unified
 1072              		.thumb
 1073              		.thumb_func
 1075              	prvProcessExpiredTimer:
 1076              	.LVL83:
 1077              	.LFB13:
 463:Middlewares/Third_Party/FreeRTOS/Source/timers.c **** BaseType_t xResult;
 1078              		.loc 1 463 1 is_stmt 1 view -0
 1079              		.cfi_startproc
 1080              		@ args = 0, pretend = 0, frame = 0
 1081              		@ frame_needed = 0, uses_anonymous_args = 0
 463:Middlewares/Third_Party/FreeRTOS/Source/timers.c **** BaseType_t xResult;
 1082              		.loc 1 463 1 is_stmt 0 view .LVU280
 1083 0000 70B5     		push	{r4, r5, r6, lr}
 1084              	.LCFI27:
 1085              		.cfi_def_cfa_offset 16
 1086              		.cfi_offset 4, -16
 1087              		.cfi_offset 5, -12
 1088              		.cfi_offset 6, -8
 1089              		.cfi_offset 14, -4
 1090 0002 82B0     		sub	sp, sp, #8
 1091              	.LCFI28:
 1092              		.cfi_def_cfa_offset 24
 1093 0004 0646     		mov	r6, r0
 1094 0006 0D46     		mov	r5, r1
 464:Middlewares/Third_Party/FreeRTOS/Source/timers.c **** Timer_t * const pxTimer = ( Timer_t * ) listGET_OWNER_OF_HEAD_ENTRY( pxCurrentTimerList );
 1095              		.loc 1 464 1 is_stmt 1 view .LVU281
 465:Middlewares/Third_Party/FreeRTOS/Source/timers.c **** 
 1096              		.loc 1 465 1 view .LVU282
 465:Middlewares/Third_Party/FreeRTOS/Source/timers.c **** 
 1097              		.loc 1 465 41 is_stmt 0 view .LVU283
 1098 0008 1449     		ldr	r1, .L83
ARM GAS  C:\Users\31005\AppData\Local\Temp\cc5BHn3C.s 			page 44


 1099              	.LVL84:
 465:Middlewares/Third_Party/FreeRTOS/Source/timers.c **** 
 1100              		.loc 1 465 41 view .LVU284
 1101 000a 0968     		ldr	r1, [r1]
 1102 000c C968     		ldr	r1, [r1, #12]
 465:Middlewares/Third_Party/FreeRTOS/Source/timers.c **** 
 1103              		.loc 1 465 17 view .LVU285
 1104 000e CC68     		ldr	r4, [r1, #12]
 1105              	.LVL85:
 469:Middlewares/Third_Party/FreeRTOS/Source/timers.c **** 	traceTIMER_EXPIRED( pxTimer );
 1106              		.loc 1 469 2 is_stmt 1 view .LVU286
 469:Middlewares/Third_Party/FreeRTOS/Source/timers.c **** 	traceTIMER_EXPIRED( pxTimer );
 1107              		.loc 1 469 11 is_stmt 0 view .LVU287
 1108 0010 201D     		adds	r0, r4, #4
 1109              	.LVL86:
 469:Middlewares/Third_Party/FreeRTOS/Source/timers.c **** 	traceTIMER_EXPIRED( pxTimer );
 1110              		.loc 1 469 11 view .LVU288
 1111 0012 FFF7FEFF 		bl	uxListRemove
 1112              	.LVL87:
 470:Middlewares/Third_Party/FreeRTOS/Source/timers.c **** 
 1113              		.loc 1 470 31 is_stmt 1 view .LVU289
 474:Middlewares/Third_Party/FreeRTOS/Source/timers.c **** 	{
 1114              		.loc 1 474 2 view .LVU290
 474:Middlewares/Third_Party/FreeRTOS/Source/timers.c **** 	{
 1115              		.loc 1 474 13 is_stmt 0 view .LVU291
 1116 0016 E169     		ldr	r1, [r4, #28]
 474:Middlewares/Third_Party/FreeRTOS/Source/timers.c **** 	{
 1117              		.loc 1 474 4 view .LVU292
 1118 0018 0129     		cmp	r1, #1
 1119 001a 04D0     		beq	.L82
 1120              	.L79:
 494:Middlewares/Third_Party/FreeRTOS/Source/timers.c **** 	}
 1121              		.loc 1 494 27 is_stmt 1 view .LVU293
 498:Middlewares/Third_Party/FreeRTOS/Source/timers.c **** }
 1122              		.loc 1 498 2 view .LVU294
 498:Middlewares/Third_Party/FreeRTOS/Source/timers.c **** }
 1123              		.loc 1 498 9 is_stmt 0 view .LVU295
 1124 001c 636A     		ldr	r3, [r4, #36]
 498:Middlewares/Third_Party/FreeRTOS/Source/timers.c **** }
 1125              		.loc 1 498 2 view .LVU296
 1126 001e 2046     		mov	r0, r4
 1127 0020 9847     		blx	r3
 1128              	.LVL88:
 499:Middlewares/Third_Party/FreeRTOS/Source/timers.c **** /*-----------------------------------------------------------*/
 1129              		.loc 1 499 1 view .LVU297
 1130 0022 02B0     		add	sp, sp, #8
 1131              	.LCFI29:
 1132              		.cfi_remember_state
 1133              		.cfi_def_cfa_offset 16
 1134              		@ sp needed
 1135 0024 70BD     		pop	{r4, r5, r6, pc}
 1136              	.LVL89:
 1137              	.L82:
 1138              	.LCFI30:
 1139              		.cfi_restore_state
 479:Middlewares/Third_Party/FreeRTOS/Source/timers.c **** 		{
 1140              		.loc 1 479 3 is_stmt 1 view .LVU298
ARM GAS  C:\Users\31005\AppData\Local\Temp\cc5BHn3C.s 			page 45


 479:Middlewares/Third_Party/FreeRTOS/Source/timers.c **** 		{
 1141              		.loc 1 479 71 is_stmt 0 view .LVU299
 1142 0026 A169     		ldr	r1, [r4, #24]
 479:Middlewares/Third_Party/FreeRTOS/Source/timers.c **** 		{
 1143              		.loc 1 479 7 view .LVU300
 1144 0028 3346     		mov	r3, r6
 1145 002a 2A46     		mov	r2, r5
 1146 002c 3144     		add	r1, r1, r6
 1147 002e 2046     		mov	r0, r4
 1148 0030 FFF7FEFF 		bl	prvInsertTimerInActiveList
 1149              	.LVL90:
 479:Middlewares/Third_Party/FreeRTOS/Source/timers.c **** 		{
 1150              		.loc 1 479 5 view .LVU301
 1151 0034 0028     		cmp	r0, #0
 1152 0036 F1D0     		beq	.L79
 483:Middlewares/Third_Party/FreeRTOS/Source/timers.c **** 			configASSERT( xResult );
 1153              		.loc 1 483 4 is_stmt 1 view .LVU302
 483:Middlewares/Third_Party/FreeRTOS/Source/timers.c **** 			configASSERT( xResult );
 1154              		.loc 1 483 14 is_stmt 0 view .LVU303
 1155 0038 0021     		movs	r1, #0
 1156 003a 0091     		str	r1, [sp]
 1157 003c 0B46     		mov	r3, r1
 1158 003e 3246     		mov	r2, r6
 1159 0040 2046     		mov	r0, r4
 1160 0042 FFF7FEFF 		bl	xTimerGenericCommand
 1161              	.LVL91:
 484:Middlewares/Third_Party/FreeRTOS/Source/timers.c **** 			( void ) xResult;
 1162              		.loc 1 484 4 is_stmt 1 view .LVU304
 1163 0046 0028     		cmp	r0, #0
 1164 0048 E8D1     		bne	.L79
 484:Middlewares/Third_Party/FreeRTOS/Source/timers.c **** 			( void ) xResult;
 1165              		.loc 1 484 4 view .LVU305
 1166              	.LBB56:
 1167              	.LBI56:
 191:Middlewares/Third_Party/FreeRTOS/Source/portable/GCC/ARM_CM4F/portmacro.h **** {
 1168              		.loc 2 191 30 view .LVU306
 1169              	.LBB57:
 193:Middlewares/Third_Party/FreeRTOS/Source/portable/GCC/ARM_CM4F/portmacro.h **** 
 1170              		.loc 2 193 1 view .LVU307
 1171              		.loc 2 195 2 view .LVU308
 1172              		.syntax unified
 1173              	@ 195 "Middlewares/Third_Party/FreeRTOS/Source/portable/GCC/ARM_CM4F/portmacro.h" 1
 1174 004a 4FF05003 			mov r3, #80												
 1175 004e 83F31188 		msr basepri, r3											
 1176 0052 BFF36F8F 		isb														
 1177 0056 BFF34F8F 		dsb														
 1178              	
 1179              	@ 0 "" 2
 1180              	.LVL92:
 1181              		.thumb
 1182              		.syntax unified
 1183              	.L80:
 1184              		.loc 2 195 2 is_stmt 0 view .LVU309
 1185              	.LBE57:
 1186              	.LBE56:
 484:Middlewares/Third_Party/FreeRTOS/Source/timers.c **** 			( void ) xResult;
 1187              		.loc 1 484 4 is_stmt 1 discriminator 1 view .LVU310
ARM GAS  C:\Users\31005\AppData\Local\Temp\cc5BHn3C.s 			page 46


 484:Middlewares/Third_Party/FreeRTOS/Source/timers.c **** 			( void ) xResult;
 1188              		.loc 1 484 4 discriminator 1 view .LVU311
 1189 005a FEE7     		b	.L80
 1190              	.L84:
 1191              		.align	2
 1192              	.L83:
 1193 005c 00000000 		.word	pxCurrentTimerList
 1194              		.cfi_endproc
 1195              	.LFE13:
 1197              		.section	.text.prvProcessTimerOrBlockTask,"ax",%progbits
 1198              		.align	1
 1199              		.syntax unified
 1200              		.thumb
 1201              		.thumb_func
 1203              	prvProcessTimerOrBlockTask:
 1204              	.LVL93:
 1205              	.LFB15:
 539:Middlewares/Third_Party/FreeRTOS/Source/timers.c **** TickType_t xTimeNow;
 1206              		.loc 1 539 1 view -0
 1207              		.cfi_startproc
 1208              		@ args = 0, pretend = 0, frame = 8
 1209              		@ frame_needed = 0, uses_anonymous_args = 0
 539:Middlewares/Third_Party/FreeRTOS/Source/timers.c **** TickType_t xTimeNow;
 1210              		.loc 1 539 1 is_stmt 0 view .LVU313
 1211 0000 70B5     		push	{r4, r5, r6, lr}
 1212              	.LCFI31:
 1213              		.cfi_def_cfa_offset 16
 1214              		.cfi_offset 4, -16
 1215              		.cfi_offset 5, -12
 1216              		.cfi_offset 6, -8
 1217              		.cfi_offset 14, -4
 1218 0002 82B0     		sub	sp, sp, #8
 1219              	.LCFI32:
 1220              		.cfi_def_cfa_offset 24
 1221 0004 0646     		mov	r6, r0
 1222 0006 0C46     		mov	r4, r1
 540:Middlewares/Third_Party/FreeRTOS/Source/timers.c **** BaseType_t xTimerListsWereSwitched;
 1223              		.loc 1 540 1 is_stmt 1 view .LVU314
 541:Middlewares/Third_Party/FreeRTOS/Source/timers.c **** 
 1224              		.loc 1 541 1 view .LVU315
 543:Middlewares/Third_Party/FreeRTOS/Source/timers.c **** 	{
 1225              		.loc 1 543 2 view .LVU316
 1226 0008 FFF7FEFF 		bl	vTaskSuspendAll
 1227              	.LVL94:
 550:Middlewares/Third_Party/FreeRTOS/Source/timers.c **** 		if( xTimerListsWereSwitched == pdFALSE )
 1228              		.loc 1 550 3 view .LVU317
 550:Middlewares/Third_Party/FreeRTOS/Source/timers.c **** 		if( xTimerListsWereSwitched == pdFALSE )
 1229              		.loc 1 550 14 is_stmt 0 view .LVU318
 1230 000c 01A8     		add	r0, sp, #4
 1231 000e FFF7FEFF 		bl	prvSampleTimeNow
 1232              	.LVL95:
 551:Middlewares/Third_Party/FreeRTOS/Source/timers.c **** 		{
 1233              		.loc 1 551 3 is_stmt 1 view .LVU319
 551:Middlewares/Third_Party/FreeRTOS/Source/timers.c **** 		{
 1234              		.loc 1 551 31 is_stmt 0 view .LVU320
 1235 0012 019B     		ldr	r3, [sp, #4]
 551:Middlewares/Third_Party/FreeRTOS/Source/timers.c **** 		{
ARM GAS  C:\Users\31005\AppData\Local\Temp\cc5BHn3C.s 			page 47


 1236              		.loc 1 551 5 view .LVU321
 1237 0014 23BB     		cbnz	r3, .L86
 1238 0016 0546     		mov	r5, r0
 554:Middlewares/Third_Party/FreeRTOS/Source/timers.c **** 			{
 1239              		.loc 1 554 4 is_stmt 1 view .LVU322
 554:Middlewares/Third_Party/FreeRTOS/Source/timers.c **** 			{
 1240              		.loc 1 554 6 is_stmt 0 view .LVU323
 1241 0018 44B9     		cbnz	r4, .L87
 554:Middlewares/Third_Party/FreeRTOS/Source/timers.c **** 			{
 1242              		.loc 1 554 37 discriminator 1 view .LVU324
 1243 001a B042     		cmp	r0, r6
 1244 001c 0CD3     		bcc	.L88
 556:Middlewares/Third_Party/FreeRTOS/Source/timers.c **** 				prvProcessExpiredTimer( xNextExpireTime, xTimeNow );
 1245              		.loc 1 556 5 is_stmt 1 view .LVU325
 556:Middlewares/Third_Party/FreeRTOS/Source/timers.c **** 				prvProcessExpiredTimer( xNextExpireTime, xTimeNow );
 1246              		.loc 1 556 14 is_stmt 0 view .LVU326
 1247 001e FFF7FEFF 		bl	xTaskResumeAll
 1248              	.LVL96:
 557:Middlewares/Third_Party/FreeRTOS/Source/timers.c **** 			}
 1249              		.loc 1 557 5 is_stmt 1 view .LVU327
 1250 0022 2946     		mov	r1, r5
 1251 0024 3046     		mov	r0, r6
 1252 0026 FFF7FEFF 		bl	prvProcessExpiredTimer
 1253              	.LVL97:
 1254 002a 1BE0     		b	.L85
 1255              	.LVL98:
 1256              	.L87:
 571:Middlewares/Third_Party/FreeRTOS/Source/timers.c **** 				}
 1257              		.loc 1 571 6 view .LVU328
 571:Middlewares/Third_Party/FreeRTOS/Source/timers.c **** 				}
 1258              		.loc 1 571 22 is_stmt 0 view .LVU329
 1259 002c 0E4B     		ldr	r3, .L91
 1260 002e 1B68     		ldr	r3, [r3]
 1261 0030 1C68     		ldr	r4, [r3]
 1262              	.LVL99:
 571:Middlewares/Third_Party/FreeRTOS/Source/timers.c **** 				}
 1263              		.loc 1 571 22 view .LVU330
 1264 0032 B4FA84F4 		clz	r4, r4
 1265 0036 6409     		lsrs	r4, r4, #5
 1266              	.LVL100:
 1267              	.L88:
 574:Middlewares/Third_Party/FreeRTOS/Source/timers.c **** 
 1268              		.loc 1 574 5 is_stmt 1 view .LVU331
 1269 0038 2246     		mov	r2, r4
 1270 003a 711B     		subs	r1, r6, r5
 1271 003c 0B4B     		ldr	r3, .L91+4
 1272 003e 1868     		ldr	r0, [r3]
 1273              	.LVL101:
 574:Middlewares/Third_Party/FreeRTOS/Source/timers.c **** 
 1274              		.loc 1 574 5 is_stmt 0 view .LVU332
 1275 0040 FFF7FEFF 		bl	vQueueWaitForMessageRestricted
 1276              	.LVL102:
 576:Middlewares/Third_Party/FreeRTOS/Source/timers.c **** 				{
 1277              		.loc 1 576 5 is_stmt 1 view .LVU333
 576:Middlewares/Third_Party/FreeRTOS/Source/timers.c **** 				{
 1278              		.loc 1 576 9 is_stmt 0 view .LVU334
 1279 0044 FFF7FEFF 		bl	xTaskResumeAll
ARM GAS  C:\Users\31005\AppData\Local\Temp\cc5BHn3C.s 			page 48


 1280              	.LVL103:
 576:Middlewares/Third_Party/FreeRTOS/Source/timers.c **** 				{
 1281              		.loc 1 576 7 view .LVU335
 1282 0048 60B9     		cbnz	r0, .L85
 582:Middlewares/Third_Party/FreeRTOS/Source/timers.c **** 				}
 1283              		.loc 1 582 6 is_stmt 1 view .LVU336
 1284 004a 4FF0E023 		mov	r3, #-536813568
 1285 004e 4FF08052 		mov	r2, #268435456
 1286 0052 C3F8042D 		str	r2, [r3, #3332]
 582:Middlewares/Third_Party/FreeRTOS/Source/timers.c **** 				}
 1287              		.loc 1 582 6 view .LVU337
 1288              		.syntax unified
 1289              	@ 582 "Middlewares/Third_Party/FreeRTOS/Source/timers.c" 1
 1290 0056 BFF34F8F 		dsb
 1291              	@ 0 "" 2
 582:Middlewares/Third_Party/FreeRTOS/Source/timers.c **** 				}
 1292              		.loc 1 582 6 view .LVU338
 1293              	@ 582 "Middlewares/Third_Party/FreeRTOS/Source/timers.c" 1
 1294 005a BFF36F8F 		isb
 1295              	@ 0 "" 2
 582:Middlewares/Third_Party/FreeRTOS/Source/timers.c **** 				}
 1296              		.loc 1 582 28 view .LVU339
 1297              		.thumb
 1298              		.syntax unified
 1299 005e 01E0     		b	.L85
 1300              	.LVL104:
 1301              	.L86:
 592:Middlewares/Third_Party/FreeRTOS/Source/timers.c **** 		}
 1302              		.loc 1 592 4 view .LVU340
 592:Middlewares/Third_Party/FreeRTOS/Source/timers.c **** 		}
 1303              		.loc 1 592 13 is_stmt 0 view .LVU341
 1304 0060 FFF7FEFF 		bl	xTaskResumeAll
 1305              	.LVL105:
 1306              	.L85:
 595:Middlewares/Third_Party/FreeRTOS/Source/timers.c **** /*-----------------------------------------------------------*/
 1307              		.loc 1 595 1 view .LVU342
 1308 0064 02B0     		add	sp, sp, #8
 1309              	.LCFI33:
 1310              		.cfi_def_cfa_offset 16
 1311              		@ sp needed
 1312 0066 70BD     		pop	{r4, r5, r6, pc}
 1313              	.LVL106:
 1314              	.L92:
 595:Middlewares/Third_Party/FreeRTOS/Source/timers.c **** /*-----------------------------------------------------------*/
 1315              		.loc 1 595 1 view .LVU343
 1316              		.align	2
 1317              	.L91:
 1318 0068 00000000 		.word	pxOverflowTimerList
 1319 006c 00000000 		.word	xTimerQueue
 1320              		.cfi_endproc
 1321              	.LFE15:
 1323              		.section	.text.prvProcessReceivedCommands,"ax",%progbits
 1324              		.align	1
 1325              		.syntax unified
 1326              		.thumb
 1327              		.thumb_func
 1329              	prvProcessReceivedCommands:
ARM GAS  C:\Users\31005\AppData\Local\Temp\cc5BHn3C.s 			page 49


 1330              	.LFB19:
 689:Middlewares/Third_Party/FreeRTOS/Source/timers.c **** DaemonTaskMessage_t xMessage;
 1331              		.loc 1 689 1 is_stmt 1 view -0
 1332              		.cfi_startproc
 1333              		@ args = 0, pretend = 0, frame = 24
 1334              		@ frame_needed = 0, uses_anonymous_args = 0
 1335 0000 10B5     		push	{r4, lr}
 1336              	.LCFI34:
 1337              		.cfi_def_cfa_offset 8
 1338              		.cfi_offset 4, -8
 1339              		.cfi_offset 14, -4
 1340 0002 88B0     		sub	sp, sp, #32
 1341              	.LCFI35:
 1342              		.cfi_def_cfa_offset 40
 690:Middlewares/Third_Party/FreeRTOS/Source/timers.c **** Timer_t *pxTimer;
 1343              		.loc 1 690 1 view .LVU345
 691:Middlewares/Third_Party/FreeRTOS/Source/timers.c **** BaseType_t xTimerListsWereSwitched, xResult;
 1344              		.loc 1 691 1 view .LVU346
 692:Middlewares/Third_Party/FreeRTOS/Source/timers.c **** TickType_t xTimeNow;
 1345              		.loc 1 692 1 view .LVU347
 693:Middlewares/Third_Party/FreeRTOS/Source/timers.c **** 
 1346              		.loc 1 693 1 view .LVU348
 695:Middlewares/Third_Party/FreeRTOS/Source/timers.c **** 	{
 1347              		.loc 1 695 2 view .LVU349
 695:Middlewares/Third_Party/FreeRTOS/Source/timers.c **** 	{
 1348              		.loc 1 695 7 is_stmt 0 view .LVU350
 1349 0004 02E0     		b	.L96
 1350              	.L95:
 714:Middlewares/Third_Party/FreeRTOS/Source/timers.c **** 			}
 1351              		.loc 1 714 29 is_stmt 1 view .LVU351
 721:Middlewares/Third_Party/FreeRTOS/Source/timers.c **** 		{
 1352              		.loc 1 721 3 view .LVU352
 721:Middlewares/Third_Party/FreeRTOS/Source/timers.c **** 		{
 1353              		.loc 1 721 15 is_stmt 0 view .LVU353
 1354 0006 049B     		ldr	r3, [sp, #16]
 721:Middlewares/Third_Party/FreeRTOS/Source/timers.c **** 		{
 1355              		.loc 1 721 5 view .LVU354
 1356 0008 002B     		cmp	r3, #0
 1357 000a 0FDA     		bge	.L109
 1358              	.L96:
 695:Middlewares/Third_Party/FreeRTOS/Source/timers.c **** 	{
 1359              		.loc 1 695 62 is_stmt 1 view .LVU355
 695:Middlewares/Third_Party/FreeRTOS/Source/timers.c **** 	{
 1360              		.loc 1 695 9 is_stmt 0 view .LVU356
 1361 000c 0022     		movs	r2, #0
 1362 000e 04A9     		add	r1, sp, #16
 1363 0010 384B     		ldr	r3, .L112
 1364 0012 1868     		ldr	r0, [r3]
 1365 0014 FFF7FEFF 		bl	xQueueReceive
 1366              	.LVL107:
 695:Middlewares/Third_Party/FreeRTOS/Source/timers.c **** 	{
 1367              		.loc 1 695 62 view .LVU357
 1368 0018 0028     		cmp	r0, #0
 1369 001a 69D0     		beq	.L110
 701:Middlewares/Third_Party/FreeRTOS/Source/timers.c **** 			{
 1370              		.loc 1 701 4 is_stmt 1 view .LVU358
 701:Middlewares/Third_Party/FreeRTOS/Source/timers.c **** 			{
ARM GAS  C:\Users\31005\AppData\Local\Temp\cc5BHn3C.s 			page 50


 1371              		.loc 1 701 16 is_stmt 0 view .LVU359
 1372 001c 049B     		ldr	r3, [sp, #16]
 701:Middlewares/Third_Party/FreeRTOS/Source/timers.c **** 			{
 1373              		.loc 1 701 6 view .LVU360
 1374 001e 002B     		cmp	r3, #0
 1375 0020 F1DA     		bge	.L95
 1376              	.LBB58:
 703:Middlewares/Third_Party/FreeRTOS/Source/timers.c **** 
 1377              		.loc 1 703 5 is_stmt 1 discriminator 2 view .LVU361
 1378              	.LVL108:
 707:Middlewares/Third_Party/FreeRTOS/Source/timers.c **** 
 1379              		.loc 1 707 5 discriminator 2 view .LVU362
 707:Middlewares/Third_Party/FreeRTOS/Source/timers.c **** 
 1380              		.loc 1 707 31 discriminator 2 view .LVU363
 710:Middlewares/Third_Party/FreeRTOS/Source/timers.c **** 			}
 1381              		.loc 1 710 5 discriminator 2 view .LVU364
 1382 0022 0799     		ldr	r1, [sp, #28]
 1383 0024 0698     		ldr	r0, [sp, #24]
 1384 0026 059B     		ldr	r3, [sp, #20]
 1385 0028 9847     		blx	r3
 1386              	.LVL109:
 1387              	.LBE58:
 1388 002a ECE7     		b	.L95
 1389              	.LVL110:
 1390              	.L109:
 725:Middlewares/Third_Party/FreeRTOS/Source/timers.c **** 
 1391              		.loc 1 725 4 view .LVU365
 725:Middlewares/Third_Party/FreeRTOS/Source/timers.c **** 
 1392              		.loc 1 725 12 is_stmt 0 view .LVU366
 1393 002c 069C     		ldr	r4, [sp, #24]
 1394              	.LVL111:
 727:Middlewares/Third_Party/FreeRTOS/Source/timers.c **** 			{
 1395              		.loc 1 727 4 is_stmt 1 view .LVU367
 727:Middlewares/Third_Party/FreeRTOS/Source/timers.c **** 			{
 1396              		.loc 1 727 8 is_stmt 0 view .LVU368
 1397 002e 6369     		ldr	r3, [r4, #20]
 727:Middlewares/Third_Party/FreeRTOS/Source/timers.c **** 			{
 1398              		.loc 1 727 6 view .LVU369
 1399 0030 13B1     		cbz	r3, .L97
 730:Middlewares/Third_Party/FreeRTOS/Source/timers.c **** 			}
 1400              		.loc 1 730 5 is_stmt 1 view .LVU370
 730:Middlewares/Third_Party/FreeRTOS/Source/timers.c **** 			}
 1401              		.loc 1 730 14 is_stmt 0 view .LVU371
 1402 0032 201D     		adds	r0, r4, #4
 1403 0034 FFF7FEFF 		bl	uxListRemove
 1404              	.LVL112:
 1405              	.L97:
 734:Middlewares/Third_Party/FreeRTOS/Source/timers.c **** 			}
 1406              		.loc 1 734 29 is_stmt 1 view .LVU372
 737:Middlewares/Third_Party/FreeRTOS/Source/timers.c **** 
 1407              		.loc 1 737 106 view .LVU373
 745:Middlewares/Third_Party/FreeRTOS/Source/timers.c **** 
 1408              		.loc 1 745 4 view .LVU374
 745:Middlewares/Third_Party/FreeRTOS/Source/timers.c **** 
 1409              		.loc 1 745 15 is_stmt 0 view .LVU375
 1410 0038 03A8     		add	r0, sp, #12
 1411 003a FFF7FEFF 		bl	prvSampleTimeNow
ARM GAS  C:\Users\31005\AppData\Local\Temp\cc5BHn3C.s 			page 51


 1412              	.LVL113:
 747:Middlewares/Third_Party/FreeRTOS/Source/timers.c **** 			{
 1413              		.loc 1 747 4 is_stmt 1 view .LVU376
 747:Middlewares/Third_Party/FreeRTOS/Source/timers.c **** 			{
 1414              		.loc 1 747 20 is_stmt 0 view .LVU377
 1415 003e 049B     		ldr	r3, [sp, #16]
 747:Middlewares/Third_Party/FreeRTOS/Source/timers.c **** 			{
 1416              		.loc 1 747 4 view .LVU378
 1417 0040 092B     		cmp	r3, #9
 1418 0042 E3D8     		bhi	.L96
 1419 0044 01A2     		adr	r2, .L100
 1420 0046 52F823F0 		ldr	pc, [r2, r3, lsl #2]
 1421 004a 00BF     		.p2align 2
 1422              	.L100:
 1423 004c 75000000 		.word	.L101+1
 1424 0050 75000000 		.word	.L101+1
 1425 0054 75000000 		.word	.L101+1
 1426 0058 0D000000 		.word	.L96+1
 1427 005c BB000000 		.word	.L99+1
 1428 0060 E1000000 		.word	.L102+1
 1429 0064 75000000 		.word	.L101+1
 1430 0068 75000000 		.word	.L101+1
 1431 006c 0D000000 		.word	.L96+1
 1432 0070 BB000000 		.word	.L99+1
 1433              		.p2align 1
 1434              	.L101:
 755:Middlewares/Third_Party/FreeRTOS/Source/timers.c **** 					{
 1435              		.loc 1 755 6 is_stmt 1 view .LVU379
 755:Middlewares/Third_Party/FreeRTOS/Source/timers.c **** 					{
 1436              		.loc 1 755 75 is_stmt 0 view .LVU380
 1437 0074 059B     		ldr	r3, [sp, #20]
 755:Middlewares/Third_Party/FreeRTOS/Source/timers.c **** 					{
 1438              		.loc 1 755 99 view .LVU381
 1439 0076 A169     		ldr	r1, [r4, #24]
 755:Middlewares/Third_Party/FreeRTOS/Source/timers.c **** 					{
 1440              		.loc 1 755 10 view .LVU382
 1441 0078 0246     		mov	r2, r0
 1442 007a 1944     		add	r1, r1, r3
 1443 007c 2046     		mov	r0, r4
 1444              	.LVL114:
 755:Middlewares/Third_Party/FreeRTOS/Source/timers.c **** 					{
 1445              		.loc 1 755 10 view .LVU383
 1446 007e FFF7FEFF 		bl	prvInsertTimerInActiveList
 1447              	.LVL115:
 755:Middlewares/Third_Party/FreeRTOS/Source/timers.c **** 					{
 1448              		.loc 1 755 8 view .LVU384
 1449 0082 0028     		cmp	r0, #0
 1450 0084 C2D0     		beq	.L96
 759:Middlewares/Third_Party/FreeRTOS/Source/timers.c **** 						traceTIMER_EXPIRED( pxTimer );
 1451              		.loc 1 759 7 is_stmt 1 view .LVU385
 759:Middlewares/Third_Party/FreeRTOS/Source/timers.c **** 						traceTIMER_EXPIRED( pxTimer );
 1452              		.loc 1 759 14 is_stmt 0 view .LVU386
 1453 0086 636A     		ldr	r3, [r4, #36]
 759:Middlewares/Third_Party/FreeRTOS/Source/timers.c **** 						traceTIMER_EXPIRED( pxTimer );
 1454              		.loc 1 759 7 view .LVU387
 1455 0088 2046     		mov	r0, r4
 1456 008a 9847     		blx	r3
ARM GAS  C:\Users\31005\AppData\Local\Temp\cc5BHn3C.s 			page 52


 1457              	.LVL116:
 760:Middlewares/Third_Party/FreeRTOS/Source/timers.c **** 
 1458              		.loc 1 760 36 is_stmt 1 view .LVU388
 762:Middlewares/Third_Party/FreeRTOS/Source/timers.c **** 						{
 1459              		.loc 1 762 7 view .LVU389
 762:Middlewares/Third_Party/FreeRTOS/Source/timers.c **** 						{
 1460              		.loc 1 762 18 is_stmt 0 view .LVU390
 1461 008c E369     		ldr	r3, [r4, #28]
 762:Middlewares/Third_Party/FreeRTOS/Source/timers.c **** 						{
 1462              		.loc 1 762 9 view .LVU391
 1463 008e 012B     		cmp	r3, #1
 1464 0090 BCD1     		bne	.L96
 764:Middlewares/Third_Party/FreeRTOS/Source/timers.c **** 							configASSERT( xResult );
 1465              		.loc 1 764 8 is_stmt 1 view .LVU392
 764:Middlewares/Third_Party/FreeRTOS/Source/timers.c **** 							configASSERT( xResult );
 1466              		.loc 1 764 129 is_stmt 0 view .LVU393
 1467 0092 A269     		ldr	r2, [r4, #24]
 764:Middlewares/Third_Party/FreeRTOS/Source/timers.c **** 							configASSERT( xResult );
 1468              		.loc 1 764 18 view .LVU394
 1469 0094 0021     		movs	r1, #0
 1470 0096 0091     		str	r1, [sp]
 1471 0098 0B46     		mov	r3, r1
 1472 009a 0598     		ldr	r0, [sp, #20]
 1473 009c 0244     		add	r2, r2, r0
 1474 009e 2046     		mov	r0, r4
 1475 00a0 FFF7FEFF 		bl	xTimerGenericCommand
 1476              	.LVL117:
 765:Middlewares/Third_Party/FreeRTOS/Source/timers.c **** 							( void ) xResult;
 1477              		.loc 1 765 8 is_stmt 1 view .LVU395
 1478 00a4 0028     		cmp	r0, #0
 1479 00a6 B1D1     		bne	.L96
 765:Middlewares/Third_Party/FreeRTOS/Source/timers.c **** 							( void ) xResult;
 1480              		.loc 1 765 8 view .LVU396
 1481              	.LBB59:
 1482              	.LBI59:
 191:Middlewares/Third_Party/FreeRTOS/Source/portable/GCC/ARM_CM4F/portmacro.h **** {
 1483              		.loc 2 191 30 view .LVU397
 1484              	.LBB60:
 193:Middlewares/Third_Party/FreeRTOS/Source/portable/GCC/ARM_CM4F/portmacro.h **** 
 1485              		.loc 2 193 1 view .LVU398
 1486              		.loc 2 195 2 view .LVU399
 1487              		.syntax unified
 1488              	@ 195 "Middlewares/Third_Party/FreeRTOS/Source/portable/GCC/ARM_CM4F/portmacro.h" 1
 1489 00a8 4FF05003 			mov r3, #80												
 1490 00ac 83F31188 		msr basepri, r3											
 1491 00b0 BFF36F8F 		isb														
 1492 00b4 BFF34F8F 		dsb														
 1493              	
 1494              	@ 0 "" 2
 1495              	.LVL118:
 1496              		.thumb
 1497              		.syntax unified
 1498              	.L103:
 1499              		.loc 2 195 2 is_stmt 0 view .LVU400
 1500              	.LBE60:
 1501              	.LBE59:
 765:Middlewares/Third_Party/FreeRTOS/Source/timers.c **** 							( void ) xResult;
ARM GAS  C:\Users\31005\AppData\Local\Temp\cc5BHn3C.s 			page 53


 1502              		.loc 1 765 8 is_stmt 1 discriminator 2 view .LVU401
 765:Middlewares/Third_Party/FreeRTOS/Source/timers.c **** 							( void ) xResult;
 1503              		.loc 1 765 8 discriminator 2 view .LVU402
 1504 00b8 FEE7     		b	.L103
 1505              	.LVL119:
 1506              	.L99:
 787:Middlewares/Third_Party/FreeRTOS/Source/timers.c **** 					configASSERT( ( pxTimer->xTimerPeriodInTicks > 0 ) );
 1507              		.loc 1 787 6 view .LVU403
 787:Middlewares/Third_Party/FreeRTOS/Source/timers.c **** 					configASSERT( ( pxTimer->xTimerPeriodInTicks > 0 ) );
 1508              		.loc 1 787 64 is_stmt 0 view .LVU404
 1509 00ba 0599     		ldr	r1, [sp, #20]
 787:Middlewares/Third_Party/FreeRTOS/Source/timers.c **** 					configASSERT( ( pxTimer->xTimerPeriodInTicks > 0 ) );
 1510              		.loc 1 787 35 view .LVU405
 1511 00bc A161     		str	r1, [r4, #24]
 788:Middlewares/Third_Party/FreeRTOS/Source/timers.c **** 
 1512              		.loc 1 788 6 is_stmt 1 view .LVU406
 1513 00be 31B1     		cbz	r1, .L111
 788:Middlewares/Third_Party/FreeRTOS/Source/timers.c **** 
 1514              		.loc 1 788 58 discriminator 2 view .LVU407
 796:Middlewares/Third_Party/FreeRTOS/Source/timers.c **** 					break;
 1515              		.loc 1 796 6 discriminator 2 view .LVU408
 796:Middlewares/Third_Party/FreeRTOS/Source/timers.c **** 					break;
 1516              		.loc 1 796 15 is_stmt 0 discriminator 2 view .LVU409
 1517 00c0 0346     		mov	r3, r0
 1518 00c2 0246     		mov	r2, r0
 1519 00c4 0144     		add	r1, r1, r0
 1520 00c6 2046     		mov	r0, r4
 1521              	.LVL120:
 796:Middlewares/Third_Party/FreeRTOS/Source/timers.c **** 					break;
 1522              		.loc 1 796 15 discriminator 2 view .LVU410
 1523 00c8 FFF7FEFF 		bl	prvInsertTimerInActiveList
 1524              	.LVL121:
 797:Middlewares/Third_Party/FreeRTOS/Source/timers.c **** 
 1525              		.loc 1 797 6 is_stmt 1 discriminator 2 view .LVU411
 1526 00cc 9EE7     		b	.L96
 1527              	.LVL122:
 1528              	.L111:
 788:Middlewares/Third_Party/FreeRTOS/Source/timers.c **** 
 1529              		.loc 1 788 6 view .LVU412
 1530              	.LBB61:
 1531              	.LBI61:
 191:Middlewares/Third_Party/FreeRTOS/Source/portable/GCC/ARM_CM4F/portmacro.h **** {
 1532              		.loc 2 191 30 view .LVU413
 1533              	.LBB62:
 193:Middlewares/Third_Party/FreeRTOS/Source/portable/GCC/ARM_CM4F/portmacro.h **** 
 1534              		.loc 2 193 1 view .LVU414
 1535              		.loc 2 195 2 view .LVU415
 1536              		.syntax unified
 1537              	@ 195 "Middlewares/Third_Party/FreeRTOS/Source/portable/GCC/ARM_CM4F/portmacro.h" 1
 1538 00ce 4FF05003 			mov r3, #80												
 1539 00d2 83F31188 		msr basepri, r3											
 1540 00d6 BFF36F8F 		isb														
 1541 00da BFF34F8F 		dsb														
 1542              	
 1543              	@ 0 "" 2
 1544              	.LVL123:
 1545              		.thumb
ARM GAS  C:\Users\31005\AppData\Local\Temp\cc5BHn3C.s 			page 54


 1546              		.syntax unified
 1547              	.L105:
 1548              		.loc 2 195 2 is_stmt 0 view .LVU416
 1549              	.LBE62:
 1550              	.LBE61:
 788:Middlewares/Third_Party/FreeRTOS/Source/timers.c **** 
 1551              		.loc 1 788 6 is_stmt 1 discriminator 5 view .LVU417
 788:Middlewares/Third_Party/FreeRTOS/Source/timers.c **** 
 1552              		.loc 1 788 6 discriminator 5 view .LVU418
 1553 00de FEE7     		b	.L105
 1554              	.L102:
 814:Middlewares/Third_Party/FreeRTOS/Source/timers.c **** 						{
 1555              		.loc 1 814 7 view .LVU419
 814:Middlewares/Third_Party/FreeRTOS/Source/timers.c **** 						{
 1556              		.loc 1 814 18 is_stmt 0 view .LVU420
 1557 00e0 94F82C30 		ldrb	r3, [r4, #44]	@ zero_extendqisi2
 814:Middlewares/Third_Party/FreeRTOS/Source/timers.c **** 						{
 1558              		.loc 1 814 9 view .LVU421
 1559 00e4 002B     		cmp	r3, #0
 1560 00e6 91D1     		bne	.L96
 816:Middlewares/Third_Party/FreeRTOS/Source/timers.c **** 						}
 1561              		.loc 1 816 8 is_stmt 1 view .LVU422
 1562 00e8 2046     		mov	r0, r4
 1563              	.LVL124:
 816:Middlewares/Third_Party/FreeRTOS/Source/timers.c **** 						}
 1564              		.loc 1 816 8 is_stmt 0 view .LVU423
 1565 00ea FFF7FEFF 		bl	vPortFree
 1566              	.LVL125:
 1567 00ee 8DE7     		b	.L96
 1568              	.LVL126:
 1569              	.L110:
 832:Middlewares/Third_Party/FreeRTOS/Source/timers.c **** /*-----------------------------------------------------------*/
 1570              		.loc 1 832 1 view .LVU424
 1571 00f0 08B0     		add	sp, sp, #32
 1572              	.LCFI36:
 1573              		.cfi_def_cfa_offset 8
 1574              		@ sp needed
 1575 00f2 10BD     		pop	{r4, pc}
 1576              	.L113:
 1577              		.align	2
 1578              	.L112:
 1579 00f4 00000000 		.word	xTimerQueue
 1580              		.cfi_endproc
 1581              	.LFE19:
 1583              		.section	.text.prvTimerTask,"ax",%progbits
 1584              		.align	1
 1585              		.syntax unified
 1586              		.thumb
 1587              		.thumb_func
 1589              	prvTimerTask:
 1590              	.LFB14:
 503:Middlewares/Third_Party/FreeRTOS/Source/timers.c **** TickType_t xNextExpireTime;
 1591              		.loc 1 503 1 is_stmt 1 view -0
 1592              		.cfi_startproc
 1593              		@ args = 0, pretend = 0, frame = 8
 1594              		@ frame_needed = 0, uses_anonymous_args = 0
 1595              	.LVL127:
ARM GAS  C:\Users\31005\AppData\Local\Temp\cc5BHn3C.s 			page 55


 503:Middlewares/Third_Party/FreeRTOS/Source/timers.c **** TickType_t xNextExpireTime;
 1596              		.loc 1 503 1 is_stmt 0 view .LVU426
 1597 0000 00B5     		push	{lr}
 1598              	.LCFI37:
 1599              		.cfi_def_cfa_offset 4
 1600              		.cfi_offset 14, -4
 1601 0002 83B0     		sub	sp, sp, #12
 1602              	.LCFI38:
 1603              		.cfi_def_cfa_offset 16
 1604              	.LVL128:
 1605              	.L115:
 504:Middlewares/Third_Party/FreeRTOS/Source/timers.c **** BaseType_t xListWasEmpty;
 1606              		.loc 1 504 1 is_stmt 1 discriminator 1 view .LVU427
 505:Middlewares/Third_Party/FreeRTOS/Source/timers.c **** 
 1607              		.loc 1 505 1 discriminator 1 view .LVU428
 508:Middlewares/Third_Party/FreeRTOS/Source/timers.c **** 
 1608              		.loc 1 508 2 discriminator 1 view .LVU429
 522:Middlewares/Third_Party/FreeRTOS/Source/timers.c **** 	{
 1609              		.loc 1 522 2 discriminator 1 view .LVU430
 526:Middlewares/Third_Party/FreeRTOS/Source/timers.c **** 
 1610              		.loc 1 526 3 discriminator 1 view .LVU431
 526:Middlewares/Third_Party/FreeRTOS/Source/timers.c **** 
 1611              		.loc 1 526 21 is_stmt 0 discriminator 1 view .LVU432
 1612 0004 01A8     		add	r0, sp, #4
 1613 0006 FFF7FEFF 		bl	prvGetNextExpireTime
 1614              	.LVL129:
 530:Middlewares/Third_Party/FreeRTOS/Source/timers.c **** 
 1615              		.loc 1 530 3 is_stmt 1 discriminator 1 view .LVU433
 1616 000a 0199     		ldr	r1, [sp, #4]
 1617 000c FFF7FEFF 		bl	prvProcessTimerOrBlockTask
 1618              	.LVL130:
 533:Middlewares/Third_Party/FreeRTOS/Source/timers.c **** 	}
 1619              		.loc 1 533 3 discriminator 1 view .LVU434
 1620 0010 FFF7FEFF 		bl	prvProcessReceivedCommands
 1621              	.LVL131:
 522:Middlewares/Third_Party/FreeRTOS/Source/timers.c **** 	{
 1622              		.loc 1 522 2 discriminator 1 view .LVU435
 1623 0014 F6E7     		b	.L115
 1624              		.cfi_endproc
 1625              	.LFE14:
 1627              		.section	.text.xTimerGetTimerDaemonTaskHandle,"ax",%progbits
 1628              		.align	1
 1629              		.global	xTimerGetTimerDaemonTaskHandle
 1630              		.syntax unified
 1631              		.thumb
 1632              		.thumb_func
 1634              	xTimerGetTimerDaemonTaskHandle:
 1635              	.LFB9:
 425:Middlewares/Third_Party/FreeRTOS/Source/timers.c **** 	/* If xTimerGetTimerDaemonTaskHandle() is called before the scheduler has been
 1636              		.loc 1 425 1 view -0
 1637              		.cfi_startproc
 1638              		@ args = 0, pretend = 0, frame = 0
 1639              		@ frame_needed = 0, uses_anonymous_args = 0
 1640              		@ link register save eliminated.
 428:Middlewares/Third_Party/FreeRTOS/Source/timers.c **** 	return xTimerTaskHandle;
 1641              		.loc 1 428 2 view .LVU437
 1642 0000 064B     		ldr	r3, .L121
ARM GAS  C:\Users\31005\AppData\Local\Temp\cc5BHn3C.s 			page 56


 1643 0002 1868     		ldr	r0, [r3]
 1644 0004 00B1     		cbz	r0, .L120
 430:Middlewares/Third_Party/FreeRTOS/Source/timers.c **** /*-----------------------------------------------------------*/
 1645              		.loc 1 430 1 is_stmt 0 view .LVU438
 1646 0006 7047     		bx	lr
 1647              	.L120:
 428:Middlewares/Third_Party/FreeRTOS/Source/timers.c **** 	return xTimerTaskHandle;
 1648              		.loc 1 428 2 is_stmt 1 view .LVU439
 1649              	.LBB63:
 1650              	.LBI63:
 191:Middlewares/Third_Party/FreeRTOS/Source/portable/GCC/ARM_CM4F/portmacro.h **** {
 1651              		.loc 2 191 30 view .LVU440
 1652              	.LBB64:
 193:Middlewares/Third_Party/FreeRTOS/Source/portable/GCC/ARM_CM4F/portmacro.h **** 
 1653              		.loc 2 193 1 view .LVU441
 1654              		.loc 2 195 2 view .LVU442
 1655              		.syntax unified
 1656              	@ 195 "Middlewares/Third_Party/FreeRTOS/Source/portable/GCC/ARM_CM4F/portmacro.h" 1
 1657 0008 4FF05003 			mov r3, #80												
 1658 000c 83F31188 		msr basepri, r3											
 1659 0010 BFF36F8F 		isb														
 1660 0014 BFF34F8F 		dsb														
 1661              	
 1662              	@ 0 "" 2
 1663              	.LVL132:
 1664              		.thumb
 1665              		.syntax unified
 1666              	.L119:
 1667              		.loc 2 195 2 is_stmt 0 view .LVU443
 1668              	.LBE64:
 1669              	.LBE63:
 428:Middlewares/Third_Party/FreeRTOS/Source/timers.c **** 	return xTimerTaskHandle;
 1670              		.loc 1 428 2 is_stmt 1 discriminator 1 view .LVU444
 428:Middlewares/Third_Party/FreeRTOS/Source/timers.c **** 	return xTimerTaskHandle;
 1671              		.loc 1 428 2 discriminator 1 view .LVU445
 1672 0018 FEE7     		b	.L119
 1673              	.L122:
 1674 001a 00BF     		.align	2
 1675              	.L121:
 1676 001c 00000000 		.word	xTimerTaskHandle
 1677              		.cfi_endproc
 1678              	.LFE9:
 1680              		.section	.text.xTimerGetPeriod,"ax",%progbits
 1681              		.align	1
 1682              		.global	xTimerGetPeriod
 1683              		.syntax unified
 1684              		.thumb
 1685              		.thumb_func
 1687              	xTimerGetPeriod:
 1688              	.LVL133:
 1689              	.LFB10:
 434:Middlewares/Third_Party/FreeRTOS/Source/timers.c **** Timer_t *pxTimer = ( Timer_t * ) xTimer;
 1690              		.loc 1 434 1 view -0
 1691              		.cfi_startproc
 1692              		@ args = 0, pretend = 0, frame = 0
 1693              		@ frame_needed = 0, uses_anonymous_args = 0
 1694              		@ link register save eliminated.
ARM GAS  C:\Users\31005\AppData\Local\Temp\cc5BHn3C.s 			page 57


 435:Middlewares/Third_Party/FreeRTOS/Source/timers.c **** 
 1695              		.loc 1 435 1 view .LVU447
 437:Middlewares/Third_Party/FreeRTOS/Source/timers.c **** 	return pxTimer->xTimerPeriodInTicks;
 1696              		.loc 1 437 2 view .LVU448
 1697 0000 08B1     		cbz	r0, .L126
 437:Middlewares/Third_Party/FreeRTOS/Source/timers.c **** 	return pxTimer->xTimerPeriodInTicks;
 1698              		.loc 1 437 24 discriminator 2 view .LVU449
 438:Middlewares/Third_Party/FreeRTOS/Source/timers.c **** }
 1699              		.loc 1 438 2 discriminator 2 view .LVU450
 439:Middlewares/Third_Party/FreeRTOS/Source/timers.c **** /*-----------------------------------------------------------*/
 1700              		.loc 1 439 1 is_stmt 0 discriminator 2 view .LVU451
 1701 0002 8069     		ldr	r0, [r0, #24]
 1702              	.LVL134:
 439:Middlewares/Third_Party/FreeRTOS/Source/timers.c **** /*-----------------------------------------------------------*/
 1703              		.loc 1 439 1 discriminator 2 view .LVU452
 1704 0004 7047     		bx	lr
 1705              	.LVL135:
 1706              	.L126:
 437:Middlewares/Third_Party/FreeRTOS/Source/timers.c **** 	return pxTimer->xTimerPeriodInTicks;
 1707              		.loc 1 437 2 is_stmt 1 view .LVU453
 1708              	.LBB65:
 1709              	.LBI65:
 191:Middlewares/Third_Party/FreeRTOS/Source/portable/GCC/ARM_CM4F/portmacro.h **** {
 1710              		.loc 2 191 30 view .LVU454
 1711              	.LBB66:
 193:Middlewares/Third_Party/FreeRTOS/Source/portable/GCC/ARM_CM4F/portmacro.h **** 
 1712              		.loc 2 193 1 view .LVU455
 1713              		.loc 2 195 2 view .LVU456
 1714              		.syntax unified
 1715              	@ 195 "Middlewares/Third_Party/FreeRTOS/Source/portable/GCC/ARM_CM4F/portmacro.h" 1
 1716 0006 4FF05003 			mov r3, #80												
 1717 000a 83F31188 		msr basepri, r3											
 1718 000e BFF36F8F 		isb														
 1719 0012 BFF34F8F 		dsb														
 1720              	
 1721              	@ 0 "" 2
 1722              	.LVL136:
 1723              		.thumb
 1724              		.syntax unified
 1725              	.L125:
 1726              		.loc 2 195 2 is_stmt 0 view .LVU457
 1727              	.LBE66:
 1728              	.LBE65:
 437:Middlewares/Third_Party/FreeRTOS/Source/timers.c **** 	return pxTimer->xTimerPeriodInTicks;
 1729              		.loc 1 437 2 is_stmt 1 discriminator 1 view .LVU458
 437:Middlewares/Third_Party/FreeRTOS/Source/timers.c **** 	return pxTimer->xTimerPeriodInTicks;
 1730              		.loc 1 437 2 discriminator 1 view .LVU459
 1731 0016 FEE7     		b	.L125
 1732              		.cfi_endproc
 1733              	.LFE10:
 1735              		.section	.text.xTimerGetExpiryTime,"ax",%progbits
 1736              		.align	1
 1737              		.global	xTimerGetExpiryTime
 1738              		.syntax unified
 1739              		.thumb
 1740              		.thumb_func
 1742              	xTimerGetExpiryTime:
ARM GAS  C:\Users\31005\AppData\Local\Temp\cc5BHn3C.s 			page 58


 1743              	.LVL137:
 1744              	.LFB11:
 443:Middlewares/Third_Party/FreeRTOS/Source/timers.c **** Timer_t * pxTimer = ( Timer_t * ) xTimer;
 1745              		.loc 1 443 1 view -0
 1746              		.cfi_startproc
 1747              		@ args = 0, pretend = 0, frame = 0
 1748              		@ frame_needed = 0, uses_anonymous_args = 0
 1749              		@ link register save eliminated.
 444:Middlewares/Third_Party/FreeRTOS/Source/timers.c **** TickType_t xReturn;
 1750              		.loc 1 444 1 view .LVU461
 445:Middlewares/Third_Party/FreeRTOS/Source/timers.c **** 
 1751              		.loc 1 445 1 view .LVU462
 447:Middlewares/Third_Party/FreeRTOS/Source/timers.c **** 	xReturn = listGET_LIST_ITEM_VALUE( &( pxTimer->xTimerListItem ) );
 1752              		.loc 1 447 2 view .LVU463
 1753 0000 08B1     		cbz	r0, .L130
 447:Middlewares/Third_Party/FreeRTOS/Source/timers.c **** 	xReturn = listGET_LIST_ITEM_VALUE( &( pxTimer->xTimerListItem ) );
 1754              		.loc 1 447 24 discriminator 2 view .LVU464
 448:Middlewares/Third_Party/FreeRTOS/Source/timers.c **** 	return xReturn;
 1755              		.loc 1 448 2 discriminator 2 view .LVU465
 1756              	.LVL138:
 449:Middlewares/Third_Party/FreeRTOS/Source/timers.c **** }
 1757              		.loc 1 449 2 discriminator 2 view .LVU466
 450:Middlewares/Third_Party/FreeRTOS/Source/timers.c **** /*-----------------------------------------------------------*/
 1758              		.loc 1 450 1 is_stmt 0 discriminator 2 view .LVU467
 1759 0002 4068     		ldr	r0, [r0, #4]
 1760              	.LVL139:
 450:Middlewares/Third_Party/FreeRTOS/Source/timers.c **** /*-----------------------------------------------------------*/
 1761              		.loc 1 450 1 discriminator 2 view .LVU468
 1762 0004 7047     		bx	lr
 1763              	.LVL140:
 1764              	.L130:
 447:Middlewares/Third_Party/FreeRTOS/Source/timers.c **** 	xReturn = listGET_LIST_ITEM_VALUE( &( pxTimer->xTimerListItem ) );
 1765              		.loc 1 447 2 is_stmt 1 view .LVU469
 1766              	.LBB67:
 1767              	.LBI67:
 191:Middlewares/Third_Party/FreeRTOS/Source/portable/GCC/ARM_CM4F/portmacro.h **** {
 1768              		.loc 2 191 30 view .LVU470
 1769              	.LBB68:
 193:Middlewares/Third_Party/FreeRTOS/Source/portable/GCC/ARM_CM4F/portmacro.h **** 
 1770              		.loc 2 193 1 view .LVU471
 1771              		.loc 2 195 2 view .LVU472
 1772              		.syntax unified
 1773              	@ 195 "Middlewares/Third_Party/FreeRTOS/Source/portable/GCC/ARM_CM4F/portmacro.h" 1
 1774 0006 4FF05003 			mov r3, #80												
 1775 000a 83F31188 		msr basepri, r3											
 1776 000e BFF36F8F 		isb														
 1777 0012 BFF34F8F 		dsb														
 1778              	
 1779              	@ 0 "" 2
 1780              	.LVL141:
 1781              		.thumb
 1782              		.syntax unified
 1783              	.L129:
 1784              		.loc 2 195 2 is_stmt 0 view .LVU473
 1785              	.LBE68:
 1786              	.LBE67:
 447:Middlewares/Third_Party/FreeRTOS/Source/timers.c **** 	xReturn = listGET_LIST_ITEM_VALUE( &( pxTimer->xTimerListItem ) );
ARM GAS  C:\Users\31005\AppData\Local\Temp\cc5BHn3C.s 			page 59


 1787              		.loc 1 447 2 is_stmt 1 discriminator 1 view .LVU474
 447:Middlewares/Third_Party/FreeRTOS/Source/timers.c **** 	xReturn = listGET_LIST_ITEM_VALUE( &( pxTimer->xTimerListItem ) );
 1788              		.loc 1 447 2 discriminator 1 view .LVU475
 1789 0016 FEE7     		b	.L129
 1790              		.cfi_endproc
 1791              	.LFE11:
 1793              		.section	.text.pcTimerGetName,"ax",%progbits
 1794              		.align	1
 1795              		.global	pcTimerGetName
 1796              		.syntax unified
 1797              		.thumb
 1798              		.thumb_func
 1800              	pcTimerGetName:
 1801              	.LVL142:
 1802              	.LFB12:
 454:Middlewares/Third_Party/FreeRTOS/Source/timers.c **** Timer_t *pxTimer = ( Timer_t * ) xTimer;
 1803              		.loc 1 454 1 view -0
 1804              		.cfi_startproc
 1805              		@ args = 0, pretend = 0, frame = 0
 1806              		@ frame_needed = 0, uses_anonymous_args = 0
 1807              		@ link register save eliminated.
 455:Middlewares/Third_Party/FreeRTOS/Source/timers.c **** 
 1808              		.loc 1 455 1 view .LVU477
 457:Middlewares/Third_Party/FreeRTOS/Source/timers.c **** 	return pxTimer->pcTimerName;
 1809              		.loc 1 457 2 view .LVU478
 1810 0000 08B1     		cbz	r0, .L134
 457:Middlewares/Third_Party/FreeRTOS/Source/timers.c **** 	return pxTimer->pcTimerName;
 1811              		.loc 1 457 24 discriminator 2 view .LVU479
 458:Middlewares/Third_Party/FreeRTOS/Source/timers.c **** }
 1812              		.loc 1 458 2 discriminator 2 view .LVU480
 459:Middlewares/Third_Party/FreeRTOS/Source/timers.c **** /*-----------------------------------------------------------*/
 1813              		.loc 1 459 1 is_stmt 0 discriminator 2 view .LVU481
 1814 0002 0068     		ldr	r0, [r0]
 1815              	.LVL143:
 459:Middlewares/Third_Party/FreeRTOS/Source/timers.c **** /*-----------------------------------------------------------*/
 1816              		.loc 1 459 1 discriminator 2 view .LVU482
 1817 0004 7047     		bx	lr
 1818              	.LVL144:
 1819              	.L134:
 457:Middlewares/Third_Party/FreeRTOS/Source/timers.c **** 	return pxTimer->pcTimerName;
 1820              		.loc 1 457 2 is_stmt 1 view .LVU483
 1821              	.LBB69:
 1822              	.LBI69:
 191:Middlewares/Third_Party/FreeRTOS/Source/portable/GCC/ARM_CM4F/portmacro.h **** {
 1823              		.loc 2 191 30 view .LVU484
 1824              	.LBB70:
 193:Middlewares/Third_Party/FreeRTOS/Source/portable/GCC/ARM_CM4F/portmacro.h **** 
 1825              		.loc 2 193 1 view .LVU485
 1826              		.loc 2 195 2 view .LVU486
 1827              		.syntax unified
 1828              	@ 195 "Middlewares/Third_Party/FreeRTOS/Source/portable/GCC/ARM_CM4F/portmacro.h" 1
 1829 0006 4FF05003 			mov r3, #80												
 1830 000a 83F31188 		msr basepri, r3											
 1831 000e BFF36F8F 		isb														
 1832 0012 BFF34F8F 		dsb														
 1833              	
 1834              	@ 0 "" 2
ARM GAS  C:\Users\31005\AppData\Local\Temp\cc5BHn3C.s 			page 60


 1835              	.LVL145:
 1836              		.thumb
 1837              		.syntax unified
 1838              	.L133:
 1839              		.loc 2 195 2 is_stmt 0 view .LVU487
 1840              	.LBE70:
 1841              	.LBE69:
 457:Middlewares/Third_Party/FreeRTOS/Source/timers.c **** 	return pxTimer->pcTimerName;
 1842              		.loc 1 457 2 is_stmt 1 discriminator 1 view .LVU488
 457:Middlewares/Third_Party/FreeRTOS/Source/timers.c **** 	return pxTimer->pcTimerName;
 1843              		.loc 1 457 2 discriminator 1 view .LVU489
 1844 0016 FEE7     		b	.L133
 1845              		.cfi_endproc
 1846              	.LFE12:
 1848              		.section	.text.xTimerIsTimerActive,"ax",%progbits
 1849              		.align	1
 1850              		.global	xTimerIsTimerActive
 1851              		.syntax unified
 1852              		.thumb
 1853              		.thumb_func
 1855              	xTimerIsTimerActive:
 1856              	.LVL146:
 1857              	.LFB22:
 943:Middlewares/Third_Party/FreeRTOS/Source/timers.c **** /*-----------------------------------------------------------*/
 944:Middlewares/Third_Party/FreeRTOS/Source/timers.c **** 
 945:Middlewares/Third_Party/FreeRTOS/Source/timers.c **** BaseType_t xTimerIsTimerActive( TimerHandle_t xTimer )
 946:Middlewares/Third_Party/FreeRTOS/Source/timers.c **** {
 1858              		.loc 1 946 1 view -0
 1859              		.cfi_startproc
 1860              		@ args = 0, pretend = 0, frame = 0
 1861              		@ frame_needed = 0, uses_anonymous_args = 0
 947:Middlewares/Third_Party/FreeRTOS/Source/timers.c **** BaseType_t xTimerIsInActiveList;
 1862              		.loc 1 947 1 view .LVU491
 948:Middlewares/Third_Party/FreeRTOS/Source/timers.c **** Timer_t *pxTimer = ( Timer_t * ) xTimer;
 1863              		.loc 1 948 1 view .LVU492
 949:Middlewares/Third_Party/FreeRTOS/Source/timers.c **** 
 950:Middlewares/Third_Party/FreeRTOS/Source/timers.c **** 	configASSERT( xTimer );
 1864              		.loc 1 950 2 view .LVU493
 1865 0000 58B1     		cbz	r0, .L140
 946:Middlewares/Third_Party/FreeRTOS/Source/timers.c **** BaseType_t xTimerIsInActiveList;
 1866              		.loc 1 946 1 is_stmt 0 discriminator 2 view .LVU494
 1867 0002 10B5     		push	{r4, lr}
 1868              	.LCFI39:
 1869              		.cfi_def_cfa_offset 8
 1870              		.cfi_offset 4, -8
 1871              		.cfi_offset 14, -4
 1872 0004 0446     		mov	r4, r0
 1873              		.loc 1 950 24 is_stmt 1 discriminator 2 view .LVU495
 951:Middlewares/Third_Party/FreeRTOS/Source/timers.c **** 
 952:Middlewares/Third_Party/FreeRTOS/Source/timers.c **** 	/* Is the timer in the list of active timers? */
 953:Middlewares/Third_Party/FreeRTOS/Source/timers.c **** 	taskENTER_CRITICAL();
 1874              		.loc 1 953 2 discriminator 2 view .LVU496
 1875 0006 FFF7FEFF 		bl	vPortEnterCritical
 1876              	.LVL147:
 954:Middlewares/Third_Party/FreeRTOS/Source/timers.c **** 	{
 955:Middlewares/Third_Party/FreeRTOS/Source/timers.c **** 		/* Checking to see if it is in the NULL list in effect checks to see if
 956:Middlewares/Third_Party/FreeRTOS/Source/timers.c **** 		it is referenced from either the current or the overflow timer lists in
ARM GAS  C:\Users\31005\AppData\Local\Temp\cc5BHn3C.s 			page 61


 957:Middlewares/Third_Party/FreeRTOS/Source/timers.c **** 		one go, but the logic has to be reversed, hence the '!'. */
 958:Middlewares/Third_Party/FreeRTOS/Source/timers.c **** 		xTimerIsInActiveList = ( BaseType_t ) !( listIS_CONTAINED_WITHIN( NULL, &( pxTimer->xTimerListIte
 1877              		.loc 1 958 3 discriminator 2 view .LVU497
 1878              		.loc 1 958 44 is_stmt 0 discriminator 2 view .LVU498
 1879 000a 6469     		ldr	r4, [r4, #20]
 1880              	.LVL148:
 1881              		.loc 1 958 26 discriminator 2 view .LVU499
 1882 000c 003C     		subs	r4, r4, #0
 1883 000e 18BF     		it	ne
 1884 0010 0124     		movne	r4, #1
 1885              	.LVL149:
 959:Middlewares/Third_Party/FreeRTOS/Source/timers.c **** 	}
 960:Middlewares/Third_Party/FreeRTOS/Source/timers.c **** 	taskEXIT_CRITICAL();
 1886              		.loc 1 960 2 is_stmt 1 discriminator 2 view .LVU500
 1887 0012 FFF7FEFF 		bl	vPortExitCritical
 1888              	.LVL150:
 961:Middlewares/Third_Party/FreeRTOS/Source/timers.c **** 
 962:Middlewares/Third_Party/FreeRTOS/Source/timers.c **** 	return xTimerIsInActiveList;
 1889              		.loc 1 962 2 discriminator 2 view .LVU501
 963:Middlewares/Third_Party/FreeRTOS/Source/timers.c **** } /*lint !e818 Can't be pointer to const due to the typedef. */
 1890              		.loc 1 963 1 is_stmt 0 discriminator 2 view .LVU502
 1891 0016 2046     		mov	r0, r4
 1892 0018 10BD     		pop	{r4, pc}
 1893              	.LVL151:
 1894              	.L140:
 1895              	.LCFI40:
 1896              		.cfi_def_cfa_offset 0
 1897              		.cfi_restore 4
 1898              		.cfi_restore 14
 950:Middlewares/Third_Party/FreeRTOS/Source/timers.c **** 
 1899              		.loc 1 950 2 is_stmt 1 view .LVU503
 1900              	.LBB71:
 1901              	.LBI71:
 191:Middlewares/Third_Party/FreeRTOS/Source/portable/GCC/ARM_CM4F/portmacro.h **** {
 1902              		.loc 2 191 30 view .LVU504
 1903              	.LBB72:
 193:Middlewares/Third_Party/FreeRTOS/Source/portable/GCC/ARM_CM4F/portmacro.h **** 
 1904              		.loc 2 193 1 view .LVU505
 1905              		.loc 2 195 2 view .LVU506
 1906              		.syntax unified
 1907              	@ 195 "Middlewares/Third_Party/FreeRTOS/Source/portable/GCC/ARM_CM4F/portmacro.h" 1
 1908 001a 4FF05003 			mov r3, #80												
 1909 001e 83F31188 		msr basepri, r3											
 1910 0022 BFF36F8F 		isb														
 1911 0026 BFF34F8F 		dsb														
 1912              	
 1913              	@ 0 "" 2
 1914              	.LVL152:
 1915              		.thumb
 1916              		.syntax unified
 1917              	.L137:
 1918              		.loc 2 195 2 is_stmt 0 view .LVU507
 1919              	.LBE72:
 1920              	.LBE71:
 950:Middlewares/Third_Party/FreeRTOS/Source/timers.c **** 
 1921              		.loc 1 950 2 is_stmt 1 discriminator 1 view .LVU508
 950:Middlewares/Third_Party/FreeRTOS/Source/timers.c **** 
ARM GAS  C:\Users\31005\AppData\Local\Temp\cc5BHn3C.s 			page 62


 1922              		.loc 1 950 2 discriminator 1 view .LVU509
 1923 002a FEE7     		b	.L137
 1924              		.cfi_endproc
 1925              	.LFE22:
 1927              		.section	.text.pvTimerGetTimerID,"ax",%progbits
 1928              		.align	1
 1929              		.global	pvTimerGetTimerID
 1930              		.syntax unified
 1931              		.thumb
 1932              		.thumb_func
 1934              	pvTimerGetTimerID:
 1935              	.LVL153:
 1936              	.LFB23:
 964:Middlewares/Third_Party/FreeRTOS/Source/timers.c **** /*-----------------------------------------------------------*/
 965:Middlewares/Third_Party/FreeRTOS/Source/timers.c **** 
 966:Middlewares/Third_Party/FreeRTOS/Source/timers.c **** void *pvTimerGetTimerID( const TimerHandle_t xTimer )
 967:Middlewares/Third_Party/FreeRTOS/Source/timers.c **** {
 1937              		.loc 1 967 1 view -0
 1938              		.cfi_startproc
 1939              		@ args = 0, pretend = 0, frame = 0
 1940              		@ frame_needed = 0, uses_anonymous_args = 0
 968:Middlewares/Third_Party/FreeRTOS/Source/timers.c **** Timer_t * const pxTimer = ( Timer_t * ) xTimer;
 1941              		.loc 1 968 1 view .LVU511
 969:Middlewares/Third_Party/FreeRTOS/Source/timers.c **** void *pvReturn;
 1942              		.loc 1 969 1 view .LVU512
 970:Middlewares/Third_Party/FreeRTOS/Source/timers.c **** 
 971:Middlewares/Third_Party/FreeRTOS/Source/timers.c **** 	configASSERT( xTimer );
 1943              		.loc 1 971 2 view .LVU513
 1944 0000 40B1     		cbz	r0, .L146
 967:Middlewares/Third_Party/FreeRTOS/Source/timers.c **** Timer_t * const pxTimer = ( Timer_t * ) xTimer;
 1945              		.loc 1 967 1 is_stmt 0 discriminator 2 view .LVU514
 1946 0002 10B5     		push	{r4, lr}
 1947              	.LCFI41:
 1948              		.cfi_def_cfa_offset 8
 1949              		.cfi_offset 4, -8
 1950              		.cfi_offset 14, -4
 1951 0004 0446     		mov	r4, r0
 1952              		.loc 1 971 24 is_stmt 1 discriminator 2 view .LVU515
 972:Middlewares/Third_Party/FreeRTOS/Source/timers.c **** 
 973:Middlewares/Third_Party/FreeRTOS/Source/timers.c **** 	taskENTER_CRITICAL();
 1953              		.loc 1 973 2 discriminator 2 view .LVU516
 1954 0006 FFF7FEFF 		bl	vPortEnterCritical
 1955              	.LVL154:
 974:Middlewares/Third_Party/FreeRTOS/Source/timers.c **** 	{
 975:Middlewares/Third_Party/FreeRTOS/Source/timers.c **** 		pvReturn = pxTimer->pvTimerID;
 1956              		.loc 1 975 3 discriminator 2 view .LVU517
 1957              		.loc 1 975 12 is_stmt 0 discriminator 2 view .LVU518
 1958 000a 246A     		ldr	r4, [r4, #32]
 1959              	.LVL155:
 976:Middlewares/Third_Party/FreeRTOS/Source/timers.c **** 	}
 977:Middlewares/Third_Party/FreeRTOS/Source/timers.c **** 	taskEXIT_CRITICAL();
 1960              		.loc 1 977 2 is_stmt 1 discriminator 2 view .LVU519
 1961 000c FFF7FEFF 		bl	vPortExitCritical
 1962              	.LVL156:
 978:Middlewares/Third_Party/FreeRTOS/Source/timers.c **** 
 979:Middlewares/Third_Party/FreeRTOS/Source/timers.c **** 	return pvReturn;
 1963              		.loc 1 979 2 discriminator 2 view .LVU520
ARM GAS  C:\Users\31005\AppData\Local\Temp\cc5BHn3C.s 			page 63


 980:Middlewares/Third_Party/FreeRTOS/Source/timers.c **** }
 1964              		.loc 1 980 1 is_stmt 0 discriminator 2 view .LVU521
 1965 0010 2046     		mov	r0, r4
 1966 0012 10BD     		pop	{r4, pc}
 1967              	.LVL157:
 1968              	.L146:
 1969              	.LCFI42:
 1970              		.cfi_def_cfa_offset 0
 1971              		.cfi_restore 4
 1972              		.cfi_restore 14
 971:Middlewares/Third_Party/FreeRTOS/Source/timers.c **** 
 1973              		.loc 1 971 2 is_stmt 1 view .LVU522
 1974              	.LBB73:
 1975              	.LBI73:
 191:Middlewares/Third_Party/FreeRTOS/Source/portable/GCC/ARM_CM4F/portmacro.h **** {
 1976              		.loc 2 191 30 view .LVU523
 1977              	.LBB74:
 193:Middlewares/Third_Party/FreeRTOS/Source/portable/GCC/ARM_CM4F/portmacro.h **** 
 1978              		.loc 2 193 1 view .LVU524
 1979              		.loc 2 195 2 view .LVU525
 1980              		.syntax unified
 1981              	@ 195 "Middlewares/Third_Party/FreeRTOS/Source/portable/GCC/ARM_CM4F/portmacro.h" 1
 1982 0014 4FF05003 			mov r3, #80												
 1983 0018 83F31188 		msr basepri, r3											
 1984 001c BFF36F8F 		isb														
 1985 0020 BFF34F8F 		dsb														
 1986              	
 1987              	@ 0 "" 2
 1988              	.LVL158:
 1989              		.thumb
 1990              		.syntax unified
 1991              	.L143:
 1992              		.loc 2 195 2 is_stmt 0 view .LVU526
 1993              	.LBE74:
 1994              	.LBE73:
 971:Middlewares/Third_Party/FreeRTOS/Source/timers.c **** 
 1995              		.loc 1 971 2 is_stmt 1 discriminator 1 view .LVU527
 971:Middlewares/Third_Party/FreeRTOS/Source/timers.c **** 
 1996              		.loc 1 971 2 discriminator 1 view .LVU528
 1997 0024 FEE7     		b	.L143
 1998              		.cfi_endproc
 1999              	.LFE23:
 2001              		.section	.text.vTimerSetTimerID,"ax",%progbits
 2002              		.align	1
 2003              		.global	vTimerSetTimerID
 2004              		.syntax unified
 2005              		.thumb
 2006              		.thumb_func
 2008              	vTimerSetTimerID:
 2009              	.LVL159:
 2010              	.LFB24:
 981:Middlewares/Third_Party/FreeRTOS/Source/timers.c **** /*-----------------------------------------------------------*/
 982:Middlewares/Third_Party/FreeRTOS/Source/timers.c **** 
 983:Middlewares/Third_Party/FreeRTOS/Source/timers.c **** void vTimerSetTimerID( TimerHandle_t xTimer, void *pvNewID )
 984:Middlewares/Third_Party/FreeRTOS/Source/timers.c **** {
 2011              		.loc 1 984 1 view -0
 2012              		.cfi_startproc
ARM GAS  C:\Users\31005\AppData\Local\Temp\cc5BHn3C.s 			page 64


 2013              		@ args = 0, pretend = 0, frame = 0
 2014              		@ frame_needed = 0, uses_anonymous_args = 0
 2015              		.loc 1 984 1 is_stmt 0 view .LVU530
 2016 0000 38B5     		push	{r3, r4, r5, lr}
 2017              	.LCFI43:
 2018              		.cfi_def_cfa_offset 16
 2019              		.cfi_offset 3, -16
 2020              		.cfi_offset 4, -12
 2021              		.cfi_offset 5, -8
 2022              		.cfi_offset 14, -4
 985:Middlewares/Third_Party/FreeRTOS/Source/timers.c **** Timer_t * const pxTimer = ( Timer_t * ) xTimer;
 2023              		.loc 1 985 1 is_stmt 1 view .LVU531
 2024              	.LVL160:
 986:Middlewares/Third_Party/FreeRTOS/Source/timers.c **** 
 987:Middlewares/Third_Party/FreeRTOS/Source/timers.c **** 	configASSERT( xTimer );
 2025              		.loc 1 987 2 view .LVU532
 2026 0002 38B1     		cbz	r0, .L151
 2027 0004 0C46     		mov	r4, r1
 2028 0006 0546     		mov	r5, r0
 2029              		.loc 1 987 24 discriminator 2 view .LVU533
 988:Middlewares/Third_Party/FreeRTOS/Source/timers.c **** 
 989:Middlewares/Third_Party/FreeRTOS/Source/timers.c **** 	taskENTER_CRITICAL();
 2030              		.loc 1 989 2 discriminator 2 view .LVU534
 2031 0008 FFF7FEFF 		bl	vPortEnterCritical
 2032              	.LVL161:
 990:Middlewares/Third_Party/FreeRTOS/Source/timers.c **** 	{
 991:Middlewares/Third_Party/FreeRTOS/Source/timers.c **** 		pxTimer->pvTimerID = pvNewID;
 2033              		.loc 1 991 3 discriminator 2 view .LVU535
 2034              		.loc 1 991 22 is_stmt 0 discriminator 2 view .LVU536
 2035 000c 2C62     		str	r4, [r5, #32]
 992:Middlewares/Third_Party/FreeRTOS/Source/timers.c **** 	}
 993:Middlewares/Third_Party/FreeRTOS/Source/timers.c **** 	taskEXIT_CRITICAL();
 2036              		.loc 1 993 2 is_stmt 1 discriminator 2 view .LVU537
 2037 000e FFF7FEFF 		bl	vPortExitCritical
 2038              	.LVL162:
 994:Middlewares/Third_Party/FreeRTOS/Source/timers.c **** }
 2039              		.loc 1 994 1 is_stmt 0 discriminator 2 view .LVU538
 2040 0012 38BD     		pop	{r3, r4, r5, pc}
 2041              	.LVL163:
 2042              	.L151:
 987:Middlewares/Third_Party/FreeRTOS/Source/timers.c **** 
 2043              		.loc 1 987 2 is_stmt 1 view .LVU539
 2044              	.LBB75:
 2045              	.LBI75:
 191:Middlewares/Third_Party/FreeRTOS/Source/portable/GCC/ARM_CM4F/portmacro.h **** {
 2046              		.loc 2 191 30 view .LVU540
 2047              	.LBB76:
 193:Middlewares/Third_Party/FreeRTOS/Source/portable/GCC/ARM_CM4F/portmacro.h **** 
 2048              		.loc 2 193 1 view .LVU541
 2049              		.loc 2 195 2 view .LVU542
 2050              		.syntax unified
 2051              	@ 195 "Middlewares/Third_Party/FreeRTOS/Source/portable/GCC/ARM_CM4F/portmacro.h" 1
 2052 0014 4FF05003 			mov r3, #80												
 2053 0018 83F31188 		msr basepri, r3											
 2054 001c BFF36F8F 		isb														
 2055 0020 BFF34F8F 		dsb														
 2056              	
ARM GAS  C:\Users\31005\AppData\Local\Temp\cc5BHn3C.s 			page 65


 2057              	@ 0 "" 2
 2058              	.LVL164:
 2059              		.thumb
 2060              		.syntax unified
 2061              	.L149:
 2062              		.loc 2 195 2 is_stmt 0 view .LVU543
 2063              	.LBE76:
 2064              	.LBE75:
 987:Middlewares/Third_Party/FreeRTOS/Source/timers.c **** 
 2065              		.loc 1 987 2 is_stmt 1 discriminator 1 view .LVU544
 987:Middlewares/Third_Party/FreeRTOS/Source/timers.c **** 
 2066              		.loc 1 987 2 discriminator 1 view .LVU545
 2067 0024 FEE7     		b	.L149
 2068              		.cfi_endproc
 2069              	.LFE24:
 2071              		.section	.text.xTimerPendFunctionCallFromISR,"ax",%progbits
 2072              		.align	1
 2073              		.global	xTimerPendFunctionCallFromISR
 2074              		.syntax unified
 2075              		.thumb
 2076              		.thumb_func
 2078              	xTimerPendFunctionCallFromISR:
 2079              	.LVL165:
 2080              	.LFB25:
 995:Middlewares/Third_Party/FreeRTOS/Source/timers.c **** /*-----------------------------------------------------------*/
 996:Middlewares/Third_Party/FreeRTOS/Source/timers.c **** 
 997:Middlewares/Third_Party/FreeRTOS/Source/timers.c **** #if( INCLUDE_xTimerPendFunctionCall == 1 )
 998:Middlewares/Third_Party/FreeRTOS/Source/timers.c **** 
 999:Middlewares/Third_Party/FreeRTOS/Source/timers.c **** 	BaseType_t xTimerPendFunctionCallFromISR( PendedFunction_t xFunctionToPend, void *pvParameter1, ui
1000:Middlewares/Third_Party/FreeRTOS/Source/timers.c **** 	{
 2081              		.loc 1 1000 2 view -0
 2082              		.cfi_startproc
 2083              		@ args = 0, pretend = 0, frame = 16
 2084              		@ frame_needed = 0, uses_anonymous_args = 0
 2085              		.loc 1 1000 2 is_stmt 0 view .LVU547
 2086 0000 10B5     		push	{r4, lr}
 2087              	.LCFI44:
 2088              		.cfi_def_cfa_offset 8
 2089              		.cfi_offset 4, -8
 2090              		.cfi_offset 14, -4
 2091 0002 84B0     		sub	sp, sp, #16
 2092              	.LCFI45:
 2093              		.cfi_def_cfa_offset 24
 2094 0004 1446     		mov	r4, r2
 2095 0006 1A46     		mov	r2, r3
 2096              	.LVL166:
1001:Middlewares/Third_Party/FreeRTOS/Source/timers.c **** 	DaemonTaskMessage_t xMessage;
 2097              		.loc 1 1001 2 is_stmt 1 view .LVU548
1002:Middlewares/Third_Party/FreeRTOS/Source/timers.c **** 	BaseType_t xReturn;
 2098              		.loc 1 1002 2 view .LVU549
1003:Middlewares/Third_Party/FreeRTOS/Source/timers.c **** 
1004:Middlewares/Third_Party/FreeRTOS/Source/timers.c **** 		/* Complete the message with the function parameters and post it to the
1005:Middlewares/Third_Party/FreeRTOS/Source/timers.c **** 		daemon task. */
1006:Middlewares/Third_Party/FreeRTOS/Source/timers.c **** 		xMessage.xMessageID = tmrCOMMAND_EXECUTE_CALLBACK_FROM_ISR;
 2099              		.loc 1 1006 3 view .LVU550
 2100              		.loc 1 1006 23 is_stmt 0 view .LVU551
 2101 0008 6FF00103 		mvn	r3, #1
ARM GAS  C:\Users\31005\AppData\Local\Temp\cc5BHn3C.s 			page 66


 2102              	.LVL167:
 2103              		.loc 1 1006 23 view .LVU552
 2104 000c 0093     		str	r3, [sp]
1007:Middlewares/Third_Party/FreeRTOS/Source/timers.c **** 		xMessage.u.xCallbackParameters.pxCallbackFunction = xFunctionToPend;
 2105              		.loc 1 1007 3 is_stmt 1 view .LVU553
 2106              		.loc 1 1007 53 is_stmt 0 view .LVU554
 2107 000e 0190     		str	r0, [sp, #4]
1008:Middlewares/Third_Party/FreeRTOS/Source/timers.c **** 		xMessage.u.xCallbackParameters.pvParameter1 = pvParameter1;
 2108              		.loc 1 1008 3 is_stmt 1 view .LVU555
 2109              		.loc 1 1008 47 is_stmt 0 view .LVU556
 2110 0010 0291     		str	r1, [sp, #8]
1009:Middlewares/Third_Party/FreeRTOS/Source/timers.c **** 		xMessage.u.xCallbackParameters.ulParameter2 = ulParameter2;
 2111              		.loc 1 1009 3 is_stmt 1 view .LVU557
 2112              		.loc 1 1009 47 is_stmt 0 view .LVU558
 2113 0012 0394     		str	r4, [sp, #12]
1010:Middlewares/Third_Party/FreeRTOS/Source/timers.c **** 
1011:Middlewares/Third_Party/FreeRTOS/Source/timers.c **** 		xReturn = xQueueSendFromISR( xTimerQueue, &xMessage, pxHigherPriorityTaskWoken );
 2114              		.loc 1 1011 3 is_stmt 1 view .LVU559
 2115              		.loc 1 1011 13 is_stmt 0 view .LVU560
 2116 0014 0023     		movs	r3, #0
 2117 0016 6946     		mov	r1, sp
 2118              	.LVL168:
 2119              		.loc 1 1011 13 view .LVU561
 2120 0018 0248     		ldr	r0, .L154
 2121              	.LVL169:
 2122              		.loc 1 1011 13 view .LVU562
 2123 001a 0068     		ldr	r0, [r0]
 2124 001c FFF7FEFF 		bl	xQueueGenericSendFromISR
 2125              	.LVL170:
1012:Middlewares/Third_Party/FreeRTOS/Source/timers.c **** 
1013:Middlewares/Third_Party/FreeRTOS/Source/timers.c **** 		tracePEND_FUNC_CALL_FROM_ISR( xFunctionToPend, pvParameter1, ulParameter2, xReturn );
 2126              		.loc 1 1013 87 is_stmt 1 view .LVU563
1014:Middlewares/Third_Party/FreeRTOS/Source/timers.c **** 
1015:Middlewares/Third_Party/FreeRTOS/Source/timers.c **** 		return xReturn;
 2127              		.loc 1 1015 3 view .LVU564
1016:Middlewares/Third_Party/FreeRTOS/Source/timers.c **** 	}
 2128              		.loc 1 1016 2 is_stmt 0 view .LVU565
 2129 0020 04B0     		add	sp, sp, #16
 2130              	.LCFI46:
 2131              		.cfi_def_cfa_offset 8
 2132              		@ sp needed
 2133 0022 10BD     		pop	{r4, pc}
 2134              	.LVL171:
 2135              	.L155:
 2136              		.loc 1 1016 2 view .LVU566
 2137              		.align	2
 2138              	.L154:
 2139 0024 00000000 		.word	xTimerQueue
 2140              		.cfi_endproc
 2141              	.LFE25:
 2143              		.section	.text.xTimerPendFunctionCall,"ax",%progbits
 2144              		.align	1
 2145              		.global	xTimerPendFunctionCall
 2146              		.syntax unified
 2147              		.thumb
 2148              		.thumb_func
 2150              	xTimerPendFunctionCall:
ARM GAS  C:\Users\31005\AppData\Local\Temp\cc5BHn3C.s 			page 67


 2151              	.LVL172:
 2152              	.LFB26:
1017:Middlewares/Third_Party/FreeRTOS/Source/timers.c **** 
1018:Middlewares/Third_Party/FreeRTOS/Source/timers.c **** #endif /* INCLUDE_xTimerPendFunctionCall */
1019:Middlewares/Third_Party/FreeRTOS/Source/timers.c **** /*-----------------------------------------------------------*/
1020:Middlewares/Third_Party/FreeRTOS/Source/timers.c **** 
1021:Middlewares/Third_Party/FreeRTOS/Source/timers.c **** #if( INCLUDE_xTimerPendFunctionCall == 1 )
1022:Middlewares/Third_Party/FreeRTOS/Source/timers.c **** 
1023:Middlewares/Third_Party/FreeRTOS/Source/timers.c **** 	BaseType_t xTimerPendFunctionCall( PendedFunction_t xFunctionToPend, void *pvParameter1, uint32_t 
1024:Middlewares/Third_Party/FreeRTOS/Source/timers.c **** 	{
 2153              		.loc 1 1024 2 is_stmt 1 view -0
 2154              		.cfi_startproc
 2155              		@ args = 0, pretend = 0, frame = 16
 2156              		@ frame_needed = 0, uses_anonymous_args = 0
 2157              		.loc 1 1024 2 is_stmt 0 view .LVU568
 2158 0000 30B5     		push	{r4, r5, lr}
 2159              	.LCFI47:
 2160              		.cfi_def_cfa_offset 12
 2161              		.cfi_offset 4, -12
 2162              		.cfi_offset 5, -8
 2163              		.cfi_offset 14, -4
 2164 0002 85B0     		sub	sp, sp, #20
 2165              	.LCFI48:
 2166              		.cfi_def_cfa_offset 32
 2167 0004 1446     		mov	r4, r2
 2168 0006 1A46     		mov	r2, r3
 2169              	.LVL173:
1025:Middlewares/Third_Party/FreeRTOS/Source/timers.c **** 	DaemonTaskMessage_t xMessage;
 2170              		.loc 1 1025 2 is_stmt 1 view .LVU569
1026:Middlewares/Third_Party/FreeRTOS/Source/timers.c **** 	BaseType_t xReturn;
 2171              		.loc 1 1026 2 view .LVU570
1027:Middlewares/Third_Party/FreeRTOS/Source/timers.c **** 
1028:Middlewares/Third_Party/FreeRTOS/Source/timers.c **** 		/* This function can only be called after a timer has been created or
1029:Middlewares/Third_Party/FreeRTOS/Source/timers.c **** 		after the scheduler has been started because, until then, the timer
1030:Middlewares/Third_Party/FreeRTOS/Source/timers.c **** 		queue does not exist. */
1031:Middlewares/Third_Party/FreeRTOS/Source/timers.c **** 		configASSERT( xTimerQueue );
 2172              		.loc 1 1031 3 view .LVU571
 2173 0008 0C4B     		ldr	r3, .L161
 2174              	.LVL174:
 2175              		.loc 1 1031 3 is_stmt 0 view .LVU572
 2176 000a 1D68     		ldr	r5, [r3]
 2177 000c 65B1     		cbz	r5, .L160
 2178              		.loc 1 1031 30 is_stmt 1 discriminator 2 view .LVU573
1032:Middlewares/Third_Party/FreeRTOS/Source/timers.c **** 
1033:Middlewares/Third_Party/FreeRTOS/Source/timers.c **** 		/* Complete the message with the function parameters and post it to the
1034:Middlewares/Third_Party/FreeRTOS/Source/timers.c **** 		daemon task. */
1035:Middlewares/Third_Party/FreeRTOS/Source/timers.c **** 		xMessage.xMessageID = tmrCOMMAND_EXECUTE_CALLBACK;
 2179              		.loc 1 1035 3 discriminator 2 view .LVU574
 2180              		.loc 1 1035 23 is_stmt 0 discriminator 2 view .LVU575
 2181 000e 4FF0FF33 		mov	r3, #-1
 2182 0012 0093     		str	r3, [sp]
1036:Middlewares/Third_Party/FreeRTOS/Source/timers.c **** 		xMessage.u.xCallbackParameters.pxCallbackFunction = xFunctionToPend;
 2183              		.loc 1 1036 3 is_stmt 1 discriminator 2 view .LVU576
 2184              		.loc 1 1036 53 is_stmt 0 discriminator 2 view .LVU577
 2185 0014 0190     		str	r0, [sp, #4]
1037:Middlewares/Third_Party/FreeRTOS/Source/timers.c **** 		xMessage.u.xCallbackParameters.pvParameter1 = pvParameter1;
 2186              		.loc 1 1037 3 is_stmt 1 discriminator 2 view .LVU578
ARM GAS  C:\Users\31005\AppData\Local\Temp\cc5BHn3C.s 			page 68


 2187              		.loc 1 1037 47 is_stmt 0 discriminator 2 view .LVU579
 2188 0016 0291     		str	r1, [sp, #8]
1038:Middlewares/Third_Party/FreeRTOS/Source/timers.c **** 		xMessage.u.xCallbackParameters.ulParameter2 = ulParameter2;
 2189              		.loc 1 1038 3 is_stmt 1 discriminator 2 view .LVU580
 2190              		.loc 1 1038 47 is_stmt 0 discriminator 2 view .LVU581
 2191 0018 0394     		str	r4, [sp, #12]
1039:Middlewares/Third_Party/FreeRTOS/Source/timers.c **** 
1040:Middlewares/Third_Party/FreeRTOS/Source/timers.c **** 		xReturn = xQueueSendToBack( xTimerQueue, &xMessage, xTicksToWait );
 2192              		.loc 1 1040 3 is_stmt 1 discriminator 2 view .LVU582
 2193              		.loc 1 1040 13 is_stmt 0 discriminator 2 view .LVU583
 2194 001a 0023     		movs	r3, #0
 2195 001c 6946     		mov	r1, sp
 2196              	.LVL175:
 2197              		.loc 1 1040 13 discriminator 2 view .LVU584
 2198 001e 2846     		mov	r0, r5
 2199              	.LVL176:
 2200              		.loc 1 1040 13 discriminator 2 view .LVU585
 2201 0020 FFF7FEFF 		bl	xQueueGenericSend
 2202              	.LVL177:
1041:Middlewares/Third_Party/FreeRTOS/Source/timers.c **** 
1042:Middlewares/Third_Party/FreeRTOS/Source/timers.c **** 		tracePEND_FUNC_CALL( xFunctionToPend, pvParameter1, ulParameter2, xReturn );
 2203              		.loc 1 1042 78 is_stmt 1 discriminator 2 view .LVU586
1043:Middlewares/Third_Party/FreeRTOS/Source/timers.c **** 
1044:Middlewares/Third_Party/FreeRTOS/Source/timers.c **** 		return xReturn;
 2204              		.loc 1 1044 3 discriminator 2 view .LVU587
1045:Middlewares/Third_Party/FreeRTOS/Source/timers.c **** 	}
 2205              		.loc 1 1045 2 is_stmt 0 discriminator 2 view .LVU588
 2206 0024 05B0     		add	sp, sp, #20
 2207              	.LCFI49:
 2208              		.cfi_remember_state
 2209              		.cfi_def_cfa_offset 12
 2210              		@ sp needed
 2211 0026 30BD     		pop	{r4, r5, pc}
 2212              	.LVL178:
 2213              	.L160:
 2214              	.LCFI50:
 2215              		.cfi_restore_state
1031:Middlewares/Third_Party/FreeRTOS/Source/timers.c **** 
 2216              		.loc 1 1031 3 is_stmt 1 view .LVU589
 2217              	.LBB77:
 2218              	.LBI77:
 191:Middlewares/Third_Party/FreeRTOS/Source/portable/GCC/ARM_CM4F/portmacro.h **** {
 2219              		.loc 2 191 30 view .LVU590
 2220              	.LBB78:
 193:Middlewares/Third_Party/FreeRTOS/Source/portable/GCC/ARM_CM4F/portmacro.h **** 
 2221              		.loc 2 193 1 view .LVU591
 2222              		.loc 2 195 2 view .LVU592
 2223              		.syntax unified
 2224              	@ 195 "Middlewares/Third_Party/FreeRTOS/Source/portable/GCC/ARM_CM4F/portmacro.h" 1
 2225 0028 4FF05003 			mov r3, #80												
 2226 002c 83F31188 		msr basepri, r3											
 2227 0030 BFF36F8F 		isb														
 2228 0034 BFF34F8F 		dsb														
 2229              	
 2230              	@ 0 "" 2
 2231              	.LVL179:
 2232              		.thumb
ARM GAS  C:\Users\31005\AppData\Local\Temp\cc5BHn3C.s 			page 69


 2233              		.syntax unified
 2234              	.L158:
 2235              		.loc 2 195 2 is_stmt 0 view .LVU593
 2236              	.LBE78:
 2237              	.LBE77:
1031:Middlewares/Third_Party/FreeRTOS/Source/timers.c **** 
 2238              		.loc 1 1031 3 is_stmt 1 discriminator 1 view .LVU594
1031:Middlewares/Third_Party/FreeRTOS/Source/timers.c **** 
 2239              		.loc 1 1031 3 discriminator 1 view .LVU595
 2240 0038 FEE7     		b	.L158
 2241              	.L162:
 2242 003a 00BF     		.align	2
 2243              	.L161:
 2244 003c 00000000 		.word	xTimerQueue
 2245              		.cfi_endproc
 2246              	.LFE26:
 2248              		.section	.text.uxTimerGetTimerNumber,"ax",%progbits
 2249              		.align	1
 2250              		.global	uxTimerGetTimerNumber
 2251              		.syntax unified
 2252              		.thumb
 2253              		.thumb_func
 2255              	uxTimerGetTimerNumber:
 2256              	.LVL180:
 2257              	.LFB27:
1046:Middlewares/Third_Party/FreeRTOS/Source/timers.c **** 
1047:Middlewares/Third_Party/FreeRTOS/Source/timers.c **** #endif /* INCLUDE_xTimerPendFunctionCall */
1048:Middlewares/Third_Party/FreeRTOS/Source/timers.c **** /*-----------------------------------------------------------*/
1049:Middlewares/Third_Party/FreeRTOS/Source/timers.c **** 
1050:Middlewares/Third_Party/FreeRTOS/Source/timers.c **** #if ( configUSE_TRACE_FACILITY == 1 )
1051:Middlewares/Third_Party/FreeRTOS/Source/timers.c **** 
1052:Middlewares/Third_Party/FreeRTOS/Source/timers.c **** 	UBaseType_t uxTimerGetTimerNumber( TimerHandle_t xTimer )
1053:Middlewares/Third_Party/FreeRTOS/Source/timers.c **** 	{
 2258              		.loc 1 1053 2 view -0
 2259              		.cfi_startproc
 2260              		@ args = 0, pretend = 0, frame = 0
 2261              		@ frame_needed = 0, uses_anonymous_args = 0
 2262              		@ link register save eliminated.
1054:Middlewares/Third_Party/FreeRTOS/Source/timers.c **** 		return ( ( Timer_t * ) xTimer )->uxTimerNumber;
 2263              		.loc 1 1054 3 view .LVU597
1055:Middlewares/Third_Party/FreeRTOS/Source/timers.c **** 	}
 2264              		.loc 1 1055 2 is_stmt 0 view .LVU598
 2265 0000 806A     		ldr	r0, [r0, #40]
 2266              	.LVL181:
 2267              		.loc 1 1055 2 view .LVU599
 2268 0002 7047     		bx	lr
 2269              		.cfi_endproc
 2270              	.LFE27:
 2272              		.section	.text.vTimerSetTimerNumber,"ax",%progbits
 2273              		.align	1
 2274              		.global	vTimerSetTimerNumber
 2275              		.syntax unified
 2276              		.thumb
 2277              		.thumb_func
 2279              	vTimerSetTimerNumber:
 2280              	.LVL182:
 2281              	.LFB28:
ARM GAS  C:\Users\31005\AppData\Local\Temp\cc5BHn3C.s 			page 70


1056:Middlewares/Third_Party/FreeRTOS/Source/timers.c **** 
1057:Middlewares/Third_Party/FreeRTOS/Source/timers.c **** #endif /* configUSE_TRACE_FACILITY */
1058:Middlewares/Third_Party/FreeRTOS/Source/timers.c **** /*-----------------------------------------------------------*/
1059:Middlewares/Third_Party/FreeRTOS/Source/timers.c **** 
1060:Middlewares/Third_Party/FreeRTOS/Source/timers.c **** #if ( configUSE_TRACE_FACILITY == 1 )
1061:Middlewares/Third_Party/FreeRTOS/Source/timers.c **** 
1062:Middlewares/Third_Party/FreeRTOS/Source/timers.c **** 	void vTimerSetTimerNumber( TimerHandle_t xTimer, UBaseType_t uxTimerNumber )
1063:Middlewares/Third_Party/FreeRTOS/Source/timers.c **** 	{
 2282              		.loc 1 1063 2 is_stmt 1 view -0
 2283              		.cfi_startproc
 2284              		@ args = 0, pretend = 0, frame = 0
 2285              		@ frame_needed = 0, uses_anonymous_args = 0
 2286              		@ link register save eliminated.
1064:Middlewares/Third_Party/FreeRTOS/Source/timers.c **** 		( ( Timer_t * ) xTimer )->uxTimerNumber = uxTimerNumber;
 2287              		.loc 1 1064 3 view .LVU601
 2288              		.loc 1 1064 43 is_stmt 0 view .LVU602
 2289 0000 8162     		str	r1, [r0, #40]
1065:Middlewares/Third_Party/FreeRTOS/Source/timers.c **** 	}
 2290              		.loc 1 1065 2 view .LVU603
 2291 0002 7047     		bx	lr
 2292              		.cfi_endproc
 2293              	.LFE28:
 2295              		.section	.bss.xStaticTimerQueue.0,"aw",%nobits
 2296              		.align	2
 2299              	xStaticTimerQueue.0:
 2300 0000 00000000 		.space	80
 2300      00000000 
 2300      00000000 
 2300      00000000 
 2300      00000000 
 2301              		.section	.bss.ucStaticTimerQueueStorage.1,"aw",%nobits
 2302              		.align	2
 2305              	ucStaticTimerQueueStorage.1:
 2306 0000 00000000 		.space	160
 2306      00000000 
 2306      00000000 
 2306      00000000 
 2306      00000000 
 2307              		.section	.bss.xLastTime.2,"aw",%nobits
 2308              		.align	2
 2311              	xLastTime.2:
 2312 0000 00000000 		.space	4
 2313              		.section	.bss.xTimerTaskHandle,"aw",%nobits
 2314              		.align	2
 2317              	xTimerTaskHandle:
 2318 0000 00000000 		.space	4
 2319              		.section	.bss.xTimerQueue,"aw",%nobits
 2320              		.align	2
 2323              	xTimerQueue:
 2324 0000 00000000 		.space	4
 2325              		.section	.bss.pxOverflowTimerList,"aw",%nobits
 2326              		.align	2
 2329              	pxOverflowTimerList:
 2330 0000 00000000 		.space	4
 2331              		.section	.bss.pxCurrentTimerList,"aw",%nobits
 2332              		.align	2
 2335              	pxCurrentTimerList:
ARM GAS  C:\Users\31005\AppData\Local\Temp\cc5BHn3C.s 			page 71


 2336 0000 00000000 		.space	4
 2337              		.section	.bss.xActiveTimerList2,"aw",%nobits
 2338              		.align	2
 2341              	xActiveTimerList2:
 2342 0000 00000000 		.space	20
 2342      00000000 
 2342      00000000 
 2342      00000000 
 2342      00000000 
 2343              		.section	.bss.xActiveTimerList1,"aw",%nobits
 2344              		.align	2
 2347              	xActiveTimerList1:
 2348 0000 00000000 		.space	20
 2348      00000000 
 2348      00000000 
 2348      00000000 
 2348      00000000 
 2349              		.text
 2350              	.Letext0:
 2351              		.file 3 "e:\\vscode\\msys2\\mingw64\\lib\\gcc\\arm-none-eabi\\12.2.0\\include\\stddef.h"
 2352              		.file 4 "e:\\vscode\\msys2\\mingw64\\arm-none-eabi\\include\\machine\\_default_types.h"
 2353              		.file 5 "e:\\vscode\\msys2\\mingw64\\arm-none-eabi\\include\\sys\\_stdint.h"
 2354              		.file 6 "Middlewares/Third_Party/FreeRTOS/Source/include/projdefs.h"
 2355              		.file 7 "Middlewares/Third_Party/FreeRTOS/Source/include/FreeRTOS.h"
 2356              		.file 8 "Middlewares/Third_Party/FreeRTOS/Source/include/list.h"
 2357              		.file 9 "Middlewares/Third_Party/FreeRTOS/Source/include/task.h"
 2358              		.file 10 "Middlewares/Third_Party/FreeRTOS/Source/include/queue.h"
 2359              		.file 11 "Middlewares/Third_Party/FreeRTOS/Source/include/timers.h"
 2360              		.file 12 "Middlewares/Third_Party/FreeRTOS/Source/include/portable.h"
ARM GAS  C:\Users\31005\AppData\Local\Temp\cc5BHn3C.s 			page 72


DEFINED SYMBOLS
                            *ABS*:00000000 timers.c
C:\Users\31005\AppData\Local\Temp\cc5BHn3C.s:21     .text.prvGetNextExpireTime:00000000 $t
C:\Users\31005\AppData\Local\Temp\cc5BHn3C.s:26     .text.prvGetNextExpireTime:00000000 prvGetNextExpireTime
C:\Users\31005\AppData\Local\Temp\cc5BHn3C.s:66     .text.prvGetNextExpireTime:0000001c $d
C:\Users\31005\AppData\Local\Temp\cc5BHn3C.s:2335   .bss.pxCurrentTimerList:00000000 pxCurrentTimerList
C:\Users\31005\AppData\Local\Temp\cc5BHn3C.s:71     .text.prvInsertTimerInActiveList:00000000 $t
C:\Users\31005\AppData\Local\Temp\cc5BHn3C.s:76     .text.prvInsertTimerInActiveList:00000000 prvInsertTimerInActiveList
C:\Users\31005\AppData\Local\Temp\cc5BHn3C.s:166    .text.prvInsertTimerInActiveList:00000040 $d
C:\Users\31005\AppData\Local\Temp\cc5BHn3C.s:2329   .bss.pxOverflowTimerList:00000000 pxOverflowTimerList
C:\Users\31005\AppData\Local\Temp\cc5BHn3C.s:172    .rodata.prvCheckForValidListAndQueue.str1.4:00000000 $d
C:\Users\31005\AppData\Local\Temp\cc5BHn3C.s:176    .text.prvCheckForValidListAndQueue:00000000 $t
C:\Users\31005\AppData\Local\Temp\cc5BHn3C.s:181    .text.prvCheckForValidListAndQueue:00000000 prvCheckForValidListAndQueue
C:\Users\31005\AppData\Local\Temp\cc5BHn3C.s:267    .text.prvCheckForValidListAndQueue:00000050 $d
C:\Users\31005\AppData\Local\Temp\cc5BHn3C.s:2323   .bss.xTimerQueue:00000000 xTimerQueue
C:\Users\31005\AppData\Local\Temp\cc5BHn3C.s:2347   .bss.xActiveTimerList1:00000000 xActiveTimerList1
C:\Users\31005\AppData\Local\Temp\cc5BHn3C.s:2341   .bss.xActiveTimerList2:00000000 xActiveTimerList2
C:\Users\31005\AppData\Local\Temp\cc5BHn3C.s:2299   .bss.xStaticTimerQueue.0:00000000 xStaticTimerQueue.0
C:\Users\31005\AppData\Local\Temp\cc5BHn3C.s:2305   .bss.ucStaticTimerQueueStorage.1:00000000 ucStaticTimerQueueStorage.1
C:\Users\31005\AppData\Local\Temp\cc5BHn3C.s:279    .text.prvInitialiseNewTimer:00000000 $t
C:\Users\31005\AppData\Local\Temp\cc5BHn3C.s:284    .text.prvInitialiseNewTimer:00000000 prvInitialiseNewTimer
C:\Users\31005\AppData\Local\Temp\cc5BHn3C.s:373    .rodata.xTimerCreateTimerTask.str1.4:00000000 $d
C:\Users\31005\AppData\Local\Temp\cc5BHn3C.s:377    .text.xTimerCreateTimerTask:00000000 $t
C:\Users\31005\AppData\Local\Temp\cc5BHn3C.s:383    .text.xTimerCreateTimerTask:00000000 xTimerCreateTimerTask
C:\Users\31005\AppData\Local\Temp\cc5BHn3C.s:484    .text.xTimerCreateTimerTask:00000054 $d
C:\Users\31005\AppData\Local\Temp\cc5BHn3C.s:1589   .text.prvTimerTask:00000000 prvTimerTask
C:\Users\31005\AppData\Local\Temp\cc5BHn3C.s:2317   .bss.xTimerTaskHandle:00000000 xTimerTaskHandle
C:\Users\31005\AppData\Local\Temp\cc5BHn3C.s:492    .text.xTimerCreate:00000000 $t
C:\Users\31005\AppData\Local\Temp\cc5BHn3C.s:498    .text.xTimerCreate:00000000 xTimerCreate
C:\Users\31005\AppData\Local\Temp\cc5BHn3C.s:564    .text.xTimerCreateStatic:00000000 $t
C:\Users\31005\AppData\Local\Temp\cc5BHn3C.s:570    .text.xTimerCreateStatic:00000000 xTimerCreateStatic
C:\Users\31005\AppData\Local\Temp\cc5BHn3C.s:689    .text.xTimerGenericCommand:00000000 $t
C:\Users\31005\AppData\Local\Temp\cc5BHn3C.s:695    .text.xTimerGenericCommand:00000000 xTimerGenericCommand
C:\Users\31005\AppData\Local\Temp\cc5BHn3C.s:839    .text.xTimerGenericCommand:00000068 $d
C:\Users\31005\AppData\Local\Temp\cc5BHn3C.s:844    .text.prvSwitchTimerLists:00000000 $t
C:\Users\31005\AppData\Local\Temp\cc5BHn3C.s:849    .text.prvSwitchTimerLists:00000000 prvSwitchTimerLists
C:\Users\31005\AppData\Local\Temp\cc5BHn3C.s:995    .text.prvSwitchTimerLists:00000070 $d
C:\Users\31005\AppData\Local\Temp\cc5BHn3C.s:1001   .text.prvSampleTimeNow:00000000 $t
C:\Users\31005\AppData\Local\Temp\cc5BHn3C.s:1006   .text.prvSampleTimeNow:00000000 prvSampleTimeNow
C:\Users\31005\AppData\Local\Temp\cc5BHn3C.s:1065   .text.prvSampleTimeNow:00000028 $d
C:\Users\31005\AppData\Local\Temp\cc5BHn3C.s:2311   .bss.xLastTime.2:00000000 xLastTime.2
C:\Users\31005\AppData\Local\Temp\cc5BHn3C.s:1070   .text.prvProcessExpiredTimer:00000000 $t
C:\Users\31005\AppData\Local\Temp\cc5BHn3C.s:1075   .text.prvProcessExpiredTimer:00000000 prvProcessExpiredTimer
C:\Users\31005\AppData\Local\Temp\cc5BHn3C.s:1193   .text.prvProcessExpiredTimer:0000005c $d
C:\Users\31005\AppData\Local\Temp\cc5BHn3C.s:1198   .text.prvProcessTimerOrBlockTask:00000000 $t
C:\Users\31005\AppData\Local\Temp\cc5BHn3C.s:1203   .text.prvProcessTimerOrBlockTask:00000000 prvProcessTimerOrBlockTask
C:\Users\31005\AppData\Local\Temp\cc5BHn3C.s:1318   .text.prvProcessTimerOrBlockTask:00000068 $d
C:\Users\31005\AppData\Local\Temp\cc5BHn3C.s:1324   .text.prvProcessReceivedCommands:00000000 $t
C:\Users\31005\AppData\Local\Temp\cc5BHn3C.s:1329   .text.prvProcessReceivedCommands:00000000 prvProcessReceivedCommands
C:\Users\31005\AppData\Local\Temp\cc5BHn3C.s:1423   .text.prvProcessReceivedCommands:0000004c $d
C:\Users\31005\AppData\Local\Temp\cc5BHn3C.s:1433   .text.prvProcessReceivedCommands:00000074 $t
C:\Users\31005\AppData\Local\Temp\cc5BHn3C.s:1579   .text.prvProcessReceivedCommands:000000f4 $d
C:\Users\31005\AppData\Local\Temp\cc5BHn3C.s:1584   .text.prvTimerTask:00000000 $t
C:\Users\31005\AppData\Local\Temp\cc5BHn3C.s:1628   .text.xTimerGetTimerDaemonTaskHandle:00000000 $t
C:\Users\31005\AppData\Local\Temp\cc5BHn3C.s:1634   .text.xTimerGetTimerDaemonTaskHandle:00000000 xTimerGetTimerDaemonTaskHandle
C:\Users\31005\AppData\Local\Temp\cc5BHn3C.s:1676   .text.xTimerGetTimerDaemonTaskHandle:0000001c $d
C:\Users\31005\AppData\Local\Temp\cc5BHn3C.s:1681   .text.xTimerGetPeriod:00000000 $t
ARM GAS  C:\Users\31005\AppData\Local\Temp\cc5BHn3C.s 			page 73


C:\Users\31005\AppData\Local\Temp\cc5BHn3C.s:1687   .text.xTimerGetPeriod:00000000 xTimerGetPeriod
C:\Users\31005\AppData\Local\Temp\cc5BHn3C.s:1736   .text.xTimerGetExpiryTime:00000000 $t
C:\Users\31005\AppData\Local\Temp\cc5BHn3C.s:1742   .text.xTimerGetExpiryTime:00000000 xTimerGetExpiryTime
C:\Users\31005\AppData\Local\Temp\cc5BHn3C.s:1794   .text.pcTimerGetName:00000000 $t
C:\Users\31005\AppData\Local\Temp\cc5BHn3C.s:1800   .text.pcTimerGetName:00000000 pcTimerGetName
C:\Users\31005\AppData\Local\Temp\cc5BHn3C.s:1849   .text.xTimerIsTimerActive:00000000 $t
C:\Users\31005\AppData\Local\Temp\cc5BHn3C.s:1855   .text.xTimerIsTimerActive:00000000 xTimerIsTimerActive
C:\Users\31005\AppData\Local\Temp\cc5BHn3C.s:1928   .text.pvTimerGetTimerID:00000000 $t
C:\Users\31005\AppData\Local\Temp\cc5BHn3C.s:1934   .text.pvTimerGetTimerID:00000000 pvTimerGetTimerID
C:\Users\31005\AppData\Local\Temp\cc5BHn3C.s:2002   .text.vTimerSetTimerID:00000000 $t
C:\Users\31005\AppData\Local\Temp\cc5BHn3C.s:2008   .text.vTimerSetTimerID:00000000 vTimerSetTimerID
C:\Users\31005\AppData\Local\Temp\cc5BHn3C.s:2072   .text.xTimerPendFunctionCallFromISR:00000000 $t
C:\Users\31005\AppData\Local\Temp\cc5BHn3C.s:2078   .text.xTimerPendFunctionCallFromISR:00000000 xTimerPendFunctionCallFromISR
C:\Users\31005\AppData\Local\Temp\cc5BHn3C.s:2139   .text.xTimerPendFunctionCallFromISR:00000024 $d
C:\Users\31005\AppData\Local\Temp\cc5BHn3C.s:2144   .text.xTimerPendFunctionCall:00000000 $t
C:\Users\31005\AppData\Local\Temp\cc5BHn3C.s:2150   .text.xTimerPendFunctionCall:00000000 xTimerPendFunctionCall
C:\Users\31005\AppData\Local\Temp\cc5BHn3C.s:2244   .text.xTimerPendFunctionCall:0000003c $d
C:\Users\31005\AppData\Local\Temp\cc5BHn3C.s:2249   .text.uxTimerGetTimerNumber:00000000 $t
C:\Users\31005\AppData\Local\Temp\cc5BHn3C.s:2255   .text.uxTimerGetTimerNumber:00000000 uxTimerGetTimerNumber
C:\Users\31005\AppData\Local\Temp\cc5BHn3C.s:2273   .text.vTimerSetTimerNumber:00000000 $t
C:\Users\31005\AppData\Local\Temp\cc5BHn3C.s:2279   .text.vTimerSetTimerNumber:00000000 vTimerSetTimerNumber
C:\Users\31005\AppData\Local\Temp\cc5BHn3C.s:2296   .bss.xStaticTimerQueue.0:00000000 $d
C:\Users\31005\AppData\Local\Temp\cc5BHn3C.s:2302   .bss.ucStaticTimerQueueStorage.1:00000000 $d
C:\Users\31005\AppData\Local\Temp\cc5BHn3C.s:2308   .bss.xLastTime.2:00000000 $d
C:\Users\31005\AppData\Local\Temp\cc5BHn3C.s:2314   .bss.xTimerTaskHandle:00000000 $d
C:\Users\31005\AppData\Local\Temp\cc5BHn3C.s:2320   .bss.xTimerQueue:00000000 $d
C:\Users\31005\AppData\Local\Temp\cc5BHn3C.s:2326   .bss.pxOverflowTimerList:00000000 $d
C:\Users\31005\AppData\Local\Temp\cc5BHn3C.s:2332   .bss.pxCurrentTimerList:00000000 $d
C:\Users\31005\AppData\Local\Temp\cc5BHn3C.s:2338   .bss.xActiveTimerList2:00000000 $d
C:\Users\31005\AppData\Local\Temp\cc5BHn3C.s:2344   .bss.xActiveTimerList1:00000000 $d

UNDEFINED SYMBOLS
vListInsert
vPortEnterCritical
vPortExitCritical
vListInitialise
xQueueGenericCreateStatic
vQueueAddToRegistry
vListInitialiseItem
vApplicationGetTimerTaskMemory
xTaskCreateStatic
pvPortMalloc
xTaskGetSchedulerState
xQueueGenericSend
xQueueGenericSendFromISR
uxListRemove
xTaskGetTickCount
vTaskSuspendAll
xTaskResumeAll
vQueueWaitForMessageRestricted
xQueueReceive
vPortFree
