ARM GAS  C:\Users\31005\AppData\Local\Temp\ccSUmIdf.s 			page 1


   1              		.cpu cortex-m4
   2              		.arch armv7e-m
   3              		.fpu fpv4-sp-d16
   4              		.eabi_attribute 27, 1
   5              		.eabi_attribute 28, 1
   6              		.eabi_attribute 20, 1
   7              		.eabi_attribute 21, 1
   8              		.eabi_attribute 23, 3
   9              		.eabi_attribute 24, 1
  10              		.eabi_attribute 25, 1
  11              		.eabi_attribute 26, 1
  12              		.eabi_attribute 30, 1
  13              		.eabi_attribute 34, 1
  14              		.eabi_attribute 18, 4
  15              		.file	"user_lib.c"
  16              		.text
  17              	.Ltext0:
  18              		.cfi_sections	.debug_frame
  19              		.file 1 "Commponents/user_lib.c"
  20              		.section	.text.Sqrt,"ax",%progbits
  21              		.align	1
  22              		.global	Sqrt
  23              		.syntax unified
  24              		.thumb
  25              		.thumb_func
  27              	Sqrt:
  28              	.LVL0:
  29              	.LFB123:
   1:Commponents/user_lib.c **** /**
   2:Commponents/user_lib.c ****  ******************************************************************************
   3:Commponents/user_lib.c ****  * @file	 user_lib.c
   4:Commponents/user_lib.c ****  * @author  Wang Hongxi
   5:Commponents/user_lib.c ****  * @version V1.0.0
   6:Commponents/user_lib.c ****  * @date    2021/2/18
   7:Commponents/user_lib.c ****  * @brief
   8:Commponents/user_lib.c ****  ******************************************************************************
   9:Commponents/user_lib.c ****  * @attention
  10:Commponents/user_lib.c ****  *
  11:Commponents/user_lib.c ****  ******************************************************************************
  12:Commponents/user_lib.c ****  */
  13:Commponents/user_lib.c **** #include "stdlib.h"
  14:Commponents/user_lib.c **** #include "string.h"
  15:Commponents/user_lib.c **** #include "user_lib.h"
  16:Commponents/user_lib.c **** #include "math.h"
  17:Commponents/user_lib.c **** #include "main.h"
  18:Commponents/user_lib.c **** 
  19:Commponents/user_lib.c **** #ifdef _CMSIS_OS_H
  20:Commponents/user_lib.c **** #define user_malloc pvPortMalloc
  21:Commponents/user_lib.c **** #else
  22:Commponents/user_lib.c **** #define user_malloc malloc
  23:Commponents/user_lib.c **** #endif
  24:Commponents/user_lib.c **** 
  25:Commponents/user_lib.c **** //快速开方
  26:Commponents/user_lib.c **** float Sqrt(float x)
  27:Commponents/user_lib.c **** {
  30              		.loc 1 27 1 view -0
  31              		.cfi_startproc
ARM GAS  C:\Users\31005\AppData\Local\Temp\ccSUmIdf.s 			page 2


  32              		@ args = 0, pretend = 0, frame = 0
  33              		@ frame_needed = 0, uses_anonymous_args = 0
  34              		@ link register save eliminated.
  35              		.loc 1 27 1 is_stmt 0 view .LVU1
  36 0000 F0EE405A 		vmov.f32	s11, s0
  28:Commponents/user_lib.c ****     float y;
  37              		.loc 1 28 5 is_stmt 1 view .LVU2
  29:Commponents/user_lib.c ****     float delta;
  38              		.loc 1 29 5 view .LVU3
  30:Commponents/user_lib.c ****     float maxError;
  39              		.loc 1 30 5 view .LVU4
  31:Commponents/user_lib.c **** 
  32:Commponents/user_lib.c ****     if (x <= 0)
  40              		.loc 1 32 5 view .LVU5
  41              		.loc 1 32 8 is_stmt 0 view .LVU6
  42 0004 B5EEC00A 		vcmpe.f32	s0, #0
  43 0008 F1EE10FA 		vmrs	APSR_nzcv, FPSCR
  44 000c 1ED9     		bls	.L4
  33:Commponents/user_lib.c ****     {
  34:Commponents/user_lib.c ****         return 0;
  35:Commponents/user_lib.c ****     }
  36:Commponents/user_lib.c **** 
  37:Commponents/user_lib.c ****     // initial guess
  38:Commponents/user_lib.c ****     y = x / 2;
  45              		.loc 1 38 5 is_stmt 1 view .LVU7
  46              		.loc 1 38 7 is_stmt 0 view .LVU8
  47 000e F6EE007A 		vmov.f32	s15, #5.0e-1
  48 0012 20EE270A 		vmul.f32	s0, s0, s15
  49              	.LVL1:
  39:Commponents/user_lib.c **** 
  40:Commponents/user_lib.c ****     // refine
  41:Commponents/user_lib.c ****     maxError = x * 0.001f;
  50              		.loc 1 41 5 is_stmt 1 view .LVU9
  51              		.loc 1 41 14 is_stmt 0 view .LVU10
  52 0016 9FED0F6A 		vldr.32	s12, .L5
  53 001a 25EE866A 		vmul.f32	s12, s11, s12
  54              	.LVL2:
  55              	.L3:
  42:Commponents/user_lib.c **** 
  43:Commponents/user_lib.c ****     do
  56              		.loc 1 43 5 is_stmt 1 discriminator 3 view .LVU11
  44:Commponents/user_lib.c ****     {
  45:Commponents/user_lib.c ****         delta = (y * y) - x;
  57              		.loc 1 45 9 discriminator 3 view .LVU12
  58              		.loc 1 45 20 is_stmt 0 discriminator 3 view .LVU13
  59 001e 60EE007A 		vmul.f32	s15, s0, s0
  60              		.loc 1 45 15 discriminator 3 view .LVU14
  61 0022 77EEE57A 		vsub.f32	s15, s15, s11
  62              	.LVL3:
  46:Commponents/user_lib.c ****         y -= delta / (2 * y);
  63              		.loc 1 46 9 is_stmt 1 discriminator 3 view .LVU15
  64              		.loc 1 46 25 is_stmt 0 discriminator 3 view .LVU16
  65 0026 70EE006A 		vadd.f32	s13, s0, s0
  66              		.loc 1 46 20 discriminator 3 view .LVU17
  67 002a 87EEA67A 		vdiv.f32	s14, s15, s13
  68              		.loc 1 46 11 discriminator 3 view .LVU18
  69 002e 30EE470A 		vsub.f32	s0, s0, s14
ARM GAS  C:\Users\31005\AppData\Local\Temp\ccSUmIdf.s 			page 3


  70              	.LVL4:
  47:Commponents/user_lib.c ****     } while (delta > maxError || delta < -maxError);
  71              		.loc 1 47 31 is_stmt 1 discriminator 3 view .LVU19
  72 0032 B4EEE76A 		vcmpe.f32	s12, s15
  73 0036 F1EE10FA 		vmrs	APSR_nzcv, FPSCR
  74 003a F0D4     		bmi	.L3
  75              		.loc 1 47 42 is_stmt 0 discriminator 2 view .LVU20
  76 003c B1EE467A 		vneg.f32	s14, s12
  77              		.loc 1 47 31 discriminator 2 view .LVU21
  78 0040 B4EEE77A 		vcmpe.f32	s14, s15
  79 0044 F1EE10FA 		vmrs	APSR_nzcv, FPSCR
  80 0048 E9DC     		bgt	.L3
  81 004a 7047     		bx	lr
  82              	.LVL5:
  83              	.L4:
  34:Commponents/user_lib.c ****     }
  84              		.loc 1 34 16 view .LVU22
  85 004c 9FED020A 		vldr.32	s0, .L5+4
  86              	.LVL6:
  48:Commponents/user_lib.c **** 
  49:Commponents/user_lib.c ****     return y;
  50:Commponents/user_lib.c **** }
  87              		.loc 1 50 1 view .LVU23
  88 0050 7047     		bx	lr
  89              	.L6:
  90 0052 00BF     		.align	2
  91              	.L5:
  92 0054 6F12833A 		.word	981668463
  93 0058 00000000 		.word	0
  94              		.cfi_endproc
  95              	.LFE123:
  97              		.section	.text.ramp_init,"ax",%progbits
  98              		.align	1
  99              		.global	ramp_init
 100              		.syntax unified
 101              		.thumb
 102              		.thumb_func
 104              	ramp_init:
 105              	.LVL7:
 106              	.LFB124:
  51:Commponents/user_lib.c **** 
  52:Commponents/user_lib.c **** //快速求平方根倒数
  53:Commponents/user_lib.c **** /*
  54:Commponents/user_lib.c **** float invSqrt(float num)
  55:Commponents/user_lib.c **** {
  56:Commponents/user_lib.c ****     float halfnum = 0.5f * num;
  57:Commponents/user_lib.c ****     float y = num;
  58:Commponents/user_lib.c ****     long i = *(long *)&y;
  59:Commponents/user_lib.c ****     i = 0x5f375a86- (i >> 1);
  60:Commponents/user_lib.c ****     y = *(float *)&i;
  61:Commponents/user_lib.c ****     y = y * (1.5f - (halfnum * y * y));
  62:Commponents/user_lib.c ****     return y;
  63:Commponents/user_lib.c **** }*/
  64:Commponents/user_lib.c **** 
  65:Commponents/user_lib.c **** /**
  66:Commponents/user_lib.c ****  * @brief          斜波函数初始化
  67:Commponents/user_lib.c ****  * @author         RM
ARM GAS  C:\Users\31005\AppData\Local\Temp\ccSUmIdf.s 			page 4


  68:Commponents/user_lib.c ****  * @param[in]      斜波函数结构体
  69:Commponents/user_lib.c ****  * @param[in]      间隔的时间，单位 s
  70:Commponents/user_lib.c ****  * @param[in]      最大值
  71:Commponents/user_lib.c ****  * @param[in]      最小值
  72:Commponents/user_lib.c ****  * @retval         返回空
  73:Commponents/user_lib.c ****  */
  74:Commponents/user_lib.c **** void ramp_init(ramp_function_source_t *ramp_source_type, float frame_period, float max, float min)
  75:Commponents/user_lib.c **** {
 107              		.loc 1 75 1 is_stmt 1 view -0
 108              		.cfi_startproc
 109              		@ args = 0, pretend = 0, frame = 0
 110              		@ frame_needed = 0, uses_anonymous_args = 0
 111              		@ link register save eliminated.
  76:Commponents/user_lib.c ****     ramp_source_type->frame_period = frame_period;
 112              		.loc 1 76 5 view .LVU25
 113              		.loc 1 76 36 is_stmt 0 view .LVU26
 114 0000 80ED040A 		vstr.32	s0, [r0, #16]
  77:Commponents/user_lib.c ****     ramp_source_type->max_value = max;
 115              		.loc 1 77 5 is_stmt 1 view .LVU27
 116              		.loc 1 77 33 is_stmt 0 view .LVU28
 117 0004 C0ED030A 		vstr.32	s1, [r0, #12]
  78:Commponents/user_lib.c ****     ramp_source_type->min_value = min;
 118              		.loc 1 78 5 is_stmt 1 view .LVU29
 119              		.loc 1 78 33 is_stmt 0 view .LVU30
 120 0008 80ED021A 		vstr.32	s2, [r0, #8]
  79:Commponents/user_lib.c ****     ramp_source_type->input = 0.0f;
 121              		.loc 1 79 5 is_stmt 1 view .LVU31
 122              		.loc 1 79 29 is_stmt 0 view .LVU32
 123 000c 0023     		movs	r3, #0
 124 000e 0360     		str	r3, [r0]	@ float
  80:Commponents/user_lib.c ****     ramp_source_type->out = 0.0f;
 125              		.loc 1 80 5 is_stmt 1 view .LVU33
 126              		.loc 1 80 27 is_stmt 0 view .LVU34
 127 0010 4360     		str	r3, [r0, #4]	@ float
  81:Commponents/user_lib.c **** }
 128              		.loc 1 81 1 view .LVU35
 129 0012 7047     		bx	lr
 130              		.cfi_endproc
 131              	.LFE124:
 133              		.section	.text.ramp_calc,"ax",%progbits
 134              		.align	1
 135              		.global	ramp_calc
 136              		.syntax unified
 137              		.thumb
 138              		.thumb_func
 140              	ramp_calc:
 141              	.LVL8:
 142              	.LFB125:
  82:Commponents/user_lib.c **** 
  83:Commponents/user_lib.c **** /**
  84:Commponents/user_lib.c ****  * @brief          斜波函数计算，根据输入的值进行叠加， 输入单位为 /s 即一秒后增加输入的值
  85:Commponents/user_lib.c ****  * @author         RM
  86:Commponents/user_lib.c ****  * @param[in]      斜波函数结构体
  87:Commponents/user_lib.c ****  * @param[in]      输入值
  88:Commponents/user_lib.c ****  * @retval         返回空
  89:Commponents/user_lib.c ****  */
  90:Commponents/user_lib.c **** float ramp_calc(ramp_function_source_t *ramp_source_type, float input)
ARM GAS  C:\Users\31005\AppData\Local\Temp\ccSUmIdf.s 			page 5


  91:Commponents/user_lib.c **** {
 143              		.loc 1 91 1 is_stmt 1 view -0
 144              		.cfi_startproc
 145              		@ args = 0, pretend = 0, frame = 0
 146              		@ frame_needed = 0, uses_anonymous_args = 0
 147              		@ link register save eliminated.
  92:Commponents/user_lib.c ****     ramp_source_type->input = input;
 148              		.loc 1 92 5 view .LVU37
 149              		.loc 1 92 29 is_stmt 0 view .LVU38
 150 0000 80ED000A 		vstr.32	s0, [r0]
  93:Commponents/user_lib.c ****     ramp_source_type->out += ramp_source_type->input * ramp_source_type->frame_period;
 151              		.loc 1 93 5 is_stmt 1 view .LVU39
 152              		.loc 1 93 21 is_stmt 0 view .LVU40
 153 0004 D0ED017A 		vldr.32	s15, [r0, #4]
 154              		.loc 1 93 72 view .LVU41
 155 0008 90ED047A 		vldr.32	s14, [r0, #16]
 156              		.loc 1 93 54 view .LVU42
 157 000c 27EE007A 		vmul.f32	s14, s14, s0
 158              		.loc 1 93 27 view .LVU43
 159 0010 37EE870A 		vadd.f32	s0, s15, s14
 160              	.LVL9:
 161              		.loc 1 93 27 view .LVU44
 162 0014 80ED010A 		vstr.32	s0, [r0, #4]
  94:Commponents/user_lib.c ****     if (ramp_source_type->out > ramp_source_type->max_value)
 163              		.loc 1 94 5 is_stmt 1 view .LVU45
 164              		.loc 1 94 49 is_stmt 0 view .LVU46
 165 0018 D0ED037A 		vldr.32	s15, [r0, #12]
 166              		.loc 1 94 8 view .LVU47
 167 001c B4EEE70A 		vcmpe.f32	s0, s15
 168 0020 F1EE10FA 		vmrs	APSR_nzcv, FPSCR
 169 0024 04DD     		ble	.L15
  95:Commponents/user_lib.c ****     {
  96:Commponents/user_lib.c ****         ramp_source_type->out = ramp_source_type->max_value;
 170              		.loc 1 96 9 is_stmt 1 view .LVU48
 171              		.loc 1 96 31 is_stmt 0 view .LVU49
 172 0026 C0ED017A 		vstr.32	s15, [r0, #4]
 173              	.L11:
  97:Commponents/user_lib.c ****     }
  98:Commponents/user_lib.c ****     else if (ramp_source_type->out < ramp_source_type->min_value)
  99:Commponents/user_lib.c ****     {
 100:Commponents/user_lib.c ****         ramp_source_type->out = ramp_source_type->min_value;
 101:Commponents/user_lib.c ****     }
 102:Commponents/user_lib.c ****     return ramp_source_type->out;
 174              		.loc 1 102 5 is_stmt 1 view .LVU50
 103:Commponents/user_lib.c **** }
 175              		.loc 1 103 1 is_stmt 0 view .LVU51
 176 002a 90ED010A 		vldr.32	s0, [r0, #4]
 177 002e 7047     		bx	lr
 178              	.L15:
  98:Commponents/user_lib.c ****     {
 179              		.loc 1 98 10 is_stmt 1 view .LVU52
  98:Commponents/user_lib.c ****     {
 180              		.loc 1 98 54 is_stmt 0 view .LVU53
 181 0030 D0ED027A 		vldr.32	s15, [r0, #8]
  98:Commponents/user_lib.c ****     {
 182              		.loc 1 98 13 view .LVU54
 183 0034 B4EEE70A 		vcmpe.f32	s0, s15
ARM GAS  C:\Users\31005\AppData\Local\Temp\ccSUmIdf.s 			page 6


 184 0038 F1EE10FA 		vmrs	APSR_nzcv, FPSCR
 185 003c F5D5     		bpl	.L11
 100:Commponents/user_lib.c ****     }
 186              		.loc 1 100 9 is_stmt 1 view .LVU55
 100:Commponents/user_lib.c ****     }
 187              		.loc 1 100 31 is_stmt 0 view .LVU56
 188 003e C0ED017A 		vstr.32	s15, [r0, #4]
 189 0042 F2E7     		b	.L11
 190              		.cfi_endproc
 191              	.LFE125:
 193              		.section	.text.abs_limit,"ax",%progbits
 194              		.align	1
 195              		.global	abs_limit
 196              		.syntax unified
 197              		.thumb
 198              		.thumb_func
 200              	abs_limit:
 201              	.LVL10:
 202              	.LFB126:
 104:Commponents/user_lib.c **** 
 105:Commponents/user_lib.c **** //绝对值限制
 106:Commponents/user_lib.c **** float abs_limit(float num, float Limit)
 107:Commponents/user_lib.c **** {
 203              		.loc 1 107 1 is_stmt 1 view -0
 204              		.cfi_startproc
 205              		@ args = 0, pretend = 0, frame = 0
 206              		@ frame_needed = 0, uses_anonymous_args = 0
 207              		@ link register save eliminated.
 208              		.loc 1 107 1 is_stmt 0 view .LVU58
 209 0000 F0EE407A 		vmov.f32	s15, s0
 210 0004 B0EE600A 		vmov.f32	s0, s1
 211              	.LVL11:
 108:Commponents/user_lib.c ****     if (num > Limit)
 212              		.loc 1 108 5 is_stmt 1 view .LVU59
 213              		.loc 1 108 8 is_stmt 0 view .LVU60
 214 0008 F4EEE07A 		vcmpe.f32	s15, s1
 215 000c F1EE10FA 		vmrs	APSR_nzcv, FPSCR
 216 0010 08DC     		bgt	.L17
 109:Commponents/user_lib.c ****     {
 110:Commponents/user_lib.c ****         num = Limit;
 111:Commponents/user_lib.c ****     }
 112:Commponents/user_lib.c ****     else if (num < -Limit)
 217              		.loc 1 112 10 is_stmt 1 view .LVU61
 218              		.loc 1 112 20 is_stmt 0 view .LVU62
 219 0012 B1EE600A 		vneg.f32	s0, s1
 220              		.loc 1 112 13 view .LVU63
 221 0016 B4EEE70A 		vcmpe.f32	s0, s15
 222 001a F1EE10FA 		vmrs	APSR_nzcv, FPSCR
 223 001e 01DC     		bgt	.L17
 224 0020 B0EE670A 		vmov.f32	s0, s15
 225              	.L17:
 226              	.LVL12:
 113:Commponents/user_lib.c ****     {
 114:Commponents/user_lib.c ****         num = -Limit;
 115:Commponents/user_lib.c ****     }
 116:Commponents/user_lib.c ****     return num;
 227              		.loc 1 116 5 is_stmt 1 view .LVU64
ARM GAS  C:\Users\31005\AppData\Local\Temp\ccSUmIdf.s 			page 7


 117:Commponents/user_lib.c **** }
 228              		.loc 1 117 1 is_stmt 0 view .LVU65
 229 0024 7047     		bx	lr
 230              		.cfi_endproc
 231              	.LFE126:
 233              		.section	.text.sign,"ax",%progbits
 234              		.align	1
 235              		.global	sign
 236              		.syntax unified
 237              		.thumb
 238              		.thumb_func
 240              	sign:
 241              	.LVL13:
 242              	.LFB127:
 118:Commponents/user_lib.c **** 
 119:Commponents/user_lib.c **** //判断符号位
 120:Commponents/user_lib.c **** float sign(float value)
 121:Commponents/user_lib.c **** {
 243              		.loc 1 121 1 is_stmt 1 view -0
 244              		.cfi_startproc
 245              		@ args = 0, pretend = 0, frame = 0
 246              		@ frame_needed = 0, uses_anonymous_args = 0
 247              		@ link register save eliminated.
 122:Commponents/user_lib.c ****     if (value >= 0.0f)
 248              		.loc 1 122 5 view .LVU67
 249              		.loc 1 122 8 is_stmt 0 view .LVU68
 250 0000 B5EEC00A 		vcmpe.f32	s0, #0
 251 0004 F1EE10FA 		vmrs	APSR_nzcv, FPSCR
 252 0008 02DB     		blt	.L23
 123:Commponents/user_lib.c ****     {
 124:Commponents/user_lib.c ****         return 1.0f;
 253              		.loc 1 124 16 view .LVU69
 254 000a B7EE000A 		vmov.f32	s0, #1.0e+0
 255              	.LVL14:
 256              		.loc 1 124 16 view .LVU70
 257 000e 7047     		bx	lr
 258              	.LVL15:
 259              	.L23:
 125:Commponents/user_lib.c ****     }
 126:Commponents/user_lib.c ****     else
 127:Commponents/user_lib.c ****     {
 128:Commponents/user_lib.c ****         return -1.0f;
 260              		.loc 1 128 16 view .LVU71
 261 0010 BFEE000A 		vmov.f32	s0, #-1.0e+0
 262              	.LVL16:
 129:Commponents/user_lib.c ****     }
 130:Commponents/user_lib.c **** }
 263              		.loc 1 130 1 view .LVU72
 264 0014 7047     		bx	lr
 265              		.cfi_endproc
 266              	.LFE127:
 268              		.section	.text.float_deadband,"ax",%progbits
 269              		.align	1
 270              		.global	float_deadband
 271              		.syntax unified
 272              		.thumb
 273              		.thumb_func
ARM GAS  C:\Users\31005\AppData\Local\Temp\ccSUmIdf.s 			page 8


 275              	float_deadband:
 276              	.LVL17:
 277              	.LFB128:
 131:Commponents/user_lib.c **** 
 132:Commponents/user_lib.c **** //浮点死区
 133:Commponents/user_lib.c **** float float_deadband(float Value, float minValue, float maxValue)
 134:Commponents/user_lib.c **** {
 278              		.loc 1 134 1 is_stmt 1 view -0
 279              		.cfi_startproc
 280              		@ args = 0, pretend = 0, frame = 0
 281              		@ frame_needed = 0, uses_anonymous_args = 0
 282              		@ link register save eliminated.
 135:Commponents/user_lib.c ****     if (Value < maxValue && Value > minValue)
 283              		.loc 1 135 5 view .LVU74
 284              		.loc 1 135 8 is_stmt 0 view .LVU75
 285 0000 B4EEC10A 		vcmpe.f32	s0, s2
 286 0004 F1EE10FA 		vmrs	APSR_nzcv, FPSCR
 287 0008 06D5     		bpl	.L25
 288              		.loc 1 135 26 discriminator 1 view .LVU76
 289 000a B4EEE00A 		vcmpe.f32	s0, s1
 290 000e F1EE10FA 		vmrs	APSR_nzcv, FPSCR
 291 0012 01DD     		ble	.L25
 136:Commponents/user_lib.c ****     {
 137:Commponents/user_lib.c ****         Value = 0.0f;
 292              		.loc 1 137 15 view .LVU77
 293 0014 9FED010A 		vldr.32	s0, .L29
 294              	.LVL18:
 295              	.L25:
 138:Commponents/user_lib.c ****     }
 139:Commponents/user_lib.c ****     return Value;
 296              		.loc 1 139 5 is_stmt 1 view .LVU78
 140:Commponents/user_lib.c **** }
 297              		.loc 1 140 1 is_stmt 0 view .LVU79
 298 0018 7047     		bx	lr
 299              	.L30:
 300 001a 00BF     		.align	2
 301              	.L29:
 302 001c 00000000 		.word	0
 303              		.cfi_endproc
 304              	.LFE128:
 306              		.section	.text.int16_deadline,"ax",%progbits
 307              		.align	1
 308              		.global	int16_deadline
 309              		.syntax unified
 310              		.thumb
 311              		.thumb_func
 313              	int16_deadline:
 314              	.LVL19:
 315              	.LFB129:
 141:Commponents/user_lib.c **** 
 142:Commponents/user_lib.c **** // int26死区
 143:Commponents/user_lib.c **** int16_t int16_deadline(int16_t Value, int16_t minValue, int16_t maxValue)
 144:Commponents/user_lib.c **** {
 316              		.loc 1 144 1 is_stmt 1 view -0
 317              		.cfi_startproc
 318              		@ args = 0, pretend = 0, frame = 0
 319              		@ frame_needed = 0, uses_anonymous_args = 0
ARM GAS  C:\Users\31005\AppData\Local\Temp\ccSUmIdf.s 			page 9


 320              		@ link register save eliminated.
 145:Commponents/user_lib.c ****     if (Value < maxValue && Value > minValue)
 321              		.loc 1 145 5 view .LVU81
 322              		.loc 1 145 8 is_stmt 0 view .LVU82
 323 0000 9042     		cmp	r0, r2
 324 0002 02DA     		bge	.L32
 325              		.loc 1 145 26 discriminator 1 view .LVU83
 326 0004 8842     		cmp	r0, r1
 327 0006 00DD     		ble	.L32
 146:Commponents/user_lib.c ****     {
 147:Commponents/user_lib.c ****         Value = 0;
 328              		.loc 1 147 15 view .LVU84
 329 0008 0020     		movs	r0, #0
 330              	.LVL20:
 331              	.L32:
 148:Commponents/user_lib.c ****     }
 149:Commponents/user_lib.c ****     return Value;
 332              		.loc 1 149 5 is_stmt 1 view .LVU85
 150:Commponents/user_lib.c **** }
 333              		.loc 1 150 1 is_stmt 0 view .LVU86
 334 000a 7047     		bx	lr
 335              		.cfi_endproc
 336              	.LFE129:
 338              		.section	.text.float_constrain,"ax",%progbits
 339              		.align	1
 340              		.global	float_constrain
 341              		.syntax unified
 342              		.thumb
 343              		.thumb_func
 345              	float_constrain:
 346              	.LVL21:
 347              	.LFB130:
 151:Commponents/user_lib.c **** 
 152:Commponents/user_lib.c **** //限幅函数
 153:Commponents/user_lib.c **** float float_constrain(float Value, float minValue, float maxValue)
 154:Commponents/user_lib.c **** {
 348              		.loc 1 154 1 is_stmt 1 view -0
 349              		.cfi_startproc
 350              		@ args = 0, pretend = 0, frame = 0
 351              		@ frame_needed = 0, uses_anonymous_args = 0
 352              		@ link register save eliminated.
 155:Commponents/user_lib.c ****     if (Value < minValue)
 353              		.loc 1 155 5 view .LVU88
 354              		.loc 1 155 8 is_stmt 0 view .LVU89
 355 0000 B4EEE00A 		vcmpe.f32	s0, s1
 356 0004 F1EE10FA 		vmrs	APSR_nzcv, FPSCR
 357 0008 07D4     		bmi	.L37
 156:Commponents/user_lib.c ****         return minValue;
 157:Commponents/user_lib.c ****     else if (Value > maxValue)
 358              		.loc 1 157 10 is_stmt 1 view .LVU90
 359              		.loc 1 157 13 is_stmt 0 view .LVU91
 360 000a B4EEC10A 		vcmpe.f32	s0, s2
 361 000e F1EE10FA 		vmrs	APSR_nzcv, FPSCR
 362 0012 04DD     		ble	.L34
 158:Commponents/user_lib.c ****         return maxValue;
 363              		.loc 1 158 16 view .LVU92
 364 0014 B0EE410A 		vmov.f32	s0, s2
ARM GAS  C:\Users\31005\AppData\Local\Temp\ccSUmIdf.s 			page 10


 365              	.LVL22:
 366              		.loc 1 158 16 view .LVU93
 367 0018 7047     		bx	lr
 368              	.LVL23:
 369              	.L37:
 156:Commponents/user_lib.c ****         return minValue;
 370              		.loc 1 156 16 view .LVU94
 371 001a B0EE600A 		vmov.f32	s0, s1
 372              	.LVL24:
 373              	.L34:
 159:Commponents/user_lib.c ****     else
 160:Commponents/user_lib.c ****         return Value;
 161:Commponents/user_lib.c **** }
 374              		.loc 1 161 1 view .LVU95
 375 001e 7047     		bx	lr
 376              		.cfi_endproc
 377              	.LFE130:
 379              		.section	.text.int16_constrain,"ax",%progbits
 380              		.align	1
 381              		.global	int16_constrain
 382              		.syntax unified
 383              		.thumb
 384              		.thumb_func
 386              	int16_constrain:
 387              	.LVL25:
 388              	.LFB131:
 162:Commponents/user_lib.c **** 
 163:Commponents/user_lib.c **** //限幅函数
 164:Commponents/user_lib.c **** int16_t int16_constrain(int16_t Value, int16_t minValue, int16_t maxValue)
 165:Commponents/user_lib.c **** {
 389              		.loc 1 165 1 is_stmt 1 view -0
 390              		.cfi_startproc
 391              		@ args = 0, pretend = 0, frame = 0
 392              		@ frame_needed = 0, uses_anonymous_args = 0
 393              		@ link register save eliminated.
 166:Commponents/user_lib.c ****     if (Value < minValue)
 394              		.loc 1 166 5 view .LVU97
 395              		.loc 1 166 8 is_stmt 0 view .LVU98
 396 0000 8842     		cmp	r0, r1
 397 0002 03DB     		blt	.L43
 167:Commponents/user_lib.c ****         return minValue;
 168:Commponents/user_lib.c ****     else if (Value > maxValue)
 398              		.loc 1 168 10 is_stmt 1 view .LVU99
 399              		.loc 1 168 13 is_stmt 0 view .LVU100
 400 0004 9042     		cmp	r0, r2
 401 0006 02DD     		ble	.L42
 169:Commponents/user_lib.c ****         return maxValue;
 402              		.loc 1 169 16 view .LVU101
 403 0008 1046     		mov	r0, r2
 404              	.LVL26:
 405              		.loc 1 169 16 view .LVU102
 406 000a 7047     		bx	lr
 407              	.LVL27:
 408              	.L43:
 167:Commponents/user_lib.c ****         return minValue;
 409              		.loc 1 167 16 view .LVU103
 410 000c 0846     		mov	r0, r1
ARM GAS  C:\Users\31005\AppData\Local\Temp\ccSUmIdf.s 			page 11


 411              	.LVL28:
 412              	.L42:
 170:Commponents/user_lib.c ****     else
 171:Commponents/user_lib.c ****         return Value;
 172:Commponents/user_lib.c **** }
 413              		.loc 1 172 1 view .LVU104
 414 000e 7047     		bx	lr
 415              		.cfi_endproc
 416              	.LFE131:
 418              		.section	.text.loop_float_constrain,"ax",%progbits
 419              		.align	1
 420              		.global	loop_float_constrain
 421              		.syntax unified
 422              		.thumb
 423              		.thumb_func
 425              	loop_float_constrain:
 426              	.LVL29:
 427              	.LFB132:
 173:Commponents/user_lib.c **** 
 174:Commponents/user_lib.c **** //循环限幅函数
 175:Commponents/user_lib.c **** float loop_float_constrain(float Input, float minValue, float maxValue)
 176:Commponents/user_lib.c **** {
 428              		.loc 1 176 1 is_stmt 1 view -0
 429              		.cfi_startproc
 430              		@ args = 0, pretend = 0, frame = 0
 431              		@ frame_needed = 0, uses_anonymous_args = 0
 432              		@ link register save eliminated.
 177:Commponents/user_lib.c ****     if (maxValue < minValue)
 433              		.loc 1 177 5 view .LVU106
 434              		.loc 1 177 8 is_stmt 0 view .LVU107
 435 0000 B4EEE01A 		vcmpe.f32	s2, s1
 436 0004 F1EE10FA 		vmrs	APSR_nzcv, FPSCR
 437 0008 1ED4     		bmi	.L46
 178:Commponents/user_lib.c ****     {
 179:Commponents/user_lib.c ****         return Input;
 180:Commponents/user_lib.c ****     }
 181:Commponents/user_lib.c **** 
 182:Commponents/user_lib.c ****     if (Input > maxValue)
 438              		.loc 1 182 5 is_stmt 1 view .LVU108
 439              		.loc 1 182 8 is_stmt 0 view .LVU109
 440 000a B4EEC01A 		vcmpe.f32	s2, s0
 441 000e F1EE10FA 		vmrs	APSR_nzcv, FPSCR
 442 0012 0AD5     		bpl	.L56
 443              	.LBB2:
 183:Commponents/user_lib.c ****     {
 184:Commponents/user_lib.c ****         float len = maxValue - minValue;
 444              		.loc 1 184 9 is_stmt 1 view .LVU110
 445              		.loc 1 184 15 is_stmt 0 view .LVU111
 446 0014 71EE600A 		vsub.f32	s1, s2, s1
 447              	.LVL30:
 185:Commponents/user_lib.c ****         while (Input > maxValue)
 448              		.loc 1 185 9 is_stmt 1 view .LVU112
 449              		.loc 1 185 15 is_stmt 0 view .LVU113
 450 0018 01E0     		b	.L49
 451              	.L50:
 186:Commponents/user_lib.c ****         {
 187:Commponents/user_lib.c ****             Input -= len;
ARM GAS  C:\Users\31005\AppData\Local\Temp\ccSUmIdf.s 			page 12


 452              		.loc 1 187 13 is_stmt 1 view .LVU114
 453              		.loc 1 187 19 is_stmt 0 view .LVU115
 454 001a 30EE600A 		vsub.f32	s0, s0, s1
 455              	.LVL31:
 456              	.L49:
 185:Commponents/user_lib.c ****         while (Input > maxValue)
 457              		.loc 1 185 22 is_stmt 1 view .LVU116
 458 001e B4EEC10A 		vcmpe.f32	s0, s2
 459 0022 F1EE10FA 		vmrs	APSR_nzcv, FPSCR
 460 0026 F8DC     		bgt	.L50
 185:Commponents/user_lib.c ****         while (Input > maxValue)
 461              		.loc 1 185 22 is_stmt 0 view .LVU117
 462 0028 7047     		bx	lr
 463              	.LVL32:
 464              	.L56:
 185:Commponents/user_lib.c ****         while (Input > maxValue)
 465              		.loc 1 185 22 view .LVU118
 466              	.LBE2:
 188:Commponents/user_lib.c ****         }
 189:Commponents/user_lib.c ****     }
 190:Commponents/user_lib.c ****     else if (Input < minValue)
 467              		.loc 1 190 10 is_stmt 1 view .LVU119
 468              		.loc 1 190 13 is_stmt 0 view .LVU120
 469 002a F4EEC00A 		vcmpe.f32	s1, s0
 470 002e F1EE10FA 		vmrs	APSR_nzcv, FPSCR
 471 0032 09DD     		ble	.L46
 472              	.LBB3:
 191:Commponents/user_lib.c ****     {
 192:Commponents/user_lib.c ****         float len = maxValue - minValue;
 473              		.loc 1 192 9 is_stmt 1 view .LVU121
 474              		.loc 1 192 15 is_stmt 0 view .LVU122
 475 0034 31EE601A 		vsub.f32	s2, s2, s1
 476              	.LVL33:
 193:Commponents/user_lib.c ****         while (Input < minValue)
 477              		.loc 1 193 9 is_stmt 1 view .LVU123
 478              	.L52:
 479              		.loc 1 193 22 view .LVU124
 480 0038 B4EEE00A 		vcmpe.f32	s0, s1
 481 003c F1EE10FA 		vmrs	APSR_nzcv, FPSCR
 482 0040 02D5     		bpl	.L46
 194:Commponents/user_lib.c ****         {
 195:Commponents/user_lib.c ****             Input += len;
 483              		.loc 1 195 13 view .LVU125
 484              		.loc 1 195 19 is_stmt 0 view .LVU126
 485 0042 30EE010A 		vadd.f32	s0, s0, s2
 486              	.LVL34:
 487              		.loc 1 195 19 view .LVU127
 488 0046 F7E7     		b	.L52
 489              	.LVL35:
 490              	.L46:
 491              		.loc 1 195 19 view .LVU128
 492              	.LBE3:
 196:Commponents/user_lib.c ****         }
 197:Commponents/user_lib.c ****     }
 198:Commponents/user_lib.c ****     return Input;
 199:Commponents/user_lib.c **** }
 493              		.loc 1 199 1 view .LVU129
ARM GAS  C:\Users\31005\AppData\Local\Temp\ccSUmIdf.s 			page 13


 494 0048 7047     		bx	lr
 495              		.cfi_endproc
 496              	.LFE132:
 498              		.section	.text.theta_format,"ax",%progbits
 499              		.align	1
 500              		.global	theta_format
 501              		.syntax unified
 502              		.thumb
 503              		.thumb_func
 505              	theta_format:
 506              	.LVL36:
 507              	.LFB133:
 200:Commponents/user_lib.c **** 
 201:Commponents/user_lib.c **** //弧度格式化为-PI~PI
 202:Commponents/user_lib.c **** 
 203:Commponents/user_lib.c **** //角度格式化为-180~180
 204:Commponents/user_lib.c **** float theta_format(float Ang)
 205:Commponents/user_lib.c **** {
 508              		.loc 1 205 1 is_stmt 1 view -0
 509              		.cfi_startproc
 510              		@ args = 0, pretend = 0, frame = 0
 511              		@ frame_needed = 0, uses_anonymous_args = 0
 512              		.loc 1 205 1 is_stmt 0 view .LVU131
 513 0000 08B5     		push	{r3, lr}
 514              	.LCFI0:
 515              		.cfi_def_cfa_offset 8
 516              		.cfi_offset 3, -8
 517              		.cfi_offset 14, -4
 206:Commponents/user_lib.c ****     return loop_float_constrain(Ang, -180.0f, 180.0f);
 518              		.loc 1 206 5 is_stmt 1 view .LVU132
 519              		.loc 1 206 12 is_stmt 0 view .LVU133
 520 0002 9FED031A 		vldr.32	s2, .L59
 521 0006 DFED030A 		vldr.32	s1, .L59+4
 522 000a FFF7FEFF 		bl	loop_float_constrain
 523              	.LVL37:
 207:Commponents/user_lib.c **** }
 524              		.loc 1 207 1 view .LVU134
 525 000e 08BD     		pop	{r3, pc}
 526              	.L60:
 527              		.align	2
 528              	.L59:
 529 0010 00003443 		.word	1127481344
 530 0014 000034C3 		.word	-1020002304
 531              		.cfi_endproc
 532              	.LFE133:
 534              		.section	.text.float_rounding,"ax",%progbits
 535              		.align	1
 536              		.global	float_rounding
 537              		.syntax unified
 538              		.thumb
 539              		.thumb_func
 541              	float_rounding:
 542              	.LVL38:
 543              	.LFB134:
 208:Commponents/user_lib.c **** 
 209:Commponents/user_lib.c **** int float_rounding(float raw)
 210:Commponents/user_lib.c **** {
ARM GAS  C:\Users\31005\AppData\Local\Temp\ccSUmIdf.s 			page 14


 544              		.loc 1 210 1 is_stmt 1 view -0
 545              		.cfi_startproc
 546              		@ args = 0, pretend = 0, frame = 0
 547              		@ frame_needed = 0, uses_anonymous_args = 0
 548              		@ link register save eliminated.
 211:Commponents/user_lib.c ****     static int integer;
 549              		.loc 1 211 5 view .LVU136
 212:Commponents/user_lib.c ****     static float decimal;
 550              		.loc 1 212 5 view .LVU137
 213:Commponents/user_lib.c ****     integer = (int)raw;
 551              		.loc 1 213 5 view .LVU138
 552              		.loc 1 213 15 is_stmt 0 view .LVU139
 553 0000 FDEEC07A 		vcvt.s32.f32	s15, s0
 554              		.loc 1 213 13 view .LVU140
 555 0004 0C4B     		ldr	r3, .L65
 556 0006 C3ED007A 		vstr.32	s15, [r3]	@ int
 214:Commponents/user_lib.c ****     decimal = raw - integer;
 557              		.loc 1 214 5 is_stmt 1 view .LVU141
 558              		.loc 1 214 19 is_stmt 0 view .LVU142
 559 000a B8EEE77A 		vcvt.f32.s32	s14, s15
 560 000e 30EE470A 		vsub.f32	s0, s0, s14
 561              	.LVL39:
 562              		.loc 1 214 13 view .LVU143
 563 0012 0A4B     		ldr	r3, .L65+4
 564 0014 83ED000A 		vstr.32	s0, [r3]
 215:Commponents/user_lib.c ****     if (decimal > 0.5f)
 565              		.loc 1 215 5 is_stmt 1 view .LVU144
 566              		.loc 1 215 8 is_stmt 0 view .LVU145
 567 0018 B6EE007A 		vmov.f32	s14, #5.0e-1
 568 001c B4EEC70A 		vcmpe.f32	s0, s14
 569 0020 F1EE10FA 		vmrs	APSR_nzcv, FPSCR
 570 0024 04DD     		ble	.L62
 216:Commponents/user_lib.c ****         integer++;
 571              		.loc 1 216 9 is_stmt 1 view .LVU146
 572              		.loc 1 216 16 is_stmt 0 view .LVU147
 573 0026 17EE903A 		vmov	r3, s15	@ int
 574 002a 0133     		adds	r3, r3, #1
 575 002c 024A     		ldr	r2, .L65
 576 002e 1360     		str	r3, [r2]
 577              	.L62:
 217:Commponents/user_lib.c ****     return integer;
 578              		.loc 1 217 5 is_stmt 1 view .LVU148
 218:Commponents/user_lib.c **** }
 579              		.loc 1 218 1 is_stmt 0 view .LVU149
 580 0030 014B     		ldr	r3, .L65
 581 0032 1868     		ldr	r0, [r3]
 582 0034 7047     		bx	lr
 583              	.L66:
 584 0036 00BF     		.align	2
 585              	.L65:
 586 0038 00000000 		.word	integer.4
 587 003c 00000000 		.word	decimal.3
 588              		.cfi_endproc
 589              	.LFE134:
 591              		.section	.text.OLS_Init,"ax",%progbits
 592              		.align	1
 593              		.global	OLS_Init
ARM GAS  C:\Users\31005\AppData\Local\Temp\ccSUmIdf.s 			page 15


 594              		.syntax unified
 595              		.thumb
 596              		.thumb_func
 598              	OLS_Init:
 599              	.LVL40:
 600              	.LFB135:
 219:Commponents/user_lib.c **** 
 220:Commponents/user_lib.c **** /**
 221:Commponents/user_lib.c ****  * @brief          最小二乘法初始化
 222:Commponents/user_lib.c ****  * @param[in]      最小二乘法结构体
 223:Commponents/user_lib.c ****  * @param[in]      样本数
 224:Commponents/user_lib.c ****  * @retval         返回空
 225:Commponents/user_lib.c ****  */
 226:Commponents/user_lib.c **** void OLS_Init(Ordinary_Least_Squares_t *OLS, uint16_t order)
 227:Commponents/user_lib.c **** {
 601              		.loc 1 227 1 is_stmt 1 view -0
 602              		.cfi_startproc
 603              		@ args = 0, pretend = 0, frame = 0
 604              		@ frame_needed = 0, uses_anonymous_args = 0
 605              		.loc 1 227 1 is_stmt 0 view .LVU151
 606 0000 F8B5     		push	{r3, r4, r5, r6, r7, lr}
 607              	.LCFI1:
 608              		.cfi_def_cfa_offset 24
 609              		.cfi_offset 3, -24
 610              		.cfi_offset 4, -20
 611              		.cfi_offset 5, -16
 612              		.cfi_offset 6, -12
 613              		.cfi_offset 7, -8
 614              		.cfi_offset 14, -4
 615 0002 0446     		mov	r4, r0
 228:Commponents/user_lib.c ****     OLS->Order = order;
 616              		.loc 1 228 5 is_stmt 1 view .LVU152
 617              		.loc 1 228 16 is_stmt 0 view .LVU153
 618 0004 0180     		strh	r1, [r0]	@ movhi
 229:Commponents/user_lib.c ****     OLS->Count = 0;
 619              		.loc 1 229 5 is_stmt 1 view .LVU154
 620              		.loc 1 229 16 is_stmt 0 view .LVU155
 621 0006 0026     		movs	r6, #0
 622 0008 4660     		str	r6, [r0, #4]
 230:Commponents/user_lib.c ****     OLS->x = (float *)user_malloc(sizeof(float) * order);
 623              		.loc 1 230 5 is_stmt 1 view .LVU156
 624              		.loc 1 230 23 is_stmt 0 view .LVU157
 625 000a 8D00     		lsls	r5, r1, #2
 626 000c 2846     		mov	r0, r5
 627              	.LVL41:
 628              		.loc 1 230 23 view .LVU158
 629 000e FFF7FEFF 		bl	malloc
 630              	.LVL42:
 631              		.loc 1 230 23 view .LVU159
 632 0012 0746     		mov	r7, r0
 633              		.loc 1 230 12 view .LVU160
 634 0014 A060     		str	r0, [r4, #8]
 231:Commponents/user_lib.c ****     OLS->y = (float *)user_malloc(sizeof(float) * order);
 635              		.loc 1 231 5 is_stmt 1 view .LVU161
 636              		.loc 1 231 23 is_stmt 0 view .LVU162
 637 0016 2846     		mov	r0, r5
 638 0018 FFF7FEFF 		bl	malloc
ARM GAS  C:\Users\31005\AppData\Local\Temp\ccSUmIdf.s 			page 16


 639              	.LVL43:
 640              		.loc 1 231 12 view .LVU163
 641 001c E060     		str	r0, [r4, #12]
 232:Commponents/user_lib.c ****     OLS->k = 0;
 642              		.loc 1 232 5 is_stmt 1 view .LVU164
 643              		.loc 1 232 12 is_stmt 0 view .LVU165
 644 001e 0023     		movs	r3, #0
 645 0020 2361     		str	r3, [r4, #16]	@ float
 233:Commponents/user_lib.c ****     OLS->b = 0;
 646              		.loc 1 233 5 is_stmt 1 view .LVU166
 647              		.loc 1 233 12 is_stmt 0 view .LVU167
 648 0022 6361     		str	r3, [r4, #20]	@ float
 234:Commponents/user_lib.c ****     memset((void *)OLS->x, 0, sizeof(float) * order);
 649              		.loc 1 234 5 is_stmt 1 view .LVU168
 650 0024 2A46     		mov	r2, r5
 651 0026 3146     		mov	r1, r6
 652 0028 3846     		mov	r0, r7
 653 002a FFF7FEFF 		bl	memset
 654              	.LVL44:
 235:Commponents/user_lib.c ****     memset((void *)OLS->y, 0, sizeof(float) * order);
 655              		.loc 1 235 5 view .LVU169
 656 002e 2A46     		mov	r2, r5
 657 0030 3146     		mov	r1, r6
 658 0032 E068     		ldr	r0, [r4, #12]
 659 0034 FFF7FEFF 		bl	memset
 660              	.LVL45:
 236:Commponents/user_lib.c ****     memset((void *)OLS->t, 0, sizeof(float) * 4);
 661              		.loc 1 236 5 view .LVU170
 662 0038 E661     		str	r6, [r4, #28]	@ unaligned
 663 003a 2662     		str	r6, [r4, #32]	@ unaligned
 664 003c 6662     		str	r6, [r4, #36]	@ unaligned
 665 003e A662     		str	r6, [r4, #40]	@ unaligned
 237:Commponents/user_lib.c **** }
 666              		.loc 1 237 1 is_stmt 0 view .LVU171
 667 0040 F8BD     		pop	{r3, r4, r5, r6, r7, pc}
 668              		.loc 1 237 1 view .LVU172
 669              		.cfi_endproc
 670              	.LFE135:
 672              		.section	.text.OLS_Update,"ax",%progbits
 673              		.align	1
 674              		.global	OLS_Update
 675              		.syntax unified
 676              		.thumb
 677              		.thumb_func
 679              	OLS_Update:
 680              	.LVL46:
 681              	.LFB136:
 238:Commponents/user_lib.c **** 
 239:Commponents/user_lib.c **** /**
 240:Commponents/user_lib.c ****  * @brief          最小二乘法拟合
 241:Commponents/user_lib.c ****  * @param[in]      最小二乘法结构体
 242:Commponents/user_lib.c ****  * @param[in]      信号新样本距上一个样本时间间隔
 243:Commponents/user_lib.c ****  * @param[in]      信号值
 244:Commponents/user_lib.c ****  */
 245:Commponents/user_lib.c **** void OLS_Update(Ordinary_Least_Squares_t *OLS, float deltax, float y)
 246:Commponents/user_lib.c **** {
 682              		.loc 1 246 1 is_stmt 1 view -0
ARM GAS  C:\Users\31005\AppData\Local\Temp\ccSUmIdf.s 			page 17


 683              		.cfi_startproc
 684              		@ args = 0, pretend = 0, frame = 0
 685              		@ frame_needed = 0, uses_anonymous_args = 0
 686              		@ link register save eliminated.
 247:Commponents/user_lib.c ****     static float temp = 0;
 687              		.loc 1 247 5 view .LVU174
 248:Commponents/user_lib.c ****     temp = OLS->x[1];
 688              		.loc 1 248 5 view .LVU175
 689              		.loc 1 248 15 is_stmt 0 view .LVU176
 690 0000 8368     		ldr	r3, [r0, #8]
 691              		.loc 1 248 10 view .LVU177
 692 0002 93ED017A 		vldr.32	s14, [r3, #4]
 693 0006 614B     		ldr	r3, .L77
 694 0008 83ED007A 		vstr.32	s14, [r3]
 249:Commponents/user_lib.c ****     for (uint16_t i = 0; i < OLS->Order - 1; ++i)
 695              		.loc 1 249 5 is_stmt 1 view .LVU178
 696              	.LBB4:
 697              		.loc 1 249 10 view .LVU179
 698              	.LVL47:
 699              		.loc 1 249 19 is_stmt 0 view .LVU180
 700 000c 0023     		movs	r3, #0
 701              		.loc 1 249 5 view .LVU181
 702 000e 13E0     		b	.L70
 703              	.LVL48:
 704              	.L71:
 250:Commponents/user_lib.c ****     {
 251:Commponents/user_lib.c ****         OLS->x[i] = OLS->x[i + 1] - temp;
 705              		.loc 1 251 9 is_stmt 1 discriminator 3 view .LVU182
 706              		.loc 1 251 24 is_stmt 0 discriminator 3 view .LVU183
 707 0010 8268     		ldr	r2, [r0, #8]
 708              		.loc 1 251 27 discriminator 3 view .LVU184
 709 0012 591C     		adds	r1, r3, #1
 710 0014 02EB810C 		add	ip, r2, r1, lsl #2
 711 0018 DCED007A 		vldr.32	s15, [ip]
 712              		.loc 1 251 15 discriminator 3 view .LVU185
 713 001c 02EB8302 		add	r2, r2, r3, lsl #2
 714              		.loc 1 251 35 discriminator 3 view .LVU186
 715 0020 77EEC77A 		vsub.f32	s15, s15, s14
 716              		.loc 1 251 19 discriminator 3 view .LVU187
 717 0024 C2ED007A 		vstr.32	s15, [r2]
 252:Commponents/user_lib.c ****         OLS->y[i] = OLS->y[i + 1];
 718              		.loc 1 252 9 is_stmt 1 discriminator 3 view .LVU188
 719              		.loc 1 252 24 is_stmt 0 discriminator 3 view .LVU189
 720 0028 C268     		ldr	r2, [r0, #12]
 721              		.loc 1 252 15 discriminator 3 view .LVU190
 722 002a 02EB8303 		add	r3, r2, r3, lsl #2
 723              	.LVL49:
 724              		.loc 1 252 27 discriminator 3 view .LVU191
 725 002e 02EB8102 		add	r2, r2, r1, lsl #2
 726 0032 1268     		ldr	r2, [r2]	@ float
 727              		.loc 1 252 19 discriminator 3 view .LVU192
 728 0034 1A60     		str	r2, [r3]	@ float
 249:Commponents/user_lib.c ****     for (uint16_t i = 0; i < OLS->Order - 1; ++i)
 729              		.loc 1 249 46 is_stmt 1 discriminator 3 view .LVU193
 730 0036 8BB2     		uxth	r3, r1
 731              	.LVL50:
 732              	.L70:
ARM GAS  C:\Users\31005\AppData\Local\Temp\ccSUmIdf.s 			page 18


 249:Commponents/user_lib.c ****     for (uint16_t i = 0; i < OLS->Order - 1; ++i)
 733              		.loc 1 249 28 discriminator 1 view .LVU194
 249:Commponents/user_lib.c ****     for (uint16_t i = 0; i < OLS->Order - 1; ++i)
 734              		.loc 1 249 33 is_stmt 0 discriminator 1 view .LVU195
 735 0038 0288     		ldrh	r2, [r0]
 249:Commponents/user_lib.c ****     for (uint16_t i = 0; i < OLS->Order - 1; ++i)
 736              		.loc 1 249 41 discriminator 1 view .LVU196
 737 003a 511E     		subs	r1, r2, #1
 249:Commponents/user_lib.c ****     for (uint16_t i = 0; i < OLS->Order - 1; ++i)
 738              		.loc 1 249 28 discriminator 1 view .LVU197
 739 003c 8B42     		cmp	r3, r1
 740 003e E7DB     		blt	.L71
 741              	.LBE4:
 253:Commponents/user_lib.c ****     }
 254:Commponents/user_lib.c ****     OLS->x[OLS->Order - 1] = OLS->x[OLS->Order - 2] + deltax;
 742              		.loc 1 254 5 is_stmt 1 view .LVU198
 743              		.loc 1 254 33 is_stmt 0 view .LVU199
 744 0040 8168     		ldr	r1, [r0, #8]
 745              		.loc 1 254 36 view .LVU200
 746 0042 02F18043 		add	r3, r2, #1073741824
 747              	.LVL51:
 748              		.loc 1 254 36 view .LVU201
 749 0046 023B     		subs	r3, r3, #2
 750 0048 01EB8303 		add	r3, r1, r3, lsl #2
 751 004c D3ED007A 		vldr.32	s15, [r3]
 752              		.loc 1 254 11 view .LVU202
 753 0050 6FF0404C 		mvn	ip, #-1073741824
 754 0054 6244     		add	r2, r2, ip
 755 0056 01EB8201 		add	r1, r1, r2, lsl #2
 756              		.loc 1 254 53 view .LVU203
 757 005a 77EE807A 		vadd.f32	s15, s15, s0
 758              		.loc 1 254 28 view .LVU204
 759 005e C1ED007A 		vstr.32	s15, [r1]
 255:Commponents/user_lib.c ****     OLS->y[OLS->Order - 1] = y;
 760              		.loc 1 255 5 is_stmt 1 view .LVU205
 761              		.loc 1 255 8 is_stmt 0 view .LVU206
 762 0062 C368     		ldr	r3, [r0, #12]
 763              		.loc 1 255 15 view .LVU207
 764 0064 0288     		ldrh	r2, [r0]
 765              		.loc 1 255 11 view .LVU208
 766 0066 6244     		add	r2, r2, ip
 767 0068 03EB8203 		add	r3, r3, r2, lsl #2
 768              		.loc 1 255 28 view .LVU209
 769 006c C3ED000A 		vstr.32	s1, [r3]
 256:Commponents/user_lib.c **** 
 257:Commponents/user_lib.c ****     if (OLS->Count < OLS->Order)
 770              		.loc 1 257 5 is_stmt 1 view .LVU210
 771              		.loc 1 257 12 is_stmt 0 view .LVU211
 772 0070 4368     		ldr	r3, [r0, #4]
 773              		.loc 1 257 25 view .LVU212
 774 0072 B0F800C0 		ldrh	ip, [r0]
 775              		.loc 1 257 8 view .LVU213
 776 0076 6345     		cmp	r3, ip
 777 0078 01D2     		bcs	.L72
 258:Commponents/user_lib.c ****     {
 259:Commponents/user_lib.c ****         OLS->Count++;
 778              		.loc 1 259 9 is_stmt 1 view .LVU214
ARM GAS  C:\Users\31005\AppData\Local\Temp\ccSUmIdf.s 			page 19


 779              		.loc 1 259 19 is_stmt 0 view .LVU215
 780 007a 0133     		adds	r3, r3, #1
 781 007c 4360     		str	r3, [r0, #4]
 782              	.L72:
 260:Commponents/user_lib.c ****     }
 261:Commponents/user_lib.c ****     memset((void *)OLS->t, 0, sizeof(float) * 4);
 783              		.loc 1 261 5 is_stmt 1 view .LVU216
 784 007e 0023     		movs	r3, #0
 785 0080 C361     		str	r3, [r0, #28]	@ unaligned
 786 0082 0362     		str	r3, [r0, #32]	@ unaligned
 787 0084 4362     		str	r3, [r0, #36]	@ unaligned
 788 0086 8362     		str	r3, [r0, #40]	@ unaligned
 262:Commponents/user_lib.c ****     for (uint16_t i = OLS->Order - OLS->Count; i < OLS->Order; ++i)
 789              		.loc 1 262 5 view .LVU217
 790              	.LBB5:
 791              		.loc 1 262 10 view .LVU218
 792              		.loc 1 262 34 is_stmt 0 view .LVU219
 793 0088 8388     		ldrh	r3, [r0, #4]
 794              		.loc 1 262 19 view .LVU220
 795 008a ACEB0303 		sub	r3, ip, r3
 796 008e 9BB2     		uxth	r3, r3
 797              	.LVL52:
 798              		.loc 1 262 19 view .LVU221
 799 0090 1A46     		mov	r2, r3
 800              		.loc 1 262 5 view .LVU222
 801 0092 2DE0     		b	.L73
 802              	.LVL53:
 803              	.L74:
 263:Commponents/user_lib.c ****     {
 264:Commponents/user_lib.c ****         OLS->t[0] += OLS->x[i] * OLS->x[i];
 804              		.loc 1 264 9 is_stmt 1 discriminator 3 view .LVU223
 805              		.loc 1 264 15 is_stmt 0 discriminator 3 view .LVU224
 806 0094 90ED077A 		vldr.32	s14, [r0, #28]
 807              		.loc 1 264 25 discriminator 3 view .LVU225
 808 0098 8168     		ldr	r1, [r0, #8]
 809              		.loc 1 264 28 discriminator 3 view .LVU226
 810 009a 01EB8201 		add	r1, r1, r2, lsl #2
 811 009e D1ED007A 		vldr.32	s15, [r1]
 812              		.loc 1 264 32 discriminator 3 view .LVU227
 813 00a2 67EEA77A 		vmul.f32	s15, s15, s15
 814              		.loc 1 264 19 discriminator 3 view .LVU228
 815 00a6 77EE277A 		vadd.f32	s15, s14, s15
 816 00aa C0ED077A 		vstr.32	s15, [r0, #28]
 265:Commponents/user_lib.c ****         OLS->t[1] += OLS->x[i];
 817              		.loc 1 265 9 is_stmt 1 discriminator 3 view .LVU229
 818              		.loc 1 265 15 is_stmt 0 discriminator 3 view .LVU230
 819 00ae D0ED087A 		vldr.32	s15, [r0, #32]
 820              		.loc 1 265 28 discriminator 3 view .LVU231
 821 00b2 91ED007A 		vldr.32	s14, [r1]
 822              		.loc 1 265 19 discriminator 3 view .LVU232
 823 00b6 77EE877A 		vadd.f32	s15, s15, s14
 824 00ba C0ED087A 		vstr.32	s15, [r0, #32]
 266:Commponents/user_lib.c ****         OLS->t[2] += OLS->x[i] * OLS->y[i];
 825              		.loc 1 266 9 is_stmt 1 discriminator 3 view .LVU233
 826              		.loc 1 266 15 is_stmt 0 discriminator 3 view .LVU234
 827 00be D0ED097A 		vldr.32	s15, [r0, #36]
 828              		.loc 1 266 28 discriminator 3 view .LVU235
ARM GAS  C:\Users\31005\AppData\Local\Temp\ccSUmIdf.s 			page 20


 829 00c2 91ED007A 		vldr.32	s14, [r1]
 830              		.loc 1 266 37 discriminator 3 view .LVU236
 831 00c6 C168     		ldr	r1, [r0, #12]
 832              		.loc 1 266 40 discriminator 3 view .LVU237
 833 00c8 01EB8201 		add	r1, r1, r2, lsl #2
 834 00cc D1ED006A 		vldr.32	s13, [r1]
 835              		.loc 1 266 32 discriminator 3 view .LVU238
 836 00d0 27EE267A 		vmul.f32	s14, s14, s13
 837              		.loc 1 266 19 discriminator 3 view .LVU239
 838 00d4 77EE877A 		vadd.f32	s15, s15, s14
 839 00d8 C0ED097A 		vstr.32	s15, [r0, #36]
 267:Commponents/user_lib.c ****         OLS->t[3] += OLS->y[i];
 840              		.loc 1 267 9 is_stmt 1 discriminator 3 view .LVU240
 841              		.loc 1 267 15 is_stmt 0 discriminator 3 view .LVU241
 842 00dc D0ED0A7A 		vldr.32	s15, [r0, #40]
 843              		.loc 1 267 28 discriminator 3 view .LVU242
 844 00e0 91ED007A 		vldr.32	s14, [r1]
 845              		.loc 1 267 19 discriminator 3 view .LVU243
 846 00e4 77EE877A 		vadd.f32	s15, s15, s14
 847 00e8 C0ED0A7A 		vstr.32	s15, [r0, #40]
 262:Commponents/user_lib.c ****     {
 848              		.loc 1 262 64 is_stmt 1 discriminator 3 view .LVU244
 849 00ec 0132     		adds	r2, r2, #1
 850              	.LVL54:
 262:Commponents/user_lib.c ****     {
 851              		.loc 1 262 64 is_stmt 0 discriminator 3 view .LVU245
 852 00ee 92B2     		uxth	r2, r2
 853              	.LVL55:
 854              	.L73:
 262:Commponents/user_lib.c ****     {
 855              		.loc 1 262 50 is_stmt 1 discriminator 1 view .LVU246
 856 00f0 9445     		cmp	ip, r2
 857 00f2 CFD8     		bhi	.L74
 858              	.LBE5:
 268:Commponents/user_lib.c ****     }
 269:Commponents/user_lib.c **** 
 270:Commponents/user_lib.c ****     OLS->k = (OLS->t[2] * OLS->Order - OLS->t[1] * OLS->t[3]) / (OLS->t[0] * OLS->Order - OLS->t[1]
 859              		.loc 1 270 5 view .LVU247
 860              		.loc 1 270 21 is_stmt 0 view .LVU248
 861 00f4 D0ED096A 		vldr.32	s13, [r0, #36]
 862              		.loc 1 270 25 view .LVU249
 863 00f8 07EE90CA 		vmov	s15, ip	@ int
 864 00fc B8EEE75A 		vcvt.f32.s32	s10, s15
 865 0100 66EE854A 		vmul.f32	s9, s13, s10
 866              		.loc 1 270 46 view .LVU250
 867 0104 90ED086A 		vldr.32	s12, [r0, #32]
 868              		.loc 1 270 58 view .LVU251
 869 0108 D0ED0A7A 		vldr.32	s15, [r0, #40]
 870              		.loc 1 270 50 view .LVU252
 871 010c 26EE277A 		vmul.f32	s14, s12, s15
 872              		.loc 1 270 38 view .LVU253
 873 0110 74EEC74A 		vsub.f32	s9, s9, s14
 874              		.loc 1 270 72 view .LVU254
 875 0114 90ED074A 		vldr.32	s8, [r0, #28]
 876              		.loc 1 270 76 view .LVU255
 877 0118 25EE047A 		vmul.f32	s14, s10, s8
 878              		.loc 1 270 101 view .LVU256
ARM GAS  C:\Users\31005\AppData\Local\Temp\ccSUmIdf.s 			page 21


 879 011c 66EE065A 		vmul.f32	s11, s12, s12
 880              		.loc 1 270 89 view .LVU257
 881 0120 37EE657A 		vsub.f32	s14, s14, s11
 882              		.loc 1 270 63 view .LVU258
 883 0124 C4EE875A 		vdiv.f32	s11, s9, s14
 884              		.loc 1 270 12 view .LVU259
 885 0128 C0ED045A 		vstr.32	s11, [r0, #16]
 271:Commponents/user_lib.c ****     OLS->b = (OLS->t[0] * OLS->t[3] - OLS->t[1] * OLS->t[2]) / (OLS->t[0] * OLS->Order - OLS->t[1] 
 886              		.loc 1 271 5 is_stmt 1 view .LVU260
 887              		.loc 1 271 25 is_stmt 0 view .LVU261
 888 012c 67EE847A 		vmul.f32	s15, s15, s8
 889              		.loc 1 271 49 view .LVU262
 890 0130 66EE866A 		vmul.f32	s13, s13, s12
 891              		.loc 1 271 37 view .LVU263
 892 0134 77EEE67A 		vsub.f32	s15, s15, s13
 893              		.loc 1 271 62 view .LVU264
 894 0138 87EE876A 		vdiv.f32	s12, s15, s14
 895              		.loc 1 271 12 view .LVU265
 896 013c 80ED056A 		vstr.32	s12, [r0, #20]
 272:Commponents/user_lib.c **** 
 273:Commponents/user_lib.c ****     OLS->StandardDeviation = 0;
 897              		.loc 1 273 5 is_stmt 1 view .LVU266
 898              		.loc 1 273 28 is_stmt 0 view .LVU267
 899 0140 0022     		movs	r2, #0
 900              	.LVL56:
 901              		.loc 1 273 28 view .LVU268
 902 0142 8261     		str	r2, [r0, #24]	@ float
 274:Commponents/user_lib.c ****     for (uint16_t i = OLS->Order - OLS->Count; i < OLS->Order; ++i)
 903              		.loc 1 274 5 is_stmt 1 view .LVU269
 904              	.LBB6:
 905              		.loc 1 274 10 view .LVU270
 906              	.LVL57:
 907              		.loc 1 274 5 is_stmt 0 view .LVU271
 908 0144 19E0     		b	.L75
 909              	.L76:
 275:Commponents/user_lib.c ****     {
 276:Commponents/user_lib.c ****         OLS->StandardDeviation += fabsf(OLS->k * OLS->x[i] + OLS->b - OLS->y[i]);
 910              		.loc 1 276 9 is_stmt 1 discriminator 3 view .LVU272
 911              		.loc 1 276 12 is_stmt 0 discriminator 3 view .LVU273
 912 0146 90ED067A 		vldr.32	s14, [r0, #24]
 913              		.loc 1 276 53 discriminator 3 view .LVU274
 914 014a 8268     		ldr	r2, [r0, #8]
 915              		.loc 1 276 56 discriminator 3 view .LVU275
 916 014c 02EB8302 		add	r2, r2, r3, lsl #2
 917 0150 D2ED007A 		vldr.32	s15, [r2]
 918              		.loc 1 276 48 discriminator 3 view .LVU276
 919 0154 65EEA77A 		vmul.f32	s15, s11, s15
 920              		.loc 1 276 60 discriminator 3 view .LVU277
 921 0158 76EE277A 		vadd.f32	s15, s12, s15
 922              		.loc 1 276 74 discriminator 3 view .LVU278
 923 015c C268     		ldr	r2, [r0, #12]
 924              		.loc 1 276 77 discriminator 3 view .LVU279
 925 015e 02EB8302 		add	r2, r2, r3, lsl #2
 926 0162 D2ED006A 		vldr.32	s13, [r2]
 927              		.loc 1 276 69 discriminator 3 view .LVU280
 928 0166 77EEE67A 		vsub.f32	s15, s15, s13
 929              		.loc 1 276 35 discriminator 3 view .LVU281
ARM GAS  C:\Users\31005\AppData\Local\Temp\ccSUmIdf.s 			page 22


 930 016a F0EEE77A 		vabs.f32	s15, s15
 931              		.loc 1 276 32 discriminator 3 view .LVU282
 932 016e 77EE277A 		vadd.f32	s15, s14, s15
 933 0172 C0ED067A 		vstr.32	s15, [r0, #24]
 274:Commponents/user_lib.c ****     for (uint16_t i = OLS->Order - OLS->Count; i < OLS->Order; ++i)
 934              		.loc 1 274 64 is_stmt 1 discriminator 3 view .LVU283
 935 0176 0133     		adds	r3, r3, #1
 936              	.LVL58:
 274:Commponents/user_lib.c ****     for (uint16_t i = OLS->Order - OLS->Count; i < OLS->Order; ++i)
 937              		.loc 1 274 64 is_stmt 0 discriminator 3 view .LVU284
 938 0178 9BB2     		uxth	r3, r3
 939              	.LVL59:
 940              	.L75:
 274:Commponents/user_lib.c ****     for (uint16_t i = OLS->Order - OLS->Count; i < OLS->Order; ++i)
 941              		.loc 1 274 50 is_stmt 1 discriminator 1 view .LVU285
 942 017a 9C45     		cmp	ip, r3
 943 017c E3D8     		bhi	.L76
 274:Commponents/user_lib.c ****     for (uint16_t i = OLS->Order - OLS->Count; i < OLS->Order; ++i)
 944              		.loc 1 274 50 is_stmt 0 discriminator 1 view .LVU286
 945              	.LBE6:
 277:Commponents/user_lib.c ****     }
 278:Commponents/user_lib.c ****     OLS->StandardDeviation /= OLS->Order;
 946              		.loc 1 278 5 is_stmt 1 view .LVU287
 947              		.loc 1 278 8 is_stmt 0 view .LVU288
 948 017e 90ED067A 		vldr.32	s14, [r0, #24]
 949              		.loc 1 278 28 view .LVU289
 950 0182 C7EE057A 		vdiv.f32	s15, s14, s10
 951 0186 C0ED067A 		vstr.32	s15, [r0, #24]
 279:Commponents/user_lib.c **** }
 952              		.loc 1 279 1 view .LVU290
 953 018a 7047     		bx	lr
 954              	.L78:
 955              		.align	2
 956              	.L77:
 957 018c 00000000 		.word	temp.2
 958              		.cfi_endproc
 959              	.LFE136:
 961              		.section	.text.OLS_Derivative,"ax",%progbits
 962              		.align	1
 963              		.global	OLS_Derivative
 964              		.syntax unified
 965              		.thumb
 966              		.thumb_func
 968              	OLS_Derivative:
 969              	.LVL60:
 970              	.LFB137:
 280:Commponents/user_lib.c **** 
 281:Commponents/user_lib.c **** /**
 282:Commponents/user_lib.c ****  * @brief          最小二乘法提取信号微分
 283:Commponents/user_lib.c ****  * @param[in]      最小二乘法结构体
 284:Commponents/user_lib.c ****  * @param[in]      信号新样本距上一个样本时间间隔
 285:Commponents/user_lib.c ****  * @param[in]      信号值
 286:Commponents/user_lib.c ****  * @retval         返回斜率k
 287:Commponents/user_lib.c ****  */
 288:Commponents/user_lib.c **** float OLS_Derivative(Ordinary_Least_Squares_t *OLS, float deltax, float y)
 289:Commponents/user_lib.c **** {
 971              		.loc 1 289 1 is_stmt 1 view -0
ARM GAS  C:\Users\31005\AppData\Local\Temp\ccSUmIdf.s 			page 23


 972              		.cfi_startproc
 973              		@ args = 0, pretend = 0, frame = 0
 974              		@ frame_needed = 0, uses_anonymous_args = 0
 975              		@ link register save eliminated.
 290:Commponents/user_lib.c ****     static float temp = 0;
 976              		.loc 1 290 5 view .LVU292
 291:Commponents/user_lib.c ****     temp = OLS->x[1];
 977              		.loc 1 291 5 view .LVU293
 978              		.loc 1 291 15 is_stmt 0 view .LVU294
 979 0000 8368     		ldr	r3, [r0, #8]
 980              		.loc 1 291 10 view .LVU295
 981 0002 93ED017A 		vldr.32	s14, [r3, #4]
 982 0006 5D4B     		ldr	r3, .L87
 983 0008 83ED007A 		vstr.32	s14, [r3]
 292:Commponents/user_lib.c ****     for (uint16_t i = 0; i < OLS->Order - 1; ++i)
 984              		.loc 1 292 5 is_stmt 1 view .LVU296
 985              	.LBB7:
 986              		.loc 1 292 10 view .LVU297
 987              	.LVL61:
 988              		.loc 1 292 19 is_stmt 0 view .LVU298
 989 000c 0023     		movs	r3, #0
 990              		.loc 1 292 5 view .LVU299
 991 000e 13E0     		b	.L80
 992              	.LVL62:
 993              	.L81:
 293:Commponents/user_lib.c ****     {
 294:Commponents/user_lib.c ****         OLS->x[i] = OLS->x[i + 1] - temp;
 994              		.loc 1 294 9 is_stmt 1 discriminator 3 view .LVU300
 995              		.loc 1 294 24 is_stmt 0 discriminator 3 view .LVU301
 996 0010 8268     		ldr	r2, [r0, #8]
 997              		.loc 1 294 27 discriminator 3 view .LVU302
 998 0012 591C     		adds	r1, r3, #1
 999 0014 02EB810C 		add	ip, r2, r1, lsl #2
 1000 0018 DCED007A 		vldr.32	s15, [ip]
 1001              		.loc 1 294 15 discriminator 3 view .LVU303
 1002 001c 02EB8302 		add	r2, r2, r3, lsl #2
 1003              		.loc 1 294 35 discriminator 3 view .LVU304
 1004 0020 77EEC77A 		vsub.f32	s15, s15, s14
 1005              		.loc 1 294 19 discriminator 3 view .LVU305
 1006 0024 C2ED007A 		vstr.32	s15, [r2]
 295:Commponents/user_lib.c ****         OLS->y[i] = OLS->y[i + 1];
 1007              		.loc 1 295 9 is_stmt 1 discriminator 3 view .LVU306
 1008              		.loc 1 295 24 is_stmt 0 discriminator 3 view .LVU307
 1009 0028 C268     		ldr	r2, [r0, #12]
 1010              		.loc 1 295 15 discriminator 3 view .LVU308
 1011 002a 02EB8303 		add	r3, r2, r3, lsl #2
 1012              	.LVL63:
 1013              		.loc 1 295 27 discriminator 3 view .LVU309
 1014 002e 02EB8102 		add	r2, r2, r1, lsl #2
 1015 0032 1268     		ldr	r2, [r2]	@ float
 1016              		.loc 1 295 19 discriminator 3 view .LVU310
 1017 0034 1A60     		str	r2, [r3]	@ float
 292:Commponents/user_lib.c ****     for (uint16_t i = 0; i < OLS->Order - 1; ++i)
 1018              		.loc 1 292 46 is_stmt 1 discriminator 3 view .LVU311
 1019 0036 8BB2     		uxth	r3, r1
 1020              	.LVL64:
 1021              	.L80:
ARM GAS  C:\Users\31005\AppData\Local\Temp\ccSUmIdf.s 			page 24


 292:Commponents/user_lib.c ****     for (uint16_t i = 0; i < OLS->Order - 1; ++i)
 1022              		.loc 1 292 28 discriminator 1 view .LVU312
 292:Commponents/user_lib.c ****     for (uint16_t i = 0; i < OLS->Order - 1; ++i)
 1023              		.loc 1 292 33 is_stmt 0 discriminator 1 view .LVU313
 1024 0038 0288     		ldrh	r2, [r0]
 292:Commponents/user_lib.c ****     for (uint16_t i = 0; i < OLS->Order - 1; ++i)
 1025              		.loc 1 292 41 discriminator 1 view .LVU314
 1026 003a 511E     		subs	r1, r2, #1
 292:Commponents/user_lib.c ****     for (uint16_t i = 0; i < OLS->Order - 1; ++i)
 1027              		.loc 1 292 28 discriminator 1 view .LVU315
 1028 003c 8B42     		cmp	r3, r1
 1029 003e E7DB     		blt	.L81
 1030              	.LBE7:
 296:Commponents/user_lib.c ****     }
 297:Commponents/user_lib.c ****     OLS->x[OLS->Order - 1] = OLS->x[OLS->Order - 2] + deltax;
 1031              		.loc 1 297 5 is_stmt 1 view .LVU316
 1032              		.loc 1 297 33 is_stmt 0 view .LVU317
 1033 0040 8168     		ldr	r1, [r0, #8]
 1034              		.loc 1 297 36 view .LVU318
 1035 0042 02F18043 		add	r3, r2, #1073741824
 1036              	.LVL65:
 1037              		.loc 1 297 36 view .LVU319
 1038 0046 023B     		subs	r3, r3, #2
 1039 0048 01EB8303 		add	r3, r1, r3, lsl #2
 1040 004c D3ED007A 		vldr.32	s15, [r3]
 1041              		.loc 1 297 11 view .LVU320
 1042 0050 6FF0404C 		mvn	ip, #-1073741824
 1043 0054 6244     		add	r2, r2, ip
 1044 0056 01EB8201 		add	r1, r1, r2, lsl #2
 1045              		.loc 1 297 53 view .LVU321
 1046 005a 77EE807A 		vadd.f32	s15, s15, s0
 1047              		.loc 1 297 28 view .LVU322
 1048 005e C1ED007A 		vstr.32	s15, [r1]
 298:Commponents/user_lib.c ****     OLS->y[OLS->Order - 1] = y;
 1049              		.loc 1 298 5 is_stmt 1 view .LVU323
 1050              		.loc 1 298 8 is_stmt 0 view .LVU324
 1051 0062 C368     		ldr	r3, [r0, #12]
 1052              		.loc 1 298 15 view .LVU325
 1053 0064 0288     		ldrh	r2, [r0]
 1054              		.loc 1 298 11 view .LVU326
 1055 0066 6244     		add	r2, r2, ip
 1056 0068 03EB8203 		add	r3, r3, r2, lsl #2
 1057              		.loc 1 298 28 view .LVU327
 1058 006c C3ED000A 		vstr.32	s1, [r3]
 299:Commponents/user_lib.c **** 
 300:Commponents/user_lib.c ****     if (OLS->Count < OLS->Order)
 1059              		.loc 1 300 5 is_stmt 1 view .LVU328
 1060              		.loc 1 300 12 is_stmt 0 view .LVU329
 1061 0070 4368     		ldr	r3, [r0, #4]
 1062              		.loc 1 300 25 view .LVU330
 1063 0072 B0F800C0 		ldrh	ip, [r0]
 1064              		.loc 1 300 8 view .LVU331
 1065 0076 6345     		cmp	r3, ip
 1066 0078 01D2     		bcs	.L82
 301:Commponents/user_lib.c ****     {
 302:Commponents/user_lib.c ****         OLS->Count++;
 1067              		.loc 1 302 9 is_stmt 1 view .LVU332
ARM GAS  C:\Users\31005\AppData\Local\Temp\ccSUmIdf.s 			page 25


 1068              		.loc 1 302 19 is_stmt 0 view .LVU333
 1069 007a 0133     		adds	r3, r3, #1
 1070 007c 4360     		str	r3, [r0, #4]
 1071              	.L82:
 303:Commponents/user_lib.c ****     }
 304:Commponents/user_lib.c **** 
 305:Commponents/user_lib.c ****     memset((void *)OLS->t, 0, sizeof(float) * 4);
 1072              		.loc 1 305 5 is_stmt 1 view .LVU334
 1073 007e 0023     		movs	r3, #0
 1074 0080 C361     		str	r3, [r0, #28]	@ unaligned
 1075 0082 0362     		str	r3, [r0, #32]	@ unaligned
 1076 0084 4362     		str	r3, [r0, #36]	@ unaligned
 1077 0086 8362     		str	r3, [r0, #40]	@ unaligned
 306:Commponents/user_lib.c ****     for (uint16_t i = OLS->Order - OLS->Count; i < OLS->Order; ++i)
 1078              		.loc 1 306 5 view .LVU335
 1079              	.LBB8:
 1080              		.loc 1 306 10 view .LVU336
 1081              		.loc 1 306 34 is_stmt 0 view .LVU337
 1082 0088 8388     		ldrh	r3, [r0, #4]
 1083              		.loc 1 306 19 view .LVU338
 1084 008a ACEB0303 		sub	r3, ip, r3
 1085 008e 9BB2     		uxth	r3, r3
 1086              	.LVL66:
 1087              		.loc 1 306 19 view .LVU339
 1088 0090 1A46     		mov	r2, r3
 1089              		.loc 1 306 5 view .LVU340
 1090 0092 2DE0     		b	.L83
 1091              	.LVL67:
 1092              	.L84:
 307:Commponents/user_lib.c ****     {
 308:Commponents/user_lib.c ****         OLS->t[0] += OLS->x[i] * OLS->x[i];
 1093              		.loc 1 308 9 is_stmt 1 discriminator 3 view .LVU341
 1094              		.loc 1 308 15 is_stmt 0 discriminator 3 view .LVU342
 1095 0094 90ED077A 		vldr.32	s14, [r0, #28]
 1096              		.loc 1 308 25 discriminator 3 view .LVU343
 1097 0098 8168     		ldr	r1, [r0, #8]
 1098              		.loc 1 308 28 discriminator 3 view .LVU344
 1099 009a 01EB8201 		add	r1, r1, r2, lsl #2
 1100 009e D1ED007A 		vldr.32	s15, [r1]
 1101              		.loc 1 308 32 discriminator 3 view .LVU345
 1102 00a2 67EEA77A 		vmul.f32	s15, s15, s15
 1103              		.loc 1 308 19 discriminator 3 view .LVU346
 1104 00a6 77EE277A 		vadd.f32	s15, s14, s15
 1105 00aa C0ED077A 		vstr.32	s15, [r0, #28]
 309:Commponents/user_lib.c ****         OLS->t[1] += OLS->x[i];
 1106              		.loc 1 309 9 is_stmt 1 discriminator 3 view .LVU347
 1107              		.loc 1 309 15 is_stmt 0 discriminator 3 view .LVU348
 1108 00ae D0ED087A 		vldr.32	s15, [r0, #32]
 1109              		.loc 1 309 28 discriminator 3 view .LVU349
 1110 00b2 91ED007A 		vldr.32	s14, [r1]
 1111              		.loc 1 309 19 discriminator 3 view .LVU350
 1112 00b6 77EE877A 		vadd.f32	s15, s15, s14
 1113 00ba C0ED087A 		vstr.32	s15, [r0, #32]
 310:Commponents/user_lib.c ****         OLS->t[2] += OLS->x[i] * OLS->y[i];
 1114              		.loc 1 310 9 is_stmt 1 discriminator 3 view .LVU351
 1115              		.loc 1 310 15 is_stmt 0 discriminator 3 view .LVU352
 1116 00be D0ED097A 		vldr.32	s15, [r0, #36]
ARM GAS  C:\Users\31005\AppData\Local\Temp\ccSUmIdf.s 			page 26


 1117              		.loc 1 310 28 discriminator 3 view .LVU353
 1118 00c2 91ED007A 		vldr.32	s14, [r1]
 1119              		.loc 1 310 37 discriminator 3 view .LVU354
 1120 00c6 C168     		ldr	r1, [r0, #12]
 1121              		.loc 1 310 40 discriminator 3 view .LVU355
 1122 00c8 01EB8201 		add	r1, r1, r2, lsl #2
 1123 00cc D1ED006A 		vldr.32	s13, [r1]
 1124              		.loc 1 310 32 discriminator 3 view .LVU356
 1125 00d0 27EE267A 		vmul.f32	s14, s14, s13
 1126              		.loc 1 310 19 discriminator 3 view .LVU357
 1127 00d4 77EE877A 		vadd.f32	s15, s15, s14
 1128 00d8 C0ED097A 		vstr.32	s15, [r0, #36]
 311:Commponents/user_lib.c ****         OLS->t[3] += OLS->y[i];
 1129              		.loc 1 311 9 is_stmt 1 discriminator 3 view .LVU358
 1130              		.loc 1 311 15 is_stmt 0 discriminator 3 view .LVU359
 1131 00dc D0ED0A7A 		vldr.32	s15, [r0, #40]
 1132              		.loc 1 311 28 discriminator 3 view .LVU360
 1133 00e0 91ED007A 		vldr.32	s14, [r1]
 1134              		.loc 1 311 19 discriminator 3 view .LVU361
 1135 00e4 77EE877A 		vadd.f32	s15, s15, s14
 1136 00e8 C0ED0A7A 		vstr.32	s15, [r0, #40]
 306:Commponents/user_lib.c ****     {
 1137              		.loc 1 306 64 is_stmt 1 discriminator 3 view .LVU362
 1138 00ec 0132     		adds	r2, r2, #1
 1139              	.LVL68:
 306:Commponents/user_lib.c ****     {
 1140              		.loc 1 306 64 is_stmt 0 discriminator 3 view .LVU363
 1141 00ee 92B2     		uxth	r2, r2
 1142              	.LVL69:
 1143              	.L83:
 306:Commponents/user_lib.c ****     {
 1144              		.loc 1 306 50 is_stmt 1 discriminator 1 view .LVU364
 1145 00f0 9445     		cmp	ip, r2
 1146 00f2 CFD8     		bhi	.L84
 1147              	.LBE8:
 312:Commponents/user_lib.c ****     }
 313:Commponents/user_lib.c **** 
 314:Commponents/user_lib.c ****     OLS->k = (OLS->t[2] * OLS->Order - OLS->t[1] * OLS->t[3]) / (OLS->t[0] * OLS->Order - OLS->t[1]
 1148              		.loc 1 314 5 view .LVU365
 1149              		.loc 1 314 21 is_stmt 0 view .LVU366
 1150 00f4 90ED097A 		vldr.32	s14, [r0, #36]
 1151              		.loc 1 314 25 view .LVU367
 1152 00f8 07EE90CA 		vmov	s15, ip	@ int
 1153 00fc B8EEE76A 		vcvt.f32.s32	s12, s15
 1154 0100 27EE067A 		vmul.f32	s14, s14, s12
 1155              		.loc 1 314 46 view .LVU368
 1156 0104 D0ED086A 		vldr.32	s13, [r0, #32]
 1157              		.loc 1 314 58 view .LVU369
 1158 0108 D0ED0A7A 		vldr.32	s15, [r0, #40]
 1159              		.loc 1 314 50 view .LVU370
 1160 010c 66EEA77A 		vmul.f32	s15, s13, s15
 1161              		.loc 1 314 38 view .LVU371
 1162 0110 37EE677A 		vsub.f32	s14, s14, s15
 1163              		.loc 1 314 72 view .LVU372
 1164 0114 D0ED077A 		vldr.32	s15, [r0, #28]
 1165              		.loc 1 314 76 view .LVU373
 1166 0118 66EE277A 		vmul.f32	s15, s12, s15
ARM GAS  C:\Users\31005\AppData\Local\Temp\ccSUmIdf.s 			page 27


 1167              		.loc 1 314 101 view .LVU374
 1168 011c 66EEA66A 		vmul.f32	s13, s13, s13
 1169              		.loc 1 314 89 view .LVU375
 1170 0120 77EEE67A 		vsub.f32	s15, s15, s13
 1171              		.loc 1 314 63 view .LVU376
 1172 0124 87EE270A 		vdiv.f32	s0, s14, s15
 1173              	.LVL70:
 1174              		.loc 1 314 12 view .LVU377
 1175 0128 80ED040A 		vstr.32	s0, [r0, #16]
 315:Commponents/user_lib.c **** 
 316:Commponents/user_lib.c ****     OLS->StandardDeviation = 0;
 1176              		.loc 1 316 5 is_stmt 1 view .LVU378
 1177              		.loc 1 316 28 is_stmt 0 view .LVU379
 1178 012c 0022     		movs	r2, #0
 1179              	.LVL71:
 1180              		.loc 1 316 28 view .LVU380
 1181 012e 8261     		str	r2, [r0, #24]	@ float
 317:Commponents/user_lib.c ****     for (uint16_t i = OLS->Order - OLS->Count; i < OLS->Order; ++i)
 1182              		.loc 1 317 5 is_stmt 1 view .LVU381
 1183              	.LBB9:
 1184              		.loc 1 317 10 view .LVU382
 1185              	.LVL72:
 1186              		.loc 1 317 5 is_stmt 0 view .LVU383
 1187 0130 1BE0     		b	.L85
 1188              	.L86:
 318:Commponents/user_lib.c ****     {
 319:Commponents/user_lib.c ****         OLS->StandardDeviation += fabsf(OLS->k * OLS->x[i] + OLS->b - OLS->y[i]);
 1189              		.loc 1 319 9 is_stmt 1 discriminator 3 view .LVU384
 1190              		.loc 1 319 12 is_stmt 0 discriminator 3 view .LVU385
 1191 0132 90ED067A 		vldr.32	s14, [r0, #24]
 1192              		.loc 1 319 53 discriminator 3 view .LVU386
 1193 0136 8268     		ldr	r2, [r0, #8]
 1194              		.loc 1 319 56 discriminator 3 view .LVU387
 1195 0138 02EB8302 		add	r2, r2, r3, lsl #2
 1196 013c D2ED007A 		vldr.32	s15, [r2]
 1197              		.loc 1 319 48 discriminator 3 view .LVU388
 1198 0140 60EE277A 		vmul.f32	s15, s0, s15
 1199              		.loc 1 319 65 discriminator 3 view .LVU389
 1200 0144 D0ED056A 		vldr.32	s13, [r0, #20]
 1201              		.loc 1 319 60 discriminator 3 view .LVU390
 1202 0148 77EEA67A 		vadd.f32	s15, s15, s13
 1203              		.loc 1 319 74 discriminator 3 view .LVU391
 1204 014c C268     		ldr	r2, [r0, #12]
 1205              		.loc 1 319 77 discriminator 3 view .LVU392
 1206 014e 02EB8302 		add	r2, r2, r3, lsl #2
 1207 0152 D2ED006A 		vldr.32	s13, [r2]
 1208              		.loc 1 319 69 discriminator 3 view .LVU393
 1209 0156 77EEE67A 		vsub.f32	s15, s15, s13
 1210              		.loc 1 319 35 discriminator 3 view .LVU394
 1211 015a F0EEE77A 		vabs.f32	s15, s15
 1212              		.loc 1 319 32 discriminator 3 view .LVU395
 1213 015e 77EE277A 		vadd.f32	s15, s14, s15
 1214 0162 C0ED067A 		vstr.32	s15, [r0, #24]
 317:Commponents/user_lib.c ****     for (uint16_t i = OLS->Order - OLS->Count; i < OLS->Order; ++i)
 1215              		.loc 1 317 64 is_stmt 1 discriminator 3 view .LVU396
 1216 0166 0133     		adds	r3, r3, #1
 1217              	.LVL73:
ARM GAS  C:\Users\31005\AppData\Local\Temp\ccSUmIdf.s 			page 28


 317:Commponents/user_lib.c ****     for (uint16_t i = OLS->Order - OLS->Count; i < OLS->Order; ++i)
 1218              		.loc 1 317 64 is_stmt 0 discriminator 3 view .LVU397
 1219 0168 9BB2     		uxth	r3, r3
 1220              	.LVL74:
 1221              	.L85:
 317:Commponents/user_lib.c ****     for (uint16_t i = OLS->Order - OLS->Count; i < OLS->Order; ++i)
 1222              		.loc 1 317 50 is_stmt 1 discriminator 1 view .LVU398
 1223 016a 9C45     		cmp	ip, r3
 1224 016c E1D8     		bhi	.L86
 317:Commponents/user_lib.c ****     for (uint16_t i = OLS->Order - OLS->Count; i < OLS->Order; ++i)
 1225              		.loc 1 317 50 is_stmt 0 discriminator 1 view .LVU399
 1226              	.LBE9:
 320:Commponents/user_lib.c ****     }
 321:Commponents/user_lib.c ****     OLS->StandardDeviation /= OLS->Order;
 1227              		.loc 1 321 5 is_stmt 1 view .LVU400
 1228              		.loc 1 321 8 is_stmt 0 view .LVU401
 1229 016e 90ED067A 		vldr.32	s14, [r0, #24]
 1230              		.loc 1 321 28 view .LVU402
 1231 0172 C7EE067A 		vdiv.f32	s15, s14, s12
 1232 0176 C0ED067A 		vstr.32	s15, [r0, #24]
 322:Commponents/user_lib.c **** 
 323:Commponents/user_lib.c ****     return OLS->k;
 1233              		.loc 1 323 5 is_stmt 1 view .LVU403
 324:Commponents/user_lib.c **** }
 1234              		.loc 1 324 1 is_stmt 0 view .LVU404
 1235 017a 7047     		bx	lr
 1236              	.L88:
 1237              		.align	2
 1238              	.L87:
 1239 017c 00000000 		.word	temp.1
 1240              		.cfi_endproc
 1241              	.LFE137:
 1243              		.section	.text.Get_OLS_Derivative,"ax",%progbits
 1244              		.align	1
 1245              		.global	Get_OLS_Derivative
 1246              		.syntax unified
 1247              		.thumb
 1248              		.thumb_func
 1250              	Get_OLS_Derivative:
 1251              	.LVL75:
 1252              	.LFB138:
 325:Commponents/user_lib.c **** 
 326:Commponents/user_lib.c **** /**
 327:Commponents/user_lib.c ****  * @brief          获取最小二乘法提取信号微分
 328:Commponents/user_lib.c ****  * @param[in]      最小二乘法结构体
 329:Commponents/user_lib.c ****  * @retval         返回斜率k
 330:Commponents/user_lib.c ****  */
 331:Commponents/user_lib.c **** float Get_OLS_Derivative(Ordinary_Least_Squares_t *OLS)
 332:Commponents/user_lib.c **** {
 1253              		.loc 1 332 1 is_stmt 1 view -0
 1254              		.cfi_startproc
 1255              		@ args = 0, pretend = 0, frame = 0
 1256              		@ frame_needed = 0, uses_anonymous_args = 0
 1257              		@ link register save eliminated.
 333:Commponents/user_lib.c ****     return OLS->k;
 1258              		.loc 1 333 5 view .LVU406
 334:Commponents/user_lib.c **** }
ARM GAS  C:\Users\31005\AppData\Local\Temp\ccSUmIdf.s 			page 29


 1259              		.loc 1 334 1 is_stmt 0 view .LVU407
 1260 0000 90ED040A 		vldr.32	s0, [r0, #16]
 1261 0004 7047     		bx	lr
 1262              		.cfi_endproc
 1263              	.LFE138:
 1265              		.section	.text.OLS_Smooth,"ax",%progbits
 1266              		.align	1
 1267              		.global	OLS_Smooth
 1268              		.syntax unified
 1269              		.thumb
 1270              		.thumb_func
 1272              	OLS_Smooth:
 1273              	.LVL76:
 1274              	.LFB139:
 335:Commponents/user_lib.c **** 
 336:Commponents/user_lib.c **** /**
 337:Commponents/user_lib.c ****  * @brief          最小二乘法平滑信号
 338:Commponents/user_lib.c ****  * @param[in]      最小二乘法结构体
 339:Commponents/user_lib.c ****  * @param[in]      信号新样本距上一个样本时间间隔
 340:Commponents/user_lib.c ****  * @param[in]      信号值
 341:Commponents/user_lib.c ****  * @retval         返回平滑输出
 342:Commponents/user_lib.c ****  */
 343:Commponents/user_lib.c **** float OLS_Smooth(Ordinary_Least_Squares_t *OLS, float deltax, float y)
 344:Commponents/user_lib.c **** {
 1275              		.loc 1 344 1 is_stmt 1 view -0
 1276              		.cfi_startproc
 1277              		@ args = 0, pretend = 0, frame = 0
 1278              		@ frame_needed = 0, uses_anonymous_args = 0
 1279              		@ link register save eliminated.
 345:Commponents/user_lib.c ****     static float temp = 0;
 1280              		.loc 1 345 5 view .LVU409
 346:Commponents/user_lib.c ****     temp = OLS->x[1];
 1281              		.loc 1 346 5 view .LVU410
 1282              		.loc 1 346 15 is_stmt 0 view .LVU411
 1283 0000 8368     		ldr	r3, [r0, #8]
 1284              		.loc 1 346 10 view .LVU412
 1285 0002 93ED017A 		vldr.32	s14, [r3, #4]
 1286 0006 684B     		ldr	r3, .L98
 1287 0008 83ED007A 		vstr.32	s14, [r3]
 347:Commponents/user_lib.c ****     for (uint16_t i = 0; i < OLS->Order - 1; ++i)
 1288              		.loc 1 347 5 is_stmt 1 view .LVU413
 1289              	.LBB10:
 1290              		.loc 1 347 10 view .LVU414
 1291              	.LVL77:
 1292              		.loc 1 347 19 is_stmt 0 view .LVU415
 1293 000c 0023     		movs	r3, #0
 1294              		.loc 1 347 5 view .LVU416
 1295 000e 13E0     		b	.L91
 1296              	.LVL78:
 1297              	.L92:
 348:Commponents/user_lib.c ****     {
 349:Commponents/user_lib.c ****         OLS->x[i] = OLS->x[i + 1] - temp;
 1298              		.loc 1 349 9 is_stmt 1 discriminator 3 view .LVU417
 1299              		.loc 1 349 24 is_stmt 0 discriminator 3 view .LVU418
 1300 0010 8268     		ldr	r2, [r0, #8]
 1301              		.loc 1 349 27 discriminator 3 view .LVU419
 1302 0012 591C     		adds	r1, r3, #1
ARM GAS  C:\Users\31005\AppData\Local\Temp\ccSUmIdf.s 			page 30


 1303 0014 02EB810C 		add	ip, r2, r1, lsl #2
 1304 0018 DCED007A 		vldr.32	s15, [ip]
 1305              		.loc 1 349 15 discriminator 3 view .LVU420
 1306 001c 02EB8302 		add	r2, r2, r3, lsl #2
 1307              		.loc 1 349 35 discriminator 3 view .LVU421
 1308 0020 77EEC77A 		vsub.f32	s15, s15, s14
 1309              		.loc 1 349 19 discriminator 3 view .LVU422
 1310 0024 C2ED007A 		vstr.32	s15, [r2]
 350:Commponents/user_lib.c ****         OLS->y[i] = OLS->y[i + 1];
 1311              		.loc 1 350 9 is_stmt 1 discriminator 3 view .LVU423
 1312              		.loc 1 350 24 is_stmt 0 discriminator 3 view .LVU424
 1313 0028 C268     		ldr	r2, [r0, #12]
 1314              		.loc 1 350 15 discriminator 3 view .LVU425
 1315 002a 02EB8303 		add	r3, r2, r3, lsl #2
 1316              	.LVL79:
 1317              		.loc 1 350 27 discriminator 3 view .LVU426
 1318 002e 02EB8102 		add	r2, r2, r1, lsl #2
 1319 0032 1268     		ldr	r2, [r2]	@ float
 1320              		.loc 1 350 19 discriminator 3 view .LVU427
 1321 0034 1A60     		str	r2, [r3]	@ float
 347:Commponents/user_lib.c ****     for (uint16_t i = 0; i < OLS->Order - 1; ++i)
 1322              		.loc 1 347 46 is_stmt 1 discriminator 3 view .LVU428
 1323 0036 8BB2     		uxth	r3, r1
 1324              	.LVL80:
 1325              	.L91:
 347:Commponents/user_lib.c ****     for (uint16_t i = 0; i < OLS->Order - 1; ++i)
 1326              		.loc 1 347 28 discriminator 1 view .LVU429
 347:Commponents/user_lib.c ****     for (uint16_t i = 0; i < OLS->Order - 1; ++i)
 1327              		.loc 1 347 33 is_stmt 0 discriminator 1 view .LVU430
 1328 0038 0288     		ldrh	r2, [r0]
 347:Commponents/user_lib.c ****     for (uint16_t i = 0; i < OLS->Order - 1; ++i)
 1329              		.loc 1 347 41 discriminator 1 view .LVU431
 1330 003a 511E     		subs	r1, r2, #1
 347:Commponents/user_lib.c ****     for (uint16_t i = 0; i < OLS->Order - 1; ++i)
 1331              		.loc 1 347 28 discriminator 1 view .LVU432
 1332 003c 8B42     		cmp	r3, r1
 1333 003e E7DB     		blt	.L92
 1334              	.LBE10:
 351:Commponents/user_lib.c ****     }
 352:Commponents/user_lib.c ****     OLS->x[OLS->Order - 1] = OLS->x[OLS->Order - 2] + deltax;
 1335              		.loc 1 352 5 is_stmt 1 view .LVU433
 1336              		.loc 1 352 33 is_stmt 0 view .LVU434
 1337 0040 8168     		ldr	r1, [r0, #8]
 1338              		.loc 1 352 36 view .LVU435
 1339 0042 02F18043 		add	r3, r2, #1073741824
 1340              	.LVL81:
 1341              		.loc 1 352 36 view .LVU436
 1342 0046 023B     		subs	r3, r3, #2
 1343 0048 01EB8303 		add	r3, r1, r3, lsl #2
 1344 004c D3ED007A 		vldr.32	s15, [r3]
 1345              		.loc 1 352 11 view .LVU437
 1346 0050 6FF0404C 		mvn	ip, #-1073741824
 1347 0054 6244     		add	r2, r2, ip
 1348 0056 01EB8201 		add	r1, r1, r2, lsl #2
 1349              		.loc 1 352 53 view .LVU438
 1350 005a 77EE807A 		vadd.f32	s15, s15, s0
 1351              		.loc 1 352 28 view .LVU439
ARM GAS  C:\Users\31005\AppData\Local\Temp\ccSUmIdf.s 			page 31


 1352 005e C1ED007A 		vstr.32	s15, [r1]
 353:Commponents/user_lib.c ****     OLS->y[OLS->Order - 1] = y;
 1353              		.loc 1 353 5 is_stmt 1 view .LVU440
 1354              		.loc 1 353 8 is_stmt 0 view .LVU441
 1355 0062 C368     		ldr	r3, [r0, #12]
 1356              		.loc 1 353 15 view .LVU442
 1357 0064 0288     		ldrh	r2, [r0]
 1358              		.loc 1 353 11 view .LVU443
 1359 0066 6244     		add	r2, r2, ip
 1360 0068 03EB8203 		add	r3, r3, r2, lsl #2
 1361              		.loc 1 353 28 view .LVU444
 1362 006c C3ED000A 		vstr.32	s1, [r3]
 354:Commponents/user_lib.c **** 
 355:Commponents/user_lib.c ****     if (OLS->Count < OLS->Order)
 1363              		.loc 1 355 5 is_stmt 1 view .LVU445
 1364              		.loc 1 355 12 is_stmt 0 view .LVU446
 1365 0070 4368     		ldr	r3, [r0, #4]
 1366              		.loc 1 355 25 view .LVU447
 1367 0072 B0F800C0 		ldrh	ip, [r0]
 1368              		.loc 1 355 8 view .LVU448
 1369 0076 6345     		cmp	r3, ip
 1370 0078 01D2     		bcs	.L93
 356:Commponents/user_lib.c ****     {
 357:Commponents/user_lib.c ****         OLS->Count++;
 1371              		.loc 1 357 9 is_stmt 1 view .LVU449
 1372              		.loc 1 357 19 is_stmt 0 view .LVU450
 1373 007a 0133     		adds	r3, r3, #1
 1374 007c 4360     		str	r3, [r0, #4]
 1375              	.L93:
 358:Commponents/user_lib.c ****     }
 359:Commponents/user_lib.c **** 
 360:Commponents/user_lib.c ****     memset((void *)OLS->t, 0, sizeof(float) * 4);
 1376              		.loc 1 360 5 is_stmt 1 view .LVU451
 1377 007e 0023     		movs	r3, #0
 1378 0080 C361     		str	r3, [r0, #28]	@ unaligned
 1379 0082 0362     		str	r3, [r0, #32]	@ unaligned
 1380 0084 4362     		str	r3, [r0, #36]	@ unaligned
 1381 0086 8362     		str	r3, [r0, #40]	@ unaligned
 361:Commponents/user_lib.c ****     for (uint16_t i = OLS->Order - OLS->Count; i < OLS->Order; ++i)
 1382              		.loc 1 361 5 view .LVU452
 1383              	.LBB11:
 1384              		.loc 1 361 10 view .LVU453
 1385              		.loc 1 361 34 is_stmt 0 view .LVU454
 1386 0088 8388     		ldrh	r3, [r0, #4]
 1387              		.loc 1 361 19 view .LVU455
 1388 008a ACEB0303 		sub	r3, ip, r3
 1389 008e 9BB2     		uxth	r3, r3
 1390              	.LVL82:
 1391              		.loc 1 361 19 view .LVU456
 1392 0090 1A46     		mov	r2, r3
 1393              		.loc 1 361 5 view .LVU457
 1394 0092 2DE0     		b	.L94
 1395              	.LVL83:
 1396              	.L95:
 362:Commponents/user_lib.c ****     {
 363:Commponents/user_lib.c ****         OLS->t[0] += OLS->x[i] * OLS->x[i];
 1397              		.loc 1 363 9 is_stmt 1 discriminator 3 view .LVU458
ARM GAS  C:\Users\31005\AppData\Local\Temp\ccSUmIdf.s 			page 32


 1398              		.loc 1 363 15 is_stmt 0 discriminator 3 view .LVU459
 1399 0094 90ED077A 		vldr.32	s14, [r0, #28]
 1400              		.loc 1 363 25 discriminator 3 view .LVU460
 1401 0098 8168     		ldr	r1, [r0, #8]
 1402              		.loc 1 363 28 discriminator 3 view .LVU461
 1403 009a 01EB8201 		add	r1, r1, r2, lsl #2
 1404 009e D1ED007A 		vldr.32	s15, [r1]
 1405              		.loc 1 363 32 discriminator 3 view .LVU462
 1406 00a2 67EEA77A 		vmul.f32	s15, s15, s15
 1407              		.loc 1 363 19 discriminator 3 view .LVU463
 1408 00a6 77EE277A 		vadd.f32	s15, s14, s15
 1409 00aa C0ED077A 		vstr.32	s15, [r0, #28]
 364:Commponents/user_lib.c ****         OLS->t[1] += OLS->x[i];
 1410              		.loc 1 364 9 is_stmt 1 discriminator 3 view .LVU464
 1411              		.loc 1 364 15 is_stmt 0 discriminator 3 view .LVU465
 1412 00ae D0ED087A 		vldr.32	s15, [r0, #32]
 1413              		.loc 1 364 28 discriminator 3 view .LVU466
 1414 00b2 91ED007A 		vldr.32	s14, [r1]
 1415              		.loc 1 364 19 discriminator 3 view .LVU467
 1416 00b6 77EE877A 		vadd.f32	s15, s15, s14
 1417 00ba C0ED087A 		vstr.32	s15, [r0, #32]
 365:Commponents/user_lib.c ****         OLS->t[2] += OLS->x[i] * OLS->y[i];
 1418              		.loc 1 365 9 is_stmt 1 discriminator 3 view .LVU468
 1419              		.loc 1 365 15 is_stmt 0 discriminator 3 view .LVU469
 1420 00be D0ED097A 		vldr.32	s15, [r0, #36]
 1421              		.loc 1 365 28 discriminator 3 view .LVU470
 1422 00c2 91ED007A 		vldr.32	s14, [r1]
 1423              		.loc 1 365 37 discriminator 3 view .LVU471
 1424 00c6 C168     		ldr	r1, [r0, #12]
 1425              		.loc 1 365 40 discriminator 3 view .LVU472
 1426 00c8 01EB8201 		add	r1, r1, r2, lsl #2
 1427 00cc D1ED006A 		vldr.32	s13, [r1]
 1428              		.loc 1 365 32 discriminator 3 view .LVU473
 1429 00d0 27EE267A 		vmul.f32	s14, s14, s13
 1430              		.loc 1 365 19 discriminator 3 view .LVU474
 1431 00d4 77EE877A 		vadd.f32	s15, s15, s14
 1432 00d8 C0ED097A 		vstr.32	s15, [r0, #36]
 366:Commponents/user_lib.c ****         OLS->t[3] += OLS->y[i];
 1433              		.loc 1 366 9 is_stmt 1 discriminator 3 view .LVU475
 1434              		.loc 1 366 15 is_stmt 0 discriminator 3 view .LVU476
 1435 00dc D0ED0A7A 		vldr.32	s15, [r0, #40]
 1436              		.loc 1 366 28 discriminator 3 view .LVU477
 1437 00e0 91ED007A 		vldr.32	s14, [r1]
 1438              		.loc 1 366 19 discriminator 3 view .LVU478
 1439 00e4 77EE877A 		vadd.f32	s15, s15, s14
 1440 00e8 C0ED0A7A 		vstr.32	s15, [r0, #40]
 361:Commponents/user_lib.c ****     {
 1441              		.loc 1 361 64 is_stmt 1 discriminator 3 view .LVU479
 1442 00ec 0132     		adds	r2, r2, #1
 1443              	.LVL84:
 361:Commponents/user_lib.c ****     {
 1444              		.loc 1 361 64 is_stmt 0 discriminator 3 view .LVU480
 1445 00ee 92B2     		uxth	r2, r2
 1446              	.LVL85:
 1447              	.L94:
 361:Commponents/user_lib.c ****     {
 1448              		.loc 1 361 50 is_stmt 1 discriminator 1 view .LVU481
ARM GAS  C:\Users\31005\AppData\Local\Temp\ccSUmIdf.s 			page 33


 1449 00f0 9445     		cmp	ip, r2
 1450 00f2 CFD8     		bhi	.L95
 1451              	.LBE11:
 367:Commponents/user_lib.c ****     }
 368:Commponents/user_lib.c **** 
 369:Commponents/user_lib.c ****     OLS->k = (OLS->t[2] * OLS->Order - OLS->t[1] * OLS->t[3]) / (OLS->t[0] * OLS->Order - OLS->t[1]
 1452              		.loc 1 369 5 view .LVU482
 1453              		.loc 1 369 21 is_stmt 0 view .LVU483
 1454 00f4 D0ED096A 		vldr.32	s13, [r0, #36]
 1455              		.loc 1 369 25 view .LVU484
 1456 00f8 07EE90CA 		vmov	s15, ip	@ int
 1457 00fc B8EEE75A 		vcvt.f32.s32	s10, s15
 1458 0100 66EE854A 		vmul.f32	s9, s13, s10
 1459              		.loc 1 369 46 view .LVU485
 1460 0104 D0ED085A 		vldr.32	s11, [r0, #32]
 1461              		.loc 1 369 58 view .LVU486
 1462 0108 D0ED0A7A 		vldr.32	s15, [r0, #40]
 1463              		.loc 1 369 50 view .LVU487
 1464 010c 25EEA77A 		vmul.f32	s14, s11, s15
 1465              		.loc 1 369 38 view .LVU488
 1466 0110 74EEC74A 		vsub.f32	s9, s9, s14
 1467              		.loc 1 369 72 view .LVU489
 1468 0114 90ED074A 		vldr.32	s8, [r0, #28]
 1469              		.loc 1 369 76 view .LVU490
 1470 0118 25EE047A 		vmul.f32	s14, s10, s8
 1471              		.loc 1 369 101 view .LVU491
 1472 011c 25EEA56A 		vmul.f32	s12, s11, s11
 1473              		.loc 1 369 89 view .LVU492
 1474 0120 37EE467A 		vsub.f32	s14, s14, s12
 1475              		.loc 1 369 63 view .LVU493
 1476 0124 84EE876A 		vdiv.f32	s12, s9, s14
 1477              		.loc 1 369 12 view .LVU494
 1478 0128 80ED046A 		vstr.32	s12, [r0, #16]
 370:Commponents/user_lib.c ****     OLS->b = (OLS->t[0] * OLS->t[3] - OLS->t[1] * OLS->t[2]) / (OLS->t[0] * OLS->Order - OLS->t[1] 
 1479              		.loc 1 370 5 is_stmt 1 view .LVU495
 1480              		.loc 1 370 25 is_stmt 0 view .LVU496
 1481 012c 67EE847A 		vmul.f32	s15, s15, s8
 1482              		.loc 1 370 49 view .LVU497
 1483 0130 66EEA56A 		vmul.f32	s13, s13, s11
 1484              		.loc 1 370 37 view .LVU498
 1485 0134 77EEE67A 		vsub.f32	s15, s15, s13
 1486              		.loc 1 370 62 view .LVU499
 1487 0138 87EE870A 		vdiv.f32	s0, s15, s14
 1488              	.LVL86:
 1489              		.loc 1 370 12 view .LVU500
 1490 013c 80ED050A 		vstr.32	s0, [r0, #20]
 371:Commponents/user_lib.c **** 
 372:Commponents/user_lib.c ****     OLS->StandardDeviation = 0;
 1491              		.loc 1 372 5 is_stmt 1 view .LVU501
 1492              		.loc 1 372 28 is_stmt 0 view .LVU502
 1493 0140 0022     		movs	r2, #0
 1494              	.LVL87:
 1495              		.loc 1 372 28 view .LVU503
 1496 0142 8261     		str	r2, [r0, #24]	@ float
 373:Commponents/user_lib.c ****     for (uint16_t i = OLS->Order - OLS->Count; i < OLS->Order; ++i)
 1497              		.loc 1 373 5 is_stmt 1 view .LVU504
 1498              	.LBB12:
ARM GAS  C:\Users\31005\AppData\Local\Temp\ccSUmIdf.s 			page 34


 1499              		.loc 1 373 10 view .LVU505
 1500              	.LVL88:
 1501              		.loc 1 373 5 is_stmt 0 view .LVU506
 1502 0144 19E0     		b	.L96
 1503              	.L97:
 374:Commponents/user_lib.c ****     {
 375:Commponents/user_lib.c ****         OLS->StandardDeviation += fabsf(OLS->k * OLS->x[i] + OLS->b - OLS->y[i]);
 1504              		.loc 1 375 9 is_stmt 1 discriminator 3 view .LVU507
 1505              		.loc 1 375 12 is_stmt 0 discriminator 3 view .LVU508
 1506 0146 90ED067A 		vldr.32	s14, [r0, #24]
 1507              		.loc 1 375 53 discriminator 3 view .LVU509
 1508 014a 8268     		ldr	r2, [r0, #8]
 1509              		.loc 1 375 56 discriminator 3 view .LVU510
 1510 014c 02EB8302 		add	r2, r2, r3, lsl #2
 1511 0150 D2ED007A 		vldr.32	s15, [r2]
 1512              		.loc 1 375 48 discriminator 3 view .LVU511
 1513 0154 66EE277A 		vmul.f32	s15, s12, s15
 1514              		.loc 1 375 60 discriminator 3 view .LVU512
 1515 0158 70EE277A 		vadd.f32	s15, s0, s15
 1516              		.loc 1 375 74 discriminator 3 view .LVU513
 1517 015c C268     		ldr	r2, [r0, #12]
 1518              		.loc 1 375 77 discriminator 3 view .LVU514
 1519 015e 02EB8302 		add	r2, r2, r3, lsl #2
 1520 0162 D2ED006A 		vldr.32	s13, [r2]
 1521              		.loc 1 375 69 discriminator 3 view .LVU515
 1522 0166 77EEE67A 		vsub.f32	s15, s15, s13
 1523              		.loc 1 375 35 discriminator 3 view .LVU516
 1524 016a F0EEE77A 		vabs.f32	s15, s15
 1525              		.loc 1 375 32 discriminator 3 view .LVU517
 1526 016e 77EE277A 		vadd.f32	s15, s14, s15
 1527 0172 C0ED067A 		vstr.32	s15, [r0, #24]
 373:Commponents/user_lib.c ****     for (uint16_t i = OLS->Order - OLS->Count; i < OLS->Order; ++i)
 1528              		.loc 1 373 64 is_stmt 1 discriminator 3 view .LVU518
 1529 0176 0133     		adds	r3, r3, #1
 1530              	.LVL89:
 373:Commponents/user_lib.c ****     for (uint16_t i = OLS->Order - OLS->Count; i < OLS->Order; ++i)
 1531              		.loc 1 373 64 is_stmt 0 discriminator 3 view .LVU519
 1532 0178 9BB2     		uxth	r3, r3
 1533              	.LVL90:
 1534              	.L96:
 373:Commponents/user_lib.c ****     for (uint16_t i = OLS->Order - OLS->Count; i < OLS->Order; ++i)
 1535              		.loc 1 373 50 is_stmt 1 discriminator 1 view .LVU520
 1536 017a 9C45     		cmp	ip, r3
 1537 017c E3D8     		bhi	.L97
 373:Commponents/user_lib.c ****     for (uint16_t i = OLS->Order - OLS->Count; i < OLS->Order; ++i)
 1538              		.loc 1 373 50 is_stmt 0 discriminator 1 view .LVU521
 1539              	.LBE12:
 376:Commponents/user_lib.c ****     }
 377:Commponents/user_lib.c ****     OLS->StandardDeviation /= OLS->Order;
 1540              		.loc 1 377 5 is_stmt 1 view .LVU522
 1541              		.loc 1 377 8 is_stmt 0 view .LVU523
 1542 017e 90ED067A 		vldr.32	s14, [r0, #24]
 1543              		.loc 1 377 28 view .LVU524
 1544 0182 C7EE057A 		vdiv.f32	s15, s14, s10
 1545 0186 C0ED067A 		vstr.32	s15, [r0, #24]
 378:Commponents/user_lib.c **** 
 379:Commponents/user_lib.c ****     return OLS->k * OLS->x[OLS->Order - 1] + OLS->b;
ARM GAS  C:\Users\31005\AppData\Local\Temp\ccSUmIdf.s 			page 35


 1546              		.loc 1 379 5 is_stmt 1 view .LVU525
 1547              		.loc 1 379 24 is_stmt 0 view .LVU526
 1548 018a 8368     		ldr	r3, [r0, #8]
 1549              	.LVL91:
 1550              		.loc 1 379 27 view .LVU527
 1551 018c 0CF1804C 		add	ip, ip, #1073741824
 1552 0190 0CF1FF3C 		add	ip, ip, #-1
 1553 0194 03EB8C03 		add	r3, r3, ip, lsl #2
 1554 0198 D3ED007A 		vldr.32	s15, [r3]
 1555              		.loc 1 379 19 view .LVU528
 1556 019c 26EE276A 		vmul.f32	s12, s12, s15
 380:Commponents/user_lib.c **** }
 1557              		.loc 1 380 1 view .LVU529
 1558 01a0 30EE060A 		vadd.f32	s0, s0, s12
 1559 01a4 7047     		bx	lr
 1560              	.L99:
 1561 01a6 00BF     		.align	2
 1562              	.L98:
 1563 01a8 00000000 		.word	temp.0
 1564              		.cfi_endproc
 1565              	.LFE139:
 1567              		.section	.text.Get_OLS_Smooth,"ax",%progbits
 1568              		.align	1
 1569              		.global	Get_OLS_Smooth
 1570              		.syntax unified
 1571              		.thumb
 1572              		.thumb_func
 1574              	Get_OLS_Smooth:
 1575              	.LVL92:
 1576              	.LFB140:
 381:Commponents/user_lib.c **** 
 382:Commponents/user_lib.c **** /**
 383:Commponents/user_lib.c ****  * @brief          获取最小二乘法平滑信号
 384:Commponents/user_lib.c ****  * @param[in]      最小二乘法结构体
 385:Commponents/user_lib.c ****  * @retval         返回平滑输出
 386:Commponents/user_lib.c ****  */
 387:Commponents/user_lib.c **** float Get_OLS_Smooth(Ordinary_Least_Squares_t *OLS)
 388:Commponents/user_lib.c **** {
 1577              		.loc 1 388 1 is_stmt 1 view -0
 1578              		.cfi_startproc
 1579              		@ args = 0, pretend = 0, frame = 0
 1580              		@ frame_needed = 0, uses_anonymous_args = 0
 1581              		@ link register save eliminated.
 389:Commponents/user_lib.c ****     return OLS->k * OLS->x[OLS->Order - 1] + OLS->b;
 1582              		.loc 1 389 5 view .LVU531
 1583              		.loc 1 389 15 is_stmt 0 view .LVU532
 1584 0000 D0ED047A 		vldr.32	s15, [r0, #16]
 1585              		.loc 1 389 24 view .LVU533
 1586 0004 8268     		ldr	r2, [r0, #8]
 1587              		.loc 1 389 31 view .LVU534
 1588 0006 0388     		ldrh	r3, [r0]
 1589              		.loc 1 389 27 view .LVU535
 1590 0008 03F18043 		add	r3, r3, #1073741824
 1591 000c 013B     		subs	r3, r3, #1
 1592 000e 02EB8302 		add	r2, r2, r3, lsl #2
 1593 0012 92ED007A 		vldr.32	s14, [r2]
 1594              		.loc 1 389 19 view .LVU536
ARM GAS  C:\Users\31005\AppData\Local\Temp\ccSUmIdf.s 			page 36


 1595 0016 67EE877A 		vmul.f32	s15, s15, s14
 1596              		.loc 1 389 49 view .LVU537
 1597 001a 90ED050A 		vldr.32	s0, [r0, #20]
 390:Commponents/user_lib.c **** }
 1598              		.loc 1 390 1 view .LVU538
 1599 001e 37EE800A 		vadd.f32	s0, s15, s0
 1600 0022 7047     		bx	lr
 1601              		.cfi_endproc
 1602              	.LFE140:
 1604              		.section	.bss.temp.0,"aw",%nobits
 1605              		.align	2
 1608              	temp.0:
 1609 0000 00000000 		.space	4
 1610              		.section	.bss.temp.1,"aw",%nobits
 1611              		.align	2
 1614              	temp.1:
 1615 0000 00000000 		.space	4
 1616              		.section	.bss.temp.2,"aw",%nobits
 1617              		.align	2
 1620              	temp.2:
 1621 0000 00000000 		.space	4
 1622              		.section	.bss.decimal.3,"aw",%nobits
 1623              		.align	2
 1626              	decimal.3:
 1627 0000 00000000 		.space	4
 1628              		.section	.bss.integer.4,"aw",%nobits
 1629              		.align	2
 1632              	integer.4:
 1633 0000 00000000 		.space	4
 1634              		.text
 1635              	.Letext0:
 1636              		.file 2 "e:\\vscode\\msys2\\mingw64\\lib\\gcc\\arm-none-eabi\\12.2.0\\include\\stddef.h"
 1637              		.file 3 "e:\\vscode\\msys2\\mingw64\\arm-none-eabi\\include\\machine\\_default_types.h"
 1638              		.file 4 "e:\\vscode\\msys2\\mingw64\\arm-none-eabi\\include\\sys\\_stdint.h"
 1639              		.file 5 "Commponents/user_lib.h"
 1640              		.file 6 "e:\\vscode\\msys2\\mingw64\\arm-none-eabi\\include\\string.h"
 1641              		.file 7 "e:\\vscode\\msys2\\mingw64\\arm-none-eabi\\include\\stdlib.h"
 1642              		.file 8 "<built-in>"
ARM GAS  C:\Users\31005\AppData\Local\Temp\ccSUmIdf.s 			page 37


DEFINED SYMBOLS
                            *ABS*:00000000 user_lib.c
C:\Users\31005\AppData\Local\Temp\ccSUmIdf.s:21     .text.Sqrt:00000000 $t
C:\Users\31005\AppData\Local\Temp\ccSUmIdf.s:27     .text.Sqrt:00000000 Sqrt
C:\Users\31005\AppData\Local\Temp\ccSUmIdf.s:92     .text.Sqrt:00000054 $d
C:\Users\31005\AppData\Local\Temp\ccSUmIdf.s:98     .text.ramp_init:00000000 $t
C:\Users\31005\AppData\Local\Temp\ccSUmIdf.s:104    .text.ramp_init:00000000 ramp_init
C:\Users\31005\AppData\Local\Temp\ccSUmIdf.s:134    .text.ramp_calc:00000000 $t
C:\Users\31005\AppData\Local\Temp\ccSUmIdf.s:140    .text.ramp_calc:00000000 ramp_calc
C:\Users\31005\AppData\Local\Temp\ccSUmIdf.s:194    .text.abs_limit:00000000 $t
C:\Users\31005\AppData\Local\Temp\ccSUmIdf.s:200    .text.abs_limit:00000000 abs_limit
C:\Users\31005\AppData\Local\Temp\ccSUmIdf.s:234    .text.sign:00000000 $t
C:\Users\31005\AppData\Local\Temp\ccSUmIdf.s:240    .text.sign:00000000 sign
C:\Users\31005\AppData\Local\Temp\ccSUmIdf.s:269    .text.float_deadband:00000000 $t
C:\Users\31005\AppData\Local\Temp\ccSUmIdf.s:275    .text.float_deadband:00000000 float_deadband
C:\Users\31005\AppData\Local\Temp\ccSUmIdf.s:302    .text.float_deadband:0000001c $d
C:\Users\31005\AppData\Local\Temp\ccSUmIdf.s:307    .text.int16_deadline:00000000 $t
C:\Users\31005\AppData\Local\Temp\ccSUmIdf.s:313    .text.int16_deadline:00000000 int16_deadline
C:\Users\31005\AppData\Local\Temp\ccSUmIdf.s:339    .text.float_constrain:00000000 $t
C:\Users\31005\AppData\Local\Temp\ccSUmIdf.s:345    .text.float_constrain:00000000 float_constrain
C:\Users\31005\AppData\Local\Temp\ccSUmIdf.s:380    .text.int16_constrain:00000000 $t
C:\Users\31005\AppData\Local\Temp\ccSUmIdf.s:386    .text.int16_constrain:00000000 int16_constrain
C:\Users\31005\AppData\Local\Temp\ccSUmIdf.s:419    .text.loop_float_constrain:00000000 $t
C:\Users\31005\AppData\Local\Temp\ccSUmIdf.s:425    .text.loop_float_constrain:00000000 loop_float_constrain
C:\Users\31005\AppData\Local\Temp\ccSUmIdf.s:499    .text.theta_format:00000000 $t
C:\Users\31005\AppData\Local\Temp\ccSUmIdf.s:505    .text.theta_format:00000000 theta_format
C:\Users\31005\AppData\Local\Temp\ccSUmIdf.s:529    .text.theta_format:00000010 $d
C:\Users\31005\AppData\Local\Temp\ccSUmIdf.s:535    .text.float_rounding:00000000 $t
C:\Users\31005\AppData\Local\Temp\ccSUmIdf.s:541    .text.float_rounding:00000000 float_rounding
C:\Users\31005\AppData\Local\Temp\ccSUmIdf.s:586    .text.float_rounding:00000038 $d
C:\Users\31005\AppData\Local\Temp\ccSUmIdf.s:1632   .bss.integer.4:00000000 integer.4
C:\Users\31005\AppData\Local\Temp\ccSUmIdf.s:1626   .bss.decimal.3:00000000 decimal.3
C:\Users\31005\AppData\Local\Temp\ccSUmIdf.s:592    .text.OLS_Init:00000000 $t
C:\Users\31005\AppData\Local\Temp\ccSUmIdf.s:598    .text.OLS_Init:00000000 OLS_Init
C:\Users\31005\AppData\Local\Temp\ccSUmIdf.s:673    .text.OLS_Update:00000000 $t
C:\Users\31005\AppData\Local\Temp\ccSUmIdf.s:679    .text.OLS_Update:00000000 OLS_Update
C:\Users\31005\AppData\Local\Temp\ccSUmIdf.s:957    .text.OLS_Update:0000018c $d
C:\Users\31005\AppData\Local\Temp\ccSUmIdf.s:1620   .bss.temp.2:00000000 temp.2
C:\Users\31005\AppData\Local\Temp\ccSUmIdf.s:962    .text.OLS_Derivative:00000000 $t
C:\Users\31005\AppData\Local\Temp\ccSUmIdf.s:968    .text.OLS_Derivative:00000000 OLS_Derivative
C:\Users\31005\AppData\Local\Temp\ccSUmIdf.s:1239   .text.OLS_Derivative:0000017c $d
C:\Users\31005\AppData\Local\Temp\ccSUmIdf.s:1614   .bss.temp.1:00000000 temp.1
C:\Users\31005\AppData\Local\Temp\ccSUmIdf.s:1244   .text.Get_OLS_Derivative:00000000 $t
C:\Users\31005\AppData\Local\Temp\ccSUmIdf.s:1250   .text.Get_OLS_Derivative:00000000 Get_OLS_Derivative
C:\Users\31005\AppData\Local\Temp\ccSUmIdf.s:1266   .text.OLS_Smooth:00000000 $t
C:\Users\31005\AppData\Local\Temp\ccSUmIdf.s:1272   .text.OLS_Smooth:00000000 OLS_Smooth
C:\Users\31005\AppData\Local\Temp\ccSUmIdf.s:1563   .text.OLS_Smooth:000001a8 $d
C:\Users\31005\AppData\Local\Temp\ccSUmIdf.s:1608   .bss.temp.0:00000000 temp.0
C:\Users\31005\AppData\Local\Temp\ccSUmIdf.s:1568   .text.Get_OLS_Smooth:00000000 $t
C:\Users\31005\AppData\Local\Temp\ccSUmIdf.s:1574   .text.Get_OLS_Smooth:00000000 Get_OLS_Smooth
C:\Users\31005\AppData\Local\Temp\ccSUmIdf.s:1605   .bss.temp.0:00000000 $d
C:\Users\31005\AppData\Local\Temp\ccSUmIdf.s:1611   .bss.temp.1:00000000 $d
C:\Users\31005\AppData\Local\Temp\ccSUmIdf.s:1617   .bss.temp.2:00000000 $d
C:\Users\31005\AppData\Local\Temp\ccSUmIdf.s:1623   .bss.decimal.3:00000000 $d
C:\Users\31005\AppData\Local\Temp\ccSUmIdf.s:1629   .bss.integer.4:00000000 $d

UNDEFINED SYMBOLS
ARM GAS  C:\Users\31005\AppData\Local\Temp\ccSUmIdf.s 			page 38


malloc
memset
